epoch,learning_rate,train_loss,train_price_mse_std,train_delta_mse_std,train_delta_mse_weighted,val_price_mse_std,val_price_rmse,val_price_mae,val_delta_rmse,val_delta_mae,val_diff_mse_weighted,val_balanced_score
1,0.001961598184938367,1.0054916143417358,1.0106898546218872,0.0020728097297251225,0.9846985340118408,1.1124757826328278,0.03566336297616225,0.027268563397228718,0.02055569841820456,0.017860659398138523,1.1019147634506226,1.1071952730417252
2,0.0019615965877223217,0.9974077939987183,0.982571005821228,0.0022244895808398724,1.0567548274993896,1.0707664787769318,0.034988425363366514,0.026627013459801674,0.01787807393097893,0.013493440812453628,0.8335372507572174,0.9521518647670746
3,0.0019615939256975258,0.9092540740966797,0.9420826435089111,0.0016375783598050475,0.7779397368431091,1.0227996110916138,0.03419576207302383,0.02591900574043393,0.01824655257669038,0.010098617756739259,0.8682507574558258,0.9455251842737198
4,0.0019615901988668982,0.8775970935821533,0.8964775204658508,0.0016883843345567584,0.8020753264427185,0.9650057107210159,0.033215588358710524,0.025073986500501633,0.018534694271189076,0.010086397407576442,0.8958893716335297,0.9304475411772728
5,0.0019615854072345265,0.8429951071739197,0.8446171283721924,0.0017608634661883116,0.8365069627761841,0.8997129052877426,0.032072216933097135,0.024109526071697474,0.016798981069129262,0.010035262210294604,0.7359518557786942,0.8178323805332184
6,0.0019615795508056647,0.7697263956069946,0.7884575128555298,0.0014625713229179382,0.6948016881942749,0.8196115791797638,0.03061124874177837,0.02287022164091468,0.01703415743079741,0.013686889316886663,0.7567019164562225,0.7881567478179932
7,0.0019615726295867356,0.7248121500015259,0.7211800813674927,0.0015563257038593292,0.7393403053283691,0.7295508831739426,0.02888050565009931,0.02143958816304803,0.01765546366997233,0.014748830115422606,0.8129087388515472,0.7712298110127449
8,0.001961564643585329,0.6776615977287292,0.6456068754196167,0.0016963939415290952,0.8058803081512451,0.6420132964849472,0.02709249535180255,0.020123891532421112,0.016205313283940585,0.011255832621827722,0.6848546415567398,0.6634339690208435
9,0.001961555592810202,0.5935877561569214,0.5724934339523315,0.0014271296095103025,0.6779650449752808,0.5521671772003174,0.025125359543709383,0.018941151909530163,0.018908813678107244,0.012892068829387426,0.9324211627244949,0.7422941699624062
10,0.0019615454772712805,0.588279664516449,0.5017971396446228,0.0019665297586470842,0.9342097043991089,0.4800480976700783,0.023427145130829843,0.018174216616898775,0.017326406212566762,0.01236189529299736,0.7828896194696426,0.6314688585698605
11,0.001961534296979657,0.5182929635047913,0.4532090425491333,0.0016390280798077583,0.7786284685134888,0.4310988262295723,0.02220063584582004,0.017691692803055048,0.020665406926350483,0.016701185144484043,1.113708347082138,0.7724035866558552
12,0.0019615220519475928,0.5595661997795105,0.4276522099971771,0.0022886237129569054,1.0872220993041992,0.40436553210020065,0.021501267630317067,0.01728629507124424,0.017603057656605015,0.012492512818425894,0.8080900758504868,0.6062278039753437
13,0.001961508742188515,0.4810813367366791,0.4070597290992737,0.0016359532019123435,0.7771676778793335,0.3781916946172714,0.020793758385447392,0.01678148005157709,0.020413756395257443,0.014247840736061335,1.0867493450641632,0.7324705198407173
14,0.0019614943677170203,0.5120394825935364,0.38137882947921753,0.0021780263632535934,1.0346821546554565,0.3509202301502228,0.020030012018580737,0.016132287215441465,0.017495863752768077,0.011599196353927255,0.7982782572507858,0.5745992437005043
15,0.0019614789285488715,0.4320131242275238,0.3535599708557129,0.0015699779614806175,0.7458257675170898,0.32734713703393936,0.019345558607417594,0.015491858823224902,0.018879216373798764,0.015500585082918406,0.929504469037056,0.6284258030354977
16,0.001961462424701,0.4396405518054962,0.3285597264766693,0.00186076108366251,0.8839638233184814,0.31125815212726593,0.018864155870329934,0.01492600841447711,0.017951702694769204,0.014297809451818466,0.8404169827699661,0.575837567448616
17,0.0019614448561915037,0.4038953483104706,0.3072391748428345,0.0016640601679682732,0.7905200123786926,0.30071921646595,0.01854204308557137,0.014471155125647783,0.0173882429408408,0.011073194677010179,0.7884877026081085,0.5446034595370293
18,0.001961426223039649,0.3776279091835022,0.2910614311695099,0.0015238106716424227,0.7238937616348267,0.2867000922560692,0.01810468303121078,0.014045108342543244,0.018363816538529473,0.010757138021290302,0.8794465512037277,0.5830733217298985
19,0.0019614065252658696,0.3816803991794586,0.2748579978942871,0.0017028974834829569,0.8089699149131775,0.2643476650118828,0.01738460065619886,0.013541576219722629,0.016902392823932907,0.010576696833595634,0.74504055082798,0.5046941079199314
20,0.001961385762891766,0.342168927192688,0.2543269395828247,0.001459908438846469,0.6935367584228516,0.23546119779348373,0.016407283008217918,0.012946294387802482,0.017033971410628488,0.012956342194229364,0.7566854357719421,0.49607331678271294
21,0.0019613639359401074,0.3278316855430603,0.22945283353328705,0.001518449978902936,0.7213470935821533,0.20962902903556824,0.015481131681179908,0.012337662512436509,0.017538566126004195,0.013542160857468843,0.8021797835826874,0.5059044063091278
22,0.0019613410444348288,0.31936079263687134,0.20600339770317078,0.0016267389291897416,0.7727904319763184,0.19204360991716385,0.014817568294142608,0.011800393695011735,0.016115349895091335,0.010522397235035896,0.677271842956543,0.4346577264368534
23,0.0019613170884010345,0.2814411520957947,0.18796691298484802,0.0013794994447380304,0.6553380489349365,0.18005722016096115,0.014347699675934376,0.011348373256623745,0.017327376444315142,0.010047784075140953,0.782977283000946,0.4815172515809536
24,0.0019612920678649943,0.2897872030735016,0.17497628927230835,0.0015767245786264539,0.7490308284759521,0.17091640457510948,0.013978767107442915,0.010968713788315654,0.016128045374954596,0.009752387180924416,0.6783393770456314,0.42462789081037045
25,0.0019612659828541473,0.26397794485092163,0.16530577838420868,0.0013865060172975063,0.6586665511131287,0.161387600004673,0.013583512413710051,0.010617788648232818,0.016154384027233765,0.011768176918849349,0.6805567592382431,0.42097217962145805
26,0.0019612388333970984,0.2601255476474762,0.1551809459924698,0.0014312112471088767,0.6799039840698242,0.14983295649290085,0.01308822270490329,0.010066210525110364,0.015874363654086416,0.011578187113627791,0.6571676433086395,0.4035002999007702
27,0.0019612106195236205,0.24432706832885742,0.14203621447086334,0.0013756102416664362,0.653490424156189,0.14853374660015106,0.013031354688446805,0.009834122145548463,0.016099030115129604,0.010346140014007688,0.6759007424116135,0.41221724450588226
28,0.001961181341264653,0.23757241666316986,0.13722173869609833,0.001345055061392486,0.6389750838279724,0.1501762457191944,0.013103207747676532,0.0097279017791152,0.01665872246705278,0.010502460645511746,0.7237138748168945,0.43694506026804447
29,0.0019611509986523037,0.24260571599006653,0.1363248974084854,0.0014055825304239988,0.6677289009094238,0.14410878345370293,0.012835778931293042,0.009390849154442549,0.01576816973624897,0.010790606960654259,0.6484046876430511,0.39625673554837704
30,0.0019611195917198466,0.22811764478683472,0.13074837625026703,0.001300049014389515,0.6175947189331055,0.13546916842460632,0.012445066599590856,0.009037464624270797,0.01588476356506686,0.011995870852842927,0.6580290049314499,0.3967490866780281
31,0.0019610871205017234,0.22930505871772766,0.12382952868938446,0.0013708039186894894,0.6512072086334229,0.1336723417043686,0.012362257505137813,0.008962053572759032,0.015455469353238584,0.010979830054566264,0.6229424625635147,0.37830740213394165
32,0.0019610535850335432,0.21963495016098022,0.12229003012180328,0.0012819877592846751,0.609014630317688,0.13446592912077904,0.0123988991733118,0.008950895629823208,0.015984158061698714,0.009521968429908156,0.6662896871566772,0.40037780813872814
33,0.0019610189853520813,0.2212916910648346,0.12242037057876587,0.0012983276974409819,0.6167770028114319,0.13181449100375175,0.012276048015096018,0.008836169727146626,0.015784424918169115,0.009258916834369302,0.6497422009706497,0.39077834598720074
34,0.0019609833214952804,0.21702653169631958,0.11948391050100327,0.001278161653317511,0.6071970462799072,0.12878586910665035,0.012134198828519132,0.008739155950024724,0.015278707021360274,0.010125580709427595,0.6087749153375626,0.36878039222210646
35,0.0019609465935022503,0.21367192268371582,0.11658874899148941,0.0012672314187511802,0.6020045876502991,0.1289525032043457,0.012142046269399867,0.008772955974563956,0.015377354246149668,0.010378288570791483,0.6166614294052124,0.37280696630477905
36,0.001960908801413268,0.21620775759220123,0.11655543744564056,0.0012942019384354353,0.6148170232772827,0.12955177389085293,0.012170227120189123,0.008813436375930905,0.015319320658086577,0.009433216648176312,0.6120156943798065,0.3707837341353297
37,0.0019608699452697774,0.21072138845920563,0.116808220744133,0.0012343288399279118,0.586374044418335,0.12604418769478798,0.012004343324483767,0.00867100479081273,0.015736526925867238,0.00928253773599863,0.6458048969507217,0.38592454232275486
38,0.001960830025114388,0.21078893542289734,0.11379395425319672,0.0012604201911017299,0.5987688302993774,0.124960383400321,0.011952622054776055,0.008559225127100945,0.015166318484766962,0.00991248618811369,0.5998516976833344,0.3624060405418277
39,0.0019607890409908783,0.20479489862918854,0.11294503509998322,0.001204480417072773,0.5721943378448486,0.1270210798829794,0.012050773116185133,0.008558649802580476,0.015231608620486468,0.010844132862985134,0.6050274521112442,0.3660242659971118
40,0.001960746992944192,0.20976729691028595,0.11441031098365784,0.0012444775784388185,0.5911952257156372,0.12500405311584473,0.011954710131555257,0.008524744538590312,0.01529085152448511,0.01012944895774126,0.6097430735826492,0.367373563349247
41,0.0019607038810204396,0.20389416813850403,0.11269094049930573,0.001197139616124332,0.5687071084976196,0.12540882639586926,0.01197404973522512,0.008561967872083187,0.015641253835147625,0.009854346979409456,0.6380088031291962,0.3817088147625327
42,0.001960659705266899,0.20633985102176666,0.11333103477954865,0.0012174908770248294,0.5783751010894775,0.12633235193789005,0.012018058284381244,0.008581598522141576,0.015107440656808744,0.010168159380555153,0.5952032804489136,0.3607678161934018
43,0.0019606144657320144,0.2036706805229187,0.1144939586520195,0.0011796057224273682,0.5603775978088379,0.12447107769548893,0.011929197114360147,0.008489801548421383,0.015030016390408883,0.010490103857591748,0.5891181975603104,0.35679463762789965
44,0.0019605681624653964,0.20387551188468933,0.11262208223342896,0.001197522971779108,0.5688892602920532,0.12368031404912472,0.011891244168286266,0.00841214694082737,0.015045501635601451,0.009761852445080876,0.5903327614068985,0.3570065377280116
45,0.001960520795517822,0.19918784499168396,0.111180379986763,0.0011603240855038166,0.5512176752090454,0.12454826571047306,0.011932895757489818,0.008382414234802127,0.015314179141266565,0.009465310024097562,0.6116049140691757,0.3680765898898244
46,0.0019604723649412348,0.20087674260139465,0.11144084483385086,0.0011759066255763173,0.558620274066925,0.12254064716398716,0.011836330678557836,0.008299635024741292,0.014846629742589367,0.009826974477618933,0.5748298019170761,0.34868522454053164
47,0.0019604228707887452,0.19757185876369476,0.10973895341157913,0.0011554524535313249,0.5489034652709961,0.1195126324892044,0.011689176253664538,0.008227424696087837,0.014801989848382007,0.00997540564276278,0.5713783353567123,0.3454454839229584
48,0.00196037231311463,0.19655841588974,0.10745113343000412,0.0011640498414635658,0.5529875755310059,0.11947323195636272,0.011687249292953648,0.00824162270873785,0.014938336348985325,0.009458680637180805,0.5819531232118607,0.3507131775841117
49,0.0019603206919743305,0.1950693130493164,0.1075046956539154,0.0011479256208986044,0.5453277826309204,0.11892098747193813,0.011660207050119374,0.00820903666317463,0.014973096902660512,0.009419915964826941,0.5846646279096603,0.35179280769079924
50,0.0019602680074244563,0.1943628489971161,0.10693441331386566,0.0011452918406575918,0.5440765619277954,0.11729438602924347,0.01158018853236183,0.008112550247460604,0.014715967263135704,0.009927175240591168,0.5647564232349396,0.3410254046320915
51,0.001960214259522783,0.19242575764656067,0.10548853874206543,0.0011370782740414143,0.5401746034622192,0.11761666648089886,0.01159608597866928,0.00807691877707839,0.014703686899969282,0.010069937445223331,0.5638142377138138,0.3407154520973563
52,0.0019601594483282516,0.19250334799289703,0.1056709736585617,0.0011363585945218801,0.5398328304290771,0.11776797287166119,0.011603542700094876,0.008066168986260891,0.014892932328717844,0.0096522425301373,0.578420877456665,0.3480944251641631
53,0.0019601035739009688,0.19215357303619385,0.10572154074907303,0.0011322516947984695,0.5378817319869995,0.11666101589798927,0.011548880049661595,0.008027759147807956,0.014793654946652308,0.009658872615545988,0.5707350075244904,0.3436980117112398
54,0.0019600466363022084,0.1907501071691513,0.10479386895895004,0.0011252909898757935,0.5345750451087952,0.11600387468934059,0.011516307431034649,0.008003237191587687,0.014587347103357465,0.009984159609302878,0.5549273788928986,0.3354656267911196
55,0.001959988635594409,0.19037765264511108,0.10434594750404358,0.0011251424439251423,0.5345044732093811,0.11591430939733982,0.011511860939683014,0.007996736792847514,0.014545497198867916,0.009747992036864161,0.5517479181289673,0.33383111376315355
56,0.0019599295718411756,0.18930590152740479,0.10421572625637054,0.001114958431571722,0.529666543006897,0.11532508581876755,0.011482564630035082,0.007969207363203168,0.014659166628823701,0.009366868296638131,0.5604051500558853,0.33786511793732643
57,0.001959869445107279,0.18861642479896545,0.10351549088954926,0.0011135977692902088,0.5290201306343079,0.1148644220083952,0.01145960820844369,0.007943145697936416,0.014506665260571776,0.009484959533438087,0.548805832862854,0.3318351274356246
58,0.001959808255458655,0.18728917837142944,0.1029810830950737,0.0011041280813515186,0.52452152967453,0.11493024975061417,0.01146289155477758,0.007942033465951681,0.014414155922910985,0.009744151961058378,0.5418286621570587,0.32837945595383644
59,0.001959746002962406,0.1874011754989624,0.10288570821285248,0.0011061099357903004,0.5254629850387573,0.11404661647975445,0.011418740485349329,0.007934706285595894,0.01447988584790133,0.009406793862581253,0.5467815101146698,0.3304140632972121
60,0.0019596826876868,0.18576565384864807,0.10203082859516144,0.0010960942599922419,0.520704984664917,0.11332013085484505,0.011382313395977336,0.007940634386613965,0.014507147878294635,0.009344789665192366,0.5488423854112625,0.3310812581330538
61,0.0019596183097012687,0.1850098818540573,0.10140223801136017,0.0010934321908280253,0.5194404125213623,0.11279689520597458,0.011356004896049534,0.007941501215100288,0.014371570718161248,0.009697404690086842,0.5386318415403366,0.3257143683731556
62,0.0019595528690764114,0.18430835008621216,0.10095556825399399,0.0010898096952587366,0.5177195072174072,0.11248263530433178,0.011340174620000903,0.00794518948532641,0.014375785846527362,0.00961134023964405,0.5389478653669357,0.32571525033563375
63,0.0019594863658839914,0.18310844898223877,0.10047554224729538,0.0010812224354594946,0.5136400461196899,0.11251328326761723,0.011341719669519315,0.007952673127874732,0.014490041070970957,0.009368743281811476,0.5475487262010574,0.33003100473433733
64,0.001959418800196938,0.18262776732444763,0.10016648471355438,0.0010787652572616935,0.5124728679656982,0.11237962916493416,0.011334981210312043,0.007947390200570226,0.014334032711499694,0.009608757914975286,0.5358217507600784,0.3241006899625063
65,0.0019593501720893444,0.1815750151872635,0.09977677464485168,0.0010709664784371853,0.5087679624557495,0.1117093451321125,0.011301126761450418,0.00794364046305418,0.014276499929790486,0.00960985803976655,0.5315290838479996,0.32161921449005604
66,0.0019592804816364706,0.18059778213500977,0.0990242138504982,0.0010670176707208157,0.5068920254707336,0.11126690916717052,0.011278725171979002,0.007959820795804262,0.01434026950710977,0.00922913895919919,0.5362881124019623,0.3237775107845664
67,0.0019592097289147406,0.17973721027374268,0.09850642830133438,0.0010623198468238115,0.5046603083610535,0.11076979339122772,0.011253501842664935,0.007952600717544556,0.014187937134222792,0.009366709971800447,0.5249550044536591,0.3178623989224434
68,0.001959137914001743,0.17857909202575684,0.09789097309112549,0.0010553128086030483,0.5013315677642822,0.11039976589381695,0.01123468960155749,0.007933786604553461,0.014118791998916757,0.009412116603925824,0.5198506861925125,0.31512522604316473
69,0.001959065036976232,0.17768609523773193,0.09722855687141418,0.001051491592079401,0.4995162785053253,0.11064854264259338,0.011247340630765178,0.007930969819426537,0.014185665769715935,0.009080320596694946,0.5247869193553925,0.3177177309989929
70,0.001958991097918126,0.1769368201494217,0.09705082327127457,0.0010451017878949642,0.496480792760849,0.11045083962380886,0.011237287929175697,0.007913685869425535,0.014040816471701164,0.009329430293291807,0.5141244679689407,0.3122876537963748
71,0.001958916096908509,0.17586520314216614,0.09660785645246506,0.0010375527199357748,0.4928945302963257,0.10989802703261375,0.011209131072568025,0.007908507017418742,0.014024100645349199,0.009275869466364384,0.5129010230302811,0.3113995250314474
72,0.0019588400340296275,0.17482687532901764,0.09601017832756042,0.0010316567495465279,0.4900936484336853,0.10970168560743332,0.01119911375215266,0.007920130039565265,0.01406503195535667,0.009102563140913844,0.5158993452787399,0.3128005154430866
73,0.0019587629093648948,0.17423903942108154,0.095743328332901,0.0010277166729792953,0.4882218837738037,0.10922430455684662,0.01117471981224184,0.007901117904111743,0.013938984455695908,0.009399435482919216,0.506694033741951,0.3079591691493988
74,0.0019586847229988874,0.17344476282596588,0.09514948725700378,0.001024356810376048,0.4866258203983307,0.10932697355747223,0.011179970665762522,0.007902747020125389,0.0139790220203207,0.009026055224239826,0.509609043598175,0.30946800857782364
75,0.0019586054750173458,0.17235353589057922,0.0949535071849823,0.001014521811157465,0.48195362091064453,0.10913899168372154,0.011170354984926915,0.007892394438385963,0.013837756624108048,0.00918753887526691,0.4993613511323929,0.3042501714080572
76,0.0019585251655071753,0.17130160331726074,0.09455808997154236,0.001006779377348721,0.4782755970954895,0.108708206564188,0.011148287802096674,0.007896318915300071,0.013817369038878764,0.008964825188741088,0.49789096415042877,0.3032995853573084
77,0.001958443794556445,0.17021340131759644,0.0941082164645195,0.0009991142433136702,0.4746341109275818,0.10815090499818325,0.011119674694437039,0.007894855923950672,0.013752034434569972,0.008957365993410349,0.4931936338543892,0.3006722694262862
78,0.001958361362254389,0.16926057636737823,0.0936141163110733,0.000993245979771018,0.47184640169143677,0.10774829052388668,0.011098957897188247,0.007881839061155915,0.013697953768996901,0.008955146186053753,0.4893222153186798,0.29853525292128325
79,0.001958277868691403,0.1682562530040741,0.09317751228809357,0.0009863516315817833,0.4685712456703186,0.10758713446557522,0.011090654422075552,0.007864468963816762,0.013687664838204125,0.008820094401016831,0.4885874092578888,0.298087271861732
80,0.001958193313959049,0.16723670065402985,0.09287422895431519,0.0009781743865460157,0.4646865725517273,0.10716190747916698,0.011068715357663982,0.00783231679815799,0.013590062190092966,0.00910191098228097,0.48164428770542145,0.2944030975922942
81,0.001958107698150051,0.1664954423904419,0.09238641709089279,0.0009744800627231598,0.4629315733909607,0.10687191598117352,0.011053728771159522,0.007829190813936293,0.013808693929068408,0.008510948158800602,0.4972659721970558,0.30206894408911467
82,0.001958021021358298,0.16689561307430267,0.09220254421234131,0.0009802400600165129,0.46566787362098694,0.10542609542608261,0.010978703700973097,0.007751914439722896,0.014057088642123319,0.010387043002992868,0.5153168141841888,0.3103714548051357
83,0.0019579332836788406,0.17476308345794678,0.09092757850885391,0.001073781168088317,0.5101050734519958,0.10807377845048904,0.011115709226934464,0.007898369454778731,0.017346705928060098,0.010417759884148836,0.784725159406662,0.4463994689285755
84,0.001957844485207895,0.21429526805877686,0.09327715635299683,0.0014700778992846608,0.698367714881897,0.10386819392442703,0.010897284674248789,0.00769164424855262,0.018643950534031745,0.01481291907839477,0.9064824730157852,0.5051753334701061
85,0.001957754626042839,0.2518990933895111,0.08987139165401459,0.0018945386400446296,0.9000098705291748,0.11409641243517399,0.011421233236392943,0.008250606711953878,0.01530261421886759,0.008731384994462132,0.6106815189123154,0.3623889656737447
86,0.0019576637062822142,0.19056536257266998,0.09927643835544586,0.0011698035523295403,0.5557210445404053,0.10986890830099583,0.011207645973082228,0.008098393911495805,0.01578896055461158,0.009061496937647462,0.6501156687736511,0.3799922885373235
87,0.001957571726025726,0.19372838735580444,0.09554022550582886,0.0012345541035756469,0.5864810347557068,0.10463923774659634,0.010937656351311999,0.0077420861925929785,0.01599840601093705,0.012792003341019154,0.667478010058403,0.3860586239024997
88,0.001957478685374241,0.2060912847518921,0.09088214486837387,0.0014038961380720139,0.6669278144836426,0.10585086606442928,0.011000798550319837,0.007775790290907025,0.013486103510729841,0.009420799324288964,0.4743037074804306,0.29007728677242994
89,0.0019573845844297905,0.16589826345443726,0.09209900349378586,0.0009706147247925401,0.46109533309936523,0.10632097721099854,0.011025200311771635,0.007783971959725022,0.016518945400047093,0.009577392833307385,0.7116200774908066,0.40897052735090256
90,0.001957289423295567,0.20120440423488617,0.09251900017261505,0.0013386787613853812,0.6359459757804871,0.10480789467692375,0.010946467810488714,0.007694163476116955,0.013402961914424819,0.008692586794495583,0.4684735834598541,0.28664073906838894
91,0.001957193202075927,0.1634966880083084,0.09153246879577637,0.0009501081658527255,0.4513535499572754,0.10347870923578739,0.010876833978215898,0.007578739430755377,0.01521400364256866,0.011645531048998237,0.6036296933889389,0.35355420131236315
92,0.001957095920876389,0.1933247447013855,0.09057314693927765,0.0012721288949251175,0.6043310761451721,0.10415683314204216,0.01091241560467749,0.007595824543386698,0.013447071099917426,0.00838943081907928,0.47156214714050293,0.28785949014127254
93,0.001956997579803633,0.16298922896385193,0.09084904193878174,0.0009505216148681939,0.4515500068664551,0.10456383787095547,0.010933715454798917,0.0075762770138680935,0.015445134869893839,0.008893024176359177,0.6221096813678741,0.3633367596194148
94,0.001956898178965502,0.1855929046869278,0.09083037078380585,0.001188584603369236,0.5646430253982544,0.10448754765093327,0.010929725789270792,0.007563816965557635,0.013340582519733798,0.008885775227099657,0.46412303298711777,0.2843052903190255
95,0.0019567977184710024,0.16215915977954865,0.09049231559038162,0.0009447886259295046,0.44882649183273315,0.1032356545329094,0.010864052794027558,0.007532054209150374,0.014474579866898719,0.010935374535620213,0.5463808625936508,0.3248082585632801
96,0.0019566961984303004,0.1798599362373352,0.08921739459037781,0.0011418259236961603,0.54243004322052,0.1027132123708725,0.010836528029862067,0.007609571446664631,0.013554054476590652,0.008365013170987368,0.4790953919291496,0.29090430215001106
97,0.001956593618954725,0.16154281795024872,0.08914563059806824,0.0009496408165432513,0.45113158226013184,0.10462084785103798,0.010936695397506887,0.007755982922390103,0.014717886376332014,0.0084621652495116,0.5649037212133408,0.33476228453218937
98,0.001956489980156768,0.1754465401172638,0.0907786637544632,0.0010822287295013666,0.5141180753707886,0.10220541432499886,0.010809707681987248,0.007643771939910948,0.013363961071063923,0.008877946762368083,0.46575115621089935,0.2839782852679491
99,0.0019563852821500812,0.16015341877937317,0.08852820098400116,0.0009402159485034645,0.4466542601585388,0.10199358314275742,0.010798499892152893,0.007577761774882674,0.014059242472044332,0.010508752893656492,0.5154747366905212,0.30873415991663933
100,0.0019562795250494796,0.1720006763935089,0.08766397833824158,0.0010721865110099316,0.5093474984169006,0.10337300226092339,0.010871277089316126,0.0076227455865591764,0.0133650760503373,0.008413987001404166,0.46582888066768646,0.2846009414643049
101,0.0019561727089709383,0.15920162200927734,0.08867361396551132,0.0009289737790822983,0.44131359457969666,0.10314901173114777,0.010859492581585545,0.007603519828990102,0.014310003081203075,0.008199174888432026,0.5340267419815063,0.31858787685632706
102,0.0019560648340315946,0.1687103509902954,0.0884992778301239,0.0010305221658200026,0.48955467343330383,0.1016053855419159,0.010777930192726555,0.007519447477534413,0.013245918858244908,0.008675840450450778,0.45755966752767563,0.27958252653479576
103,0.0019559559003497463,0.15795575082302094,0.08726609498262405,0.0009277123608626425,0.44071435928344727,0.10121980123221874,0.010757460069985727,0.007475766004063189,0.01370654130948535,0.009901506127789617,0.4899359568953514,0.2955778790637851
104,0.001955845908044853,0.16626518964767456,0.08695927262306213,0.0010177535004913807,0.48348885774612427,0.1016717478632927,0.01078144939728875,0.007464900962077081,0.013265322196032483,0.008375589735805988,0.45890113711357117,0.28028644248843193
105,0.001955734857237534,0.1569978892803192,0.08721223473548889,0.0009180842898786068,0.4361404776573181,0.1022423692047596,0.010811661667750286,0.007455999148078263,0.013965561363148743,0.008175048511475325,0.5086280927062035,0.30543523095548153
106,0.0019556227480495712,0.16345231235027313,0.08744093030691147,0.0009840920101851225,0.4674978256225586,0.10188247449696064,0.010792616410159309,0.0074215789791196585,0.013182764639876844,0.008724160492420197,0.45320693403482437,0.2775447042658925
107,0.001955509580603905,0.1561887413263321,0.08692355453968048,0.0009119986789301038,0.43324947357177734,0.10073679499328136,0.010731762719993918,0.007382900221273303,0.013453255994405933,0.009631746681407094,0.4719960540533066,0.28636642452329397
108,0.0019553953550246377,0.16095693409442902,0.08596675097942352,0.0009702406823635101,0.4609176516532898,0.10052053816616535,0.010720237168252123,0.007419314701110125,0.013237419314144962,0.00823039235547185,0.4569726288318634,0.2787465834990144
109,0.001955280071437032,0.15513810515403748,0.08610658347606659,0.0009078196599148214,0.4312642216682434,0.10071147605776787,0.010730414126158508,0.007452619029209018,0.013584156513066138,0.007998750545084476,0.48122578859329224,0.29096863232553005
110,0.00195516372996751,0.15859480202198029,0.08637189120054245,0.0009419677080586553,0.44748643040657043,0.09946286119520664,0.010663688807672253,0.007373484200797975,0.013070701695514842,0.008703714702278376,0.44553450495004654,0.2724986830726266
111,0.0019550463307436545,0.1540670394897461,0.08517317473888397,0.0009044058970175683,0.4296424984931946,0.09953056834638119,0.010667318087311795,0.007338273688219488,0.013170480967685827,0.009138010442256927,0.4523627460002899,0.27594665717333555
112,0.0019549278738942083,0.15607459843158722,0.08503225445747375,0.0009267221903428435,0.4402439594268799,0.09982093796133995,0.010682867031747336,0.007338136085309088,0.01320729743493554,0.007978619076311588,0.4548952952027321,0.277358116582036
113,0.0019548083595490734,0.15374884009361267,0.08539870381355286,0.000899157952517271,0.4271494150161743,0.09895182587206364,0.010636258892507007,0.007294879760593176,0.013202298822473379,0.007954633212648332,0.45455102622509,0.27675142604857683
114,0.001954687787839313,0.1531175822019577,0.08480048179626465,0.0008975507807917893,0.42638593912124634,0.09791623242199421,0.010580455022475857,0.007246476598083973,0.013050593667375652,0.00895084417425096,0.4441647157073021,0.27104047406464815
115,0.001954566158897148,0.1532370150089264,0.0840139240026474,0.0009054307010956109,0.4301293194293976,0.09774054773151875,0.010570959070618665,0.00722792511805892,0.012923770270433206,0.00853218324482441,0.4355740547180176,0.26665730122476816
116,0.0019544434728559594,0.15072450041770935,0.08385272324085236,0.0008803437231108546,0.4182116389274597,0.09804407134652138,0.010587359989967618,0.007223324500955641,0.01320474581267862,0.007883165264502168,0.45471955090761185,0.2763818111270666
117,0.0019543197298502878,0.15225312113761902,0.08398738503456116,0.0008952985517680645,0.4253160059452057,0.09765350818634033,0.010566251104360802,0.007196044782176614,0.012837789814850443,0.00824565370567143,0.4297976642847061,0.2637255862355232
118,0.001954194930015832,0.14882081747055054,0.08347293734550476,0.0008635048870928586,0.41021227836608887,0.09689966402947903,0.010525388515068363,0.007170758908614516,0.01290696055159353,0.00880677462555468,0.4344417154788971,0.26567068975418806
119,0.0019540690734894508,0.15027977526187897,0.08275164663791656,0.0008849339792504907,0.4203922748565674,0.09683729335665703,0.0105220007131968,0.007194977719336748,0.012917919476591827,0.007870888570323586,0.4351797550916672,0.2660085242241621
120,0.001953942160409162,0.14845292270183563,0.0828106552362442,0.0008652092656120658,0.4110219478607178,0.09644792601466179,0.010500825573819622,0.007183201145380735,0.012815261421170494,0.007922888384200633,0.4282905235886574,0.2623692248016596
121,0.00195381419091414,0.14712296426296234,0.08243345469236374,0.0008543874137103558,0.40588098764419556,0.0957071129232645,0.01046041985408253,0.00713129888754338,0.012816075985000818,0.008741948287934065,0.4283449947834015,0.262026053853333
122,0.0019536851651447197,0.14805465936660767,0.08159783482551575,0.0008712295675650239,0.41388189792633057,0.09607487358152866,0.010480497785380549,0.00713698286563158,0.012742627787591918,0.007905319100245833,0.42344941943883896,0.2597621465101838
123,0.0019535550832423935,0.14561626315116882,0.0818370059132576,0.0008435514755547047,0.4007332921028137,0.09564052522182465,0.010456780170835954,0.007121776812709868,0.012715491548090393,0.007867169217206538,0.4216477870941162,0.25864415615797043
124,0.0019534239453498125,0.14495927095413208,0.08143414556980133,0.000840028515085578,0.3990597128868103,0.09462518058717251,0.010401126153188304,0.007091335253790021,0.012700601883459275,0.008618286345154047,0.42066090553998947,0.257643043063581
125,0.001953291751610785,0.14570195972919464,0.08054783940315247,0.0008553082589060068,0.40631842613220215,0.094693873077631,0.010404900686842062,0.007111815153621137,0.012689888608208673,0.007800629711709917,0.41995152831077576,0.2573227006942034
126,0.0019531585021702784,0.14399078488349915,0.08066211640834808,0.0008363357046619058,0.397305428981781,0.09405865333974361,0.01036994325662884,0.00708648597355932,0.012548452743480092,0.008009141776710749,0.4106425270438194,0.2523505901917815
127,0.0019530241971744162,0.14222735166549683,0.08004501461982727,0.0008229714585468173,0.3909566402435303,0.09353168867528439,0.010340853720334385,0.007064347853884101,0.012570423526691089,0.008417885284870863,0.4120817333459854,0.2528067110106349
128,0.0019528888367704802,0.14262312650680542,0.07952830195426941,0.0008314877632074058,0.3950023651123047,0.09346059523522854,0.010336922943644567,0.007078197784721851,0.01274729266434326,0.007821895997039974,0.4237595200538635,0.25861005764454603
129,0.0019527524211069105,0.14323949813842773,0.0795990377664566,0.0008373794844374061,0.3978012800216675,0.09218254685401917,0.010266002317496812,0.007032269844785333,0.0126370024506452,0.008692052913829684,0.416458435356617,0.25432049110531807
130,0.0019526149503333032,0.14296270906925201,0.07849892973899841,0.0008437294163741171,0.4008178114891052,0.09234424494206905,0.010275002066955134,0.00703804602380842,0.012679176323163729,0.0078059774823486805,0.4192427918314934,0.2557935183867812
131,0.001952476424600412,0.1419036090373993,0.07870810478925705,0.000830820994451642,0.39468562602996826,0.0912853442132473,0.010215921219075642,0.006970032933168113,0.012529495263052836,0.008548184065148234,0.4094026982784271,0.2503440212458372
132,0.001952336844060147,0.14083467423915863,0.07768736779689789,0.0008281649788841605,0.3934238851070404,0.09148872643709183,0.010227295232358123,0.006974577554501593,0.012609556391490688,0.00783673394471407,0.41465141624212265,0.25307007133960724
133,0.0019521962088655759,0.14046639204025269,0.07795834541320801,0.0008220071904361248,0.3904985785484314,0.09014829993247986,0.010152097325738374,0.006918163853697479,0.012629550559875509,0.008809660328552127,0.4159674420952797,0.2530578710138798
134,0.001952054519170922,0.1414671540260315,0.07675820589065552,0.0008426455315202475,0.400302916765213,0.09081258624792099,0.010189433253326748,0.006962065817788243,0.013216995300068259,0.008181901415809989,0.45556358247995377,0.2731880843639374
135,0.0019519117751315652,0.14695806801319122,0.07747778296470642,0.0008943791035562754,0.42487919330596924,0.08876399882137775,0.010073849007202287,0.006862247711978853,0.014522304487703547,0.011247439542785287,0.5499897450208664,0.3193768719211221
136,0.0019517679769040426,0.16744431853294373,0.07555403560400009,0.0011261970503255725,0.5350054502487183,0.09240442886948586,0.010278349877635496,0.007067646831274033,0.018583566220691263,0.013106425059959292,0.9006201475858688,0.49651228822767735
137,0.001951623124646046,0.22950220108032227,0.07913949340581894,0.0017491723410785198,0.8309530019760132,0.09039918519556522,0.010166214375632652,0.006975981406867504,0.02085784758007812,0.017160190735012293,1.134547084569931,0.6124731348827481
138,0.0019514772185164238,0.28269875049591064,0.07749270647764206,0.002322937361896038,1.1035230159759521,0.1028677485883236,0.010844676951516474,0.007781239226460457,0.015185835365448304,0.009665601886808872,0.6013965159654617,0.35213213227689266
139,0.0019513302586751805,0.18125483393669128,0.08824331313371658,0.0011647092178463936,0.5533008575439453,0.09446931444108486,0.010392556285083567,0.007305299513973296,0.015416047243136066,0.00975925987586379,0.6197686493396759,0.3571189818903804
140,0.0019511822452834748,0.17861732840538025,0.08130131661891937,0.0011954011861234903,0.5678813457489014,0.09162301197648048,0.010234798018303756,0.006898991763591766,0.016376232560077548,0.013227967312559485,0.6993773132562637,0.3955001626163721
141,0.0019510331785036214,0.20050624012947083,0.07917395979166031,0.0014436969067901373,0.6858353614807129,0.09069066308438778,0.010182590621794642,0.0068142564268782735,0.012892776378818001,0.009215426398441195,0.43348734080791473,0.26208900194615126
142,0.0019508830584990912,0.1468358337879181,0.07870590686798096,0.0008827516576275229,0.4193555414676666,0.09348273649811745,0.010338147095171668,0.006942355539649725,0.015863189131451204,0.009926693513989449,0.6562428176403046,0.374862777069211
143,0.0019507318854345085,0.18426701426506042,0.08094680309295654,0.001257849857211113,0.5975478291511536,0.09510828368365765,0.010427643485179123,0.007039497955702245,0.013264975268660327,0.007776568410918117,0.4588771313428879,0.27699270751327276
144,0.0019505796594756536,0.151369109749794,0.0824572965502739,0.0008988778572529554,0.42701634764671326,0.09108761139214039,0.010204850922541068,0.006888478645123541,0.014278048404446917,0.010744567262008786,0.5316444039344788,0.3113660076633096
145,0.0019504263807894604,0.16792932152748108,0.07935722917318344,0.0010992782190442085,0.5222176313400269,0.09005329757928848,0.01014674668324673,0.006820772425271571,0.01353218462278831,0.009913754416629672,0.47755055129528046,0.28380192443728447
146,0.0019502720495440185,0.15591681003570557,0.07840414345264435,0.0009808705653995275,0.46596741676330566,0.09189653024077415,0.010250063691351575,0.006874364917166531,0.013684778239390592,0.008004182949662209,0.4883813410997391,0.2901389356702566
147,0.0019501166659085703,0.1532628834247589,0.08003806322813034,0.0009391800849698484,0.4461621046066284,0.09220736846327782,0.01026738427339433,0.0068950491258874536,0.014397786879774865,0.008457351243123412,0.5405987352132797,0.31640305183827877
148,0.001949960230053513,0.16204969584941864,0.08019647002220154,0.0010303282178938389,0.48946255445480347,0.09033437073230743,0.010162569110318952,0.006835438776761293,0.012738639773189727,0.008423239225521684,0.4231844022870064,0.2567593865096569
149,0.001949802742150398,0.1433960348367691,0.07830043137073517,0.0008499615360051394,0.40377843379974365,0.08983010426163673,0.010134164739310334,0.006814562366344035,0.013965338246178518,0.010303538525477052,0.5086118280887604,0.29922096617519855
150,0.0019496442023719304,0.1616358458995819,0.07768584787845612,0.0010471121640875936,0.4974358081817627,0.09072080999612808,0.010184283157849,0.006845218944363296,0.012772561650577654,0.008446684340015054,0.4254412204027176,0.25808101519942284
151,0.001949484610891968,0.1440013200044632,0.07831590622663498,0.0008562019211240113,0.40674296021461487,0.09122418612241745,0.010212498262604936,0.006808162899687886,0.013733100227524104,0.007878016796894372,0.49183643609285355,0.2915303111076355
152,0.0019493239678855228,0.15247920155525208,0.07853062450885773,0.0009436244145035744,0.4482734799385071,0.09140949510037899,0.010222865738945612,0.006787360180169344,0.013476782727644868,0.0077737991232424974,0.4736483246088028,0.2825289098545909
153,0.001949162273528759,0.14939521253108978,0.07852918654680252,0.0009111773688346148,0.43285930156707764,0.0914321318268776,0.01022413147889549,0.006808602600358427,0.012816316412659838,0.008644068380817771,0.42836107313632965,0.2598966024816036
154,0.0019489995279989949,0.14472103118896484,0.07826176285743713,0.0008642328903079033,0.4105581045150757,0.09069236926734447,0.010182686549515289,0.006771874730475247,0.013330380314940401,0.009507524082437158,0.46341343969106674,0.2770529044792056
155,0.0019488357314747004,0.15197879076004028,0.07747476547956467,0.0009472480742260814,0.44999486207962036,0.09102358296513557,0.010201263506190866,0.006796711473725736,0.012716297626280071,0.007966647506691515,0.42170125991106033,0.25636242143809795
156,0.0019486708841354988,0.1415840983390808,0.07783284783363342,0.0008348278934136033,0.39658910036087036,0.09213367849588394,0.010263280649253493,0.006893367040902376,0.013511886707823134,0.0077904569916427135,0.4761190116405487,0.2841263450682163
157,0.0019485049861621656,0.14978203177452087,0.07876035571098328,0.0009133021230809391,0.43386873602867126,0.09115037508308887,0.010208365982187793,0.006856904132291675,0.012976541677839869,0.007708022720180452,0.4391384646296501,0.2651444198563695
158,0.0019483380377366278,0.14328445494174957,0.0778241977095604,0.0008527971222065389,0.4051254987716675,0.09055669233202934,0.010175066948492939,0.0068256271770223975,0.012847415757496344,0.00873239547945559,0.4304424598813057,0.2604995761066675
159,0.0019481700390419653,0.14404776692390442,0.07711615413427353,0.0008667928632348776,0.41177424788475037,0.09068842604756355,0.010182465307032821,0.00683576671872288,0.012931300464947535,0.008911890909075737,0.43608178943395615,0.26338510774075985
160,0.0019480009902624088,0.14548224210739136,0.07720370590686798,0.0008811536827124655,0.41859641671180725,0.09010368399322033,0.010149584998825756,0.006812250590883195,0.012732153746145322,0.0077560837380588055,0.42275356501340866,0.2564286245033145
161,0.0019478308915833412,0.14025041460990906,0.0769195407629013,0.000828480813652277,0.39357393980026245,0.0900382325053215,0.0101458976333466,0.006817042478360236,0.013186955878691136,0.007667095633223653,0.4534951373934746,0.27176668494939804
162,0.0019476597431912967,0.1447555124759674,0.07699353247880936,0.0008752743015065789,0.4158034324645996,0.08939375914633274,0.010109521561657705,0.006789546459913254,0.012668671072259781,0.007767344475723803,0.4185483828186989,0.2539710709825158
163,0.0019474875452739604,0.13947013020515442,0.07647158950567245,0.0008240399183705449,0.3914642930030823,0.08832912147045135,0.010049141455331949,0.006732720066793263,0.012779276264183672,0.00867898273281753,0.42588864266872406,0.2571088820695877
164,0.0019473142980201681,0.14201293885707855,0.07550204545259476,0.0008589669014327228,0.40805646777153015,0.0882495753467083,0.010044615200150467,0.006725720362737775,0.012639706390793325,0.008387805195525289,0.416636697947979,0.25244313664734364
165,0.001947140001619907,0.13970224559307098,0.07543063163757324,0.0008352479198947549,0.39678865671157837,0.08862321451306343,0.010065856897729548,0.006737287621945143,0.012726811873117983,0.007648821687325835,0.4223988950252533,0.25551105476915836
166,0.0019469646562643146,0.13911594450473785,0.07585787773132324,0.0008254796266555786,0.3921481966972351,0.0881944615393877,0.010041478485916465,0.0067178846802562475,0.01282250495016892,0.007598769152536988,0.4287748485803604,0.25848465505987406
167,0.0019467882621456785,0.13976749777793884,0.07549869269132614,0.0008353617158718407,0.39684271812438965,0.08737627230584621,0.00999479184217527,0.00668435578700155,0.01250040949000801,0.007972788531333208,0.4075041264295578,0.247440199367702
168,0.0019466108194574362,0.1368861049413681,0.07472096383571625,0.0008115833043120801,0.3855466842651367,0.08692099340260029,0.009968718809035616,0.006661171093583107,0.01262669376007713,0.008478196104988456,0.4157792553305626,0.25135012436658144
169,0.0019464323283941757,0.1390121877193451,0.07427960634231567,0.0008376769255846739,0.39794254302978516,0.0868601705878973,0.009965230289798772,0.006651208736002445,0.012446277634724667,0.007843725266866386,0.4039824604988098,0.24542131554335356
170,0.001946252789151634,0.13567081093788147,0.07422412931919098,0.0008029756136238575,0.38145753741264343,0.08712313696742058,0.009980303831712669,0.006662377389147878,0.012665799256223383,0.00756233767606318,0.4183586314320564,0.2527408841997385
171,0.0019460722019266983,0.13735279440879822,0.07448829710483551,0.0008184541948139668,0.3888107240200043,0.08671210706233978,0.00995673328737089,0.006652314215898514,0.012450021072340703,0.007670490304008126,0.40422549843788147,0.24546880275011063
172,0.0019458905669174043,0.13498082756996155,0.07407175004482269,0.000796996580902487,0.37861716747283936,0.08591530658304691,0.009910881285418584,0.006628050818108022,0.012462189914927573,0.008252495666965842,0.40501607954502106,0.24546569306403399
173,0.001945707884322937,0.13569481670856476,0.07327467948198318,0.0008112227078527212,0.38537535071372986,0.08575781434774399,0.009901793074620541,0.006633976241573691,0.012376826429247216,0.008012535749003291,0.3994865268468857,0.24262217059731483
174,0.0019455241543436307,0.13418877124786377,0.07312548905611038,0.0007966276025399566,0.3784419000148773,0.0859057866036892,0.009910332226522928,0.006654522730968893,0.012468291474118796,0.007587410742416978,0.4054127708077431,0.24565927870571613
175,0.0019453393771809676,0.13430678844451904,0.07328246533870697,0.0007965480326674879,0.3784041106700897,0.08557779714465141,0.00989139535118819,0.006649791495874524,0.012393955085122178,0.007626362843438983,0.40059301257133484,0.24308540485799313
176,0.0019451535530375784,0.13329972326755524,0.07297597080469131,0.0007885291706770658,0.37459468841552734,0.0850288737565279,0.00985962094522058,0.0066345143131911755,0.012337145123108599,0.00809666165150702,0.3969290480017662,0.24097896087914705
177,0.001944966682117242,0.13315774500370026,0.07241322845220566,0.0007917731418274343,0.37613576650619507,0.08480798080563545,0.009846805682636997,0.006632297416217625,0.012295704728206725,0.008004265138879418,0.3942669853568077,0.23953748308122158
178,0.001944778764624886,0.13232421875,0.07221261411905289,0.000784689502324909,0.37277060747146606,0.0848073810338974,0.009846770676451662,0.006637783022597432,0.012361737793780839,0.0076386426808312535,0.3985130935907364,0.2416602373123169
179,0.0019445898007665844,0.13223817944526672,0.072255440056324,0.0007834232528693974,0.3721690773963928,0.08447238430380821,0.009827303846820496,0.006629107752814889,0.012293514178176533,0.007699145935475826,0.3941264972090721,0.23929944075644016
180,0.0019443997907495588,0.1313050538301468,0.07191702723503113,0.0007764514884911478,0.36885714530944824,0.0839087925851345,0.009794465705811904,0.0066109648905694485,0.012292502807153674,0.008112754672765732,0.3940616548061371,0.2389852236956358
181,0.0019442087347821791,0.1315188705921173,0.07135578244924545,0.0007834276184439659,0.37217119336128235,0.08375044539570808,0.009785219368259936,0.006611582939513028,0.012234422231984345,0.007912170491181314,0.3903466537594795,0.2370485495775938
182,0.0019440166330739615,0.13031581044197083,0.07124911993741989,0.0007716633845120668,0.3665825128555298,0.08378811366856098,0.009787419704809217,0.006622964050620794,0.012322235231421383,0.007718393346294761,0.39597024768590927,0.23987918067723513
183,0.001943823485835569,0.13084645569324493,0.07135532796382904,0.0007763543399050832,0.3688109517097473,0.0831894613802433,0.009752392278523507,0.006608006777241826,0.01221547579740759,0.007890043780207634,0.3891386240720749,0.2361640427261591
184,0.001943629293278811,0.12957946956157684,0.07077324390411377,0.0007679203990846872,0.36480438709259033,0.08282144367694855,0.009730796621874354,0.0066030139569193125,0.012248831943629128,0.008096687961369753,0.39126669615507126,0.2370440699160099
185,0.0019434340556166438,0.12997765839099884,0.07042668759822845,0.0007750293589197099,0.3681815266609192,0.08275097608566284,0.009726656243262003,0.006605413276702166,0.0122411115078945,0.007793896715156734,0.39077363163232803,0.23676230385899544
186,0.0019432377730631695,0.12923955917358398,0.07045461982488632,0.0007670255727134645,0.36437931656837463,0.0824514739215374,0.009709038367125614,0.006594334961846471,0.01223785145544735,0.007828557165339589,0.39056549966335297,0.23650848679244518
187,0.0019430404458336357,0.1289268136024475,0.07024829089641571,0.0007654712535440922,0.3636409044265747,0.08190912939608097,0.009677053824663056,0.006572521524503827,0.012245872067910182,0.008134899195283651,0.3910776376724243,0.23649338353425264
188,0.0019428420741444358,0.1290469616651535,0.06975068151950836,0.0007709256606176496,0.3662320375442505,0.08179977349936962,0.009670591912894546,0.006567563628777862,0.012206077389404525,0.007916199625469744,0.38854003697633743,0.23516990523785353
189,0.001942642658213109,0.12816888093948364,0.0697176530957222,0.0007619619136676192,0.3619737923145294,0.08166864886879921,0.009662837976135041,0.006562135997228324,0.012243544240770957,0.007841865997761488,0.3909289687871933,0.23629880882799625
190,0.0019424421982583394,0.12836119532585144,0.0696573555469513,0.0007644937140867114,0.36317652463912964,0.08116054721176624,0.009632732163571245,0.006539490772411227,0.012216885731575578,0.008085460402071476,0.389228455722332,0.23519450146704912
191,0.0019422406944999556,0.128048837184906,0.06920740008354187,0.0007649948820471764,0.36341458559036255,0.08097437769174576,0.009621677791737927,0.006530034705065191,0.012194395529120708,0.007974754786118865,0.38779667019844055,0.23438552394509315
192,0.0019420381471589312,0.12747474014759064,0.06914658844470978,0.000759464455768466,0.36078736186027527,0.08088055811822414,0.009616102380842945,0.006526566226966679,0.012233186060657732,0.007881991798058152,0.3902677819132805,0.23557417001575232
193,0.0019418345564573844,0.127653568983078,0.06915495544672012,0.0007612762274220586,0.3616480231285095,0.08043241500854492,0.00958942472808342,0.006510349689051509,0.012213576320528158,0.008090881863608956,0.38901758939027786,0.2347250021994114
194,0.0019416299226185773,0.12733754515647888,0.0687037855386734,0.0007617487572133541,0.3618725538253784,0.08032887056469917,0.009583250514474399,0.006508321734145284,0.012193673991752823,0.007972911233082414,0.3877508193254471,0.23403984494507313
195,0.0019414242458669158,0.12684275209903717,0.0686631128191948,0.0007568836444988847,0.35956132411956787,0.08017162047326565,0.009573865831914273,0.006501494557596743,0.01221927714032026,0.007910812739282846,0.3893808200955391,0.23477622028440237
196,0.00194121752642795,0.12688972055912018,0.06860969215631485,0.0007578277727589011,0.3600098192691803,0.07975653372704983,0.009549049353000898,0.006484636105597019,0.012218530722071885,0.00811277236789465,0.38933325558900833,0.23454489465802908
197,0.0019410097645283727,0.126775324344635,0.06822812557220459,0.0007598365191370249,0.3609641194343567,0.07972959987819195,0.00954743691748857,0.00648323108907789,0.012197848531851053,0.0079463473521173,0.38801635801792145,0.2338729789480567
198,0.0019408009603960206,0.12628133594989777,0.06825923919677734,0.0007543753017671406,0.35836970806121826,0.07958637550473213,0.009538857607089387,0.006477953749708831,0.01219568559775717,0.007940862560644746,0.38787874579429626,0.2337325606495142
199,0.0019405911142598732,0.12608756124973297,0.06812003999948502,0.0007535078329965472,0.357957661151886,0.07928220927715302,0.009520612139517362,0.0064634596928954124,0.012208130757167293,0.00808515097014606,0.38867078721523285,0.23397649824619293
200,0.0019403802263500522,0.12610043585300446,0.0678255558013916,0.0007561229867860675,0.35919997096061707,0.07924704626202583,0.009518500809701935,0.00645849050488323,0.012207609252358517,0.00791715842206031,0.38863756507635117,0.2339423056691885
201,0.001940168296897822,0.1258581578731537,0.06790082156658173,0.0007529392605647445,0.35768750309944153,0.07893668301403522,0.009499843354675271,0.0064443605951964855,0.012187311367271947,0.008011424215510488,0.3873462527990341,0.23314146790653467
202,0.0019399553261355894,0.12546631693840027,0.06761559844017029,0.0007512165466323495,0.3568691611289978,0.07878449745476246,0.009490681226917335,0.00643800653051585,0.012182940015834764,0.007998791756108403,0.38706842064857483,0.23292645905166864
203,0.0019397413142969032,0.12526288628578186,0.06748969107866287,0.0007501357467845082,0.3563556671142578,0.07871665991842747,0.009486594335206535,0.006433861330151558,0.012193692787768556,0.007903282064944506,0.3877519890666008,0.23323432449251413
204,0.0019395262616164531,0.125215083360672,0.06749168038368225,0.0007496158359572291,0.35610872507095337,0.07836615666747093,0.009465450168702077,0.0064163904171437025,0.012193829430948516,0.008051733952015638,0.3877606689929962,0.23306341283023357
205,0.001939310168330071,0.1250566989183426,0.0671825259923935,0.0007505518733523786,0.3565533757209778,0.07833048701286316,0.00946329558530036,0.006410548114217818,0.012182997797226522,0.007905104663223028,0.3870720863342285,0.23270128667354584
206,0.0019390930346747295,0.12475482374429703,0.06724049150943756,0.0007468865369446576,0.3548121452331543,0.07810931093990803,0.009449925741656987,0.006397111224941909,0.012169271570577801,0.007956457091495395,0.3862003833055496,0.23215484712272882
207,0.0019388748608885425,0.12445488572120667,0.06702745705842972,0.0007455234881490469,0.35416460037231445,0.07795553468167782,0.009440619505834713,0.006385409156791866,0.012164947417044464,0.007954580010846257,0.3859259784221649,0.23194075655192137
208,0.0019386556472107644,0.12427756190299988,0.0669015422463417,0.0007447173120453954,0.35378164052963257,0.07785127870738506,0.009434304334625446,0.006373838405124843,0.012168059126761702,0.007869420573115349,0.3861234411597252,0.23198735993355513
209,0.0019384353938817897,0.124167799949646,0.06688633561134338,0.0007436900632455945,0.35329365730285645,0.07753819599747658,0.009415314569814209,0.006354464450851083,0.012169837316425307,0.00799054536037147,0.3862362802028656,0.2318872381001711
210,0.001938214101143153,0.12403389811515808,0.06661422550678253,0.0007445719093084335,0.3537125885486603,0.07752522453665733,0.009414527364871072,0.006348157534375787,0.012162760536053559,0.00784007553011179,0.3857872486114502,0.23165623657405376
211,0.0019379917692375294,0.12382276356220245,0.06667253375053406,0.0007418587920255959,0.35242366790771484,0.07725868374109268,0.00939832921471256,0.006332967896014452,0.012153042523662378,0.007937934249639511,0.3851710110902786,0.23121484741568565
212,0.0019377683984087327,0.12356835603713989,0.06641542166471481,0.0007413460989482701,0.3521801233291626,0.07714729011058807,0.00939155147582172,0.006322209723293781,0.01214263875005879,0.007847122382372618,0.3845117911696434,0.23082954064011574
213,0.0019375439889017165,0.12331567704677582,0.0663934201002121,0.0007388718076981604,0.3510047197341919,0.07692039012908936,0.009377730213075147,0.006305837305262685,0.012136701251419987,0.007865739287808537,0.384135864675045,0.23052812740206718
214,0.0019373185409625735,0.12310287356376648,0.06623928248882294,0.0007379297749139369,0.35055720806121826,0.07673565857112408,0.00936646257076687,0.006292219273746014,0.012133122605503456,0.00787103921175003,0.38390935212373734,0.2303225053474307
215,0.0019370920548385346,0.1229274719953537,0.06609688699245453,0.00073728256393224,0.3502497673034668,0.07664455473423004,0.00936090119664223,0.006282749818637967,0.012130271254889748,0.007801941130310297,0.3837289437651634,0.23018674924969673
216,0.0019368645307779701,0.12278138101100922,0.06605162471532822,0.0007361262105405331,0.349700391292572,0.07637210935354233,0.009344248898003237,0.00626523164100945,0.01213247823518617,0.007891040877439082,0.3838685601949692,0.23012033477425575
217,0.0019366359690303875,0.12264809012413025,0.06581467390060425,0.0007367184734903276,0.34998175501823425,0.07632037252187729,0.009341083318888138,0.006256149266846478,0.012130795634627307,0.007759328931570053,0.3837621435523033,0.2300412580370903
218,0.0019364063698464333,0.12252980470657349,0.06585721671581268,0.0007351153763011098,0.3492201566696167,0.07599927112460136,0.009321412107187321,0.006238512578420341,0.012137598820248391,0.007915656198747456,0.38419269770383835,0.23009598441421986
219,0.0019361757334778909,0.12243672460317612,0.06553854793310165,0.0007368188234977424,0.3500294089317322,0.07606046088039875,0.009325163913008649,0.0062358410796150565,0.012139667067295983,0.007712318561971188,0.3843236491084099,0.23019205499440432
220,0.0019359440601776816,0.12240494787693024,0.06567030400037766,0.0007353749242611229,0.349343478679657,0.07563390769064426,0.00929897892923727,0.006212259293533862,0.012166302655259085,0.007981079630553722,0.386011965572834,0.23082293663173914
221,0.001935711350199863,0.12250205874443054,0.06523910164833069,0.0007400278700515628,0.35155388712882996,0.0758170485496521,0.009310230555504029,0.006211631232872605,0.012199800406095411,0.0076746814884245396,0.388140544295311,0.23197879642248154
222,0.0019354776037996309,0.12290243804454803,0.0655524730682373,0.000741603143978864,0.3523022532463074,0.07520099356770515,0.00927232815347103,0.006182224838994443,0.012314680607499845,0.008233107393607497,0.3954848498106003,0.23534292168915272
223,0.0019352428212333164,0.12401236593723297,0.06486499309539795,0.0007590739987790585,0.36060184240341187,0.0758227240294218,0.009310578903207573,0.0062030014814808965,0.012523327659731253,0.007774320896714926,0.4089997410774231,0.24241123255342245
224,0.0019350070027583871,0.12680786848068237,0.06564684212207794,0.0007819137535989285,0.3714520037174225,0.07475399412214756,0.009244729444052751,0.006152751739136875,0.013057031148613972,0.009167660027742386,0.4446030259132385,0.25967851001769304
225,0.0019347701486334475,0.13319608569145203,0.06439924240112305,0.0008596552070230246,0.40838342905044556,0.07645234651863575,0.009349156160982922,0.006234470987692475,0.013952288233208926,0.008801000425592065,0.5076617002487183,0.292057023383677
226,0.001934532259118237,0.14597325026988983,0.06635860353708267,0.000977638061158359,0.4644318222999573,0.07477832213044167,0.009246233647313131,0.0061333723133429885,0.015060484952719565,0.01122123165987432,0.5915091633796692,0.3331437427550554
227,0.0019342933344736303,0.16166383028030396,0.06426019966602325,0.001160451676696539,0.5512783527374268,0.07794868759810925,0.009440204663330938,0.006368630565702915,0.015076751371940365,0.00966672645881772,0.592787578701973,0.3353681331500411
228,0.001934053374961638,0.16284847259521484,0.06747550517320633,0.0011458470253273845,0.5443403124809265,0.07530510053038597,0.009278744451446615,0.00611702399328351,0.013015118586000395,0.009155243868008256,0.4417532980442047,0.25852919928729534
229,0.0019338123808454047,0.1334362030029297,0.06489274650812149,0.0008580271387472749,0.4076100289821625,0.07518711499869823,0.00927147230503902,0.006063364678993821,0.012222268459334355,0.008085846668109298,0.38957148790359497,0.2323793014511466
230,0.0019335703523892104,0.12337605655193329,0.0652279257774353,0.0007493208395317197,0.35596856474876404,0.07672474905848503,0.009365797015535028,0.0061196680180728436,0.013642412796628105,0.008348283590748906,0.4853621646761894,0.2810434568673372
231,0.0019333272898584687,0.14181996881961823,0.06702817231416702,0.0009282865794375539,0.44098711013793945,0.07543310895562172,0.009286626940431354,0.006089671049267054,0.012760394141311535,0.008828854188323021,0.4246310070157051,0.2500320579856634
232,0.0019330831935197275,0.1308906376361847,0.06535936892032623,0.0008273057173937559,0.39301565289497375,0.07621091045439243,0.009334382104909616,0.006114693358540535,0.012225624467816592,0.008004741743206978,0.3897854834794998,0.23299819696694613
233,0.0019328380636406688,0.12440994381904602,0.06598316878080368,0.0007538433419540524,0.358117014169693,0.07673859968781471,0.009366642303353039,0.006134466151706874,0.013116255205503404,0.007865049177780747,0.4486454501748085,0.2626920249313116
234,0.0019325919004901067,0.13483141362667084,0.066874198615551,0.0008560278220102191,0.4066602885723114,0.07583535276353359,0.009311354384284204,0.006038930732756853,0.012162113996957881,0.007880464661866426,0.38574623316526413,0.23079079296439886
235,0.0019323447043379902,0.1234089732170105,0.06605906039476395,0.0007426689844578505,0.3528085947036743,0.07542835362255573,0.009286334205240419,0.006007800227962434,0.012558747299617923,0.008541022893041372,0.41131656616926193,0.24337245989590883
236,0.0019320964754553996,0.12824095785617828,0.06537170708179474,0.0007993137696757913,0.37971797585487366,0.07732139341533184,0.009402142707673627,0.006148499203845859,0.012559724776229355,0.007421599933877587,0.4113805741071701,0.24435098376125097
237,0.0019318472141145486,0.1279967725276947,0.06673961132764816,0.0007852258277125657,0.37302541732788086,0.07661563903093338,0.009359135070181383,0.006063619279302657,0.012167173671970594,0.007341898046433926,0.3860672414302826,0.231341440230608
238,0.0019315969205887826,0.12304900586605072,0.06606708467006683,0.0007388128433376551,0.35097670555114746,0.07600622810423374,0.00932183877315415,0.006048229173757136,0.012617077326422753,0.008661249652504921,0.41514620929956436,0.24557621870189905
239,0.0019313455951525795,0.12928779423236847,0.06560364365577698,0.0008083788561634719,0.38402438163757324,0.07640192471444607,0.009346072527606362,0.006056667654775083,0.012106051909548391,0.00740798213519156,0.38219816982746124,0.22930004727095366
240,0.0019310932380815478,0.1221134215593338,0.06588983535766602,0.0007304581813514233,0.34700775146484375,0.07698840089142323,0.009381875288407678,0.006158162374049425,0.01243802868803719,0.0073611619882285595,0.40344715118408203,0.24021777603775263
241,0.0019308398496524284,0.12595397233963013,0.06616279482841492,0.0007685818709433079,0.3651186227798462,0.07609700039029121,0.009327403546278064,0.006094531621783972,0.012257391492618135,0.00804948853328824,0.3918137177824974,0.2339553590863943
242,0.001930585430143093,0.12399380654096603,0.06517377495765686,0.000756278692279011,0.35927391052246094,0.07590249553322792,0.009315475589605562,0.0060673936968669295,0.012145434179678635,0.007835689350031316,0.3846888691186905,0.2302956823259592
243,0.0019303299798325434,0.1223069280385971,0.06508491188287735,0.000739272334612906,0.35119497776031494,0.07646412216126919,0.009349876012227712,0.006091080605983734,0.012412253351740236,0.007390897604636848,0.4017767533659935,0.23912043776363134
244,0.0019300734990009122,0.12521803379058838,0.06575721502304077,0.0007642511045560241,0.3630613088607788,0.0757976584136486,0.009309039764379624,0.006064313114620745,0.012047167737186172,0.007540901657193899,0.3784891739487648,0.2271434161812067
245,0.0019298159879294625,0.12074649333953857,0.06495439261198044,0.000723947596270591,0.34391486644744873,0.07543076947331429,0.009286483071395306,0.006053270306438208,0.012288548709432367,0.008113955613225698,0.39380817860364914,0.2346194740384817
246,0.0019295574469005863,0.12359727919101715,0.06445477157831192,0.0007581591489724815,0.3601672649383545,0.07586080953478813,0.009312917164840177,0.006093828589655459,0.012164768431779731,0.007344651501625776,0.385914608836174,0.23088770918548107
247,0.0019292978761978055,0.12175440788269043,0.0649442970752716,0.000734640983864665,0.3489948511123657,0.07535802572965622,0.009282004192026207,0.006048818584531546,0.012111379815323743,0.0074124656384810805,0.3825346454977989,0.22894633561372757
248,0.0019290372761057717,0.12073734402656555,0.0646597221493721,0.0007263324223458767,0.34504783153533936,0.07464082539081573,0.009237729234797936,0.006016800994984806,0.012280076793922052,0.00814697565510869,0.39326538145542145,0.2339531034231186
249,0.0019287756469102645,0.12265690416097641,0.06399024277925491,0.0007521730149164796,0.3573235273361206,0.07488815113902092,0.00925302111098007,0.006029977113939822,0.012067720489249043,0.007470809272490442,0.37978170067071915,0.22733492590487003
250,0.0019285129888981921,0.1197630912065506,0.06414814293384552,0.0007203859277069569,0.3422228693962097,0.07495102472603321,0.009256904388914978,0.006042720749974251,0.01216484349526067,0.0074086314998567104,0.38591938465833664,0.23043520469218493
251,0.0019282493023575918,0.12078234553337097,0.06420055776834488,0.000730672269128263,0.34710949659347534,0.07400454767048359,0.009198271096960255,0.005980859277769923,0.012208351123503524,0.007985265459865332,0.38868480920791626,0.23134467843919992
252,0.001927984587577628,0.12092342972755432,0.06343615055084229,0.0007385935168713331,0.3508725166320801,0.07406715676188469,0.009202161171441922,0.005982395261526108,0.012066710091599004,0.007583552855066955,0.379718117415905,0.22689263708889484
253,0.0019277188448485931,0.1189555674791336,0.06364861875772476,0.0007160927052609622,0.3401833772659302,0.07416865229606628,0.009208463889119854,0.006000865250825882,0.012183193236647146,0.007479970692656934,0.3870845064520836,0.23062657937407494
254,0.001927452074461906,0.12012770771980286,0.06371015310287476,0.0007279113051481545,0.34579789638519287,0.07364242151379585,0.009175738469028067,0.005973420804366469,0.012194259041451869,0.007934283930808306,0.3877880200743675,0.2307152207940817
255,0.0019271842767101136,0.11994519829750061,0.06305044889450073,0.0007315452094189823,0.34752416610717773,0.07365475036203861,0.009176506613078804,0.0059737624833360314,0.012082774483483827,0.007619737996719778,0.3807297870516777,0.22719226870685816
256,0.001926915451886889,0.11840711534023285,0.06314791738986969,0.0007145359995774925,0.3394438922405243,0.07359546981751919,0.00917281308507332,0.005965423653833568,0.012166934171016355,0.007539982907474041,0.38605204224586487,0.22982375603169203
257,0.0019266456002870315,0.11924022436141968,0.06325335055589676,0.0007224167929962277,0.34318768978118896,0.07308482751250267,0.009140934842107566,0.005940219620242715,0.012213867031861678,0.007971908897161484,0.3890361189842224,0.23106047324836254
258,0.0019263747222064665,0.11942547559738159,0.06265711784362793,0.0007293869275599718,0.34649887681007385,0.07346214912831783,0.00916450065304455,0.005975672043859959,0.012115427768994958,0.007596410810947418,0.3827904164791107,0.22812628280371428
259,0.0019261028179422448,0.11814191192388535,0.06289232522249222,0.0007138969376683235,0.33914023637771606,0.0733602624386549,0.009158143249383563,0.005963921779766679,0.01213098066913557,0.007595548173412681,0.3837738260626793,0.2285670442506671
260,0.001925829887792543,0.11809037625789642,0.06279898434877396,0.0007141403621062636,0.3392559289932251,0.07280991040170193,0.009123726574630422,0.00592225615400821,0.01222007427180642,0.007955662906169891,0.3894316479563713,0.23112077917903662
261,0.0019255559320566626,0.11879387497901917,0.0623631626367569,0.0007252145442180336,0.3445167541503906,0.07306205295026302,0.00913951063199355,0.005935198976658285,0.012175223514021448,0.007586709107272327,0.3865782618522644,0.2298201574012637
262,0.0019252809510350293,0.11830641329288483,0.06266424059867859,0.0007175487116910517,0.3408750891685486,0.07283107005059719,0.009125051684990509,0.005929024191573262,0.012124729468167119,0.007721665082499385,0.38337841629981995,0.22810474317520857
263,0.0019250049450291935,0.11742798984050751,0.06232352554798126,0.0007111721206456423,0.3378458321094513,0.07263877615332603,0.009112997596534061,0.005919108400121331,0.012151558269789718,0.007798112230375409,0.38507694005966187,0.22885785810649395
264,0.0019247279143418297,0.11752663552761078,0.062170784920454025,0.0007134964689612389,0.3389500379562378,0.07272769510746002,0.009118573820077334,0.005921163829043508,0.01218901750497384,0.007594927446916699,0.38745470345020294,0.23009119927883148
265,0.0019244498592767363,0.11797793209552765,0.062427788972854614,0.0007160824025049806,0.3401784896850586,0.07227160222828388,0.00908993632859241,0.005888807587325573,0.012198236247543305,0.00790004397276789,0.38804101198911667,0.23015630710870028
266,0.0019241707801388346,0.11771485209465027,0.06196417659521103,0.0007172172190621495,0.3407175540924072,0.07253007590770721,0.009106176376526347,0.005911347805522382,0.012134337640695946,0.007626075763255358,0.3839862570166588,0.228258166462183
267,0.0019238906772341688,0.11704538017511368,0.0621647946536541,0.0007084815879352391,0.3365676999092102,0.07232747040688992,0.009093449385559794,0.005897436756640673,0.012123487513404507,0.00766379467677325,0.3832998648285866,0.22781366761773825
268,0.0019236095508699067,0.11675947904586792,0.062029898166656494,0.0007066084071993828,0.3356778025627136,0.07198702916502953,0.009072022717903458,0.005873545189388096,0.012162173073781988,0.00782470463309437,0.3857499957084656,0.22886851243674755
269,0.0019233274013543374,0.11698848009109497,0.061832450330257416,0.0007106810808181763,0.3376125693321228,0.072212228551507,0.00908620170430431,0.005897404276765883,0.012169505495101525,0.007584575796499848,0.3862152323126793,0.22921373043209314
270,0.0019230442289968725,0.11717386543750763,0.06208193674683571,0.0007105316617526114,0.3375415802001953,0.07189640030264854,0.009066310225265968,0.005878107389435172,0.01217863714493869,0.007848663022741675,0.3867950588464737,0.22934572957456112
271,0.0019227600341080453,0.11695462465286255,0.06169059872627258,0.0007115193293429911,0.3380107581615448,0.07206755876541138,0.00907709558960447,0.005890446132980287,0.012130495734778472,0.00759808998554945,0.38374315947294235,0.22790535911917686
272,0.0019224748169995103,0.1164892166852951,0.061908360570669174,0.0007047872059047222,0.33481264114379883,0.07179697044193745,0.009060039017353428,0.005865017767064273,0.012120057749204832,0.007685981341637671,0.3830830454826355,0.22744000796228647
273,0.0019221885779840428,0.1161678209900856,0.06175315007567406,0.0007027112878859043,0.33382648229599,0.07171652652323246,0.009054962013875806,0.005864396574907005,0.012126252556955446,0.007722491747699678,0.3834747299551964,0.22759562823921442
274,0.0019219013173755392,0.11612115800380707,0.061659302562475204,0.0007030103588476777,0.3339685797691345,0.07193628512322903,0.009068824694860948,0.005893474444746971,0.012129901761243733,0.007574638817459345,0.3837055563926697,0.22782092075794935
275,0.001921613035489016,0.11624537408351898,0.06180412322282791,0.0007030983688309789,0.33401039242744446,0.0715506374835968,0.00904448310770742,0.005863048951141536,0.012165738838281986,0.007821900304406881,0.3859761953353882,0.2287634164094925
276,0.0019213237326406096,0.11630381643772125,0.06147916615009308,0.0007064496167004108,0.33560237288475037,0.07173026166856289,0.009055828783236042,0.005874588852748275,0.012145340874265704,0.007557917386293411,0.3846829757094383,0.2282066186890006
277,0.0019210334091475758,0.11622162163257599,0.06174495071172714,0.0007033466827124357,0.33412832021713257,0.07139519043266773,0.009034652851378455,0.0058504806365817785,0.012156173291730847,0.007797283469699323,0.3853694871068001,0.2283823387697339
278,0.0019207420653282908,0.11599688231945038,0.061404936015605927,0.000703844241797924,0.334364652633667,0.07163075171411037,0.009049545186252788,0.005875011556781828,0.012121794211123903,0.007563110557384789,0.3831927925348282,0.22741177212446928
279,0.0019204497015022474,0.1157398372888565,0.06160031631588936,0.0006994936265982687,0.3322979211807251,0.07130969502031803,0.009029241970858389,0.005850780988112092,0.012128264846990457,0.007714424980804324,0.3836020305752754,0.22745586279779673
280,0.0019201563179900595,0.11548757553100586,0.061366498470306396,0.000698807358276099,0.3319718837738037,0.07131185382604599,0.009029378556575303,0.0058528241934254766,0.012114154379380808,0.007612764835357666,0.38270995765924454,0.22701090574264526
281,0.001919861915113458,0.11529985070228577,0.06143376603722572,0.0006962651386857033,0.33076420426368713,0.07125222310423851,0.009025602751787595,0.005853166221641004,0.0121144515306113,0.007644951925612986,0.3827287256717682,0.22699047438800335
282,0.0019195664931952912,0.11515748500823975,0.061334796249866486,0.0006955999415367842,0.3304482102394104,0.07121666334569454,0.009023350198286508,0.005852381233125925,0.01211681376625395,0.007661307812668383,0.38287798315286636,0.22704732324928045
283,0.0019192700525595256,0.11506541073322296,0.061263881623744965,0.000695228052791208,0.33027151226997375,0.07119468040764332,0.009021957427539124,0.005848922999575734,0.012116014194897374,0.007600337266921997,0.3828274607658386,0.22701107058674097
284,0.001918972593531245,0.11500097811222076,0.06128772720694542,0.0006943490589037538,0.32985395193099976,0.07099040783941746,0.009009005159051564,0.0058367440942674875,0.012138109995670913,0.007727721240371466,0.3842250406742096,0.22760772425681353
285,0.0019186741164366492,0.1149795800447464,0.06111188977956772,0.0006956044235266745,0.33045029640197754,0.07119331881403923,0.009021871033793906,0.005859046941623092,0.012132554098150252,0.007558451499789953,0.3838733956217766,0.2275333572179079
286,0.0019183746216030557,0.11502240598201752,0.06124996393918991,0.0006948925438337028,0.33011215925216675,0.07084822282195091,0.008999979089183966,0.00583469052799046,0.012184371778889052,0.007829441805370152,0.38715940713882446,0.2290038149803877
287,0.0019180741093588966,0.11520043015480042,0.0609191358089447,0.0006995518924668431,0.33232560753822327,0.07118137367069721,0.009021114423115135,0.0058572376146912575,0.012194833174359505,0.007516242563724518,0.38782452791929245,0.22950295079499483
288,0.0019177725800337208,0.11569521576166153,0.06126934662461281,0.000701810815371573,0.333398699760437,0.07056746631860733,0.008982128579666543,0.005816984688863158,0.012355911911593917,0.008119346341118217,0.39813756197690964,0.23435251414775848
289,0.001917470033958192,0.11689828336238861,0.060686901211738586,0.000719377479981631,0.3417438268661499,0.07158962823450565,0.009046947045270474,0.005903474986553192,0.012516506549591851,0.007572720409370959,0.4085543006658554,0.24007196445018053
290,0.001917166471464089,0.11996304988861084,0.06155738979578018,0.0007443047361448407,0.3535856604576111,0.07025349512696266,0.008962124540071744,0.005808562622405589,0.013156747084462656,0.009113156236708164,0.45141978561878204,0.26083664037287235
291,0.0019168618928843057,0.1266334056854248,0.06031499803066254,0.0008249720558524132,0.3919070363044739,0.0729796402156353,0.009134354633973779,0.0060612482484430075,0.014048015410300107,0.008585555013269186,0.514651820063591,0.29381573013961315
292,0.0019165562985528496,0.14168231189250946,0.06272319704294205,0.0009630859713070095,0.4575187563896179,0.0701171699911356,0.00895342472720489,0.005803006235510111,0.015411846347307911,0.011401533847674727,0.6194309145212173,0.34477404225617647
293,0.0019162496888048422,0.15882954001426697,0.06000513210892677,0.0011664485791698098,0.5541271567344666,0.07608795538544655,0.00932684900287244,0.00640675297472626,0.015519467491472127,0.009731057332828641,0.6281121522188187,0.3521000538021326
294,0.001915942063976519,0.16560694575309753,0.06509067118167877,0.0011949606705456972,0.5676720142364502,0.07128258608281612,0.009027525307075294,0.005845948355272412,0.01315895870612384,0.009220997337251902,0.4515715390443802,0.26142706256359816
295,0.0019156334244052281,0.1280011683702469,0.0610186904668808,0.0008334426674991846,0.39593106508255005,0.07131021469831467,0.00902927460657153,0.005861725891008973,0.01243436268345166,0.008348832838237286,0.40320935100317,0.23725978285074234
296,0.0019153237704294306,0.1193704754114151,0.06172189861536026,0.0007366827921941876,0.34996479749679565,0.07310904935002327,0.009142449357986417,0.005948217469267547,0.013970706652439597,0.008403579704463482,0.5090029388666153,0.2910559941083193
297,0.0019150131023887,0.14086514711380005,0.06352578848600388,0.0009477274143137038,0.45022258162498474,0.07226283848285675,0.009089385208265152,0.0059033227153122425,0.012475703215794332,0.008342129876837134,0.4058949202299118,0.23907887935638428
298,0.0019147014206237223,0.12107932567596436,0.06213811784982681,0.0007511641015298665,0.3568441867828369,0.07216358371078968,0.009083140846055318,0.0058615218149498105,0.01277677555029531,0.008727610111236572,0.42572198063135147,0.24894278217107058
299,0.0019143887254762946,0.12490931153297424,0.062001362442970276,0.0007926264079287648,0.3765410780906677,0.07345562055706978,0.009164093755691254,0.0059227870078757405,0.013079906611167504,0.007697029504925013,0.44616225361824036,0.25980893708765507
300,0.0019140750172893255,0.12886874377727509,0.06348862498998642,0.000821776979137212,0.39038920402526855,0.07294497825205326,0.009132184876527873,0.005799721926450729,0.012160851030333023,0.007351988460868597,0.3856661319732666,0.22930555511265993
301,0.001913760296406834,0.11733010411262512,0.0629507526755333,0.0007048606057651341,0.3348475396633148,0.07242770120501518,0.009099747541950564,0.0057851881720125675,0.013073917690551828,0.009122526505962014,0.4457537829875946,0.2590907420963049
302,0.0019134445631739507,0.12907317280769348,0.06203097105026245,0.0008362020598724484,0.3972419500350952,0.0741837676614523,0.00920940213024483,0.005961742484942079,0.012140852981032624,0.007329010986723006,0.3843987435102463,0.22929125558584929
303,0.0019131278179369156,0.117496058344841,0.06313759088516235,0.0007050340063869953,0.334929883480072,0.07436939142644405,0.009220917130537968,0.005964156007394195,0.012749507401365089,0.007457850850187242,0.4239067807793617,0.2491380861029029
304,0.0019128100610430788,0.12464231252670288,0.06335853785276413,0.0007783886976540089,0.3697773814201355,0.0734355878084898,0.009162844070894113,0.005851306137628853,0.01228948521607005,0.008082708809524775,0.39386819303035736,0.23365189041942358
305,0.0019124912928408996,0.11925889551639557,0.06258775293827057,0.0007282177684828639,0.3459434509277344,0.07338772527873516,0.009159857675110565,0.005846127402037382,0.012372210646735325,0.008203158155083656,0.3991886079311371,0.23628816660493612
306,0.0019121715136799463,0.11999672651290894,0.06231622397899628,0.0007382697658613324,0.3507187068462372,0.07458431832492352,0.009234231769280796,0.0059888947289437056,0.012475600861980895,0.007331318804062903,0.40588822215795517,0.24023627024143934
307,0.001911850723910896,0.12099999934434891,0.06302803754806519,0.0007428358658216894,0.3528878390789032,0.07430977560579777,0.009217220578639619,0.005946673918515444,0.012166373373497134,0.007284131017513573,0.38601645082235336,0.23016311321407557
308,0.0019115289238855345,0.1171286553144455,0.06261812150478363,0.0007055410533212125,0.33517077565193176,0.07313460856676102,0.009144047371274616,0.005850185174494982,0.012526503397020437,0.008375487057492137,0.40920719504356384,0.24117090180516243
309,0.0019112061139567541,0.12115888297557831,0.06172102689743042,0.0007555132615379989,0.35891029238700867,0.0733001921325922,0.009154393233266618,0.005859883269295096,0.01207281143755266,0.007477019913494587,0.3801021873950958,0.226701189763844
310,0.0019108822944785566,0.11551544070243835,0.06204730644822121,0.0006933682016097009,0.32938796281814575,0.07352260872721672,0.009168271136696281,0.005890191649086773,0.01243151311910137,0.007338679628446698,0.4030245840549469,0.2382735963910818
311,0.0019105574658060485,0.11970287561416626,0.06218397617340088,0.0007362905889749527,0.3497784733772278,0.0729223620146513,0.009130769361980467,0.005868586711585522,0.012142584072270807,0.007714011240750551,0.384508341550827,0.22871535178273916
312,0.001910231628295445,0.11569303274154663,0.06137377768754959,0.0007009084802120924,0.3329700231552124,0.07239148207008839,0.00909747225829416,0.005806488334201276,0.012320944535617875,0.008066004374995828,0.3958872854709625,0.23413938377052546
313,0.0019099047823040668,0.11736311763525009,0.06094270199537277,0.0007221159758046269,0.3430447578430176,0.072727981954813,0.009118591673679823,0.005811017006635666,0.012267045819594487,0.007382171228528023,0.3924311622977257,0.23257957212626934
314,0.0019095769281903404,0.11664390563964844,0.06152359023690224,0.0007096549379639328,0.33712512254714966,0.07243182510137558,0.00910000680141219,0.005793362972326577,0.012149868280822705,0.007420318899676204,0.3849698379635811,0.22870083153247833
315,0.0019092480663137983,0.1148948222398758,0.06121116131544113,0.0006938765291124582,0.32962948083877563,0.07189709693193436,0.009066354163505914,0.005778466467745602,0.012368634403385995,0.008111590519547462,0.39895788580179214,0.23542749136686325
316,0.0019089181970350778,0.11710498481988907,0.06048709154129028,0.0007232354255393147,0.3435765504837036,0.0722559206187725,0.00908895013179755,0.005847829976119101,0.012117601275949925,0.007495487341657281,0.3829277604818344,0.22759184055030346
317,0.0019085873207159213,0.1140161007642746,0.060840167105197906,0.0006877515697851777,0.3267197906970978,0.07215612567961216,0.00908267152471915,0.005823173793032765,0.012287348479306834,0.007444991730153561,0.3937312662601471,0.23294369596987963
318,0.0019082554377191745,0.1157262772321701,0.06094827130436897,0.0007048412226140499,0.33483830094337463,0.07158556021749973,0.00904669008549606,0.0057654352858662605,0.01227102700612045,0.0079188859090209,0.3926859423518181,0.2321357512846589
319,0.0019079225484087885,0.1149558424949646,0.06034774333238602,0.0007017888128757477,0.33338820934295654,0.07168927788734436,0.009053241386555451,0.00576998561155051,0.012173340468806209,0.0077026167418807745,0.3864586800336838,0.22907397896051407
320,0.001907588653149817,0.11355669796466827,0.0602666474878788,0.0006877455161884427,0.32671689987182617,0.07221541367471218,0.009086402194877675,0.005839823628775775,0.012296319095128877,0.007476183818653226,0.39430636912584305,0.23326089140027761
321,0.001907253752308417,0.11521372944116592,0.06064737215638161,0.0007019801996648312,0.3334791660308838,0.07155777141451836,0.00904493399832693,0.005774692283011973,0.012203999977447571,0.007764128386043012,0.3884078115224838,0.2299827914685011
322,0.0019069178462518483,0.11341293156147003,0.06001928448677063,0.0006883151363581419,0.32698750495910645,0.07135804556310177,0.00903230276807987,0.005767839029431343,0.01223697744257989,0.007830965798348188,0.3905097246170044,0.23093388509005308
323,0.001906580935348473,0.11352132260799408,0.059959497302770615,0.0006899593863636255,0.32776862382888794,0.07165350392460823,0.009050982246502404,0.0057996283285319805,0.012294181030858093,0.0075313858687877655,0.39416926354169846,0.23291138373315334
324,0.0019062430199677557,0.11429309844970703,0.06027868762612343,0.0006953948177397251,0.33035072684288025,0.07140525616705418,0.009035290153992548,0.005788529408164322,0.012201633004809746,0.007725385949015617,0.38825715333223343,0.2298312047496438
325,0.0019059041004802616,0.11274933815002441,0.05983607470989227,0.0006828733021393418,0.3244023621082306,0.0711760874837637,0.009020779195566707,0.005767022375948727,0.012249512217398072,0.007837755954824388,0.3913101777434349,0.2312431326135993
326,0.0019055641772576573,0.11308340728282928,0.059666797518730164,0.0006878147833049297,0.3267498314380646,0.07125809788703918,0.009025974780706719,0.005775833269581199,0.012271634456016398,0.00754761672578752,0.39272481948137283,0.231991458684206
327,0.001905223250672711,0.11353346705436707,0.0600278303027153,0.0006895118858665228,0.3275560140609741,0.07084881514310837,0.009000016378476127,0.005755368620157242,0.01221215334360993,0.0077386240009218454,0.3889269456267357,0.22988788038492203
328,0.0019048813210992901,0.11232006549835205,0.05964193865656853,0.0006799899274483323,0.32303258776664734,0.07078720070421696,0.008996101776448988,0.005767605849541724,0.012239696190614718,0.007805378409102559,0.39068327099084854,0.23073523584753275
329,0.0019045383889123625,0.11247589439153671,0.05951286107301712,0.0006827168399468064,0.3243280053138733,0.07105249725282192,0.009012944026082215,0.005802761414088309,0.012253845718369643,0.007551665068604052,0.3915870860219002,0.23131979163736105
330,0.001904194454487995,0.11292298138141632,0.05985068157315254,0.0006845780299045146,0.32521218061447144,0.07060675881803036,0.008984628850652234,0.005748514900915325,0.012221006946388275,0.007771378383040428,0.38949108868837357,0.23004892375320196
331,0.001903849518203354,0.11203688383102417,0.05949772149324417,0.0006782236741855741,0.3221935033798218,0.0705509576946497,0.008981077885622156,0.005747419083490968,0.012213660317751323,0.007757285493426025,0.38902293145656586,0.22978694457560778
332,0.0019035035804367043,0.11187447607517242,0.05949605628848076,0.0006765283178538084,0.3213881254196167,0.07080499082803726,0.008997232494979069,0.00578968261834234,0.012233164202763977,0.00756103964522481,0.39026641845703125,0.23053570464253426
333,0.0019031566415674095,0.11233139038085938,0.059718504548072815,0.0006794644286856055,0.322782963514328,0.0705192107707262,0.008979056857714154,0.005771217052824795,0.012232429338464268,0.0078003216767683625,0.390219509601593,0.2303693601861596
334,0.0019028087019759303,0.11187726259231567,0.05937638878822327,0.0006775653455406427,0.3218807578086853,0.07049019448459148,0.008977209227055605,0.005764888599514961,0.012193219895075312,0.007674675201997161,0.3877219259738922,0.22910606022924185
335,0.001902459762043825,0.1113981306552887,0.0594664067029953,0.0006717643700540066,0.3191249966621399,0.070549251511693,0.008980969325800569,0.00576716975774616,0.012211318455295049,0.0075737558072432876,0.38887376338243484,0.22971150744706392
336,0.0019021098221537497,0.11170971393585205,0.05961419269442558,0.0006737994845025241,0.32009178400039673,0.07030178420245647,0.008965203788100692,0.005756722996011376,0.012243706920802597,0.007819987717084587,0.3909393399953842,0.23062056209892035
337,0.0019017588826894555,0.11168760061264038,0.059281446039676666,0.00067636847961694,0.32131218910217285,0.0704585500061512,0.008975194218737775,0.005782639607787132,0.012189207027926127,0.007607496227137744,0.38746675848960876,0.22896265424787998
338,0.0019014069440357914,0.11119136214256287,0.05945922061800957,0.0006696487544104457,0.31811994314193726,0.0702795647084713,0.00896378676325891,0.005766438553109765,0.012192808001037909,0.007621163967996836,0.3876957297325134,0.22898764722049236
339,0.0019010540065787004,0.11107254028320312,0.059408076107501984,0.0006688286084681749,0.3177303671836853,0.07002468407154083,0.008947517997226115,0.005743438960053027,0.012237901991697319,0.0078144894214347,0.39056873321533203,0.23029670864343643
340,0.0019007000707052225,0.11128439009189606,0.059201017022132874,0.0006728018634021282,0.3196178674697876,0.07025367394089699,0.008962135906053275,0.005770208896137774,0.012204755779616038,0.00758674752432853,0.38845591247081757,0.22935479320585728
341,0.0019003451368034912,0.1111183613538742,0.0593956857919693,0.0006694153998978436,0.31800907850265503,0.07008934579789639,0.008951648311736423,0.005760296247899532,0.012202527437252704,0.007710166391916573,0.38831406831741333,0.22920170705765486
342,0.0018999892052627356,0.11074647307395935,0.05918685346841812,0.0006672595627605915,0.31698495149612427,0.06995798274874687,0.008943255503390864,0.005747718969359994,0.012213321048825778,0.007736278581432998,0.3890013322234154,0.22947965748608112
343,0.0018996322764732775,0.11067870259284973,0.059122614562511444,0.0006670871516689658,0.3169030547142029,0.07005848549306393,0.00894967764874921,0.005756032536737621,0.012215060782088448,0.0076048304326832294,0.3891121670603752,0.22958532627671957
344,0.0018992743508265337,0.11079709976911545,0.059249624609947205,0.0006672637537121773,0.31698697805404663,0.06991029530763626,0.008940206946627572,0.005747755290940404,0.012239800071313853,0.007794753182679415,0.390689916908741,0.23030010610818863
345,0.001898915428715013,0.11066611856222153,0.058974623680114746,0.0006682007806375623,0.31743207573890686,0.07007653079926968,0.008950829879813826,0.005763370078057051,0.012208631827802095,0.007643390679731965,0.3887026831507683,0.22938960697501898
346,0.0018985555105323184,0.11037959158420563,0.059087399393320084,0.000664235558360815,0.3155483603477478,0.06996275298297405,0.00894356038326811,0.005749672069214284,0.012216358049004727,0.007677556131966412,0.3891948014497757,0.22957877721637487
347,0.0018981945966731438,0.11023467034101486,0.05901088938117027,0.0006633543525822461,0.3151297867298126,0.06983689032495022,0.008935512056699778,0.005740864668041468,0.012243570240007893,0.0077856003772467375,0.3909306153655052,0.23038375284522772
348,0.0018978326875332754,0.11027418076992035,0.05887094512581825,0.000664948602207005,0.31588709354400635,0.07003189250826836,0.008947978652783102,0.0057603990426287055,0.0122275845529221,0.007624829886481166,0.3899104595184326,0.2299711760133505
349,0.0018974697835095907,0.11025717854499817,0.05899413302540779,0.000663732411339879,0.3153093457221985,0.06983460113406181,0.008935365587913871,0.0057442308170720935,0.012248126236611787,0.007783523760735989,0.39122162014245987,0.23052811063826084
350,0.0018971058850000592,0.11007896065711975,0.05876344069838524,0.0006637991173192859,0.315341055393219,0.06984922662377357,0.00893630125719037,0.005741657339967787,0.012231440726153718,0.007681481656618416,0.39015643298625946,0.23000282980501652
351,0.0018967409924037398,0.10986708849668503,0.05882970988750458,0.0006610110867768526,0.3140166103839874,0.06980243138968945,0.008933307238863762,0.005738965002819896,0.012236161492254708,0.007689316291362047,0.3904576823115349,0.23013005685061216
352,0.0018963751061207821,0.10976655781269073,0.058777377009391785,0.0006603936199098825,0.31372326612472534,0.06974193640053272,0.008929435402579162,0.005738010513596237,0.012254635257684374,0.007770828902721405,0.39163753390312195,0.23068973515182734
353,0.0018960082265524248,0.10975390672683716,0.05864257365465164,0.0006613954901695251,0.31419920921325684,0.06987127102911472,0.008937711039157034,0.0057476116344332695,0.012241565313961447,0.0076409523608163,0.3908025845885277,0.2303369278088212
354,0.001895640354100997,0.1097249686717987,0.05874921381473541,0.0006601929781027138,0.3136279582977295,0.06967415288090706,0.008925094877103325,0.00572971859946847,0.012266819834836108,0.007794572738930583,0.39241673797369003,0.23104544542729855
355,0.0018952714891699158,0.10961286723613739,0.05855872482061386,0.0006606170791201293,0.3138294219970703,0.06979778781533241,0.008933010357703329,0.0057385703548789024,0.012245671687180415,0.007670617895200849,0.3910648450255394,0.2304313164204359
356,0.0018949016321636867,0.10945102572441101,0.05864182114601135,0.0006582140340469778,0.31268781423568726,0.06976227834820747,0.008930737708965438,0.005738161271438003,0.012251508716367335,0.007733891601674259,0.39143773168325424,0.23060000501573086
357,0.001894530783487903,0.10930351912975311,0.05852529779076576,0.0006576425512321293,0.3124163746833801,0.06975552439689636,0.008930305087697226,0.005735207814723253,0.012252004152892865,0.007727942778728902,0.39146938174963,0.23061245307326317
358,0.0018941589435492463,0.10920528322458267,0.058495134115219116,0.0006568626849912107,0.3120458722114563,0.06977584771811962,0.008931606045330328,0.005733289988711476,0.012250661959016253,0.007681385148316622,0.3913836255669594,0.2305797366425395
359,0.0018937861127554842,0.1091497540473938,0.0585196316242218,0.0006560720503330231,0.3116702437400818,0.06968962401151657,0.008926086033375675,0.005729033844545484,0.012270796647564135,0.007780675194226205,0.39267122745513916,0.23118042573332787
360,0.0018934122915154714,0.10910133272409439,0.058383047580718994,0.0006567123346030712,0.3119744658470154,0.06983274221420288,0.008935246802917168,0.005739706568419933,0.012253246590481258,0.007656746660359204,0.3915487751364708,0.23069075867533684
361,0.001893037480239149,0.10903892666101456,0.05847223103046417,0.000655304582323879,0.3113057017326355,0.06966049410402775,0.008924220200064841,0.005725819384679198,0.012276563204792094,0.007794095668941736,0.39304036647081375,0.23135043028742075
362,0.0018926616793375436,0.10894602537155151,0.05829678475856781,0.0006558041204698384,0.31154298782348633,0.06974831223487854,0.008929843825977155,0.005729100201278925,0.012257173640379686,0.007667318917810917,0.39179980754852295,0.23077405989170074
363,0.0018922848892227665,0.10883663594722748,0.05839749425649643,0.0006538047455251217,0.3105931878089905,0.06963349506258965,0.008922490567608755,0.005723731126636267,0.012274485570499519,0.007781536318361759,0.39290736615657806,0.23127043060958385
364,0.0018919071103080144,0.10871554911136627,0.058238960802555084,0.0006538652814924717,0.3106219172477722,0.06973121874034405,0.008928749392563395,0.0057307155802845955,0.012257131642534325,0.007681916584260762,0.39179712533950806,0.23076417203992605
365,0.0018915283430075685,0.108597531914711,0.05829958990216255,0.0006521125324070454,0.3097892999649048,0.06961437314748764,0.008921265454766795,0.00572115951217711,0.012270423232197663,0.00775914266705513,0.39264731854200363,0.23113084584474564
366,0.0018911485877367935,0.10848193615674973,0.058183200657367706,0.0006518758600577712,0.3096768856048584,0.06964356638491154,0.008923136084861637,0.005721442634239793,0.01226224630758387,0.00770132290199399,0.3921241760253906,0.23088387120515108
367,0.0018907678449121374,0.108374685049057,0.058207735419273376,0.0006505404599010944,0.30904248356819153,0.0696119349449873,0.008921108965015558,0.005720472545363009,0.012269589640343472,0.007740695960819721,0.39259397238492966,0.23110295366495848
368,0.0018903861149511315,0.1082712709903717,0.05812476575374603,0.0006501506431959569,0.3088572919368744,0.06964216567575932,0.008923046186157838,0.005721064633689821,0.012266592066457613,0.007713500992394984,0.39240215718746185,0.23102216143161058
369,0.0018900033982723898,0.10817272961139679,0.058114200830459595,0.0006492024986073375,0.3084068298339844,0.06960106454789639,0.008920412730756585,0.005716187413781881,0.012272688305803553,0.007732697878964245,0.392792284488678,0.23119667451828718
370,0.0018896196952956073,0.1080750897526741,0.05806240811944008,0.0006486109341494739,0.3081258237361908,0.06959758326411247,0.008920189443069602,0.005715117673389614,0.012274122196571367,0.007726150564849377,0.3928840830922127,0.23124083317816257
371,0.0018892350064415619,0.1079791784286499,0.058033883571624756,0.0006478416034951806,0.3077603578567505,0.06960704922676086,0.008920795977277591,0.005715632811188698,0.012276325097084718,0.00772717478685081,0.39302509278059006,0.23131607100367546
372,0.0018888493321321121,0.10788311064243317,0.057991161942481995,0.000647190201561898,0.30745089054107666,0.06960014067590237,0.008920353493791637,0.005713075399398804,0.012280659652935132,0.007732769590802491,0.39330270886421204,0.2314514247700572
373,0.0018884626727901973,0.10778753459453583,0.05794832110404968,0.0006465449696406722,0.3071443736553192,0.06959417089819908,0.008919970840029084,0.00570998911280185,0.012283458175887099,0.007723170332610607,0.3934819847345352,0.23153807781636715
374,0.0018880750288398362,0.10769225656986237,0.057925302535295486,0.0006457359413616359,0.3067600429058075,0.06957659125328064,0.008918843990959286,0.005708592711016536,0.012290307542378935,0.007742428337223828,0.3939209207892418,0.23174875602126122
375,0.0018876864007061284,0.10759797692298889,0.05786827206611633,0.0006452237721532583,0.30651676654815674,0.0696195550262928,0.008921597693287988,0.0057105435989797115,0.012287968741135602,0.00771216384600848,0.3937710225582123,0.23169528879225254
376,0.0018872967888152524,0.10750729590654373,0.05786027014255524,0.0006443369202315807,0.3060953915119171,0.06957266479730606,0.008918592722239323,0.005706394091248512,0.012302157673212346,0.007764357724227011,0.3946809023618698,0.23212678357958794
377,0.0018869061935944652,0.10742597281932831,0.05777375400066376,0.0006442093290388584,0.3060348331928253,0.06964858621358871,0.008923457653876553,0.005707351723685861,0.012295223183912853,0.007687882403843105,0.39423608034849167,0.2319423332810402
378,0.0018865146154721023,0.10737437754869461,0.05782512575387955,0.0006432337686419487,0.30557137727737427,0.0695350430905819,0.008916180835075362,0.005703338887542486,0.012333842613527978,0.007833850104361773,0.39671657234430313,0.2331258077174425
379,0.001886122054877577,0.1074131429195404,0.057651959359645844,0.0006450997898355126,0.30645787715911865,0.06980173289775848,0.00893326274804264,0.0057151493383571506,0.012324963951780512,0.007623006240464747,0.39614561945199966,0.23297367617487907
380,0.0018857285122413805,0.10775554180145264,0.057890959084033966,0.0006466911872848868,0.30721384286880493,0.06947993859648705,0.008912647192937313,0.005704854498617351,0.012513496605779682,0.008125467458739877,0.4083578288555145,0.23891888372600079
381,0.0018853339879950804,0.10907948017120361,0.057496294379234314,0.0006639489438384771,0.3154122233390808,0.07056084647774696,0.008981707142173194,0.005758603452704847,0.01273562062724587,0.0076668846886605024,0.4229838326573372,0.24677233956754208
382,0.0018849384825713206,0.11395558714866638,0.05858992785215378,0.0007060618954710662,0.3354181945323944,0.06981374695897102,0.008934031481618617,0.005749941803514957,0.013980503389840073,0.009690938051789999,0.5097170621156693,0.28976540453732014
383,0.0018845419964038219,0.12817637622356415,0.05764814466238022,0.0008636668790131807,0.4102892577648163,0.07494425214827061,0.00925648632395691,0.006160665536299348,0.016054833587999313,0.00994566478766501,0.6721948087215424,0.3735695304349065
384,0.0018841445299273797,0.1672365665435791,0.06247979775071144,0.0012340967077761889,0.5862636566162109,0.06946666538715363,0.008911795787448206,0.005726977018639445,0.017475980027176694,0.012993913143873215,0.796464815735817,0.4329657405614853
385,0.0018837460835778646,0.18313312530517578,0.057015225291252136,0.0014474213821813464,0.6876046657562256,0.07720535062253475,0.00939508476195523,0.006627232069149613,0.014657621311165523,0.00891863345168531,0.5602869689464569,0.31874615978449583
386,0.0018833466577922217,0.14579997956752777,0.06411372125148773,0.0009947165381163359,0.47254496812820435,0.07253678143024445,0.00910659744689156,0.005978704430162907,0.012432616036644795,0.007426645373925567,0.4030960872769356,0.23781643435359
387,0.0018829462530084707,0.11423207074403763,0.060808248817920685,0.0006902934983372688,0.3279273509979248,0.0740079265087843,0.009198481108675908,0.00638628366868943,0.015165569465197598,0.011240247171372175,0.5997924506664276,0.33690018858760595
388,0.0018825448696657046,0.15369850397109985,0.06294114142656326,0.0010877224849537015,0.5167279839515686,0.07431185245513916,0.00921734954390079,0.006126232095994055,0.012623227511877845,0.0075343664502725005,0.4155510291457176,0.2449314408004284
389,0.0018821425082040893,0.11806993186473846,0.06267976760864258,0.0007149290177039802,0.3396305739879608,0.07759038545191288,0.00941848320340952,0.006515449029393494,0.013673523208561357,0.008114477852359414,0.4875783398747444,0.28258436266332865
390,0.0018817391690648633,0.13405132293701172,0.06545837968587875,0.0008597386186011136,0.4084230959415436,0.07285099849104881,0.009126300067114654,0.005834570853039622,0.012746267351373521,0.008629872463643551,0.42369135469198227,0.24827117659151554
391,0.001881334852690338,0.12079581618309021,0.06152272969484329,0.0007533616153523326,0.3578881621360779,0.0745003018528223,0.009229028861120984,0.005902788368985057,0.013036395126593863,0.009012851398438215,0.4431987926363945,0.2588495472446084
392,0.001880929559523895,0.1261851191520691,0.06369505077600479,0.0007917932816781104,0.3761453330516815,0.07417934201657772,0.009209127679916572,0.005761681357398629,0.013080210609104722,0.0077708931639790535,0.4461830109357834,0.26018117647618055
393,0.0018805232900099885,0.12395412474870682,0.06309718638658524,0.0007733461097814143,0.36738187074661255,0.0765652060508728,0.009356054142468184,0.006228354410268366,0.012709256627396349,0.007485310896299779,0.4212344065308571,0.24889980629086494
394,0.0018801160445941427,0.1209273487329483,0.0643363893032074,0.0007310546934604645,0.34729114174842834,0.07463364116847515,0.00923728460421644,0.006066234316676855,0.012822343229740277,0.008700184058398008,0.4287640228867531,0.2516988320276141
395,0.0018797078237229525,0.12256687134504318,0.062294572591781616,0.0007655031513422728,0.36365604400634766,0.07392213307321072,0.00919314795600833,0.0057983893202617764,0.012507145136865945,0.008292013546451926,0.40794339776039124,0.24093276541680098
396,0.0018792986278440814,0.11784836649894714,0.06189500540494919,0.0007192048942670226,0.34166184067726135,0.07573479600250721,0.009305179318982197,0.005971506820060313,0.012877126375849965,0.00761395285371691,0.4324356019496918,0.2540851989760995
397,0.0018788884574062635,0.12191624939441681,0.06369303166866302,0.000746880192309618,0.35480913519859314,0.07438606210052967,0.009221950459649492,0.005846453597769141,0.012390826263642548,0.007359118317253888,0.4003908038139343,0.237388432957232
398,0.0018784773128593009,0.11452718079090118,0.061433423310518265,0.0006881356239318848,0.32690224051475525,0.0755182821303606,0.009291868658480007,0.006125065963715315,0.012692032674623854,0.008477679919451475,0.42009344696998596,0.24780586455017328
399,0.0018780651946540634,0.11956088244915009,0.06168411672115326,0.0007390048704110086,0.3510679304599762,0.07390742376446724,0.009192233285987925,0.005818394478410482,0.012330242407534216,0.007946252590045333,0.39648500829935074,0.235196216031909
400,0.00187765210324249,0.11352086812257767,0.06030183285474777,0.0006870721117593348,0.32639700174331665,0.07479341700673103,0.009247166875977007,0.006013162899762392,0.012663514147191843,0.007505513960495591,0.41820769011974335,0.2465005535632372
401,0.0018772380390775858,0.1174350306391716,0.06168080493807793,0.0007166580180637538,0.3404519259929657,0.0739255640655756,0.00919336105264203,0.005922463606111705,0.012279272447490544,0.007415936095640063,0.3932138606905937,0.23356971237808466
402,0.0018768230026134226,0.11192508786916733,0.06062433123588562,0.0006675608456134796,0.31712809205055237,0.07306719198822975,0.009139832051416294,0.005837914068251848,0.012635817324498404,0.008389611029997468,0.4163803458213806,0.24472376890480518
403,0.001876406994305139,0.1155756264925003,0.05917865410447121,0.0007181558758020401,0.3411635160446167,0.07381551526486874,0.009186515945838756,0.005998344975523651,0.012257326493513581,0.007769672432914376,0.3918095827102661,0.23281254898756742
404,0.0018759900146089392,0.1108730286359787,0.05971058830618858,0.0006641815998591483,0.3155227601528168,0.0730979647487402,0.009141756450603491,0.005775256548076868,0.012616505539846688,0.007569715497083962,0.4151085689663887,0.24410326685756445
405,0.0018755720639820922,0.11407740414142609,0.05945506691932678,0.0007000594632700086,0.3325667381286621,0.07299884036183357,0.009135555949439609,0.00576040567830205,0.012263085293513505,0.007604137645103037,0.39217784255743027,0.23258834145963192
406,0.001875153142882933,0.10959212481975555,0.059519361704587936,0.0006523102056235075,0.309883177280426,0.07211564667522907,0.00908012332843339,0.005713113001547754,0.012627441116268248,0.008330676471814513,0.41582848876714706,0.24397206772118807
407,0.0018747332517708587,0.11324438452720642,0.058392710983753204,0.0007002370548434556,0.3326510787010193,0.07263797894120216,0.009112947595632512,0.005889227846637368,0.012279061945923049,0.00761164037976414,0.3932003676891327,0.23291917331516743
408,0.0018743123911063322,0.10894272476434708,0.05877280235290527,0.0006517612491734326,0.3096224069595337,0.0728891659528017,0.009128690711640242,0.005932039464823902,0.012545815838710164,0.007595902541652322,0.4104699566960335,0.2416795613244176
409,0.0018738905613508788,0.11183011531829834,0.059077341109514236,0.0006795870140194893,0.32284116744995117,0.07194739207625389,0.009069524277281521,0.0057256914442405105,0.012404829507375714,0.007907350664027035,0.4012962803244591,0.23662183620035648
410,0.0018734677629670862,0.10877452790737152,0.058122485876083374,0.000655466690659523,0.3113827109336853,0.07225805334746838,0.009089084319286123,0.005730700911954045,0.012498692884452912,0.008069922216236591,0.4073922336101532,0.2398251434788108
411,0.0018730439964186048,0.10993018746376038,0.058375198394060135,0.000665502215269953,0.31615012884140015,0.07211452163755894,0.00908005261290051,0.005743968649767339,0.01245170216973811,0.007592424051836133,0.4043346866965294,0.23822460416704416
412,0.0018726192621701465,0.1093025952577591,0.058192089200019836,0.0006604385562241077,0.31374460458755493,0.0723198764026165,0.00909297179437701,0.005818608566187322,0.012367877732402643,0.007617236929945648,0.3989090770483017,0.2356144767254591
413,0.0018721935606874848,0.10800879448652267,0.05817321687936783,0.0006469801883213222,0.30735111236572266,0.07158438675105572,0.009046616092595711,0.005738297826610506,0.01257816164639085,0.00814744783565402,0.4125892072916031,0.2420867970213294
414,0.0018717668924374535,0.1093725711107254,0.05741647630929947,0.000667705899104476,0.31719696521759033,0.07165462151169777,0.009051052988191033,0.0057186189806088805,0.012383970214162775,0.007743991794995964,0.39994780719280243,0.2358012143522501
415,0.0018713392578879463,0.10691802203655243,0.05777677148580551,0.0006388377514667809,0.3034830391407013,0.07167243398725986,0.009052177847425144,0.0057131387293338776,0.012491653005216792,0.00764683831948787,0.4069334492087364,0.23930294159799814
416,0.0018709106575079174,0.10844752937555313,0.05792103707790375,0.00065372115932405,0.31055349111557007,0.07123577408492565,0.00902456054579193,0.00570223422255367,0.012422761369338729,0.007917803130112588,0.4024573415517807,0.23684655781835318
417,0.0018704810917673793,0.10702364146709442,0.05726002901792526,0.000644300424028188,0.30607810616493225,0.0711525660008192,0.009019288416324078,0.005719206412322819,0.012434596155798198,0.007930274703539908,0.40322451293468475,0.23718853946775198
418,0.0018700505611374035,0.10695820301771164,0.05724715813994408,0.0006437200354412198,0.3058023750782013,0.07110843807458878,0.009016491216971841,0.005702763213776052,0.012468082558995657,0.0076589047675952315,0.4053992033004761,0.23825382068753242
419,0.0018696190660901196,0.10739406943321228,0.057570382952690125,0.0006455859402194619,0.3066887855529785,0.07087581418454647,0.00900173131686319,0.005673956358805299,0.01239694930100167,0.007769518182612956,0.4007865935564041,0.2358312038704753
420,0.0018691866070987154,0.1060267984867096,0.05740143731236458,0.0006326178554445505,0.30052822828292847,0.07068103924393654,0.008989353835523142,0.005678019137121737,0.012492956931926053,0.008021053858101368,0.40701837837696075,0.23884970881044865
421,0.0018687531846374346,0.10692483186721802,0.057053450495004654,0.0006449997890740633,0.30641037225723267,0.07104666903614998,0.009012573982117888,0.005746134789660573,0.012381670113240352,0.007659891154617071,0.39979927986860275,0.23542297445237637
422,0.001868318799181578,0.10617897659540176,0.05740007758140564,0.0006342310225591063,0.30129456520080566,0.07088650017976761,0.009002409542831382,0.005719527369365096,0.012384794491728,0.00768548680935055,0.40000106394290924,0.23544378206133842
423,0.001867883451207503,0.10584534704685211,0.057311318814754486,0.0006314669153653085,0.2999814748764038,0.07059051282703876,0.008983595153565909,0.005700393696315587,0.012489980634657567,0.00801354250870645,0.4068244844675064,0.2387074986472726
424,0.0018674471411926218,0.10643801093101501,0.05705627053976059,0.0006398522527888417,0.3039649724960327,0.07072133384644985,0.008991915617258095,0.0057147800689563155,0.012379116115761485,0.00774280249606818,0.39963435381650925,0.23517784383147955
425,0.001867009869615402,0.10537880659103394,0.057227492332458496,0.0006272623431868851,0.2979840636253357,0.07087987661361694,0.009001989054812497,0.0057563025038689375,0.01239196186646108,0.007663384196348488,0.40046418458223343,0.2356720305979252
426,0.001866571636955365,0.10581272840499878,0.05730273947119713,0.0006311957840807736,0.2998526692390442,0.07056866586208344,0.008982204825135273,0.0057266621151939034,0.012436530179820202,0.007920065429061651,0.40334994345903397,0.2369593046605587
427,0.001866132443693087,0.10562977194786072,0.05694928392767906,0.0006322462577372789,0.30035170912742615,0.07042341493070126,0.008972956276504131,0.005702653666958213,0.012401252403123461,0.007811194518581033,0.4010648652911186,0.23574414011090994
428,0.0018656922903101975,0.10503007471561432,0.05701117217540741,0.0006254133186303079,0.29710569977760315,0.07045885175466537,0.008975213573561359,0.0057018890511244535,0.01242608547968143,0.007702382048591971,0.40267273038625717,0.23656579107046127
429,0.0018652511772893781,0.10549614578485489,0.057176753878593445,0.0006289245211519301,0.29877370595932007,0.07027838565409184,0.008963711680158897,0.005702663562260568,0.012424133432112515,0.007882254896685481,0.4025462120771408,0.23641229886561632
430,0.0018648091051143639,0.10502740740776062,0.05683872848749161,0.0006268371944315732,0.2977820932865143,0.07034090720117092,0.008967698128873294,0.005725405993871391,0.012406722574936442,0.00783860741648823,0.4014187827706337,0.2358798449859023
431,0.0018643660742699406,0.10481142997741699,0.05686245858669281,0.0006243642419576645,0.2966073155403137,0.07034767046570778,0.008968129047720782,0.00571211869828403,0.012423498884725912,0.007717968430370092,0.4025050774216652,0.23642637394368649
432,0.0018639220852419462,0.10504378378391266,0.05700439587235451,0.0006256146589294076,0.29720133543014526,0.07015502080321312,0.008955841207927546,0.005686000920832157,0.012440176829656093,0.007883474696427584,0.4035865217447281,0.2368707712739706
433,0.001863477138517269,0.10466162860393524,0.05678519606590271,0.0006234380998648703,0.2961673438549042,0.07021854817867279,0.008959895108231898,0.005696272128261626,0.012427090955842223,0.007858864031732082,0.40273789316415787,0.23647822067141533
434,0.0018630312345838476,0.10449045896530151,0.05672793835401535,0.0006221185903996229,0.2955405116081238,0.07045784406363964,0.00897514932754649,0.005727080861106515,0.012416758588301022,0.007715257350355387,0.40206846594810486,0.23626315500587225
435,0.0018625843739306705,0.104693204164505,0.05689607560634613,0.0006228368729352951,0.2958817183971405,0.07024816796183586,0.008961784467295834,0.005704469163902104,0.012438502802657911,0.007857096148654819,0.4034779295325279,0.2368630487471819
436,0.0018621365570477752,0.10430942475795746,0.05667384713888168,0.0006206686375662684,0.29485172033309937,0.07021020725369453,0.008959362788172253,0.005697630345821381,0.012451366757288923,0.007864862796850502,0.4043128862977028,0.23726154677569866
437,0.001861687784426248,0.10424096882343292,0.05667143315076828,0.0006199685740284622,0.2945191264152527,0.07034807093441486,0.008968154908278021,0.005708380253054202,0.01243571474350104,0.007734963903203607,0.4032970443367958,0.23682255763560534
438,0.0018612380565582228,0.10431034862995148,0.056772101670503616,0.0006198510527610779,0.29446330666542053,0.07027773186564445,0.008963670282721268,0.00570407509803772,0.012441753408526837,0.007851200876757503,0.40368879586458206,0.23698326386511326
439,0.0018607873739368813,0.10404644906520844,0.05658068507909775,0.000618685269728303,0.29390949010849,0.0702290702611208,0.00896056645231946,0.0056957005290314555,0.012444409001700274,0.007846865337342024,0.4038611426949501,0.23704510647803545
440,0.0018603357370564524,0.10391627252101898,0.05655423924326897,0.0006175377639010549,0.29336437582969666,0.07026844657957554,0.008963078014621534,0.005695824744179845,0.012445784377939927,0.007751496625132859,0.40395043045282364,0.2371094385161996
441,0.0018598831464122112,0.10399121046066284,0.056671395897865295,0.0006173400906845927,0.293270468711853,0.07016230933368206,0.008956306614338836,0.0056916686007753015,0.01245810906262058,0.007860233425162733,0.40475085377693176,0.2374565815553069
442,0.0018594296025004793,0.10376431047916412,0.056489527225494385,0.0006164832157082856,0.2928634285926819,0.07022372633218765,0.008960225508380156,0.005700498819351196,0.012444246898993195,0.007826053304597735,0.40385064482688904,0.23703718557953835
443,0.0018589751058186224,0.10363823175430298,0.056471824645996094,0.0006153053836897016,0.2923038601875305,0.07028593309223652,0.008964193215718091,0.005697656306438148,0.01243786664842158,0.007744333008304238,0.4034366235136986,0.23686127830296755
444,0.0018585196568650523,0.10365702211856842,0.056543223559856415,0.0006149019463919103,0.29211223125457764,0.07015550881624222,0.00895587228316542,0.005682138609699905,0.012464864211028681,0.007858402794227004,0.4051899239420891,0.23767271637916565
445,0.0018580632561392247,0.10350826382637024,0.05640896409749985,0.0006144667277112603,0.2919054627418518,0.07019544951617718,0.008958421507181721,0.005685545154847205,0.012453049864042743,0.00781957630533725,0.40442219376564026,0.23730882164090872
446,0.0018576059041416387,0.10335583239793777,0.05641143023967743,0.0006128415698185563,0.29113343358039856,0.07029926031827927,0.008965042789969915,0.005697684711776674,0.012441008933784409,0.007755265804007649,0.4036405012011528,0.23696988075971603
447,0.0018571476013738372,0.10335644334554672,0.05644827336072922,0.000612537725828588,0.29098910093307495,0.07020442746579647,0.008958994185708651,0.0056857907911762595,0.012464839986734755,0.007855937001295388,0.40518835186958313,0.2376963896676898
448,0.001856688348338405,0.10324380546808243,0.056308895349502563,0.0006125258514657617,0.2909834384918213,0.07021102122962475,0.008959415067381828,0.005677882581949234,0.012460081918822577,0.007814858690835536,0.40487905591726303,0.2375450385734439
449,0.0018562281455389695,0.10309223085641861,0.05634163320064545,0.0006106548826210201,0.29009461402893066,0.07024774700403214,0.008961757776466165,0.005677835317328572,0.012459330655570066,0.0077803542371839285,0.4048302620649338,0.23753900453448296
450,0.0018557669934801998,0.10305576771497726,0.05635789781808853,0.0006101340986788273,0.2898472249507904,0.0702055711299181,0.008959067278011254,0.005678850109688938,0.012477197894051025,0.007862709811888635,0.40599218010902405,0.23809887561947107
451,0.0018553048926678052,0.10297878086566925,0.056229233741760254,0.0006104072090238333,0.28997695446014404,0.0702594667673111,0.008962505394084162,0.00568342802580446,0.012463935919932827,0.007804858614690602,0.405129574239254,0.23769452050328255
452,0.0018548418436085362,0.10283640027046204,0.05626599118113518,0.0006085991044528782,0.28911805152893066,0.07025422900915146,0.008962171221689632,0.005676262779161334,0.012472601609902972,0.007799539598636329,0.4056931138038635,0.2379736714065075
453,0.0018543778468101827,0.10276497900485992,0.05626222491264343,0.0006078791921027005,0.2887760102748871,0.07021401636302471,0.008959605909285698,0.005670330720022321,0.012495538319943954,0.007870076107792556,0.4071866199374199,0.2387003181502223
454,0.0018539129027815742,0.10271050035953522,0.05616278946399689,0.0006081430474296212,0.28890132904052734,0.07031075097620487,0.008965775729095179,0.005677326931618154,0.012476729331977405,0.007802409469150007,0.40596167743206024,0.23813621420413256
455,0.0018534470120325787,0.10258756577968597,0.05619756504893303,0.000606556364800781,0.28814756870269775,0.07032266072928905,0.008966534980700054,0.005677520064637065,0.012482530010619289,0.007816358120180666,0.40633926540613174,0.2383309630677104
456,0.0018529801750741027,0.10248879343271255,0.056155480444431305,0.0006058709695935249,0.28782203793525696,0.07028425112366676,0.008964085871852039,0.0056721922010183334,0.012504162615672833,0.007865489576943219,0.40774885565042496,0.23901655338704586
457,0.00185251239241809,0.10243295133113861,0.05608838051557541,0.0006058482686057687,0.2878112494945526,0.07035160064697266,0.008968379841273908,0.0056745572946965694,0.012493617070283151,0.007805505068972707,0.4070613905787468,0.23870649561285973
458,0.0018520436645775215,0.10234292596578598,0.05613347515463829,0.0006045210757292807,0.28718072175979614,0.07035474292933941,0.008968580227685407,0.005675347987562418,0.012500812558357074,0.007837305660359561,0.40753043442964554,0.23894258867949247
459,0.0018515739920664151,0.10222873091697693,0.05605953186750412,0.000603941734880209,0.28690552711486816,0.07036599330604076,0.008969297363422148,0.005673717590980232,0.012509731885282354,0.007851457688957453,0.40811216831207275,0.23923908080905676
460,0.0018511033753998243,0.10215476155281067,0.056018680334091187,0.0006035070982761681,0.2866990566253662,0.07041468471288681,0.008972399491287779,0.005672740167938173,0.012508293301538442,0.007808747934177518,0.4080183207988739,0.23921650275588036
461,0.0018506318150938378,0.10208426415920258,0.05605371296405792,0.0006024702452123165,0.2862064838409424,0.07040313817560673,0.008971664254814559,0.005671984166838229,0.012525753939262144,0.007857625023461878,0.40915822237730026,0.2397806802764535
462,0.001850159311665579,0.10198464244604111,0.0559752993285656,0.0006020820001140237,0.28602200746536255,0.07046770490705967,0.008975777378482678,0.005677056731656194,0.012521612452844711,0.007838366087526083,0.40888769179582596,0.2396776983514428
463,0.0018496858656332068,0.10188650339841843,0.05596388503909111,0.0006011451478116214,0.2855769693851471,0.07053301483392715,0.008979935511301811,0.005678689107298851,0.012521695400589113,0.007819789694622159,0.4088931083679199,0.23971306160092354
464,0.001849211477515912,0.10181409120559692,0.05596235394477844,0.0006003958405926824,0.28522101044654846,0.07053217850625515,0.008979882541307613,0.0056742406450212,0.012542357259554637,0.007867519045248628,0.4102436527609825,0.24038791563361883
465,0.0018487361478339193,0.10173557698726654,0.05589412897825241,0.0006001439178362489,0.28510135412216187,0.0705984141677618,0.008984097894866845,0.0056759086437523365,0.012536403038678479,0.007830810733139515,0.4098542332649231,0.24022632371634245
466,0.001848259877108486,0.10163874179124832,0.05591248720884323,0.0005989701603539288,0.2845437526702881,0.07063370011746883,0.00898634267722711,0.005680522997863591,0.01254152999419079,0.007842685095965862,0.41018953174352646,0.24041161593049765
467,0.001847782665861902,0.10154692828655243,0.05586886778473854,0.0005983710871078074,0.2842591404914856,0.07065237872302532,0.008987530989439189,0.005681962706148624,0.012552703909904138,0.007863899460062385,0.41092077642679214,0.24078657757490873
468,0.0018473045146174874,0.1014707162976265,0.05582351237535477,0.0005979508860036731,0.2840595245361328,0.07069525308907032,0.008990257380887252,0.00568005652166903,0.012550777207865748,0.007832312723621726,0.4107946455478668,0.24074494931846857
469,0.0018468254238995937,0.10139040648937225,0.055842675268650055,0.0005969443009234965,0.28358134627342224,0.07069245912134647,0.00899007993664038,0.005678732297383249,0.012564819921228217,0.007868676912039518,0.41171441227197647,0.24120343569666147
470,0.001846345394233603,0.10129788517951965,0.055779557675123215,0.000596501980908215,0.2833712100982666,0.07073818519711494,0.008992986687729142,0.00568257924169302,0.012562439557797922,0.007855162722989917,0.41155844181776047,0.2411483135074377
471,0.0018458644261459259,0.101206474006176,0.05576824024319649,0.0005956350942142308,0.2829594016075134,0.0707739032804966,0.008995256955572342,0.005684600677341223,0.012565224976799887,0.007849754067137837,0.4117409586906433,0.24125743098556995
472,0.0018453825201640035,0.10112480819225311,0.05575554072856903,0.0005948824691586196,0.28260186314582825,0.07077429816126823,0.008995282131491712,0.005682121030986309,0.012580674368270909,0.007881965255364776,0.4127540811896324,0.24176418967545033
473,0.0018448996768163045,0.1010453999042511,0.05570515990257263,0.0005944708827883005,0.2824063301086426,0.07082683593034744,0.00899862019835422,0.005682989372871816,0.012575178032056893,0.00785326724871993,0.4123935177922249,0.24161017686128616
474,0.001844415896632326,0.10095839202404022,0.05571701377630234,0.0005934553919360042,0.28192389011383057,0.07085037976503372,0.009000115916886906,0.005685338634066284,0.01258485987052976,0.007877477910369635,0.4130287915468216,0.24193958565592766
475,0.0018439311801425923,0.10086788982152939,0.05566617473959923,0.000592930824495852,0.28167474269866943,0.07088267244398594,0.009002166466376669,0.005685510695911944,0.012588832301779212,0.007874267059378326,0.41328954696655273,0.24208610970526934
476,0.0018434455278786546,0.10078045725822449,0.05565112456679344,0.0005921373958699405,0.28129780292510986,0.07091283053159714,0.00900408119762985,0.005684688687324524,0.012592689799818299,0.007866963162086904,0.41354288905858994,0.24222785979509354
477,0.00184295894037309,0.10069887340068817,0.05564400553703308,0.0005913387285545468,0.2809183597564697,0.07092868536710739,0.009005087899676302,0.005685930489562452,0.012604711094899553,0.007892868248745799,0.414332814514637,0.2426307499408722
478,0.001842471418159501,0.1006167009472847,0.0555945485830307,0.0005908901803195477,0.2807053029537201,0.07097864523530006,0.009008258674581226,0.005687652388587594,0.01259980488929301,0.00786783010698855,0.41401032358407974,0.2424944844096899
479,0.0018419829617725158,0.10053146630525589,0.05559995025396347,0.0005899476818740368,0.28025752305984497,0.07098736241459846,0.00900881172919717,0.005686396732926369,0.012613128212198689,0.007893184199929237,0.41488635540008545,0.24293685890734196
480,0.0018414935717477867,0.1004427969455719,0.055554021149873734,0.0005894009955227375,0.27999788522720337,0.07101860269904137,0.009010794289295819,0.005686149699613452,0.012615697843548126,0.0078842977527529,0.41505543887615204,0.2430370207875967
481,0.0018410032486219905,0.10035544633865356,0.05554625391960144,0.0005885470891371369,0.27959221601486206,0.07105304673314095,0.009012979243546106,0.00568862387444824,0.01261953819270527,0.007885039784014225,0.4153081625699997,0.24318060465157032
482,0.0018405119929328256,0.10027004033327103,0.05552317947149277,0.0005878424854017794,0.27925747632980347,0.07108069397509098,0.009014732273700097,0.00569005508441478,0.012627711928333622,0.007898449781350791,0.4158463329076767,0.24346351344138384
483,0.0018400198052190145,0.10018700361251831,0.05548688769340515,0.0005872740875929594,0.27898746728897095,0.07112355716526508,0.009017449835791806,0.005689298151992261,0.012627513429420026,0.00788156280759722,0.4158332571387291,0.2434784071519971
484,0.0018395266860203015,0.10010341554880142,0.05548744648694992,0.0005863896221853793,0.27856728434562683,0.07114719972014427,0.009018948381300834,0.005690038902685046,0.012641151315867698,0.007906361017376184,0.41673192381858826,0.24393956176936626
485,0.0018390326358774525,0.1000189483165741,0.05544091761112213,0.0005858922377228737,0.27833104133605957,0.07119832932949066,0.009022188781277496,0.00569181505125016,0.012637250603397727,0.007885288214311004,0.416474811732769,0.24383657053112984
486,0.0018385376553322532,0.09993267059326172,0.05544184893369675,0.0005849763983860612,0.2778959274291992,0.0712241604924202,0.009023825124579192,0.005693231127224863,0.012649327766487733,0.007907160324975848,0.4172712340950966,0.2442476972937584
487,0.0018380417449275113,0.09984588623046875,0.055397529155015945,0.0005844362312927842,0.27763932943344116,0.07126534730195999,0.00902643374975338,0.005692958831787109,0.012650567416496917,0.007894936832599342,0.4173530116677284,0.2443091794848442
488,0.001837544905207053,0.09975898265838623,0.05539358779788017,0.0005835547344759107,0.27722054719924927,0.07129617594182491,0.009028386147830528,0.0056936758337542415,0.01265928036345996,0.007906993618234992,0.4179281070828438,0.24461214151233435
489,0.001837047136715724,0.09967257082462311,0.05536087974905968,0.0005829205620102584,0.27691930532455444,0.07133615761995316,0.009030917319854571,0.005695138243027031,0.012662036147167714,0.007904799422249198,0.41811007261276245,0.2447231151163578
490,0.0018365484399993886,0.09958673268556595,0.05534224212169647,0.0005821741069667041,0.27656468749046326,0.07137378491461277,0.009033298471791736,0.005696195876225829,0.012667716648709075,0.007906612008810043,0.4184853211045265,0.24492955300956964
491,0.0018360488156049287,0.09950116276741028,0.055321693420410156,0.0005814464529976249,0.27621904015541077,0.07140623405575752,0.00903535145588601,0.005696580279618502,0.012675864770618533,0.00791410228703171,0.4190238416194916,0.24521503783762455
492,0.0018355482640802438,0.09941607713699341,0.055295638740062714,0.000580770312808454,0.2758978009223938,0.07144608162343502,0.009037872425408617,0.00569740985520184,0.012677103977959086,0.00790700747165829,0.41910574585199356,0.2452759137377143
493,0.00183504678597425,0.0993310809135437,0.05528327077627182,0.0005799798527732491,0.2755223214626312,0.07147727161645889,0.009039844990165958,0.005699130590073764,0.012686889116649655,0.007922543562017381,0.4197530075907707,0.2456151396036148
494,0.0018345443818368794,0.09924675524234772,0.05524652823805809,0.0005794016178697348,0.27524763345718384,0.07151516526937485,0.00904224078964188,0.005698891123756766,0.012685833828887374,0.007906471379101276,0.41968320310115814,0.2455991841852665
495,0.0018340410522190802,0.09916314482688904,0.05524694174528122,0.000578518258407712,0.2748279571533203,0.07153567112982273,0.009043537210144885,0.0057001011446118355,0.012702039308529008,0.007935790694318712,0.42075613886117935,0.24614590499550104
496,0.0018335367976728145,0.0990818589925766,0.055197495967149734,0.0005780789069831371,0.27461928129196167,0.07158365845680237,0.009046569846725668,0.005700442590750754,0.012692794527173992,0.007901268312707543,0.42014387249946594,0.24586376547813416
497,0.0018330316187510592,0.09900539368391037,0.05521734803915024,0.0005771070718765259,0.2741575837135315,0.0716023501008749,0.009047750751441461,0.0057028456358239055,0.012720628545570087,0.007958458736538887,0.4219885468482971,0.246795448474586
498,0.0018325255160078057,0.09894129633903503,0.055140502750873566,0.0005770794814452529,0.2741444706916809,0.0716650988906622,0.009051714958903223,0.005700021632947028,0.012698023648725878,0.007882876554504037,0.4204901233315468,0.2460776111111045
499,0.0018320184899980572,0.09890934079885483,0.05521589517593384,0.0005761083448305726,0.2736831307411194,0.07168166153132915,0.009052760669483342,0.005706824245862663,0.012762727322822149,0.008015366038307548,0.4247863367199898,0.24823399912565947
500,0.0018315105412778298,0.09896253794431686,0.05507427826523781,0.0005778606282547116,0.2745155692100525,0.07182211242616177,0.009061625267329846,0.005701893474906683,0.012711851329164033,0.007836690987460315,0.42140641808509827,0.24661426525563002
501,0.0018310016704041515,0.09926648437976837,0.055324554443359375,0.0005789523711428046,0.27503418922424316,0.07190204225480556,0.00906666603863717,0.005723171168938279,0.012923015137599784,0.008211076725274324,0.43552315980196,0.2537126010283828
502,0.001830491877935062,0.10025348514318466,0.05507936701178551,0.00059140520170331,0.2809499502182007,0.07251475006341934,0.009105214413371107,0.005715709878131747,0.012917146821724833,0.007834897958673537,0.43512770533561707,0.2538212276995182
503,0.0018299811644296106,0.10338710248470306,0.05610762909054756,0.0006157286697998643,0.2925049662590027,0.0729855727404356,0.009134725618961736,0.005791492876596749,0.013776043203237328,0.009027189342305064,0.4949171841144562,0.2839513784274459
504,0.0018294695304478577,0.11093468219041824,0.055841896682977676,0.0006974051939323545,0.3313058018684387,0.07531576417386532,0.009279401058541746,0.005818998557515442,0.014364700705171833,0.008616368286311626,0.5381169766187668,0.30671637039631605
505,0.001828956976550873,0.1281806230545044,0.05909077078104019,0.0008515646331943572,0.4045400023460388,0.07212378457188606,0.009080635749183469,0.0058288328582420945,0.015292044164184476,0.010469172848388553,0.6098381727933884,0.3409809786826372
506,0.0018284435033007343,0.13290032744407654,0.055249664932489395,0.000933582428842783,0.4435029625892639,0.07388800382614136,0.00919102572280937,0.005941779352724552,0.013795306393896712,0.008304521441459656,0.4963022395968437,0.28509512171149254
507,0.001827929111260528,0.11858409643173218,0.05740344896912575,0.0007647678139619529,0.3633067011833191,0.07282616756856441,0.00912474469595644,0.0057809604331851006,0.01247422381535638,0.007745544309727848,0.40579863637685776,0.2393124019727111
508,0.001827413800994348,0.10159969329833984,0.05702470242977142,0.0005891943001188338,0.2798996567726135,0.0716778002679348,0.009052516734735854,0.0057772352593019605,0.013554402459475442,0.009105816017836332,0.4791199862957001,0.27539889328181744
509,0.0018268975730672955,0.11320866644382477,0.056151024997234344,0.0007187363808043301,0.34143924713134766,0.07455264031887054,0.00923227049380491,0.005854264018125832,0.01348909492553299,0.008266587508842349,0.4745141416788101,0.27453339099884033
510,0.0018263804280454774,0.11549387872219086,0.058740563690662384,0.0007209841860458255,0.34250712394714355,0.07279169373214245,0.009122584915580012,0.0059062333311885595,0.012391415510049915,0.007806614623405039,0.4004288613796234,0.23661027755588293
511,0.0018258623664960066,0.10138364136219025,0.057178232818841934,0.0005856275092810392,0.2782052755355835,0.07263002172112465,0.009112448469798732,0.005681531270965934,0.013249610725352393,0.008955843048170209,0.4578147679567337,0.2652223948389292
512,0.0018253433889870011,0.11212745308876038,0.057447582483291626,0.0006964392960071564,0.330846905708313,0.07296477630734444,0.009133424217795401,0.005677496548742056,0.013022823914224027,0.007939418428577483,0.4422764852643013,0.25762063078582287
513,0.001824823496087584,0.10842275619506836,0.057463593780994415,0.0006573122227564454,0.31225940585136414,0.07329606637358665,0.009154135613467514,0.005797042860649526,0.012519658881863226,0.007697111694142222,0.4087601378560066,0.24102810211479664
514,0.0018243026883678806,0.10138750076293945,0.05697043985128403,0.0005874177441000938,0.27905571460723877,0.07238838076591492,0.009097277310332741,0.005772203323431313,0.013265848603281755,0.008805108722299337,0.4589375779032707,0.2656629793345928
515,0.001823780966399021,0.10949867963790894,0.05565844848752022,0.0006838357076048851,0.3248595595359802,0.07319478131830692,0.009147808389245247,0.005767061957158148,0.0125866411742636,0.007629609666764736,0.4131457135081291,0.24317024741321802
516,0.0018232583307531372,0.10199879854917526,0.05627075210213661,0.0005997432162985206,0.28491097688674927,0.07355775684118271,0.009170462604899498,0.005767716676928103,0.012719537445051781,0.007743727299384773,0.4219161719083786,0.24773696437478065
517,0.0018227347820033632,0.10278403013944626,0.05636177584528923,0.0006072414107620716,0.2884730398654938,0.07297258451581001,0.00913391313622934,0.005757299950346351,0.013129749656511338,0.008648028131574392,0.44956907629966736,0.2612708304077387
518,0.0018222103207238347,0.10582214593887329,0.05520782619714737,0.0006489342194981873,0.308279424905777,0.07409068755805492,0.009203622922385576,0.005873402114957571,0.012581091202807865,0.007813447969965637,0.4127814322710037,0.24343605991452932
519,0.0018216849474896875,0.09958882629871368,0.05592440441250801,0.0005772942095063627,0.274246484041214,0.07395084016025066,0.00919493271035079,0.005759119521826506,0.012885032103380536,0.007854058756493032,0.43296676874160767,0.25345880445092916
520,0.001821158662877058,0.10312984883785248,0.05581770837306976,0.0006154623115435243,0.29237839579582214,0.07409083098173141,0.009203631717290632,0.005734168575145304,0.013012596517146676,0.008416024269536138,0.4415821135044098,0.2578364722430706
521,0.0018206314674630816,0.1030968576669693,0.055922091007232666,0.0006142361089587212,0.29179590940475464,0.07368732802569866,0.009178535591744863,0.0057980387937277555,0.012680362130739607,0.0078862450318411,0.4193212389945984,0.24650428351014853
522,0.0018201033618258928,0.09870612621307373,0.05525873601436615,0.0005736087914556265,0.27249568700790405,0.07470164261758327,0.009241491787931298,0.0059248823672533035,0.012886155208771012,0.007789336028508842,0.4330422356724739,0.2538719391450286
523,0.001819574346544624,0.10239621996879578,0.0562472864985466,0.0006041236920282245,0.2869919538497925,0.07325916551053524,0.0091518310194473,0.005743668647482991,0.012920000500405536,0.008192071691155434,0.4353199899196625,0.25428957771509886
524,0.0018190444221994058,0.10027238726615906,0.055006470531225204,0.0005922178970649838,0.2813360393047333,0.07353189401328564,0.009168850348604532,0.005757998558692634,0.012753540367846776,0.007960287854075432,0.4241750165820122,0.2488534552976489
525,0.0018185135893713648,0.09884324669837952,0.0555092953145504,0.0005729421973228455,0.2721790373325348,0.07350237295031548,0.009167009818075982,0.005781674641184509,0.01287183802542828,0.007780708489008248,0.4320805072784424,0.25279144011437893
526,0.0018179818486426245,0.10098783671855927,0.055496640503406525,0.0005956207169219851,0.28295260667800903,0.07307441718876362,0.009140284009699452,0.0057813082821667194,0.012849881632171841,0.008119652979075909,0.43060772866010666,0.25184107292443514
527,0.0018174492005963035,0.09906592220067978,0.05503087490797043,0.0005793142481707036,0.2752060890197754,0.07270211353898048,0.009116969745677635,0.005715660518035293,0.012823276782468505,0.008111048024147749,0.4288264662027359,0.2507642898708582
528,0.0018169156458165156,0.09854348003864288,0.05487389862537384,0.0005751372082158923,0.27322179079055786,0.07304465398192406,0.00913842200093855,0.005711182253435254,0.01284578134862162,0.007833323674276471,0.4303329437971115,0.2516887988895178
529,0.0018163811848883695,0.10017074644565582,0.05540304630994797,0.0005878089577890933,0.27924156188964844,0.07268576323986053,0.009115944869592987,0.005711349076591432,0.012784055967983838,0.00804704544134438,0.4262072741985321,0.24944651871919632
530,0.0018158458183979674,0.09797659516334534,0.054796621203422546,0.000569821335375309,0.2706964612007141,0.07284988835453987,0.009126230805616383,0.005750384763814509,0.012848932882806344,0.008115738863125443,0.4305441156029701,0.251697001978755
531,0.0018153095469324034,0.09843654930591583,0.05481772869825363,0.0005744848749600351,0.27291184663772583,0.07300170138478279,0.009135735048001251,0.005745109636336565,0.012810501879920796,0.007812794065102935,0.4279724657535553,0.25048708356916904
532,0.0018147723710797655,0.09903071075677872,0.05511732026934624,0.0005782157531939447,0.27468425035476685,0.07284733094274998,0.009126070555415434,0.005722705274820328,0.012769037703920398,0.007986480137333274,0.4252064675092697,0.24902689922600985
533,0.0018142342914291329,0.0975862443447113,0.05495266988873482,0.000564398942515254,0.26812052726745605,0.07273400574922562,0.009118969184408696,0.0057453884510323405,0.01283253358983726,0.008095871657133102,0.4294458106160164,0.251089908182621
534,0.0018136953085705755,0.09784162044525146,0.05464703589677811,0.0005696602165699005,0.2706199288368225,0.07331532984972,0.009155338406332285,0.005801705410704017,0.012794337246085528,0.007844840874895453,0.42689310014247894,0.25010421499609947
535,0.0018131554230951545,0.09843125939369202,0.05513385683298111,0.0005717672174796462,0.27162083983421326,0.07277894578874111,0.009121786008226534,0.0057280228938907385,0.01279103972318342,0.008022756781429052,0.4266730695962906,0.24972600769251585
536,0.00181261463559492,0.09715478867292404,0.05465706065297127,0.0005623470060527325,0.26714569330215454,0.07273444347083569,0.009118996911132802,0.005713987280614674,0.012821358393414774,0.008086184272542596,0.4286981672048569,0.2507163053378463
537,0.0018120729466629126,0.09737716615200043,0.054654113948345184,0.0005647123325616121,0.2682693898677826,0.07305934093892574,0.009139341061278951,0.0057660373859107494,0.012788070926861368,0.007864525308832526,0.42647505551576614,0.24976719822734594
538,0.0018115303568931602,0.09780576825141907,0.054878901690244675,0.0005673306295648217,0.26951321959495544,0.07272706367075443,0.009118534123115246,0.005742014502175152,0.012817192360053402,0.008040432119742036,0.4284196197986603,0.25057334173470736
539,0.001810986866880679,0.09695202112197876,0.054506100714206696,0.0005614837864413857,0.26673567295074463,0.07259052991867065,0.009109970800104238,0.005707642645575106,0.012806219393893203,0.008018240798264742,0.4276863858103752,0.25013845786452293
540,0.0018104424772214722,0.09680387377738953,0.05453050136566162,0.0005597191047854722,0.26589733362197876,0.07269764132797718,0.009116689519906157,0.005725491209886968,0.012784388770096636,0.007856666692532599,0.42622947692871094,0.24946355912834406
541,0.0018098971885125302,0.09725712984800339,0.05468455329537392,0.0005631926469504833,0.2675474286079407,0.0725836381316185,0.009109538503932814,0.005731228739023209,0.012829528599973097,0.008054147940129042,0.42924468219280243,0.25091416016221046
542,0.0018093510013518289,0.09678246080875397,0.054413117468357086,0.0005604822072200477,0.2662598490715027,0.0725722536444664,0.009108824022148123,0.005724281189031899,0.012793573478290564,0.007981168339028955,0.4268421232700348,0.2497071884572506
543,0.0018088039163383293,0.09636770188808441,0.05442272126674652,0.0005560358986258507,0.2641476094722748,0.07265876792371273,0.009114251721028442,0.0057156168622896075,0.012791271662484952,0.007887969957664609,0.4266885370016098,0.24967365246266127
544,0.0018082559340719772,0.09674981236457825,0.054590508341789246,0.0005586447659879923,0.26538699865341187,0.07245034165680408,0.009101169879989419,0.005709939287044108,0.012855543934619034,0.008089976385235786,0.43098729103803635,0.2517188163474202
545,0.0018077070551537028,0.0965505987405777,0.05427234619855881,0.0005592270754277706,0.26566359400749207,0.07264439575374126,0.009113350090115538,0.005734157515689731,0.012801418125846915,0.007955699693411589,0.427365742623806,0.25000506918877363
546,0.0018071572801854183,0.09612207114696503,0.05441133677959442,0.0005535464733839035,0.26296499371528625,0.07258893363177776,0.009109870465292099,0.005719801178202033,0.012810949715013786,0.00791363138705492,0.42800239473581314,0.25029566418379545
547,0.00180660660977002,0.09618256986141205,0.054406195878982544,0.0005542265716940165,0.26328808069229126,0.07245864346623421,0.009101691508127108,0.0057044257409870625,0.012887545120846318,0.008081721607595682,0.43313566595315933,0.25279715470969677
548,0.001806055044511385,0.09630224108695984,0.054220665246248245,0.0005570482462644577,0.2646285593509674,0.0726889930665493,0.009116147200213975,0.005739948363043368,0.012818320557940797,0.007914720918051898,0.42849502712488174,0.2505920100957155
549,0.0018055025850143727,0.09594681859016418,0.05435049906373024,0.0005522142164409161,0.26233208179473877,0.07269369624555111,0.009116441908478722,0.0057379750069230795,0.01283267944797555,0.007951011648401618,0.42945554852485657,0.25107462238520384
550,0.001804949231884823,0.095759816467762,0.054296888411045074,0.000550697383005172,0.2616115212440491,0.07258041203022003,0.00910933562715561,0.0057176920818164945,0.012888737161213833,0.008065261645242572,0.43321578949689865,0.25289810076355934
551,0.0018043949857295546,0.0958833172917366,0.05417783930897713,0.0005529996124096215,0.2627052068710327,0.07277577370405197,0.009121587392169495,0.005738673964515328,0.012837523717838969,0.007919564726762474,0.42977984994649887,0.2512778118252754
552,0.001803839847156367,0.09580275416374207,0.05431803688406944,0.0005509712500497699,0.26174160838127136,0.07276293635368347,0.009120783012738934,0.005745642469264567,0.012869999097615489,0.008020019391551614,0.43195705115795135,0.2523599937558174
553,0.0018032838167740372,0.09553800523281097,0.05419653654098511,0.0005492077907547355,0.26090389490127563,0.07267528027296066,0.00911528716428125,0.005731206038035452,0.01287660696191109,0.00801942078396678,0.43240073323249817,0.2525380067527294
554,0.001802726895192321,0.09542164206504822,0.054164983332157135,0.0005482487613335252,0.26044827699661255,0.07275734841823578,0.00912043240196013,0.005732742021791637,0.012860510000111363,0.007936047739349306,0.43132031708955765,0.2520388327538967
555,0.0018021690830219515,0.09548716992139816,0.05426669493317604,0.000548082054592669,0.26036906242370605,0.0727542582899332,0.009120238742560556,0.005738182459026575,0.012916338772717324,0.008061682339757681,0.43507326394319534,0.2539137611165643
556,0.0018016103808746375,0.09538532793521881,0.05409393832087517,0.0005484647117555141,0.260550856590271,0.0728388112038374,0.00912553686607887,0.005743004847317934,0.012874717146758398,0.00796692748554051,0.43227382004261017,0.2525563156232238
557,0.0018010507893630647,0.09516102075576782,0.05417304486036301,0.0005454377387650311,0.2591128945350647,0.072813356295228,0.00912394189074706,0.005730506498366594,0.012883918500530679,0.007981308968737721,0.4328919053077698,0.2528526308014989
558,0.001800490309100894,0.09507106244564056,0.054159004241228104,0.0005446091527119279,0.258719265460968,0.07282421924173832,0.0091246226948491,0.005732912919484079,0.01292649626358305,0.008066048612818122,0.4357578381896019,0.2542910287156701
559,0.0017999289407027604,0.09507069736719131,0.05405043810606003,0.0005455194041132927,0.25915172696113586,0.0729853268712759,0.009134710385575293,0.005748800816945732,0.01288775161169878,0.007964463671669364,0.4331495240330696,0.25306742545217276
560,0.0017993666847842735,0.09500488638877869,0.054161205887794495,0.0005438941298052669,0.25837960839271545,0.07289463095366955,0.009129032835870325,0.0057311097625643015,0.012922371163745092,0.008052445948123932,0.4354797378182411,0.25418718438595533
561,0.0017988035419620155,0.0948263555765152,0.05402965098619461,0.0005431227618828416,0.25801315903663635,0.07294144481420517,0.009131963679495179,0.005730618140660226,0.012917970168570641,0.008028920041397214,0.43518316745758057,0.25406230613589287
562,0.0017982395128535418,0.0947045087814331,0.05404326319694519,0.0005417257198132575,0.25734949111938477,0.0730685256421566,0.009139915339992342,0.005746056092903018,0.012908424599548097,0.007984695490449667,0.4345402643084526,0.2538043949753046
563,0.0017976745980773793,0.09467209130525589,0.0540735200047493,0.0005411297315731645,0.25706636905670166,0.07304279692471027,0.009138306253489287,0.005740271881222725,0.012948756820597667,0.008066210662946105,0.4372599273920059,0.2551513621583581
564,0.0017971087982530263,0.09461908787488937,0.053942155092954636,0.0005416780477389693,0.25732681155204773,0.073126669973135,0.009143551236197527,0.0057396391639485955,0.012918609292872295,0.00798122864216566,0.4352262243628502,0.2541764471679926
565,0.001796542114000952,0.09450243413448334,0.05402355268597603,0.0005397647619247437,0.2564179301261902,0.07316960580646992,0.009146234898527077,0.0057454220950603485,0.012941680094652047,0.008030064171180129,0.4367821365594864,0.25497587118297815
566,0.0017959745459425953,0.09436361491680145,0.053944747895002365,0.0005389673169702291,0.2560390830039978,0.07321272976696491,0.009148929901677415,0.005749236675910652,0.012941701739765497,0.008031444624066353,0.4367835819721222,0.25499815586954355
567,0.0017954060947003633,0.09427285939455032,0.05391349643468857,0.000538275227881968,0.25571030378341675,0.07327669858932495,0.009152925905619802,0.005749020609073341,0.012931639464649383,0.007994788466021419,0.4361046478152275,0.25469067320227623
568,0.0017948367608976335,0.09422652423381805,0.05394374206662178,0.0005375328473746777,0.25535762310028076,0.07330550625920296,0.009154725157691786,0.0057502854615449905,0.012970464500676165,0.008068629307672381,0.4387272372841835,0.25601637177169323
569,0.0017942665451587494,0.09415736794471741,0.053843848407268524,0.0005376461194828153,0.25541144609451294,0.07338955067098141,0.009159971363009221,0.005755630671046674,0.012939409405481507,0.007997312350198627,0.4366288557648659,0.25500920321792364
570,0.0017936954481090229,0.09404976665973663,0.05389673262834549,0.0005360683426260948,0.2546619176864624,0.07338417880237103,0.009159636054119904,0.005752194207161665,0.012960551431894026,0.008045057533308864,0.4380568787455559,0.25572052877396345
571,0.001793123470374732,0.09393040835857391,0.0538124144077301,0.0005355220637284219,0.25440239906311035,0.07344038784503937,0.009163143331879682,0.0057565991301089525,0.012963361879556549,0.008033976657316089,0.4382468909025192,0.2558436393737793
572,0.00179255061258312,0.09383085370063782,0.053806111216545105,0.0005345272365957499,0.25392982363700867,0.07348912954330444,0.00916618362678482,0.005761347827501595,0.012960039572086994,0.008015200961381197,0.43802226334810257,0.2557556964457035
573,0.0017919768753623963,0.09375881403684616,0.05380765721201897,0.0005337559850886464,0.25356343388557434,0.07347051240503788,0.00916502264612132,0.005757187958806753,0.012985861103955224,0.00806968635879457,0.4397694393992424,0.25661997590214014
574,0.0017914022593417335,0.09369166195392609,0.05372339487075806,0.0005337586626410484,0.253564715385437,0.07353491522371769,0.009169038716025948,0.00575937784742564,0.012968135170920774,0.008014931343495846,0.43856967985630035,0.256052297540009
575,0.001790826765151269,0.09360706806182861,0.053770773112773895,0.000532469479367137,0.2529522180557251,0.07355906814336777,0.00917054432599988,0.005761953070759773,0.013000500733857615,0.008075596764683723,0.4407615587115288,0.2571603134274483
576,0.0017902503934221024,0.09350933134555817,0.053684771060943604,0.0005321648786775768,0.2528075575828552,0.0735903512686491,0.009172494110370478,0.005762250511907041,0.012982434567043831,0.008032726356759667,0.4395373985171318,0.25656387489289045
577,0.001789673144786296,0.09340213239192963,0.05370236933231354,0.0005308885010890663,0.2522011995315552,0.07361890934407711,0.009174273464836687,0.005762394284829497,0.01300217822893262,0.008061409927904606,0.440875306725502,0.25724710803478956
578,0.0017890950198768743,0.09329853951931,0.05364840477705002,0.0005302524659782648,0.2518990635871887,0.07367256470024586,0.00917761629423624,0.005764042492955923,0.01300835245653306,0.008056534919887781,0.4412941113114357,0.2574833380058408
579,0.0017885160193278212,0.09320637583732605,0.05363348871469498,0.0005294079892337322,0.25149789452552795,0.07370998151600361,0.009179946713135786,0.005765064968727529,0.013006465001430266,0.008045906433835626,0.44116605818271637,0.25743801984936
580,0.0017879361437740824,0.09312108904123306,0.053617555648088455,0.0005286445375531912,0.2511352002620697,0.07374852895736694,0.009182346666963312,0.005768085713498294,0.013027192558411374,0.0080798608250916,0.44257329404354095,0.25816091150045395
581,0.0017873553938515625,0.09304015338420868,0.05355921387672424,0.0005282839993014932,0.2509639263153076,0.07381002232432365,0.009186174180349983,0.0057703276397660375,0.013016623291985864,0.00804074457846582,0.44185544550418854,0.2578327339142561
582,0.001786773770197125,0.09296126663684845,0.053585294634103775,0.0005272339913062751,0.25046512484550476,0.07382711954414845,0.009187237947983594,0.005769448005594313,0.013047900153145563,0.008101275190711021,0.44398142397403717,0.2589042717590928
583,0.0017861912734485912,0.09288056194782257,0.05349264293909073,0.000527164782397449,0.25043225288391113,0.07389297895133495,0.009191334851926579,0.005773529759608209,0.01302337436977698,0.008041264023631811,0.44231388717889786,0.2581034330651164
584,0.0017856079042447403,0.09280196577310562,0.053538672626018524,0.000525949988514185,0.2498551309108734,0.07392381131649017,0.00919325252632928,0.00577597098890692,0.0130661346025715,0.008118977304548025,0.44522321969270706,0.2595735155045986
585,0.0017850236632253086,0.09272771328687668,0.05344057083129883,0.0005259944591671228,0.24987627565860748,0.07396127097308636,0.009195581059586129,0.005775052006356418,0.013033135678940927,0.008039389504119754,0.4429772049188614,0.2584692379459739
586,0.0017844385510309877,0.09266464412212372,0.0535040907561779,0.0005247957888059318,0.2493068277835846,0.07398989237844944,0.0091973605952331,0.005778691382147372,0.013090197587888947,0.008147309767082334,0.44686459004879,0.2604272412136197
587,0.001783852568303425,0.09262300282716751,0.05336394160985947,0.0005255375290289521,0.2496592402458191,0.07405666634440422,0.00920150962869926,0.005779967294074595,0.01304059700245242,0.008025451097637415,0.4434845522046089,0.25877060927450657
588,0.0017832657156852223,0.09263225644826889,0.05348607152700424,0.0005246065557003021,0.2492169737815857,0.07406339608132839,0.00920192752276627,0.0057802730007097125,0.013141300712139356,0.008209687657654285,0.4503604546189308,0.2622119253501296
589,0.0017826779938199353,0.09273827075958252,0.053288593888282776,0.0005273852730169892,0.2505369782447815,0.07418351992964745,0.009209386724109868,0.005783605272881687,0.013062362749772039,0.008003381779417396,0.4449661895632744,0.2595748547464609
590,0.0017820894033520733,0.09308277815580368,0.05356447398662567,0.0005286883097141981,0.2511560022830963,0.07427798584103584,0.009215248872765988,0.005793657153844833,0.013282653450880972,0.008370040450245142,0.46010106056928635,0.2671895232051611
591,0.0017814999449270981,0.0938960388302803,0.05328653007745743,0.000539588276296854,0.2563340663909912,0.07458875887095928,0.009234506753866686,0.005795852746814489,0.013199963688246956,0.008004526607692242,0.4543902575969696,0.26448950823396444
592,0.0017809096191914228,0.09589526057243347,0.054005950689315796,0.0005545726744458079,0.2634525001049042,0.07478212751448154,0.009246468832174226,0.005819444777444005,0.01376595415792879,0.008833140600472689,0.49419253319501877,0.28448733035475016
593,0.0017803184267924117,0.09963232278823853,0.053534310311079025,0.0005978769040666521,0.2840243875980377,0.07567932642996311,0.009301770769852401,0.005853601032868028,0.013805783886213084,0.00827441131696105,0.49705640971660614,0.2863678680732846
594,0.0017797263683783802,0.10673339664936066,0.055183663964271545,0.0006587286479771137,0.3129323124885559,0.07462557032704353,0.00923678471385429,0.005833600298501551,0.014529980707916584,0.009539182530716062,0.5505713820457458,0.3125984761863947
595,0.0017791334445985932,0.1104765385389328,0.05339597910642624,0.0007131780730560422,0.33879876136779785,0.07518840581178665,0.009271552056775103,0.005891976994462311,0.013845846131148979,0.008316237013787031,0.49994535744190216,0.2875668816268444
596,0.0017785396561032635,0.1076420247554779,0.054664354771375656,0.0006726646097376943,0.3195526599884033,0.07380818575620651,0.009186059826659501,0.005784583161585033,0.013169452690524228,0.008438877761363983,0.4522920772433281,0.2630501314997673
597,0.0017779450035435539,0.09607921540737152,0.05338559299707413,0.0005617322749458253,0.2668536901473999,0.07403353601694107,0.009200072454068339,0.005772267119027674,0.01307565615800972,0.008250891929492354,0.44587232917547226,0.25995293259620667
598,0.001777349487571573,0.09450897574424744,0.05363486707210541,0.000543106347322464,0.25800538063049316,0.07451547868549824,0.0092299691503435,0.005775260622613132,0.013346486534963503,0.008128908462822437,0.4645339399576187,0.2695247093215585
599,0.0017767531088403777,0.10078105330467224,0.05430685728788376,0.0006034624530002475,0.2866778075695038,0.07407594099640846,0.009202706921589959,0.005811797454953194,0.013411209385183219,0.008823466254398227,0.4690503031015396,0.27156312204897404
600,0.00177615586800397,0.10021141171455383,0.05369517579674721,0.0006026173941791058,0.28627637028694153,0.07425667904317379,0.009213926764629418,0.005818435922265053,0.012927586922011406,0.008023615693673491,0.43583135306835175,0.25504401605576277
601,0.0017755577657172983,0.09304974228143692,0.05370001867413521,0.0005271992995403707,0.25044864416122437,0.07492658495903015,0.009255395532565453,0.005831914255395532,0.013105452832618802,0.008028474170714617,0.4479067325592041,0.2614166587591171
602,0.0017749588026362542,0.0953449010848999,0.05408620834350586,0.000548104231711477,0.2603796422481537,0.07436537742614746,0.009220668372573258,0.00581335392780602,0.013418663005987307,0.00869380496442318,0.4695718362927437,0.27196860685944557
603,0.0017743589794176748,0.09848447144031525,0.05310500040650368,0.0005894104251638055,0.2800023555755615,0.0752686932682991,0.009276501011844454,0.00587343901861459,0.013032590939425626,0.00790819083340466,0.4429401680827141,0.2591044306755066
604,0.0017737582967193397,0.09409084916114807,0.05377167835831642,0.0005375535693019629,0.2553675174713135,0.07509679347276688,0.009265901915768647,0.00584676256403327,0.013107948431501603,0.00807829387485981,0.44807735085487366,0.26158707216382027
605,0.001773156755199971,0.09259971231222153,0.053292788565158844,0.0005258915480226278,0.24982739984989166,0.07519851066172123,0.009272174940336445,0.005805926630273461,0.013357292799999535,0.008535056374967098,0.4652865007519722,0.2702425057068467
606,0.0017725543555192327,0.09546569734811783,0.05305264890193939,0.0005580782890319824,0.265117883682251,0.07569749839603901,0.009302887310607875,0.005811330978758633,0.013236394725472356,0.007997583248652518,0.4569019004702568,0.2662996994331479
607,0.00177195109833773,0.09577063471078873,0.05354189872741699,0.0005571683286689222,0.26468557119369507,0.07541662454605103,0.009285612170532176,0.005784151027910411,0.013214879558732415,0.008233265485614538,0.4554177597165108,0.2654171921312809
608,0.0017713469843170086,0.09220145642757416,0.053010545670986176,0.0005240764003247023,0.2489650845527649,0.0752430334687233,0.009274919543729821,0.005818042205646634,0.013217488814219918,0.008282107999548316,0.4555976241827011,0.2654203288257122
609,0.0017707420141195532,0.09232199192047119,0.05287378281354904,0.0005264965002425015,0.2501147985458374,0.0754445493221283,0.009287331171200168,0.005860197474248707,0.013203660552301823,0.00796821340918541,0.4546448215842247,0.2650446854531765
610,0.001770136188408788,0.09481232613325119,0.053392328321933746,0.0005483415443450212,0.26049232482910156,0.07483687065541744,0.009249852628651259,0.005804117652587593,0.013223677920862565,0.008310256991535425,0.4560243934392929,0.2654306320473552
611,0.0017695295078490754,0.09245291352272034,0.05281905084848404,0.0005283354548737407,0.2509883642196655,0.07485692761838436,0.009251092132887722,0.005792576703242958,0.01314643390113026,0.008140191901475191,0.4507123604416847,0.26278464403003454
612,0.0017689219731057144,0.09133133292198181,0.052941225469112396,0.0005155020044185221,0.24489176273345947,0.07500587590038776,0.0092602912471568,0.005876227398402989,0.013116546573293173,0.007990633021108806,0.4486653730273247,0.2618356244638562
613,0.0017683135848449419,0.09259253740310669,0.05317295342683792,0.0005268251406960189,0.25027087330818176,0.0746792908757925,0.00924010925921604,0.0057987908367067575,0.013222450869023822,0.008399127516895533,0.45593974739313126,0.2653095191344619
614,0.0017677043437339297,0.09257374703884125,0.05272884666919708,0.000530366669408977,0.2519533336162567,0.0749031100422144,0.009253945301200155,0.005795743083581328,0.01310109556751645,0.008087596157565713,0.44760897010564804,0.2612560400739312
615,0.001767094250440786,0.09086050093173981,0.05290435999631882,0.0005108568584546447,0.24268507957458496,0.07519212923943996,0.009271781792874212,0.0058304761769250035,0.013101703822570294,0.008046621922403574,0.4476505294442177,0.2614213293418288
616,0.0017664833056345523,0.09101273119449615,0.05294828861951828,0.0005120891146361828,0.24327047169208527,0.07495774514973164,0.009257319487613214,0.00585183990187943,0.01323548660097373,0.008368673967197537,0.4568392112851143,0.26589847821742296
617,0.0017658715099852051,0.091881662607193,0.052494511008262634,0.0005250555695965886,0.24943023920059204,0.07525909692049026,0.00927590959845281,0.005860394099727273,0.013124235872154486,0.008052302757278085,0.4491915702819824,0.26222533360123634
618,0.0017652588641636528,0.09094928205013275,0.05284224450588226,0.0005123142036609352,0.24337740242481232,0.07515795715153217,0.009269674717068792,0.005817187717184424,0.01314717675491595,0.008136582793667912,0.4507632851600647,0.26296062115579844
619,0.001764645368841737,0.09021467715501785,0.05260778218507767,0.0005065567092970014,0.240642249584198,0.07513289526104927,0.009268128785370406,0.005815767566673458,0.01319995790053621,0.008269590325653553,0.45438987016677856,0.2647613827139139
620,0.0017640310246922301,0.09068091213703156,0.052424244582653046,0.0005130092613399029,0.2437075972557068,0.07533429190516472,0.009280542242664518,0.005862792953848839,0.013157973213172181,0.008053997298702598,0.4515039250254631,0.2634191084653139
621,0.0017634158323888364,0.09089462459087372,0.052694521844387054,0.0005129828932695091,0.24369503557682037,0.07515703327953815,0.00926961751581165,0.005814748117700219,0.013233957710689009,0.008258959278464317,0.45673365890979767,0.2659453460946679
622,0.0017627997926061895,0.09023234993219376,0.05243004858493805,0.0005082391435280442,0.241441547870636,0.07511457055807114,0.009266998536810659,0.005802349653095007,0.013145623203140893,0.008149561937898397,0.4506567716598511,0.2628856711089611
623,0.0017621829060198524,0.08966192603111267,0.05240488424897194,0.0005024473648518324,0.2386900931596756,0.07519336603581905,0.009271858010638446,0.0058189601404592395,0.013132049072893327,0.008070076582953334,0.44972655177116394,0.2624599589034915
624,0.001761565173306317,0.08999454975128174,0.052499495446681976,0.0005051515181548893,0.2399747371673584,0.07497943378984928,0.009258658876817491,0.005802438012324274,0.01326182453333839,0.008308689575642347,0.45865919440984726,0.26681931409984827
625,0.0017609465951430028,0.090156689286232,0.0522686168551445,0.0005088021280243993,0.24170899391174316,0.07499106973409653,0.009259377414532699,0.0058109055971726775,0.013173001668083871,0.008102249121293426,0.45253589004278183,0.2637634798884392
626,0.0017603271722082567,0.08969053626060486,0.05239454656839371,0.0005028354935348034,0.23887448012828827,0.07500805892050266,0.009260425800018686,0.005805059568956494,0.01316257961032945,0.008171630557626486,0.45182010531425476,0.2634140821173787
627,0.0017597069051813522,0.08925554156303406,0.05223407968878746,0.0004996082279831171,0.23734138906002045,0.07501034997403622,0.009260567225736921,0.005795164150185883,0.01321498375715085,0.008233112515881658,0.4554249346256256,0.2652176422998309
628,0.0017590857947424876,0.08924996107816696,0.0521702840924263,0.0005000866949558258,0.237568661570549,0.07511280104517937,0.00926688949885686,0.00580907566472888,0.013215615537101757,0.008119667181745172,0.4554684907197952,0.2652906458824873
629,0.0017584638415727868,0.08948755264282227,0.05232121795415878,0.0005013165064156055,0.2381528913974762,0.0750746950507164,0.009264538540522092,0.0058259888319298625,0.01327911158791313,0.008305523777380586,0.45985569059848785,0.2674651928246021
630,0.001757841046354298,0.0893423855304718,0.052029408514499664,0.0005022457335144281,0.23859429359436035,0.07523849979043007,0.00927463997165776,0.005839510587975383,0.013206174919619122,0.008131982060149312,0.4548179879784584,0.26502824388444424
631,0.0017572174097699922,0.08893813192844391,0.05221748724579811,0.0004964071558788419,0.2358206808567047,0.07509567216038704,0.009265832716227699,0.0058195211458951235,0.013245748574749834,0.008202718337997794,0.4575478881597519,0.26632178016006947
632,0.0017565929325037634,0.08865396678447723,0.052107587456703186,0.0004943418316543102,0.23483949899673462,0.07505781203508377,0.009263496609503314,0.005830085836350918,0.013257557079202977,0.008241437841206789,0.4583640545606613,0.26671093329787254
633,0.0017559676152404278,0.0886070728302002,0.052011944353580475,0.0004946534754708409,0.23498757183551788,0.07523355446755886,0.009274335482490046,0.0058642427902668715,0.013232945500241797,0.00814262661151588,0.4566638022661209,0.2659486783668399
634,0.0017553414586657223,0.08869756758213043,0.052132077515125275,0.0004945943364873528,0.23495951294898987,0.07513200864195824,0.009268074224136488,0.005828967550769448,0.013328403216589502,0.008309478173032403,0.4632759764790535,0.26920399256050587
635,0.001754714463466304,0.08867457509040833,0.05190783739089966,0.0004962405655533075,0.235741525888443,0.07519260235130787,0.009271810828286845,0.005829668487422168,0.013250478483338358,0.008151566376909614,0.45787473022937775,0.2665336662903428
636,0.0017540866303297504,0.08848269283771515,0.0520680770277977,0.0004928716807626188,0.23414112627506256,0.07523244246840477,0.009274266738141726,0.005848876782692969,0.013288302726073018,0.008263951633125544,0.4604925289750099,0.26786248572170734
637,0.0017534579599445576,0.08819670975208282,0.0518818199634552,0.0004914300516247749,0.23345628380775452,0.07525522261857986,0.009275670551636854,0.005840519210323691,0.013275257608891304,0.008199921809136868,0.45958881080150604,0.26742201671004295
638,0.0017528284530001397,0.08795489370822906,0.05190891772508621,0.0004886568058282137,0.23213881254196167,0.07523004896938801,0.009274119343049692,0.005824645981192589,0.013278606117452638,0.00821247510612011,0.4598206952214241,0.26752537209540606
639,0.0017521981101868275,0.08781825751066208,0.05186676234006882,0.00048757356125861406,0.23162421584129333,0.07530484162271023,0.009278728082233088,0.005836283904500306,0.013298517651740985,0.008267250377684832,0.4612007513642311,0.26825279649347067
640,0.0017515669321958702,0.08779151737689972,0.051801376044750214,0.0004878426843788475,0.23175206780433655,0.07539812102913857,0.009284473372826788,0.005839163553901017,0.013287240854976363,0.008187451399862766,0.4604189172387123,0.26790851913392544
641,0.0017509349197194315,0.08776697516441345,0.05186460539698601,0.0004870520206168294,0.23137645423412323,0.0754020232707262,0.009284713564388895,0.005835599033161998,0.013358442241669877,0.00832091341726482,0.46536656469106674,0.2703842939808965
642,0.0017503020734505902,0.08773840963840485,0.05166277289390564,0.0004884508671239018,0.23204097151756287,0.07554588466882706,0.009293566440050145,0.005853337701410055,0.013293521594581716,0.008179242955520749,0.46085429191589355,0.2682000882923603
643,0.0017496683940833406,0.0876547172665596,0.051811859011650085,0.0004863145877607167,0.23102614283561707,0.075616255402565,0.009297894198898662,0.005852875648997724,0.01336578484133749,0.008326164446771145,0.46587828546762466,0.27074727043509483
644,0.0017490338823125894,0.08754731714725494,0.051659390330314636,0.00048646805225871503,0.23109903931617737,0.07569785416126251,0.009302909600950288,0.0058476763078942895,0.013318352708054046,0.008188837207853794,0.46257756650447845,0.2691377103328705
645,0.0017483985388341563,0.08745060861110687,0.05180007219314575,0.00048426559078507125,0.23005276918411255,0.07573181577026844,0.009304995955630122,0.005871887085959315,0.013386570761832493,0.00834305863827467,0.46732843667268753,0.271530126221478
646,0.001747762364344774,0.08734779059886932,0.05155866593122482,0.0004852160345762968,0.23050427436828613,0.07577058300375938,0.009307377052216211,0.005866016028448939,0.013327756310964264,0.008190481690689921,0.46323100477457047,0.2695007938891649
647,0.0017471253595420849,0.08729565143585205,0.05169232189655304,0.00048354186583310366,0.2297089695930481,0.07578797079622746,0.009308445239903412,0.005859918426722288,0.013431718219059304,0.00838709739036858,0.47048597782850266,0.27313697431236506
648,0.0017464875251246438,0.08730979263782501,0.05144091323018074,0.0004858075699303299,0.2307852804660797,0.07598191127181053,0.009320347649986835,0.005877610528841615,0.013360762475281182,0.008189911721274257,0.4655282273888588,0.27075506933033466
649,0.0017458488617919134,0.08746911585330963,0.05170504003763199,0.0004852605634368956,0.2305254340171814,0.07607815973460674,0.009326248787299415,0.005891332519240677,0.013515275242611126,0.00848257215693593,0.4763578623533249,0.2762180110439658
650,0.0017452093702442673,0.08787238597869873,0.051454734057188034,0.0004916124744340777,0.23354296386241913,0.07625185139477253,0.009336889060858456,0.00586872803978622,0.01344882260102376,0.00820065988227725,0.4716850146651268,0.27396843302994967
651,0.0017445690511829859,0.0888550728559494,0.051943615078926086,0.0004978390643373132,0.23650088906288147,0.07648998871445656,0.00935145735026119,0.005903859273530543,0.013772574866816732,0.008738236734643579,0.49466802179813385,0.2855790052562952
652,0.0017439279053102577,0.09071169793605804,0.051577016711235046,0.0005204670014791191,0.24725042283535004,0.07700289599597454,0.009382758385501618,0.005905617028474808,0.01375877144071753,0.008303194539621472,0.49367695301771164,0.2853399245068431
653,0.0017432859333291774,0.09433583170175552,0.05260130763053894,0.0005499867256730795,0.26127392053604126,0.07705480046570301,0.009385920083402203,0.0059406067011877894,0.014348160384028065,0.00925124459899962,0.5368784368038177,0.3069666186347604
654,0.0017426431359437462,0.09846724569797516,0.051838219165802,0.000599895603954792,0.284983366727829,0.0775030143558979,0.009413178366251461,0.005935535882599652,0.014200512874503314,0.008537573972716928,0.5258859992027283,0.3016945067793131
655,0.0017419995138588708,0.10182027518749237,0.053036775439977646,0.0006250945152714849,0.2969542443752289,0.07611853629350662,0.009328723221143266,0.005930687417276204,0.014142521820238127,0.00918515888042748,0.521599605679512,0.2988590709865093
656,0.001741355067780361,0.09684449434280396,0.05107223242521286,0.000589265488088131,0.27993351221084595,0.07622396387159824,0.009335181621559505,0.005900422343984246,0.013427498528186607,0.0081877619959414,0.4701904132962227,0.27320718858391047
657,0.001740709798414931,0.0891878679394722,0.05171091482043266,0.0005033010384067893,0.23909565806388855,0.07602979987859726,0.009323284101682927,0.005860779550857842,0.013204741542344193,0.008127963403239846,0.45471925288438797,0.2653745263814926
658,0.0017400637064701981,0.08700335025787354,0.05155787616968155,0.0004815974389202893,0.22878524661064148,0.07582101970911026,0.009310474380727983,0.005863045807927847,0.013649158999112378,0.008788006845861673,0.485842302441597,0.2808316610753536
659,0.0017394167926546814,0.09088265895843506,0.05099020153284073,0.0005272073904052377,0.25045245885849,0.07666430249810219,0.009362106957880012,0.005896166549064219,0.013737688160568192,0.008412332041189075,0.49216512590646744,0.2844147142022848
660,0.0017387690576778007,0.09283886849880219,0.051978129893541336,0.0005394782638177276,0.2562818229198456,0.07619486935436726,0.009333399616983134,0.005903400364331901,0.013475552940908794,0.008543665520846844,0.4735618606209755,0.2748783649876714
661,0.0017381205022498772,0.08822403848171234,0.050971243530511856,0.0004993847687728703,0.2372352033853531,0.07647672109305859,0.009350646678015134,0.005916718277148902,0.013310981210852094,0.00824089115485549,0.4620656594634056,0.2692711902782321
662,0.0017374711270821315,0.08577698469161987,0.05110622197389603,0.000472492742119357,0.22446002066135406,0.07705174013972282,0.009385733743047998,0.005923792719841003,0.013566760191991116,0.008273086044937372,0.479994036257267,0.2785228881984949
663,0.0017368209328866829,0.08882445096969604,0.05152975767850876,0.0005010014865547419,0.2380032241344452,0.0768219344317913,0.009371726889156077,0.005894436384551227,0.013720779359340999,0.008736759889870882,0.49095434695482254,0.2838881406933069
664,0.0017361699203765491,0.08973817527294159,0.0507279634475708,0.0005173697136342525,0.24577903747558594,0.07735108956694603,0.009403948050296616,0.005893000750802457,0.01345107842666564,0.008184225764125586,0.47184326499700546,0.27459717728197575
665,0.0017355180902656456,0.08714467287063599,0.051396943628787994,0.0004844399227295071,0.23013557493686676,0.07734228484332561,0.009403412819041728,0.005893494468182325,0.013470056605151997,0.008295671781525016,0.47317563742399216,0.2752589611336589
666,0.001734865443268783,0.08561284095048904,0.0512738972902298,0.00046935328282415867,0.22296860814094543,0.07694748975336552,0.009379381908033366,0.005891677341423929,0.013546163884955957,0.00851287436671555,0.4785377234220505,0.277742606587708
667,0.0017342119801016696,0.08662252128124237,0.050749704241752625,0.0004843939677812159,0.23011377453804016,0.07746799662709236,0.009411052018400467,0.0059369998052716255,0.013523717712882232,0.008190097054466605,0.4769531562924385,0.27721057645976543
668,0.0017335577014809078,0.08783632516860962,0.051516056060791016,0.0004907166003249586,0.23311737179756165,0.07686164975166321,0.009374149248673245,0.005903817596845329,0.013575049378560721,0.008470084285363555,0.48058074712753296,0.2787211984395981
669,0.001732902608123994,0.08607099950313568,0.05090803653001785,0.0004772559623233974,0.2267228215932846,0.07673224620521069,0.009366254674802716,0.005920061143115163,0.013417313742518856,0.008291048230603337,0.4694774001836777,0.2731048231944442
670,0.0017322467007493188,0.0846174955368042,0.05084504932165146,0.0004624881548807025,0.21970728039741516,0.07704858668148518,0.009385541487863828,0.005934170680120587,0.013446436667222629,0.00821620598435402,0.4715176522731781,0.27428311947733164
671,0.0017315899800761645,0.08572390675544739,0.051107876002788544,0.00047192018246278167,0.22418799996376038,0.07684753462672234,0.009373288239696574,0.005905346479266882,0.013653661765287671,0.00857805204577744,0.486162893474102,0.2815052140504122
672,0.0017309324468247063,0.08613628149032593,0.050560787320137024,0.00048086702008731663,0.22843825817108154,0.07728626765310764,0.009400007090655681,0.005954698659479618,0.013497471429833667,0.0082698380574584,0.4751036465167999,0.2761949570849538
673,0.0017302741017160101,0.08501473069190979,0.05084177851676941,0.00046669665607623756,0.2217065542936325,0.0773934368044138,0.009406521938189041,0.00594887905754149,0.013470239852476279,0.008352324832230806,0.47318851202726364,0.2752909744158387
674,0.0017296149454720316,0.0842052474617958,0.0505831241607666,0.00046035461127758026,0.21869373321533203,0.07740304805338383,0.009407105816915198,0.005920815165154636,0.01359205462470982,0.008471583016216755,0.48178553581237793,0.2795942919328809
675,0.0017289549788156167,0.08436629921197891,0.050435930490493774,0.00046328906319104135,0.22008776664733887,0.0776200219988823,0.00942028174570841,0.0059417161392048,0.013581189117196978,0.008328695548698306,0.48101556301116943,0.27931779250502586
676,0.0017282942024704996,0.08494477719068527,0.05070364102721214,0.00046712346374988556,0.2219093143939972,0.07730763033032417,0.009401305932535102,0.005921409581787884,0.013628401460241572,0.008570732548832893,0.48436572402715683,0.2808366771787405
677,0.0017276326171613027,0.08468656241893768,0.05022178962826729,0.00046846296754665673,0.22254565358161926,0.07730424404144287,0.009401100064762045,0.0059055284364148974,0.013560712913731588,0.008341863751411438,0.47956622391939163,0.27843523398041725
678,0.0017269702236135357,0.08366380631923676,0.05044297128915787,0.00045583597966469824,0.2165471464395523,0.07728905417025089,0.009400176022813386,0.005931031424552202,0.01356591065403547,0.008381359744817019,0.4799339026212692,0.27861147839576006
679,0.0017263070225535938,0.08330726623535156,0.05036657303571701,0.000452726730145514,0.21507005393505096,0.07703457772731781,0.009384688211055012,0.005915063666179776,0.01359656292380699,0.008487944258376956,0.48210518807172775,0.2795698828995228
680,0.0017256430147087585,0.0835755318403244,0.05010484531521797,0.00045775389298796654,0.21745826303958893,0.07711946591734886,0.00938985765692593,0.00589440343901515,0.01361382803381535,0.008349248673766851,0.4833303391933441,0.2802249025553465
681,0.0017249782008071962,0.08365998417139053,0.050334833562374115,0.00045670632971450686,0.2169605940580368,0.07723159901797771,0.009396681624515839,0.005918513867072761,0.013697490712735528,0.008553680265322328,0.4892891123890877,0.2832603557035327
682,0.0017243125815779561,0.08356481790542603,0.05011957511305809,0.000457517133327201,0.21734578907489777,0.07732226699590683,0.009402196007243293,0.005921860225498676,0.013607410407273684,0.008373370161280036,0.4828747510910034,0.2800985090434551
683,0.0017236461577509721,0.08324230462312698,0.050230540335178375,0.0004531882586888969,0.21528933942317963,0.07737725973129272,0.009405538669868253,0.0059246307937428355,0.013676715822974238,0.008483510697260499,0.4878060445189476,0.28259165212512016
684,0.0017229789300570592,0.08265174925327301,0.050031404942274094,0.00044864939991384745,0.2131330966949463,0.07748742401599884,0.00941223173937393,0.005942557239905,0.013659621286355055,0.008445807732641697,0.48658740520477295,0.2820374146103859
685,0.0017223108992279143,0.08231446146965027,0.04996092617511749,0.0004456928581930697,0.21172858774662018,0.07758623734116554,0.0094182310691326,0.005947689292952418,0.013653860933054615,0.008430589456111193,0.48617710173130035,0.28188166953623295
686,0.001721642065996115,0.08235536515712738,0.04998704791069031,0.0004459033953025937,0.21182863414287567,0.07765996642410755,0.009422705135921092,0.005943751079030335,0.013749409539181278,0.008544121170416474,0.49300535023212433,0.28533265832811594
687,0.0017209724310951193,0.08242103457450867,0.04993953928351402,0.000446994585217908,0.21234700083732605,0.07763459905982018,0.00942116645577506,0.005943767610006034,0.013702924496111591,0.008416672702878714,0.48967739194631577,0.28365599550306797
688,0.001720301995259264,0.08243873715400696,0.049980346113443375,0.0004468373954296112,0.21227231621742249,0.07753004133701324,0.009414819688440207,0.00596316484734416,0.013788518903789463,0.008622295456007123,0.4958139806985855,0.2866720110177994
689,0.001719630759223764,0.08248592913150787,0.04964187741279602,0.0004501839866861701,0.2138621211051941,0.07759936898946762,0.009419028199825121,0.005943504860624671,0.013747528693165456,0.008425627602264285,0.4928704798221588,0.2852349244058132
690,0.001718958723724712,0.08244673907756805,0.04992746189236641,0.00044736682320944965,0.21252381801605225,0.07763286493718624,0.009421060939830668,0.005965246586129069,0.013808124326146866,0.008637997321784496,0.49722494184970856,0.2874289033934474
691,0.001718285889499077,0.08225972205400467,0.04961027950048447,0.000448069185949862,0.2128574699163437,0.07775509171187878,0.009428474300541011,0.005937507492490113,0.013754435332607565,0.008442042395472527,0.4933658465743065,0.28556046914309263
692,0.001717612257284705,0.08212269097566605,0.04990671947598457,0.0004441308556124568,0.21098655462265015,0.07796046510338783,0.009440917572310513,0.0059647641610354185,0.01385810607784631,0.008650436764582992,0.5008310973644257,0.28939578123390675
693,0.0017169378278203153,0.0820828527212143,0.0497664138674736,0.00044489296851679683,0.21134860813617706,0.07799778878688812,0.009443177715924138,0.005944366101175547,0.013781747868672256,0.008452134672552347,0.4953271597623825,0.2866624742746353
694,0.0017162626018455034,0.08210328966379166,0.04990086704492569,0.00044397596502676606,0.21091297268867493,0.07804184034466743,0.009445843747181265,0.005983137991279364,0.013928626880622463,0.008709517074748874,0.5059413313865662,0.2919915858656168
695,0.001715586580100737,0.08219615370035172,0.049539513885974884,0.0004479960189200938,0.21282270550727844,0.07808463089168072,0.009448432885784942,0.005954860942438245,0.01387212247936889,0.008468318730592728,0.5018447116017342,0.28996467124670744
696,0.001714909763327357,0.08260561525821686,0.049791425466537476,0.00045018448145128787,0.2138623595237732,0.0781888160854578,0.009454734098867866,0.006008496158756316,0.014051067657598353,0.008851047838106751,0.5148754715919495,0.29653214383870363
697,0.0017142321522675753,0.08336710929870605,0.04936414211988449,0.000461796997115016,0.21937894821166992,0.07844837941229343,0.00947041448140302,0.005953228683210909,0.014016389536556277,0.008518376387655735,0.5123371481895447,0.29539276380091906
698,0.0017135537476644764,0.08465438336133957,0.05004848539829254,0.00046958349412307143,0.22307796776294708,0.07877879217267036,0.00949033776495541,0.006060151499696076,0.014276226629637347,0.009059893898665905,0.5315087288618088,0.30514376051723957
699,0.0017128745502620133,0.08625675737857819,0.04965236037969589,0.0004897841135971248,0.23267436027526855,0.0790935829281807,0.009509279952887494,0.005970322643406689,0.014189148379956686,0.008572909282520413,0.5250446051359177,0.3020690940320492
700,0.0017121945608050103,0.0880207046866417,0.05058977007865906,0.0005004566628485918,0.23774442076683044,0.07894247770309448,0.009500192121308128,0.0060867376159876585,0.01438478321483382,0.009166975039988756,0.5396226793527603,0.3092825785279274
701,0.0017115137800391578,0.08793339878320694,0.04967563971877098,0.0005072348285466433,0.24096441268920898,0.07851450331509113,0.009474404966443476,0.005965401767753065,0.014065910963999312,0.008526302408427,0.5159638524055481,0.2972391778603196
702,0.0017108322087110168,0.08567078411579132,0.04989162087440491,0.00048160197911784053,0.2287874072790146,0.07800322584807873,0.009443506520585981,0.006012879312038422,0.013927223320581847,0.008800614858046174,0.5058393552899361,0.2919212905690074
703,0.001710149847568013,0.08206622302532196,0.04890304431319237,0.0004519875510595739,0.21471893787384033,0.07827809825539589,0.009460130520805446,0.005974680767394602,0.013808126433879063,0.00853063864633441,0.4972251057624817,0.2877516020089388
704,0.0017094666973584392,0.08011435717344284,0.04926878213882446,0.00042836443753913045,0.20349663496017456,0.0783742256462574,0.009465937599066792,0.0059575444320216775,0.013800026283262616,0.008474068250507116,0.4966419190168381,0.28750807233154774
705,0.0017087827588314535,0.08056394755840302,0.049257148057222366,0.00043319445103406906,0.2057911604642868,0.07832931727170944,0.009463224945944891,0.006005938281305134,0.014056541915850158,0.008880838984623551,0.5152767226099968,0.2968030199408531
706,0.0017080980327370786,0.08218443393707275,0.04867037758231163,0.00045519080595113337,0.21624064445495605,0.07889136672019958,0.009497116157401472,0.0059945082757622,0.014077987794111239,0.00858442415483296,0.5168502181768417,0.29787079244852066
707,0.0017074125198262,0.0829353928565979,0.049317002296447754,0.0004576501087285578,0.2174089401960373,0.07886335626244545,0.00949542996286831,0.006021782057359815,0.014041502163722392,0.008842925541102886,0.5141746625304222,0.29651900939643383
708,0.001706726220850567,0.08154281973838806,0.04867114871740341,0.0004484312958084047,0.21302950382232666,0.07891196757555008,0.009498355950530798,0.0059710459318012,0.013915648058169573,0.008524494711309671,0.5049988999962807,0.2919554337859154
709,0.0017060391365627905,0.07942948490381241,0.04893530160188675,0.00042396405478939414,0.20140621066093445,0.07896747067570686,0.00950169589317114,0.005978308850899339,0.013910854683442544,0.008553644176572561,0.5046510472893715,0.2918092589825392
710,0.0017053512677163427,0.07897771149873734,0.04885613173246384,0.000419875665102154,0.19946400821208954,0.07881388254463673,0.009492450951480087,0.005992292077280581,0.014025786832593557,0.008780591888353229,0.5130243897438049,0.29591913614422083
711,0.001704662615065556,0.07996000349521637,0.04853206127882004,0.0004329430521465838,0.2056717425584793,0.07894371822476387,0.009500266793806361,0.005986928124912083,0.014091928513494317,0.008597955340519547,0.5178743451833725,0.2984090317040682
712,0.0017039731793656225,0.08055946230888367,0.04889478161931038,0.0004361983446869999,0.20721817016601562,0.0790027491748333,0.009503818037944022,0.0060482529224827886,0.014131051089753264,0.00885376101359725,0.520753838121891,0.29987829364836216
713,0.001703282961372593,0.08011294901371002,0.04844801872968674,0.0004352604737505317,0.20677265524864197,0.07915421575307846,0.009512923917050367,0.005987941287457943,0.01400976472871995,0.00858131586574018,0.5118529573082924,0.2955035865306854
714,0.0017025919618433767,0.07916994392871857,0.048786602914333344,0.0004224844742566347,0.20070332288742065,0.0792793370783329,0.009520439708083443,0.006011952180415392,0.014064657548499277,0.008714247727766633,0.5158718749880791,0.297575606033206
715,0.0017019001815357384,0.07837603986263275,0.04856139421463013,0.0004160247335676104,0.19763460755348206,0.0793102364987135,0.009522294734436066,0.0060140343848615885,0.014018372371878866,0.008715592557564378,0.5124821364879608,0.29589618649333715
716,0.0017012076212083007,0.07805481553077698,0.04829483851790428,0.0004148882580921054,0.19709473848342896,0.07942651584744453,0.00952927296843758,0.0059980826918035746,0.014065271467055123,0.00864125182852149,0.5159169435501099,0.2976717296987772
717,0.0017005142816205404,0.07827270776033401,0.04843562841415405,0.00041599609539844096,0.19762101769447327,0.07980861701071262,0.009552166673806104,0.006087800138629973,0.01418362014057623,0.008859602035954595,0.5246355533599854,0.302222085185349
718,0.00169982016353279,0.07869711518287659,0.04831793159246445,0.0004214540240354836,0.20021383464336395,0.07990440540015697,0.009557897470636062,0.0060085090808570385,0.014118981642224764,0.008653435856103897,0.5198646485805511,0.29988452699035406
719,0.0016991252677062345,0.07879932224750519,0.04857613518834114,0.0004203557618893683,0.19969208538532257,0.07973281480371952,0.009547629437248191,0.006038800231181085,0.014248861588985463,0.008892328944057226,0.529473066329956,0.3046029405668378
720,0.0016984295949029127,0.0783650204539299,0.04814453050494194,0.0004194187931716442,0.19924697279930115,0.07958989590406418,0.009539068510755528,0.006005695788189769,0.014140239044161243,0.008696610340848565,0.5214312374591827,0.30051056668162346
721,0.001697733145885715,0.07771919667720795,0.04811518266797066,0.00041286853956989944,0.1961352378129959,0.07941820286214352,0.009528773983592718,0.005997767788358033,0.014202335780191824,0.008812137879431248,0.5260210186243057,0.3027196107432246
722,0.0016970359214183832,0.07714259624481201,0.04780977591872215,0.00040937127778306603,0.19447386264801025,0.0796117465943098,0.009540377877912174,0.006045562215149403,0.014176156837632797,0.008749179309234023,0.5240836292505264,0.3018476879224181
723,0.0016963379222655094,0.07680079340934753,0.0478876456618309,0.0004051181022077799,0.19245336949825287,0.07964586466550827,0.009542422034322054,0.0060054336208850145,0.014184801106783069,0.008748724590986967,0.5247229188680649,0.3021843917667866
724,0.0016956391491925351,0.07667186856269836,0.04780462384223938,0.0004044602974317968,0.1921408623456955,0.07975531741976738,0.009548976395413477,0.006024762988090515,0.014278603210308565,0.00885512656532228,0.5316857546567917,0.30572053603827953
725,0.0016949396029657512,0.07672528922557831,0.04767298698425293,0.00040613088640384376,0.19293448328971863,0.07987486198544502,0.009556130539236872,0.006021541426889598,0.014255505562582692,0.00875673396512866,0.5299669504165649,0.304920906201005
726,0.001694239284352295,0.07693107426166534,0.04774976521730423,0.0004076503391843289,0.1936563104391098,0.07995777018368244,0.00956108857728949,0.00602706684730947,0.014400127355991553,0.008965018671005964,0.5407745093107224,0.3103661397472024
727,0.0016935381941201525,0.07721910625696182,0.04751262068748474,0.00041267863707616925,0.19604504108428955,0.08006787300109863,0.009567669220163767,0.006029191892594099,0.01432851974786151,0.008762679994106293,0.535409614443779,0.3077387437224388
728,0.0016928363330381546,0.0776190459728241,0.04779905080795288,0.00041447626426815987,0.19689899682998657,0.0802728720009327,0.009579909384496203,0.006061451975256205,0.014498528433780746,0.009052797220647335,0.5481903553009033,0.314231613650918
729,0.0016921337018759785,0.07811946421861649,0.04763353243470192,0.0004211369378026575,0.20006318390369415,0.08056261949241161,0.009597183203024018,0.006020261324010789,0.014396632482044433,0.008766830200329423,0.5405120402574539,0.31053732987493277
730,0.0016914303014041452,0.07896043360233307,0.04827003926038742,0.00042462878627702594,0.20172202587127686,0.08137375116348267,0.009645376323872051,0.006191540160216391,0.014619861983465203,0.009167418349534273,0.5574039965867996,0.31938887387514114
731,0.0016907261323940196,0.08002360165119171,0.0484502911567688,0.0004343009786680341,0.20631682872772217,0.0817169826477766,0.009665696631653595,0.006090623093768954,0.014475275044778618,0.008787350496277213,0.5464333295822144,0.3140751561149955
732,0.0016900211956178092,0.08116157352924347,0.04937204718589783,0.00043851701775565743,0.20831966400146484,0.08230730146169662,0.00970054638195727,0.006425606203265488,0.014645377102678617,0.009246157947927713,0.5593513250350952,0.3208293132483959
733,0.0016893154918485637,0.08127641677856445,0.04908929020166397,0.00044210662599653006,0.21002493798732758,0.08113578706979752,0.009631262638045573,0.006137207383289933,0.014440744464280177,0.00878582103177905,0.5438294112682343,0.3124825991690159
734,0.0016886090218601738,0.07970946282148361,0.04870561510324478,0.0004288448253646493,0.20372486114501953,0.08046523295342922,0.009591381150124988,0.006237766821868718,0.014402613071651263,0.009075217880308628,0.5409612059593201,0.31071321945637465
735,0.0016879017864273708,0.07749637961387634,0.04729209840297699,0.0004174538189545274,0.19831351935863495,0.08065257780253887,0.00960254010927583,0.006062933360226452,0.014369633328776641,0.008832496125251055,0.5384866148233414,0.3095695963129401
736,0.0016871937863257246,0.07633921504020691,0.04777098447084427,0.00040124228689819574,0.19061213731765747,0.08147483691573143,0.009651365391532217,0.006034941878169775,0.014272059970015228,0.008826217148452997,0.5311985462903976,0.30633669160306454
737,0.001686485022331644,0.07632607221603394,0.04826214164495468,0.00039696836029179394,0.18858179450035095,0.08151742815971375,0.009653887633912533,0.006203464115969837,0.014404897455044283,0.008938872022554278,0.5411328375339508,0.3113251328468323
738,0.0016857754952223762,0.07603558152914047,0.04804033786058426,0.00039577853749506176,0.18801654875278473,0.08066528849303722,0.009603296559964041,0.006015324383042753,0.014373451024658162,0.00878749112598598,0.5387728065252304,0.3097190475091338
739,0.0016850652057760042,0.07556440681219101,0.047236163169145584,0.00039759057108312845,0.18887737393379211,0.08061040192842484,0.009600029292513678,0.006004897062666714,0.014463555351631931,0.00901967566460371,0.5455488562583923,0.3130796290934086
740,0.0016843541547714475,0.07584919035434723,0.04685056209564209,0.00040383479790762067,0.19184371829032898,0.0817861445248127,0.009669786080598257,0.006173382746055722,0.014473209771100356,0.008875433122739196,0.5462774485349655,0.3140317965298891
741,0.001683642342988461,0.07627217471599579,0.047975391149520874,0.0003988155513070524,0.18945929408073425,0.08154454454779625,0.009655492936491391,0.006025917828083038,0.014434976254256004,0.00896258163265884,0.5433950573205948,0.3124698009341955
742,0.0016829297712076332,0.07564365863800049,0.04751694202423096,0.00039606046630069613,0.18815049529075623,0.08099822141230106,0.0096230944368848,0.006065229536034167,0.014439428224208994,0.008872384205460548,0.5437303185462952,0.3123642699792981
743,0.0016822164402103869,0.07433280348777771,0.04699080064892769,0.0003866938641294837,0.183700829744339,0.08081904612481594,0.009612445018336045,0.006115057156421244,0.014416409961756114,0.008901528548449278,0.5419981479644775,0.31140859704464674
744,0.001681502350778977,0.07379145920276642,0.04660378023982048,0.0003842547885142267,0.18254214525222778,0.08106358535587788,0.009626976193275896,0.006018694373778999,0.01447274324034469,0.00896736653521657,0.5462422370910645,0.31365291122347116
745,0.0016807875036964897,0.07420096546411514,0.04683587700128555,0.0003866106562782079,0.1836613118648529,0.08167171105742455,0.009663018878728901,0.006113362614996731,0.014508466625519098,0.008919260697439313,0.5489421188831329,0.31530691497027874
746,0.0016800718997468426,0.0746108889579773,0.04722726717591286,0.0003876296104863286,0.18414534628391266,0.08122474327683449,0.00963654104637881,0.006047817412763834,0.014548256779304113,0.009062612662091851,0.5519572347402573,0.3165909890085459
747,0.0016793555397147833,0.07446461915969849,0.04656367003917694,0.0003916777204722166,0.18606843054294586,0.08110663667321205,0.009629532119536337,0.006066753063350916,0.014570617471044382,0.008924573194235563,0.553655281662941,0.3173809591680765
748,0.001678638424385888,0.07398442924022675,0.04649050533771515,0.0003872397355735302,0.18396013975143433,0.08123089000582695,0.009636905439851047,0.006129413959570229,0.014597251118139075,0.00907352869398892,0.5556811690330505,0.31845602951943874
749,0.0016779205545465622,0.07362820208072662,0.046186868101358414,0.00038604700239375234,0.18339353799819946,0.08129889704287052,0.009640938990350135,0.006018840009346604,0.014592337721129556,0.00895437365397811,0.5553071647882462,0.31830303091555834
750,0.001677201930984038,0.07342459261417389,0.04646745324134827,0.0003815413801930845,0.18125313520431519,0.08172410540282726,0.009666117886241577,0.006082880776375532,0.01466363364512929,0.009055410046130419,0.5607466995716095,0.3212354024872184
751,0.0016764825544863743,0.07321274280548096,0.04641523212194443,0.00037975137820467353,0.18040277063846588,0.0813782624900341,0.00964564326460983,0.006045895162969828,0.014609208079346452,0.009004232240840793,0.5565918833017349,0.3189850728958845
752,0.0016757624258424552,0.07289008796215057,0.046159856021404266,0.00037850564694963396,0.17981098592281342,0.08133518509566784,0.009643090099599887,0.006064761779271066,0.014686079635860959,0.009024213068187237,0.5624647289514542,0.321899957023561
753,0.0016750415458419905,0.07259364426136017,0.046067915856838226,0.00037615979090332985,0.17869657278060913,0.0815416406840086,0.009655321124124412,0.006113996845670044,0.01464725256140649,0.0090542312245816,0.5594945549964905,0.32051809784024954
754,0.0016743199152755134,0.07247187942266464,0.045929379761219025,0.0003760447143577039,0.1786418855190277,0.08131518587470055,0.009641904950119858,0.0060478231171146035,0.014703539560921004,0.009025197941809893,0.5638029277324677,0.3225590568035841
755,0.0016735975349343802,0.072482630610466,0.04610320180654526,0.00037469418020918965,0.1780003309249878,0.08192833140492439,0.009678188153137274,0.006132051581516862,0.014714145437572067,0.009110745275393128,0.5646165907382965,0.32327246107161045
756,0.0016728744056107696,0.0724804624915123,0.04605601727962494,0.0003750686882995069,0.17817822098731995,0.08144960179924965,0.00964987024026637,0.006033652112819254,0.014731105230391653,0.009035812458023429,0.565918892621994,0.32368424721062183
757,0.0016721505280976813,0.07236261665821075,0.046053171157836914,0.0003738523228093982,0.1776004135608673,0.08177589625120163,0.009669180439507909,0.006125308224000037,0.014778414272178736,0.009146674536168575,0.5695596188306808,0.32566775754094124
758,0.0016714259031889362,0.07220255583524704,0.04581935703754425,0.0003741363761946559,0.1777353435754776,0.08155526593327522,0.009656127692622217,0.00604007113724947,0.014747330390907986,0.009029080159962177,0.5671662539243698,0.3243607599288225
759,0.001670700531679174,0.0721198171377182,0.04578102380037308,0.00037358832196332514,0.1774749755859375,0.08164492063224316,0.00966143412465629,0.006093591684475541,0.01487341976410609,0.009196367813274264,0.5769062042236328,0.329275562427938
760,0.001669974414363854,0.07223956286907196,0.04560418426990509,0.00037633764441125095,0.17878106236457825,0.08209765143692493,0.009688183761616077,0.006076874793507159,0.014781951535132619,0.0090310366358608,0.5698323398828506,0.3259649956598878
761,0.0016692475520392522,0.07273354381322861,0.04583315551280975,0.00037960897316224873,0.18033510446548462,0.08208254911005497,0.009687292643015539,0.006084713852033019,0.015054641258571332,0.009315734962001443,0.5910501778125763,0.33656636346131563
762,0.0016685199455024628,0.07377846539020538,0.04586716741323471,0.0003903204924426973,0.18542367219924927,0.08332788199186325,0.009760502499938352,0.006259539513848722,0.014904319031852267,0.009071487933397293,0.5793057084083557,0.3313167952001095
763,0.0016677915955513954,0.07588160783052444,0.046646881848573685,0.000405890925321728,0.1928205043077469,0.08322094194591045,0.009754237412403539,0.006227155216038227,0.015380005964187836,0.009543440770357847,0.6168740838766098,0.35004751291126013
764,0.001667062502984775,0.07863809168338776,0.046875737607479095,0.00043297623051330447,0.2056875079870224,0.08506382070481777,0.00986164688506343,0.006498276139609516,0.0151521877445188,0.009172039106488228,0.598734438419342,0.3418991295620799
765,0.0016663326686021406,0.08214233815670013,0.04811995103955269,0.000459382456028834,0.2182319015264511,0.08295135758817196,0.00973842565792938,0.006207942147739232,0.015476660149995013,0.009688207879662514,0.6246518641710281,0.35380161087960005
766,0.0016656020932038459,0.08137059211730957,0.04663006216287613,0.0004638046375475824,0.22033268213272095,0.08241705410182476,0.009707011683136592,0.006137393298558891,0.014983323564944029,0.009101697243750095,0.5854635685682297,0.3339403113350272
767,0.0016648707775910557,0.0778653472661972,0.046082399785518646,0.00043152301805093884,0.20499715209007263,0.08191431500017643,0.00967736020983416,0.0062000605976209044,0.014778537109706957,0.009323372272774577,0.5695690959692001,0.3257417054846883
768,0.0016641387225657476,0.07391912490129471,0.04533863067626953,0.0003962511837016791,0.18824109435081482,0.0846229549497366,0.009836058294811337,0.006418854696676135,0.014879167882076707,0.009135334752500057,0.5773521959781647,0.33098757546395063
769,0.0016634059289307097,0.0749020054936409,0.04850250855088234,0.0003799559490289539,0.18049997091293335,0.08837159350514412,0.010051557188386224,0.006743827136233449,0.014622065652095163,0.009054512716829777,0.5575720369815826,0.3229718152433634
770,0.0016626723974895396,0.07695505023002625,0.05050063878297806,0.00038474012399092317,0.182772696018219,0.08448891341686249,0.009828265000582665,0.006223930977284908,0.014873732965971475,0.009159969165921211,0.57693050801754,0.33070971071720123
771,0.001661938129046645,0.07377612590789795,0.04811341315507889,0.00037138222251087427,0.1764269769191742,0.0820129793137312,0.009683186542701918,0.006074849516153336,0.014693987825819908,0.008984049316495657,0.5630706250667572,0.3225418021902442
772,0.0016612031244072412,0.07048054039478302,0.045308224856853485,0.00036031584022566676,0.17116981744766235,0.08399541676044464,0.009799519871015249,0.006378644029609859,0.014654328607062882,0.00905611296184361,0.560035303235054,0.32201535999774933
773,0.001660467384377351,0.07213236391544342,0.046512722969055176,0.0003675594343803823,0.1746109127998352,0.08544337563216686,0.009883623697702739,0.00627493136562407,0.014953608293921748,0.009152349550276995,0.5831436663866043,0.3342935210093856
774,0.001659730909763803,0.07390336692333221,0.04861742630600929,0.00036847760202363133,0.1750470995903015,0.08430763147771358,0.009817715388523378,0.0061685205437242985,0.014704355535955347,0.009053322253748775,0.563865527510643,0.3240865794941783
775,0.0016589937013742322,0.07144998759031296,0.046410031616687775,0.00036124198231846094,0.1716097891330719,0.08221031352877617,0.009694828891656961,0.006151422043330967,0.014741357622438707,0.009062488796189427,0.5667069107294083,0.3244586121290922
776,0.0016582557600170783,0.06967667490243912,0.04482884332537651,0.00035589144681580365,0.16906799376010895,0.0838520023971796,0.009791150577718939,0.006173996836878359,0.014905217618042022,0.009158031083643436,0.5793755650520325,0.33161378372460604
777,0.0016575170865015842,0.07151023298501968,0.04669056087732315,0.00035951402969658375,0.17078891396522522,0.08481647819280624,0.009847298711679685,0.006235728971660137,0.014751425694516629,0.009102096548303962,0.5674812495708466,0.3261488638818264
778,0.0016567776816377958,0.07144436240196228,0.046493902802467346,0.00036047655157744884,0.17124617099761963,0.08202836662530899,0.009684094474514775,0.0060721999034285545,0.01486482437879297,0.009124805917963386,0.5762395858764648,0.3291339762508869
779,0.0016560375462365616,0.06929944455623627,0.04457942768931389,0.000354021176462993,0.16817951202392578,0.08272194117307663,0.00972494962033084,0.0060900559183210135,0.014948394653012911,0.009206571849063039,0.5827370882034302,0.3327295146882534
780,0.0016552966811095306,0.07003870606422424,0.04519757628440857,0.00035659706918522716,0.16940319538116455,0.08462420850992203,0.009836131157247595,0.006215175963006914,0.01486058369804807,0.009107941761612892,0.5759108662605286,0.3302675373852253
781,0.0016545550870691523,0.07081015408039093,0.04589332267642021,0.00035885837860405445,0.17047744989395142,0.08262928016483784,0.009719501385107698,0.006060118204914033,0.015033712849279112,0.009226687718182802,0.5894080102443695,0.33601864520460367
782,0.0016538127649286753,0.06915981322526932,0.044475629925727844,0.00035342550836503506,0.16789653897285461,0.08280832506716251,0.009730026060994827,0.006090368609875441,0.014991002269928295,0.009207343682646751,0.5860637724399567,0.3344360487535596
783,0.0016530697155021472,0.06885132193565369,0.04455932229757309,0.0003494739066809416,0.16601932048797607,0.08422181010246277,0.009812717123337046,0.006155324401333928,0.014944613921162496,0.00917201885022223,0.5824423134326935,0.3333320617675781
784,0.0016523259396044128,0.06967543810606003,0.045135498046875,0.00035329637466929853,0.16783517599105835,0.08279520459473133,0.009729255252125769,0.006082465057261288,0.015126815972320552,0.009273400995880365,0.5967309772968292,0.3397630909457803
785,0.001651581438051113,0.06899324059486389,0.04436883330345154,0.00035257148556411266,0.16749083995819092,0.08273614756762981,0.009725784547036185,0.0061532617546617985,0.015002893361724763,0.009190215962007642,0.5869938731193542,0.33486501034349203
786,0.0016508362116586857,0.06842096149921417,0.04423336684703827,0.00034768888144753873,0.1651713252067566,0.0836227685213089,0.00977775790466828,0.006118742399848998,0.01499563548062029,0.009229294955730438,0.5864260941743851,0.335024431347847
787,0.0016500902612443626,0.06872723996639252,0.04455360025167465,0.0003482161555439234,0.16542179882526398,0.0827809926122427,0.009728419968869364,0.00609588494990021,0.015146491958353714,0.009277177508920431,0.5982843786478043,0.3405326856300235
788,0.00164934358762617,0.06854850053787231,0.04434022307395935,0.0003481315216049552,0.16538159549236298,0.08259337395429611,0.009717389466376278,0.006184781901538372,0.015048162150391403,0.00926822773180902,0.5905415415763855,0.3365674577653408
789,0.0016485961916229267,0.06807245314121246,0.04391323775053024,0.000346716376952827,0.16470932960510254,0.08327341824769974,0.009757311922300754,0.006121475831605494,0.015086186158983005,0.009248253423720598,0.593529686331749,0.33840155228972435
790,0.0016478480740542449,0.06789421290159225,0.044117722660303116,0.000343118590535596,0.1630001664161682,0.08277086168527603,0.00972782489681751,0.006076616933569312,0.015175241386094293,0.009283587569370866,0.6005577445030212,0.34166430309414864
791,0.0016470992357405267,0.06780490279197693,0.043979376554489136,0.0003433434758335352,0.1631070226430893,0.08309841342270374,0.009747053906058395,0.006249827449209988,0.015094672485530983,0.009287602035328746,0.5941976308822632,0.33864802215248346
792,0.0016463496775029646,0.06774954497814178,0.043861616402864456,0.00034375229733996093,0.1633012294769287,0.08341217413544655,0.009765437895502346,0.006152633111923933,0.015179502129872374,0.009261992061510682,0.6008950173854828,0.34215359576046467
793,0.001645599400163542,0.06754672527313232,0.043981097638607025,0.0003406115574762225,0.16180920600891113,0.08306832984089851,0.009745289353168358,0.0061431084759533405,0.015219095816023926,0.00934183457866311,0.6040337830781937,0.3435510564595461
794,0.0016448484045450294,0.06727012991905212,0.04361186921596527,0.0003408093471080065,0.16190317273139954,0.0830705463886261,0.009745419356252234,0.0061278147622942924,0.015154118833182462,0.009268709691241384,0.5988870710134506,0.34097880870103836
795,0.001644096691470986,0.0673140436410904,0.04355234280228615,0.0003417727129999548,0.16236083209514618,0.08371470309793949,0.009783131025854111,0.006169060594402254,0.015259297004828455,0.009354798588901758,0.6072291135787964,0.34547190833836794
796,0.0016433442617657572,0.06742372363805771,0.04375790059566498,0.00034119634074158967,0.16208700835704803,0.08336944505572319,0.00976293636727658,0.006139106582850218,0.01520602820158592,0.009284899104386568,0.6029969602823257,0.34318320266902447
797,0.0016425911162544742,0.06731650978326797,0.0438503734767437,0.00033928928314708173,0.16118104755878448,0.0843916479498148,0.009822606296775852,0.006238402798771858,0.015211397485110075,0.009367752587422729,0.6034228950738907,0.34390727151185274
798,0.0016418372557630537,0.06760744750499725,0.04426896944642067,0.0003388267941772938,0.1609613448381424,0.08550501801073551,0.009887188476064413,0.006238535046577454,0.015254430386764363,0.009277008706703782,0.6068418323993683,0.3461734252050519
799,0.001641082681118196,0.06880497932434082,0.04585810750722885,0.0003380502457730472,0.1605924516916275,0.08869190141558647,0.01006975701370638,0.006711002322845161,0.015244207090334328,0.00941656343638897,0.606028750538826,0.34736032597720623
800,0.0016403273931473849,0.0708647072315216,0.048151589930057526,0.0003404178423807025,0.16171717643737793,0.0898696556687355,0.010136395385050559,0.006303695030510426,0.015258412237282764,0.009265541099011898,0.6071586906909943,0.3485141731798649
801,0.001639571392678886,0.07318516075611115,0.05029909685254097,0.0003467586066108197,0.16472938656806946,0.09245387278497219,0.010281099403312061,0.0065476399613544345,0.015313908324759025,0.009406890254467726,0.6115833222866058,0.352018597535789
802,0.0016388146805417466,0.07436473667621613,0.05154227092862129,0.0003487061767373234,0.16565458476543427,0.08713871985673904,0.009981196126594151,0.006133717484772205,0.015125913474217182,0.009245692752301693,0.596659779548645,0.34189924970269203
803,0.0016380572575657943,0.07052280753850937,0.04738953337073326,0.0003432358498685062,0.1630558967590332,0.08325505256652832,0.009756236387528457,0.006126804277300835,0.01512767248401072,0.00925430771894753,0.5967985689640045,0.3400268107652664
804,0.0016372991245816367,0.06635169684886932,0.04344352334737778,0.0003325602156110108,0.15798437595367432,0.08537033759057522,0.009879398323392633,0.006249501369893551,0.015173992455021122,0.00937414518557489,0.6004589051008224,0.34291462134569883
805,0.0016365402824206588,0.06829126179218292,0.044736407697200775,0.00034208816941827536,0.16251066327095032,0.08650916069746017,0.009945074990288924,0.006117149256169796,0.015162618243929473,0.00921920663677156,0.599559023976326,0.3430340923368931
806,0.0016357807319150248,0.06990796327590942,0.04668811708688736,0.0003426705952733755,0.16278736293315887,0.08466276153922081,0.009838371043971486,0.006292130914516747,0.015185135583007133,0.009369829436764121,0.6013410985469818,0.3430019300431013
807,0.0016350204738976746,0.06716255843639374,0.04435469210147858,0.0003334225038997829,0.158393993973732,0.08462528884410858,0.00983619403302778,0.006188178434967995,0.015121012348090148,0.009261049097403884,0.5962731838226318,0.3404492363333702
808,0.0016342595092023243,0.06633269041776657,0.043946050107479095,0.0003281288663856685,0.15587924420833588,0.08503538742661476,0.009859998402031903,0.006078834994696081,0.01514086695328037,0.009235959500074387,0.5978400409221649,0.34143771417438984
809,0.001633497838663465,0.067532017827034,0.04502619057893753,0.00033165703644044697,0.15755531191825867,0.08480924740433693,0.009846878835002484,0.0063833523308858275,0.015213526828996944,0.00934402272105217,0.6035918295383453,0.34420053847134113
810,0.001632735463116362,0.06667167693376541,0.04424918442964554,0.00032914429903030396,0.1563616394996643,0.08510087057948112,0.009863794212823594,0.0062199083622545,0.01519290480946351,0.009268252179026604,0.6019565761089325,0.3435287233442068
811,0.0016319723833970537,0.06591617316007614,0.04369077831506729,0.00032589439069852233,0.15481774508953094,0.0846706684678793,0.009838830847826881,0.006115057738497853,0.0152286291080444,0.009289009729400277,0.6047907620668411,0.3447307152673602
812,0.00163120860034235,0.06621182709932327,0.0439566969871521,0.00032676715636625886,0.15523235499858856,0.08499326929450035,0.00985755648416786,0.006431690300814807,0.015267724401196432,0.009379790164530277,0.6079000383615494,0.34644665382802486
813,0.001630444114789833,0.06597588956356049,0.043922316282987595,0.0003245733096264303,0.15419015288352966,0.08517986722290516,0.009868371423582843,0.006180515047162771,0.015258267274518133,0.009352169465273619,0.6071471571922302,0.3461635122075677
814,0.0016296789275778549,0.0656030923128128,0.04347369447350502,0.0003244270628783852,0.15412068367004395,0.08424030244350433,0.009813794623561148,0.006166132865473628,0.0153098724725293,0.009304581675678492,0.6112609803676605,0.34775064140558243
815,0.0016289130395455373,0.06556390970945358,0.04335961118340492,0.0003249752626288682,0.15438109636306763,0.08478639461100101,0.009845552217392691,0.0064494244288653135,0.015340707942964042,0.009430644335225224,0.6137257516384125,0.34925607312470675
816,0.0016281464515327702,0.06536367535591125,0.04317248612642288,0.00032444341923110187,0.15412844717502594,0.08516301773488522,0.009867395096935905,0.006188277620822191,0.01537337468744141,0.009354935958981514,0.6163422763347626,0.3507526470348239
817,0.0016273791643802115,0.06507103145122528,0.043076708912849426,0.0003221697115805,0.1530483067035675,0.08474758826196194,0.009843298996415941,0.006190910702571273,0.0154392480231502,0.009456690633669496,0.6216355115175247,0.35319154988974333
818,0.0016266111789292855,0.06524378061294556,0.04314524680376053,0.0003234108444303274,0.15363793075084686,0.08531273528933525,0.0098760647385939,0.006447593099437654,0.015448843505381272,0.009448136202991009,0.6224085092544556,0.3538606222718954
819,0.0016258424960221825,0.06513012200593948,0.043133534491062164,0.00032231316436082125,0.15311646461486816,0.08511495217680931,0.009864610104315536,0.006151174777187407,0.015518435801632847,0.009514608886092901,0.6280285865068436,0.35657176934182644
820,0.0016250731165018577,0.06487764418125153,0.042501263320446014,0.00032497954089194536,0.15438315272331238,0.08516255393624306,0.00986736809058725,0.00628401490394026,0.015539727669785645,0.009408308425918221,0.6297531574964523,0.3574578557163477
821,0.0016243030412120298,0.06569364666938782,0.04314855486154556,0.00032811786513775587,0.15587401390075684,0.08568345196545124,0.009897499187464498,0.006427367450669408,0.015613623012433008,0.009674766566604376,0.6357566714286804,0.36072006169706583
822,0.0016235322709971807,0.06649124622344971,0.042742159217596054,0.0003399346023797989,0.1614876091480255,0.08488946408033371,0.009851534714801885,0.006159282173030078,0.015757161287581447,0.009572676382958889,0.647499606013298,0.36619453504681587
823,0.0016227608067025546,0.06742997467517853,0.04263439029455185,0.0003507221699692309,0.16661229729652405,0.0851885937154293,0.009868876738144322,0.006208154605701566,0.015948584578540304,0.00996996695175767,0.6633272767066956,0.37425793521106243
824,0.001621988649174157,0.07044698297977448,0.04259277880191803,0.00038282680907286704,0.18186376988887787,0.08654957078397274,0.009947397136858127,0.006421070080250502,0.01612477903806122,0.009814467979595065,0.6780645847320557,0.3823070777580142
825,0.0016212157992587524,0.07510830461978912,0.04403335601091385,0.00041975799831561744,0.19940811395645142,0.08585799485445023,0.009907575184491672,0.0061651114374399185,0.01648654764633658,0.010426727589219809,0.7088314592838287,0.3973447270691395
826,0.0016204422578038667,0.07907062768936157,0.04290306940674782,0.00047097887727431953,0.2237408608198166,0.08553070016205311,0.00988867303788502,0.006287687341682613,0.016408483186154715,0.009950460400432348,0.7021346539258957,0.3938326770439744
827,0.0016196680256577824,0.08071675151586533,0.04360606148838997,0.00048238522140309215,0.22915950417518616,0.08543086424469948,0.009882900115052821,0.006302199326455593,0.016125450000674186,0.010250802617520094,0.678121030330658,0.3817759472876787
828,0.00161889310366954,0.07539691776037216,0.042450204491615295,0.0004361259052529931,0.20718376338481903,0.08412184379994869,0.009806891883742671,0.006114456104114652,0.015591421872112418,0.009459282737225294,0.6339499652385712,0.35903590451925993
829,0.0016181174926889362,0.06610896438360214,0.04238753765821457,0.00033889690530486405,0.16099464893341064,0.08447051793336868,0.009827195380277732,0.006175198242999613,0.015382207279710172,0.009320292389020324,0.6170506924390793,0.350760605186224
830,0.001617341193566524,0.06398607790470123,0.04230693727731705,0.0003172320139128715,0.15070264041423798,0.08518810197710991,0.009868848261320083,0.006203901255503297,0.015748592929638316,0.009890008717775345,0.6467956155538559,0.3659918587654829
831,0.00161656420715361,0.06913375854492188,0.041929878294467926,0.00037458675797097385,0.17794927954673767,0.08506570383906364,0.009861756171601711,0.006161437602713704,0.015891955211137513,0.00965360994450748,0.6586250066757202,0.37184535525739193
832,0.0016157865343022558,0.07021625339984894,0.04252253845334053,0.00038098974619060755,0.18099108338356018,0.08504173532128334,0.009860366620657196,0.0061925448244437575,0.015537305045589112,0.0095740866381675,0.6295568197965622,0.35729927755892277
833,0.0016150081758652744,0.06483106315135956,0.04193070903420448,0.00032929342705756426,0.15643247961997986,0.08558092638850212,0.00989157602749356,0.006181361502967775,0.015411649951783008,0.009436215739697218,0.6194151192903519,0.352498022839427
834,0.0016142291326962318,0.06336463242769241,0.04193132370710373,0.00031385390320792794,0.14909785985946655,0.08526688069105148,0.009873410417139409,0.006174748996272683,0.01570894719326289,0.009515879210084677,0.6435431391000748,0.3644050098955631
835,0.001613449405649444,0.06606701016426086,0.04205988347530365,0.00034121423959732056,0.16209551692008972,0.08553108386695385,0.00988869511147204,0.006190267624333501,0.015749428793327105,0.00975588383153081,0.6468642354011536,0.3661976596340537
836,0.001612668995579977,0.06619857251644135,0.04161728918552399,0.00034632562892511487,0.16452370584011078,0.08663184940814972,0.009952124520591393,0.006224806187674403,0.015511189535662603,0.009370641317218542,0.6274422258138657,0.3570370376110077
837,0.0016118879033436466,0.06388001143932343,0.042236730456352234,0.0003167067770846188,0.150453120470047,0.08569726534187794,0.009898297048020501,0.0061918775318190455,0.015601694898934197,0.009468909353017807,0.634785607457161,0.36024143639951944
838,0.001611106129797016,0.0625510960817337,0.041670046746730804,0.00030749134020879865,0.1460752785205841,0.0857139341533184,0.009899259761306485,0.006210124935023487,0.015741362710953295,0.009699364891275764,0.6462018936872482,0.3659579139202833
839,0.0016103236757973962,0.06405936181545258,0.0413467139005661,0.0003260884841438383,0.15490995347499847,0.08701924420893192,0.009974351244379637,0.0062312928494066,0.015675817749380844,0.009449605830013752,0.6408316493034363,0.3639254467561841
840,0.0016095405422028434,0.06490012258291245,0.04214322939515114,0.0003282308462075889,0.15592768788337708,0.08659876510500908,0.009950223763852295,0.006254162639379501,0.015750967119316558,0.009603226557374,0.6469906121492386,0.36679468862712383
841,0.00160875672987216,0.06282517313957214,0.04169953614473343,0.0003101277397945523,0.147327721118927,0.08635747991502285,0.009936352244748854,0.0062101471703499556,0.01567707694239644,0.009542048210278153,0.6409346163272858,0.3636460481211543
842,0.0016079722396648917,0.061728306114673615,0.04135189577937126,0.0003015102702192962,0.14323395490646362,0.08683259040117264,0.00996364805417235,0.006229608901776373,0.015690370621074114,0.0094991575460881,0.6420220583677292,0.3644273243844509
843,0.0016071870724413291,0.06278133392333984,0.04143693670630455,0.00031187746208161116,0.14815892279148102,0.0867750383913517,0.00996034577119172,0.00624355545733124,0.015871301146299855,0.009724634932354093,0.6569141000509262,0.37184456922113895
844,0.0016064012290625035,0.06312251091003418,0.04137318208813667,0.00031600517104379833,0.150119811296463,0.0868816077709198,0.009966460034081092,0.006203108467161655,0.01573835661347972,0.009516912745311856,0.6459550559520721,0.36641833186149597
845,0.0016056147103901887,0.06220366805791855,0.04156184941530228,0.0003047456848435104,0.14477095007896423,0.08683181181550026,0.00996360341751889,0.006265173899009824,0.015699097166427936,0.009560073260217905,0.6427363753318787,0.36478409357368946
846,0.0016048275172868994,0.0611816868185997,0.041193440556526184,0.00029709123191423714,0.14113466441631317,0.08634230680763721,0.009935479539848701,0.006233905209228396,0.015795478739682876,0.009643076453357935,0.6506524980068207,0.36849740240722895
847,0.0016040396506158887,0.06138748675584793,0.040949370712041855,0.00030131242237985134,0.14313994348049164,0.0866278912872076,0.009951897055774393,0.006211469531990588,0.0157819704714799,0.009547177236527205,0.6495400816202164,0.368083986453712
848,0.0016032511112411495,0.06199394911527634,0.04132011532783508,0.0003045737976208329,0.14468929171562195,0.08701864629983902,0.009974316959383328,0.006282144342549145,0.015818809278546814,0.009680272778496146,0.6525760143995285,0.36979733034968376
849,0.0016024619000274117,0.06162720546126366,0.04126252233982086,0.0003011987137142569,0.14308594167232513,0.08665591292083263,0.009953506561463437,0.006258361740037799,0.015758843142631845,0.00954390224069357,0.6476378440856934,0.367146878503263
850,0.001601672017840142,0.0607280433177948,0.04109039157629013,0.0002931842172984034,0.13927863538265228,0.08656153455376625,0.009948084669859216,0.006299543310888112,0.015764679184250764,0.00958513212390244,0.6481176018714905,0.36733956821262836
851,0.0016008814655455433,0.06041017919778824,0.04079711437225342,0.00029230810469016433,0.13886241614818573,0.0868914108723402,0.009967022061110938,0.006247231853194535,0.015831781850289776,0.009673466673120856,0.6536468118429184,0.3702691113576293
852,0.001600090244010553,0.060690559446811676,0.04069168120622635,0.0002961469581350684,0.1406860649585724,0.0873569156974554,0.00999368453101012,0.006275022053159773,0.015815784548116944,0.009551999159157276,0.6523264944553375,0.36984170507639647
853,0.0015992983541028426,0.06095782294869423,0.0411323681473732,0.0002952492795884609,0.14025963842868805,0.0874746274203062,0.010000415595081592,0.006422603619284928,0.015854584914213266,0.009686395758762956,0.6555310934782028,0.3715028604492545
854,0.0015985057966908167,0.0605136901140213,0.040933020412921906,0.00029225327307358384,0.13883636891841888,0.08708249405026436,0.00997797530629473,0.0062220675172284245,0.015809942174683032,0.009599445620551705,0.6518446207046509,0.3694635573774576
855,0.0015977125726436112,0.059782616794109344,0.040520746260881424,0.0002880300744436681,0.13683010637760162,0.08705177344381809,0.009976215313665455,0.0062511187279596925,0.015818653122684583,0.00959394359961152,0.6525631695985794,0.36980747152119875
856,0.0015969186828310939,0.05964475870132446,0.04045362025499344,0.0002871443284675479,0.13640931248664856,0.08747385814785957,0.010000371850108776,0.006388342939317226,0.015876431005543916,0.009688123594969511,0.6573388278484344,0.372406342998147
857,0.001596124128123862,0.059920746833086014,0.040607750415802,0.000288751267362386,0.13717272877693176,0.08750502020120621,0.01000215268879343,0.006242338917218149,0.01585381299500485,0.009592510759830475,0.6554672718048096,0.3714861460030079
858,0.0015953289093932424,0.05988118052482605,0.04067924618721008,0.00028773280791938305,0.13668890297412872,0.08734128810465336,0.009992790984874394,0.0062687280587852,0.015875499968757197,0.009687600657343864,0.6572617143392563,0.3723015012219548
859,0.0015945330275112899,0.05955527722835541,0.04037245735526085,0.0002868858864530921,0.13628657162189484,0.08734840340912342,0.009993197996037085,0.0062874456634745,0.015850212656539766,0.009633641224354506,0.6551695764064789,0.37125898990780115
860,0.0015937364833507866,0.05917109549045563,0.04031505435705185,0.0002833256439771503,0.13459524512290955,0.08731029368937016,0.009991017671680253,0.00625860202126205,0.015894771816268496,0.009646391961723566,0.658858448266983,0.3730843709781766
861,0.0015929392777852406,0.05889996886253357,0.04015979915857315,0.0002817792701534927,0.13386064767837524,0.08752801641821861,0.010003467175921793,0.0062740485882386565,0.01590952891744834,0.00968780624680221,0.6600824445486069,0.37380523048341274
862,0.0015921414116888857,0.058862075209617615,0.04006469249725342,0.00028218133957125247,0.1340516209602356,0.08776210807263851,0.010016835274060198,0.006263906019739807,0.015916964448617312,0.00965209654532373,0.6606995910406113,0.3742308495566249
863,0.00159134288593668,0.05893998220562935,0.04021519795060158,0.000281733984593302,0.13383911550045013,0.08794814720749855,0.010027446410708154,0.006293662707321346,0.015998463087313976,0.00973605364561081,0.6674827635288239,0.3777154553681612
864,0.001590543701404305,0.05887681245803833,0.04013025388121605,0.0002817843051161617,0.13386303186416626,0.08814718015491962,0.010038786634549388,0.006262827315367758,0.015960702248784174,0.009669866180047393,0.6643355935811996,0.37624138686805964
865,0.0015897438589681644,0.05864929407835007,0.040074996650218964,0.00027985492488369346,0.13294647634029388,0.08799747377634048,0.010030258005061583,0.006298641208559275,0.01602055181996034,0.009741099551320076,0.6693271994590759,0.3786623366177082
866,0.0015889433595053831,0.05832597613334656,0.03985835611820221,0.000278276129392907,0.13219644129276276,0.08803056366741657,0.010032143597991783,0.006269615376368165,0.01601159411025528,0.009707843186333776,0.6685789078474045,0.3783047357574105
867,0.0015881422038938075,0.0580630898475647,0.03976805508136749,0.0002762695658020675,0.13124322891235352,0.0881742499768734,0.010040327589464486,0.006291353027336299,0.016018693727356027,0.009724289178848267,0.6691719889640808,0.3786731194704771
868,0.0015873403930120027,0.05791188031435013,0.0396711491048336,0.0002754940069280565,0.13087478280067444,0.08815782703459263,0.010039392626754257,0.006285388488322496,0.016074775004705957,0.009755115723237395,0.6738656610250473,0.38101174402981997
869,0.0015865379277392527,0.057827435433864594,0.03963780403137207,0.00027488599880598485,0.1305859535932541,0.08834366872906685,0.010049968634399787,0.00626933469902724,0.01606141545122773,0.00972738885320723,0.67274609208107,0.3805448804050684
870,0.0015857348089555591,0.057762470096349716,0.03965721279382706,0.0002740387571975589,0.13018348813056946,0.08845140971243382,0.01005609542281727,0.006317856488749385,0.016099489402825816,0.009789654752239585,0.6759393513202667,0.38219538051635027
871,0.0015849310375416399,0.05773121863603592,0.03959177806973457,0.0002742607903201133,0.1302889585494995,0.08858991600573063,0.010063965692327391,0.006269850535318255,0.016096547814031918,0.009733069920912385,0.6756923943758011,0.38214115519076586
872,0.0015841266143789294,0.057713065296411514,0.03971245512366295,0.0002730536798480898,0.12971550226211548,0.08890566974878311,0.010081884938460657,0.006346358684822917,0.016138718901892554,0.009811855852603912,0.679237499833107,0.38407158479094505
873,0.0015833215403495756,0.057669468224048615,0.03964594006538391,0.0002731548738665879,0.12976357340812683,0.08895873092114925,0.010084893019212851,0.006273446837440133,0.01610785224878355,0.009740096982568502,0.6766418069601059,0.3828002689406276
874,0.0015825158163364414,0.05764736235141754,0.039802711457014084,0.0002716022136155516,0.12902596592903137,0.08936377242207527,0.010107826044719617,0.006368101690895855,0.01617074513145282,0.009827496483922005,0.6819360256195068,0.38564989902079105
875,0.001581709443223102,0.05769336223602295,0.03985784947872162,0.00027162209153175354,0.12903541326522827,0.0897511225193739,0.010129708528507652,0.006286313524469733,0.01612383616883491,0.009748389711603522,0.6779853403568268,0.38386823143810034
876,0.001580902421893844,0.05784185230731964,0.04014641046524048,0.0002707552630454302,0.1286236196756363,0.09023407474160194,0.0101569260747028,0.006404368206858635,0.016202030864380608,0.009848743211477995,0.6845771819353104,0.38740562833845615
877,0.0015800947532336657,0.05812499672174454,0.0404210202395916,0.00027142316685058177,0.1289409101009369,0.09090051427483559,0.0101943646695819,0.006303824717178941,0.016140778088589422,0.009747629286721349,0.6794108301401138,0.3851556722074747
878,0.0015792864381282742,0.05862274765968323,0.041039008647203445,0.0002714585280045867,0.12895770370960236,0.09176918677985668,0.010242959495276366,0.006479050847701728,0.01623262946354754,0.009887876221910119,0.6871654093265533,0.389467298053205
879,0.0015784774774640867,0.05935618281364441,0.041604749858379364,0.0002744143712334335,0.1303618997335434,0.09267370775341988,0.010293315137780487,0.006350615411065519,0.01614936521271989,0.0097327025141567,0.6801339536905289,0.3864038307219744
880,0.0015776678721282275,0.06027518957853317,0.042575739324092865,0.0002759111812338233,0.1310729682445526,0.09347432479262352,0.010337681962820767,0.0066147142788395286,0.0162484373511334,0.009924905840307474,0.6885044276714325,0.390989376232028
881,0.0015768576230085285,0.06091093271970749,0.04304708167910576,0.0002786337281577289,0.1323663294315338,0.09351853467524052,0.010340126598835934,0.006430107052437961,0.01613193923205838,0.00971464836038649,0.6786669194698334,0.38609272707253695
882,0.0015760467309935268,0.06073104962706566,0.04316588491201401,0.0002757401089183986,0.13099171221256256,0.09203553013503551,0.01025781262584842,0.006608636002056301,0.01618197457734984,0.00989170279353857,0.6828834265470505,0.387459478341043
883,0.0015752351969724647,0.05925292521715164,0.04166682809591293,0.0002728048712015152,0.12959730625152588,0.09052001684904099,0.010173006334489932,0.00635912932921201,0.016094322479953148,0.009720797883346677,0.6755056232213974,0.3830128200352192
884,0.0015744230218352894,0.05720335990190506,0.04004590958356857,0.0002648812369443476,0.1258331537246704,0.0891050435602665,0.010093183101108242,0.00632135767955333,0.01611793120889022,0.00980499992147088,0.6774888038635254,0.38329692371189594
885,0.00157361020647265,0.055892810225486755,0.03878376632928848,0.0002617149439174682,0.12432897835969925,0.08989184722304344,0.010137646621790291,0.006389833404682577,0.016149610418015364,0.009801974054425955,0.6801545917987823,0.3850232195109129
886,0.0015727967517758985,0.056011565029621124,0.039199888706207275,0.0002594611141830683,0.12325827032327652,0.09136365540325642,0.010220301930756952,0.006366501562297344,0.01615492787780198,0.009764857357367873,0.6806025505065918,0.3859831029549241
887,0.0015719826586370873,0.05691308528184891,0.04030710458755493,0.0002596268313936889,0.12333700060844421,0.09198031388223171,0.010254735004902652,0.006567577482201159,0.01620335536252624,0.009858721867203712,0.6846891343593597,0.3883347241207957
888,0.0015711679279489699,0.05740886554121971,0.04084094241261482,0.0002603499742690474,0.12368054687976837,0.09195140190422535,0.010253123465671463,0.006375281140208244,0.016192734551171116,0.009777438594028354,0.6837919056415558,0.38787165377289057
889,0.001570352560604998,0.0568644218146801,0.040357571095228195,0.0002586896880529821,0.12289181351661682,0.09049142152070999,0.010171399372014766,0.006396806915290654,0.016221712727722885,0.009846172528341413,0.6862414926290512,0.3883664570748806
890,0.0015695365574993222,0.05570152401924133,0.03900770843029022,0.00025781604927033186,0.12247678637504578,0.09016929194331169,0.010153279355776835,0.006352365831844509,0.016228522033061167,0.009818650083616376,0.6868177354335785,0.3884935136884451
891,0.0015687199195267894,0.05499274656176567,0.03844450041651726,0.0002550983626861125,0.12118573486804962,0.09064804390072823,0.010180197763398676,0.006342567503452301,0.016280307632918017,0.009847822831943631,0.691208004951477,0.39092802442610264
892,0.0015679026475829442,0.05513565242290497,0.03869790583848953,0.000254468759521842,0.12088663876056671,0.09146642498672009,0.010226048739094447,0.006487659993581474,0.016297101289105814,0.00987423351034522,0.6926347315311432,0.39205057825893164
893,0.0015670847425640246,0.055674146860837936,0.03944169357419014,0.0002538737026043236,0.12060396373271942,0.09215207770466805,0.010264305535046325,0.00635985704138875,0.01633631399431505,0.009867346147075295,0.6959718763828278,0.3940619770437479
894,0.001566266205366964,0.0559425950050354,0.03978518396615982,0.0002538069384172559,0.12057223170995712,0.09205391816794872,0.010258837260018897,0.006468819919973612,0.01636638524769685,0.009896545205265284,0.6985364556312561,0.3952951868996024
895,0.0015654470368893889,0.055665791034698486,0.039580173790454865,0.0002526196767576039,0.12000823765993118,0.09150039218366146,0.01022794714403299,0.006338464445434511,0.01635777994376032,0.009896394331008196,0.6978020668029785,0.39465122949332
896,0.0015646272380296178,0.055052220821380615,0.0388350747525692,0.0002524356241337955,0.11992080509662628,0.0911069754511118,0.010205935590200334,0.006396083743311465,0.01639514348297964,0.00989785697311163,0.7009934931993484,0.3960502343252301
897,0.0015638068096866609,0.05449100583791733,0.03829844295978546,0.00025104728410951793,0.1192612573504448,0.0908699706196785,0.010192652213864527,0.006369925104081631,0.016413167984352762,0.009957101196050644,0.7025356739759445,0.3967028222978115
898,0.0015629857527602183,0.0542992539703846,0.037902574986219406,0.00025236234068870544,0.11988596618175507,0.09114589169621468,0.010208115003914246,0.006358032114803791,0.016403291835074333,0.009895337279886007,0.7016904652118683,0.3964181784540415
899,0.0015621640681506798,0.05450724810361862,0.03815551474690437,0.00025242174160666764,0.11991418898105621,0.09129519201815128,0.010216472015417049,0.0064059876604005694,0.016504840429378123,0.010026777163147926,0.7104053199291229,0.4008502559736371
900,0.001561341756759123,0.0548882782459259,0.03813941031694412,0.0002565676695667207,0.12188373506069183,0.0918223187327385,0.010245923837217251,0.0063759486656636,0.016450171966711676,0.009913715301081538,0.7057070434093475,0.398764681071043
901,0.0015605188194873134,0.055305562913417816,0.0385560505092144,0.00025745152379386127,0.12230361998081207,0.09161352552473545,0.010234268203474567,0.006425923784263432,0.016581114059742198,0.010088861221447587,0.7169864475727081,0.4042999865487218
902,0.0015596952572377025,0.0555633008480072,0.038174308836460114,0.00026337848976254463,0.12511925399303436,0.09207853116095066,0.01026020856876874,0.0064092561369761825,0.016534945119622377,0.009968787664547563,0.712999239563942,0.4025388853624463
903,0.0015588710709134276,0.05604152753949165,0.038395777344703674,0.0002665471110958606,0.12662452459335327,0.09148593991994858,0.010227139517938024,0.006393718649633229,0.016689853550059284,0.0102042849175632,0.7264213413000107,0.40895364060997963
904,0.0015580462614183093,0.056705012917518616,0.03771921992301941,0.0002792270097415894,0.13264816999435425,0.09230328910052776,0.010272723165340182,0.0064551313407719135,0.01669085969453861,0.010076678823679686,0.7265089154243469,0.40940610226243734
905,0.0015572208296568534,0.058497197926044464,0.038416728377342224,0.0002922168932855129,0.13881906867027283,0.09244597516953945,0.010280660087728103,0.006361674051731825,0.016968594589534893,0.010463123442605138,0.7508882433176041,0.42166710924357176
906,0.0015563947765342462,0.061268314719200134,0.03841652721166611,0.0003213848394807428,0.15267544984817505,0.09455769695341587,0.010397416466652066,0.006599585758522153,0.01699299040526645,0.010297558968886733,0.7530488669872284,0.42380328197032213
907,0.0015555681029563568,0.06573278456926346,0.04075392335653305,0.00034869275987148285,0.1656482070684433,0.09524529613554478,0.010435151870694732,0.006436259252950549,0.017249003356402386,0.01072554849088192,0.775910347700119,0.4355778219178319
908,0.0015547408098297336,0.06830839812755585,0.04108017683029175,0.000373054324882105,0.17722129821777344,0.09520566649734974,0.010432980655469982,0.006785177625715733,0.016951051669511014,0.010283245472237468,0.7493363618850708,0.42227101419121027
909,0.0015539128980616049,0.06602246314287186,0.041630037128925323,0.000344364729244262,0.1635921597480774,0.09227626770734787,0.010271219732419543,0.006541740265674889,0.01663079059921767,0.010171206900849938,0.7212890535593033,0.4067826606333256
910,0.001553084368559878,0.05778735131025314,0.03865785151720047,0.00028271545306779444,0.13430535793304443,0.09196150489151478,0.010253686810313873,0.006619372637942433,0.016397730781093727,0.009900089353322983,0.7012147754430771,0.39658814016729593
911,0.001552255222233137,0.05351876839995384,0.038145311176776886,0.00024210376432165504,0.11501258611679077,0.09348311647772789,0.010338168209062148,0.006576906540431082,0.016499518218133308,0.009914858732372522,0.7099471986293793,0.4017151575535536
912,0.0015514254599906423,0.05642025172710419,0.03949708119034767,0.00026126010925509036,0.12411291897296906,0.09348767809569836,0.010338420428744577,0.006390959024429321,0.016651283123827583,0.010247021215036511,0.7230676859617233,0.40827768202871084
913,0.00155059508274233,0.05874120444059372,0.03878919035196304,0.0002916489029303193,0.13854925334453583,0.09271722286939621,0.010295731440060386,0.006652157520875335,0.016595712325199196,0.010042586596682668,0.7182495296001434,0.4054833762347698
914,0.0015497640913988107,0.055587366223335266,0.0381833091378212,0.0002635560231283307,0.12520357966423035,0.09320949576795101,0.010323027539351508,0.006652250420302153,0.0164603915164586,0.009927771519869566,0.7065841406583786,0.3998968182131648
915,0.001548932486871368,0.053592875599861145,0.03854406252503395,0.00023952625633683056,0.11378812789916992,0.0951287243515253,0.010428763760527282,0.006519731134176254,0.016450907057590964,0.009994614869356155,0.7057700604200363,0.4004493923857808
916,0.0015481002700719582,0.05563472956418991,0.039649248123168945,0.0002517111715860665,0.11957664787769318,0.09465045668184757,0.010402515163180607,0.00657985545694828,0.016608358449005146,0.010013209655880928,0.7193445265293121,0.40699749160557985
917,0.0015472674419132093,0.05530580133199692,0.03925912454724312,0.0002515341038815677,0.11949251592159271,0.09283780120313168,0.010302424330842845,0.00650474987924099,0.01649268183226824,0.009956778259947896,0.7093590199947357,0.4010984105989337
918,0.0015464340033084193,0.05281009525060654,0.03779646009206772,0.00023758230963721871,0.11286464333534241,0.09392010793089867,0.010362302925048193,0.006642171530984342,0.01645703441179054,0.009984069969505072,0.7062959223985672,0.40010801516473293
919,0.0015455999551715566,0.052979476749897,0.037980157881975174,0.00023781826894264668,0.11297674477100372,0.09459776803851128,0.010399619594249274,0.006593691767193377,0.01661618987285838,0.009997355053201318,0.72002312541008,0.4073104467242956
920,0.001544765298417256,0.05395771563053131,0.03874746337532997,0.00024165355716831982,0.11479871720075607,0.09386398270726204,0.010359206566973702,0.00640367588493973,0.016561438874351526,0.010002907365560532,0.715285912156105,0.40457494743168354
921,0.0015439300339608218,0.0531076043844223,0.038228586316108704,0.00023707501532044262,0.1126236617565155,0.09394063241779804,0.010363435529240055,0.006660359795205295,0.016568312323056115,0.010032975347712636,0.7158797830343246,0.40491020772606134
922,0.0015430941627182237,0.05231960862874985,0.03758171200752258,0.00023422804952133447,0.11127118766307831,0.09326674044132233,0.01032619701617925,0.006577395834028721,0.016671062640584842,0.010001332266256213,0.7247865200042725,0.4090266302227974
923,0.0015422576856060966,0.052614785730838776,0.03743996471166611,0.00023852830054238439,0.11331405490636826,0.09333224222064018,0.010329822310800627,0.006475561298429966,0.01670429558816908,0.010136385913938284,0.7276790589094162,0.4105056505650282
924,0.0015414206035417408,0.052502647042274475,0.03696928918361664,0.00024131119425874203,0.11463607847690582,0.0937052071094513,0.010350441453758531,0.006497015128843486,0.016634826477150994,0.010011728154495358,0.7216391563415527,0.407672181725502
925,0.0015405829174431195,0.051645901054143906,0.037039078772068024,0.00023170623171608895,0.11007319390773773,0.0933652613312006,0.010331649358152171,0.006553338491357863,0.01667133301442292,0.010018393630161881,0.7248100191354752,0.4090876402333379
926,0.0015397446282288578,0.051457300782203674,0.03732015937566757,0.00022735446691513062,0.10800586640834808,0.09374969080090523,0.01035289774770513,0.006572211510501802,0.0166833803848292,0.010105503955855966,0.7258579730987549,0.40980383194983006
927,0.0015389057368182426,0.05165063217282295,0.03709534928202629,0.0002312822180101648,0.1098717600107193,0.09351766481995583,0.010340078485811926,0.006512317107990384,0.016688990780816843,0.010033007944002748,0.7263462394475937,0.40993195213377476
928,0.0015380662441312211,0.05118415504693985,0.036755822598934174,0.00022923135838937014,0.10889749228954315,0.09324422106146812,0.010324950395034392,0.006464453414082527,0.016717449754189387,0.010073274374008179,0.7288255244493484,0.4110348727554083
929,0.0015372261510884005,0.050879135727882385,0.03673550859093666,0.00022619198716711253,0.10745362937450409,0.0946476086974144,0.01040235866182137,0.006598354550078511,0.016714541720855108,0.010081851622089744,0.7285719960927963,0.41160980239510536
930,0.0015363854586110455,0.051098667085170746,0.037156619131565094,0.00022495683515444398,0.10686685889959335,0.09441872872412205,0.010389773315696297,0.006608214695006609,0.016734104723894853,0.010067147202789783,0.7302785068750381,0.4123486177995801
931,0.0015355441676210783,0.050986312329769135,0.036972664296627045,0.00022532320872414857,0.1070409044623375,0.0938810333609581,0.01036014743170525,0.006444059778004885,0.016685615786729727,0.0100487289018929,0.7260524928569794,0.40996676310896873
932,0.0015347022790410778,0.0507134348154068,0.036659613251686096,0.0002250870456919074,0.10692870616912842,0.09460996463894844,0.010400289824802105,0.006575664039701223,0.016766859056781932,0.010136790573596954,0.7331400960683823,0.41387503035366535
933,0.0015338597937942782,0.050907962024211884,0.03658207505941391,0.00022778735728934407,0.10821150988340378,0.09458185359835625,0.01039874457403926,0.006562325521372259,0.01672783832680711,0.010035859420895576,0.7297316789627075,0.4121567662805319
934,0.0015330167128045679,0.05138936638832092,0.03706808388233185,0.00022876195725984871,0.10867449641227722,0.09517882391810417,0.010431510084554,0.0066918423399329185,0.016772134392834277,0.01019008131697774,0.7336015105247498,0.41439016722142696
935,0.0015321730369964879,0.051897723227739334,0.0371820293366909,0.00023315301223192364,0.11076049506664276,0.09640541300177574,0.010498511226497797,0.00651154771912843,0.016783119043493413,0.010077819926664233,0.7345627248287201,0.4154840689152479
936,0.001531328767295233,0.05286969989538193,0.03823110833764076,0.0002345498651266098,0.11142407357692719,0.09756435081362724,0.01056142676579155,0.006698897457681596,0.016875160073585173,0.010249940445646644,0.7426417469978333,0.42010304890573025
937,0.001530483904626648,0.05489369109272957,0.039342187345027924,0.00024649716215208173,0.11709969490766525,0.09995643608272076,0.010690115250526372,0.006656236364506185,0.016822861219416,0.010095797711983323,0.7380457073450089,0.4190010717138648
938,0.0015296384499172283,0.05827302485704422,0.041390322148799896,0.00026481959503144026,0.12580382823944092,0.09974061697721481,0.010678568425304664,0.0067898721899837255,0.017055951724751325,0.010400390950962901,0.758639469742775,0.4291900433599949
939,0.001528792404094119,0.060228943824768066,0.04124390333890915,0.0002866386203095317,0.13616909086704254,0.09939446859061718,0.0106600221175358,0.0065525631653144956,0.01684305936516521,0.010108381509780884,0.7398190349340439,0.41960675176233053
940,0.001527945768085113,0.060533419251441956,0.041475895792245865,0.0002878899103961885,0.13676351308822632,0.0965489074587822,0.01050632155548297,0.006774572771973908,0.01672786333704704,0.010268952930346131,0.7297338098287582,0.4131413586437702
941,0.0015270985428186504,0.055903948843479156,0.03871922194957733,0.00026237565907649696,0.12464286386966705,0.09481833875179291,0.010411736717861464,0.006604671594686806,0.016587260209046415,0.009986888617277145,0.7175180912017822,0.40616821497678757
942,0.0015262507292238177,0.05102137476205826,0.03684210032224655,0.00022679156973026693,0.10773846507072449,0.09401068463921547,0.010367298441600213,0.006502690026536584,0.01649223161949105,0.009951800340786576,0.7093202918767929,0.4016654882580042
943,0.0015254023282303465,0.04972801357507706,0.036269091069698334,0.00021800360991619527,0.10356368869543076,0.09584156610071659,0.01046776458486917,0.006640147650614381,0.016663948640096817,0.010155527619645,0.7241680920124054,0.410004829056561
944,0.0015245533407686122,0.05237433686852455,0.037442564964294434,0.00023597570543643087,0.11210142821073532,0.0975584015250206,0.010561104519453924,0.006705807405523956,0.016791301196862393,0.010099706938490272,0.7352791428565979,0.41641877219080925
945,0.001523703767769634,0.05446255952119827,0.03871183842420578,0.00024726707488298416,0.11746545135974884,0.09530551917850971,0.01043845014810142,0.006721523241139948,0.016723127905679133,0.010196646209806204,0.7293207049369812,0.41231311205774546
946,0.0015228536101650726,0.05208572745323181,0.03684931620955467,0.00023793327272869647,0.11303137242794037,0.0950319804251194,0.010423459594693334,0.0065160616068169475,0.01660177856543129,0.009974815649911761,0.7187746912240982,0.4069033358246088
947,0.00152200286888723,0.04923098534345627,0.03591669350862503,0.00021573956473730505,0.10248814523220062,0.09560891054570675,0.010455051629894551,0.006615761201828718,0.01669913410944709,0.010017583845183253,0.7272293716669083,0.4114191411063075
948,0.0015211515448690486,0.049399495124816895,0.0363447368144989,0.00021390897745732218,0.10161852091550827,0.09603881649672985,0.010478530911941522,0.00677929085213691,0.01679810441343133,0.010214654728770256,0.7358750551939011,0.41595693584531546
949,0.0015202996390441096,0.0509364977478981,0.0367131233215332,0.00022698420798406005,0.1078299805521965,0.09622745774686337,0.010488817092890583,0.0065303652081638575,0.016840713088431686,0.010098526952788234,0.7396129369735718,0.41792019736021757
950,0.0015194471523466316,0.05109352618455887,0.03642690181732178,0.00023104698630049825,0.10976001620292664,0.09528346173465252,0.010437242292065784,0.006656635901890695,0.016927878473095917,0.010196767980232835,0.7472890168428421,0.4212862392887473
951,0.0015185940857114716,0.04972491413354874,0.03564390167593956,0.0002232351544080302,0.10604897141456604,0.09517518617212772,0.010431310598213272,0.006700462894514203,0.016808445301337877,0.010100078536197543,0.7367813736200333,0.4159782798960805
952,0.0015177404400741213,0.04845162481069565,0.035603106021881104,0.00021017716790083796,0.09984570741653442,0.09574820846319199,0.010462665001089855,0.006508265272714198,0.016839539395397857,0.010084731737151742,0.7395098805427551,0.41762904450297356
953,0.0015168862163707077,0.04854979366064072,0.035603687167167664,0.00021120550809428096,0.10033421963453293,0.09610816091299057,0.010482313320286558,0.006674208445474505,0.016986190925436954,0.010235093766823411,0.7524463534355164,0.42427725717425346
954,0.0015160314155379922,0.04969369247555733,0.03561568260192871,0.00022314416128210723,0.1060057282447815,0.09604645892977715,0.010478948045275703,0.006637129932641983,0.016917144373689973,0.010153839830309153,0.7463415861129761,0.4211940225213766
955,0.0015151760385133687,0.04941300302743912,0.03554561734199524,0.0002207798243034631,0.10488253831863403,0.09557260572910309,0.010453066743330344,0.006520127528347075,0.016954946944329988,0.010224181693047285,0.7496808469295502,0.42262672632932663
956,0.0015143200862348626,0.04798250272870064,0.03485962375998497,0.000211499776924029,0.10047401487827301,0.09588561952114105,0.010470170422576398,0.006630342802964151,0.01694262243428548,0.010163017781451344,0.748591348528862,0.4222384840250015
957,0.0015134635596411306,0.04759341478347778,0.03516586869955063,0.00020482600666582584,0.097303606569767,0.09585471078753471,0.01046848258023445,0.006581271649338305,0.016946875357868568,0.010161233600229025,0.7489672005176544,0.42241095565259457
958,0.0015126064596714594,0.048006974160671234,0.0351681113243103,0.0002091598289553076,0.09936241805553436,0.0958049651235342,0.010465765858740624,0.006549140904098749,0.01706384443729677,0.010296738240867853,0.7593417912721634,0.4275733781978488
959,0.0015117487872657641,0.0483342744410038,0.034759409725666046,0.00021604602807201445,0.10263372957706451,0.09648557938635349,0.010502875300268366,0.006597355823032558,0.01702128456900421,0.010187340201810002,0.7555586695671082,0.4260221244767308
960,0.001510890543364588,0.048109568655490875,0.035148851573467255,0.00021040186402387917,0.09995244443416595,0.09619027562439442,0.010486790203336033,0.006586528616026044,0.01701872665607659,0.010254898807033896,0.7553316205739975,0.42576094809919596
961,0.0015100317289090997,0.047261543571949005,0.03474907577037811,0.00020484243577811867,0.09731141477823257,0.09622832015156746,0.010488864090089565,0.006541995331645012,0.01702379999882928,0.010226972633972764,0.7557820081710815,0.4260051641613245
962,0.0015091723448410958,0.04684056341648102,0.034575484693050385,0.00020187323389109224,0.09590087831020355,0.09659716300666332,0.010508946441002448,0.0065919916378334165,0.0170271765446406,0.010195777285844088,0.7560818493366241,0.42633950617164373
963,0.0015083123921029954,0.04707208275794983,0.034768879413604736,0.00020268160733394325,0.0962849035859108,0.09645586460828781,0.010501257930690337,0.006571437348611653,0.017110168981105952,0.010311131831258535,0.7634702324867249,0.42996304854750633
964,0.0015074518716378428,0.04729066044092178,0.03447568416595459,0.00020745089568663388,0.09855057299137115,0.09686301276087761,0.010523397967919474,0.006555689382366836,0.01711587966221398,0.010248849634081125,0.7639799863100052,0.4304214995354414
965,0.0015065907843893037,0.04716140776872635,0.034611545503139496,0.0002049465401796624,0.09736086428165436,0.09699331596493721,0.010530473615483489,0.00660452910233289,0.01713060579960621,0.010286670411005616,0.765295147895813,0.4311442319303751
966,0.0015057291313016659,0.04675441235303879,0.034555334597826004,0.000201136150280945,0.09555071592330933,0.09703388810157776,0.010532676025263121,0.006544759846292436,0.0171042292369425,0.01025092345662415,0.7629403173923492,0.4299871027469635
967,0.001504866913319838,0.04638073593378067,0.03451777994632721,0.00019751937361434102,0.09383255988359451,0.09698945097625256,0.010530263825808578,0.006594603881239891,0.01711450866033783,0.010258026653900743,0.7638575881719589,0.43042351957410574
968,0.0015040041313893473,0.046246856451034546,0.03434223681688309,0.00019758834969252348,0.09386532008647919,0.09701108932495117,0.010531438214177687,0.006566989351995289,0.017142084436081374,0.010286978678777814,0.766321137547493,0.4316661134362221
969,0.0015031407864563406,0.04620997980237007,0.03422239050269127,0.00019820936722680926,0.09416033327579498,0.09732387959957123,0.010548402661958398,0.006576850195415318,0.017147820130384277,0.010268110083416104,0.7668340057134628,0.43207894265651703
970,0.0015022768794675807,0.04616452753543854,0.03422036021947861,0.00019774801330640912,0.09394118189811707,0.09732485562562943,0.010548455860232482,0.006594270700588822,0.017207074837786385,0.010326408315449953,0.7721428275108337,0.4347338415682316
971,0.0015014124113704478,0.0460435152053833,0.034191928803920746,0.00019671379413921386,0.09344986081123352,0.09768058359622955,0.010567715748594206,0.006572784506715834,0.01717287694250167,0.010276802815496922,0.7690767049789429,0.4333786442875862
972,0.0015005473831129375,0.04585980996489525,0.03427385166287422,0.00019409046217333525,0.09220364689826965,0.09761736541986465,0.010564295719834063,0.0066194344544783235,0.017189907147893913,0.010315644787624478,0.7706028521060944,0.4341101087629795
973,0.001499681795643659,0.04576503112912178,0.03413347899913788,0.0001942748494911939,0.09229123592376709,0.09782283566892147,0.010575407715434816,0.006567311706021428,0.017203965786772028,0.010297999484464526,0.7718638032674789,0.4348433194682002
974,0.0014988156499118352,0.04580390453338623,0.03433322533965111,0.00019300213898532093,0.09168662130832672,0.09821631945669651,0.010596655856919907,0.006653074407950044,0.017187062332083457,0.010315349558368325,0.7703478187322617,0.4342820690944791
975,0.001497948946867301,0.04581157863140106,0.0343620739877224,0.000192839972442016,0.09160958230495453,0.09820480272173882,0.010596034698116154,0.006569620221853256,0.017231294106895327,0.010320811532437801,0.7743179500102997,0.43626137636601925
976,0.001497081687460503,0.04576858878135681,0.03450009971857071,0.00019122532103210688,0.09084253758192062,0.09859007969498634,0.010616799276792783,0.006702231941744685,0.01721828550747585,0.010330518241971731,0.7731492519378662,0.4358696658164263
977,0.0014962138726424968,0.04575037211179733,0.03454143553972244,0.00019068553228862584,0.0905861109495163,0.09879648312926292,0.010627907209558586,0.006595515180379152,0.01725644263960012,0.010326319374144077,0.776579812169075,0.43768814764916897
978,0.0014953455033649477,0.045725006610155106,0.034616027027368546,0.00018979051674250513,0.09016092121601105,0.09899712540209293,0.010638693394055068,0.006702254293486476,0.017259176107688116,0.010350434575229883,0.7768258303403854,0.4379114778712392
979,0.00149447658058013,0.04575738310813904,0.034685902297496796,0.00018954290135297924,0.09004329144954681,0.09938767738640308,0.010659658228880809,0.006588295567780733,0.017290352800256956,0.010332255624234676,0.77963487803936,0.43951127771288157
980,0.0014936071052409235,0.045961007475852966,0.03486490994691849,0.00019017880549654365,0.09034538269042969,0.09964722953736782,0.010673568110612458,0.006726733292452991,0.017300296842932036,0.010403932305052876,0.7805319279432297,0.44008957874029875
981,0.0014927370783008142,0.04651236906647682,0.03501558303833008,0.00019471328414510936,0.0924995094537735,0.10067025013267994,0.010728217636934729,0.0066188572673127055,0.017318335079210167,0.010338380234315991,0.7821604013442993,0.44141532573848963
982,0.0014918665007138939,0.04752252250909805,0.03589535877108574,0.00019793747924268246,0.0940311849117279,0.10156545229256153,0.010775811670045531,0.0068376921117305756,0.017367383268676585,0.010481051169335842,0.7865970283746719,0.44408124033361673
983,0.0014909953734348574,0.04914108291268349,0.0366533026099205,0.00020859100914094597,0.09909220039844513,0.10406114719808102,0.010907401587570852,0.006729677552357316,0.01736283294286181,0.01035492098890245,0.7861849665641785,0.44512305688112974
984,0.0014901236974190024,0.05151952803134918,0.03894558176398277,0.00021432324138004333,0.10181531310081482,0.10504817590117455,0.010959008309367161,0.0070018122205510736,0.01738355848802515,0.010527812875807285,0.7880629003047943,0.44655553810298443
985,0.0014892514736222291,0.05358812212944031,0.0402354896068573,0.0002252342237625271,0.10699863731861115,0.10677951388061047,0.011048949029694692,0.006802652962505817,0.017331406072486198,0.01035294122993946,0.7833415269851685,0.44506052043288946
986,0.0014883787030010372,0.05421549081802368,0.04145849496126175,0.00022153955069370568,0.10524345934391022,0.10288460738956928,0.01084556572210281,0.006900693057104945,0.017229606069704563,0.010444964049383998,0.7741662710905075,0.4385254392400384
987,0.0014875053865125271,0.05114719271659851,0.03849225118756294,0.0002142214507330209,0.10176695883274078,0.10012970678508282,0.01069937683926071,0.006635994417592883,0.01714742636802037,0.01025999034754932,0.7667988240718842,0.4334642654284835
988,0.0014866315251143973,0.04660521075129509,0.03516998887062073,0.00019439036259427667,0.09234610199928284,0.09791884198784828,0.010580596339583795,0.0065779994474723935,0.01712009528322273,0.010291287675499916,0.764356404542923,0.4311376232653856
989,0.0014857571197649437,0.04424344003200531,0.03338887169957161,0.00018452965014148504,0.08766172081232071,0.10007255896925926,0.010696322958388257,0.0067469896748661995,0.017133158900211522,0.010301179718226194,0.7655233144760132,0.4327979367226362
990,0.0014848821714230594,0.0456588976085186,0.03513495624065399,0.00018472527153789997,0.08775465935468674,0.10285118035972118,0.01084380370834344,0.006701253238134086,0.017234871270192242,0.010294256964698434,0.7746394872665405,0.43874533381313086
991,0.0014840066810482323,0.04773896560072899,0.036957185715436935,0.0001912748848553747,0.0908660814166069,0.10095606558024883,0.010743435992357862,0.006827080273069441,0.017238952066194982,0.010406572138890624,0.7750063687562943,0.43798121716827154
992,0.001483130649600545,0.04733170568943024,0.03567797690629959,0.00019775948021560907,0.09394662082195282,0.09962521679699421,0.010672388824322676,0.0066453637555241585,0.017225374376267404,0.010286750039085746,0.7737859934568405,0.43670560512691736
993,0.0014822540780406732,0.0452682226896286,0.033885031938552856,0.00019113784946966916,0.09080098569393158,0.09883997030556202,0.010630245490035405,0.006594447302632034,0.017277796312895978,0.010375708574429154,0.7785029262304306,0.4386714482679963
994,0.0014813769673298854,0.044185273349285126,0.03309963643550873,0.00018635278684087098,0.08852782100439072,0.10018258914351463,0.010702201589455103,0.0067744506523013115,0.01726135359218113,0.0103385872207582,0.7770218253135681,0.4386022072285414
995,0.001480499318430041,0.04497135803103447,0.03468463942408562,0.00018128057126887143,0.08611823618412018,0.1013038232922554,0.010761923906474584,0.006691075395792723,0.017349995728461916,0.010345857590436935,0.7850228548049927,0.44316333904862404
996,0.0014796211323035897,0.045527033507823944,0.03514940291643143,0.00018321574316360056,0.08703754842281342,0.09976427629590034,0.010679834488904163,0.006759483949281275,0.017355622466626017,0.010426031658425927,0.7855321317911148,0.4426482040435076
997,0.0014787424099135698,0.044805966317653656,0.03377513587474823,0.0001871978456620127,0.08892927318811417,0.09892365522682667,0.010634744764311702,0.006619342020712793,0.01735036874842268,0.010343382135033607,0.7850565761327744,0.4419901156798005
998,0.0014778631522236086,0.04384860396385193,0.03306581825017929,0.00018309406004846096,0.08697973936796188,0.09955711662769318,0.010668740724755961,0.00662910146638751,0.01740076886080529,0.010420677484944463,0.7896241545677185,0.44459063559770584
999,0.0014769833601979197,0.04363182932138443,0.032946959137916565,0.00018181331688538194,0.08637131750583649,0.10030816681683064,0.010708906864754637,0.006794134504161775,0.017378065145435693,0.010403891559690237,0.7875649780035019,0.44393657241016626
1000,0.0014761030348013032,0.04409386217594147,0.03385080397129059,0.00017906579887494445,0.08506609499454498,0.100430216640234,0.010715420027796541,0.006655874429270625,0.017441650680060566,0.01041246484965086,0.7933388352394104,0.4468845259398222
1001,0.0014752221769991434,0.044251449406147,0.03395447880029678,0.00017985145677812397,0.08543932437896729,0.09989547915756702,0.010686854985941357,0.006717791664414108,0.01742359082030239,0.010450257919728756,0.7916967272758484,0.4457961032167077
1002,0.0014743407877574094,0.04362352192401886,0.03294922411441803,0.0001817067968659103,0.08632069826126099,0.09933074377477169,0.010656604487441159,0.006634324905462563,0.01743574019117434,0.01040919916704297,0.7928012609481812,0.4460660023614764
1003,0.0014734588680426525,0.04282727837562561,0.032667599618434906,0.00017569753981661052,0.08346599340438843,0.09968508966267109,0.01067559531954831,0.006648572045378387,0.017477953577705225,0.01045619510114193,0.7966447621583939,0.4481649259105325
1004,0.0014725764188220053,0.04268016666173935,0.032590024173259735,0.00017480237875133753,0.08304072916507721,0.10049033351242542,0.01071862688704502,0.006768774590454996,0.01746571651079432,0.010458505945280194,0.7955296337604523,0.44800998363643885
1005,0.001471693441063182,0.04312876984477043,0.03301195055246353,0.00017597130499780178,0.08359604328870773,0.1004269178956747,0.010715244075944777,0.006654158933088183,0.017524708858714436,0.010471928864717484,0.8009127229452133,0.450669820420444
1006,0.0014708099357344756,0.043335579335689545,0.033140137791633606,0.00017706866492517292,0.0841173529624939,0.10026843100786209,0.010706785557656202,0.00671723613049835,0.017494622968682122,0.010480644414201379,0.7981650978326797,0.4492167644202709
1007,0.0014699259038047586,0.042887087911367416,0.032591331750154495,0.00017696921713650227,0.0840701013803482,0.10016707330942154,0.010701372812712953,0.0066527220187708735,0.01752085886093221,0.010470726061612368,0.800560787320137,0.4503639303147793
1008,0.00146904134624348,0.04220031201839447,0.032367855310440063,0.00017162250878755003,0.0815301239490509,0.10008018463850021,0.010696730238226385,0.0066685768542811275,0.017537262811354908,0.010475859278813004,0.8020604997873306,0.4510703422129154
1009,0.0014681562640206655,0.04190623015165329,0.03220917657017708,0.00016986341506708413,0.08069445192813873,0.10048091039061546,0.010718124213240757,0.006715940893627703,0.017554964720777937,0.010508054634556174,0.8036805391311646,0.45208072476089
1010,0.001467270658106917,0.04207240045070648,0.032232459634542465,0.0001714163227006793,0.08143217116594315,0.10080541111528873,0.010735417276064597,0.006657282239757478,0.017601311436818517,0.010506749618798494,0.807929739356041,0.45436757523566484
1011,0.0014663845294734094,0.04230310022830963,0.032517991960048676,0.00017144021694548428,0.08144352585077286,0.10079646483063698,0.010734941059539585,0.006728765903972089,0.01758500716138247,0.01052675605751574,0.8064336180686951,0.453615041449666
1012,0.0014654978790918911,0.04221775382757187,0.0324004702270031,0.0001715314865577966,0.08148688077926636,0.10095807909965515,0.010743543420093924,0.006658761063590646,0.017608742159953582,0.010521338554099202,0.8086120188236237,0.4547850489616394
1013,0.0014646107079346836,0.04183941334486008,0.03230012208223343,0.0001683943410171196,0.07999656349420547,0.10067850723862648,0.010728657530252905,0.006705012870952487,0.017600707070905258,0.010515663539990783,0.8078742772340775,0.45427639223635197
1014,0.0014637230169746783,0.041458453983068466,0.03202763572335243,0.00016667909221723676,0.0791817232966423,0.10070359706878662,0.010729994562967611,0.006680245045572519,0.017636176784295,0.010550637729465961,0.8111336678266525,0.4559186324477196
1015,0.0014628348071853375,0.041270703077316284,0.03176730126142502,0.00016689504263922572,0.07928431034088135,0.10106944851577282,0.010749467636943313,0.0066841477528214455,0.017659188115185374,0.010545168770477176,0.8132517039775848,0.45716057624667883
1016,0.0014619460795406922,0.04127379506826401,0.031915970146656036,0.00016567578131798655,0.07870510220527649,0.10118941031396389,0.010755844876287562,0.006733788992278278,0.0176722210946172,0.010577823501080275,0.8144526034593582,0.45782100688666105
1017,0.0014610568350153412,0.04132606089115143,0.03191044554114342,0.00016627239529043436,0.07898852229118347,0.10174701549112797,0.010785439353035718,0.006681765196844935,0.017683074127360674,0.010560515336692333,0.8154532760381699,0.4586001457646489
1018,0.0014601670745844498,0.04135069251060486,0.032158736139535904,0.00016444100765511394,0.07811851054430008,0.10162301547825336,0.01077886505263372,0.006758705014362931,0.017680216481096293,0.010578569257631898,0.8151897490024567,0.458406382240355
1019,0.00145927679922375,0.0413302443921566,0.032133493572473526,0.00016443833010271192,0.078117236495018,0.10204345174133778,0.010801139491955965,0.0066956294467672706,0.01772159318902315,0.010576723609119654,0.8190097212791443,0.46052658651024103
1020,0.0014583860099095373,0.04128102958202362,0.03213997930288315,0.0001638657267903909,0.07784523069858551,0.10176593065261841,0.010786441607224417,0.006788788945414126,0.017743331863718,0.010624498361721635,0.8210203051567078,0.4613931179046631
1021,0.001457494707618672,0.04131709784269333,0.0320388600230217,0.0001650967897148803,0.07843004912137985,0.10236165672540665,0.010817967017254699,0.006735367234796286,0.017780585492402773,0.010608668206259608,0.8244714885950089,0.46341657266020775
1022,0.0014566028933285756,0.041511982679367065,0.032041825354099274,0.00016712301294319332,0.07939261198043823,0.10189131647348404,0.010793084773128807,0.006790948216803372,0.017833832317073674,0.01070315414108336,0.8294169306755066,0.4656541235744953
1023,0.0014557105680172322,0.04214050620794296,0.031925879418849945,0.00017471455794293433,0.08299902081489563,0.10323703475296497,0.010864125291814406,0.006751456647180021,0.0178696442723687,0.01067159604281187,0.8327513635158539,0.4679941991344094
1024,0.0014548177326631862,0.04366123303771019,0.03245140612125397,0.0001862953940872103,0.08850053697824478,0.10274296998977661,0.010838097465091462,0.006809119484387338,0.0180679846972975,0.010915248887613416,0.8513398617506027,0.47704141587018967
1025,0.0014539243882455406,0.04687166213989258,0.03264474868774414,0.0002184574696002528,0.10377930104732513,0.1063474491238594,0.0110265724866532,0.006896195933222771,0.01823105285208731,0.010960514890030026,0.8667763471603394,0.4865618981420994
1026,0.0014530305357439571,0.05349878966808319,0.03499971330165863,0.00026837963378056884,0.12749508023262024,0.10534224286675453,0.010974336659554712,0.006997599615715444,0.01865195028497958,0.011447478784248233,0.9072606265544891,0.5063014347106218
1027,0.0014521361761386552,0.06161537766456604,0.03553794324398041,0.0003492756513878703,0.16592511534690857,0.11030626483261585,0.011229930999569277,0.00714715220965445,0.018766856912594356,0.011421459028497338,0.9184735119342804,0.5143898883834481
1028,0.0014512413104104094,0.07028773427009583,0.03896085545420647,0.0004117318312637508,0.19559524953365326,0.10252921096980572,0.010826817167546857,0.006883040885441005,0.018387050152611915,0.011332685127854347,0.881673276424408,0.49210124369710684
1029,0.0014503459395405493,0.059180375188589096,0.03373993933200836,0.000338786281645298,0.16094210743904114,0.10074947588145733,0.010732438309246242,0.006716089555993676,0.017550868063134543,0.01049027731642127,0.8033055067062378,0.45202749129384756
1030,0.0014494500645109596,0.04474721476435661,0.03200364112854004,0.0002014956553466618,0.09572151303291321,0.10298767685890198,0.010850996643028866,0.006718480377458036,0.01744078943214063,0.010411550290882587,0.7932605147361755,0.44812409579753876
1031,0.0014485536863040767,0.04267270863056183,0.033212751150131226,0.00016948048141784966,0.08051254600286484,0.10444519482553005,0.01092751068577363,0.006931081763468683,0.017978833936562456,0.010975799756124616,0.8429592251777649,0.4737022100016475
1032,0.001447656805902889,0.05155009403824806,0.03447140380740166,0.00025231787003576756,0.11986485123634338,0.10456372238695621,0.010933709132920723,0.00681686180178076,0.017889931738349213,0.010744368424639106,0.8346432745456696,0.4696034984663129
1033,0.0014467594242909363,0.052643582224845886,0.03399014472961426,0.0002678791934158653,0.1272573322057724,0.10169047862291336,0.010782442406503107,0.00670674373395741,0.017441024511779677,0.010500138392671943,0.7932818531990051,0.44748616591095924
1034,0.0014458615424523074,0.04270230233669281,0.03153199329972267,0.00018394408107269555,0.08738354593515396,0.10339194908738136,0.010872273605574169,0.006874134996905923,0.01751489991113068,0.010540447663515806,0.8000163435935974,0.4517041463404894
1035,0.0014449631613716394,0.04372404143214226,0.03303961455821991,0.00018200368504039943,0.08646174520254135,0.10558828711509705,0.010987145174956916,0.006933742784895003,0.017814572924352394,0.010642188834026456,0.8276264518499374,0.46660736948251724
1036,0.001444064282034118,0.04973911494016647,0.03429301828145981,0.00023475915077142417,0.11152349412441254,0.10246279090642929,0.010823309941317662,0.0067657389445230365,0.017730818147396122,0.010713320691138506,0.8198626339435577,0.4611627124249935
1037,0.001443164905425474,0.04426135867834091,0.03160698711872101,0.0001997218350879848,0.09487883746623993,0.10216183587908745,0.010807402675633161,0.006846767966635525,0.01751952993364765,0.010473470902070403,0.8004393875598907,0.4513006117194891
1038,0.0014422650325319846,0.04124234989285469,0.03222762793302536,0.0001627206220291555,0.07730123400688171,0.10427708923816681,0.010918713248606587,0.006951513700187206,0.01758438071887142,0.01046809321269393,0.8063762187957764,0.4553266540169716
1039,0.0014413646643404708,0.04565838724374771,0.03366599231958389,0.00019708868057932705,0.09362795948982239,0.10264093242585659,0.01083271431430758,0.006843349663540721,0.01765309966028524,0.0106493947096169,0.8126910626888275,0.45766599755734205
1040,0.0014404638018382962,0.04355669766664505,0.03156106919050217,0.0001926918630488217,0.09153921902179718,0.10251958295702934,0.010826308932115133,0.006778105976991355,0.01764973175979141,0.010515363654121757,0.8123809844255447,0.45745028369128704
1041,0.001439562446013367,0.04059372842311859,0.03187031298875809,0.00015890246140770614,0.0754873976111412,0.1040150448679924,0.0109049855401804,0.006939542829059064,0.017684558629037832,0.010549251222983003,0.8155902028083801,0.45980262383818626
1042,0.0014386605978541312,0.04342026263475418,0.03261973336338997,0.00018234181334264576,0.08662238717079163,0.10317090898752213,0.010860645270869586,0.006900890730321407,0.017715305833746427,0.010690912138670683,0.818428710103035,0.46079980954527855
1043,0.0014377582583495752,0.042954735457897186,0.03168821334838867,0.00018528554937802255,0.08802082389593124,0.1017705574631691,0.010786686717813685,0.0067213388392701745,0.017666970096596676,0.01051839254796505,0.8139686584472656,0.45786960795521736
1044,0.0014368554284892251,0.040076613426208496,0.03127332031726837,0.0001584864512551576,0.0752897784113884,0.10317997448146343,0.010861122423639432,0.006888302392326295,0.017659294210292657,0.01053221756592393,0.8132615387439728,0.4582207566127181
1045,0.0014359521092631442,0.041351839900016785,0.031701717525720596,0.0001683011942077428,0.07995232194662094,0.10351977124810219,0.010878991850681202,0.0069082193076610565,0.01771599828720485,0.010683760279789567,0.818492665886879,0.4610062185674906
1046,0.0014350483016619335,0.042005497962236404,0.03147861361503601,0.00017705958453007042,0.08411303162574768,0.10241253115236759,0.010820655073079805,0.006724275182932615,0.017769253572038964,0.010588851990178227,0.8234209567308426,0.4629167439416051
1047,0.0014341440066767282,0.03932224214076996,0.030841227620840073,0.00015418490511365235,0.0732463002204895,0.10322611778974533,0.010863550905203315,0.00686453958041966,0.017793405244638905,0.010618008207529783,0.825660839676857,0.46444347873330116
1048,0.001433239225299199,0.04013502970337868,0.03125634044408798,0.00015924428589642048,0.07564978301525116,0.10379824042320251,0.010893614290378727,0.0069590144557878375,0.017756006817999628,0.01068862876854837,0.8221936970949173,0.4629959687590599
1049,0.0014323339585215493,0.04123207926750183,0.0314110703766346,0.00016948797565419227,0.08051609992980957,0.10297694243490696,0.010850431200855909,0.006746541592292488,0.017755073327304482,0.010580473579466343,0.822107270359993,0.46254210639744997
1050,0.0014314282073365151,0.03899194300174713,0.030472980812191963,0.000153809116454795,0.07306778430938721,0.10348468273878098,0.010877147623293736,0.006885484443046153,0.017827958796387888,0.01062937662936747,0.8288707137107849,0.46617769822478294
1051,0.0014305219727373643,0.03925744444131851,0.030953453853726387,0.00015255795733537525,0.07247341424226761,0.1041752491146326,0.010913379946450927,0.0069398024352267385,0.01782106716391877,0.010698053054511547,0.8282299637794495,0.46620260644704103
1052,0.0014296152557178932,0.04008147865533829,0.031029319390654564,0.00016059220070019364,0.07629012316465378,0.10383051447570324,0.010895307812383454,0.0067699921783059835,0.017851737798747252,0.010647185612469912,0.8310832679271698,0.4674568912014365
1053,0.0014287080572724293,0.038900427520275116,0.03043406829237938,0.00015317354700528085,0.07276585698127747,0.10344823636114597,0.010875232332489534,0.006862051086500287,0.01789678607912162,0.010675953002646565,0.835282951593399,0.4693655939772725
1054,0.001427800378395826,0.0385822132229805,0.030531715601682663,0.00014900215319357812,0.07078421115875244,0.10392905212938786,0.010900476410612718,0.006950710085220635,0.017827971652182813,0.010683237574994564,0.8288718909025192,0.46640047151595354
1055,0.001426892220083465,0.03898968547582626,0.030586060136556625,0.00015283326501958072,0.07260419428348541,0.10418015904724598,0.010913637206535957,0.006826488068327308,0.017829489999201916,0.010639038635417819,0.8290130645036697,0.46659661177545786
1056,0.001425983583331253,0.03871937468647957,0.030503466725349426,0.00015068362699821591,0.07158300280570984,0.10359220393002033,0.010882797288278562,0.006841659662313759,0.017907351865255668,0.010691107716411352,0.8362695276737213,0.4699308658018708
1057,0.0014250744691356218,0.038133032619953156,0.030231555923819542,0.00014680183085147291,0.06973893940448761,0.10421331785619259,0.010915373699331895,0.006936578778550029,0.017900472711105914,0.01070683472789824,0.8356271386146545,0.46992022823542356
1058,0.0014241648784935265,0.03822825476527214,0.030277002602815628,0.00014742137864232063,0.07003325968980789,0.10462955757975578,0.010937150771742251,0.006918670376762748,0.01788252732814374,0.010684428969398141,0.8339525610208511,0.46929105930030346
1059,0.0014232548124024445,0.03841913864016533,0.030234090983867645,0.00014979176921769977,0.07115932554006577,0.10400751605629921,0.01090459054241508,0.006797429174184799,0.01795888715434298,0.010733523406088352,0.8410898000001907,0.47254865802824497
1060,0.0014223442718603752,0.03781435266137123,0.02993721514940262,0.00014592608204111457,0.06932289898395538,0.10455852560698986,0.010933437371885048,0.006904445122927427,0.017925487118303683,0.010713095311075449,0.8379642218351364,0.47126137372106314
1061,0.001421433257865838,0.037659794092178345,0.030012747272849083,0.00014366331743076444,0.0682479739189148,0.10505446791648865,0.010959336366308442,0.0069387482944875956,0.017931527112402194,0.010715147946029902,0.838529035449028,0.47179175168275833
1062,0.0014205217714178715,0.037840623408555984,0.030042197555303574,0.00014531859778799117,0.06903431564569473,0.10445722751319408,0.010928140134741861,0.006808096310123801,0.01803505802016766,0.0107747174333781,0.8482397794723511,0.4763485034927726
1063,0.0014196098135160317,0.03753619268536568,0.02975422516465187,0.0001445391826564446,0.06866405159235,0.1048328373581171,0.010947770017952368,0.006850181962363422,0.018013880020312956,0.010749025968834758,0.8462488353252411,0.4755408363416791
1064,0.001418697385160393,0.03734327852725983,0.029782308265566826,0.00014227229985408485,0.06758715212345123,0.10522699169814587,0.010968331906028885,0.0069074699422344565,0.01802250927420216,0.010763662401586771,0.8470597714185715,0.47614338155835867
1065,0.0014177844873515446,0.03727084398269653,0.029733581468462944,0.00014192018716130406,0.06741988658905029,0.10499378480017185,0.010956170908306345,0.0068449461832642555,0.018074817608349947,0.010802554665133357,0.8519838899374008,0.47848883736878633
1066,0.001416871121090591,0.037206657230854034,0.02963971346616745,0.0001420350163243711,0.06747443228960037,0.10547028295695782,0.010981004388690674,0.006818574154749513,0.018086451689602552,0.010786234401166439,0.8530810177326202,0.47927565034478903
1067,0.00141595728737915,0.0371147021651268,0.02967742085456848,0.0001407496747560799,0.06686383485794067,0.10548869147896767,0.01098196270758703,0.006915799342095852,0.018089108202686364,0.010807930026203394,0.8533316403627396,0.4794101659208536
1068,0.0014150429872193527,0.036881960928440094,0.02940424531698227,0.0001406001829309389,0.0667928159236908,0.10534813441336155,0.01097464354022525,0.006854717736132443,0.01814182550489005,0.01082616625353694,0.8583126366138458,0.4818303855136037
1069,0.0014141282216138414,0.03684953600168228,0.029436510056257248,0.00013998724170960486,0.06650163233280182,0.10562137700617313,0.010988866906745307,0.006837232504040003,0.018127672598549395,0.010820348747074604,0.8569740206003189,0.481297698803246
1070,0.0014132129915657684,0.03689224645495415,0.029344167560338974,0.00014121431740932167,0.06708456575870514,0.10550527833402157,0.01098282579386544,0.006832930142991245,0.018172436640532665,0.010843869065865874,0.8612115681171417,0.48335842322558165
1071,0.0014122972980787957,0.03675509989261627,0.02923983708024025,0.00014064926654100418,0.06681613624095917,0.10572250559926033,0.010994126198141057,0.006869507138617337,0.01813889091323146,0.010837843175977468,0.8580349981784821,0.4818787518888712
1072,0.0014113811421570936,0.03684541583061218,0.029237177222967148,0.0001416222658008337,0.06727836281061172,0.10628695413470268,0.01102343590666339,0.006823392468504608,0.018185563502236504,0.010844926116988063,0.8624562621116638,0.48437160812318325
1073,0.0014104645248053393,0.03713008016347885,0.029647748917341232,0.0001411613920936361,0.06705941259860992,0.10642978176474571,0.011030840191211195,0.006903064087964594,0.0181549364267032,0.010865245945751667,0.8595536649227142,0.48299172334373
1074,0.001409547447028716,0.037530992180109024,0.02959238365292549,0.0001458471524529159,0.06928542256355286,0.10709645599126816,0.011065334776719692,0.006831579376012087,0.01820618212516711,0.010856283828616142,0.8644130527973175,0.48575475439429283
1075,0.0014086299098329126,0.038368258625268936,0.030344342812895775,0.00014832793385721743,0.07046391814947128,0.10777858644723892,0.011100518250008379,0.007047203136608005,0.0181074483753304,0.010864037787541747,0.8550628870725632,0.48142073675990105
1076,0.0014077119142241205,0.03979657217860222,0.030981356278061867,0.0001579973759362474,0.07505743950605392,0.10969367064535618,0.011198704764526056,0.006924852961674333,0.018237494934639605,0.010872111888602376,0.8673889487981796,0.4885413097217679
1077,0.0014067934612090344,0.04085226356983185,0.032648440450429916,0.0001550716406200081,0.07366755604743958,0.11060678772628307,0.011245218502257872,0.0071880490286275744,0.018019218696424984,0.010818281210958958,0.8467504680156708,0.4786786278709769
1078,0.001405874551794851,0.042098820209503174,0.03424089401960373,0.00015478319255635142,0.07353052496910095,0.11259974166750908,0.011346076367896966,0.006969362846575677,0.018195683096524685,0.010895534651353955,0.8634163290262222,0.48800803534686565
1079,0.001404955186989267,0.04199599474668503,0.03482907637953758,0.00014874839689582586,0.07066366076469421,0.11007324606180191,0.011218063484532493,0.0070953598478809,0.018039842114204386,0.010810962645336986,0.8486898392438889,0.4793815426528454
1080,0.0014040353678004783,0.0407320111989975,0.033997971564531326,0.00014244283374864608,0.06766816973686218,0.10835441388189793,0.011130131726296458,0.0068515026941895485,0.018064975480503433,0.010830993065610528,0.8510563224554062,0.47970536816865206
1081,0.00140311509523718,0.03750188648700714,0.030334483832120895,0.00013929230044595897,0.06617149710655212,0.10571527667343616,0.010993750535179977,0.00682861590757966,0.018074856856607525,0.010815883055329323,0.8519875705242157,0.47885142359882593
1082,0.0014021943703085636,0.035776883363723755,0.028749234974384308,0.00013448434765450656,0.06388746201992035,0.10669336467981339,0.0110444906883749,0.006911841337569058,0.01808244707532975,0.010817482834681869,0.8527033179998398,0.4796983413398266
1083,0.0014012731940243163,0.036834023892879486,0.029787125065922737,0.00013687179307453334,0.06502162665128708,0.1096700131893158,0.011197496637000648,0.006881273002363741,0.01816361243128779,0.010881445137783885,0.8603754043579102,0.485022708773613
1084,0.001400351567394622,0.03833216428756714,0.03121405653655529,0.00014062502305023372,0.06680460274219513,0.10824304446578026,0.011124410639733226,0.007041835924610496,0.0181254167421501,0.010844116797670722,0.8567607253789902,0.4825018849223852
1085,0.0013994294914301563,0.037890173494815826,0.03143906593322754,0.00013407842197921127,0.06369461119174957,0.10757669806480408,0.011090116370914569,0.006862426409497857,0.01816718464182044,0.010843053460121155,0.8607138693332672,0.48414528369903564
1086,0.0013985069671420887,0.0359690859913826,0.029357537627220154,0.00013138540089130402,0.06241527944803238,0.10644413344562054,0.01103158386671924,0.006844833376817405,0.018170652640889764,0.01088250707834959,0.8610425144433975,0.48374332394450903
1087,0.0013975839955420806,0.03540392965078354,0.028325047343969345,0.00013413069245871156,0.06371945142745972,0.10706483013927937,0.011063700820680146,0.006934440229088068,0.01818405748134769,0.010863606818020344,0.8623133897781372,0.4846891099587083
1088,0.0013966605776422835,0.03627459332346916,0.029557522386312485,0.00013291700452100486,0.06314288079738617,0.10898982733488083,0.011162718887293612,0.006908680661581457,0.018245938279751933,0.010899120708927512,0.8681922852993011,0.488591056317091
1089,0.001395736714455338,0.03650054335594177,0.029925737529993057,0.00013219472020864487,0.06279975175857544,0.10723404958844185,0.011072440640775198,0.006958736106753349,0.018198639115561292,0.01089275605045259,0.8636969178915024,0.4854654837399721
1090,0.0013948124069943738,0.035770613700151443,0.029240677133202553,0.00013028044486418366,0.061890363693237305,0.1068058293312788,0.011050310683528049,0.006836249609477818,0.018235207177575083,0.010884276824072003,0.8671714067459106,0.4869886180385947
1091,0.0013938876562730068,0.03524031490087509,0.02846381813287735,0.00013124020188115537,0.06234630569815636,0.10710426047444344,0.011065737680197304,0.0068641576217487454,0.01828286144243765,0.010948455659672618,0.8717097193002701,0.48940698988735676
1092,0.0013929624633053398,0.03538059815764427,0.02824489399790764,0.00013456001761369407,0.06392340362071991,0.10687116533517838,0.011053690017471574,0.0069423813838511705,0.01825972537582426,0.010908469324931502,0.869504913687706,0.4881880395114422
1093,0.0013920368291059607,0.03537549450993538,0.028887305408716202,0.00012909718498121947,0.061328254640102386,0.10765784606337547,0.01109429880393136,0.006854929379187524,0.01828787731506269,0.010930272284895182,0.8721880912780762,0.4899229686707258
1094,0.0013911107546899404,0.03494416922330856,0.028541702777147293,0.00012746744323521852,0.06055404245853424,0.10698560625314713,0.01105960656864337,0.006882318994030356,0.018299214512060662,0.010959618259221315,0.8732698112726212,0.49012770876288414
1095,0.0013901842410728332,0.03486676886677742,0.028111614286899567,0.000130274158436805,0.061887383460998535,0.10697568580508232,0.01105909389928659,0.006877080071717501,0.018297038261051068,0.01092512789182365,0.8730621337890625,0.4900189097970724
1096,0.0013892572892706748,0.035079337656497955,0.028228800743818283,0.00013152476458344609,0.062481485307216644,0.10741322673857212,0.01108168718531386,0.0068776267580688,0.018317874594559323,0.01098638609983027,0.8750516474246979,0.491232437081635
1097,0.0013883299002999817,0.03486507385969162,0.02786848321557045,0.00013230351032689214,0.0628514364361763,0.10719296894967556,0.01107031924386705,0.006885254057124257,0.018325919016758285,0.010947189293801785,0.8758204281330109,0.4915066985413432
1098,0.0013874020751777495,0.03431731089949608,0.02802407369017601,0.00012522816541604698,0.059490252286195755,0.10750412382185459,0.011086375041318212,0.006870492012239993,0.018330836181330055,0.010953567223623395,0.8762904554605484,0.4918972896412015
1099,0.0013864738149214518,0.03408350050449371,0.027856219559907913,0.00012418061669450253,0.05899261683225632,0.10756952129304409,0.011089746337957354,0.006886500050313771,0.018353175371385862,0.011000120546668768,0.8784276247024536,0.49299857299774885
1100,0.0013855451205490405,0.034341961145401,0.02767162211239338,0.00012845528544858098,0.061023324728012085,0.10761537961661816,0.01109211017024196,0.00688610365614295,0.018378761304994235,0.010973283555358648,0.8808785229921341,0.4942469513043761
1101,0.0013846159930789425,0.03451205790042877,0.027925075963139534,0.00012811145279556513,0.060859985649585724,0.10778836347162724,0.011101021632699598,0.006886380724608898,0.018383067088052797,0.011017186334356666,0.8812913298606873,0.49453984666615725
1102,0.0013836864335300602,0.03419896215200424,0.027560556307435036,0.00012788537424057722,0.06075257807970047,0.1078521404415369,0.011104305267773649,0.006875919993035495,0.018380920161288207,0.010984399123117328,0.8810854852199554,0.4944688128307462
1103,0.0013827564429217693,0.03379543870687485,0.02766094170510769,0.0001227930188179016,0.05833342671394348,0.10783719643950462,0.011103535992260641,0.0069066116120666265,0.01839870390710541,0.010999802965670824,0.8827912211418152,0.4953142087906599
1104,0.0013818260222739189,0.033670295029878616,0.02764062210917473,0.00012164695363026112,0.05778898671269417,0.10821187496185303,0.01112280866607109,0.006881703971885145,0.01842422167841845,0.011028446722775698,0.8852416276931763,0.49672675132751465
1105,0.001380895172606829,0.03372583165764809,0.027508500963449478,0.00012334395432844758,0.05859515070915222,0.10796748846769333,0.011110241361766884,0.006901352666318417,0.01841527987163051,0.011004858650267124,0.8843825906515121,0.49617503955960274
1106,0.0013799638949412905,0.03369027003645897,0.02758636884391308,0.0001223140279762447,0.05810587853193283,0.10827379301190376,0.011125990475082807,0.006896625622175634,0.018451269727396257,0.011044564424082637,0.8878427445888519,0.49805826880037785
1107,0.0013790321902985635,0.03348079323768616,0.027329545468091965,0.0001222717110067606,0.05808577686548233,0.10843810439109802,0.01113442933177564,0.006887694471515715,0.01846207465919435,0.01103378483094275,0.8888828605413437,0.49866048246622086
1108,0.0013781000597003765,0.03331834077835083,0.02740839123725891,0.00011989797349087894,0.05695813149213791,0.10833985544741154,0.011129383767069062,0.006925614201463759,0.01846454689836313,0.01104744803160429,0.8891209661960602,0.49873041082173586
1109,0.001377167504168925,0.0333278514444828,0.027487024664878845,0.00011933600762858987,0.056691162288188934,0.10914350859820843,0.01117058621645201,0.006897075334563851,0.018517442311134998,0.011070417938753963,0.8942224085330963,0.5016829585656524
1110,0.00137623452472687,0.03337375447154045,0.027534376829862595,0.00011942043784074485,0.056731268763542175,0.10861950740218163,0.011143738702030384,0.00694869109429419,0.018504276819740786,0.011069306405261159,0.8929512798786163,0.500785393640399
1111,0.0013753011223973386,0.033315859735012054,0.027552859857678413,0.000118655436381232,0.05636785179376602,0.10933704301714897,0.011180485439025273,0.0069060808746144176,0.01854300974573303,0.011086366605013609,0.8966934382915497,0.5030152406543493
1112,0.0013743672982039206,0.03313518315553665,0.02736777998507023,0.00011831217852886766,0.05620478838682175,0.10885125584900379,0.011155620307121469,0.006940728286281228,0.018553828114446714,0.011100535513833165,0.8977400362491608,0.5032956460490823
1113,0.0013734330531706685,0.032968588173389435,0.027215177193284035,0.00011784369417000562,0.055982232093811035,0.10920865833759308,0.011173919408171683,0.00690709927584976,0.018578161978429153,0.011099844006821513,0.9000964164733887,0.5046525374054909
1114,0.0013724983883220967,0.032895877957344055,0.027144044637680054,0.0001176773221231997,0.05590319633483887,0.10906368121504784,0.011166500122593735,0.006933327880688012,0.01858551043931378,0.011131253326311707,0.9008086174726486,0.5049361493438482
1115,0.0013715633046831798,0.03289863094687462,0.02695164456963539,0.00011932635970879346,0.05668657645583153,0.10935484990477562,0.01118139599601228,0.006914713769219816,0.018609595658452327,0.01111437170766294,0.9031448513269424,0.506249850615859
1116,0.001370627803279352,0.03289927542209625,0.02709343284368515,0.00011813927267212421,0.05612264573574066,0.10923575051128864,0.011175305387812398,0.006942333769984543,0.01861032892476913,0.011147720040753484,0.9032160341739655,0.506225892342627
1117,0.0013696918851365048,0.03286859765648842,0.026923105120658875,0.00011925052967853844,0.0566505566239357,0.10989860072731972,0.01120916028247412,0.006917793303728104,0.01862558334311076,0.011123317526653409,0.9046973437070847,0.5072979722172022
1118,0.0013687555512809872,0.0328739732503891,0.02718835137784481,0.00011707371595548466,0.05561644956469536,0.1096747200936079,0.011197737298277877,0.006978377583436668,0.01862195606305168,0.011153699597343802,0.9043449908494949,0.5070098554715514
1119,0.0013678188027396042,0.03303099423646927,0.027342118322849274,0.00011743165669031441,0.05578649044036865,0.11144361458718777,0.011287677445168665,0.006940635503269732,0.018649728584516297,0.01113760843873024,0.9070444703102112,0.5092440424486995
1120,0.0013668816405396156,0.033486299216747284,0.028032291680574417,0.00011641247692750767,0.055302321910858154,0.11125128529965878,0.011277933600844064,0.007079727598465979,0.018613263655676237,0.01116182841360569,0.9035009294748306,0.5073761073872447
1121,0.0013659440657087343,0.03450347110629082,0.02906624786555767,0.00011841232480946928,0.056252360343933105,0.11532929539680481,0.011482774050329287,0.007038053357973695,0.01868503479090413,0.011149303521960974,0.9104819595813751,0.51290562748909
1122,0.0013650060792751268,0.03635488077998161,0.031179826706647873,0.00012010207865387201,0.05705508589744568,0.1160181313753128,0.01151701486294,0.0073223133804276586,0.018602531089788016,0.01118458341807127,0.9024593234062195,0.5092387273907661
1123,0.0013640676822674093,0.03973761573433876,0.0343799889087677,0.00012876008986495435,0.0611681193113327,0.12353985942900181,0.011884489901097963,0.0072759565664455295,0.01869218767827434,0.011145801981911063,0.9111791998147964,0.5173595296218991
1124,0.0013631288757146498,0.043924570083618164,0.038643382489681244,0.00013693008804693818,0.06504931300878525,0.12202019616961479,0.011811168741171125,0.0075712299440056086,0.018545985337949614,0.011201051529496908,0.8969812095165253,0.50950070284307
1125,0.0013621896606463644,0.047448478639125824,0.0412435308098793,0.000152126100147143,0.07226826250553131,0.12337750568985939,0.011876678276882928,0.007271179347299039,0.018551876849694064,0.011074266629293561,0.8975512832403183,0.5104643944650888
1126,0.001361250038092518,0.044836170971393585,0.03875318914651871,0.0001456001918995753,0.0691680908203125,0.11118940822780132,0.011274796445754897,0.007088674581609666,0.01838704243624621,0.01111183944158256,0.8816725015640259,0.4964309548959136
1127,0.0013603100090835215,0.036973774433135986,0.030279312282800674,0.00013419840252026916,0.06375162303447723,0.10924029536545277,0.011175537900414223,0.006980349193327129,0.01834076910526922,0.010996711207553744,0.8772404342889786,0.49324036482721567
1128,0.0013593695746502322,0.032900936901569366,0.027142437174916267,0.00011774412269005552,0.055934928357601166,0.11362197808921337,0.011397462740184144,0.007024600286968052,0.01842055356233414,0.011031972710043192,0.8848891854286194,0.4992555817589164
1129,0.0013584287358239517,0.03559015691280365,0.030378255993127823,0.0001188025635201484,0.056437745690345764,0.1137111522257328,0.011401934381146726,0.00724462594371289,0.018350494042672395,0.011065235827118158,0.878170982003212,0.4959410671144724
1130,0.0013574874936364255,0.038049060851335526,0.032553523778915405,0.0001263668673345819,0.06003120541572571,0.11359146609902382,0.011395932111816297,0.007035358459688723,0.018355419686863876,0.010972204618155956,0.8786424100399017,0.4961169380694628
1131,0.0013565458491198404,0.03574075549840927,0.029904358088970184,0.0001243778970092535,0.05908633768558502,0.10898548364639282,0.011162496536826305,0.006915051373653114,0.018415163513024944,0.011077801929786801,0.8843713849782944,0.4966784343123436
1132,0.0013556038033068255,0.032858215272426605,0.026740849018096924,0.00012067591160302982,0.057327691465616226,0.11028309352695942,0.011228751421837326,0.00709746649954468,0.01840925631052634,0.01103644073009491,0.8838041424751282,0.4970436180010438
1133,0.0013546613572304495,0.034076377749443054,0.02864883840084076,0.00011743174400180578,0.055786535143852234,0.11382761597633362,0.01140777164999092,0.007044350495561957,0.018474857691335028,0.01103008515201509,0.8901142328977585,0.501970924437046
1134,0.0013537185119242197,0.03559861332178116,0.02991144359111786,0.00012282220995984972,0.05834729224443436,0.10951406881213188,0.011189532810097196,0.006980254082009196,0.018488630905107686,0.011111234314739704,0.8914419114589691,0.5004779901355505
1135,0.0013527752684220824,0.03346254676580429,0.027441861107945442,0.00012113396951463073,0.057545293122529984,0.1084685567766428,0.011135992554887068,0.006953005329705775,0.018434288410188154,0.011029528686776757,0.8862092643976212,0.497338910587132
1136,0.001351831627758419,0.03204553574323654,0.026633581146597862,0.00011302556231385097,0.05369335412979126,0.11154678836464882,0.011292901629207975,0.006972028990276158,0.01841845880458962,0.011034087976440787,0.8846879750490189,0.49811738170683384
1137,0.0013508875909680471,0.03354265168309212,0.028049811720848083,0.00011685805657180026,0.05551400035619736,0.10963967256247997,0.011195947687744196,0.006983246305026114,0.018484643356477475,0.011099103838205338,0.8910574316978455,0.5003485521301627
1138,0.0013499431590862196,0.03343527019023895,0.027728822082281113,0.00011843063111882657,0.056261055171489716,0.10880773328244686,0.011153389968996704,0.006907429546117783,0.01853132050996189,0.011080367024987936,0.8955632746219635,0.5021855039522052
1139,0.0013489983331486212,0.031885284930467606,0.0264725461602211,0.00011269484093645588,0.05353624373674393,0.11021250486373901,0.011225157416647905,0.006955749122425914,0.018476204344756646,0.011086196172982454,0.8902439624071121,0.5002282336354256
1140,0.0013480531141913696,0.031909339129924774,0.026600658893585205,0.00011186925985384732,0.053144048899412155,0.10980173759162426,0.011204219561499891,0.006987757980823517,0.018522798669705295,0.011119583388790488,0.8947398066520691,0.5022707721218467
1141,0.0013471075032510135,0.03237687423825264,0.027341455221176147,0.00011055257346015424,0.05251854658126831,0.11019095219671726,0.011224059907941264,0.0069273593835532665,0.018549372906365234,0.011101126438006759,0.8973089456558228,0.50374994892627
1142,0.0013461615013645306,0.03205461800098419,0.02672688104212284,0.0001123355541494675,0.0533655621111393,0.10990405641496181,0.011209438584150832,0.006959672085940838,0.018484023391829016,0.01109863119199872,0.8909976035356522,0.500450829975307
1143,0.0013452151095693285,0.031620875000953674,0.026060927659273148,0.00011337775504216552,0.05386066436767578,0.10938486084342003,0.011182930125766195,0.0069608495105057955,0.01857658516751777,0.011137444758787751,0.8999436646699905,0.5046642627567053
1144,0.001344268328903242,0.031461842358112335,0.026683904230594635,0.00010645842121448368,0.050573594868183136,0.11089211143553257,0.011259713317408614,0.0069455106277018785,0.018628494774707904,0.011146560544148088,0.9049801975488663,0.5079361544921994
1145,0.0013433211604045316,0.03144111484289169,0.026659255847334862,0.00010644778376445174,0.05056854337453842,0.1101088598370552,0.011219878101022767,0.006971810827963054,0.018587182594350854,0.01115272962488234,0.9009707272052765,0.5055397935211658
1146,0.001342373605111884,0.031294018030166626,0.02591525949537754,0.0001111640885937959,0.05280905216932297,0.10953389108181,0.01119054584871388,0.006940108025446534,0.01863600806021272,0.01115854806266725,0.90571029484272,0.507622092962265
1147,0.0013414256640644094,0.03112613409757614,0.026048827916383743,0.00010827243386302143,0.051435358822345734,0.11104417964816093,0.011267430669965215,0.006962887360714376,0.01863425009014309,0.011163272196426988,0.9055394381284714,0.5082918088883162
1148,0.0013404773383016422,0.030943963676691055,0.026231752708554268,0.00010481484059710056,0.0497928112745285,0.11001731641590595,0.011215212880348293,0.0069723103661090136,0.01864139924054991,0.011183066759258509,0.9062343835830688,0.5081258499994874
1149,0.0013395286288635372,0.030728444457054138,0.025886595249176025,0.00010545270924922079,0.05009583383798599,0.1100191529840231,0.011215306706562695,0.006936790072359145,0.01870420778491394,0.011192387202754617,0.9123514592647552,0.5111853061243892
1150,0.001338579536790471,0.030747797340154648,0.025734543800354004,0.00010693668446037918,0.050800807774066925,0.11092912405729294,0.011261592292376464,0.006976616336032748,0.018687736644041927,0.011217056075111032,0.910745307803154,0.5108372159302235
1151,0.0013376300631232389,0.0306883305311203,0.02567397430539131,0.00010682080028345808,0.050745751708745956,0.11011729948222637,0.01122030795934841,0.006982464110478759,0.018664228453388384,0.011187232099473476,0.9084554016590118,0.5092863505706191
1152,0.0013366802089030555,0.03033548966050148,0.02571031078696251,0.00010280116111971438,0.04883619397878647,0.11062659695744514,0.011246225230877165,0.006959777558222413,0.018681764321209333,0.011187263764441013,0.9101633131504059,0.5103949550539255
1153,0.0013357299751715528,0.03025028482079506,0.0255575031042099,0.00010319103603251278,0.0490214079618454,0.11088660918176174,0.01125943399664794,0.006980703212320805,0.018717862380317942,0.011244937777519226,0.9136840403079987,0.5122853247448802
1154,0.001334779362970778,0.030400220304727554,0.02536626160144806,0.00010637937521096319,0.05053604766726494,0.1105669904500246,0.011243195310123003,0.006990516907535493,0.018745746462251658,0.011226244270801544,0.9164083003997803,0.5134876454249024
1155,0.0013338283733431943,0.030223984271287918,0.02551790326833725,0.00010324765025870875,0.04904830455780029,0.11106651835143566,0.011268564067869401,0.006992105743847787,0.018731282699931785,0.011236842023208737,0.9149946719408035,0.5130305951461196
1156,0.0013328770073316781,0.02987862005829811,0.02528931200504303,0.00010153739276574925,0.04823584482073784,0.11107092350721359,0.011268787634538384,0.006979457219131291,0.018766433730528526,0.011258310172706842,0.9184320420026779,0.5147514827549458
1157,0.0013319252659795193,0.029793068766593933,0.025216225534677505,0.00010125237167812884,0.048100441694259644,0.11117783561348915,0.011274209826070502,0.0069868870778009295,0.01881161883950629,0.011255726916715503,0.9228601157665253,0.5170189756900072
1158,0.0013309731503304185,0.02993343397974968,0.0253133624792099,0.00010191181354457512,0.0484137125313282,0.11163021624088287,0.01129712370904,0.007036104216240346,0.018798290707907367,0.011285465210676193,0.921552836894989,0.5165915265679359
1159,0.0013300206614284878,0.02986028790473938,0.025083642452955246,0.00010307622142136097,0.048966869711875916,0.11145380511879921,0.011288193752335548,0.0069934960920363665,0.01884415004352145,0.011285634711384773,0.9260547161102295,0.5187542606145144
1160,0.0013290678003182476,0.02951638400554657,0.025130847468972206,9.905913611873984e-05,0.04705853387713432,0.11154549196362495,0.011292835749874167,0.006989220739342272,0.01886772174133127,0.011298706056550145,0.9283729493618011,0.519959220662713
1161,0.0013281145680446272,0.029411371797323227,0.02503984235227108,9.872012014966458e-05,0.04689748212695122,0.11198189482092857,0.01131490492735637,0.0070383911952376366,0.018848117122611443,0.011306424159556627,0.9264446943998337,0.5192132946103811
1162,0.0013271609656529625,0.02952835150063038,0.02494807541370392,0.00010072404984384775,0.04784945398569107,0.11177083849906921,0.011304237139001264,0.0070163855561986566,0.018888439708865525,0.011306544067338109,0.9304128736257553,0.5210918560624123
1163,0.0013262069941889956,0.029439721256494522,0.02503840997815132,9.903056343318895e-05,0.047044962644577026,0.11210883781313896,0.01132131664956079,0.007020486635155976,0.018888335124898212,0.011316598393023014,0.9304025322198868,0.5212556850165129
1164,0.001325252654698873,0.02919764257967472,0.024866029620170593,9.793412027647719e-05,0.04652408882975578,0.11213937401771545,0.011322857846423702,0.007008813554421067,0.01889862222031017,0.01131990528665483,0.9314162582159042,0.5217778161168098
1165,0.0013242979482291453,0.029063396155834198,0.024794161319732666,9.712630708236247e-05,0.04614033177495003,0.11207728087902069,0.011319722777031487,0.007015255163423717,0.018931624809955805,0.011333799688145518,0.9346721917390823,0.5233747363090515
1166,0.001323342875826765,0.029060205444693565,0.02484675869345665,9.664984099799767e-05,0.04591398686170578,0.11258268728852272,0.011345217347221763,0.007036970462650061,0.018933325001644706,0.011347334599122405,0.934840053319931,0.5237113703042269
1167,0.001322387438539086,0.02904818020761013,0.024735620245337486,9.745908027980477e-05,0.04629841819405556,0.11230333894491196,0.011331133151464907,0.007010648725554347,0.018944466241082834,0.011338969459757209,0.935940608382225,0.5241219736635685
1168,0.0013214316374138627,0.028921116143465042,0.024699930101633072,9.64222417678684e-05,0.04580586403608322,0.112600889056921,0.011346134403155912,0.007027645711787045,0.018967211862266086,0.011357027338817716,0.9381894618272781,0.5253951754420996
1169,0.0013204754734992474,0.02877221629023552,0.02463708631694317,9.538418089505285e-05,0.045312728732824326,0.11280931532382965,0.01135663037640755,0.007025238126516342,0.01899172347987075,0.011369233252480626,0.9406158477067947,0.5267125815153122
1170,0.0013195189478437922,0.02870820090174675,0.02457715943455696,9.521500760456547e-05,0.04523236304521561,0.1125456877052784,0.011343352144195653,0.007028500083833933,0.018987250311762897,0.011362760094925761,0.9401728212833405,0.5263592544943094
1171,0.001318562061496444,0.028687922284007072,0.024586567655205727,9.49223613133654e-05,0.04509333521127701,0.1130607258528471,0.011369277550574486,0.0070327980211004615,0.019014672582793313,0.011391364969313145,0.9428904503583908,0.527975588105619
1172,0.0013176048155065462,0.028599727898836136,0.024452732875943184,9.512102406006306e-05,0.04518771171569824,0.11300940625369549,0.011366697232518944,0.007032158668152988,0.019035067202776427,0.01138604641892016,0.9449141770601273,0.5289617916569114
1173,0.0013166472109238363,0.028469737619161606,0.024460269138216972,9.36893920879811e-05,0.04450760781764984,0.11301425658166409,0.011366941432567225,0.007039717165753245,0.019032921570637493,0.011396607151255012,0.9447011649608612,0.5288577107712626
1174,0.0013156892487984457,0.02838197723031044,0.024363193660974503,9.358310489915311e-05,0.04445711523294449,0.11360226385295391,0.011396473680889993,0.007043339079245925,0.01906538390679137,0.011406439123675227,0.947926476597786,0.5307643702253699
1175,0.001314730930180897,0.028344102203845978,0.02439872734248638,9.288523870054632e-05,0.044125594198703766,0.11312730796635151,0.011372625362794283,0.0070475449319928885,0.019080017497516658,0.011415699729695916,0.9493822306394577,0.5312547693029046
1176,0.0013137722561221037,0.028315860778093338,0.02437887340784073,9.27551809581928e-05,0.04406380653381348,0.11387215368449688,0.011410003118742807,0.007046035258099437,0.01908223542776023,0.011420569382607937,0.9496029019355774,0.5317375278100371
1177,0.0013128132276733699,0.02826618403196335,0.024305224418640137,9.285246051149443e-05,0.044110022485256195,0.11331504583358765,0.01138205801927364,0.007053590728901327,0.019104327063523763,0.01143350126221776,0.9518029242753983,0.532558985054493
1178,0.001311853845886388,0.028203748166561127,0.024253439158201218,9.263133688364178e-05,0.044004976749420166,0.11399144493043423,0.01141597839141163,0.007051843451336026,0.019117932223876352,0.011432387633249164,0.9531590491533279,0.5335752470418811
1179,0.001310894111813237,0.028188548982143402,0.024225763976573944,9.270438749808818e-05,0.04403968155384064,0.1135979164391756,0.011396255811368338,0.0070620408514514565,0.019129568809672357,0.011458698427304626,0.9543197154998779,0.5339588159695268
1180,0.0013099340265063837,0.028286190703511238,0.024087892845273018,9.489299554843456e-05,0.04507938399910927,0.11427914164960384,0.011430375303247222,0.00706004595849663,0.019171660108725046,0.011460159439593554,0.9585239887237549,0.5364015651866794
1181,0.0013089735910186793,0.028546325862407684,0.024238184094429016,9.63654529186897e-05,0.04577888548374176,0.11368000321090221,0.011400372123027245,0.007065668003633618,0.019195365222528387,0.011509843403473496,0.9608957916498184,0.5372878974303603
1182,0.0013080128064033583,0.029099471867084503,0.024083411321043968,0.00010349055810365826,0.049163706600666046,0.1150716282427311,0.011469939447051698,0.007081774529069662,0.019248499545331997,0.011514144018292427,0.966222882270813,0.540647255256772
1183,0.00130705167371404,0.030281037092208862,0.024512436240911484,0.00011231427197344601,0.05335544794797897,0.11394883878529072,0.011413844667637207,0.00709349091630429,0.01935297528890676,0.011630333494395018,0.9767401218414307,0.5453444803133607
1184,0.0013060901940047233,0.03264946863055229,0.02461373060941696,0.0001363893097732216,0.06479242444038391,0.11732593178749084,0.01158174522483557,0.007162760593928397,0.019491614417402867,0.01169303571805358,0.9907844066619873,0.5540551692247391
1185,0.001305128368329789,0.03721819818019867,0.025928497314453125,0.0001734051911626011,0.08237700164318085,0.11506715416908264,0.011469716629403215,0.00718122033867985,0.01968787506752427,0.011943111894652247,1.0108372271060944,0.5629521906375885
1186,0.001304166197743997,0.04388533905148506,0.02673846296966076,0.00023675753618590534,0.11247283965349197,0.12095764093101025,0.011759630036580173,0.007285212748683989,0.019895119031918755,0.012044125236570835,1.0322303473949432,0.5765939941629767
1187,0.0013032036833024849,0.05127459391951561,0.029041821137070656,0.0002951356873381883,0.14020568132400513,0.11509224958717823,0.011470967365382058,0.007191477692686021,0.0196559436673234,0.012036263709887862,1.0075609982013702,0.5613266238942742
1188,0.001302240826060768,0.04887063056230545,0.027686791494488716,0.0002812432067003101,0.1336059868335724,0.1160767525434494,0.011519924053515505,0.00711526011582464,0.019176263468364076,0.01154465670697391,0.9589843302965164,0.5375305414199829
1189,0.0013012776270747378,0.0378902405500412,0.02620697394013405,0.00017813373415265232,0.0846233069896698,0.11274599470198154,0.011353442629752042,0.007088807295076549,0.018733567357824218,0.011285222368314862,0.915217936038971,0.5139819653704762
1190,0.0013003140874006595,0.028714042156934738,0.02406715229153633,9.957081056199968e-05,0.047301605343818665,0.11280203610658646,0.011356263581604402,0.00715285527985543,0.018907857830964044,0.01139998552389443,0.9323268681764603,0.5225644521415234
1191,0.0012993502080951725,0.03264721482992172,0.02528565004467964,0.00013070798013359308,0.06209347024559975,0.11698313243687153,0.011564813298713141,0.0072333901189267635,0.01917683809922084,0.011540692066773772,0.9590418040752411,0.5380124682560563
1192,0.001298385990215289,0.039170943200588226,0.026883777230978012,0.00018591448315419257,0.08831959962844849,0.11318527534604073,0.011375538539533932,0.007057073060423136,0.018945738806671972,0.011501396307721734,0.9360662996768951,0.5246257875114679
1193,0.001297421434818392,0.03428485989570618,0.02438957989215851,0.00015548933879472315,0.07386597990989685,0.11305283010005951,0.011368881244365771,0.007081356132403016,0.018688694211008206,0.011159047018736601,0.9108386784791946,0.5119457542896271
1194,0.0012964565429622345,0.028570841997861862,0.0243662279099226,9.554537973599508e-05,0.04538930207490921,0.1163420770317316,0.011533082508490868,0.007257962482981384,0.018832171736572822,0.011238767998293042,0.9248778223991394,0.5206099497154355
1195,0.001295491315704939,0.031209683045744896,0.025696609169244766,0.00011211750097572803,0.05326197296380997,0.11381048709154129,0.011406913448273234,0.007146933814510703,0.019054023921995417,0.011528531089425087,0.9467971622943878,0.5303038246929646
1196,0.0012945257541049952,0.03371040150523186,0.025084491819143295,0.0001435918966308236,0.0682140439748764,0.11284099332988262,0.011358224674938328,0.007028904743492603,0.01892011260123525,0.011292670154944062,0.9335357695817947,0.5231883814558387
1197,0.0012935598592212604,0.030166830867528915,0.024139516055583954,0.00011425222328398377,0.05427608639001846,0.11485186405479908,0.011458981682011645,0.007119620218873024,0.018724304844541084,0.011195905972272158,0.9143131226301193,0.5145824933424592
1198,0.0012925936321129562,0.028234407305717468,0.024573080241680145,9.026264160638675e-05,0.04287971556186676,0.11420011520385742,0.011426422147525109,0.007189371157437563,0.018900697252987313,0.011380121111869812,0.931620791554451,0.5229104533791542
1199,0.0012916270738396692,0.030808977782726288,0.02526814490556717,0.00011150772479595616,0.05297229811549187,0.114443838596344,0.011438608763403121,0.007103453855961561,0.01904628530684065,0.01136511703953147,0.9460282325744629,0.5302360355854034
1200,0.0012906601854613493,0.03053051233291626,0.024560917168855667,0.00011453178012743592,0.05440888926386833,0.11401792243123055,0.011417303840174942,0.007068241015076637,0.018880609525708164,0.01130531681701541,0.9296416193246841,0.5218297708779573
1201,0.001289692968038308,0.027857286855578423,0.0237299595028162,9.339255484519526e-05,0.04436659440398216,0.11381588131189346,0.011407183417238332,0.007165846996940672,0.01891156300847817,0.011349983280524611,0.9326922744512558,0.5232540778815746
1202,0.0012887254226312177,0.028892196714878082,0.02506788820028305,9.301959653384984e-05,0.04418942332267761,0.1153597142547369,0.011484288194325875,0.0071863827761262655,0.01901378309290088,0.011340233031660318,0.9428022503852844,0.5290809823200107
1203,0.001287757550301111,0.029921621084213257,0.02503366395831108,0.00010414257121738046,0.04947344586253166,0.11427806690335274,0.011430321514998922,0.007102694362401962,0.018901643453856427,0.011342139448970556,0.9317141175270081,0.5229960922151804
1204,0.001286789352109378,0.02813149243593216,0.023731840774416924,9.626276732888073e-05,0.0457300990819931,0.11387428268790245,0.011410109930036666,0.007130749989300966,0.018948753295802312,0.011340960627421737,0.9363642483949661,0.5251192655414343
1205,0.001285820829117767,0.027608003467321396,0.024170376360416412,8.706046355655417e-05,0.04135850444436073,0.11553812585771084,0.011493165656251818,0.007247278583236039,0.019048680769280877,0.011364953126758337,0.946266233921051,0.5309021798893809
1206,0.0012848519823883823,0.02866482175886631,0.024542659521102905,9.504894114797935e-05,0.04515346884727478,0.11481614410877228,0.011457199696111125,0.00719936634413898,0.019012470497929777,0.011408257996663451,0.9426720887422562,0.5287441164255142
1207,0.0012838828129836828,0.028357794508337975,0.023977499455213547,9.657614282332361e-05,0.04587896913290024,0.11402016878128052,0.011417416477902962,0.007060451316647232,0.01899018847951519,0.011350913904607296,0.9404637813568115,0.527241975069046
1208,0.0012829133219664822,0.027062194421887398,0.023671533912420273,8.551606151740998e-05,0.04062483087182045,0.11499694548547268,0.011466217269455807,0.00725724536459893,0.01895962125183852,0.01134480768814683,0.9374386370182037,0.5262177912518382
1209,0.0012819435103999454,0.027539100497961044,0.023779790848493576,8.962400170275941e-05,0.04257632791996002,0.11502045765519142,0.011467388917353234,0.0072827484691515565,0.01902891291384951,0.011428856756538153,0.9443032443523407,0.5296618510037661
1210,0.0012809733793475906,0.027940161526203156,0.023708907887339592,9.444205352338031e-05,0.04486516863107681,0.11431802250444889,0.011432319308004403,0.007126351352781057,0.01906776075257237,0.01139680203050375,0.948162853717804,0.5312404381111264
1211,0.0012800029298732848,0.026843346655368805,0.023408759385347366,8.542524301446974e-05,0.04058168828487396,0.11487366072833538,0.011460069152561246,0.00715313502587378,0.018973893505110667,0.011369164567440748,0.9388505220413208,0.5268620913848281
1212,0.001279032163041245,0.026734109967947006,0.023191338405013084,8.610624354332685e-05,0.04090519994497299,0.11500917933881283,0.011466826744350131,0.007259598234668374,0.019023607265999533,0.011435545748099685,0.9437767714262009,0.5293929753825068
1213,0.001278061079916036,0.027280714362859726,0.023345962166786194,9.055733971763402e-05,0.04301971197128296,0.11470311135053635,0.011451558538269126,0.007213805802166462,0.019064820037403694,0.011410384438931942,0.9478704035282135,0.5312867574393749
1214,0.00127708968156257,0.026935581117868423,0.023361045867204666,8.679779421072453e-05,0.041233718395233154,0.11507536098361015,0.011470125468719745,0.0070795645006000996,0.01898738462368706,0.011390235973522067,0.9401861131191254,0.5276307370513678
1215,0.0012761179690461038,0.026291560381650925,0.022911863401532173,8.38015548652038e-05,0.03981034457683563,0.11509807780385017,0.011471257868029765,0.007183164940215647,0.019071158839314484,0.011446487391367555,0.948500782251358,0.5317994300276041
1216,0.0012751459434322395,0.026475664228200912,0.02310057356953621,8.415032789343968e-05,0.039976030588150024,0.11562853120267391,0.01149766130210551,0.007224098779261112,0.019182948344358103,0.011473001213744283,0.9596530944108963,0.5376408128067851
1217,0.0012741736057869226,0.02679268643260002,0.023276295512914658,8.600740693509579e-05,0.04085824638605118,0.11540157161653042,0.011486371301049882,0.007118045585229993,0.019080294729063092,0.011454113060608506,0.9494097977876663,0.5324056847020984
1218,0.0012732009571764403,0.026108797639608383,0.02270425111055374,8.36260587675497e-05,0.039726972579956055,0.11526271887123585,0.011479459153650702,0.007120767026208341,0.01911899306920814,0.011460314271971583,0.9532648324966431,0.5342637756839395
1219,0.0012722279986674212,0.02583600953221321,0.022731496021151543,8.052554039750248e-05,0.038254059851169586,0.11588984541594982,0.011510645936503814,0.007222930318675935,0.019217602248308704,0.011490354081615806,0.9631233960390091,0.5395066207274795
1220,0.0012712547313268332,0.026306752115488052,0.023030072450637817,8.296612941194326e-05,0.03941347450017929,0.11579831130802631,0.01150609924245341,0.007176882470957935,0.01916527235441904,0.011500918073579669,0.9578853696584702,0.5368418404832482
1221,0.001270281156221984,0.02604207769036293,0.022672340273857117,8.319252810906619e-05,0.039521023631095886,0.11573582701385021,0.011502994585121341,0.007108224439434707,0.019205837157688036,0.011496844701468945,0.9619445204734802,0.5388401737436652
1222,0.0012693072744205172,0.025560084730386734,0.02257518470287323,7.893756992416456e-05,0.03749968111515045,0.116115378215909,0.011521840950970553,0.007211071904748678,0.019250757592578542,0.01152135943993926,0.9664495289325714,0.5412824535742402
1223,0.0012683330869904146,0.02571963705122471,0.02270364947617054,7.953518797876313e-05,0.037783585488796234,0.11642894707620144,0.011537387598892153,0.0072168499464169145,0.019212156321698648,0.011534330900758505,0.9625776261091232,0.5395032865926623
1224,0.001267358594999991,0.025797300040721893,0.022551534697413445,8.163339225575328e-05,0.03878035023808479,0.11598503589630127,0.011515372650831737,0.007167125237174332,0.019226895988401296,0.011511021060869098,0.9640551805496216,0.5400201082229614
1225,0.0012663837995178977,0.025495490059256554,0.02252049371600151,7.871819252613932e-05,0.03739546984434128,0.11636109091341496,0.011534025473482605,0.007138222921639681,0.01928412419618709,0.011541451793164015,0.9698026776313782,0.5430818842723966
1226,0.0012654087016131163,0.025296179577708244,0.02243388071656227,7.734971586614847e-05,0.03674536943435669,0.1164375264197588,0.011537812643561792,0.007200182415544987,0.019265127255122364,0.011550988536328077,0.9678929150104523,0.5421652207151055
1227,0.0012644333023549615,0.025371354073286057,0.022437505424022675,7.811043178662658e-05,0.037106748670339584,0.1166493371129036,0.011548301839719588,0.007200166932307184,0.01929624935465069,0.011548416689038277,0.9710226207971573,0.5438359789550304
1228,0.001263457602813079,0.025375332683324814,0.022490479052066803,7.770626689307392e-05,0.03691474720835686,0.11662079393863678,0.01154688919091756,0.007149325218051672,0.01930153396371939,0.01156475069001317,0.9715545922517776,0.5440876930952072
1229,0.001262481604057442,0.025129035115242004,0.02226223610341549,7.703578739892691e-05,0.036596231162548065,0.11705763265490532,0.011568495262215513,0.007177089108154178,0.01929945999221181,0.011557308724150062,0.9713457524776459,0.5442016925662756
1230,0.001261505307158353,0.025017544627189636,0.022259339690208435,7.588670996483415e-05,0.036050356924533844,0.11673155799508095,0.011552371375246938,0.007250806083902717,0.01932348784657678,0.011567099252715707,0.9737659096717834,0.5452487338334322
1231,0.0012605287131864415,0.025105632841587067,0.022330977022647858,7.621066470164806e-05,0.036204248666763306,0.11725284159183502,0.01157813723004618,0.007187447394244373,0.01937218599165452,0.011602425714954734,0.9786801785230637,0.5479665100574493
1232,0.0012595518232126623,0.025001727044582367,0.022149309515953064,7.664670556550846e-05,0.03641140088438988,0.11700293235480785,0.011565792051399197,0.0071608019061386585,0.019349865092301462,0.011581019964069128,0.9764262288808823,0.5467145806178451
1233,0.001258574638308295,0.024854527786374092,0.022119134664535522,7.535149052273482e-05,0.03579609841108322,0.11743491888046265,0.011587123164407307,0.007188445306383073,0.019377506401863306,0.011600601021200418,0.9792178571224213,0.548326388001442
1234,0.001257597159544943,0.024876322597265244,0.02214452065527439,7.536713383160532e-05,0.03580353409051895,0.11734743788838387,0.011582806564636217,0.00720259896479547,0.019373498438924785,0.011605026200413704,0.9788128435611725,0.5480801407247782
1235,0.0012566193879945315,0.024903234094381332,0.022180987522006035,7.534332689829171e-05,0.03579222038388252,0.1182886641472578,0.011629165929551643,0.007163309841416776,0.01942070226853889,0.01161465304903686,0.983588382601738,0.5509385233744979
1236,0.0012556413247293064,0.024956179782748222,0.02233743853867054,7.458323671016842e-05,0.035431139171123505,0.11743810772895813,0.011587280461001586,0.007237755344249308,0.019386900442228655,0.011616674717515707,0.9801675230264664,0.5488028153777122
1237,0.001254662970821835,0.02520027384161949,0.022642582654953003,7.458303298335522e-05,0.035431042313575745,0.12005791813135147,0.011715812395627263,0.00725960882846266,0.019461061417243228,0.011647306382656097,0.9876807332038879,0.5538693256676197
1238,0.0012536843273450013,0.025772076100111008,0.02330741658806801,7.50033650547266e-05,0.0356307178735733,0.11893893964588642,0.011661087011514165,0.007403569296002388,0.019399145707120948,0.011622289661318064,0.9814060628414154,0.5501725012436509
1239,0.0012527053953720081,0.027089016512036324,0.024610858410596848,7.788919901940972e-05,0.03700165078043938,0.12415919452905655,0.011914242662226491,0.007345643360167742,0.01954726646527194,0.011693372391164303,0.9964502304792404,0.5603047125041485
1240,0.001251726175976375,0.02939678728580475,0.02659357339143753,8.548409095965326e-05,0.04060963913798332,0.1238275095820427,0.01189831794227578,0.007557980716228485,0.019421770365070937,0.011658839881420135,0.9836966097354889,0.5537620596587658
1241,0.0012507466702319358,0.03380805253982544,0.03070613369345665,9.728502482175827e-05,0.0462157316505909,0.1329673957079649,0.012329617043379405,0.007528121815994382,0.019615932629436447,0.011718777706846595,1.003463238477707,0.5682153170928359
1242,0.001249766879212838,0.037865474820137024,0.03448042646050453,0.0001082099333871156,0.05140566825866699,0.1280300822108984,0.01209854120948931,0.007735494989901781,0.01935949015474881,0.01165062002837658,0.9773978590965271,0.5527139706537127
1243,0.0012487868039935434,0.0390101820230484,0.03592021390795708,0.00010813496191985905,0.0513700470328331,0.12729120254516602,0.012063579628068394,0.007413204060867429,0.019315228870810722,0.011580622289329767,0.9729337096214294,0.5501124560832977
1244,0.0012478064456488242,0.03182410076260567,0.029304074123501778,8.82091699168086e-05,0.04190419986844063,0.11690807342529297,0.011561102628641901,0.007202750886790454,0.019301481377356475,0.011568399844691157,0.9715492725372314,0.5442286729812622
1245,0.0012468258052537639,0.02527703531086445,0.022612374275922775,7.564530824311078e-05,0.03593567758798599,0.11792080849409103,0.011611069829735213,0.007252371171489358,0.019209732005418728,0.011530407005921006,0.9623347222805023,0.5401277653872967
1246,0.0012458448838837542,0.02678769640624523,0.0238521508872509,8.110614726319909e-05,0.03852987661957741,0.12522602453827858,0.0119653194197713,0.007384128402918577,0.019284983295946703,0.01157069904729724,0.9698891043663025,0.5475575644522905
1247,0.0012448636826144967,0.030526092275977135,0.02771356701850891,8.793969755060971e-05,0.04177618771791458,0.11979406699538231,0.01170293120918214,0.007447865325957537,0.019320017770643256,0.011600032215937972,0.973416194319725,0.5466051306575537
1248,0.001243882202521998,0.028783947229385376,0.026416916400194168,8.052136399783194e-05,0.03825207054615021,0.11817468143999577,0.011623561283111053,0.007185657741501927,0.019162217505005293,0.011506346752867103,0.9575800597667694,0.5378773706033826
1249,0.0012429004446825717,0.02486231178045273,0.02225843444466591,7.426049705827609e-05,0.03527781739830971,0.11927950195968151,0.011677770158975975,0.007226842222735286,0.01924668335246183,0.011558257509022951,0.9660404920578003,0.5426599970087409
1250,0.0012419184101728356,0.025981565937399864,0.023227456957101822,7.788150833221152e-05,0.036997996270656586,0.11936112120747566,0.011681764384215908,0.007439961540512741,0.019351651298107845,0.011611906113103032,0.9766064882278442,0.54798380471766
1251,0.0012409361000697112,0.028124958276748657,0.025820069015026093,7.861093763494864e-05,0.037344515323638916,0.12050851806998253,0.011737777770619448,0.007247845991514623,0.019230608367628604,0.011541777290403843,0.9644275158643723,0.5424680169671774
1252,0.0012399535154504215,0.0258091539144516,0.023499973118305206,7.377224392257631e-05,0.03504587337374687,0.11715738475322723,0.01157342294723518,0.007200320600531995,0.0192504671304716,0.011561865452677011,0.9664203822612762,0.5417888835072517
1253,0.0012389706573924914,0.024341696873307228,0.021792201325297356,7.270670175785199e-05,0.03453967720270157,0.11768483929336071,0.0115994464246623,0.0073633757419884205,0.019331265481737574,0.011606189189478755,0.9745499491691589,0.5461173942312598
1254,0.001237987526973745,0.026201877743005753,0.023785986006259918,7.54974753363058e-05,0.03586544841527939,0.1207253485918045,0.01174833275432485,0.007244587177410722,0.01927184945330764,0.011566917644813657,0.9685684740543365,0.5446469113230705
1255,0.0012370041252723059,0.025966495275497437,0.023698316887021065,7.375821587629616e-05,0.03503920137882233,0.11656992137432098,0.011544370473098125,0.007216328987851739,0.019295970323867834,0.011587464483454823,0.9709944725036621,0.5437821969389915
1256,0.001236020453366594,0.02406495064496994,0.021740391850471497,7.023016223683953e-05,0.033363185822963715,0.11676773428916931,0.011554161353065945,0.007302893558517098,0.019357517676621083,0.011614568997174501,0.9771986752748489,0.5469832047820091
1257,0.0012350365123353262,0.024766799062490463,0.02241412177681923,7.194433419499546e-05,0.0341775119304657,0.12024434097111225,0.011724904581273489,0.00722087302710861,0.01930510083181176,0.011584256775677204,0.9719136953353882,0.5460790181532502
1258,0.001234052303257515,0.02549557574093342,0.023181580007076263,7.315271068364382e-05,0.03475155681371689,0.11693481355905533,0.011562424656009943,0.007251577102579176,0.019302236043907607,0.011590869631618261,0.9716252684593201,0.5442800410091877
1259,0.0012330678272124659,0.02408463880419731,0.021892141550779343,6.91596360411495e-05,0.032854627817869186,0.11685816198587418,0.01155863437670829,0.007254635915160179,0.019363199094652787,0.011616855394095182,0.9777723550796509,0.5473152585327625
1260,0.0012320830852797775,0.02386128157377243,0.021629011258482933,6.902434688527137e-05,0.03279035910964012,0.11956560797989368,0.011691766458599684,0.00720372493378818,0.01937549013174724,0.011625271057710052,0.9790140390396118,0.5492898235097528
1261,0.0012310980785393405,0.024750767275691032,0.022403236478567123,7.186724542407319e-05,0.03414088860154152,0.11730637028813362,0.011580779600670048,0.007271168287843466,0.019377412905941846,0.011630842462182045,0.979208379983902,0.5482573751360178
1262,0.0012301128080713353,0.02409912645816803,0.021915221586823463,6.911778473295271e-05,0.032834745943546295,0.11736134998500347,0.011583493603877065,0.0072151030180975795,0.01941178730926003,0.011646526167169213,0.9826856106519699,0.5500234803184867
1263,0.0012291272749562316,0.023356454446911812,0.021201293915510178,6.731238681823015e-05,0.0319770872592926,0.1192382350564003,0.011675749710435807,0.007215129560790956,0.01942785113967484,0.011661408003419638,0.9843126535415649,0.5517754442989826
1264,0.0012281414802747875,0.02396165393292904,0.021687615662813187,6.958733138162643e-05,0.0330578088760376,0.11770912818610668,0.011600643189619562,0.007261796155944467,0.019428290811438948,0.011665689991787076,0.9843572527170181,0.5510331904515624
1265,0.0012271554251080477,0.023968417197465897,0.021730005741119385,6.93015826982446e-05,0.032922059297561646,0.11779437027871609,0.011604842807601967,0.007183080189861357,0.01944938561220594,0.011673991102725267,0.9864959865808487,0.5521451784297824
1266,0.0012261691105373428,0.023183602839708328,0.02101980522274971,6.702128303004429e-05,0.0318387895822525,0.11869433522224426,0.01164909020040544,0.0072206552140414715,0.019467710353348693,0.011684628203511238,0.9883557558059692,0.5535250455141068
1267,0.0012251825376442876,0.023314332589507103,0.02115270309150219,6.727820436935872e-05,0.03196084499359131,0.11793280206620693,0.011611659952700717,0.007255577598698437,0.01946739509696623,0.01168242422863841,0.9883237481117249,0.5531282750889659
1268,0.0012241957075107798,0.023606857284903526,0.021441396325826645,6.792624481022358e-05,0.0322686992585659,0.11838131584227085,0.011633719250866939,0.0071714038494974375,0.019471031914729882,0.01168312574736774,0.9886930584907532,0.553537187166512
1269,0.0012232086212190002,0.02314065769314766,0.020939256995916367,6.724749982822686e-05,0.03194625675678253,0.11853773146867752,0.011641402653126135,0.007242133375257254,0.01948907254350287,0.011695302091538906,0.990526020526886,0.5545318759977818
1270,0.0012222212798514095,0.022924399003386497,0.020850878208875656,6.571551784873009e-05,0.031218482181429863,0.11806711740791798,0.011618270507290652,0.007243752363137901,0.019509849707919868,0.011705822311341763,0.9926391839981079,0.5553531507030129
1271,0.0012212336844907485,0.02311139926314354,0.02105691283941269,6.594889418920502e-05,0.03132934868335724,0.11868417635560036,0.011648591294868808,0.007170265424065292,0.019524403951775172,0.011714950669556856,0.9941206872463226,0.5564024318009615
1272,0.0012202458362200375,0.023013843223452568,0.0208507739007473,6.665781256742775e-05,0.03166612237691879,0.11849819496273994,0.011639460907084799,0.00725699495524168,0.019545588036142075,0.011726912576705217,0.9962791055440903,0.5573886502534151
1273,0.0012192577361225725,0.022764360532164574,0.020742954686284065,6.493982800748199e-05,0.030849982053041458,0.11846073530614376,0.011637621215653008,0.007239009835757315,0.019571377837999664,0.011737406719475985,0.99890998005867,0.5586853576824069
1274,0.0012182693852819263,0.02267840877175331,0.02073301002383232,6.41188962617889e-05,0.030460000038146973,0.11911915428936481,0.011669918046834949,0.007186827599070966,0.019579727019279895,0.011744592804461718,0.9997623860836029,0.5594407701864839
1275,0.0012172807847819472,0.02270962856709957,0.02068135142326355,6.488245708169416e-05,0.03082273155450821,0.11885138787329197,0.01165679405605368,0.0072698998264968395,0.019602864074321668,0.011757574742659926,1.00212661921978,0.560489003546536
1276,0.0012162919357067564,0.022659504786133766,0.020680135115981102,6.436514377128333e-05,0.030576977878808975,0.11906828917562962,0.011667426199835705,0.007234488148242235,0.01962790341330186,0.011767783667892218,1.0046883821487427,0.5618783356621861
1277,0.0012153028391407488,0.022447897121310234,0.02054855413734913,6.324587593553588e-05,0.030045267194509506,0.11926271580159664,0.011676948157446994,0.007201306987553835,0.019617331136496576,0.011767832096666098,1.0036063194274902,0.5614345176145434
1278,0.0012143134961685894,0.02234422229230404,0.02043420635163784,6.311750621534884e-05,0.029984286054968834,0.11913229152560234,0.011670561616063663,0.0072603997541591525,0.01963815062916895,0.011779071995988488,1.0057376623153687,0.5624349769204855
1279,0.0012133239078752146,0.022420402616262436,0.02052144892513752,6.318472878774628e-05,0.0300162211060524,0.11963694542646408,0.0116952541676216,0.007233350188471377,0.019672070726749112,0.01179359876550734,1.0092149823904037,0.5644259639084339
1280,0.001212334075345829,0.02233823388814926,0.020469527691602707,6.275706982705742e-05,0.02981305494904518,0.11946055851876736,0.011686629522836585,0.007219474529847503,0.019661823241457255,0.01179223251529038,1.0081638544797897,0.5638122064992785
1281,0.0012113439996659053,0.02212202548980713,0.020294630900025368,6.195410969667137e-05,0.029431603848934174,0.11953231878578663,0.011690138992506224,0.007243224885314703,0.019684294207406926,0.011801914311945438,1.0104695707559586,0.5650009447708726
1282,0.001210353681921183,0.022085662931203842,0.020278889685869217,6.170393317006528e-05,0.029312757775187492,0.11996502801775932,0.01171127903237806,0.007235417724587023,0.019711449389724807,0.011814692057669163,1.013259470462799,0.5666122492402792
1283,0.0012093631231976669,0.022130705416202545,0.020307738333940506,6.193509034346789e-05,0.029422571882605553,0.11976764909923077,0.011701640756184274,0.007236736826598644,0.019699315151891262,0.011811998439952731,1.0120123326778412,0.565889990888536
1284,0.001208372324581626,0.02201739512383938,0.020229892805218697,6.139795004855841e-05,0.029167400673031807,0.12003794126212597,0.01171483763688522,0.0072347879176959395,0.01972585415099496,0.011822855565696955,1.014740914106369,0.5673894276842475
1285,0.0012073812871595928,0.021865442395210266,0.02011784166097641,6.074213160900399e-05,0.02885585092008114,0.12014094926416874,0.011719862877634143,0.007237353245727718,0.019754885194234163,0.011837101774290204,1.0177299976348877,0.5689354734495282
1286,0.0012063900120183608,0.021839896216988564,0.020094893872737885,6.066646528779529e-05,0.02881990559399128,0.1202129814773798,0.011723375742370581,0.007247936213389039,0.019755376516085103,0.011840407736599445,1.0177805572748184,0.5689967693760991
1287,0.0012053985002449853,0.02183140255510807,0.02009209245443344,6.060065788915381e-05,0.028788642957806587,0.12051102891564369,0.011737899730435987,0.00723654218018055,0.019782621149410637,0.011852520518004894,1.0205897688865662,0.5705503989011049
1288,0.00120440675292678,0.021738305687904358,0.02000662311911583,6.034046964487061e-05,0.02866503596305847,0.12041229195892811,0.011733090268013963,0.0072446276899427176,0.019798650535959916,0.0118609219789505,1.022244319319725,0.5713283056393266
1289,0.001203414771151318,0.02163650095462799,0.019962720572948456,5.9638630773406476e-05,0.028331628069281578,0.12071387656033039,0.011747774580436183,0.007251940900459886,0.019799538757864357,0.01186460885219276,1.0223361104726791,0.5715249935165048
1290,0.0012024225560064285,0.02158057503402233,0.019914913922548294,5.945252632955089e-05,0.02824321575462818,0.12078830227255821,0.011751395503473688,0.0072442644741386175,0.019826199756730854,0.011876773787662387,1.0250911861658096,0.5729397442191839
1291,0.0012014301085801972,0.02153877168893814,0.019866712391376495,5.941840208834037e-05,0.028227005153894424,0.12072452530264854,0.011748292498565578,0.007253025192767382,0.019842027460122057,0.011884726351127028,1.0267285704612732,0.5737265478819609
1292,0.0012004374299609646,0.021486327052116394,0.019848572090268135,5.90191557421349e-05,0.028037339448928833,0.12113148532807827,0.011768077216753381,0.00725517503451556,0.019844904334743455,0.011889735702425241,1.0270263105630875,0.5740788979455829
1293,0.001199444521237324,0.021412959322333336,0.019777700304985046,5.884369238629006e-05,0.027953987941145897,0.12098554149270058,0.011760986045287204,0.007254713797010481,0.01986497768223221,0.011897038668394089,1.0291050523519516,0.5750452969223261
1294,0.0011984513834981218,0.02132616750895977,0.01973659172654152,5.8276338677387685e-05,0.027684463188052177,0.12116425856947899,0.0117696696417155,0.007261831779032946,0.0198817009690677,0.011906560743227601,1.030838429927826,0.5760013442486525
1295,0.0011974580178324558,0.021266959607601166,0.019689476117491722,5.8049889048561454e-05,0.027576887980103493,0.1214974857866764,0.011785843043829191,0.0072633514646440744,0.01989114586541183,0.011913577560335398,1.0318181067705154,0.5766577962785959
1296,0.001196464425329673,0.02123517543077469,0.01965131051838398,5.803670865134336e-05,0.027570627629756927,0.12127555534243584,0.011775074057510429,0.007267476292327046,0.019910544791873278,0.01192183280363679,1.0338316559791565,0.5775536056607962
1297,0.0011954706070793687,0.02117817848920822,0.019633254036307335,5.758884071838111e-05,0.027357865124940872,0.12169617787003517,0.011795475743373513,0.007270346162840724,0.019924621569469256,0.01193038490600884,1.0352940559387207,0.5784951169043779
1298,0.0011944765641713872,0.021092062816023827,0.01955522410571575,5.733950820285827e-05,0.027239417657256126,0.12166609056293964,0.01179401774463947,0.007272566901519895,0.01992951375530138,0.011933512054383755,1.035802498459816,0.5787342945113778
1299,0.0011934822976958181,0.021021902561187744,0.01950966566801071,5.6984681577887386e-05,0.027070853859186172,0.1216520257294178,0.01179333602906927,0.007274680538102984,0.0199478480825278,0.011942494660615921,1.037709191441536,0.5796806085854769
1300,0.001192487808742997,0.02097690850496292,0.019481416791677475,5.674894418916665e-05,0.02695886790752411,0.12203355878591537,0.011811815240150434,0.007278487901203334,0.01996142379770017,0.011950459331274033,1.0391220897436142,0.5805778242647648
1301,0.0011914930984035022,0.020929262042045593,0.01943291537463665,5.665587377734482e-05,0.026914652436971664,0.12184776738286018,0.01180282021217224,0.007281465223059058,0.0199701992335091,0.011955551570281386,1.0400359332561493,0.5809418503195047
1302,0.0011904981677681563,0.020866747945547104,0.019402669742703438,5.6252556532854214e-05,0.02672305703163147,0.12213205546140671,0.011816580961744644,0.007281361613422632,0.01998822687507923,0.011965395184233785,1.0419144928455353,0.582023274153471
1303,0.001189503017928022,0.02079859748482704,0.01934194192290306,5.6046606914605945e-05,0.026625217869877815,0.12215282209217548,0.011817585501072588,0.007287766318768263,0.019994198512537305,0.01196935516782105,1.0425371527671814,0.5823449874296784
1304,0.0011885076499744038,0.020734841004014015,0.019296087324619293,5.57616695004981e-05,0.026489857584238052,0.12217506021261215,0.011818661060842086,0.007286357926204801,0.020008030974070137,0.011976528679952025,1.0439801067113876,0.5830775834619999
1305,0.001187512064998844,0.020678341388702393,0.01925855502486229,5.5483025789726526e-05,0.026357484981417656,0.12238278985023499,0.011828704385583755,0.00729028694331646,0.02002509805866403,0.011986889177933335,1.0457619726657867,0.5840723812580109
1306,0.0011865162640931242,0.02062656730413437,0.01920311711728573,5.540490383282304e-05,0.02632037177681923,0.1223789844661951,0.011828520773741436,0.007294823066331446,0.020033326607603274,0.01199061842635274,1.0466215908527374,0.5845002876594663
1307,0.0011855202483492624,0.02057311125099659,0.019182924181222916,5.501228952198289e-05,0.026133859530091286,0.12247970141470432,0.01183338706212452,0.007292866474017501,0.020046959128004926,0.011999065522104502,1.0480465292930603,0.5852631153538823
1308,0.001184524018859511,0.020513830706477165,0.019120410084724426,5.4914729844313115e-05,0.02608751505613327,0.12262860871851444,0.01184057774369039,0.0073000575648620725,0.020059000227794718,0.012005859753116965,1.049305945634842,0.5859672771766782
1309,0.0011835275767163589,0.020450567826628685,0.019086292013525963,5.453615449368954e-05,0.025907669216394424,0.12260989658534527,0.011839674864747213,0.00729914871044457,0.020071314141130645,0.01201215060427785,1.0505945682525635,0.5866022324189544
1310,0.001182530923012526,0.020390279591083527,0.01903858780860901,5.430328019428998e-05,0.0257970429956913,0.1228766180574894,0.011852545407993954,0.007299918099306524,0.020087704288483554,0.012021019589155912,1.05231112241745,0.5875938702374697
1311,0.0011815340588409659,0.02033933252096176,0.019009923562407494,5.400841837399639e-05,0.025656968355178833,0.12276588566601276,0.011847203662639152,0.007310368935577571,0.02009752374276121,0.012028418947011232,1.0533401370048523,0.5880530113354325
1312,0.0011805369852948627,0.020296171307563782,0.018971143290400505,5.3880685300100595e-05,0.025596285238862038,0.12318821996450424,0.011867564117596508,0.007304915110580623,0.02011518389569992,0.012035294901579618,1.0551921427249908,0.5891901813447475
1313,0.001179539703467629,0.02025695890188217,0.018963156268000603,5.3535222832579166e-05,0.025432175025343895,0.12286189198493958,0.01185183528912793,0.007314872578717768,0.020121137381131245,0.012043125927448273,1.0558168292045593,0.5893393605947495
1314,0.001178542214452907,0.020231230184435844,0.018923640251159668,5.3597144869854674e-05,0.0254615880548954,0.12366467528045177,0.011890492455821335,0.00731368048582226,0.020142189472461443,0.012050760444253683,1.0580273568630219,0.5908460160717368
1315,0.001177544519344566,0.020246056839823723,0.018972981721162796,5.3337742428993806e-05,0.02533836103975773,0.12294973246753216,0.011856070970166731,0.007324912818148732,0.02014808099015243,0.01205915748141706,1.058646410703659,0.5907980715855956
1316,0.0011765466192367004,0.020356936380267143,0.018992425873875618,5.434103513834998e-05,0.025814978405833244,0.12460693530738354,0.0119357058682922,0.0073282173834741116,0.020178501689156237,0.012070959899574518,1.0618455410003662,0.5932262381538749
1317,0.0011755485152236305,0.02068723924458027,0.019292552024126053,5.529042027774267e-05,0.026265986263751984,0.12339457124471664,0.011877499779452917,0.007360787247307599,0.02018321193258848,0.012089041527360678,1.0623413920402527,0.5928679816424847
1318,0.0011745502083998999,0.02155601978302002,0.019741397351026535,6.065508569008671e-05,0.02881450019776821,0.12777496501803398,0.012086481061369869,0.007387036341242492,0.02025837085653786,0.012119199382141232,1.0702680945396423,0.5990215297788382
1319,0.0011735516998602738,0.023659368976950645,0.021413588896393776,6.871305959066376e-05,0.032642483711242676,0.12688489817082882,0.012044311140235695,0.007516083191148937,0.02028123434915971,0.012181288562715054,1.0726852715015411,0.599785084836185
1320,0.0011725529906997398,0.028605761006474495,0.02462555095553398,9.37293516471982e-05,0.0445265956223011,0.14036624133586884,0.012668008138178609,0.0077092444989830256,0.020494458308159814,0.012282982934266329,1.0953588485717773,0.6178625449538231
1321,0.0011715540820135045,0.038181643933057785,0.03215017914772034,0.00013115850742906332,0.06230749562382698,0.14080866798758507,0.012687956932631774,0.00801791762933135,0.020484284438896275,0.012414773693308234,1.0942716002464294,0.6175401341170073
1322,0.0011705549748969937,0.05182994157075882,0.041871316730976105,0.00019295542733743787,0.09166443347930908,0.1535227783024311,0.01324839966797182,0.008107060566544533,0.020563401865326437,0.012396613601595163,1.102740854024887,0.6281318161636591
1323,0.0011695556704458517,0.05466143414378166,0.04464524984359741,0.00019940042693633586,0.09472616016864777,0.12771697156131268,0.012083738227843687,0.007673861924558878,0.01985448033982514,0.01206493517383933,1.0280176550149918,0.5778673132881522
1324,0.0011685561697559375,0.03444512560963631,0.028587976470589638,0.00012182531645521522,0.05787372216582298,0.12120265513658524,0.011771534435466968,0.007326330407522619,0.019633882547738003,0.011776488041505218,1.0053005516529083,0.5632516033947468
1325,0.0011675564739233263,0.021376173943281174,0.019553842023015022,6.034145553712733e-05,0.028665507212281227,0.13390523940324783,0.01237302174152578,0.0075627584010362625,0.019929707614255988,0.011933298781514168,1.0358226299285889,0.5848639346659184
1326,0.0011665565840443073,0.03175053745508194,0.028737202286720276,9.220798528986052e-05,0.0438038632273674,0.12842080369591713,0.012116988656072575,0.007737321546301246,0.019842743234411,0.012042665155604482,1.0268026143312454,0.5776117090135813
1327,0.0011655565012153827,0.03422999382019043,0.029237017035484314,0.00011409606668166816,0.05420190095901489,0.12340517714619637,0.011878010356631575,0.007411219528876245,0.019625108547801723,0.011774666840210557,1.0044021904468536,0.563903683796525
1328,0.001164556226533265,0.024306755512952805,0.020937278866767883,7.953745080158114e-05,0.03778465837240219,0.12827459909021854,0.012110089026970992,0.007382335606962442,0.019599958540769444,0.011724424548447132,1.0018295496702194,0.565052074380219
1329,0.0011635557610948789,0.0250952560454607,0.024085765704512596,6.132598355179653e-05,0.029133211821317673,0.12684233859181404,0.012042291165481741,0.007709760800935328,0.019752787362906254,0.011948078637942672,1.0175137668848038,0.5721780527383089
1330,0.0011625551059973574,0.030092384666204453,0.02694774605333805,8.982315193861723e-05,0.04267093166708946,0.12263670563697815,0.011840969015937753,0.007381264818832278,0.019792641404900894,0.011817736085504293,1.0216239094734192,0.5721303075551987
1331,0.0011615542623380408,0.023991672322154045,0.020866133272647858,7.682022987864912e-05,0.036493830382823944,0.12612819857895374,0.012008343441396138,0.007417436339892447,0.019731874218496207,0.011778016341850162,1.0153603851795197,0.5707442918792367
1332,0.0011605532312144776,0.023760559037327766,0.022719666361808777,5.8780824474524707e-05,0.02792412042617798,0.12448958493769169,0.011930084222416794,0.00758702983148396,0.01970557059172827,0.011887660250067711,1.0126551538705826,0.5685723694041371
1333,0.0011595520137244208,0.027663109824061394,0.02501365914940834,8.05399613454938e-05,0.03826091066002846,0.12004615180194378,0.011715238077219173,0.007237443700432777,0.019604120066900835,0.011713633546605706,1.0022550225257874,0.5611505871638656
1334,0.0011585506109658284,0.021764416247606277,0.019553713500499725,6.442881567636505e-05,0.030607227236032486,0.12628903426229954,0.012015997413670081,0.007481386419385672,0.019664160740464016,0.011751593789085746,1.0084035694599152,0.5673463018611073
1335,0.0011575490240368607,0.023883488029241562,0.022669050842523575,6.05008754064329e-05,0.02874123677611351,0.12170157209038734,0.011795737590355567,0.007422073860652745,0.019737849135930345,0.011857344070449471,1.0159753859043121,0.5688384789973497
1336,0.0011565472540358815,0.02416440099477768,0.022004030644893646,6.905703048687428e-05,0.03280588239431381,0.1188259944319725,0.011655549215215225,0.007205329486168921,0.019694838111570374,0.011772991390898824,1.0115523934364319,0.5651891939342022
1337,0.0011555453020614538,0.02096020057797432,0.019228477030992508,5.8702884416561574e-05,0.027887094765901566,0.12475581280887127,0.011942833878558866,0.007457284955307841,0.019642393891044812,0.011748082237318158,1.0061723440885544,0.5654640784487128
1338,0.0011545431692123406,0.023117398843169212,0.02178822085261345,5.985435200273059e-05,0.028434105217456818,0.1204866524785757,0.011736712621688702,0.007284352206625044,0.01964790942804184,0.011796400882303715,1.0067375004291534,0.5636120764538646
1339,0.0011535408565875043,0.02179741859436035,0.019599132239818573,6.439373828470707e-05,0.030590560287237167,0.12031664699316025,0.011728429739156816,0.0073059521382674575,0.01968213635860214,0.011800969950854778,1.0102480351924896,0.5652823410928249
1340,0.0011525383652861026,0.021572140976786613,0.01983455941081047,6.004034366924316e-05,0.028522461652755737,0.12255335226655006,0.011836943993514055,0.0072866902919486165,0.019618093309614785,0.011740294517949224,1.0036843121051788,0.5631188321858644
1341,0.0011515356964074907,0.02160061150789261,0.02001069486141205,5.885692371521145e-05,0.02796027436852455,0.12108353525400162,0.011765748083007028,0.00728776806499809,0.019680636537432593,0.011814331403002143,1.0100940763950348,0.5655888058245182
1342,0.0011505328510512181,0.021244484931230545,0.01925959438085556,6.143298378447071e-05,0.029184045270085335,0.12031438946723938,0.011728319467997373,0.007264589890837669,0.019758607002839802,0.011858206475153565,1.018113449215889,0.5692139193415642
1343,0.0011495298303170272,0.020756449550390244,0.019298993051052094,5.5964621424209327e-05,0.026586273685097694,0.12119253166019917,0.011771042728527515,0.0072327412199229,0.019671253314051056,0.01179152843542397,1.009131133556366,0.5651618326082826
1344,0.0011485266353048534,0.02111927978694439,0.019201096147298813,6.0607755585806444e-05,0.028792014345526695,0.12187238596379757,0.011804012538238514,0.007302365265786648,0.019638360146458013,0.011799401603639126,1.005759134888649,0.5638157604262233
1345,0.0011475232671148234,0.020252494141459465,0.01892431452870369,5.381527080317028e-05,0.025565210729837418,0.12077838368713856,0.011750912860758566,0.007270065834745765,0.019771272140662686,0.011874380055814981,1.019419088959694,0.5700987363234162
1346,0.0011465197268472529,0.02042584866285324,0.018684405833482742,5.765989772044122e-05,0.027391621842980385,0.1210492942482233,0.011764084465049512,0.00724718626588583,0.01974953731944338,0.011842078994959593,1.0171790271997452,0.5691141607239842
1347,0.0011455160156026468,0.02038293518126011,0.018853135406970978,5.5787510063964874e-05,0.026502132415771484,0.12153793685138226,0.011787805118694926,0.0072836215840652585,0.01967669327764745,0.011820536805316806,1.0096893608570099,0.5656136488541961
1348,0.0011445121344816987,0.019787048920989037,0.01848452538251877,5.261947444523685e-05,0.02499714121222496,0.1213525552302599,0.011778811522009727,0.007288949214853346,0.019798348266832525,0.01188896456733346,1.0222131311893463,0.5717828432098031
1349,0.0011435080845852857,0.020226139575242996,0.018587902188301086,5.6370492529822513e-05,0.02677908167243004,0.12149978429079056,0.011785954320142974,0.007260711514391005,0.019819925671677948,0.011885378509759903,1.0244424790143967,0.5729711316525936
1350,0.0011425038670144726,0.019515780732035637,0.01839497685432434,5.051835614722222e-05,0.023998994380235672,0.12235675752162933,0.011827446418178624,0.007308045984245837,0.019744320475527283,0.011865218402817845,1.0166416466236115,0.5694992020726204
1351,0.0011414994828705073,0.019931867718696594,0.018396425992250443,5.488551687449217e-05,0.0260736346244812,0.12199067324399948,0.011809739326128636,0.007304267375729978,0.019843268314704877,0.011912995483726263,1.0268569439649582,0.5744238086044788
1352,0.001140494933254819,0.019397296011447906,0.018283991143107414,5.020579556003213e-05,0.023850511759519577,0.12231914885342121,0.01182562843426879,0.007293425383977592,0.019958748363802077,0.011965631740167737,1.0388435572385788,0.580581353046
1353,0.0011394902192690209,0.019445545971393585,0.018143918365240097,5.189306830288842e-05,0.024652056396007538,0.12276637926697731,0.011847227767993797,0.007323155412450433,0.019855897589800584,0.011925623985007405,1.0281644463539124,0.5754654128104448
1354,0.0011384853420149039,0.019492294639348984,0.018210599198937416,5.182363747735508e-05,0.024619076400995255,0.12199117988348007,0.011809764124049946,0.0072903166292235255,0.019887442458126077,0.011943747755140066,1.0314339697360992,0.5767125748097897
1355,0.00113748030259444,0.019021593034267426,0.01800374872982502,4.861114211962558e-05,0.02309296280145645,0.12279710918664932,0.011848710076295467,0.00732245109975338,0.020029694714761303,0.012012569000944495,1.0462421476840973,0.5845196284353733
1356,0.001136475102109778,0.01935999095439911,0.01804259419441223,5.1845745474565774e-05,0.024629579856991768,0.12350613065063953,0.011882867399493454,0.007343927281908691,0.019970673781713834,0.011982969008386135,1.0400853157043457,0.5817957231774926
1357,0.0011354697416632426,0.01892264559864998,0.017978474497795105,4.778252696269192e-05,0.022699326276779175,0.12279316410422325,0.011848519866057691,0.0073117382125929,0.019993694136008044,0.011997852474451065,1.0424845218658447,0.582638842985034
1358,0.0011344642223573358,0.018972907215356827,0.017853811383247375,4.9361231504008174e-05,0.02344929613173008,0.12318268045783043,0.011867297264506398,0.007334073190577328,0.020097446991715694,0.012043005554005504,1.0533320903778076,0.588257385417819
1359,0.001133458545294733,0.01896640844643116,0.01788751594722271,4.90090242237784e-05,0.02328198030591011,0.12390805222094059,0.011902187110486276,0.007352136308327317,0.02004267264396064,0.012022502953186631,1.0475983321666718,0.5857531921938062
1360,0.0011324527115782815,0.018727976828813553,0.017824245616793633,4.703223748947494e-05,0.022342897951602936,0.12342394515872002,0.011878913537493704,0.007323467405512929,0.02003819933440726,0.012024444760754704,1.0471307933330536,0.5852773692458868
1361,0.0011314467223110013,0.018736083060503006,0.017675738781690598,4.836801235796884e-05,0.022977463901042938,0.12359833531081676,0.011887302579719043,0.007337793591432273,0.020132828015381427,0.01205974887125194,1.0570441484451294,0.5903212418779731
1362,0.0011304405785960842,0.018686331808567047,0.017781207337975502,4.695630559581332e-05,0.02230682596564293,0.1243747379630804,0.011924580129330817,0.0073670054553076625,0.02011653883331501,0.012055625906214118,1.0553342998027802,0.5898545188829303
1363,0.0011294342815368888,0.018574373796582222,0.01765676960349083,4.682571307057515e-05,0.022244788706302643,0.12423974648118019,0.01191810742365816,0.007347199018113315,0.020093426202771172,0.01204635202884674,1.0529106557369232,0.5885752011090517
1364,0.001128427832236944,0.01847047731280327,0.017549801617860794,4.663288564188406e-05,0.022153183817863464,0.12388254329562187,0.01190096167118231,0.007349670282565057,0.020162904015266474,0.012072160141542554,1.060204654932022,0.592043599113822
1365,0.0011274212317999445,0.01852688565850258,0.01767529360949993,4.616991645889357e-05,0.02193324640393257,0.12449022196233273,0.01193011502147725,0.007372728083282709,0.020154859774213184,0.01207543141208589,1.059358835220337,0.5919245285913348
1366,0.0011264144813297509,0.018324587494134903,0.017479393631219864,4.569020529743284e-05,0.02170535922050476,0.12497356347739697,0.011953252229186797,0.007366687175817788,0.020139286059884205,0.012071787845343351,1.0577223896980286,0.5913479765877128
1367,0.0011254075819303894,0.018324263393878937,0.017471004277467728,4.575742786983028e-05,0.021737292408943176,0.12437468394637108,0.011924577078507028,0.007363218581303954,0.020208212135002606,0.012096658581867814,1.0649747252464294,0.5946747045964003
1368,0.0011244005347060477,0.01830912195146084,0.01750299520790577,4.5328702981350943e-05,0.021533623337745667,0.12476016208529472,0.011943042081809924,0.007381548988632858,0.020218313320809058,0.012105278205126524,1.0660397112369537,0.5953999366611242
1369,0.0011233933407610768,0.01812761090695858,0.017348192632198334,4.4721738959196955e-05,0.021245284005999565,0.12545036152005196,0.011976032464844681,0.007381178089417517,0.020202811210143848,0.012103416258469224,1.0644055902957916,0.5949279759079218
1370,0.001122386001199989,0.018176862969994545,0.017365267500281334,4.509635618887842e-05,0.021423248574137688,0.12485820055007935,0.011947733840896693,0.00737739959731698,0.020247737166069212,0.012120885774493217,1.0691448152065277,0.5970015078783035
1371,0.0011213785171274547,0.018081994727253914,0.017319712787866592,4.4481428631115705e-05,0.02113112062215805,0.1250642854720354,0.011957590111235965,0.007387422025203705,0.020259006197221558,0.012131089111790061,1.0703352391719818,0.5976997623220086
1372,0.0011203708896483041,0.018005192279815674,0.01724477857351303,4.430402987054549e-05,0.021046848967671394,0.1256800163537264,0.011986989507105526,0.007384619442746043,0.02025237310619312,0.012132344068959355,1.06963449716568,0.5976572567597032
1373,0.0011193631198675247,0.0179811529815197,0.017201658338308334,4.4414093281375244e-05,0.021099133417010307,0.1253724154084921,0.011972311595765993,0.007392731960862875,0.020292430277994353,0.012147970963269472,1.073869913816452,0.5996211646124721
1374,0.001118355208890259,0.017906418070197105,0.017167022451758385,4.39191389887128e-05,0.020864002406597137,0.12546388059854507,0.011976677962145592,0.00739505747333169,0.02030960461981203,0.01215986325405538,1.0756884217262268,0.6005761511623859
1375,0.0011173471578218054,0.017862487584352493,0.01712285913527012,4.382860424811952e-05,0.020820997655391693,0.12604913674294949,0.012004579099123043,0.007394870626740158,0.020309425134738813,0.012165408115833998,1.0756693482398987,0.6008592424914241
1376,0.001116338967767615,0.017802026122808456,0.017058266326785088,4.373611955088563e-05,0.020777061581611633,0.12599537521600723,0.0120020188174805,0.007408387609757483,0.020339615612062885,0.012177880853414536,1.0788697302341461,0.6024325527250767
1377,0.0011153306398332923,0.01776239648461342,0.0170438289642334,4.344058470451273e-05,0.02063666470348835,0.12583856470882893,0.011994547765528408,0.007401310955174267,0.020353909154019165,0.01218577055260539,1.0803866684436798,0.6031126165762544
1378,0.0011143221751245924,0.01769324019551277,0.01699540764093399,4.31204134656582e-05,0.020484566688537598,0.12630610913038254,0.012016809694740319,0.00740135891828686,0.02036070660487587,0.012193753384053707,1.0811083614826202,0.6037072353065014
1379,0.0011133135747474203,0.017651140689849854,0.016940977424383163,4.313562385505065e-05,0.020491791889071465,0.12638728693127632,0.012020670987632523,0.007415410713292658,0.02038742960724615,0.01220440398901701,1.0839480757713318,0.605167681351304
1380,0.00111230483980783,0.01761072687804699,0.016917932778596878,4.290430297260173e-05,0.020381901413202286,0.12626629695296288,0.012014915901691871,0.007409794721752405,0.020398221436447084,0.01220943359658122,1.0850958824157715,0.6056810896843672
1381,0.0011112959714120233,0.01753872260451317,0.01687372475862503,4.251868449500762e-05,0.02019871026277542,0.12666757591068745,0.01203399248296987,0.007409103447571397,0.020404070050559997,0.012217086274176836,1.0857182741165161,0.6061929250136018
1382,0.0011102869706663481,0.017508426681160927,0.016832074150443077,4.255052044754848e-05,0.020213834941387177,0.12665977329015732,0.01203362199814001,0.007418107707053423,0.020427054351254602,0.012227099388837814,1.0881657004356384,0.6074127368628979
1383,0.001109277838677297,0.017451150342822075,0.016789767891168594,4.230390186421573e-05,0.020096678286790848,0.12665032036602497,0.012033172594254836,0.007416823762468994,0.020441216096835576,0.012231968343257904,1.0896750092506409,0.6081626648083329
1384,0.0011082685765515074,0.017396962270140648,0.016755642369389534,4.202091076876968e-05,0.019962243735790253,0.1269579753279686,0.012047779528943321,0.007416106294840574,0.02045041076915676,0.012240380980074406,1.0906555950641632,0.6088067851960659
1385,0.0011072591853957586,0.017361372709274292,0.016716904938220978,4.1972496546804905e-05,0.0199392419308424,0.12690122425556183,0.01204508632546992,0.007420144975185394,0.020466905977294354,0.012249816441908479,1.092415690422058,0.60965845733881
1386,0.0011062496663169722,0.017306318506598473,0.016675157472491264,4.17445735365618e-05,0.019830966368317604,0.12704589031636715,0.012051949967475358,0.00742448540404439,0.02047428924144837,0.012252171756699681,1.093203991651535,0.6101249409839511
1387,0.001105240020422209,0.01725797913968563,0.01663794182240963,4.154914495302364e-05,0.019738126546144485,0.12721102871000767,0.01205977988724186,0.007422815193422139,0.020483661946589786,0.012259671231731772,1.0942051112651825,0.6107080699875951
1388,0.0011042302488186704,0.01721051149070263,0.016598684713244438,4.1380095353815705e-05,0.019657818600535393,0.12715443782508373,0.012057097209263014,0.007424731156788766,0.020504829567295393,0.012271616142243147,1.096467763185501,0.6118111005052924
1389,0.0011032203526136943,0.017169464379549026,0.016563333570957184,4.124573024455458e-05,0.019593987613916397,0.1273741703480482,0.012067510367270627,0.007431086618453264,0.020515170225002353,0.01227440102957189,1.0975739061832428,0.6124740382656455
1390,0.0011022103329147554,0.017118625342845917,0.016524210572242737,4.104006802663207e-05,0.019496288150548935,0.12748588249087334,0.012072801342775514,0.00743055425118655,0.020522981593847144,0.012280527735128999,1.0984099805355072,0.6129479315131903
1391,0.0011012001908294645,0.017068540677428246,0.01648489572107792,4.084395186509937e-05,0.0194031223654747,0.12749535590410233,0.012073249572881087,0.007431695470586419,0.020541992470292654,0.0122922093141824,1.100445806980133,0.6139705814421177
1392,0.0011001899274655663,0.017033522948622704,0.016447123140096664,4.0793434891384095e-05,0.01937912218272686,0.12768996506929398,0.012082460595131898,0.007438486558385193,0.020553423902816715,0.012295881053432822,1.1016709506511688,0.6146804578602314
1393,0.001099179543930938,0.016978804022073746,0.016411777585744858,4.0515122236683965e-05,0.019246909767389297,0.12779100239276886,0.01208723984770708,0.007438193657435477,0.02056507930704398,0.012303023831918836,1.1029207408428192,0.615355871617794
1394,0.0010981690413335897,0.01693153940141201,0.016371259465813637,4.0358823753194883e-05,0.019172659143805504,0.12781925685703754,0.01208857641179318,0.007439106819219887,0.020585750743210653,0.012315571075305343,1.1051391661167145,0.616479211486876
1395,0.0010971584207816615,0.016895810142159462,0.01633424684405327,4.029442061437294e-05,0.019142061471939087,0.12800447270274162,0.01209733114964915,0.007446278352290392,0.020593562721772887,0.012318735243752599,1.1059780716896057,0.6169912721961737
1396,0.0010961476833834217,0.016844283789396286,0.016299676150083542,4.0043181797955185e-05,0.019022712484002113,0.12812391482293606,0.012102974004547535,0.007446101284585893,0.020601066942921856,0.012323357630521059,1.1067842841148376,0.6174540994688869
1397,0.001095136830247269,0.016798950731754303,0.016256356611847878,3.9930811908561736e-05,0.018969329074025154,0.1281398981809616,0.012103728901553498,0.007446418981999159,0.020620767989379358,0.01233485690318048,1.1089021265506744,0.618521012365818
1398,0.0010941258624817265,0.016757771372795105,0.016223065555095673,3.977771120844409e-05,0.018896598368883133,0.12830929271876812,0.012111726445313985,0.007453195517882705,0.020630531752272,0.012340140296146274,1.109952449798584,0.619130871258676
1399,0.0010931147811954454,0.01671135053038597,0.016187211498618126,3.959101013606414e-05,0.01880790665745735,0.1283792182803154,0.0121150265928871,0.007452827645465732,0.0206394467883754,0.01234504790045321,1.1109119653701782,0.6196455918252468
1400,0.0010921035874972003,0.016666708514094353,0.0161457322537899,3.947040386265144e-05,0.018750609830021858,0.12844899855554104,0.012118318486722632,0.007453239290043712,0.02065477301621429,0.012353533180430532,1.1125624477863312,0.6205057231709361
1401,0.0010910922824958881,0.016623342409729958,0.01611236110329628,3.929496597265825e-05,0.018667269498109818,0.1285862736403942,0.012124792177657374,0.007460190914571285,0.020660613099754217,0.01235766219906509,1.1131916344165802,0.6208889540284872
1402,0.0010900808673005296,0.016580600291490555,0.016074752435088158,3.9161757740657777e-05,0.018603987991809845,0.12863744422793388,0.012127204746541385,0.007459408254362643,0.020672966194024228,0.012363530462607741,1.1145232319831848,0.6215803381055593
1403,0.0010890693430202656,0.01653522439301014,0.01603620871901512,3.900870797224343e-05,0.018531281501054764,0.12880170345306396,0.012134944887825325,0.007461334695108235,0.02069228267670203,0.012373698875308037,1.1166070103645325,0.6227043569087982
1404,0.0010880577107643557,0.016491806134581566,0.01600131206214428,3.8845570088597015e-05,0.018453780561685562,0.1288793981075287,0.012138604066495171,0.007467987481504679,0.020700579226098356,0.012379818828776479,1.1175025403499603,0.6231909692287445
1405,0.0010870459716421795,0.016450298950076103,0.01596425287425518,3.872074739774689e-05,0.018394485116004944,0.12899000756442547,0.012143811941250015,0.007466920535080135,0.02071175591454388,0.012385208858177066,1.1187096238136292,0.6238498156890273
1406,0.001086034126763233,0.016404516994953156,0.01592511124908924,3.85684470529668e-05,0.018322132527828217,0.12914938107132912,0.012151311874484106,0.007469658856280148,0.020725236903578987,0.012392938835546374,1.120166391134262,0.6246578861027956
1407,0.0010850221772371273,0.01636194810271263,0.015890251845121384,3.8413934817072004e-05,0.018248731270432472,0.1291801780462265,0.012152760385685824,0.007474953541532159,0.020734782162348978,0.012399678584188223,1.121198445558548,0.6251893118023872
1408,0.00108401012417359,0.016321180388331413,0.01585420034825802,3.82884027203545e-05,0.018189094960689545,0.12930896133184433,0.012158816456884136,0.007473815698176622,0.02074966119984389,0.012406541034579277,1.1228081583976746,0.6260585598647594
1409,0.0010829979686824609,0.016276521608233452,0.01581696979701519,3.813184594037011e-05,0.01811472326517105,0.1294380985200405,0.012164886708887226,0.007477487670257688,0.02076198899699022,0.012413754593580961,1.124142736196518,0.6267904173582792
1410,0.0010819857118736927,0.016233691945672035,0.015781909227371216,3.797627869062126e-05,0.018040819093585014,0.1295184437185526,0.012168661103548941,0.007481642183847725,0.02077104219938732,0.012419763719663024,1.125123292207718,0.6273208679631352
1411,0.0010809733548573497,0.01619228534400463,0.01574498973786831,3.785134322242811e-05,0.01798146590590477,0.12961332127451897,0.012173117824988486,0.007481193519197404,0.020782221780034048,0.012425354681909084,1.1263347566127777,0.6279740389436483
1412,0.0010799608987436043,0.01614946313202381,0.015710679814219475,3.7689525925088674e-05,0.017904598265886307,0.12976105511188507,0.012180053284905172,0.00748531601857394,0.02079390692198987,0.012432097923010588,1.1276017129421234,0.6286813840270042
1413,0.0010789483446427396,0.016106871888041496,0.015673000365495682,3.755851503228769e-05,0.017842359840869904,0.1298462226986885,0.012184050206718516,0.007488214527256787,0.020808373740931994,0.012440029298886657,1.129171222448349,0.6295087225735188
1414,0.0010779356936651456,0.0160647202283144,0.0156390517950058,3.740072133950889e-05,0.017767397686839104,0.12994084134697914,0.012188488466651128,0.007489188690669835,0.020819329878587305,0.012446020729839802,1.130360633134842,0.6301507372409105
1415,0.0010769229469213177,0.016023093834519386,0.015603236854076385,3.726415161509067e-05,0.01770251989364624,0.13010071776807308,0.01219598419287732,0.00749375275336206,0.020829461135693294,0.012451758841052651,1.13146111369133,0.6307809157297015
1416,0.001075910105521857,0.01598132774233818,0.015565980225801468,3.713827027240768e-05,0.01764271967113018,0.13017480820417404,0.012199456129496107,0.0074956456664949656,0.020843576023436113,0.012459207559004426,1.1329950094223022,0.6315849088132381
1417,0.0010748971705774684,0.015939146280288696,0.015533617697656155,3.696679777931422e-05,0.017561260610818863,0.13028092682361603,0.012204427739501622,0.007497214013710618,0.020853167601276784,0.012465152190998197,1.1340380311012268,0.6321594789624214
1418,0.0010738841431989588,0.015897786244750023,0.015494594350457191,3.686005948111415e-05,0.0175105519592762,0.13041390292346478,0.012210654376695274,0.007501422194764018,0.0208657780683633,0.01247176039032638,1.1354100108146667,0.6329119568690658
1419,0.0010728710244972373,0.015856318175792694,0.015461418777704239,3.670294245239347e-05,0.017435915768146515,0.13050244562327862,0.012214798989069462,0.007502770982682705,0.020879968938366206,0.012479077791795135,1.1369548738002777,0.6337286597117782
1420,0.0010718578155833134,0.01581462472677231,0.015426945872604847,3.655437467386946e-05,0.017365338280797005,0.1305871121585369,0.012218760875041718,0.007504881708882749,0.020886940403393207,0.012484278064221144,1.1377142369747162,0.6341506745666265
1421,0.0010708445175682936,0.01577352173626423,0.015388816595077515,3.6442812415771186e-05,0.017312340438365936,0.13073936104774475,0.012225881416792638,0.007508600829169154,0.0209002328526532,0.012490803841501474,1.1391627490520477,0.6349510550498962
1422,0.0010698311315633844,0.01573227532207966,0.015356156975030899,3.62836908607278e-05,0.017236746847629547,0.13079292327165604,0.012228385307912804,0.007509922725148499,0.020913718464448717,0.012497912859544158,1.140633374452591,0.6357131488621235
1423,0.0010688176586798872,0.01569109968841076,0.015321202576160431,3.6144636396784335e-05,0.01717068813741207,0.13090942800045013,0.012233831222667519,0.007512175245210528,0.020921185751538753,0.012503439793363214,1.1414479911327362,0.6361787095665932
1424,0.0010678041000291997,0.015650250017642975,0.015283675864338875,3.603065852075815e-05,0.017116542905569077,0.1310251671820879,0.012239237262182318,0.007515436387620866,0.02093495815186275,0.012510060332715511,1.1429513692855835,0.6369882682338357
1425,0.0010667904567228132,0.01560919638723135,0.015251114033162594,3.587274841265753e-05,0.01704152673482895,0.13110604137182236,0.012243014141433145,0.007517373305745423,0.020946370515005173,0.012516451301053166,1.144197791814804,0.6376519165933132
1426,0.0010657767298723117,0.01556852925568819,0.01521568838506937,3.574300353648141e-05,0.016979891806840897,0.13124115020036697,0.012249321103043217,0.007519843871705234,0.020954197359703906,0.01252206671051681,1.1450530290603638,0.6381470896303654
1427,0.001064762920589371,0.015528137795627117,0.015179522335529327,3.5622397263068706e-05,0.016922594979405403,0.13131418265402317,0.012252728787378812,0.007522516883909702,0.02096875848869681,0.01252899062819779,1.1466449797153473,0.6389795811846852
1428,0.0010637490299857573,0.015487328171730042,0.015146585181355476,3.547020969563164e-05,0.016850298270583153,0.13143936172127724,0.012258567798128428,0.007524724816903472,0.020979802886547282,0.012535382295027375,1.1478531658649445,0.6396462637931108
1429,0.0010627350591733262,0.015446809120476246,0.01511114090681076,3.5342185583431274e-05,0.016789481043815613,0.13153673149645329,0.012263107246405808,0.0075271205278113484,0.0209884184223589,0.012541214469820261,1.1487961411476135,0.6401664363220334
1430,0.0010617210092640204,0.015406746417284012,0.015075831674039364,3.521782855386846e-05,0.016730403527617455,0.13163722306489944,0.012267790472191795,0.007529696216806769,0.021002706918128323,0.012548015220090747,1.1503608226776123,0.6409990228712559
1431,0.0010607068813698706,0.015366492792963982,0.015041999518871307,3.507902147248387e-05,0.01666446402668953,0.13175619766116142,0.012273333614431467,0.007532354909926653,0.021012966693772804,0.012554215034469962,1.1514849364757538,0.6416205670684576
1432,0.0010596926766029923,0.015326252207159996,0.015007900074124336,3.4942608181154355e-05,0.016599658876657486,0.13186204433441162,0.012278262273718333,0.007534602889791131,0.02102351217725542,0.01256040926091373,1.1526410579681396,0.6422515511512756
1433,0.001058678396075585,0.015286289155483246,0.01497148722410202,3.4828590287361294e-05,0.01654549315571785,0.13194230385124683,0.012281998420520421,0.007537073804996908,0.0210372518280471,0.012567100115120411,1.1541481018066406,0.6430452028289437
1434,0.0010576640408999321,0.015246429480612278,0.014939731918275356,3.467645001364872e-05,0.01647321879863739,0.13209490105509758,0.012289098751061406,0.007539847982116044,0.021046497418479092,0.012572906911373138,1.1551628410816193,0.6436288710683584
1435,0.0010566496121883983,0.015206645242869854,0.014903407543897629,3.456357080722228e-05,0.01641959510743618,0.1321464516222477,0.012291496384493382,0.007541877101175487,0.021057497069692427,0.012579221278429031,1.156370609998703,0.6442585308104753
1436,0.001055635111053429,0.015166970901191235,0.014870213344693184,3.442549495957792e-05,0.016354000195860863,0.1323024109005928,0.012298747267479248,0.007544670603238046,0.021069981791928632,0.012585681164637208,1.1577421426773071,0.64502227678895
1437,0.0010546205386075486,0.015127487480640411,0.014835882931947708,3.4298984246561304e-05,0.016293901950120926,0.13236428424715996,0.012301622854210423,0.0075471216114237905,0.021079649664886367,0.012591609498485923,1.1588048934936523,0.6455845888704062
1438,0.001053605895963361,0.015088281594216824,0.014801913872361183,3.417236439418048e-05,0.01623375155031681,0.13251874223351479,0.012308798315697077,0.007549371104687452,0.02109206797816516,0.012598227243870497,1.1601706445217133,0.646344693377614
1439,0.001052591184233546,0.015049248933792114,0.014767338521778584,3.4052667615469545e-05,0.016176888719201088,0.13255105540156364,0.012310298778393416,0.007552041090093553,0.02110250687102435,0.012604316929355264,1.1613193154335022,0.6469351854175329
1440,0.001051576404530859,0.015010574832558632,0.014735495671629906,3.391373320482671e-05,0.01611088588833809,0.13276762142777443,0.012320351180585165,0.007554710726253688,0.02111374475979818,0.012610448058694601,1.162556529045105,0.6476620752364397
1441,0.001050561557968131,0.014972684904932976,0.014699365012347698,3.3819163945736364e-05,0.016065962612628937,0.13272707536816597,0.01231846979486439,0.007556721800938249,0.02112485216054364,0.012616765685379505,1.163780003786087,0.6482535395771265
1442,0.0010495466456582653,0.014936004765331745,0.0146715072914958,3.3667663956293836e-05,0.015993991866707802,0.13302908837795258,0.012332476582404987,0.007560147321783006,0.021136199169749115,0.01262293173931539,1.165030598640442,0.6490298435091972
1443,0.0010485316687142375,0.014901508577167988,0.014634384773671627,3.36171688104514e-05,0.015970000997185707,0.13288624212145805,0.012325853861899218,0.007561616599559784,0.021147145281551757,0.012629239354282618,1.1662375330924988,0.6495618876069784
1444,0.001047516628249095,0.01487141102552414,0.014613890089094639,3.347295569255948e-05,0.01590149477124214,0.1333480440080166,0.012347252127468485,0.0075656172120943666,0.021159364945561566,0.012635399587452412,1.1675857901573181,0.6504669170826674
1445,0.0010465015253759535,0.014849980361759663,0.014581833966076374,3.351731720613316e-05,0.01592256687581539,0.13299011811614037,0.012330670510684054,0.007567194057628512,0.02116859930695584,0.012642236892133951,1.1686051189899445,0.6507976185530424
1446,0.0010454863612079977,0.014846621081233025,0.014585156925022602,3.3453972719144076e-05,0.015892475843429565,0.1338445022702217,0.012370215541887598,0.007572632865048945,0.021184012047574117,0.012648307951167226,1.170307457447052,0.6520759798586369
1447,0.0010444711368584802,0.014880620874464512,0.01458500511944294,3.3813106711022556e-05,0.016063082963228226,0.1330341286957264,0.012332710656134532,0.007575338589958847,0.02119245564344439,0.012658085441216826,1.1712405681610107,0.6521373484283686
1448,0.0010434558534407183,0.01499665342271328,0.014685383066534996,3.418917185626924e-05,0.016241736710071564,0.1348520740866661,0.012416689442607085,0.007587083498947322,0.021214571232620067,0.012665366986766458,1.1736863553524017,0.6542692147195339
1449,0.001042440512068095,0.015283642336726189,0.014848144724965096,3.58392862835899e-05,0.017025630921125412,0.13325395062565804,0.012342895272338988,0.007595790782943368,0.021227248068123417,0.012685644906014204,1.1750894486904144,0.6541716996580362
1450,0.0010414251138540572,0.015960071235895157,0.015379184857010841,3.848737105727196e-05,0.01828361675143242,0.13759592920541763,0.012542375388005804,0.00763214728794992,0.021270008122041394,0.012706058332696557,1.1798284351825714,0.6587121821939945
1451,0.0010404096599121125,0.0173955038189888,0.016339238733053207,4.551172605715692e-05,0.02162056975066662,0.13515962660312653,0.012430840317687073,0.007684495998546481,0.021307364899254857,0.01275576907210052,1.1839763820171356,0.6595680043101311
1452,0.001039394151355831,0.020478002727031708,0.01869599148631096,5.811125447507948e-05,0.027606040239334106,0.14553202688694,0.01289900748530636,0.007790726609528065,0.021400267724319383,0.01282662176527083,1.194323480129242,0.669927753508091
1453,0.001038378589298843,0.02558829076588154,0.022286996245384216,8.16610045148991e-05,0.03879346698522568,0.14179852977395058,0.012732476190185865,0.007926111342385411,0.021472657459962328,0.012916023610159755,1.2024170756340027,0.6721078027039766
1454,0.001037362974854836,0.03290436416864395,0.0279160737991333,0.00011126614117529243,0.05285752937197685,0.15292006358504295,0.013222368190248135,0.007979535963386297,0.021424901734172355,0.012916031293570995,1.1970745921134949,0.6749973278492689
1455,0.0010363473091375562,0.03445133939385414,0.028682556003332138,0.0001210943519254215,0.057526469230651855,0.13689380511641502,0.0125103337060181,0.00781343609560281,0.02126069340758974,0.012776804156601429,1.1787952482700348,0.6578445266932249
1456,0.0010353315932608053,0.02641259878873825,0.022851383313536644,8.558473200537264e-05,0.04065745696425438,0.13389069214463234,0.01237235002297866,0.007581884507089853,0.020941331086384535,0.012555966852232814,1.1436472833156586,0.6387689877301455
1457,0.0010343158283384402,0.015947721898555756,0.015041688457131386,4.119913501199335e-05,0.019571853801608086,0.1364993453025818,0.01249229646746707,0.007594027556478977,0.021046646418408577,0.01257888600230217,1.1551791429519653,0.6458392441272736
1458,0.0010333000154843725,0.017949946224689484,0.01687449961900711,4.6840341383358464e-05,0.022251736372709274,0.13621310889720917,0.012479191637420107,0.007785233436152339,0.021179985744976693,0.012704007094725966,1.1698626577854156,0.6530378833413124
1459,0.0010322841558125647,0.02427859976887703,0.02186611108481884,7.142026151996106e-05,0.03392855077981949,0.13866357505321503,0.01259094127930739,0.007723743095993996,0.020977768066973494,0.012623036513105035,1.1476305425167084,0.6431470587849617
1460,0.0010312682504370317,0.020252032205462456,0.018007824197411537,6.152733840281144e-05,0.02922886796295643,0.13201003521680832,0.012285150220595443,0.007579135126434267,0.021031157572377647,0.012554335873574018,1.1534795761108398,0.6427448056638241
1461,0.0010302523004718388,0.015045487321913242,0.014581657946109772,3.5576525988290086e-05,0.01690080389380455,0.1330357827246189,0.012332787057310132,0.007638570270501077,0.021058644191843483,0.012609460856765509,1.1564966142177582,0.6447661984711885
1462,0.001029236307031099,0.01895241066813469,0.01783333718776703,4.931788134854287e-05,0.02342870458960533,0.13819581642746925,0.012569686817509891,0.007727235089987516,0.020958648568517185,0.01261196006089449,1.145539551973343,0.6418676842004061
1463,0.0010282202712289736,0.020093198865652084,0.018000485375523567,5.9917383623542264e-05,0.028464049100875854,0.1309041790664196,0.012233584997530775,0.007591775036416948,0.021027362212129228,0.012548517901450396,1.1530632376670837,0.6419837083667517
1464,0.0010272041941796714,0.015190964564681053,0.014682695269584656,3.625695171649568e-05,0.017224043607711792,0.13157444447278976,0.012264865130186809,0.007560690748505294,0.021018925509229968,0.012575425207614899,1.1521381437778473,0.6418562941253185
1465,0.0010261880769974444,0.016623038798570633,0.015868550166487694,4.134467963012867e-05,0.01964099518954754,0.1368703991174698,0.012509264251018379,0.007677419227547944,0.020907656931636015,0.012576499255374074,1.1399721801280975,0.6384212896227837
1466,0.0010251719207965905,0.018734443932771683,0.01716182380914688,5.2677954954560846e-05,0.02502492442727089,0.13056049682199955,0.012217515377144002,0.007606480619870126,0.02095725520450706,0.0125246646348387,1.1453872323036194,0.6379738645628095
1467,0.001024155726691449,0.015194966457784176,0.014831826090812683,3.5043369280174375e-05,0.016647525131702423,0.13095416128635406,0.012235920517104166,0.007536871824413538,0.020986208314329523,0.012553574983030558,1.1485542058944702,0.6397541835904121
1468,0.0010231394957964015,0.01568102464079857,0.015153748914599419,3.744856803677976e-05,0.01779012568295002,0.1354832462966442,0.012445713493506594,0.007615997921675444,0.02088462131127171,0.012549466919153929,1.137461632490158,0.6364724393934011
1469,0.00102212322922587,0.01744973286986351,0.016297314316034317,4.643547072191723e-05,0.022059399634599686,0.13060853630304337,0.012219762868272067,0.007603182806633413,0.020913235046831312,0.012504425831139088,1.1405805945396423,0.6355945654213428
1470,0.0010211069280943149,0.015036523342132568,0.014795441180467606,3.368210309417918e-05,0.01600085012614727,0.13098956272006035,0.012237574245540641,0.007540210033766925,0.02097585636370901,0.012541919946670532,1.1474213898181915,0.6392054762691259
1471,0.0010200905935162353,0.015186194330453873,0.014819417148828506,3.5055516491411254e-05,0.01665329746901989,0.13501526042819023,0.01242419975464559,0.0075858322670683265,0.020906466548533467,0.012552378000691533,1.1398423910140991,0.6374288257211447
1472,0.0010190742266061672,0.01646086946129799,0.015662170946598053,4.1375540604349226e-05,0.019655656069517136,0.13125083036720753,0.01224977267458512,0.0075988235184922814,0.020915031063481113,0.012515755835920572,1.1407765448093414,0.6360136875882745
1473,0.0010180578284786808,0.014841308817267418,0.01463252305984497,3.299922900623642e-05,0.015676448121666908,0.13137324526906013,0.012255483966849286,0.0075508320005610585,0.021003143241572805,0.012557989917695522,1.1504085958003998,0.64089092053473
1474,0.001017041400248381,0.014843953773379326,0.014557141810655594,3.366179225849919e-05,0.015991201624274254,0.13480683788657188,0.012414606394544734,0.007571152877062559,0.020965119284714187,0.012576948385685682,1.1462470293045044,0.6405269335955381
1475,0.0010160249430299073,0.015699129551649094,0.015126584097743034,3.786785964621231e-05,0.01798931509256363,0.13177261129021645,0.012274097744024314,0.007598103955388069,0.02093695299735985,0.01253638556227088,1.1431691944599152,0.6374709028750658
1476,0.0010150084579379284,0.01464590523391962,0.014464234001934528,3.235959229641594e-05,0.015372585505247116,0.1314294245094061,0.012258104234159453,0.0075543406419456005,0.02100367360744877,0.01256096106953919,1.1504667401313782,0.6409480823203921
1477,0.0010139919460871454,0.014546988531947136,0.014337008818984032,3.2389732950832695e-05,0.015386903658509254,0.13431505858898163,0.012391941316145448,0.0075628990307450294,0.020997276279782238,0.012590350583195686,1.149765968322754,0.6420405134558678
1478,0.001012975408592288,0.015126957558095455,0.014692369848489761,3.550180190359242e-05,0.016865305602550507,0.13232677057385445,0.0122998798364469,0.00759974867105484,0.020976735494830884,0.012558529619127512,1.1475175321102142,0.6399221513420343
1479,0.001011958846568114,0.01445690542459488,0.014288583770394325,3.184934757882729e-05,0.015130190178751945,0.1318439431488514,0.012277419139412962,0.007567664375528693,0.021026710640128787,0.012571624713018537,1.1529918015003204,0.6424178723245859
1480,0.0010109422611294088,0.014272766187787056,0.014100095257163048,3.149834810756147e-05,0.014963445253670216,0.1339866816997528,0.012376784249545386,0.007560386322438717,0.02102533372560377,0.012598453089594841,1.1528408229351044,0.6434137523174286
1481,0.0010099256533909829,0.014700880274176598,0.014359790831804276,3.381763235665858e-05,0.016065232455730438,0.1326112262904644,0.012313092633150963,0.0075990051263943315,0.021013065031487674,0.012580689042806625,1.151495784521103,0.6420535054057837
1482,0.0010089090244676708,0.0142496507614851,0.014097119681537151,3.1280109396902844e-05,0.014859771355986595,0.13234720937907696,0.01230082982432038,0.0075851393630728126,0.021061829374038506,0.012593329418450594,1.1568464040756226,0.6445968067273498
1483,0.0010078923754743313,0.014059015549719334,0.01392185129225254,3.074943379033357e-05,0.01460767351090908,0.13396410271525383,0.012375741615682563,0.007572083733975887,0.021076510327881597,0.012621242785826325,1.1584597527980804,0.6462119277566671
1484,0.0010068757075258447,0.014364765025675297,0.014094765298068523,3.251153611927293e-05,0.01544476579874754,0.13303390890359879,0.012332700626601432,0.007605671416968107,0.021071144809020063,0.012609708355739713,1.1578700244426727,0.6454519666731358
1485,0.0010058590217371117,0.01404755748808384,0.013933390378952026,3.053167529287748e-05,0.014504224061965942,0.13299939781427383,0.012331100664144092,0.007610373781062663,0.021101153005143716,0.012615890940651298,1.1611702740192413,0.6470848359167576
1486,0.001004842319223053,0.01390291377902031,0.013788779266178608,3.0226930903154425e-05,0.01435945276170969,0.13408761098980904,0.01238144489837911,0.0075850499561056495,0.02110441020473323,0.012635851977393031,1.1615287959575653,0.6478082034736872
1487,0.0010038256010986078,0.014074709266424179,0.01386670209467411,3.137897147098556e-05,0.014906736090779305,0.1333545781672001,0.012347555012378055,0.007611539214849472,0.021102605998247183,0.012628016294911504,1.161330223083496,0.6473424006253481
1488,0.001002808868478732,0.013875417411327362,0.013774541206657887,3.005740472872276e-05,0.014278918504714966,0.13358640670776367,0.012358283041332768,0.007623684010468423,0.021137988461503623,0.012636935338377953,1.1652278304100037,0.6494071185588837
1489,0.0010017921224783975,0.01377152930945158,0.013678192161023617,2.9775239454465918e-05,0.01414487510919571,0.1344834603369236,0.012399707495468558,0.007600344601087272,0.021154988987331955,0.012659684289246798,1.167102873325348,0.6507931668311357
1490,0.0010007753642125913,0.013822759501636028,0.013686342164874077,3.0245817470131442e-05,0.014368425123393536,0.13390856981277466,0.012373176103734122,0.007619749987497926,0.021163460149176624,0.012657047947868705,1.16803777217865,0.6509731709957123
1491,0.0009997585947963132,0.013725517317652702,0.013639738783240318,2.9614744562422857e-05,0.014068630523979664,0.1343160942196846,0.012391989315758084,0.007642195909284055,0.02118842030014594,0.012662860099226236,1.1707945764064789,0.6525553353130817
1492,0.0009987418153445755,0.013645708560943604,0.013576170429587364,2.9309998353710398e-05,0.013923860155045986,0.1349249631166458,0.01242004476218521,0.007617166847921908,0.021200325828528117,0.012683738255873322,1.1721106469631195,0.6535178050398827
1493,0.0009977250269724016,0.013618743047118187,0.013527887873351574,2.9432725568767637e-05,0.01398216187953949,0.13431329280138016,0.012391859848487419,0.007624890422448516,0.02121048178082244,0.01268256246112287,1.1732338964939117,0.653773594647646
1494,0.0009967082307948249,0.013581126928329468,0.013514446094632149,2.9149990950827487e-05,0.01384784746915102,0.13476478680968285,0.012412670126911215,0.007644693017937243,0.02122842697559283,0.012684018583968282,1.1752199530601501,0.6549923699349165
1495,0.0009956914279268866,0.013527690432965755,0.013475465588271618,2.8915790608152747e-05,0.013736588880419731,0.13527322188019753,0.012436063449629277,0.007630885927937925,0.021242805097931878,0.01270586927421391,1.1768124997615814,0.6560428608208895
1496,0.0009946746194836363,0.013455032370984554,0.013389264233410358,2.8876867872895673e-05,0.013718100264668465,0.134841900318861,0.012416220941088522,0.007630131323821843,0.02126477286097655,0.012710407376289368,1.1792477071285248,0.6570448037236929
1497,0.0009936578065801286,0.013436520472168922,0.013394219800829887,2.8640310119953938e-05,0.013605721294879913,0.13528573885560036,0.012436638851869597,0.007648105267435312,0.021278067443217343,0.01271115243434906,1.180722713470459,0.6580042261630297
1498,0.0009926409903314238,0.013414734974503517,0.013374337926506996,2.8578428100445308e-05,0.013576323166489601,0.13561583682894707,0.012451802382680285,0.007640798459760845,0.021289088426637612,0.01273131906054914,1.1819461286067963,0.6587809827178717
1499,0.000991624171852586,0.013323524035513401,0.013277104124426842,2.8437134460546076e-05,0.013509202748537064,0.13530254736542702,0.012437410937247147,0.00763299223035574,0.02131963555661597,0.012739299796521664,1.1853404343128204,0.6603214908391237
1500,0.00099060735225868,0.01329805888235569,0.013275383040308952,2.8183607355458662e-05,0.01338876225054264,0.13568458333611488,0.012454957801353323,0.007647902588360012,0.021327519876819905,0.012737562647089362,1.186217337846756,0.6609509605914354
1501,0.0009895905326647743,0.013299692422151566,0.013267898000776768,2.8263824788155034e-05,0.013426870107650757,0.13590829074382782,0.012465220857232662,0.007649154984392226,0.021328440971324292,0.012751905946061015,1.1863196790218353,0.6611139848828316
1502,0.0009885737141859363,0.013216454535722733,0.013182146474719048,2.810976729961112e-05,0.013353683985769749,0.13572771474719048,0.012456937143545493,0.007636416470631957,0.021361430524923907,0.012761238729581237,1.1899924576282501,0.6628600861877203
1503,0.0009875568979372312,0.013170041143894196,0.013163872063159943,2.777513873297721e-05,0.013194715604186058,0.1360812969505787,0.01247315184760425,0.00764843076467514,0.021368007579884437,0.012761280406266451,1.1907253563404083,0.6634033266454935
1504,0.0009865400850337235,0.013177560642361641,0.013157633133232594,2.7906815375899896e-05,0.01325727067887783,0.1362525373697281,0.012480997932649946,0.0076563277980312705,0.021364572438715746,0.012772928224876523,1.190342515707016,0.663297526538372
1505,0.0009855232765904733,0.013123046606779099,0.013097976334393024,2.7835356377181597e-05,0.013223324902355671,0.13616159930825233,0.012476832405480245,0.007640609401278198,0.02140046729972934,0.012782524572685361,1.1943457424640656,0.6652536708861589
1506,0.0009845064737225352,0.01305723562836647,0.013063693419098854,2.7431358830654062e-05,0.013031402602791786,0.13647951185703278,0.01249138943677207,0.007650257437489927,0.021408835552077017,0.012784349964931607,1.1952799260616302,0.6658797189593315
1507,0.0009834896775449582,0.013051670975983143,0.01304689608514309,2.7514219254953787e-05,0.013070765882730484,0.13660281896591187,0.012497030334761954,0.0076627961825579405,0.02140364172647332,0.012793047120794654,1.1947000622749329,0.6656514406204224
1508,0.000982472889172785,0.013029505498707294,0.013013104908168316,2.7565456548472866e-05,0.013095106929540634,0.13653380423784256,0.012493873312210711,0.0076467093313112855,0.021437238331058286,0.012801354983821511,1.198453575372696,0.6674936898052692
1509,0.0009814561097210473,0.012959368526935577,0.012971729040145874,2.717564166232478e-05,0.012909923680126667,0.13675149157643318,0.012503829192362002,0.0076522413874045014,0.021444239502152348,0.012805072357878089,1.199236512184143,0.6679940018802881
1510,0.0009804393403047694,0.012930501252412796,0.012940363958477974,2.7135913114761934e-05,0.012891050428152084,0.13687439262866974,0.012509446886381033,0.007666400400921702,0.02144042054848117,0.012812757166102529,1.1988093852996826,0.6678418889641762
1511,0.000979422582038963,0.012926741503179073,0.012920170091092587,2.726637467276305e-05,0.012953026220202446,0.13689323887228966,0.012510307970377216,0.007654000190086663,0.021473105411765846,0.01282099517993629,1.2024672329425812,0.6696802359074354
1512,0.0009784058360386284,0.012870394624769688,0.012885556556284428,2.6964764401782304e-05,0.012809745967388153,0.13706747815012932,0.012518267501262307,0.007658844813704491,0.02148004679268464,0.012826855294406414,1.2032448053359985,0.6701561417430639
1513,0.000977389103418753,0.012821783311665058,0.012842431664466858,2.6816243916982785e-05,0.012739189900457859,0.1371968761086464,0.012524174717936222,0.0076700670178979635,0.021478763471975734,0.012833076529204845,1.203101009130478,0.6701489426195621
1514,0.0009763723852943076,0.012815795838832855,0.012824278324842453,2.6906074708676897e-05,0.012781864032149315,0.13720213249325752,0.012524414358780395,0.007661726092919707,0.021507069842933373,0.012840189505368471,1.2062741816043854,0.6717381570488214
1515,0.0009753556827802488,0.012780886143445969,0.012800105847418308,2.674218558240682e-05,0.01270400732755661,0.1373591646552086,0.01253157968033378,0.007667600642889738,0.02151238108917217,0.012846916448324919,1.206870049238205,0.6721146069467068
1516,0.000974338996991516,0.012727351859211922,0.012755827978253365,2.6551557311904617e-05,0.012613448314368725,0.1375473402440548,0.01254016105762625,0.007674150867387652,0.021515906594100805,0.012852088548243046,1.2072656452655792,0.672406492754817
1517,0.000973322329043029,0.012706374749541283,0.012730016373097897,2.654809577506967e-05,0.012611804530024529,0.13755102455615997,0.01254032830275071,0.007670413702726364,0.02154105874661778,0.012858998728916049,1.2100898623466492,0.6738204434514046
1518,0.0009723056800496893,0.012684878893196583,0.012711696326732635,2.6476107450434938e-05,0.012577607296407223,0.137724868953228,0.01254825096134332,0.007678539375774562,0.021546814787630052,0.012867290526628494,1.2107366621494293,0.6742307655513287
1519,0.0009712890511263777,0.012640228495001793,0.012673291377723217,2.6329533284297213e-05,0.012507975101470947,0.13791978731751442,0.012557127177133436,0.007680036826059222,0.021556008396082387,0.012872763210907578,1.2117701172828674,0.6748449523001909
1520,0.0009702724433879516,0.012606325559318066,0.012640958651900291,2.6244948458042927e-05,0.012467793188989162,0.13789863139390945,0.01255616413000378,0.0076786583522334695,0.02157632076736372,0.012879584915935993,1.2140548527240753,0.6759767420589924
1521,0.0009692558579492463,0.012584379874169827,0.012621867470443249,2.6174715458182618e-05,0.012434428557753563,0.1380908414721489,0.01256491184885258,0.007688458659686148,0.021580475249718196,0.012887588934972882,1.2145224511623383,0.6763066463172436
1522,0.0009682392959250726,0.012551472522318363,0.012588843703269958,2.6106417863047682e-05,0.012401983141899109,0.13827068358659744,0.012573091004907121,0.00768672488629818,0.021591816006707627,0.012891716556623578,1.2157992720603943,0.6770349778234959
1523,0.000967222758430215,0.012515461072325706,0.012556936591863632,2.5996059775934555e-05,0.012349557131528854,0.13822858408093452,0.01257117625388107,0.0076869294280186296,0.02160628771320345,0.012897929409518838,1.2174295485019684,0.6778290662914515
1524,0.0009662062465794318,0.012486509047448635,0.012533515691757202,2.588855022622738e-05,0.012298483401536942,0.13845252245664597,0.012581355494485831,0.007696698885411024,0.02161078406133679,0.012905190465971828,1.2179363071918488,0.6781944148242474
1525,0.000965189761487453,0.012458136305212975,0.012502720579504967,2.584922367532272e-05,0.01227980200201273,0.1386001594364643,0.012588061700728253,0.007694487692788243,0.02162431914453544,0.01290897442959249,1.2194624543190002,0.6790313068777323
1526,0.0009641733042689787,0.012426757253706455,0.01247585378587246,2.5745166567503475e-05,0.01223036926239729,0.13856177777051926,0.012586318896203446,0.007695624721236527,0.02163436551907675,0.012915336526930332,1.2205958366394043,0.6795788072049618
1527,0.0009631568760386795,0.012394891120493412,0.01244940236210823,2.5632503820816055e-05,0.012176848016679287,0.1388089880347252,0.01259754174156414,0.007703340379521251,0.021640922664248174,0.012921821558848023,1.2213358283042908,0.680072408169508
1528,0.0009621404779111929,0.012364964932203293,0.012416478246450424,2.5594737962819636e-05,0.012158907949924469,0.1389002576470375,0.012601682524115417,0.007701855152845383,0.021657011195960356,0.012926535913720727,1.2231523990631104,0.6810263283550739
1529,0.0009611241110011244,0.012335866689682007,0.012391899712383747,2.5495439331280068e-05,0.012111734598875046,0.13892122730612755,0.012602633721525617,0.007704377989284694,0.021665628448101344,0.012933789985254407,1.224126011133194,0.6815236192196608
1530,0.000960107776423045,0.012305909767746925,0.012364957481622696,2.540698551456444e-05,0.012069715186953545,0.13915140181779861,0.012613069949616723,0.007709795027039945,0.021673963812526828,0.012939420528709888,1.2250680327415466,0.6821097172796726
1531,0.0009590914752914901,0.01227563340216875,0.012332398444414139,2.536247848183848e-05,0.01204857137054205,0.13920507580041885,0.012615502327709445,0.007709728670306504,0.021689201938139915,0.012944647809490561,1.2267912924289703,0.6829981841146946
1532,0.0009580752087209586,0.01224528718739748,0.012308595702052116,2.5243509298888966e-05,0.011992054060101509,0.13931003957986832,0.012620257290301792,0.007713420782238245,0.021696725437814337,0.012951661366969347,1.22764253616333,0.6834762878715992
1533,0.0009570589778259108,0.012216071598231792,0.012279830873012543,2.5178203941322863e-05,0.011961030773818493,0.13948770612478256,0.01262830236493051,0.007716745953075588,0.02170611902226675,0.012956366408616304,1.2287057936191559,0.6840967498719692
1534,0.0009560427837207694,0.012187948450446129,0.012250776402652264,2.5126850232481956e-05,0.01193663477897644,0.13951674848794937,0.01262961709992273,0.0077176401391625404,0.021719235075085087,0.012961940607056022,1.2301911413669586,0.684853944927454
1535,0.0009550266275199154,0.012157860212028027,0.012227864004671574,2.500309346942231e-05,0.011877844110131264,0.1396816074848175,0.012637076580313125,0.0077214965131133795,0.021726508396104294,0.012968493159860373,1.2310152351856232,0.6853484213352203
1536,0.0009540105103376884,0.012127188965678215,0.012196537107229233,2.4944049073383212e-05,0.011849794536828995,0.1397867202758789,0.012641830622525043,0.007723587099462748,0.021736163262854675,0.0129726177547127,1.2321095168590546,0.6859481185674667
1537,0.0009529944332883859,0.012099243700504303,0.012170129455626011,2.4872282665455714e-05,0.011815700680017471,0.13983797654509544,0.01264414784694006,0.007725310162641108,0.021747487570956004,0.012978631537407637,1.2333936989307404,0.6866158377379179
1538,0.0009519783974862609,0.012071458622813225,0.012146868743002415,2.4775690690148622e-05,0.011769814416766167,0.1400415301322937,0.01265334694867769,0.007729223347268999,0.021756187375919125,0.01298497267998755,1.2343806624412537,0.6872110962867737
1539,0.0009509624040455211,0.012041331268846989,0.01211537979543209,2.472374399076216e-05,0.011745136231184006,0.14007627218961716,0.012654916806133624,0.007730783545412123,0.02176607945460302,0.012989203445613384,1.23550346493721,0.6877898685634136
1540,0.0009499464540803279,0.012011649087071419,0.01209005806595087,2.462454722262919e-05,0.011698013171553612,0.14019298180937767,0.01266018772202252,0.007733190432190895,0.02177570825607599,0.012995249358937144,1.2365968227386475,0.6883949022740126
1541,0.0009489305487047952,0.011984043754637241,0.012064625509083271,2.4548135115765035e-05,0.011661713942885399,0.14037704840302467,0.012668495614200194,0.00773692294023931,0.021785633886461944,0.01300127780996263,1.2377243340015411,0.6890506912022829
1542,0.0009479146890329874,0.01195616740733385,0.012035404331982136,2.4500775907654315e-05,0.011639215983450413,0.14039567857980728,0.012669336843135882,0.007738624582998455,0.02179589282764973,0.013005954213440418,1.238890379667282,0.6896430291235447
1543,0.0009468988761789197,0.011926857754588127,0.01201191172003746,2.4390103135374375e-05,0.011586640030145645,0.14055688306689262,0.012676608079972684,0.007741119479760528,0.021804695616278184,0.0130116892978549,1.2398912608623505,0.6902240719646215
1544,0.0009458831112565548,0.011897864751517773,0.011983074247837067,2.432776273053605e-05,0.011557023972272873,0.1406875178217888,0.012682497624489236,0.007744300877675414,0.021814835027523745,0.013017382938414812,1.2410445511341095,0.6908660344779491
1545,0.0009448673953798037,0.011870132759213448,0.011956465430557728,2.4259927158709615e-05,0.011524798348546028,0.14070649445056915,0.012683352839955284,0.007745704147964716,0.021824317298360346,0.01302212500013411,1.242123782634735,0.6914151385426521
1546,0.0009438517296625242,0.011842546984553337,0.011932785622775555,2.4168974050553516e-05,0.011481591500341892,0.1408994384109974,0.012692046289771646,0.0077482713386416435,0.02183211200963316,0.013027514796704054,1.2430111467838287,0.6919552925974131
1547,0.0009428361152185171,0.011814067140221596,0.011903351172804832,2.411706736893393e-05,0.011456931941211224,0.14096006378531456,0.01269477604686284,0.007751089287921786,0.02184295404469499,0.01303307106718421,1.2442460656166077,0.6926030647009611
1548,0.0009418205531615286,0.011785440146923065,0.0118778757750988,2.4030261556617916e-05,0.011415695771574974,0.14105555415153503,0.012699075201998944,0.007753007812425494,0.0218526808237967,0.013038091128692031,1.2453544735908508,0.6932050138711929
1549,0.0009408050446052477,0.011757821775972843,0.011852889321744442,2.3949964088387787e-05,0.011377549730241299,0.1412053294479847,0.012705815193624449,0.007755488273687661,0.02186021313017434,0.013043325394392014,1.246213138103485,0.6937092337757349
1550,0.000939789590663303,0.011730536818504333,0.011823730543255806,2.3908312869025394e-05,0.011357762850821018,0.1412651687860489,0.012708507069125203,0.0077580916695296764,0.021871024268343232,0.013048721943050623,1.2474460899829865,0.6943556293845177
1551,0.0009387741924492646,0.011702553369104862,0.011801021173596382,2.3804997908882797e-05,0.011308682151138783,0.14137544855475426,0.012713467186784172,0.0077600080985575914,0.021880336372941456,0.013053869362920523,1.2485085427761078,0.694941995665431
1552,0.0009377588510766418,0.011674550361931324,0.011773118749260902,2.3745204089209437e-05,0.011280277743935585,0.14152928814291954,0.012720382591369818,0.007762877270579338,0.021888059277970422,0.013059282675385475,1.2493900954723358,0.6954596918076277
1553,0.0009367435676588799,0.011647204868495464,0.011747433803975582,2.3673657778999768e-05,0.011246288195252419,0.14153943955898285,0.01272083831786579,0.007764647714793682,0.021899380791520838,0.013064361410215497,1.2506828308105469,0.6961111351847649
1554,0.0009357283433093625,0.011620075441896915,0.01172281801700592,2.3595384845975786e-05,0.011209104210138321,0.14175396785140038,0.012730474962250977,0.007767716888338327,0.021907594338675535,0.013069915119558573,1.2516211867332458,0.6966875772923231
1555,0.0009347131791414068,0.011592872440814972,0.011697414331138134,2.3522956325905398e-05,0.011174699291586876,0.14175746217370033,0.012730631991508043,0.007769397576339543,0.021916256317368977,0.013074980117380619,1.2526111900806427,0.6971843261271715
1556,0.0009336980762682651,0.011565936729311943,0.011669788509607315,2.3472086468245834e-05,0.011150531470775604,0.1419539600610733,0.01273945238259802,0.00777242355979979,0.021926559998071003,0.013080169446766376,1.253789335489273,0.6978716477751732
1557,0.0009326830358031227,0.011539647355675697,0.011648645624518394,2.337340629310347e-05,0.011103653348982334,0.1419466808438301,0.01273912583150628,0.007774146040901542,0.021934766684970602,0.013085577404126525,1.2547280192375183,0.6983373500406742
1558,0.000931668058859095,0.011514434590935707,0.01161772757768631,2.3368371330434456e-05,0.011101260781288147,0.142228115350008,0.012751748428609457,0.007777828723192215,0.02194364241486251,0.01309056393802166,1.2557435929775238,0.6989858541637659
1559,0.0009306531465492292,0.011491173878312111,0.011602291837334633,2.3253523977473378e-05,0.011046700179576874,0.1420506276190281,0.012743789278180293,0.007778069586493075,0.021954239471715157,0.013095526723191142,1.256956785917282,0.6995037067681551
1560,0.0009296382999865013,0.01147195789963007,0.01157238706946373,2.330307506781537e-05,0.01107024122029543,0.14260274171829224,0.012768530845619831,0.0077846396015957,0.021960378070766937,0.013101300224661827,1.257659763097763,0.7001312524080276
1561,0.0009286235202838144,0.011461257934570312,0.011571720242500305,2.319606937817298e-05,0.011019406840205193,0.1420898512005806,0.012745548798282358,0.007782226079143584,0.02197295940375478,0.013105550780892372,1.2591012120246887,0.7005955316126347
1562,0.000927608808553999,0.01146880816668272,0.011553804390132427,2.342638799746055e-05,0.011128821410238743,0.14316361024975777,0.012793616274378432,0.007794236531481147,0.02197836298479803,0.013112496817484498,1.2597205638885498,0.7014420870691538
1563,0.0009265941659098117,0.01151567418128252,0.011608447879552841,2.3459553631255403e-05,0.011144577525556087,0.14204956591129303,0.012743741747215386,0.007788630435243249,0.021993991143315534,0.013117265421897173,1.2615127563476562,0.7017811611294746
1564,0.0009255795934639315,0.011650122702121735,0.0116611048579216,2.4431261408608407e-05,0.011606192216277122,0.1443415805697441,0.012846142428859847,0.007815227028913796,0.021999896072547685,0.01312734093517065,1.262190192937851,0.7032658867537975
1565,0.0009245650923289623,0.011975393630564213,0.011945940554141998,2.5456429284531623e-05,0.012093204073607922,0.14209387823939323,0.01274572918959951,0.007808710099197924,0.022028432856552267,0.013138104230165482,1.2654667794704437,0.7037803288549185
1566,0.0009235506636174282,0.012729690410196781,0.01239657960832119,2.9601058486150578e-05,0.014062130823731422,0.14761929214000702,0.012991178928121962,0.007883082493208349,0.022039991591565663,0.013159954687580466,1.2667951583862305,0.7072072252631187
1567,0.0009225363084417751,0.014369859360158443,0.013691950589418411,3.595688031055033e-05,0.017081493511795998,0.14383946731686592,0.012823779632957943,0.00790093990508467,0.022111960402495048,0.013201868627220392,1.2750816941261292,0.7094605807214975
1568,0.0009215220279143682,0.017817063257098198,0.016008008271455765,5.273763963486999e-05,0.025053277611732483,0.15696900337934494,0.013396271914527231,0.008100791135802865,0.022145502254266956,0.013257545419037342,1.2789530754089355,0.7179610393941402
1569,0.0009205078231474896,0.023733507841825485,0.020552992820739746,7.673967047594488e-05,0.03645556420087814,0.15059655532240868,0.013121531274415446,0.008151331217959523,0.02223599503070399,0.013333034003153443,1.2894267737865448,0.7200116645544767
1570,0.0009194936952533398,0.031375665217638016,0.02594580128788948,0.00011176626139786094,0.05309511721134186,0.16459805890917778,0.013717954227044808,0.008301199646666646,0.022121826927428045,0.013282791478559375,1.2762199342250824,0.7204089965671301
1571,0.0009184796453440344,0.03299610689282417,0.027520986273884773,0.00011555838864296675,0.05489658564329147,0.1448282115161419,0.012867778947413595,0.007980067981407046,0.021850723460633107,0.013143195305019617,1.2451313436031342,0.694979777559638
1572,0.0009174656745316031,0.02305055409669876,0.019791169092059135,7.596613431815058e-05,0.036088090389966965,0.14150113612413406,0.012719116996017512,0.00776834471616894,0.021637645012577596,0.012909781420603395,1.22096586227417,0.681233499199152
1573,0.0009164517839279893,0.012510878965258598,0.01218546461313963,2.9075652491883375e-05,0.013812532648444176,0.1456802673637867,0.01290557526756156,0.007850536378100514,0.021651042492124784,0.012955687241628766,1.2224783599376678,0.6840793136507273
1574,0.0009154379746450489,0.015390325337648392,0.014415618032217026,4.06040417146869e-05,0.019289150834083557,0.143547635525465,0.012810763994560673,0.007939520990476012,0.02179087840504876,0.013086389983072877,1.238320380449295,0.69093400798738
1575,0.0009144242477945472,0.02175203152000904,0.018985627219080925,6.908179057063535e-05,0.032817646861076355,0.14672640338540077,0.012951829930063741,0.00788773293606937,0.021681620792478297,0.012947943294420838,1.225933849811554,0.6863301265984774
1576,0.0009134106044881605,0.017700057476758957,0.015635184943675995,5.464534478960559e-05,0.025959542021155357,0.14109515771269798,0.012700857959533143,0.007772897137328982,0.021490711800268708,0.0128720763605088,1.20443993806839,0.6727675478905439
1577,0.000912397045837473,0.011940522119402885,0.011594988405704498,2.8044451028108597e-05,0.013322655111551285,0.14116870984435081,0.012704167865326068,0.007844160893000662,0.021674210047347573,0.012983801309019327,1.2250958681106567,0.6831322889775038
1578,0.0009113835729539758,0.016342392191290855,0.015179735608398914,4.419071046868339e-05,0.02099301479756832,0.14660978689789772,0.012946681964502436,0.007890833192504942,0.021761398701806354,0.012964587891474366,1.2349721193313599,0.6907909531146288
1579,0.0009103701869490664,0.017901498824357986,0.015743369236588478,5.585461258306168e-05,0.02653401345014572,0.13974779099225998,0.01264006961626283,0.0077423942275345325,0.021543670913695617,0.01289256731979549,1.210383415222168,0.675065603107214
1580,0.0009093568889340469,0.012327894568443298,0.011569859459996223,3.2333166018361226e-05,0.015360032208263874,0.1396956518292427,0.012637711774572727,0.007788328803144395,0.021562989900343214,0.012896032072603703,1.2125552296638489,0.6761254407465458
1581,0.0009083436800201223,0.013824252411723137,0.013505417853593826,3.178492625011131e-05,0.015099587850272655,0.1448480822145939,0.012868661427716295,0.007828302448615432,0.021629511615483984,0.012891842983663082,1.2200481593608856,0.6824481207877398
1582,0.000907330561318401,0.01608685590326786,0.014537123031914234,4.691200592787936e-05,0.022285781800746918,0.13983185961842537,0.012643871632374687,0.007755832746624947,0.02153818074043146,0.012889171950519085,1.2097665965557098,0.6747992280870676
1583,0.0009063175339398916,0.012478213757276535,0.011641895398497581,3.330875188112259e-05,0.01582348719239235,0.13909108936786652,0.012610336064738163,0.007763627334497869,0.021584906355540702,0.012889506528154016,1.2150212824344635,0.677056185901165
1584,0.0009053045989955027,0.012885342352092266,0.012847473844885826,2.744275661825668e-05,0.0130368173122406,0.1428920142352581,0.012781475212544824,0.007779816631227732,0.021609795709320704,0.01287482725456357,1.2178248763084412,0.6803584452718496
1585,0.000904291757596042,0.014592578634619713,0.01338901836425066,4.085174441570416e-05,0.019406821578741074,0.14040302857756615,0.0126696679208245,0.007769178017042577,0.021534454299622356,0.012878386536613107,1.209347903728485,0.6748754661530256
1586,0.000903279010852214,0.012431032955646515,0.011711714789271355,3.2224277674686164e-05,0.015308303758502007,0.1398034393787384,0.012642586435982376,0.00778819399420172,0.021557351584056552,0.012867564568296075,1.211921066045761,0.6758622527122498
1587,0.0009022663598746199,0.012305962853133678,0.012405193410813808,2.5068762624869123e-05,0.011909039691090584,0.14242392778396606,0.012760523148070309,0.007780392887070775,0.021563923037422193,0.012860139133408666,1.2126601040363312,0.6775420159101486
1588,0.0009012538057737553,0.013532472774386406,0.012773774564266205,3.487441790639423e-05,0.01656726561486721,0.14064527675509453,0.012680593655838427,0.007785036228597164,0.02154200431742414,0.01288772327825427,1.210196167230606,0.6754207219928503
1589,0.0009002413496600103,0.012099405750632286,0.011653183959424496,2.922671046690084e-05,0.013884292915463448,0.14005664363503456,0.0126540299130721,0.007824343396350741,0.02161403919248023,0.012898843036964536,1.2183032631874084,0.6791799534112215
1590,0.0008992289926436671,0.011946478858590126,0.012038705870509148,2.4371011022594757e-05,0.011577569879591465,0.1421535313129425,0.012748404361460517,0.007775179459713399,0.021586897932972866,0.012880503898486495,1.2152454853057861,0.6786995083093643
1591,0.000898216735834899,0.012772083282470703,0.012268060818314552,3.112939157290384e-05,0.014788170345127583,0.14085301011800766,0.012689954545190283,0.007811727118678391,0.021523813670712693,0.012891891645267606,1.2081531286239624,0.674503069370985
1592,0.00089720458034377,0.011753015220165253,0.01146584190428257,2.715835398703348e-05,0.012901711277663708,0.14023532345891,0.012662098925096127,0.007831498049199581,0.02161804641416206,0.012911452446132898,1.2187550961971283,0.6794952098280191
1593,0.0008961925272802327,0.011693854816257954,0.011732072569429874,2.429399683023803e-05,0.011540982872247696,0.14191922172904015,0.01273789351477886,0.00776864611543715,0.021628418487624607,0.012906891759485006,1.2199248671531677,0.6809220444411039
1594,0.0008951805777541271,0.012128636240959167,0.011924592778086662,2.7249074264545925e-05,0.012944808229804039,0.14092359319329262,0.012693134021227856,0.007833622978068888,0.021546411592319736,0.012913140468299389,1.2106913626194,0.6758074779063463
1595,0.0008941687328751802,0.011490115895867348,0.011321837082505226,2.5603832909837365e-05,0.01216322835534811,0.14058584347367287,0.012677913931651063,0.007843065541237593,0.021637656109281492,0.012924676528200507,1.2209671437740326,0.6807764936238527
1596,0.0008931569937530039,0.0114324064925313,0.011542458087205887,2.3138798496802337e-05,0.010992201045155525,0.142237801104784,0.012752182779117126,0.00776733027305454,0.02168896442796268,0.012931512901559472,1.226764440536499,0.6845011208206415
1597,0.0008921453614970941,0.011692870408296585,0.011615402065217495,2.5266002921853215e-05,0.012002740055322647,0.14167635142803192,0.012726989528611787,0.00786932953633368,0.02160475105981412,0.01294033508747816,1.2172563970088959,0.6794663742184639
1598,0.00089113383721683,0.011301114223897457,0.01121942326426506,2.4476910766679794e-05,0.011627878993749619,0.14118476584553719,0.012704890476876332,0.007836704608052969,0.021673673765468675,0.012950850650668144,1.2250353395938873,0.6831100527197123
1599,0.0008901224220214714,0.011188909411430359,0.01133097056299448,2.2356702174874954e-05,0.010620662942528725,0.14239244163036346,0.012759112698386232,0.007772157667204738,0.0217414883198174,0.012958664912730455,1.2327132523059845,0.687552846968174
1600,0.0008891111170201593,0.011412023566663265,0.01138891652226448,2.4217093596234918e-05,0.011504451744258404,0.1419202722609043,0.012737940639163448,0.007889049244113266,0.02165516298383092,0.012964654248207808,1.222943663597107,0.6824319679290056
1601,0.0008880999233219142,0.011138629168272018,0.011143825016915798,2.34032777370885e-05,0.01111784391105175,0.14137094467878342,0.01271326444676851,0.007817769423127174,0.021705416592879515,0.012976472731679678,1.2286262512207031,0.6849985979497433
1602,0.0008870888420356328,0.011000405065715313,0.01114184781908989,2.1965101041132584e-05,0.010434631258249283,0.14258861914277077,0.012767898740340088,0.007790185045450926,0.021789433408202007,0.012989834416657686,1.238156110048294,0.6903723645955324
1603,0.0008860778742700905,0.011181703768670559,0.011212374083697796,2.327946094737854e-05,0.011059023439884186,0.14244047924876213,0.012761264947259354,0.00790242524817586,0.021721670560674523,0.012995286146178842,1.230467051267624,0.686453765258193
1604,0.0008850670211339378,0.01101219654083252,0.011069497093558311,2.2698404791299254e-05,0.010782989673316479,0.14176629856228828,0.012731028913969763,0.007794572040438652,0.021736399253089483,0.012995576718822122,1.2321362495422363,0.6869512740522623
1605,0.0008840562837356982,0.01083334069699049,0.010957673192024231,2.1757505237474106e-05,0.010336009785532951,0.1427040919661522,0.01277306777929591,0.007813144009560347,0.021804888987413257,0.013003156520426273,1.2399131953716278,0.69130864366889
1606,0.0008830456631837695,0.01100328378379345,0.011069401167333126,2.2605410777032375e-05,0.010738813318312168,0.14282910898327827,0.012778661914292779,0.007888606283813715,0.021770367004639208,0.013016263721510768,1.2359902560710907,0.6894096825271845
1607,0.0008820351605864215,0.01090102456510067,0.010976428166031837,2.2311969587462954e-05,0.010599412024021149,0.14231664687395096,0.012755716088051594,0.007791972369886935,0.021781745849810644,0.013017279095947742,1.2372825741767883,0.6897996105253696
1608,0.0008810247770517934,0.010690060444176197,0.010829886421561241,2.1325438865460455e-05,0.010130755603313446,0.14294075965881348,0.012783655142651635,0.007826309883967042,0.021827926754541895,0.01302097481675446,1.2425346970558167,0.6927377283573151
1609,0.0008800145136878954,0.010861573740839958,0.010961562395095825,2.202190808020532e-05,0.010461617261171341,0.1430944986641407,0.012790528048220224,0.007872539688833058,0.021803442583153206,0.013033926486968994,1.2397487163543701,0.6914216075092554
1610,0.0008790043716026046,0.010777760297060013,0.010873368009924889,2.188236976508051e-05,0.01039532944560051,0.14278621971607208,0.01277674266350855,0.007801888743415475,0.02181340462627556,0.01303533068858087,1.2408819496631622,0.6918340846896172
1611,0.0008779943519036656,0.01057813037186861,0.010733499191701412,2.0958952518412843e-05,0.009956654161214828,0.143221203237772,0.012796189605911121,0.007832098985090852,0.021847018524736708,0.013038749806582928,1.24470916390419,0.693965183570981
1612,0.0008769844556986896,0.010734554380178452,0.01084964256733656,2.1627391106449068e-05,0.010274199768900871,0.1434606872498989,0.01280688341148812,0.007859443197958171,0.021840671668963616,0.013055579969659448,1.2439860105514526,0.6937233489006758
1613,0.0008759746840951506,0.010655174031853676,0.010762114077806473,2.1528896468225867e-05,0.010227409191429615,0.14337154477834702,0.012802903762005277,0.007816774072125554,0.02186334260252853,0.01306071225553751,1.246569961309433,0.69497075304389
1614,0.0008749650382003875,0.010492476634681225,0.01066015474498272,2.0675004634540528e-05,0.009821763262152672,0.143563874065876,0.012811488118725643,0.0078364466316998,0.021877363482533285,0.0130590726621449,1.2481693029403687,0.6958665885031223
1615,0.0008739555191216013,0.010611619800329208,0.010737497359514236,2.1277770429151133e-05,0.010108109563589096,0.14376264065504074,0.012820354043489286,0.00784500828012824,0.021869671400896323,0.013071959372609854,1.2472917437553406,0.6955271922051907
1616,0.0008729461279658524,0.010546059347689152,0.010660067200660706,2.1239706256892532e-05,0.010090027935802937,0.14380324259400368,0.012822164200009754,0.007829855429008603,0.021906660894582246,0.013081560842692852,1.251514583826065,0.6976589132100344
1617,0.0008719368658400625,0.010413327254354954,0.010589135810732841,2.043992753897328e-05,0.009710089303553104,0.14389152452349663,0.012826099724077984,0.007836164557375014,0.02192087910965447,0.01308377762325108,1.2531396746635437,0.6985155995935202
1618,0.0008709277338510118,0.010494102723896503,0.010637455619871616,2.088324799842667e-05,0.009920690208673477,0.1440960429608822,0.012835211360468668,0.00783872907049954,0.021907074065989806,0.013093885499984026,1.2515617311000824,0.6978288870304823
1619,0.0008699187331053362,0.010447802022099495,0.01057337410748005,2.0935498469043523e-05,0.009945512749254704,0.1441924013197422,0.01283950259379532,0.007838386576622725,0.02194060199540168,0.01310035795904696,1.255395621061325,0.6997940111905336
1620,0.0008689098647095295,0.01033677626401186,0.01052058394998312,2.021144246100448e-05,0.009601546451449394,0.1442684307694435,0.012842886534256982,0.007836679578758776,0.02195008363520114,0.013102239463478327,1.2564809322357178,0.7003746815025806
1621,0.0008679011297699394,0.010386438108980656,0.010546212084591389,2.0518347810138948e-05,0.009747343137860298,0.14451724663376808,0.012853956833777679,0.007843137718737125,0.021937538767045343,0.013113127322867513,1.2550452053546906,0.6997812259942293
1622,0.0008668925293927671,0.010356396436691284,0.010490440763533115,2.06717577384552e-05,0.009820220991969109,0.14456584677100182,0.012856117965192315,0.00784425181336701,0.021977262875008716,0.013121262192726135,1.2595945000648499,0.7020801734179258
1623,0.0008658840646840672,0.010263043455779552,0.01045275665819645,2.0006504200864583e-05,0.009504188783466816,0.14457618072628975,0.01285657751075713,0.007841070182621479,0.02198578935443441,0.01312311296351254,1.2605719864368439,0.7025740835815668
1624,0.0008648757367497444,0.010286963544785976,0.010464342311024666,2.01607181224972e-05,0.009577448479831219,0.14482362940907478,0.012867575246022053,0.007847996894270182,0.021965022217941194,0.013127831742167473,1.258191704750061,0.7015076670795679
1625,0.000863867546695554,0.01026972383260727,0.010405629873275757,2.0473633412620984e-05,0.009726101532578468,0.14484219625592232,0.012868400068321581,0.007848681998439133,0.022002105713419734,0.013134927256032825,1.2624437510967255,0.7036429736763239
1626,0.0008628594956271002,0.01019354723393917,0.010384776629507542,1.984744994842913e-05,0.009428629651665688,0.14487406611442566,0.01286981578400059,0.007847611210308969,0.02201700040689073,0.013141816947609186,1.2641535997390747,0.7045138329267502
1627,0.0008618515846498346,0.01019531674683094,0.010383539833128452,1.9876482838299125e-05,0.009442422538995743,0.14517493173480034,0.012883172468313076,0.007855764939449728,0.021999313985488208,0.013146607670933008,1.2621234059333801,0.7036491688340902
1628,0.0008608438148690549,0.010188216343522072,0.010330203920602798,2.025084540946409e-05,0.009620264172554016,0.14515549689531326,0.012882310326556488,0.00785471627023071,0.0220324413243462,0.013152328552678227,1.2659273445606232,0.7055414207279682
1629,0.0008598361873899045,0.010127520188689232,0.01032017357647419,1.9696464732987806e-05,0.009356902912259102,0.1451938971877098,0.012884013798658068,0.00785491056740284,0.022046437664819684,0.01316019450314343,1.2675361931324005,0.7063650451600552
1630,0.0008588287033173704,0.010111076757311821,0.010305309668183327,1.964855800906662e-05,0.009334145113825798,0.14550995826721191,0.012898029489924509,0.007863189675845206,0.022029233980917672,0.013163595693185925,1.2655587792396545,0.7055343687534332
1631,0.0008578213637562824,0.010109413415193558,0.010262127965688705,1.9994640751974657e-05,0.009498553350567818,0.14545349031686783,0.012895526414732857,0.00786077871453017,0.022058951442658407,0.01316879503428936,1.2689755856990814,0.7072145380079746
1632,0.0008568141698113116,0.010062295943498611,0.010255225002765656,1.9556855477276258e-05,0.009290581569075584,0.14553537592291832,0.012899155694141991,0.00786294462159276,0.022075719324055054,0.013179038651287556,1.2709054946899414,0.7082204353064299
1633,0.0008558071225869701,0.010034801438450813,0.010231741704046726,1.94652056961786e-05,0.00924704223871231,0.14587406069040298,0.012914156308950505,0.007871460635215044,0.022063051980893207,0.013182607246562839,1.2694474756717682,0.7076607681810856
1634,0.0008548002231876083,0.010032287798821926,0.010195666924118996,1.9742503354791552e-05,0.009378774091601372,0.14578799903392792,0.012910346113068029,0.007868050714023411,0.02208804357474297,0.013185968855395913,1.272324949502945,0.7090564742684364
1635,0.000853793472717415,0.009997219778597355,0.01018928736448288,1.9427123334025964e-05,0.00922895222902298,0.14589544385671616,0.012915102802130141,0.007871047244407237,0.02210462760641549,0.013196405488997698,1.274236261844635,0.7100658528506756
1636,0.0008527868722804155,0.009964830242097378,0.010160114616155624,1.9331855583004653e-05,0.009183693677186966,0.14624853059649467,0.012930721472291573,0.00787957280408591,0.022098177928759403,0.01320103951729834,1.2734927237033844,0.7098706271499395
1637,0.0008517804229804706,0.009957618080079556,0.010132204741239548,1.9490944396238774e-05,0.009259268641471863,0.14616216346621513,0.012926902931916022,0.007876563584432006,0.02211893238275914,0.013203945010900497,1.2758859992027283,0.7110240813344717
1638,0.0008507741259212754,0.009931640699505806,0.010123476386070251,1.9291028365842067e-05,0.009164299815893173,0.14626164734363556,0.012931301168275618,0.00787970086093992,0.022130478535738473,0.01321327849291265,1.2772183120250702,0.7117399796843529
1639,0.0008497679822063579,0.009898717515170574,0.010091651231050491,1.9212468032492325e-05,0.009126977995038033,0.1465543918311596,0.012944236076064033,0.00788637320511043,0.022127620963979196,0.013217539293691516,1.2768885493278503,0.711721470579505
1640,0.0008487619929390782,0.009886262938380241,0.010068818926811218,1.9273637008154765e-05,0.009156037122011185,0.14646963775157928,0.012940492509536564,0.0078837547916919,0.02214616953411067,0.013219924876466393,1.2790301144123077,0.7127498760819435
1641,0.0008477561592226267,0.009865505620837212,0.010058457031846046,1.9142415112582967e-05,0.009093699045479298,0.14660916849970818,0.012946654848263427,0.007888125837780535,0.02215579127475249,0.013229124713689089,1.2801417410373688,0.7133754547685385
1642,0.0008467504821600238,0.009834686294198036,0.01002715528011322,1.908160265884362e-05,0.0090648103505373,0.1468707136809826,0.012958198000806739,0.007893450558185577,0.022156873982466626,0.013234047219157219,1.2802670001983643,0.7135688569396734
1643,0.000845744962854117,0.009818015620112419,0.010008031502366066,1.9067158063990064e-05,0.009057948365807533,0.1467808224260807,0.012954232119379714,0.007891167653724551,0.02217059830764387,0.013235475402325392,1.281853348016739,0.7143170852214098
1644,0.000844739602407582,0.009799560531973839,0.009993765503168106,1.8993050616700202e-05,0.009022743441164494,0.14694194868206978,0.012961340024152107,0.007896200404502451,0.022177094016862575,0.013243329944089055,1.2826046645641327,0.7147733066231012
1645,0.00084373440192292,0.009772030636668205,0.009964191354811192,1.895231253001839e-05,0.00900338962674141,0.14716999977827072,0.012971393983949218,0.007900001481175423,0.02218569734458152,0.013249818002805114,1.283600002527237,0.7153850011527538
1646,0.0008427293625024559,0.009752155281603336,0.009946903213858604,1.8888684280682355e-05,0.008973161689937115,0.14708687737584114,0.012967729935902379,0.007898509851656854,0.022199081009646914,0.013252155389636755,1.2851491272449493,0.7161180023103952
1647,0.000841724485248339,0.009734204038977623,0.009930014610290527,1.8841947166947648e-05,0.008950960822403431,0.14726775139570236,0.012975701160083328,0.007904117577709258,0.022201886616753513,0.013258337741717696,1.2854739427566528,0.7163708470761776
1648,0.0008407197712625409,0.00971030630171299,0.009903309866786003,1.8815269868355244e-05,0.008938287384808064,0.14746065065264702,0.012984196490697934,0.007906476152129471,0.022213039827214672,0.013264666311442852,1.2867658734321594,0.7171132620424032
1649,0.0008397152216468529,0.00968822930008173,0.009885651059448719,1.8731599993770942e-05,0.00889853946864605,0.14741021022200584,0.012981975413280666,0.00790627405513078,0.022224594708795384,0.01326791406609118,1.288104921579361,0.7177575659006834
1650,0.000838710837502887,0.009669793769717216,0.009866554290056229,1.8698365238378756e-05,0.008882751688361168,0.14761406555771828,0.012990949017730723,0.007912087254226208,0.022226824239843138,0.013273406075313687,1.288363367319107,0.7179887164384127
1651,0.0008377066199320743,0.009649007581174374,0.00984269566833973,1.8680482753552496e-05,0.008874256163835526,0.14774031192064285,0.012996502973972323,0.007912728935480118,0.022241028504665052,0.013279593549668789,1.2900106012821198,0.7188754566013813
1652,0.0008367025700356615,0.009626074694097042,0.009825443848967552,1.8584372810437344e-05,0.008828599005937576,0.14770705625414848,0.012995040450568675,0.007913485518656671,0.022249227933396377,0.013283030595630407,1.2909619510173798,0.7193345036357641
1653,0.0008356986889147131,0.009606542997062206,0.009804443456232548,1.8555620044935495e-05,0.008814940229058266,0.14792432636022568,0.013004594756501332,0.007919171592220664,0.022249650113086845,0.013287362409755588,1.2910109162330627,0.7194676212966442
1654,0.0008346949776701073,0.00958774983882904,0.009782315231859684,1.854414222179912e-05,0.008809487335383892,0.1479981429874897,0.013007838702077007,0.007918857270851731,0.022265424277839736,0.013293495401740074,1.292842149734497,0.7204201463609934
1655,0.0008336914374025366,0.009565251879394054,0.00976506993174553,1.8452554286341183e-05,0.008765976876020432,0.14801036939024925,0.013008376088190566,0.007920717122033238,0.022272534426406376,0.013297791825607419,1.2936679422855377,0.7208391558378935
1656,0.0008326880692125068,0.009544633328914642,0.00974325556308031,1.8419226762489416e-05,0.008750145323574543,0.1482272893190384,0.013017904677448285,0.007925921934656799,0.022274431530863947,0.013301671016961336,1.2938883304595947,0.7210578098893166
1657,0.0008316848742003331,0.009526453912258148,0.00972262118011713,1.84016225830419e-05,0.00874178297817707,0.14826295897364616,0.013019470535302924,0.007925319601781666,0.02229027531238548,0.01330743357539177,1.2957297265529633,0.7219963427633047
1658,0.0008306818534661419,0.009505261667072773,0.009705062955617905,1.8326420104131103e-05,0.008706055581569672,0.14832894504070282,0.013022367860726409,0.00792813440784812,0.0222947030656147,0.013311735354363918,1.2962444722652435,0.7222867086529732
1659,0.0008296790081098695,0.009484018199145794,0.00968250073492527,1.8292799722985364e-05,0.008690085262060165,0.14850467443466187,0.013030079232443066,0.00793213420547545,0.02229778248911721,0.013315149815753102,1.2966026067733765,0.7225536406040192
1660,0.0008286763392312575,0.009465474635362625,0.009663091041147709,1.82610638148617e-05,0.00867500901222229,0.14852064847946167,0.013030780281061964,0.007931619766168296,0.022313192144633356,0.013320734724402428,1.2983953654766083,0.723458006978035
1661,0.0008276738479298559,0.009445661678910255,0.009645598009228706,1.8199829355580732e-05,0.008645918220281601,0.14864837378263474,0.013036381871082695,0.007935237721540034,0.02231674502761578,0.013325286097824574,1.2988089323043823,0.7237286530435085
1662,0.0008266715353050196,0.009424584917724133,0.009622855111956596,1.8169488612329587e-05,0.008631506003439426,0.14876028150320053,0.013041288419528101,0.007937882328405976,0.02232099867876689,0.013328212080523372,1.299304038286209,0.7240321598947048
1663,0.0008256694024559065,0.009405198507010937,0.009604182094335556,1.8122671463061124e-05,0.008609265089035034,0.14877895265817642,0.013042106858209597,0.007937834830954671,0.022333856089642213,0.013333369279280305,1.3008012473583221,0.7247901000082493
1664,0.0008246674504814787,0.00938620325177908,0.009586403146386147,1.8072445527650416e-05,0.008585404604673386,0.14895253628492355,0.013049713035957622,0.007941998541355133,0.02233784443958161,0.01333841891027987,1.3012659847736359,0.7251092605292797
1665,0.0008236656804804994,0.009366008453071117,0.009564300999045372,1.804599196475465e-05,0.008572838269174099,0.14900999888777733,0.013052229605174095,0.007943705073557794,0.02234469921298279,0.013341592624783516,1.302064687013626,0.7255373429507017
1666,0.0008226640935515319,0.009345955215394497,0.00954606756567955,1.7988459148909897e-05,0.008545506745576859,0.14906326308846474,0.013054562322476147,0.007944523938931525,0.02235476196738365,0.013346261344850063,1.3032376766204834,0.7261504698544741
1667,0.0008216626907929397,0.009326931089162827,0.00952746532857418,1.79448561539175e-05,0.008524792268872261,0.1492382138967514,0.013062220848930236,0.007948447717353702,0.02235892670674422,0.01335100014694035,1.303723394870758,0.7264808043837547
1668,0.0008206614733028828,0.009307772852480412,0.009506260976195335,1.7921754988492467e-05,0.008513819426298141,0.1492549404501915,0.013062952756664085,0.007949492894113064,0.022367034283810084,0.013354220893234015,1.3046690225601196,0.7269619815051556
1669,0.0008196604421793194,0.009287785738706589,0.009488296695053577,1.7862648746813647e-05,0.008485740050673485,0.1493636779487133,0.013067710549694286,0.00795146613381803,0.022374756019866004,0.013358883559703827,1.3055699467658997,0.7274668123573065
1670,0.0008186595985200033,0.009268291294574738,0.00946890003979206,1.782078470569104e-05,0.008465852588415146,0.14951171353459358,0.013074184402275243,0.007954776287078857,0.022380539193431852,0.013363565085455775,1.3062449395656586,0.7278783265501261
1671,0.0008176589434224814,0.009249585680663586,0.00944884866476059,1.7792748622014187e-05,0.00845253374427557,0.14951468631625175,0.013074314764867775,0.007955552777275443,0.02238912479034367,0.013366807717829943,1.307247281074524,0.7283809836953878
1672,0.0008166584779840952,0.009230252355337143,0.009431110695004463,1.7738620954332873e-05,0.008426818996667862,0.14965813234448433,0.013080584825591919,0.007958208210766315,0.022394828065731374,0.013371297158300877,1.3079134225845337,0.728785777464509
1673,0.000815658203301978,0.009210607036948204,0.009411046281456947,1.770079688867554e-05,0.008408850990235806,0.14976146444678307,0.013085100027942694,0.007960649440065026,0.022402409821157626,0.013375948881730437,1.3087992072105408,0.7292803358286619
1674,0.000814658120473053,0.009191726334393024,0.009391821920871735,1.76639441633597e-05,0.008391343988478184,0.149788960814476,0.013086301177801846,0.007961801020428538,0.022410422448123545,0.013379380106925964,1.3097355365753174,0.7297622486948967
1675,0.000813658230594034,0.009172933176159859,0.009374096989631653,1.7615391698200256e-05,0.008368279784917831,0.14994000643491745,0.013092897266006305,0.00796472281217575,0.022414633651873548,0.013383498648181558,1.3102278113365173,0.7300839088857174
1676,0.0008126585347614233,0.009153669700026512,0.00935402512550354,1.7581642168806866e-05,0.008352246135473251,0.15000542998313904,0.013095753622393284,0.007966413628309965,0.02242337979233263,0.013387827901169658,1.3112505972385406,0.7306280136108398
1677,0.0008116590340715089,0.009134579449892044,0.009335389360785484,1.7537633539177477e-05,0.008331340737640858,0.15007474273443222,0.013098778774863056,0.007968255551531911,0.022430456901052706,0.013391347834840417,1.3120783567428589,0.7310765497386456
1678,0.0008106597296203667,0.009115876629948616,0.009317342191934586,1.749274815665558e-05,0.008310016244649887,0.1502048708498478,0.013104456097915032,0.007970994571223855,0.022434780287402402,0.013395436340942979,1.31258425116539,0.7313945610076189
1679,0.0008096606225038562,0.009097089990973473,0.009297622367739677,1.7461057723267004e-05,0.008294961415231228,0.15025665238499641,0.013106714708549594,0.007972294930368662,0.022443947151502577,0.013399681774899364,1.3136571049690247,0.7319568786770105
1680,0.0008086617138176208,0.009078145027160645,0.009279608726501465,1.7413325622328557e-05,0.008272286504507065,0.15036117285490036,0.013111272938014952,0.00797476340085268,0.02244955093648665,0.013403206132352352,1.3143130838871002,0.7323371283710003
1681,0.0008076630046570868,0.009059376083314419,0.0092612374573946,1.737047750793863e-05,0.008251931518316269,0.1504576876759529,0.013115479949828887,0.00797700579278171,0.02245455371280504,0.013407135149464011,1.3148989975452423,0.7326783426105976
1682,0.0008066644961174608,0.009040801785886288,0.009241740219295025,1.733914359647315e-05,0.00823704618960619,0.1505194641649723,0.01311817234499163,0.0079783049877733,0.022463590397900034,0.013411316554993391,1.3159575760364532,0.7332385201007128
1683,0.0008056661892937298,0.009022165089845657,0.009223956614732742,1.7292735719820485e-05,0.008214998990297318,0.150635227560997,0.01312321644620024,0.007981079397723079,0.022468889425193962,0.013415063265711069,1.3165785074234009,0.7336068674921989
1684,0.0008046680852806601,0.009003493934869766,0.009205411188304424,1.725237598293461e-05,0.008195826783776283,0.15070649236440659,0.013126319662315481,0.007982842158526182,0.02247509270604803,0.013419086579233408,1.3173055946826935,0.73400604352355
1685,0.0008036701851727948,0.008984968066215515,0.009186334908008575,1.7218007997144014e-05,0.008179500699043274,0.1507912278175354,0.01313000899995832,0.007984478259459138,0.022482822312980735,0.013423023978248239,1.318211853504181,0.7345015406608582
1686,0.0008026724900644535,0.008966529741883278,0.009168623015284538,1.717307895887643e-05,0.008158157579600811,0.15089508146047592,0.013134530201161697,0.007987126242369413,0.02248795228439302,0.013426759745925665,1.318813443183899,0.7348542623221874
1687,0.0008016750010497317,0.008948084898293018,0.009149907156825066,1.7136537280748598e-05,0.008140796795487404,0.1509566567838192,0.013137209553674903,0.007988598779775202,0.022495011018788594,0.013430817518383265,1.3196414411067963,0.7352990489453077
1688,0.0008006777192224981,0.008929671719670296,0.009131340309977531,1.709906428004615e-05,0.008122995495796204,0.15106042101979256,0.013141723986831652,0.007990671205334365,0.02250187514711035,0.013434752821922302,1.320446938276291,0.7357536796480417
1689,0.0007996806456763947,0.008911333046853542,0.009113680571317673,1.7054744603228755e-05,0.008101941086351871,0.1511467956006527,0.013145481094076449,0.007993008941411972,0.022507646509017418,0.013438602210953832,1.3211243748664856,0.7361355852335691
1690,0.0007986837815048346,0.008893060497939587,0.009094923734664917,1.7020360246533528e-05,0.00808560661971569,0.15121523663401604,0.013148456899686148,0.007994535844773054,0.02251438349633288,0.013442412717267871,1.3219153583049774,0.7365652974694967
1691,0.000797687127801002,0.008874820545315742,0.009076807647943497,1.6980926375254057e-05,0.008066873997449875,0.15132193639874458,0.013153094703236423,0.007996806409209967,0.022520347280700598,0.013446189928799868,1.3226158022880554,0.7369688693434
1692,0.0007966906856578496,0.008856628090143204,0.00905904732644558,1.6938993212534115e-05,0.00804695300757885,0.15139512345194817,0.01315627507256021,0.007998792454600334,0.022527094196651692,0.013450199970975518,1.3234083950519562,0.7374017592519522
1693,0.0007956944561680983,0.00883848499506712,0.009040417149662971,1.6904894437175244e-05,0.008030753582715988,0.15147924050688744,0.013159929611993122,0.008000618312507868,0.022533433700097926,0.013453907333314419,1.3241533935070038,0.7378163170069456
1694,0.0007946984404242363,0.008820371702313423,0.009022708982229233,1.6863354176166467e-05,0.008011020720005035,0.1515774205327034,0.01316419361718474,0.008002820890396833,0.0225391780965591,0.013457677094265819,1.3248285949230194,0.7382030077278614
1695,0.0007937026395185166,0.008802337571978569,0.009004723280668259,1.6824986232677475e-05,0.007992792874574661,0.1516457349061966,0.013167159806037781,0.008004597388207912,0.02254615011901716,0.013461617287248373,1.3256483972072601,0.7386470660567284
1696,0.000792707054542957,0.00878435280174017,0.008986374363303185,1.6790196241345257e-05,0.007976265624165535,0.15173983573913574,0.013171244699836757,0.008006677264347672,0.02255186175553395,0.013465178664773703,1.326320081949234,0.7390299588441849
1697,0.0007917116865893387,0.008766373619437218,0.00896894559264183,1.674772283877246e-05,0.00795608852058649,0.1518242098391056,0.013174905994011794,0.008008633740246296,0.02255800190165724,0.013469035504385829,1.3270423710346222,0.7394332904368639
1698,0.0007907165367492047,0.008748454041779041,0.008950790390372276,1.6711983334971592e-05,0.007939109578728676,0.15189902111887932,0.013178151495289565,0.008010468911379576,0.02256482397471588,0.013472917722538114,1.3278452157974243,0.7398721184581518
1699,0.0007897216061138585,0.00873061828315258,0.008932879194617271,1.667506694502663e-05,0.007921572774648666,0.15199679136276245,0.013182391668194042,0.0080126675311476,0.022570292334041685,0.013476463500410318,1.3284888565540314,0.7402428239583969
1700,0.000788726895774364,0.008712816052138805,0.008915498852729797,1.6634036001050845e-05,0.007902082055807114,0.15207106992602348,0.013185612288891466,0.008014444960281253,0.022576703338574325,0.01348033151589334,1.3292436301708221,0.7406573500484228
1701,0.0007877324068215426,0.008695023134350777,0.008897287771105766,1.660011548665352e-05,0.007885966449975967,0.1521562933921814,0.01318930683149473,0.008016460109502077,0.022583057429284927,0.013484060764312744,1.3299919366836548,0.7410741150379181
1702,0.0007867381403459735,0.008677294477820396,0.008879795670509338,1.656079439271707e-05,0.00786728784441948,0.15224813669919968,0.013193286565585735,0.008018538821488619,0.02258883961563354,0.01348769897595048,1.3306731283664703,0.741460632532835
1703,0.0007857440974379922,0.00865962915122509,0.008862326852977276,1.652196078794077e-05,0.007848838344216347,0.15232035517692566,0.013196415207574063,0.008020283654332161,0.022595171616655627,0.01349149108864367,1.331419289112091,0.7418698221445084
1704,0.0007847502791876879,0.008642008528113365,0.008844301104545593,1.6488280380144715e-05,0.007832838222384453,0.1524128019809723,0.01320041911800514,0.008022385649383068,0.02260109911365981,0.013495086692273617,1.332117885351181,0.7422653436660767
1705,0.0007837566866849046,0.00862441398203373,0.008827045559883118,1.6448380847577937e-05,0.007813885807991028,0.15249383449554443,0.013203927811802707,0.008024272276088595,0.02260725195606632,0.01349881011992693,1.3328433632850647,0.7426685988903046
1706,0.0007827633210192388,0.008606861345469952,0.008809437975287437,1.6411904653068632e-05,0.007796557154506445,0.1525716744363308,0.013207297710387712,0.008026148425415158,0.022613277639867153,0.013502547983080149,1.3335538506507874,0.7430627625435591
1707,0.0007817701832800369,0.00858937855809927,0.008791745640337467,1.637686182220932e-05,0.0077799102291464806,0.1526627019047737,0.013211236777629465,0.008028193144127727,0.022619249929474124,0.013506207382306457,1.3342583775520325,0.7434605397284031
1708,0.0007807772745563962,0.008571930229663849,0.008774595335125923,1.6337624401785433e-05,0.007761269807815552,0.152737557888031,0.013214475283114627,0.008030008291825652,0.022625437390626914,0.013509973883628845,1.3349884748458862,0.7438630163669586
1709,0.0007797845959371638,0.008554520085453987,0.008756980299949646,1.6302699805237353e-05,0.00774467783048749,0.15282422676682472,0.013218223821634938,0.008032031590119004,0.02263104092488596,0.013513615122064948,1.3356497585773468,0.7442369926720858
1710,0.0007787921485109325,0.008537151850759983,0.008739587850868702,1.6266345483018085e-05,0.00772740738466382,0.15290668979287148,0.013221789561917219,0.008033921010792255,0.022637291374710967,0.013517349492758512,1.3363876342773438,0.7446471620351076
1711,0.0007777999333660433,0.00851984042674303,0.008722428232431412,1.622862328076735e-05,0.007709488272666931,0.1529844105243683,0.013225149682629077,0.008035819511860609,0.022643292034170023,0.013521095737814903,1.3370963037014008,0.7450403571128845
1712,0.0007768079515905811,0.008502572774887085,0.00870494544506073,1.6194089766941033e-05,0.007693082094192505,0.15307335183024406,0.013228993371969092,0.008037860039621592,0.02264884713973332,0.013524653855711222,1.3377524018287659,0.745412876829505
1713,0.0007758162042723761,0.008485335856676102,0.008687805384397507,1.6156991478055716e-05,0.007675458677113056,0.15314865112304688,0.01323224650201679,0.00803964864462614,0.022655169434511985,0.01352836680598557,1.3384994566440582,0.7458240538835526
1714,0.0007748246924990007,0.008468150161206722,0.008670615032315254,1.6120851796586066e-05,0.007658291608095169,0.15323441848158836,0.013235951665250155,0.0080416698474437,0.022660857124764077,0.013532021548599005,1.339171439409256,0.7462029289454222
1715,0.0007738334173577687,0.00845100823789835,0.008653322234749794,1.6086030882433988e-05,0.007641749456524849,0.1533164568245411,0.01323949408317724,0.008043569978326559,0.022666710307131348,0.013535578968003392,1.3398634493350983,0.7465899530798197
1716,0.0007728423799357351,0.00843390915542841,0.00863635540008545,1.6048928955569863e-05,0.007624123245477676,0.15339276567101479,0.013242788175920523,0.008045388385653496,0.022672847590684574,0.013539266074076295,1.3405890762805939,0.7469909209758043
1717,0.0007718515813196947,0.008416855707764626,0.008619194850325584,1.601393159944564e-05,0.0076074982061982155,0.15348146483302116,0.013246616585737165,0.008047427982091904,0.022678410214845533,0.013542842119932175,1.3412469625473022,0.7473642136901617
1718,0.0007708610225961785,0.008399845100939274,0.00860210508108139,1.5978792362147942e-05,0.007590803783386946,0.1535569168627262,0.013249872390365859,0.00804922659881413,0.022684396148255116,0.013546371832489967,1.3419550657272339,0.74775599129498
1719,0.000769870704851456,0.008382877334952354,0.008585227653384209,1.5942310710670426e-05,0.0075734746642410755,0.15363990515470505,0.013253452124268969,0.008051158860325813,0.02269020349604487,0.01355000352486968,1.342642217874527,0.748141061514616
1720,0.0007688806291715326,0.008365949615836143,0.008568152785301208,1.590791725902818e-05,0.00755713414400816,0.15372303873300552,0.013257037065975417,0.008053098106756806,0.022695979543627676,0.013553559547290206,1.3433259725570679,0.7485245056450367
1721,0.0007678907966421468,0.00834906380623579,0.008551251143217087,1.5872512449277565e-05,0.007540315389633179,0.15379919856786728,0.013260321039377269,0.008054931880906224,0.022701869502027516,0.013557065976783633,1.3440232872962952,0.7489112429320812
1722,0.000766901208348772,0.008332221768796444,0.008534429594874382,1.583688208484091e-05,0.007523389998823404,0.15388495475053787,0.013264017263190807,0.008056916994974017,0.022707468594054186,0.013560640159994364,1.3446862995624542,0.749285627156496
1723,0.0007659118653766128,0.008315428160130978,0.008517486043274403,1.5802792404429056e-05,0.007507195696234703,0.15396178513765335,0.013267328300470995,0.008058738196268678,0.022713379918845977,0.013564185937866569,1.3453865051269531,0.7496741451323032
1724,0.0007649227688106048,0.00829867273569107,0.008500760421156883,1.5767276636324823e-05,0.007490323390811682,0.1540435217320919,0.013270849184591012,0.008060665102675557,0.022719018448285038,0.013567679794505239,1.3460545539855957,0.7500490378588438
1725,0.0007639339197354144,0.008281956426799297,0.0084840077906847,1.573238660057541e-05,0.007473748177289963,0.15412480384111404,0.01327435008762339,0.008062565699219704,0.022724775645480127,0.013571263523772359,1.346736878156662,0.750430840998888
1726,0.0007629453192354352,0.008265284821391106,0.00846721138805151,1.5698347851866856e-05,0.0074575780890882015,0.15420245379209518,0.013277693482214362,0.008064382709562778,0.022730622931830372,0.013574766693636775,1.347430020570755,0.7508162371814251
1727,0.000761956968394789,0.008248656988143921,0.00845060870051384,1.5663139492971823e-05,0.0074408515356481075,0.15428566187620163,0.013281275989352772,0.008066333131864667,0.022736072855301142,0.013578219106420875,1.3480762839317322,0.7511809729039669
1728,0.0007609688682973239,0.00823207013309002,0.008433928713202477,1.5629000699846074e-05,0.007424634415656328,0.1543627232313156,0.013284592035970549,0.008068138267844915,0.022741932593892247,0.013581764651462436,1.3487711250782013,0.7515669241547585
1729,0.0007599810200266128,0.008215522393584251,0.008417289704084396,1.559493648528587e-05,0.007408452685922384,0.15444466099143028,0.013288117106667037,0.008070021402090788,0.02274758739538394,0.013585222652181983,1.3494420647621155,0.7519433628767729
1730,0.000758993424665952,0.008199021220207214,0.008400799706578255,1.556011375214439e-05,0.007391908671706915,0.15452375635504723,0.013291519443528037,0.008071899181231856,0.022753139741822668,0.013588683912530541,1.350100815296173,0.7523122858256102
1731,0.0007580060832983615,0.00818256102502346,0.008384207263588905,1.55265697685536e-05,0.007375973742455244,0.15460210293531418,0.01329488834687657,0.008073704317212105,0.022758927949977987,0.013592185219749808,1.3507877886295319,0.752694945782423
1732,0.0007570189970065818,0.00816613994538784,0.008367730304598808,1.5492483726120554e-05,0.007359781302511692,0.15468445792794228,0.013298429153903042,0.0080756067764014,0.02276445387859858,0.01359562436118722,1.3514439463615417,0.753064202144742
1733,0.0007560321668730742,0.008149759843945503,0.008351312950253487,1.5458310372196138e-05,0.007343546487390995,0.15476086363196373,0.013301713164419622,0.008077429374679923,0.0227701110755792,0.013599084690213203,1.3521155714988708,0.7534382175654173
1734,0.0007550455939800187,0.008133424445986748,0.008334841579198837,1.5425073797814548e-05,0.0073277573101222515,0.15484213083982468,0.01330520512616204,0.008079290157184005,0.022775716073113173,0.013602525228634477,1.3527814447879791,0.7538117878139019
1735,0.0007540592794093137,0.008117128163576126,0.008318522945046425,1.5390956832561642e-05,0.007311550434678793,0.15492067113518715,0.01330857917586036,0.008081143721938133,0.022781298931742834,0.013605954125523567,1.3534446358680725,0.7541826535016298
1736,0.0007530732242425741,0.008100875653326511,0.008302169851958752,1.5357589290942997e-05,0.00729569885879755,0.1549987830221653,0.013311933786866645,0.008082977030426264,0.022786891278910915,0.01360936718992889,1.3541092276573181,0.7545540053397417
1737,0.00075208742956113,0.008084663189947605,0.008285842835903168,1.5324429114116356e-05,0.007279945537447929,0.1550796665251255,0.013315406675322357,0.008084842702373862,0.022792421281658006,0.013612793060019612,1.3547666370868683,0.7549231518059969
1738,0.0007511018964460265,0.008068490773439407,0.008269637823104858,1.5290657756850123e-05,0.007263903506100178,0.15515640377998352,0.013318700839950938,0.008086646208539605,0.022798047283449346,0.013616240350529552,1.3554354012012482,0.7552959024906158
1739,0.0007501166259780213,0.008052357472479343,0.0082533685490489,1.5257843188010156e-05,0.007248314097523689,0.15523628145456314,0.013322128271946228,0.008088502334430814,0.02280350470415957,0.013619636883959174,1.3560844659805298,0.7556603737175465
1740,0.000749131619237584,0.008036263287067413,0.008237196132540703,1.5224625713017303e-05,0.007232533767819405,0.15531479939818382,0.013325497081131074,0.008090320508927107,0.02280906895833597,0.013623065082356334,1.356746345758438,0.756030572578311
1741,0.0007481468773048957,0.008020211942493916,0.008221078664064407,1.5191388229141012e-05,0.007216744124889374,0.15539267286658287,0.01332883733543848,0.008092135190963745,0.022814599644880588,0.013626485364511609,1.357404351234436,0.7563985120505095
1742,0.0007471624012598466,0.0080042015761137,0.008204922080039978,1.5158915630308911e-05,0.007201318629086018,0.15547195449471474,0.013332237330340136,0.008093981072306633,0.02282002823751612,0.013629865366965532,1.3580504357814789,0.7567611951380968
1743,0.000746178192182035,0.00798823032528162,0.008188895881175995,1.5125761819945183e-05,0.007185568101704121,0.15554950013756752,0.013335561574230246,0.00809577526524663,0.022825611414646212,0.01363328518345952,1.3587149679660797,0.7571322340518236
1744,0.0007451942511507677,0.007972300983965397,0.008172854781150818,1.5093169167812448e-05,0.007170084863901138,0.15562807023525238,0.013338929309010141,0.008097617886960506,0.02283102942180651,0.01363667263649404,1.359360158443451,0.7574941143393517
1745,0.0007442105792450556,0.007956413552165031,0.008156843483448029,1.5060770238051191e-05,0.007154693827033043,0.15570591762661934,0.013342264837212896,0.00809943862259388,0.02283649903300174,0.013640036107972264,1.3600115180015564,0.7578587178140879
1746,0.0007432271775436162,0.007940568029880524,0.008140926249325275,1.502801569586154e-05,0.007139134220778942,0.15578385815024376,0.013345604165910399,0.00810126168653369,0.022841981668528008,0.013643424725160003,1.3606646955013275,0.7582242768257856
1747,0.0007422440471248702,0.007924757897853851,0.00812498852610588,1.4995813216955867e-05,0.007123835384845734,0.15586205199360847,0.013348952742834699,0.008103101048618555,0.022847395475205076,0.013646783074364066,1.3613097071647644,0.7585858795791864
1748,0.0007412611890669398,0.007908993400633335,0.008109116926789284,1.4963528883527033e-05,0.007108498364686966,0.15593936666846275,0.013352263152795857,0.00810490408912301,0.022852867536998958,0.013650133740156889,1.3619618713855743,0.7589506190270185
1749,0.0007402786044476502,0.007893266156315804,0.008093293756246567,1.4931230907677673e-05,0.007093155290931463,0.15601759403944016,0.013355611966902988,0.008106738096103072,0.022858243114993924,0.013653486501425505,1.3626026809215546,0.7593101374804974
1750,0.0007392962943445259,0.007877577096223831,0.00807747058570385,1.4899334928486496e-05,0.007078002672642469,0.15609470009803772,0.013358911603756428,0.008108532289043069,0.02286368139385419,0.013656818307936192,1.3632511496543884,0.7596729248762131
1751,0.0007383142598347898,0.007861919701099396,0.008061708882451057,1.4867246136418544e-05,0.0070627592504024506,0.15617240220308304,0.013362236562619484,0.008110347902402282,0.022869063338358368,0.013660145690664649,1.3638930022716522,0.7600327022373676
1752,0.0007373325019953633,0.007846316322684288,0.008045990020036697,1.4835381080047227e-05,0.007047621533274651,0.15625007823109627,0.013365558380710924,0.008112161653116345,0.022874448787823232,0.013663479825481772,1.3645354211330414,0.7603927496820688
1753,0.0007363510219028649,0.007830745540559292,0.008030282333493233,1.4803758858761285e-05,0.007032598368823528,0.15632668510079384,0.013368834609118013,0.008113949093967676,0.022879860000280666,0.013666792772710323,1.3651811182498932,0.7607539016753435
1754,0.000735369820633607,0.007815216667950153,0.008014647290110588,1.4771964742976706e-05,0.007017494644969702,0.15640469267964363,0.013372169887284046,0.008115781005471945,0.022885168194821413,0.013670097338035703,1.3658146560192108,0.7611096743494272
1755,0.0007343888992635978,0.007799720857292414,0.00799901969730854,1.4740455299033783e-05,0.007002526428550482,0.1564812771975994,0.013375443544282713,0.008117581252008677,0.022890571151818973,0.013673401670530438,1.366459608078003,0.7614704426378012
1756,0.000733408258868537,0.0077842772006988525,0.007983440533280373,1.470908409828553e-05,0.006987623404711485,0.1565585359930992,0.013378744816154193,0.008119396166875958,0.02289589243452099,0.013676684349775314,1.3670949339866638,0.7618267349898815
1757,0.0007324279005238177,0.007768862880766392,0.007967915385961533,1.4677567378384992e-05,0.006972650531679392,0.15663548558950424,0.013382032496420093,0.008121199207380414,0.02290122137667444,0.013679963303729892,1.3677314519882202,0.7621834687888622
1758,0.0007314478253045233,0.007753490470349789,0.007952394895255566,1.464645356463734e-05,0.006957870442420244,0.15671194717288017,0.013385298441423627,0.008122994098812342,0.022906561149297903,0.013683222932741046,1.3683693706989288,0.7625406589359045
1759,0.0007304680342854256,0.007738153915852308,0.007936932146549225,1.4615235158998985e-05,0.006943040061742067,0.15678924322128296,0.013388599185395,0.008124802960082889,0.022911846009344688,0.013686471851542592,1.3690008521080017,0.7628950476646423
1760,0.0007294885285409858,0.007722864858806133,0.007921513170003891,1.4584148630092386e-05,0.006928272545337677,0.15686531364917755,0.013391846278784175,0.00812659109942615,0.022917164257038523,0.013689719140529633,1.369636446237564,0.7632508799433708
1761,0.0007285093091453529,0.007707607001066208,0.007906103506684303,1.4553306755260564e-05,0.006913620047271252,0.15694235637784004,0.013395134817291706,0.008128410670906305,0.022922441276420038,0.013692956883460283,1.3702672719955444,0.7636048141866922
1762,0.0007275303771723599,0.007692390121519566,0.007890762761235237,1.452232027077116e-05,0.006898900493979454,0.15701855719089508,0.013398386436056123,0.008130209753289819,0.02292774056464119,0.013696207664906979,1.3709008693695068,0.763959713280201
1763,0.0007265517336955262,0.007677213754504919,0.007875435054302216,1.4491643923975062e-05,0.006884327158331871,0.15709494799375534,0.013401645138158814,0.008132016519084573,0.02293299198963194,0.01369945053011179,1.3715289235115051,0.7643119357526302
1764,0.0007255733797880547,0.007662077434360981,0.007860153913497925,1.446100213797763e-05,0.006869770586490631,0.15717144683003426,0.013404907797431398,0.008133817929774523,0.02293825490027873,0.013702688040211797,1.3721585869789124,0.7646650169044733
1765,0.0007245953165228298,0.007646976038813591,0.00784491840749979,1.4430342162086163e-05,0.00685520563274622,0.1572471782565117,0.013408136696696086,0.008135606534779072,0.02294351977493759,0.013705924851819873,1.372788518667221,0.7650178484618664
1766,0.0007236175449724185,0.007631909102201462,0.007829694077372551,1.4399953215615824e-05,0.006840769201517105,0.15732391923666,0.013411407813358792,0.008137410739436746,0.02294873017693974,0.013709144201129675,1.3734119832515717,0.7653679512441158
1767,0.0007226400662090664,0.007616887800395489,0.007814527489244938,1.4369554264703766e-05,0.006826328579336405,0.1573992669582367,0.013414619418765886,0.008139185607433319,0.022953995501742448,0.01371236122213304,1.3740423917770386,0.7657208293676376
1768,0.0007216628813046991,0.007601908873766661,0.007799402344971895,1.43392544487142e-05,0.006811934523284435,0.1574757806956768,0.013417879736631453,0.008140976540744305,0.02295918356114576,0.013715598965063691,1.37466362118721,0.7660697009414434
1769,0.0007206859913309202,0.007586967200040817,0.007784297689795494,1.4309176549431868e-05,0.00679764524102211,0.15755118802189827,0.01342109182631937,0.008142744423821568,0.022964409736203697,0.013718842528760433,1.3752894699573517,0.766420328989625
1770,0.0007197093973590086,0.0075720567256212234,0.007769242860376835,1.4279001334216446e-05,0.006783310789614916,0.15762722864747047,0.013424329976356066,0.008144516730681062,0.022969614132492926,0.013722088420763612,1.3759129643440247,0.7667700964957476
1771,0.0007187331004599195,0.007557186298072338,0.007754215970635414,1.42490189318778e-05,0.006769067142158747,0.15770278498530388,0.013427546754523286,0.008146277163177729,0.022974796764813843,0.013725334079936147,1.3765338957309723,0.7671183403581381
1772,0.0007177571017042829,0.007542361039668322,0.007739227265119553,1.4219186596164946e-05,0.00675489567220211,0.1577782891690731,0.013430761137030914,0.008148032939061522,0.02297997696181877,0.013728569261729717,1.3771546483039856,0.7674664687365294
1773,0.0007167814021623997,0.007527564186602831,0.007724277675151825,1.4189325156621635e-05,0.006740709766745567,0.15785392001271248,0.013433979760304348,0.008149789413437247,0.02298515725755652,0.013731808867305517,1.3777756094932556,0.767814764752984
1774,0.0007158060029042451,0.00751281064003706,0.00770935695618391,1.415967653883854e-05,0.006726624444127083,0.157929215580225,0.013437183669531972,0.008151534013450146,0.022990326891673987,0.013735034968703985,1.378395438194275,0.76816232688725
1775,0.0007148309049994641,0.007498092018067837,0.00769447535276413,1.4130066119832918e-05,0.006712557747960091,0.15800466388463974,0.013440392363853729,0.008153284899890423,0.022995464039193586,0.013738250127062201,1.3790115118026733,0.7685080878436565
1776,0.0007138561095173702,0.007483411580324173,0.007679634727537632,1.4100512998993509e-05,0.006698518991470337,0.15807972103357315,0.013443584461609117,0.008155022747814655,0.023000629775066905,0.013741465751081705,1.379631131887436,0.7688554264605045
1777,0.0007128816175269472,0.007468774449080229,0.007664825767278671,1.407114541507326e-05,0.00668456731364131,0.15815509855747223,0.013446789328920837,0.008156765485182405,0.023005750389963945,0.013744666706770658,1.380245566368103,0.7692003324627876
1778,0.0007119074300968443,0.0074541689828038216,0.007650055456906557,1.404179147357354e-05,0.0066706230863928795,0.15822991356253624,0.013449969630154206,0.008158504264429212,0.02301088124844215,0.013747871620580554,1.3808613121509552,0.7695456128567457
1779,0.0007109335482953777,0.007439603563398123,0.007635318674147129,1.4012573956279084e-05,0.006656742189079523,0.1583050712943077,0.013453163646945425,0.00816024886444211,0.023015997369702054,0.013751069083809853,1.3814753592014313,0.7698902152478695
1780,0.0007099599731905283,0.0074250767938792706,0.007620616350322962,1.3983471944811754e-05,0.006642918102443218,0.15837986022233963,0.013456340684356227,0.008161988807842135,0.023021104452577348,0.013754262356087565,1.382088452577591,0.7702341563999653
1781,0.0007089867058499407,0.0074105896055698395,0.0076059624552726746,1.3954380847280845e-05,0.006629097741097212,0.1584547460079193,0.01345952156678337,0.00816372805275023,0.023026200923151968,0.013757460750639439,1.3827004730701447,0.770577609539032
1782,0.0007080137473409213,0.007396134547889233,0.007591331377625465,1.392543526890222e-05,0.006615347228944302,0.15852944180369377,0.013462693996194104,0.008165462873876095,0.023031298793285068,0.013760656118392944,1.3833128213882446,0.7709211315959692
1783,0.000707041098730439,0.007381720934063196,0.007576741278171539,1.3896577002014965e-05,0.006601637229323387,0.15860404074192047,0.013465861085438815,0.00816719327121973,0.023036375636960007,0.013763841707259417,1.3839227855205536,0.771263413131237
1784,0.000706068761085122,0.007367345504462719,0.007562191225588322,1.3867789675714448e-05,0.006587962619960308,0.15867870673537254,0.013469029725824715,0.008168923202902079,0.023041441888719073,0.013767033815383911,1.3845314979553223,0.7716051023453474
1785,0.0007050967354712578,0.007353006862103939,0.007547668181359768,1.3839156963513233e-05,0.006574360653758049,0.15875304862856865,0.013472185199287973,0.008170638466253877,0.02304651649800395,0.013770217075943947,1.3851414322853088,0.7719472404569387
1786,0.0007041250229547916,0.007338702213019133,0.0075331879779696465,1.3810522432322614e-05,0.006560756824910641,0.15882765874266624,0.01347535059777681,0.008172359317541122,0.023051551166651356,0.013773384038358927,1.385746717453003,0.7722871880978346
1787,0.0007031536246013255,0.007324435748159885,0.007518739439547062,1.3782027963316068e-05,0.006547220982611179,0.1589016504585743,0.013478488801725788,0.008174075046554208,0.02305661124375397,0.013776549836620688,1.386355072259903,0.7726283613592386
1788,0.0007021825414761169,0.007310211192816496,0.007504327222704887,1.3753662642557174e-05,0.006533746607601643,0.15897629782557487,0.0134816543392524,0.00817579636350274,0.023061646548085332,0.013779707718640566,1.3869607746601105,0.7729685362428427
1789,0.000701211774644077,0.007296019699424505,0.007489955518394709,1.3725308235734701e-05,0.006520275957882404,0.1590501107275486,0.013484783792017993,0.008177503477782011,0.023066674444612207,0.013782849302515388,1.3875655829906464,0.7733078468590975
1790,0.0007002413251697713,0.007281868252903223,0.007475616410374641,1.3697102986043319e-05,0.006506876554340124,0.15912434458732605,0.013487930724873932,0.008179220138117671,0.023071686108013533,0.0137859839014709,1.3881685733795166,0.7736464589834213
1791,0.0006992711941174165,0.007267747074365616,0.007461304776370525,1.366897595289629e-05,0.006493514869362116,0.15919818356633186,0.013491059665542881,0.008180935168638825,0.023076696683010836,0.01378911011852324,1.3887716233730316,0.7739849034696817
1792,0.0006983013825508798,0.007253667805343866,0.007447041571140289,1.3640888937516138e-05,0.006480172276496887,0.1592722311615944,0.013494196642560838,0.0081826476380229,0.023081700811467584,0.013792230747640133,1.3893739581108093,0.7743230946362019
1793,0.0006973318915336791,0.007239623926579952,0.007432802580296993,1.3612969269161113e-05,0.006466908846050501,0.159345842897892,0.013497314831765698,0.008184366161003709,0.023086689988308266,0.013795341830700636,1.389974683523178,0.774660263210535
1794,0.0006963627221289798,0.007225618697702885,0.007418609689921141,1.358506597171072e-05,0.0064536528661847115,0.15941984206438065,0.01350044793008906,0.008186079794541001,0.02309167966263994,0.01379845361225307,1.3905755281448364,0.7749976851046085
1795,0.0006953938753995949,0.007211647927761078,0.0074044447392225266,1.3557293641497381e-05,0.006440459750592709,0.15949317067861557,0.013503552821780385,0.008187787607312202,0.023096649987749778,0.013801571447402239,1.3911742568016052,0.7753337137401104
1796,0.000694425352407984,0.007197716273367405,0.007390320301055908,1.3529588613891974e-05,0.006427298299968243,0.1595671884715557,0.013506686089178292,0.00818949332460761,0.023101620188354974,0.013804679736495018,1.3917730450630188,0.7756701167672873
1797,0.0006934571542162511,0.007183819077908993,0.007376226130872965,1.350199818261899e-05,0.006414190866053104,0.15964016690850258,0.013509773928664676,0.008191188098862767,0.023106581132820204,0.013807801064103842,1.392370879650116,0.7760055232793093
1798,0.000692489281886144,0.007169962860643864,0.007362174801528454,1.3474475053953938e-05,0.006401116028428078,0.1597142070531845,0.013512906561228418,0.008192886132746935,0.023111522438065316,0.01381092332303524,1.392966389656067,0.7763402983546257
1799,0.0006915217364790541,0.007156136445701122,0.0073481472209095955,1.3447059245663695e-05,0.0063880919478833675,0.15978682041168213,0.013515977906570026,0.008194575784727931,0.02311647527715676,0.013814039528369904,1.3935634791851044,0.7766751497983932
1800,0.0006905545190560127,0.007142352405935526,0.007334168069064617,1.3419687093119137e-05,0.0063750892877578735,0.15986094996333122,0.013519112868940694,0.008196281036362052,0.023121389922485323,0.013817149680107832,1.3941561579704285,0.7770085539668798
1801,0.0006895876306776927,0.007128600496798754,0.007320214994251728,1.339243317488581e-05,0.006362142041325569,0.15993308648467064,0.013522162895805295,0.008197959745302796,0.023126340648312888,0.01382025727070868,1.3947531282901764,0.7773431073874235
1802,0.0006886210724044061,0.00711488351225853,0.0073062963783741,1.3365253835218027e-05,0.0063492306508123875,0.16000739857554436,0.013525304090398642,0.008199662435799837,0.023131232751747697,0.01382334646768868,1.395343393087387,0.7776753958314657
1803,0.0006876548452961018,0.0071012056432664394,0.0072924173437058926,1.3338157259568106e-05,0.006336357910186052,0.16007909923791885,0.01352833403181026,0.008201339282095432,0.02313617067893066,0.013826433103531599,1.3959391117095947,0.7780091054737568
1804,0.0006866889504123665,0.007087567821145058,0.007278577424585819,1.3311150723893661e-05,0.006323528476059437,0.1601536087691784,0.013531481859427846,0.00820304942317307,0.023141040267106342,0.0138295020442456,1.3965269029140472,0.7783402558416128
1805,0.0006857233888124233,0.007073958404362202,0.007264760788530111,1.328424878010992e-05,0.006310747936367989,0.16022460162639618,0.013534480984993385,0.00820472021587193,0.023145963842282062,0.013832575641572475,1.397121101617813,0.7786728516221046
1806,0.0006847581615551276,0.007060389034450054,0.007250990718603134,1.325737866864074e-05,0.006297983694821596,0.16029947996139526,0.013537642835312932,0.008206429425626993,0.02315082288485107,0.013835645280778408,1.3977078199386597,0.7790036499500275
1807,0.0006837932696989701,0.00704685365781188,0.00723724439740181,1.3230660442786757e-05,0.006285291165113449,0.160369623452425,0.013540604594304567,0.00820808857679367,0.02315572772638831,0.013838713290169835,1.3983001410961151,0.7793348822742701
1808,0.0006828287143020732,0.007033359259366989,0.0072235483676195145,1.3203947673900984e-05,0.006272600963711739,0.16044538095593452,0.013543802351657468,0.008209808496758342,0.023160545137254972,0.01384175755083561,1.3988820314407349,0.7796637061983347
1809,0.0006818644964221895,0.007019898854196072,0.007209871895611286,1.3177435903344303e-05,0.006260006222873926,0.1605139896273613,0.013546697909077358,0.008211448090150952,0.02316546299644452,0.01384481554850936,1.3994762599468231,0.7799951247870922
1810,0.0006809006171167029,0.007006472907960415,0.007196247577667236,1.3150844097253866e-05,0.006247374229133129,0.1605915203690529,0.01354996913625399,0.008213188499212265,0.023170241956735588,0.013847841648384929,1.400053709745407,0.78032261505723
1811,0.0006799370774426244,0.006993081420660019,0.007182636298239231,1.312450876866933e-05,0.006234862841665745,0.16065746918320656,0.013552751440875357,0.008214805740863085,0.023175178479245648,0.013850885909050703,1.4006503224372864,0.7806538958102465
1812,0.0006789738784565937,0.006979729514569044,0.007169082760810852,1.3098093404551037e-05,0.006222314201295376,0.16073787584900856,0.013556142239909842,0.00821657944470644,0.023179895797328928,0.013853884767740965,1.4012205302715302,0.7809792030602694
1813,0.0006780110212148774,0.006966410670429468,0.007155539467930794,1.3071950888843276e-05,0.006209895014762878,0.16079974547028542,0.013558751156598891,0.008218146627768874,0.023184868237020248,0.013856921577826142,1.4018218517303467,0.781310798600316
1814,0.0006770485067733653,0.006953125819563866,0.007142062298953533,1.3045606465311721e-05,0.006197379902005196,0.16088522225618362,0.013562354111190661,0.008219982730224729,0.02318950075125609,0.013859894126653671,1.4023820161819458,0.7816336192190647
1815,0.0006760863361875731,0.00693988474085927,0.007128579542040825,1.3019764082855545e-05,0.006185103207826614,0.16094018518924713,0.013564670576363626,0.008221480064094067,0.023194564612344155,0.0138629418797791,1.40299454331398,0.7819673642516136
1816,0.000675124510512639,0.006926683709025383,0.007115202955901623,1.2993457858101465e-05,0.006172606721520424,0.16103442758321762,0.01356864169700024,0.008223411161452532,0.023199027711479466,0.013865880435332656,1.4035345315933228,0.7822844795882702
1817,0.0006741630308033223,0.006913518533110619,0.007101777475327253,1.2967932889296208e-05,0.00616048090159893,0.16107719019055367,0.013570442919183016,0.00822476763278246,0.02320426602911557,0.013868958223611116,1.4041684567928314,0.7826228234916925
1818,0.0006732018981140036,0.006900402717292309,0.007088507059961557,1.2941623936058022e-05,0.006147982552647591,0.16118742153048515,0.01357508555717568,0.008226866601034999,0.023208476774047103,0.013871843228116632,1.404678076505661,0.7829327490180731
1819,0.0006722411134986834,0.006887341383844614,0.007075161673128605,1.2916529158246703e-05,0.006136060692369938,0.16120849922299385,0.013575973242984707,0.008228004677221179,0.023214008212017235,0.013874966651201248,1.405347764492035,0.7832781318575144
1820,0.0006712806780109784,0.006874348968267441,0.007062056567519903,1.2890122889075428e-05,0.006123516708612442,0.16134792938828468,0.013581842969553353,0.008230423089116812,0.023217770943004742,0.013877755030989647,1.4058033525943756,0.7835756409913301
1821,0.000670320592704125,0.006861455272883177,0.007048832252621651,1.2865765711467247e-05,0.006111945956945419,0.1613295041024685,0.013581067236279894,0.0082311499863863,0.023223897004087515,0.013880969723686576,1.406545341014862,0.7839374225586653
1822,0.0006693608586309743,0.006848715245723724,0.0070360745303332806,1.2839098417316563e-05,0.006099277175962925,0.16152287647128105,0.013589204471285232,0.00823416723869741,0.023226795439236943,0.013883605133742094,1.4068964719772339,0.7842096742242575
1823,0.0006684014768439918,0.0068362196907401085,0.007023178040981293,1.2816170055884868e-05,0.006088385358452797,0.16143126040697098,0.01358534955614497,0.008234106469899416,0.023234065937419435,0.013887032167986035,1.407777339220047,0.784604299813509
1824,0.0006674424483952581,0.00682417955249548,0.00701132882386446,1.2789221727871336e-05,0.006075583398342133,0.16172750294208527,0.013597809323181017,0.008238278329372406,0.023235356116812475,0.013889363268390298,1.4079337418079376,0.7848306223750114
1825,0.0006664837743364649,0.0068129366263747215,0.006999630481004715,1.2769385648425668e-05,0.0060661593452095985,0.1614980399608612,0.013588159421417296,0.008236741181463003,0.02324478728165595,0.013893174706026912,1.4090768694877625,0.7852874547243118
1826,0.0006655254557189159,0.006803200580179691,0.006990581750869751,1.2743106708512641e-05,0.006053675897419453,0.16199345141649246,0.013608985023958535,0.008243249263614416,0.023243013360273127,0.013894938630983233,1.4088618159294128,0.7854276336729527
1827,0.0006645674935935253,0.00679632555693388,0.006983369588851929,1.2731468814308755e-05,0.006048147566616535,0.16150293499231339,0.01358836543927325,0.008239093935117126,0.023256660023167525,0.013899528421461582,1.410516619682312,0.7860097773373127
1828,0.0006636098890108157,0.006795011926442385,0.006984146311879158,1.271110522793606e-05,0.006038473919034004,0.16239482536911964,0.013625834314018963,0.008250373182818294,0.023248863313320357,0.013900224585086107,1.4095710813999176,0.7859829533845186
1829,0.0006626526430209179,0.006804410833865404,0.006994313560426235,1.2724420230370015e-05,0.0060447994619607925,0.16141150891780853,0.013584518721844744,0.008241514209657907,0.023270802078658132,0.01390621904283762,1.4122326076030731,0.7868220582604408
1830,0.00066169575667357,0.006835194304585457,0.007031629793345928,1.2734214578813408e-05,0.006049451883882284,0.1631208397448063,0.013656258311989645,0.008263224037364125,0.023251050172950663,0.013904851395636797,1.4098363816738129,0.7864786107093096
1831,0.0006607392310181147,0.006907179020345211,0.007110001519322395,1.2831965250370558e-05,0.006095889024436474,0.1612335629761219,0.013577028341185068,0.008246676297858357,0.023289300410074598,0.013913518283516169,1.4144787192344666,0.7878561411052942
1832,0.0006597830671034999,0.007062816526740789,0.007287492975592613,1.2975569916306995e-05,0.006164108868688345,0.16469360515475273,0.013721935337368261,0.008292560232803226,0.02324560830443201,0.013908063061535358,1.4091764092445374,0.786935007199645
1833,0.0006588272659782761,0.007374416571110487,0.007630074862390757,1.3370625310926698e-05,0.006351782009005547,0.16129711270332336,0.013579703702662257,0.00827180384658277,0.023315261171141383,0.013922062236815691,1.4176339209079742,0.7894655168056488
1834,0.0006578718286905971,0.007998648099601269,0.008329547010362148,1.4051115613256115e-05,0.006675052456557751,0.16850294545292854,0.01387972161378174,0.008374101016670465,0.023224660807550923,0.013908299151808023,1.4066379070281982,0.7875704262405634
1835,0.0006569167562882167,0.009122725576162338,0.009576870128512383,1.5379584510810673e-05,0.007306147366762161,0.16298222541809082,0.013650454564336417,0.008359775645658374,0.023346436563986633,0.013930692570284009,1.4214275181293488,0.7922048717737198
1836,0.0006559620498184888,0.01110398955643177,0.011781938374042511,1.7665730410953984e-05,0.008392194285988808,0.17615744844079018,0.014191473917812262,0.008562019560486078,0.023175429327741873,0.013898722594603896,1.400680661201477,0.7884190548211336
1837,0.0006550077103283663,0.013623785227537155,0.01462305523455143,2.026440233748872e-05,0.009626705199480057,0.16652703285217285,0.013798103032951434,0.008492251392453909,0.023335821162218936,0.013922701124101877,1.4201352894306183,0.7933311611413956
1838,0.0006540537388643995,0.016050128266215324,0.017323678359389305,2.3062428226694465e-05,0.01095592137426138,0.17790326848626137,0.014261623646431586,0.00860362104140222,0.023093976554590893,0.01385934790596366,1.390852153301239,0.7843777108937502
1839,0.0006531001364727347,0.015126986429095268,0.016417833045125008,2.0973579012206756e-05,0.009963602758944035,0.1618032492697239,0.01360099309606228,0.008329929085448384,0.02318582914481213,0.013859031721949577,1.4019379317760468,0.7818705905228853
1840,0.0006521469041991144,0.011096197180449963,0.01185422670096159,1.6975045582512394e-05,0.008064080029726028,0.16226907819509506,0.013620557411231802,0.008238096022978425,0.023083553321702886,0.013819596730172634,1.3895969986915588,0.775933038443327
1841,0.0006511940430888744,0.007149555254727602,0.0073662796057760715,1.3225117072579451e-05,0.006282658316195011,0.16352643072605133,0.013673225484080037,0.008273588959127665,0.023052243667173844,0.013820943888276815,1.3858299553394318,0.7746781930327415
1842,0.0006502415541869434,0.007624111138284206,0.007794883102178574,1.4610988728236407e-05,0.006941022351384163,0.16056613996624947,0.01354889850550402,0.008296981919556856,0.023165792784850467,0.013836866244673729,1.399516075849533,0.7800411079078913
1843,0.0006492894385378429,0.010403447784483433,0.010992578230798244,1.69389350048732e-05,0.008046925067901611,0.16869520768523216,0.01388763775426128,0.008374798344448209,0.023026545977301804,0.01380434026941657,1.382741928100586,0.775718567892909
1844,0.0006483376971856839,0.010325121693313122,0.011000396683812141,1.604871613380965e-05,0.007624021731317043,0.15935125201940536,0.01349754379855074,0.008226752979680896,0.023096236359890478,0.013821182772517204,1.391124427318573,0.7752378396689892
1845,0.0006473863311741677,0.007718734443187714,0.007994447834789753,1.3926557585364208e-05,0.006615879945456982,0.1590735949575901,0.013485779258206309,0.008193948538973927,0.023103324343918794,0.013806485570967197,1.3919784128665924,0.7755260039120913
1846,0.0006464353415465841,0.006879105232656002,0.006970857735723257,1.3708086044061929e-05,0.006512094289064407,0.16514000669121742,0.013740519164058084,0.008296258514747024,0.023009408042295603,0.013793671038001776,1.3806844055652618,0.7729122061282396
1847,0.0006454847293458092,0.00854311790317297,0.008812587708234787,1.571446773596108e-05,0.007465236354619265,0.15921561419963837,0.013491798105114248,0.00824376312084496,0.02311685832720858,0.013811207143589854,1.393609642982483,0.7764126285910606
1848,0.0006445344956143061,0.008909683674573898,0.009357817471027374,1.4981732419983018e-05,0.007117146626114845,0.1617431491613388,0.013598467058142365,0.008227522019296885,0.023034629887446798,0.013782373163849115,1.3837129473686218,0.7727280482649803
1849,0.0006435846413941231,0.007241972256451845,0.0074869729578495026,1.3181566828279756e-05,0.006261968519538641,0.16090789809823036,0.013563309954147932,0.008218470262363553,0.023005322793126323,0.013788936892524362,1.3801941871643066,0.7705510426312685
1850,0.0006426351677268911,0.00688778143376112,0.006941537838429213,1.4046283467905596e-05,0.0066727567464113235,0.15834301710128784,0.013454775782999496,0.008208475541323423,0.023098311040108992,0.013801609864458442,1.3913743793964386,0.7748586982488632
1851,0.0006416860756538246,0.007960549555718899,0.00819937139749527,1.4746210581506602e-05,0.007005260791629553,0.1632838062942028,0.013663078356226736,0.008260781178250909,0.02299271207080853,0.013773537939414382,1.3786815404891968,0.7709826733916998
1852,0.0006407373662157198,0.007788264192640781,0.008116653189063072,1.3629385648528114e-05,0.006474707275629044,0.15926573425531387,0.01349392165203777,0.00820210576057434,0.023024345694483018,0.01378907891921699,1.3824777007102966,0.7708717174828053
1853,0.0006397890404529523,0.006768761668354273,0.006926298141479492,1.2921902452944778e-05,0.006138613913208246,0.15839292481541634,0.013456895980514976,0.008185174083337188,0.0230772878527945,0.013792525744065642,1.388842761516571,0.7736178431659937
1854,0.0006388410994054781,0.006969842594116926,0.007061757147312164,1.3897725693823304e-05,0.006602182984352112,0.16294153779745102,0.01364875066136038,0.008255610242486,0.022985474122187405,0.013776836218312383,1.3778136670589447,0.7703776024281979
1855,0.0006378935441128304,0.0075607942417263985,0.007757347542792559,1.4260624084272422e-05,0.006774580106139183,0.15884757414460182,0.013476195316348699,0.008201474556699395,0.02305955815669328,0.01379878050647676,1.3867095410823822,0.772778557613492
1856,0.0006369463756141198,0.007042640820145607,0.007281530182808638,1.2813430657843128e-05,0.0060870833694934845,0.15942507609724998,0.013500669702876314,0.0081930763553828,0.023064758433606645,0.013792367652058601,1.3873350620269775,0.7733800690621138
1857,0.0006359995949480333,0.006629409268498421,0.00674813985824585,1.2955315469298512e-05,0.006154486909508705,0.16198573261499405,0.013608660491385038,0.008240403840318322,0.022995991485920565,0.013787210453301668,1.3790748417377472,0.7705302871763706
1858,0.000635053203152831,0.007088271901011467,0.007152453064918518,1.4380539141711779e-05,0.006831546314060688,0.15882433578372002,0.013475209266248624,0.008203876437619328,0.023083183272837874,0.013809472555294633,1.3895524144172668,0.7741883751004934
1859,0.0006341072012663482,0.007089808117598295,0.007294005714356899,1.3204821698309388e-05,0.006273016333580017,0.16057928279042244,0.013549452827584721,0.00821522413752973,0.023053765264573867,0.013798765605315566,1.3860129117965698,0.7732960972934961
1860,0.0006331615903259922,0.006627107039093971,0.006833946332335472,1.2208582120365463e-05,0.005799747537821531,0.161066435277462,0.013569989988663047,0.008228888502344489,0.023023082245910858,0.013801674824208021,1.3823260068893433,0.7716962210834026
1861,0.0006322163713687405,0.006704066414386034,0.0067803142592310905,1.3470175872498658e-05,0.006399074569344521,0.15904856100678444,0.013484717964563193,0.008203736040741205,0.023098386009880546,0.013817557832226157,1.3913833796977997,0.7752159703522921
1862,0.000631271545431142,0.006916666403412819,0.007049294654279947,1.3442976523947436e-05,0.006386152468621731,0.1614186018705368,0.01358481678363661,0.008232104824855924,0.023045533048225028,0.013804100221022964,1.3850231766700745,0.7732208892703056
1863,0.0006303271135493146,0.00667569087818265,0.006900123320519924,1.216271903103916e-05,0.0057779597118496895,0.16054179519414902,0.013547871023176979,0.008222912903875113,0.023054594352436075,0.013812974793836474,1.386112630367279,0.773327212780714
1864,0.0006293830767589429,0.006513328291475773,0.00666723120957613,1.2414810953487176e-05,0.005897717550396919,0.15954514965415,0.013505753040627792,0.008207018254324794,0.023117027975121298,0.013826394220814109,1.3936301469802856,0.7765876483172178
1865,0.0006284394360952797,0.00669593270868063,0.006793746259063482,1.327147037955001e-05,0.006304677575826645,0.161920964717865,0.013605939620222652,0.008244490949437022,0.02306095527645268,0.013817478669807315,1.3868776261806488,0.7743992954492569
1866,0.000627496192593142,0.006682459730654955,0.006857542786747217,1.2592496204888448e-05,0.005982127506285906,0.16034957021474838,0.013539758251638662,0.008222278440371156,0.02309369236991906,0.013828699011355639,1.3908179998397827,0.7755837850272655
1867,0.0006265533472869123,0.006461610551923513,0.006665291264653206,1.1886810170835815e-05,0.005646888166666031,0.16017651185393333,0.013532449426599692,0.008215948240831494,0.02312528130603464,0.013835537945851684,1.3946254551410675,0.7774009834975004
1868,0.0006256109012105364,0.006521457806229591,0.006640635430812836,1.2724312909995206e-05,0.006044747773557901,0.16204671189188957,0.013611221922870188,0.00825105281546712,0.023079986547550054,0.013832164695486426,1.3891675472259521,0.7756071295589209
1869,0.0006246688553975214,0.0066321296617388725,0.006749045569449663,1.297632115893066e-05,0.006164465099573135,0.16033390536904335,0.013539096724123479,0.008224092423915863,0.023131292830953786,0.01384538458660245,1.3953506648540497,0.7778422851115465
1870,0.0006237272108809361,0.006468570791184902,0.006662166677415371,1.1986376193817705e-05,0.0056941877119243145,0.16082610189914703,0.013559861923747397,0.008227255893871188,0.023130148153693655,0.013846167596057057,1.3952124416828156,0.7780192717909813
1871,0.00062278596869341,0.0064068567007780075,0.006575736217200756,1.206457909574965e-05,0.005731338169425726,0.1619865670800209,0.013608695511335079,0.008251946652308106,0.023097982178236318,0.013844090979546309,1.391334742307663,0.7766606546938419
1872,0.0006218451298671295,0.006522182375192642,0.006637191865593195,1.2760929166688584e-05,0.006062142550945282,0.16056547686457634,0.013548870714964995,0.008229390950873494,0.02315263780989518,0.013855633558705449,1.3979269564151764,0.7792462166398764
1873,0.0006209046954338401,0.006463540717959404,0.006626975256949663,1.2229747881065123e-05,0.005809803027659655,0.16150463744997978,0.013588436654595741,0.008240927709266543,0.023134451330516944,0.01385532389394939,1.3957317769527435,0.7786182072013617
1874,0.000619964666424844,0.006352615542709827,0.006550509482622147,1.1706097211572342e-05,0.005561038851737976,0.16190578415989876,0.013605302033700447,0.008251782041043043,0.0231276670387744,0.013858078513294458,1.394913226366043,0.7784095052629709
1875,0.0006190250438709974,0.006398865021765232,0.006554183550179005,1.216193959407974e-05,0.00577758951112628,0.16090279817581177,0.013563095106583873,0.00823601451702416,0.023177119894168534,0.013868368696421385,1.4008848965168,0.7808938473463058
1876,0.0006180858288027121,0.006423586513847113,0.006569210439920425,1.2295610758883413e-05,0.005841090343892574,0.16206526011228561,0.013612000882019092,0.008253874955698848,0.023146314655374915,0.013867174973711371,1.397163599729538,0.7796144299209118
1877,0.0006171470222499526,0.006338371429592371,0.006530364044010639,1.172580505226506e-05,0.0055704014375805855,0.16189800947904587,0.01360497514036796,0.008253370877355337,0.023159252046897907,0.013872580137103796,1.3987258970737457,0.7803119532763958
1878,0.0006162086252422351,0.006310062482953072,0.006499957293272018,1.1683874618029222e-05,0.00555048231035471,0.16138975322246552,0.013583602669804908,0.008245413657277822,0.02319762322483921,0.013881297316402197,1.4033647179603577,0.7823772355914116
1879,0.0006152706388086272,0.006356420926749706,0.006508908234536648,1.2096434147679247e-05,0.005746471229940653,0.16251815855503082,0.013631006955532137,0.008265056647360325,0.023165256326650476,0.013879778562113643,1.399451196193695,0.780984677374363
1880,0.0006143330639777462,0.006331480108201504,0.006504678167402744,1.1869549780385569e-05,0.005638688802719116,0.16191906854510307,0.0136058600739444,0.008255025837570429,0.023187655764025907,0.013884796993806958,1.4021588861942291,0.7820389773696661
1881,0.0006133959017777575,0.006267333868891001,0.00646478496491909,1.1530306437634863e-05,0.00547752995043993,0.16180028021335602,0.013600868584059784,0.008252949919551611,0.023205769192844516,0.01389088830910623,1.4043503403663635,0.7830753102898598
1882,0.0006124591532363746,0.0062834732234478,0.006456959061324596,1.1766072930186056e-05,0.005589531268924475,0.1627279780805111,0.013639803612306297,0.008270201738923788,0.023182042083719864,0.013890868285670877,1.4014800488948822,0.7821040134876966
1883,0.0006115228193808572,0.0063013313338160515,0.00646643340587616,1.1874255505972542e-05,0.005640923976898193,0.1619994305074215,0.01360923617050223,0.008257671725004911,0.02321369760119254,0.013896876247599721,1.4053102433681488,0.7836548369377851
1884,0.0006105869012380098,0.00624893419444561,0.006436367053538561,1.157592487288639e-05,0.005499199964106083,0.16222575679421425,0.013618739176193287,0.008261930663138628,0.023216236276213293,0.013901589903980494,1.405617594718933,0.7839216757565737
1885,0.0006096513998341817,0.006225999444723129,0.006415458396077156,1.1510588592500426e-05,0.00546816224232316,0.16285760700702667,0.013645235306249842,0.00827386835590005,0.02320470124798645,0.0139031489379704,1.4042211174964905,0.7835393622517586
1886,0.0006087163161952649,0.006247157230973244,0.0064218114130198956,1.167978552985005e-05,0.005548540502786636,0.16222663968801498,0.013618776440828633,0.008263284806162119,0.023237339784451805,0.013909285189583898,1.4081741273403168,0.7852003835141659
1887,0.0006077816513466932,0.006228648591786623,0.006406486965715885,1.1614013601501938e-05,0.005517294630408287,0.1627005971968174,0.013638655743829421,0.00827210582792759,0.02322878704222801,0.01391272502951324,1.40713769197464,0.7849191445857286
1888,0.0006068474063134411,0.00619121640920639,0.006383356638252735,1.141479515354149e-05,0.005422655027359724,0.1629626490175724,0.013649635155612332,0.008276826934888959,0.02322963650699854,0.013915490359067917,1.407240629196167,0.7851016391068697
1889,0.0006059135821200231,0.006190679967403412,0.006379042286425829,1.1445479685789905e-05,0.0054372320882976055,0.16251825541257858,0.013631011092325781,0.008269848534837365,0.023257237858796243,0.013921567238867283,1.4105868339538574,0.786552544683218
1890,0.0006049801797904917,0.006194667425006628,0.006372509058564901,1.154245728685055e-05,0.005483301356434822,0.1631091982126236,0.013655771330586475,0.00828111032024026,0.023244551267455178,0.013924198690801859,1.4090481996536255,0.7860786989331245
1891,0.000604047200348437,0.006168751511722803,0.006355163641273975,1.1415738299547229e-05,0.005423102993518114,0.16304364800453186,0.013653026673815042,0.008279616013169289,0.023254736825221,0.013927330495789647,1.4102833569049835,0.7866635024547577
1892,0.0006031146448169854,0.0061481669545173645,0.006340526044368744,1.1322329555696342e-05,0.005378728732466698,0.1628422811627388,0.013644593156961971,0.008277215296402574,0.023271903257566062,0.013932674657553434,1.4123663306236267,0.7876043058931828
1893,0.0006021825142187984,0.006151328328996897,0.00633514579385519,1.1400907169445418e-05,0.005416057538241148,0.16344472393393517,0.013669809569653944,0.008288628421723843,0.02326150720309546,0.013935566879808903,1.4111046195030212,0.7872746717184782
1894,0.0006012508095760713,0.006143030244857073,0.00632530078291893,1.1396467016311362e-05,0.005413948092609644,0.16318713873624802,0.013659032948795256,0.008283830247819424,0.023278279503529183,0.01393915107473731,1.4131403863430023,0.7881637625396252
1895,0.000600319531910533,0.006118636578321457,0.006307298317551613,1.1291302143945359e-05,0.005363989155739546,0.163215521723032,0.013660221316624007,0.008285464020445943,0.023284405269081238,0.01394305587746203,1.4138842225074768,0.7885498721152544
1896,0.0005993886822434431,0.00610959529876709,0.0062980735674500465,1.1273813470324967e-05,0.0053556812927126884,0.16369324550032616,0.013680198357165513,0.00829436257481575,0.023280134185811558,0.013946200255304575,1.4133656024932861,0.7885294239968061
1897,0.0005984582615955925,0.006108507513999939,0.006292522884905338,1.1309100955259055e-05,0.00537244463339448,0.1633886694908142,0.013667465008551483,0.008289318764582276,0.023300727357945947,0.013951031491160393,1.4158671200275421,0.7896278947591782
1898,0.000597528270987302,0.006092519499361515,0.006277240812778473,1.1269499736954458e-05,0.005353632383048534,0.16361945867538452,0.013677114282146652,0.008294150466099381,0.023299898909184776,0.01395449717529118,1.4157665073871613,0.7896929830312729
1899,0.0005965987114384195,0.006075527053326368,0.006264119874686003,1.120113483921159e-05,0.005321155302226543,0.16388382017612457,0.013688158923982958,0.008298929780721664,0.023300871310795463,0.013957082526758313,1.4158845841884613,0.7898842021822929
1900,0.0005956695839683215,0.006070718634873629,0.006257324013859034,1.120774686569348e-05,0.005324295721948147,0.16361796483397484,0.013677052173286354,0.008294984232634306,0.023318017820939677,0.013961416436359286,1.4179692268371582,0.7907935958355665
1901,0.0005947408895959105,0.00606319447979331,0.006246571429073811,1.1219095540582202e-05,0.005329687148332596,0.16397927328944206,0.01369214524347389,0.008301768451929092,0.023314473497046777,0.013964866055175662,1.4175382256507874,0.7907587494701147
1902,0.0005938126293396131,0.0060471463948488235,0.006232848856598139,1.116573275794508e-05,0.0053043365478515625,0.16404545307159424,0.013694907562217357,0.008303133537992835,0.02332261203316211,0.013968289596959949,1.4185279607772827,0.7912867069244385
1903,0.0005928848042173806,0.006035816855728626,0.006222340743988752,1.1134967280668207e-05,0.0052897208370268345,0.16389665752649307,0.013688694982894538,0.008301532128825784,0.02333433510702816,0.013972046785056591,1.419954389333725,0.791925523430109
1904,0.0005919574152466877,0.00603025546297431,0.0062143849208951,1.1143421943415888e-05,0.005293738096952438,0.16427579149603844,0.013704518533448356,0.008308227639645338,0.023329796845767182,0.013974781148135662,1.4194021224975586,0.7918389569967985
1905,0.0005910304634445292,0.0060193524695932865,0.006203046999871731,1.1124130651296582e-05,0.005284573417156935,0.16418907791376114,0.013700901186094884,0.008307019481435418,0.023341342060426696,0.013978367438539863,1.4208073616027832,0.7924982197582722
1906,0.0005901039498274218,0.006005403120070696,0.006189826875925064,1.1088624887634069e-05,0.005267706234008074,0.16420049592852592,0.013701377801340042,0.00830819271504879,0.023347318521756373,0.013981534400954843,1.4215351045131683,0.7928678002208471
1907,0.0005891778754114017,0.00599683215841651,0.00618139561265707,1.1069408174080309e-05,0.00525857787579298,0.16451671719551086,0.013714564440732649,0.00831373780965805,0.023345481331856856,0.01398425456136465,1.4213112592697144,0.7929139882326126
1908,0.0005882522412120223,0.00598928052932024,0.0061724125407636166,1.1065569196944125e-05,0.005256752949208021,0.16436012089252472,0.013708035803351034,0.008311678189784288,0.023358528013606387,0.013988168444484472,1.4229003489017487,0.7936302348971367
1909,0.0005873270482443557,0.005977203603833914,0.006159672513604164,1.1045726751035545e-05,0.005247327499091625,0.16451521217823029,0.013714501705677559,0.008315084967762232,0.023360570678442383,0.013991035986691713,1.4231491386890411,0.7938321754336357
1910,0.0005864022975229886,0.005965687800198793,0.006149590015411377,1.1009416994056664e-05,0.005230078473687172,0.16471099853515625,0.013722660160152368,0.008318604668602347,0.02336258700404753,0.01399391982704401,1.4233949780464172,0.7940529882907867
1911,0.0005854779900620244,0.0059577482752501965,0.006140688434243202,1.1000804079230875e-05,0.0052259862422943115,0.1645638570189476,0.013716529109693044,0.008316840510815382,0.02337395664533862,0.013997589005157351,1.4247807264328003,0.794672291725874
1912,0.000584554126875079,0.005948570091277361,0.006130150519311428,1.0992931493092328e-05,0.005222246050834656,0.16480395197868347,0.013726531640220226,0.00832132762297988,0.023373819679621665,0.014000060968101025,1.4247638583183289,0.7947839051485062
1913,0.0005836307089752815,0.005936901085078716,0.0061195665039122105,1.0959234714391641e-05,0.005206238944083452,0.1648748703300953,0.01372948484618485,0.008322863839566708,0.023379861594840165,0.0140033436473459,1.425500601530075,0.7951877359300852
1914,0.0005827077373752736,0.005926932208240032,0.006109070964157581,1.0942686458292883e-05,0.005198377650231123,0.1648053340613842,0.013726589417212378,0.008322462672367692,0.023388301850420155,0.01400666288100183,1.4265300333499908,0.7956676837056875
1915,0.0005817852130872063,0.005918698851019144,0.006099801976233721,1.0934074452961795e-05,0.00519428588449955,0.16505397111177444,0.013736939633805595,0.00832688040100038,0.02338769116515723,0.014008845202624798,1.426455557346344,0.7957547642290592
1916,0.0005808631371227408,0.005908768158406019,0.006090150214731693,1.091081776394276e-05,0.005183238070458174,0.16502807289361954,0.01373586185840947,0.008326973533257842,0.023396137925878174,0.014012363273650408,1.427486091852188,0.7962570823729038
1917,0.0005799415104930463,0.005897860042750835,0.006078718230128288,1.0892265891015995e-05,0.0051744249649345875,0.16506930068135262,0.013737577598860417,0.00832835421897471,0.02340158645274603,0.014015376102179289,1.4281510412693024,0.7966101709753275
1918,0.0005790203342087995,0.005888672545552254,0.006069323047995567,1.0874675353989005e-05,0.00516606867313385,0.16527433320879936,0.013746106641924749,0.00833201757632196,0.023402267973500496,0.014017660403624177,1.4282342195510864,0.7967542763799429
1919,0.0005780996092801827,0.005879981443285942,0.006060481537133455,1.0857649613171816e-05,0.005157980136573315,0.16520705446600914,0.013743308554538435,0.008331570075824857,0.023411152665868126,0.014021168928593397,1.4293188750743866,0.7972629647701979
1920,0.0005771793367168848,0.005869830027222633,0.006049470044672489,1.0843519703485072e-05,0.005151267163455486,0.16533687338232994,0.013748707295037636,0.008334244135767221,0.023414402684545307,0.014023938914760947,1.429715782403946,0.7975263278931379
1921,0.000576259517528096,0.005859674885869026,0.006039596162736416,1.0819778253789991e-05,0.00513998931273818,0.16546229273080826,0.013753920748039265,0.008336679777130485,0.023417900814028645,0.014026684453710914,1.4301429986953735,0.7978026457130909
1922,0.0005753401527225121,0.005850792862474918,0.0060305288061499596,1.080264337360859e-05,0.005131849087774754,0.16541137546300888,0.013751804546401592,0.008336495142430067,0.02342598043410047,0.0140300914645195,1.4311300814151764,0.7982707284390926
1923,0.0005744212433083287,0.005841704085469246,0.006020490080118179,1.0791511158458889e-05,0.005126561038196087,0.16558265313506126,0.013758922418914282,0.00833970052190125,0.02342744701077278,0.014032490784302354,1.431309163570404,0.7984459083527327
1924,0.0005735027902932427,0.005831712856888771,0.00601078849285841,1.0768035281216726e-05,0.005115408916026354,0.16562476381659508,0.013760671767877333,0.008340897737070918,0.023432859070569394,0.014035448897629976,1.4319705963134766,0.7987976800650358
1925,0.0005725847946844501,0.005822126753628254,0.006000926718115807,1.0750178262242116e-05,0.005106925964355469,0.1656310111284256,0.013760931381764586,0.008341565728187561,0.023439418756403207,0.014038654742762446,1.4327724277973175,0.7992017194628716
1926,0.0005716672574886469,0.005813263356685638,0.005991283804178238,1.0738087439676747e-05,0.0051011815667152405,0.16580219566822052,0.013768040572337797,0.00834474852308631,0.02344086431655721,0.014040964655578136,1.4329491555690765,0.7993756756186485
1927,0.0005707501797120236,0.00580399576574564,0.005982192698866129,1.071709266398102e-05,0.005091208033263683,0.1657940298318863,0.013767701688586207,0.008345234440639615,0.023447254815728694,0.014043905073776841,1.4337305426597595,0.7997622862458229
1928,0.0005698335623602694,0.005794292315840721,0.005972127430140972,1.069971222023014e-05,0.00508295139297843,0.1658647619187832,0.01377063827194667,0.008346825372427702,0.02345172256831224,0.014046736294403672,1.434277057647705,0.8000709097832441
1929,0.0005689174064385673,0.005785050801932812,0.005962379276752472,1.0684521839721128e-05,0.005075735040009022,0.1659979224205017,0.013776164943623517,0.008349443785846233,0.02345428325337145,0.014049227815121412,1.434590220451355,0.8002940714359283
1930,0.0005680017129515947,0.005776136182248592,0.005953483283519745,1.0665597073966637e-05,0.0050667449831962585,0.16597894206643105,0.013775376913043098,0.008349787211045623,0.02346119173736198,0.014052230166271329,1.4354355335235596,0.8007072377949953
1931,0.0005670864829035214,0.005766860209405422,0.00594377052038908,1.0649755495251156e-05,0.005059218965470791,0.16609258204698563,0.013780091748444917,0.008351946016773582,0.023464237610641325,0.014054823433980346,1.4358082711696625,0.800950426608324
1932,0.0005661717172980103,0.005757441278547049,0.005934080109000206,1.0632212251948658e-05,0.005050885025411844,0.16617237031459808,0.013783401810368249,0.008353789802640676,0.023468074314857423,0.014057440683245659,1.4362778067588806,0.8012250885367393
1933,0.0005652574171382126,0.005748388357460499,0.005924931727349758,1.0613964150252286e-05,0.005042216274887323,0.16618067026138306,0.013783745718738213,0.008354543708264828,0.023474415563024827,0.014060329645872116,1.4370541274547577,0.8016173988580704
1934,0.0005643435834267723,0.005739457905292511,0.0059155370108783245,1.0599071174510755e-05,0.005035140551626682,0.16631118208169937,0.013789157252697021,0.008356989594176412,0.023476837718123197,0.014062827220186591,1.43735072016716,0.8018309511244297
1935,0.0005634302171658183,0.005730265751481056,0.005906177684664726,1.0581130482023582e-05,0.005026618018746376,0.16634703427553177,0.013790643584865979,0.008358205668628216,0.023481768348365302,0.014065546449273825,1.4379544854164124,0.8021507598459721
1936,0.00056251731935697,0.0057210796512663364,0.005896813701838255,1.05632880149642e-05,0.005018142051994801,0.1663939617574215,0.013792588317002568,0.008359463652595878,0.023487001846091978,0.014068259624764323,1.438595473766327,0.8024947177618742
1937,0.0005616048910013313,0.00571215758100152,0.005887487903237343,1.0547909369051922e-05,0.005010836757719517,0.1665102317929268,0.013797406694878733,0.008361772866919637,0.023489524922140573,0.014070725766941905,1.4389046728610992,0.802707452327013
1938,0.0005606929330994917,0.00570323783904314,0.00587839912623167,1.0530555300647393e-05,0.005002592224627733,0.166525237262249,0.01379802828573561,0.008362621301785111,0.023494927017832515,0.01407337374985218,1.4395665228366852,0.8030458800494671
1939,0.0005597814466515247,0.005694168619811535,0.005869092419743538,1.0513463166716974e-05,0.004994472488760948,0.16660600528120995,0.013801374244183047,0.008364347973838449,0.02349900486711977,0.01407589903101325,1.4400663375854492,0.8033361714333296
1940,0.0005588704326569878,0.0056851767003536224,0.005859825760126114,1.0496848517504986e-05,0.004986579995602369,0.16669398546218872,0.013805017574348785,0.00836632726714015,0.023502342113907823,0.014078475767746568,1.4404754042625427,0.8035846948623657
1941,0.0005579598921149183,0.005676344037055969,0.005850799381732941,1.0479888260306325e-05,0.0049785226583480835,0.16671541705727577,0.013805905100837228,0.008367183851078153,0.023507760454014384,0.014081072062253952,1.441139578819275,0.8039274979382753
1942,0.0005570498260238365,0.005667475983500481,0.00584165146574378,1.0463571925356518e-05,0.0049707721918821335,0.16681259870529175,0.013809928163756435,0.008369165239855647,0.02351091975048985,0.014083458576351404,1.4415269792079926,0.8041697889566422
1943,0.0005561402353817412,0.00565854087471962,0.005832538940012455,1.044625969370827e-05,0.00496254675090313,0.1668693758547306,0.013812278305259669,0.008370690047740936,0.023514938202877107,0.014086019480600953,1.4420197904109955,0.804444583132863
1944,0.0005552311211861101,0.005649701692163944,0.005823460873216391,1.0429665962874424e-05,0.0049546645022928715,0.16691122949123383,0.013814010363294093,0.008371784118935466,0.02351990570210765,0.014088537078350782,1.442629098892212,0.8047701641917229
1945,0.0005543224844338982,0.005640949122607708,0.00581442192196846,1.0413651580165606e-05,0.004947056528180838,0.1670067310333252,0.013817961692563597,0.008373807417228818,0.023522930363012576,0.014090976445004344,1.4430002272129059,0.8050034791231155
1946,0.0005534143261215371,0.005632157903164625,0.005805492401123047,1.0396311154181603e-05,0.004938818980008364,0.16704481095075607,0.013819537459027155,0.008375001605600119,0.023527515487326737,0.014093538746237755,1.4435627460479736,0.8053037784993649
1947,0.0005525066472449337,0.005623363424092531,0.005796445533633232,1.0379923878645059e-05,0.004931034054607153,0.16710839048027992,0.0138221668027145,0.00837640161626041,0.023531695908887904,0.014095911988988519,1.4440758526325226,0.8055921215564013
1948,0.0005515994487994699,0.0056146420538425446,0.005787501577287912,1.0363440196670126e-05,0.004923203960061073,0.16718974709510803,0.013825531127743429,0.00837826100178063,0.02353495308632041,0.014098381856456399,1.4444756209850311,0.8058326840400696
1949,0.0005506927317799987,0.005605972371995449,0.00577867915853858,1.0346479939471465e-05,0.0049151461571455,0.16722554340958595,0.013827011445057096,0.008379333419725299,0.023539821780127167,0.01410093461163342,1.4450733065605164,0.8061494249850512
1950,0.0005497864971808476,0.005597277544438839,0.005769714713096619,1.03304419099004e-05,0.004907527938485146,0.16730374842882156,0.01383024399028897,0.008380981395021081,0.023543373900141606,0.014103261288255453,1.4455094039440155,0.8064065761864185
1951,0.0005488807459958137,0.005588609725236893,0.005760906729847193,1.031337433232693e-05,0.004899419378489256,0.16736703366041183,0.013832859595594051,0.008382577914744616,0.023547034869417838,0.014105743262916803,1.4459590911865234,0.8066630624234676
1952,0.0005479754792181641,0.005579995922744274,0.005752090364694595,1.029695340548642e-05,0.004891619086265564,0.16741101816296577,0.013834677037592532,0.00838370667770505,0.023551711689012992,0.014108201023191214,1.4465335309505463,0.806972274556756
1953,0.0005470706978406343,0.005571408197283745,0.005743219051510096,1.0281264621880837e-05,0.004884165246039629,0.16749193519353867,0.01383801965541454,0.008385463617742062,0.023554933664908146,0.014110528863966465,1.4469293355941772,0.807210635393858
1954,0.0005461664028554295,0.005562818609178066,0.005734534002840519,1.0263981494063046e-05,0.0048759556375443935,0.16754186153411865,0.013840082325804961,0.008386823348701,0.02355901162814313,0.014113005949184299,1.4474303722381592,0.8074861168861389
1955,0.0005452625952542183,0.005554266273975372,0.005725748836994171,1.0247938917018473e-05,0.004868334159255028,0.16759765520691872,0.013842386480209386,0.008388120215386152,0.02356326921609641,0.014115396654233336,1.4479535520076752,0.8077756036072969
1956,0.0005443592760281377,0.005545756779611111,0.005716973450034857,1.0232268323306926e-05,0.004860889632254839,0.16767322644591331,0.01384550731248623,0.008389857597649097,0.023566461825095808,0.014117743587121367,1.448345959186554,0.8080095928162336
1957,0.0005434564461677877,0.005537257995456457,0.00570838525891304,1.0215133443125524e-05,0.0048527498729527,0.1677187904715538,0.013847388249076775,0.00839109136722982,0.023570798634302278,0.014120194595307112,1.448879063129425,0.8082989268004894
1958,0.0005425541066632317,0.005528777372092009,0.005699653644114733,1.0199390089837834e-05,0.00484527088701725,0.16778366640210152,0.01385006588997435,0.008392548188567162,0.02357464176091197,0.014122547348961234,1.4493515491485596,0.8085676077753305
1959,0.0005416522585039958,0.005520327016711235,0.005690994672477245,1.0183357517234981e-05,0.004837654531002045,0.1678495779633522,0.013852785819959948,0.008394147967919707,0.023578092972573787,0.014124928275123239,1.4497759342193604,0.8088127560913563
1960,0.000540750902679067,0.005511917173862457,0.005682464689016342,1.0166672836930957e-05,0.004829728044569492,0.16789746284484863,0.01385476174160896,0.008395357290282845,0.02358245232544062,0.014127323171123862,1.450312077999115,0.8091047704219818
1961,0.0005398500401768922,0.005503514781594276,0.005673800595104694,1.0151186870643869e-05,0.004822371527552605,0.16796591877937317,0.013857585892024207,0.008396905846893787,0.023585911340357833,0.014129630289971828,1.4507375657558441,0.8093517422676086
1962,0.0005389496719853783,0.005495131015777588,0.005665262695401907,1.0134837793884799e-05,0.004814605228602886,0.16802330315113068,0.013859953281976525,0.008398338221013546,0.023589560156146543,0.014131978852674365,1.4511865079402924,0.8096049055457115
1963,0.000538049799091889,0.005486790556460619,0.005656763911247253,1.011861240840517e-05,0.004806896671652794,0.16807646304368973,0.013862145746258114,0.008399606449529529,0.023593736677272617,0.01413431717082858,1.4517003297805786,0.8098883964121342
1964,0.0005371504224832452,0.005478471051901579,0.005648192949593067,1.0103218301082961e-05,0.004799583461135626,0.1681438386440277,0.013864923262098108,0.008401182945817709,0.02359711294451748,0.01413664035499096,1.4521160125732422,0.810129925608635
1965,0.0005362515431457239,0.005470166448503733,0.005639767274260521,1.0086750080517959e-05,0.004791760817170143,0.16819659993052483,0.013867098543979862,0.008402494248002768,0.02360098261522909,0.014138974016532302,1.4525922238826752,0.8103944119066
1966,0.0005353531620650562,0.005461889784783125,0.0056313094682991505,1.007085847959388e-05,0.004784211050719023,0.1682545319199562,0.013869486736954904,0.008403837913647294,0.023604833465402344,0.014141264604404569,1.4530662894248962,0.8106604106724262
1967,0.0005344552802264272,0.005453643389046192,0.0056228432804346085,1.0055349775939249e-05,0.004776843823492527,0.168317973613739,0.013872100974765406,0.008405364817008376,0.023608205988295834,0.014143569627776742,1.4534814953804016,0.8108997344970703
1968,0.0005335578986144742,0.005445418413728476,0.005614499095827341,1.0039040716947056e-05,0.004769096150994301,0.16837021335959435,0.013874253892231458,0.00840662163682282,0.023612175528863574,0.014145877212285995,1.453970342874527,0.8111702781170607
1969,0.0005326610182132867,0.005437213461846113,0.005606093443930149,1.002345834422158e-05,0.00476169353350997,0.16843099892139435,0.013876758172399332,0.008408034453168511,0.023615803341317073,0.014148172223940492,1.4544171392917633,0.8114240691065788
1970,0.0005317646400064038,0.005429037846624851,0.005597732961177826,1.0007803211919963e-05,0.004754256457090378,0.16849031671881676,0.01387920132068902,0.008409482892602682,0.023619309532731406,0.014150474919006228,1.4548490643501282,0.8116696905344725
1971,0.0005308687649768139,0.005420885514467955,0.005589446052908897,9.99177609628532e-06,0.004746642895042896,0.16854406520724297,0.013881414724813449,0.008410746231675148,0.023623222383538672,0.014152764808386564,1.4553310871124268,0.8119375761598349
1972,0.0005299733941069541,0.0054127550683915615,0.005581116769462824,9.976335604733322e-06,0.004739307798445225,0.1686050295829773,0.013883924919137739,0.008412188617512584,0.023626681588703218,0.014155074022710323,1.4557574093341827,0.81218121945858
1973,0.0005290785283787081,0.005404646508395672,0.005572851747274399,9.960584065993316e-06,0.004731824621558189,0.16866108030080795,0.013886232802056087,0.008413546020165086,0.023630302247606202,0.014157362282276154,1.4562036097049713,0.8124323450028896
1974,0.0005281841687734057,0.005396559834480286,0.00556461326777935,9.944840712705627e-06,0.004724346101284027,0.1687161847949028,0.013888501141227574,0.008414831012487411,0.023634078128871104,0.014159623300656676,1.4566690027713776,0.8126925937831402
1975,0.0005272903162718227,0.005388511344790459,0.005556377582252026,9.929477528203279e-06,0.004717047326266766,0.16877592727541924,0.013890959509265239,0.008416267344728112,0.02363746094651513,0.014161903876811266,1.4570859670639038,0.8129309471696615
1976,0.0005263969718541773,0.0053804717026650906,0.005548187997192144,9.913810572470538e-06,0.004709605127573013,0.16883044317364693,0.013893202986242123,0.00841756584122777,0.023641150433214336,0.014164149994030595,1.457540899515152,0.8131856713443995
1977,0.0005255041365001313,0.0053724609315395355,0.005540011916309595,9.898345524561591e-06,0.004702257923781872,0.16888700798153877,0.01389553001113031,0.008418895304203033,0.023644772261457565,0.014166393084451556,1.4579875767230988,0.8134372923523188
1978,0.0005246118111887881,0.005364473909139633,0.005531856790184975,9.882943231787067e-06,0.004694941453635693,0.16894548013806343,0.013897935306684308,0.00842030649073422,0.02364818093243311,0.014168647350743413,1.4584079384803772,0.8136767093092203
1979,0.0005237199968986919,0.005356513895094395,0.005523749627172947,9.867425433185417e-06,0.0046875691041350365,0.16899941861629486,0.013900153841073848,0.008421583333984017,0.023651887204530826,0.014170857844874263,1.4588651359081268,0.8139322772622108
1980,0.0005228286946078261,0.00534856878221035,0.005515631288290024,9.85216047411086e-06,0.00468031782656908,0.16905667260289192,0.013902508617948506,0.008422956801950932,0.02365535821219552,0.014173077885061502,1.4592932760715485,0.8141749743372202
1981,0.0005219379052936139,0.005340651609003544,0.005507571157068014,9.836701792664826e-06,0.004672974348068237,0.16911360248923302,0.013904848737007352,0.008424328174442053,0.023658817639302575,0.014175296062603593,1.4597200751304626,0.8144168388098478
1982,0.0005210476299329137,0.005332760512828827,0.005499524995684624,9.821396815823391e-06,0.004665703512728214,0.16916729882359505,0.013907056097227213,0.008425603620707989,0.023662464744915797,0.014177476987242699,1.460170179605484,0.8146687392145395
1983,0.0005201578695020225,0.005324888974428177,0.005491485819220543,9.80623735813424e-06,0.004658501595258713,0.16922467201948166,0.013909414413456596,0.008426989428699017,0.023665851191087724,0.014179675839841366,1.4605881869792938,0.8149064294993877
1984,0.0005192686249766715,0.00531703932210803,0.005483503453433514,9.79083233687561e-06,0.004651183262467384,0.1692802645266056,0.013911698716442043,0.008428318426012993,0.023669363187003512,0.014181861886754632,1.4610217809677124,0.815151022747159
1985,0.0005183798973320262,0.005309212952852249,0.0054755196906626225,9.775681974133477e-06,0.0046439869329333305,0.16933421045541763,0.013913915317758355,0.008429614128544927,0.023672919535567837,0.014184028608724475,1.4614608883857727,0.8153975494205952
1986,0.0005174916875426852,0.005301410797983408,0.005467560142278671,9.760582543094642e-06,0.0046368129551410675,0.16939139738678932,0.01391626475972811,0.008430996909737587,0.023676265150708323,0.014186213025823236,1.4618738889694214,0.8156326431781054
1987,0.0005166039965826806,0.005293631460517645,0.005459652282297611,9.745291208673734e-06,0.004629548639059067,0.16944570094347,0.013918495009634291,0.00843229447491467,0.023679805406759392,0.014188386965543032,1.462311178445816,0.815878439694643
1988,0.0005157168254254726,0.0052858758717775345,0.005451738368719816,9.730298188515007e-06,0.004622426815330982,0.1694999746978283,0.013920723726220904,0.008433606242761016,0.023683268021677563,0.014190566027536988,1.4627387821674347,0.8161193784326315
1989,0.0005148301750439549,0.005278143100440502,0.00544386450201273,9.71520694292849e-06,0.004615257494151592,0.16955652087926865,0.013923045367562113,0.00843495805747807,0.023686615861257466,0.014192737406119704,1.4631524085998535,0.8163544647395611
1990,0.0005139440464104468,0.005270431283861399,0.005436020903289318,9.70008477452211e-06,0.0046080732718110085,0.16960977017879486,0.013925232078297465,0.008436229778453708,0.023690138599732336,0.014194892719388008,1.4635876417160034,0.8165987059473991
1991,0.0005130584404966981,0.005262743681669235,0.0054281787015497684,9.685201803222299e-06,0.004601002670824528,0.16966447979211807,0.013927477609606711,0.008437549462541938,0.023693513106313662,0.014197048265486956,1.4640046656131744,0.8168345727026463
1992,0.000512173358273884,0.005255077499896288,0.00542038306593895,9.670157851360273e-06,0.004593856632709503,0.16972005739808083,0.013929758428126531,0.008438864955678582,0.02369688037741364,0.014199196361005306,1.4644207656383514,0.8170704115182161
1993,0.0005112888007126054,0.005247434601187706,0.005412604659795761,9.655208486947231e-06,0.0045867543667554855,0.1697726882994175,0.013931917972678873,0.008440126199275255,0.023700372118457207,0.01420134399086237,1.4648523926734924,0.817312540486455
1994,0.000510404768782888,0.005239817779511213,0.005404838360846043,9.640431926527526e-06,0.004579734988510609,0.1698279194533825,0.013934184226985264,0.008441447978839278,0.02370368531208604,0.014203483005985618,1.4652620255947113,0.8175449725240469
1995,0.0005095212634541824,0.005232217721641064,0.005397117231041193,9.62545436777873e-06,0.004572619218379259,0.16988223418593407,0.013936412261834936,0.008442730410024524,0.023707058504225345,0.014205609913915396,1.46567901968956,0.817780626937747
1996,0.0005086382856953587,0.005224643275141716,0.005389405880123377,9.610662345949095e-06,0.004565592855215073,0.16993476077914238,0.013938566599474704,0.00844398932531476,0.023710478167134313,0.014207749394699931,1.4661019444465637,0.818018352612853
1997,0.0005077558364747117,0.005217086989432573,0.005381706170737743,9.59596309257904e-06,0.004558609798550606,0.16999005898833275,0.013940834382549715,0.008445300394669175,0.02371376448238973,0.014209884451702237,1.4665083289146423,0.8182491939514875
1998,0.0005068739167599545,0.0052095563150942326,0.005374056287109852,9.58111195359379e-06,0.0045515550300478935,0.17004301026463509,0.013943005648890339,0.008446558844298124,0.023717137161351372,0.014212009264156222,1.4669255018234253,0.8184842560440302
1999,0.0005059925275182205,0.005202048923820257,0.00536641338840127,9.566451808495913e-06,0.004544590134173632,0.1700957603752613,0.013945167837775042,0.008447827072814107,0.023720478993790407,0.01421414315700531,1.4673389792442322,0.8187173698097467
2000,0.0005051116697160611,0.005194561555981636,0.0053587909787893295,9.551828043186106e-06,0.0045376429334282875,0.17015060782432556,0.013947416158643582,0.008449129294604063,0.023723747362158563,0.01421626377850771,1.4677433967590332,0.8189470022916794
2001,0.0005042313443194445,0.005187097936868668,0.005351209081709385,9.537116056890227e-06,0.004530654288828373,0.17020271718502045,0.013949551323587458,0.00845037680119276,0.023727121075321225,0.014218380441889167,1.4681608378887177,0.819181777536869
2002,0.0005033515522937553,0.005179652478545904,0.005343630909919739,9.52255868469365e-06,0.004523738753050566,0.1702560856938362,0.013951738052012528,0.008451651548966765,0.023730402632903783,0.014220494544133544,1.4685669243335724,0.8194115050137043
2003,0.0005024722946037942,0.005172234494239092,0.005336088128387928,9.507992217550054e-06,0.004516818560659885,0.1703098975121975,0.01395394307876872,0.008452925831079483,0.023733676072589766,0.014222595375031233,1.4689721763134003,0.8196410369127989
2004,0.0005015935722137745,0.005164834205061197,0.005328568164259195,9.493420293438248e-06,0.004509896971285343,0.1703614965081215,0.013956056521592899,0.008454168913885951,0.023737010059159593,0.01422469224780798,1.4693848192691803,0.8198731578886509
2005,0.000500715386087323,0.005157454404979944,0.005321060307323933,9.478967513132375e-06,0.004503029864281416,0.17041514068841934,0.013958253568431318,0.008455452276393771,0.023740238760881476,0.014226788654923439,1.4697845876216888,0.8200998641550541
2006,0.0004998377371874786,0.005150098819285631,0.00531358364969492,9.464505637879483e-06,0.004496159963309765,0.17046785354614258,0.013960412613940905,0.008456722600385547,0.023743518199047884,0.014228878077119589,1.4701907336711884,0.8203292936086655
2007,0.000498960626476691,0.00514276884496212,0.005306132137775421,9.450095603824593e-06,0.004489314742386341,0.17051945254206657,0.013962525338054579,0.008457977091893554,0.02374680944021714,0.01423095935024321,1.4705983698368073,0.8205589111894369
2008,0.000498084054916819,0.0051354533061385155,0.00529869832098484,9.435691026737913e-06,0.004482471849769354,0.17057287320494652,0.013964711728213883,0.0084592595230788,0.0237500077059578,0.014233027817681432,1.470994472503662,0.8207836728543043
2009,0.0004972080234691318,0.005128164775669575,0.005291291978210211,9.421338290849235e-06,0.004475653637200594,0.17062455043196678,0.013966827057922652,0.008460507495328784,0.023753270786021605,0.014235091395676136,1.4713987708091736,0.8210116606205702
2010,0.0004963325330943047,0.005120894871652126,0.005283904727548361,9.40702830121154e-06,0.004468855448067188,0.17067652568221092,0.013968954307668638,0.008461768040433526,0.023756509528667973,0.014237148454412818,1.471800059080124,0.8212382923811674
2011,0.0004954575847524205,0.005113644525408745,0.005276540294289589,9.392727406520862e-06,0.004462061915546656,0.17072933912277222,0.013971115214828652,0.008463052101433277,0.02375969240206322,0.01423919410444796,1.4721943736076355,0.8214618563652039
2012,0.000494583179402967,0.0051064202561974525,0.005269203335046768,9.37846562010236e-06,0.004455287009477615,0.17078036442399025,0.013973203409600907,0.00846430310048163,0.023762938230405796,0.014241238357499242,1.4725967049598694,0.8216885346919298
2013,0.0004937093180048373,0.005099213682115078,0.005261882208287716,9.364261131850071e-06,0.004448539111763239,0.170832559466362,0.01397533827914364,0.008465573657304049,0.023766137387137662,0.014243275625631213,1.4729932844638824,0.8219129219651222
2014,0.0004928360015163272,0.005092028062790632,0.005254583898931742,9.350080290460028e-06,0.004441802389919758,0.17088450863957405,0.01397746306231936,0.00846684048883617,0.023769319889618563,0.014245312893763185,1.4733876883983612,0.8221360985189676
2015,0.000491963230895135,0.0050848666578531265,0.005247312132269144,9.33593855734216e-06,0.004435083828866482,0.17093542218208313,0.01397954484393029,0.008468082174658775,0.023772525839193415,0.014247342478483915,1.4737851917743683,0.8223603069782257
2016,0.0004910910070983616,0.005077726673334837,0.0052400631830096245,9.321828656538855e-06,0.004428381100296974,0.17098741978406906,0.013981671199506239,0.008469346445053816,0.023775690043123136,0.014249366940930486,1.4741776287555695,0.8225825242698193
2017,0.000490219331082507,0.005070599727332592,0.0052328286692500114,9.30773421714548e-06,0.004421685356646776,0.17103854939341545,0.013983761590235776,0.008470598375424743,0.023778861169622405,0.014251390937715769,1.474570780992508,0.8228046651929617
2018,0.0004893482038034705,0.005063502583652735,0.0052256230264902115,9.293704351875931e-06,0.0044150203466415405,0.17108950018882751,0.013985844125087115,0.008471842622384429,0.023782027896014035,0.014253401895985007,1.474963665008545,0.8230265825986862
2019,0.0004884776262165503,0.0050564236007630825,0.0052184369415044785,9.279702680942137e-06,0.004408368840813637,0.17114106938242912,0.013987951317539144,0.008473099675029516,0.02378516575181445,0.014255407731980085,1.4753528833389282,0.8232469763606787
2020,0.0004876075992764412,0.005049364175647497,0.005211274139583111,9.265717380912974e-06,0.00440172478556633,0.17119163274765015,0.013990018016321673,0.008474336238577962,0.023788319404432327,0.014257411239668727,1.4757440686225891,0.8234678506851196
2021,0.00048673812393723435,0.005042330827564001,0.005204135552048683,9.251794836018234e-06,0.0043951114639639854,0.1712426282465458,0.01399210144000495,0.008475576527416706,0.023791451231466105,0.01425940659828484,1.4761326909065247,0.8236876595765352
2022,0.0004858692011524168,0.005035312846302986,0.005197015590965748,9.237883205059916e-06,0.004388501867651939,0.17129352688789368,0.013994180654057888,0.008476819610223174,0.023794572555479242,0.014261401491239667,1.4765200018882751,0.8239067643880844
2023,0.00048500083187486784,0.005028313957154751,0.005189916118979454,9.223997039953247e-06,0.004381905309855938,0.17134381458163261,0.013996234736366612,0.00847804918885231,0.02379770325384341,0.014263387536630034,1.476908653974533,0.8241262342780828
2024,0.0004841330170568617,0.005021342076361179,0.0051828413270413876,9.21018363442272e-06,0.004375343210995197,0.1713944971561432,0.01399830463027272,0.008479282259941101,0.023800800218884505,0.014265361009165645,1.4772930443286896,0.8243437707424164
2025,0.00048326575765006343,0.005014386028051376,0.005175785161554813,9.196390237775631e-06,0.004368790425360203,0.17144490778446198,0.014000363174580702,0.008480512537062168,0.02380389953196226,0.014267336810007691,1.4776777625083923,0.8245613351464272
2026,0.00048239905460552935,0.005007452331483364,0.005168754607439041,9.182604117086157e-06,0.004362241830676794,0.17149505391716957,0.01400240998457984,0.008481735596433282,0.023807003942762885,0.014269307255744934,1.4780634045600891,0.8247792292386293
2027,0.00048153290887370526,0.005000540520995855,0.005161745473742485,9.168876204057597e-06,0.004355720244348049,0.1715453900396824,0.014004465197819836,0.008482961216941476,0.0238100780016784,0.014271266991272569,1.4784450232982635,0.824995206668973
2028,0.0004806673214044271,0.004993645939975977,0.005154754500836134,9.15517557587009e-06,0.004349211230874062,0.17159532383084297,0.01400650335659713,0.008484180318191648,0.023813156858002903,0.01427322207018733,1.4788273572921753,0.8252113405615091
2029,0.00047980229314691645,0.004986772779375315,0.0051477872766554356,9.141503142018337e-06,0.004342716187238693,0.17164521664381027,0.014008539400954086,0.008485396159812808,0.02381623592731484,0.014275171328336,1.4792098701000214,0.8254275433719158
2030,0.00047893782504978367,0.004979922901839018,0.005140842404216528,9.127883458859287e-06,0.004336245823651552,0.17169515416026115,0.014010576967045388,0.00848661526106298,0.02381928955049132,0.014277113135904074,1.4795891344547272,0.8256421443074942
2031,0.0004780739180610239,0.004973091185092926,0.005133918486535549,9.114271961152554e-06,0.0043297805823385715,0.17174482718110085,0.014012603592361422,0.008487828308716416,0.02382234033883837,0.014279050985351205,1.4799681901931763,0.8258565086871386
2032,0.00047721057312801694,0.004966277629137039,0.00512701366096735,9.100700481212698e-06,0.004323333036154509,0.17179439216852188,0.014014625252092213,0.008489035768434405,0.023825391652698858,0.014280988136306405,1.480347454547882,0.826070923358202
2033,0.0004763477911975264,0.004959486424922943,0.005120130255818367,9.087181751965545e-06,0.0043169111013412476,0.17184389382600784,0.014016644414083616,0.008490242529660463,0.023828420896139086,0.014282918069511652,1.4807238578796387,0.8262838758528233
2034,0.0004754855732156984,0.004952715244144201,0.005113271065056324,9.073669389181305e-06,0.004310491494834423,0.17189328372478485,0.014018658873582121,0.008491445798426867,0.02383145219700103,0.014284844044595957,1.4811005890369415,0.8264969363808632
2035,0.0004746239201280604,0.004945961758494377,0.005106428172439337,9.060207958100364e-06,0.004304096568375826,0.17194245755672455,0.01402066396210777,0.008492644177749753,0.02383447944909537,0.014286767225712538,1.4814769327640533,0.826709695160389
2036,0.00047376283287952167,0.004939230624586344,0.0050996094942092896,9.046772902365774e-06,0.004297714214771986,0.17199167981743813,0.014022669931387588,0.008493842091411352,0.02383748983423657,0.014288684586063027,1.4818511307239532,0.8269214052706957
2037,0.00047290231241436866,0.004932519048452377,0.005092812702059746,9.033363312482834e-06,0.004291343502700329,0.17204070463776588,0.01402466848029219,0.008495034417137504,0.023840490378260717,0.014290589839220047,1.4822242856025696,0.8271324951201677
2038,0.00047204235967626836,0.0049258265644311905,0.005086032673716545,9.020008292282e-06,0.004285000264644623,0.17208968102931976,0.014026664539865535,0.008496224181726575,0.023843492375615685,0.014292491599917412,1.4825974702835083,0.827343575656414
2039,0.00047118297560826437,0.004919155966490507,0.005079277791082859,9.006682375911623e-06,0.004278669133782387,0.17213857918977737,0.014028657592520612,0.008497410453855991,0.02384648118015958,0.014294386142864823,1.48296919465065,0.8275538869202137
2040,0.00047032416115277644,0.004912505391985178,0.0050725447945296764,8.993372830445878e-06,0.004272345919162035,0.1721871942281723,0.014030638175522999,0.008498590672388673,0.02384947205077481,0.014296276029199362,1.4833413064479828,0.8277642503380775
2041,0.00046946591725159967,0.004905869718641043,0.005065823905169964,8.980126949609257e-06,0.0042660534381866455,0.1722358651459217,0.014032621201124735,0.008499772986397147,0.023852440583466004,0.014298159629106522,1.4837105870246887,0.8279732260853052
2042,0.0004686082448459048,0.00489925779402256,0.005059132352471352,8.966878340288531e-06,0.004259760025888681,0.17228436097502708,0.01403459668851422,0.008500954369083047,0.023855407831749966,0.014300042763352394,1.4840796887874603,0.8281820248812437
2043,0.00046775114487623327,0.0048926640301942825,0.005052459891885519,8.953658834798262e-06,0.004253479652106762,0.1723327301442623,0.014036566195946417,0.008502132259309292,0.023858366476956213,0.014301932184025645,1.4844478964805603,0.8283903133124113
2044,0.00046689461828250184,0.004886095877736807,0.005045810714364052,8.940512088884134e-06,0.004247235134243965,0.17238100618124008,0.014038532317362299,0.0085033078212291,0.02386131804691944,0.014303819509223104,1.4848152101039886,0.8285981081426144
2045,0.0004660386660039954,0.004879538901150227,0.00503917271271348,8.92739262781106e-06,0.004241002257913351,0.1724291928112507,0.014040494147312716,0.008504479890689254,0.023864258275814704,0.014305697986856103,1.4851811230182648,0.8288051579147577
2046,0.0004651832889793717,0.0048730033449828625,0.005032562650740147,8.914264981285669e-06,0.004234766121953726,0.17247726023197174,0.014042451428526254,0.008505646605044603,0.023867198142499626,0.014307573204860091,1.485547035932541,0.8290121480822563
2047,0.0004643284881466562,0.004866490140557289,0.0050259726122021675,8.901202818378806e-06,0.00422856118530035,0.17252520471811295,0.014044402608700345,0.008506810292601585,0.023870127588236353,0.014309443300589919,1.4859118163585663,0.8292185105383396
2048,0.0004634742644432428,0.00485999183729291,0.005019397474825382,8.888172487786505e-06,0.0042223697528243065,0.1725730188190937,0.014046348985368433,0.008507969789206982,0.02387304692163821,0.014311301987618208,1.4862752854824066,0.8294241521507502
2049,0.0004626206188058921,0.004853519611060619,0.005012852139770985,8.875158528098837e-06,0.0042161885648965836,0.17262081801891327,0.014048293797556503,0.008509128354489803,0.023875960412773404,0.014313160674646497,1.4866380095481873,0.8296294137835503
2050,0.00046176755217073245,0.004847056232392788,0.005006315186619759,8.86217640072573e-06,0.00421002134680748,0.17266841977834702,0.014050230572750037,0.00851028528995812,0.023878868977888747,0.014315012143924832,1.4870003163814545,0.8298343680799007
2051,0.0004609150654732544,0.0048406170681118965,0.0049998024478554726,8.849242476571817e-06,0.004203876480460167,0.1727159582078457,0.01405216488042947,0.008511441992595792,0.02388177048612387,0.014316856395453215,1.4873616695404053,0.8300388138741255
2052,0.00046006315964831527,0.0048341997899115086,0.0049933139234781265,8.836333108774852e-06,0.004197744186967611,0.17276349291205406,0.014054098404173628,0.008512599393725395,0.02388465884747315,0.014318696688860655,1.4877214431762695,0.8302424680441618
2053,0.00045921183563013394,0.004827800206840038,0.004986843094229698,8.82346103026066e-06,0.004191628657281399,0.17281068116426468,0.014056017685671319,0.008513749809935689,0.023887547164168462,0.014320532558485866,1.4880812764167786,0.8304459787905216
2054,0.0004583610943522915,0.00482142111286521,0.004980393685400486,8.81062624102924e-06,0.0041855317540466785,0.17285792902112007,0.014057938904805846,0.008514897897839546,0.023890422035791108,0.014322359580546618,1.4884394705295563,0.8306486997753382
2055,0.00045751093674773006,0.004815060645341873,0.004973965231329203,8.797807822702453e-06,0.004179442301392555,0.1729051060974598,0.014059857273920904,0.00851604575291276,0.023893288339496988,0.014324182411655784,1.4887966811656952,0.8308508936315775
2056,0.00045666136374875185,0.004808714613318443,0.0049675521440804005,8.785013960732613e-06,0.004173364490270615,0.17295201122760773,0.014061764256615237,0.008517190115526319,0.023896161302487944,0.014326000586152077,1.4891547560691833,0.8310533836483955
2057,0.00045581237628701727,0.004802391864359379,0.004961160011589527,8.772289220360108e-06,0.00416732020676136,0.17299897596240044,0.01406367356752116,0.008518336107954383,0.023899009564446048,0.014327807584777474,1.4895097315311432,0.8312543537467718
2058,0.00045496397529354597,0.004796084016561508,0.004954786971211433,8.759561751503497e-06,0.004161273129284382,0.17304576560854912,0.014065575377216236,0.00851947907358408,0.023901851398796296,0.014329609461128712,1.4898639619350433,0.8314548637717962
2059,0.0004541161616987132,0.0047898003831505775,0.0049484362825751305,8.746894309297204e-06,0.004155255854129791,0.17309240624308586,0.01406747046457072,0.008520620642229915,0.023904703244004413,0.0143314094748348,1.4902194738388062,0.831655940040946
2060,0.00045326893643225064,0.004783533047884703,0.00494210422039032,8.734245966479648e-06,0.0041492474265396595,0.17313912883400917,0.014069369045993957,0.008521759882569313,0.02390753588011415,0.014333198079839349,1.4905726611614227,0.831855894997716
2061,0.0004524223004232447,0.004777282942086458,0.0049357907846570015,8.72162763698725e-06,0.004143252037465572,0.1731855496764183,0.014071254702806468,0.008522896794602275,0.023910356921491415,0.014334981329739094,1.4909244775772095,0.8320550136268139
2062,0.0004515762546001356,0.00477104727178812,0.0049294945783913136,8.709010216989554e-06,0.004137258045375347,0.17323186248540878,0.01407313610013029,0.008524030447006226,0.02391318128125704,0.014336761785671115,1.4912766814231873,0.832254271954298
2063,0.0004507307998907157,0.004764838144183159,0.004923222586512566,8.696465556568e-06,0.004131299443542957,0.17327816411852837,0.014075016729027797,0.008525162003934383,0.023915992225602038,0.014338536653667688,1.4916274845600128,0.8324528243392706
2064,0.0004498859372221307,0.004758643452078104,0.004916966427117586,8.683946361998096e-06,0.004125352017581463,0.1733243241906166,0.014076891679519468,0.008526289137080312,0.023918795843139797,0.014340307796373963,1.4919771552085876,0.8326507396996021
2065,0.00044904166752087577,0.004752468317747116,0.004910733550786972,8.671433533891104e-06,0.004119407385587692,0.17337050288915634,0.014078766380313175,0.008527415804564953,0.023921596090507716,0.014342081733047962,1.4923264682292938,0.8328484855592251
2066,0.000448197991712796,0.004746310878545046,0.004904512781649828,8.65900165081257e-06,0.0041135018691420555,0.17341627925634384,0.014080624554351946,0.00852853269316256,0.023924386886428867,0.014343844028189778,1.4926747679710388,0.8330455236136913
2067,0.0004473549107230855,0.004740172065794468,0.004898318089544773,8.646547939861193e-06,0.004107585642486811,0.17346223443746567,0.014082490879046356,0.008529650513082743,0.023927167930122714,0.014345609582960606,1.4930216670036316,0.8332419507205486
2068,0.0004465124254762857,0.0047340476885437965,0.004892135038971901,8.63415789353894e-06,0.0041016992181539536,0.17350802943110466,0.014084349465753036,0.008530762977898121,0.02392994621819561,0.014347369316965342,1.4933684170246124,0.8334382232278585
2069,0.0004456705368962853,0.004727950319647789,0.004885982256382704,8.621786037110724e-06,0.004095822107046843,0.17355363443493843,0.014086200059269478,0.008531872183084488,0.02393271445519477,0.014349121833220124,1.4937140047550201,0.8336338195949793
2070,0.0004448292459063178,0.004721864592283964,0.00487983925268054,8.60945692693349e-06,0.004089965019375086,0.1735992282629013,0.014088050280577873,0.008532980689778924,0.02393548298000008,0.014350876212120056,1.4940596520900726,0.833829440176487
2071,0.0004439885534289627,0.00471580121666193,0.004873722326010466,8.597144187660888e-06,0.004084115382283926,0.17364466190338135,0.014089894191278129,0.008534084539860487,0.023938241762261617,0.014352631289511919,1.4944041073322296,0.8340243846178055
2072,0.000443148460386142,0.0047097522765398026,0.004867617040872574,8.58488510857569e-06,0.004078292287886143,0.17369001731276512,0.014091734117323909,0.008535186061635613,0.023940980776244822,0.014354380778968334,1.4947460889816284,0.8342180531471968
2073,0.0004423089676991208,0.004703721962869167,0.004861535970121622,8.572618753532879e-06,0.004072465002536774,0.17373526841402054,0.0140935691568194,0.008536283392459154,0.023943722819553974,0.014356127241626382,1.4950883984565735,0.834411833435297
2074,0.0004414700762885056,0.004697710741311312,0.004855471663177013,8.56040969665628e-06,0.004066665656864643,0.17378037050366402,0.014095398666430843,0.008537377463653684,0.023946463333508656,0.014357874169945717,1.4954307079315186,0.8346055392175913
2075,0.0004406317870742438,0.004691717214882374,0.00484942551702261,8.548238838557154e-06,0.004060883074998856,0.1738254465162754,0.014097226132168217,0.008538471534848213,0.02394918955869736,0.01435961714014411,1.4957712888717651,0.8347983676940203
2076,0.00043979410097562193,0.004685741383582354,0.004843397997319698,8.53609435580438e-06,0.0040551139973104,0.17387037724256516,0.014099048587480525,0.008539561415091157,0.02395191213207612,0.014361354056745768,1.4961113929748535,0.8349908851087093
2077,0.00043895701891126656,0.004679783713072538,0.004837391898036003,8.523964424966834e-06,0.004049351904541254,0.17391524836421013,0.014100867324294594,0.008540646405890584,0.023954633484802604,0.014363086083903909,1.4964513182640076,0.8351832833141088
2078,0.0004381205417991394,0.004673840943723917,0.0048313988372683525,8.511877240380272e-06,0.004043608903884888,0.17395999655127525,0.014102681699140045,0.008541728137061,0.02395733903946931,0.014364809961989522,1.4967893660068512,0.8353746812790632
2079,0.0004372846705565413,0.004667914472520351,0.004825422540307045,8.49982097861357e-06,0.004037882201373577,0.17400460317730904,0.014104489392325401,0.00854280567727983,0.02396003639319312,0.014366531511768699,1.4971264004707336,0.8355655018240213
2080,0.00043644940610010715,0.004662016872316599,0.004819478839635849,8.487793820677325e-06,0.0040321690030395985,0.17404913157224655,0.014106294274883245,0.008543879259377718,0.02396273253238143,0.014368251664564013,1.4974633753299713,0.8357562534511089
2081,0.0004356147493458068,0.004656125791370869,0.004813539795577526,8.475799404550344e-06,0.004026470705866814,0.1740936078131199,0.014108096476824594,0.008544951677322388,0.023965416224158407,0.014369962736964226,1.4977988600730896,0.8359462339431047
2082,0.0004347807012089434,0.004650257993489504,0.004807626362890005,8.463827725790907e-06,0.004020783118903637,0.174137931317091,0.014109892131700217,0.008546023862436414,0.023968101133286186,0.014371668454259634,1.4981344044208527,0.8361361678689718
2083,0.000433947262604154,0.004644403234124184,0.004801725968718529,8.45188696985133e-06,0.004015111364424229,0.17418213933706284,0.014111682917703466,0.008547096280381083,0.02397077481444365,0.014373368583619595,1.4984687864780426,0.8363254629075527
2084,0.0004331144344454049,0.004638567566871643,0.004795844666659832,8.439991688646842e-06,0.004009460099041462,0.17422635480761528,0.014113474120899005,0.008548170793801546,0.02397343939589303,0.014375063125044107,1.4988018870353699,0.8365141209214926
2085,0.0004322822176459953,0.004632752854377031,0.004789987578988075,8.428108230873477e-06,0.004003814421594143,0.17427027970552444,0.014115252725573235,0.008549238555133343,0.02397610216387913,0.01437675510533154,1.4991348385810852,0.8367025591433048
2086,0.0004314506131185526,0.004626952111721039,0.004784141667187214,8.416274795308709e-06,0.003998192958533764,0.17431427165865898,0.014117034198577641,0.008550307247787714,0.02397876463617305,0.014378445455804467,1.4994677603244781,0.8368910159915686
2087,0.0004306196217750332,0.0046211727894842625,0.004778319038450718,8.404475920542609e-06,0.003992588259279728,0.17435821518301964,0.014118813514284286,0.008551376638934016,0.023981406485084997,0.014380129985511303,1.4997982680797577,0.8370782416313887
2088,0.0004297892445267209,0.004615404177457094,0.00477251224219799,8.392653398914263e-06,0.003986971918493509,0.17440181598067284,0.014120578693408829,0.008552439976483583,0.02398404713289699,0.014381807297468185,1.5001285672187805,0.8372651915997267
2089,0.00042895948228422614,0.004609658382833004,0.004766723141074181,8.380924555240199e-06,0.003981400281190872,0.1744454689323902,0.014122346099142433,0.008553500287234783,0.023986681120008086,0.014383480185642838,1.5004580914974213,0.8374517802149057
2090,0.00042813033595748474,0.004603925161063671,0.004760949872434139,8.369194802071434e-06,0.0039758277125656605,0.1744890734553337,0.014124110965563711,0.008554558269679546,0.023989304809011822,0.014385147951543331,1.5007861256599426,0.8376375995576382
2091,0.00042730180645575834,0.004598209634423256,0.004755194298923016,8.357501428690739e-06,0.003970272373408079,0.17453240603208542,0.014125864923568739,0.008555611362680793,0.023991929424163953,0.014386818278580904,1.5011147856712341,0.8378235958516598
2092,0.00042647389468762967,0.004592513665556908,0.004749460145831108,8.345827154698782e-06,0.003964726813137531,0.17457576841115952,0.014127619565097083,0.00855666445568204,0.023994547990784508,0.014388486510142684,1.501442402601242,0.8380090855062008
2093,0.00042564660156100653,0.004586836323142052,0.0047437455505132675,8.334191988979e-06,0.003959199413657188,0.17461907491087914,0.014129371413963962,0.008557713590562344,0.02399715262763215,0.014390148222446442,1.501768410205841,0.8381937425583601
2094,0.000424819927983117,0.004581172484904528,0.0047380439937114716,8.322585927089676e-06,0.003953685984015465,0.17466216906905174,0.01413111506487312,0.008558758301660419,0.023999756072300787,0.014391807606443763,1.5020942687988281,0.8383782189339399
2095,0.00042399387486050983,0.004575525410473347,0.004732359200716019,8.311015335493721e-06,0.003948189318180084,0.17470518127083778,0.014132854768171953,0.008559800451621413,0.024002351049934534,0.014393463963642716,1.5024191737174988,0.8385621774941683
2096,0.0004231684430990534,0.004569897893816233,0.004726695828139782,8.29947293823352e-06,0.003942706156522036,0.17474818974733353,0.014134594257345959,0.008560839109122753,0.024004936653971645,0.014395116595551372,1.5027427971363068,0.8387454934418201
2097,0.00042234363360393586,0.004564284812659025,0.004721047356724739,8.287954187835567e-06,0.003937234170734882,0.17479102313518524,0.014136326198010642,0.008561873575672507,0.02400751773656069,0.014396761311218143,1.5030660033226013,0.8389285132288933
2098,0.0004215194472796605,0.004558687098324299,0.004715416114777327,8.276456355815753e-06,0.003931771498173475,0.1748337224125862,0.014138052651486186,0.00856290734373033,0.02401009854168368,0.01439840393140912,1.5033892095088959,0.839111465960741
2099,0.0004206958850300497,0.004553111735731363,0.00470980629324913,8.265010364993941e-06,0.003926333971321583,0.17487643659114838,0.014139780180597476,0.00856393901631236,0.02401266785824895,0.014400041894987226,1.5037109851837158,0.8392937108874321
2100,0.0004198729477582402,0.004547550808638334,0.004704211838543415,8.253584383055568e-06,0.003920906223356724,0.17491894215345383,0.014141498237476987,0.008564965100958943,0.024015228719670618,0.01440167031250894,1.5040318071842194,0.8394753746688366
2101,0.0004190506363666835,0.0045420038513839245,0.004698632284998894,8.242183866968844e-06,0.003915490582585335,0.1749613992869854,0.014143214670920659,0.008565990487113595,0.02401778658158086,0.014403296168893576,1.50435209274292,0.8396567460149527
2102,0.000418228951757145,0.00453647505491972,0.004693073220551014,8.230800631281454e-06,0.003910082392394543,0.17500381544232368,0.014144928581343473,0.008567013312131166,0.02402033962748883,0.014404921093955636,1.5046719014644623,0.839837858453393
2103,0.00041740789483070255,0.004530963953584433,0.004687529988586903,8.219467417802662e-06,0.0039046991150826216,0.17504604160785675,0.014146634955001756,0.008568031713366508,0.024022875743884564,0.014406536938622594,1.5049897134304047,0.8400178775191307
2104,0.0004165874664877453,0.004525470081716776,0.004682003520429134,8.208176950574853e-06,0.0038993353955447674,0.17508820444345474,0.014148338680115426,0.008569048484787345,0.02402541401532232,0.014408150454983115,1.5053077638149261,0.8401979841291904
2105,0.0004157676676279744,0.00451998645439744,0.00467649195343256,8.196871021937113e-06,0.0038939642254263163,0.1751302182674408,0.014150035901136844,0.008570061530917883,0.024027951412997003,0.01440975908190012,1.5056257545948029,0.8403779864311218
2106,0.0004149484991503993,0.004514527972787619,0.004671001806855202,8.185647857317235e-06,0.0038886324036866426,0.17517225071787834,0.014151733946888036,0.008571072481572628,0.024030469164801352,0.014411360025405884,1.5059412717819214,0.8405567612498999
2107,0.00041412996195333877,0.004509081598371267,0.004665527027100325,8.174421964213252e-06,0.003883299883455038,0.17521411553025246,0.014153424977392156,0.008572080172598362,0.024032985441844956,0.0144129553809762,1.5062567591667175,0.840735437348485
2108,0.0004133120569344191,0.004503651522099972,0.004660068545490503,8.163230631907936e-06,0.003877983195707202,0.17525583133101463,0.014155109766187937,0.008573082042858005,0.024035503574479172,0.014414545614272356,1.5065723657608032,0.8409140985459089
2109,0.0004124947849905737,0.004498236812651157,0.004654624965041876,8.152076588885393e-06,0.0038726842030882835,0.1752975545823574,0.01415679435447835,0.008574082516133785,0.024038004190250543,0.014416128396987915,1.5068859159946442,0.8410917352885008
2110,0.00041167814701804114,0.004492840729653835,0.004649202339351177,8.140938916767482e-06,0.003867393359541893,0.17533910647034645,0.014158472318658208,0.008575081126764417,0.02404049819017868,0.014417706290259957,1.5071986019611359,0.8412688542157412
2111,0.000410862143912365,0.0044874572195112705,0.0046437932178378105,8.129823982017115e-06,0.0038621127605438232,0.17538055777549744,0.014160145844874999,0.008576076943427324,0.02404299949697098,0.014419284183532,1.5075121819972992,0.8414463698863983
2112,0.00041004677656839315,0.004482093267142773,0.004638403654098511,8.118748155538924e-06,0.0038568517193198204,0.17542199045419693,0.014161818659555538,0.008577069267630577,0.024045489045098057,0.014420856488868594,1.507824420928955,0.841623205691576
2113,0.00040923204588027575,0.004476745612919331,0.004633031785488129,8.107694156933576e-06,0.0038516002241522074,0.17546330764889717,0.014163486011113545,0.008578058332204819,0.02404796623309142,0.014422421110793948,1.5081351399421692,0.8417992237955332
2114,0.0004084179527414649,0.004471408668905497,0.004627670627087355,8.096667443169281e-06,0.0038463620003312826,0.17550450190901756,0.01416514828671723,0.008579044602811337,0.024050440745702728,0.014423982705920935,1.5084455013275146,0.8419750016182661
2115,0.0004076044980447134,0.0044660926796495914,0.004622329957783222,8.08568347565597e-06,0.0038411440327763557,0.1755455769598484,0.014166806130143324,0.008580026915296912,0.024052910768769704,0.014425541507080197,1.5087552964687347,0.8421504367142916
2116,0.00040679168268207405,0.004460792988538742,0.004617006983608007,8.074724064499605e-06,0.0038359379395842552,0.17558663338422775,0.014168462752522391,0.008581006666645408,0.024055370556801545,0.014427096815779805,1.5090638995170593,0.8423252664506435
2117,0.00040597950754489836,0.004455508664250374,0.004611700773239136,8.063782843237277e-06,0.0038307399954646826,0.17562754079699516,0.01417011301956267,0.008581983391195536,0.02405782706897112,0.014428654685616493,1.5093721747398376,0.8424998577684164
2118,0.0004051679735238365,0.004450238309800625,0.004606408067047596,8.052877092268318e-06,0.0038255590479820967,0.17566820979118347,0.014171753596302504,0.008582953363656998,0.024060273955768506,0.01443020929582417,1.5096792876720428,0.8426737487316132
2119,0.0004043570815088348,0.0044449856504797935,0.004601133055984974,8.042009540076833e-06,0.0038203964941203594,0.17570902407169342,0.014173399758367528,0.008583923801779747,0.024062719081873702,0.014431763906031847,1.509986013174057,0.8428475186228752
2120,0.0004035468323891356,0.004439749289304018,0.004595874808728695,8.031170182221103e-06,0.0038152472116053104,0.17574967443943024,0.01417503918476959,0.008584892377257347,0.024065154889222062,0.014433312695473433,1.510291874408722,0.8430207744240761
2121,0.0004027372270532766,0.004434526432305574,0.004590631928294897,8.020347195270006e-06,0.003810105612501502,0.17579012364149094,0.014176670338141784,0.008585856296122074,0.024067590147736292,0.014434867072850466,1.5105974674224854,0.8431937955319881
2122,0.0004019282663890893,0.004429320339113474,0.004585404880344868,8.009564226085786e-06,0.0038049831055104733,0.17583062499761581,0.014178303228264902,0.00858681881800294,0.02407001397539507,0.014436431229114532,1.5109017193317413,0.8433661721646786
2123,0.0004011199512836978,0.004424130078405142,0.004580195993185043,7.998793080332689e-06,0.0037998659536242485,0.17587095126509666,0.014179928618442082,0.008587778080254793,0.024072433025211365,0.014437994221225381,1.5112055242061615,0.8435382377356291
2124,0.00040031228262351975,0.00441895704716444,0.004575002938508987,7.988069228304084e-06,0.003794772084802389,0.17591112852096558,0.014181548306955413,0.008588733151555061,0.024074845485291065,0.014439549297094345,1.5115083456039429,0.8437097370624542
2125,0.00039950526129426165,0.004413797054439783,0.004569826647639275,7.977347195264883e-06,0.0037896784488111734,0.1759513057768345,0.014183168195253256,0.00858968566171825,0.024077256494881877,0.01444110064767301,1.5118111371994019,0.8438812214881182
2126,0.00039869888818092216,0.004408650565892458,0.0045646606013178825,7.966676093928982e-06,0.0037846090272068977,0.17599138244986534,0.01418478315385756,0.008590637240558863,0.024079654874426648,0.01444264780730009,1.5121123790740967,0.844051880761981
2127,0.0003978931641677881,0.004403524566441774,0.004559518303722143,7.956026820465922e-06,0.003779549850150943,0.17603130638599396,0.014186391902244735,0.008591584162786603,0.02408204667034027,0.014444191474467516,1.5124127566814423,0.8442220315337181
2128,0.00039708809013843456,0.004398409277200699,0.004554385785013437,7.945403922349215e-06,0.0037745037116110325,0.17607121169567108,0.014187999955394472,0.008592529222369194,0.024084436718217396,0.014445733511820436,1.5127129554748535,0.8443920835852623
2129,0.00039628366697572355,0.004393312148749828,0.004549270961433649,7.93482377048349e-06,0.00376947782933712,0.17611092329025269,0.014189600006616284,0.00859347078949213,0.024086820185424438,0.01444727135822177,1.5130124688148499,0.8445616960525513
2130,0.00039547989556180485,0.004388229921460152,0.0045441752299666405,7.924238161649555e-06,0.00376444892026484,0.17615054920315742,0.01419119628846876,0.00859441258944571,0.024089198886168745,0.014448803849518299,1.5133112072944641,0.8447308782488108
2131,0.0003946767767781109,0.004383161198347807,0.00453909020870924,7.913707122497726e-06,0.0037594460882246494,0.17619023844599724,0.01419279456955444,0.008595357416197658,0.024091564667521645,0.01445033005438745,1.513608455657959,0.8448993470519781
2132,0.0003938743115053612,0.004378112964332104,0.004534027073532343,7.903205187176354e-06,0.0037544569931924343,0.17622975260019302,0.014194386391399132,0.008596302475780249,0.024093932028476643,0.014451852068305016,1.5139059722423553,0.8450678624212742
2133,0.00039307250062355607,0.00437307171523571,0.004528971388936043,7.892711437307298e-06,0.003749472089111805,0.17626908421516418,0.014195970346699492,0.008597241947427392,0.024096293419734464,0.014453369192779064,1.5142027139663696,0.8452358990907669
2134,0.0003922713450119805,0.004368053283542395,0.004523938521742821,7.882270438130945e-06,0.0037445116322487593,0.17630847170948982,0.014197555918963978,0.008598181186243892,0.024098644012267394,0.01445488235913217,1.5144981145858765,0.8454032931476831
2135,0.0003914708455491995,0.004363048356026411,0.0045189205557107925,7.871846719353925e-06,0.0037395600229501724,0.17634765058755875,0.014199133499729469,0.008599115768447518,0.02410098924333782,0.014456392033025622,1.5147929787635803,0.8455703146755695
2136,0.0003906710031130588,0.004358058795332909,0.004513917490839958,7.861457561375573e-06,0.0037346244789659977,0.17638669162988663,0.014200705013031749,0.008600047091022134,0.024103338472331842,0.014457897515967488,1.5150882005691528,0.8457374460995197
2137,0.0003898718185806834,0.004353079944849014,0.004508926998823881,7.851072041376028e-06,0.003729690797626972,0.17642581835389137,0.014202279810529654,0.008600978879258037,0.024105672682425878,0.01445939764380455,1.515381783246994,0.8459038008004427
2138,0.0003890732928284782,0.0043481215834617615,0.004503959324210882,7.840711077733431e-06,0.0037247687578201294,0.1764647699892521,0.014203847902209184,0.008601907873526216,0.024107999121346292,0.014460892183706164,1.515674203634262,0.8460694868117571
2139,0.0003882754267321232,0.0043431734666228294,0.004498998634517193,7.830405593267642e-06,0.003719873260706663,0.17650343105196953,0.014205403656130986,0.008602830348536372,0.024110319602009104,0.014462381601333618,1.5159660875797272,0.8462347593158484
2140,0.00038747822116657737,0.004338243044912815,0.004494055174291134,7.820135579095222e-06,0.0037149942945688963,0.1765422597527504,0.014206965641441078,0.008603752823546529,0.024112637445370705,0.014463871251791716,1.5162575840950012,0.8463999219238758
2141,0.00038668167700607397,0.0043333242647349834,0.004489123821258545,7.809887392795645e-06,0.0037101255729794502,0.17658093571662903,0.014208522334197978,0.008604672271758318,0.024114949031554225,0.014465354848653078,1.5165482461452484,0.8465645909309387
2142,0.00038588579512412164,0.004328425042331219,0.004484216682612896,7.799640115990769e-06,0.0037052577827125788,0.17661944776773453,0.014210071304007189,0.008605591719970107,0.024117260697868192,0.014466833788901567,1.5168390572071075,0.846729252487421
2143,0.00038509057639350203,0.004323534667491913,0.004479316063225269,7.789433766447473e-06,0.003700409084558487,0.17665798962116241,0.014211621896892615,0.008606510236859322,0.024119562489442678,0.014468310168012977,1.517128586769104,0.8468932881951332
2144,0.00038429602168627025,0.004318662453442812,0.0044744377955794334,7.77922832639888e-06,0.0036955615505576134,0.17669637873768806,0.014213165793678324,0.008607423165813088,0.024121857123805216,0.014469780027866364,1.5174172520637512,0.8470568154007196
2145,0.0003835021318737526,0.004313807934522629,0.004469573497772217,7.76909200794762e-06,0.0036907459143549204,0.17673459649085999,0.01421470299654616,0.008608337258920074,0.024124138872506414,0.014471242669969797,1.5177043080329895,0.8472194522619247
2146,0.00038270890782654755,0.0043089669197797775,0.00446472130715847,7.758993888273835e-06,0.0036859484389424324,0.1767727956175804,0.01421623888163251,0.008609251119196415,0.024126421611717276,0.01447271159850061,1.5179916620254517,0.847382228821516
2147,0.0003819163504145212,0.004304132424294949,0.004459880292415619,7.748871212243102e-06,0.003681139787659049,0.17681093513965607,0.014217772937613575,0.00861016078852117,0.024128707451991072,0.014474183786660433,1.518279254436493,0.8475450947880745
2148,0.0003811244605068109,0.004299321211874485,0.004455063492059708,7.73878946347395e-06,0.0036763506941497326,0.1768489107489586,0.014219299280579347,0.008611067198216915,0.02413097166786326,0.014475645031780005,1.5185641944408417,0.8477065525949001
2149,0.0003803332389718207,0.00429451884701848,0.0044502513483166695,7.728767741355114e-06,0.003671589307487011,0.17688680812716484,0.014220822773604796,0.008611972676590085,0.02413323265639141,0.014477110467851162,1.5188488066196442,0.8478678073734045
2150,0.0003795426866772221,0.004289736971259117,0.004445462487637997,7.718760571151506e-06,0.0036668353714048862,0.17692463099956512,0.014222343289709172,0.008612873498350382,0.024135503381388524,0.014478575671091676,1.519134670495987,0.848029650747776
2151,0.0003787528044899522,0.004284969065338373,0.004440688528120518,7.708771590841934e-06,0.0036620900500565767,0.17696240544319153,0.014223861213496034,0.008613771293312311,0.024137755203824832,0.014480032492429018,1.519418090581894,0.8481902480125427
2152,0.00037796359327621476,0.004280210006982088,0.004435925744473934,7.698786248511169e-06,0.0036573465913534164,0.17700008302927017,0.014225375267101844,0.008614669553935528,0.024139999281040752,0.014481485122814775,1.5197006165981293,0.8483503498136997
2153,0.00037717505390147513,0.00427547050639987,0.004431179258972406,7.688866389798932e-06,0.0036526345647871494,0.1770375743508339,0.014226881871800188,0.008615563157945871,0.02414224646482988,0.014482933795079589,1.5199836194515228,0.8485105969011784
2154,0.00037638718723046464,0.004270740784704685,0.004426443018019199,7.678967449464835e-06,0.0036479318514466286,0.1770750731229782,0.014228388444810593,0.00861645513214171,0.024144484398948687,0.014484379906207323,1.5202654004096985,0.8486702367663383
2155,0.0003755999941271753,0.004266028758138418,0.004421729128807783,7.669064871151932e-06,0.003643227508291602,0.17711247876286507,0.014229891406938233,0.00861734664067626,0.024146709470093907,0.01448582299053669,1.52054563164711,0.8488290552049875
2156,0.00037481347545486075,0.004261327441781759,0.004417020827531815,7.659225957468152e-06,0.0036385534331202507,0.1771496757864952,0.014231385263268403,0.008618233492597938,0.024148939759534853,0.01448726188391447,1.5208264291286469,0.848988052457571
2157,0.00037402763207603526,0.00425664521753788,0.0044123344123363495,7.649403414689004e-06,0.00363388704136014,0.17718692123889923,0.014232881774448395,0.008619118016213179,0.02415116622780732,0.014488698216155171,1.5211068987846375,0.8491469100117683
2158,0.00037324246485247235,0.004251974169164896,0.004407659638673067,7.639605428266805e-06,0.0036292322911322117,0.17722411826252937,0.014234375572525174,0.008620001608505845,0.024153374717701872,0.014490128494799137,1.5213852524757385,0.849304685369134
2159,0.000372457974645204,0.004247318487614393,0.004403001628816128,7.629821993759833e-06,0.003624584758654237,0.17726099863648415,0.014235856436340483,0.00862087868154049,0.02415558300567923,0.014491555746644735,1.5216633975505829,0.8494621980935335
2160,0.00037167416231452034,0.00424267677590251,0.004398356191813946,7.620084488735301e-06,0.0036199591122567654,0.1772979311645031,0.01423733931807948,0.008621753193438053,0.024157785670469143,0.014492976479232311,1.5219409763813019,0.8496194537729025
2161,0.0003708910287199675,0.004238045774400234,0.004393722862005234,7.610356988152489e-06,0.003615337423980236,0.17733483389019966,0.01423882076789995,0.008622628636658192,0.0241599851228687,0.014494401635602117,1.522218108177185,0.8497764710336924
2162,0.0003701085747203475,0.0042334352619946,0.004389111418277025,7.600660410389537e-06,0.003610731102526188,0.17737146094441414,0.014240291333831838,0.008623500354588032,0.024162176244544666,0.014495822135359049,1.5224941670894623,0.8499328140169382
2163,0.0003693268011737171,0.004228830803185701,0.0043845041655004025,7.590990207972936e-06,0.0036061375867575407,0.177408117800951,0.014241762769694763,0.008624371606856585,0.02416436445761409,0.014497239608317614,1.5227698981761932,0.8500890079885721
2164,0.00036854570893738673,0.004224247764796019,0.004379919730126858,7.581353656860301e-06,0.0036015594378113747,0.17744477093219757,0.014243233798128987,0.008625241694971919,0.024166543139203744,0.014498658245429397,1.5230444371700287,0.8502446040511131
2165,0.00036776529886791993,0.0042196717113256454,0.004375342279672623,7.571732567157596e-06,0.003596988972276449,0.17748118191957474,0.01424469522515776,0.008626108057796955,0.02416872282859086,0.014500071527436376,1.523319274187088,0.8504002280533314
2166,0.0003669855718211316,0.004215117543935776,0.004370786715298891,7.562157861684682e-06,0.003592440392822027,0.17751755192875862,0.014246154459342342,0.008626972092315555,0.024170891183624962,0.014501477358862758,1.523592621088028,0.8505550865083933
2167,0.00036620652865208874,0.004210569895803928,0.004366238601505756,7.5525863394432236e-06,0.003587893443182111,0.17755385860800743,0.014247611501356509,0.00862783333286643,0.02417305693619876,0.014502881560474634,1.5238657593727112,0.8507098089903593
2168,0.0003654281702151074,0.004206039942800999,0.004361709579825401,7.543043466284871e-06,0.00358336023055017,0.17759012803435326,0.014249066351872739,0.0086286929436028,0.024175217378303266,0.014504281571134925,1.5241380333900452,0.8508640807121992
2169,0.0003646504973637531,0.004201520700007677,0.004357190802693367,7.53352696847287e-06,0.0035788395907729864,0.17762622237205505,0.014250514288743433,0.008629549527540803,0.024177366793486366,0.014505678322166204,1.524409145116806,0.8510176837444305
2170,0.00036387351095083933,0.0041970182210206985,0.004352686461061239,7.524065949837677e-06,0.003574344562366605,0.1776622273027897,0.01425195876010875,0.008630405878648162,0.024179515114856883,0.014507071115076542,1.524680107831955,0.8511711675673723
2171,0.000363097211828427,0.00419252784922719,0.004348196554929018,7.514610388170695e-06,0.0035698527935892344,0.17769824713468552,0.014253403467941853,0.008631260832771659,0.024181656324957508,0.014508462278172374,1.5249501168727875,0.8513241820037365
2172,0.000362321600847823,0.004188050981611013,0.004343721549957991,7.505170287913643e-06,0.0035653687082231045,0.17773402482271194,0.014254838076165094,0.008632111828774214,0.02418379884978162,0.014509852742776275,1.5252203345298767,0.8514771796762943
2173,0.0003615466788595806,0.004183592274785042,0.004339264240115881,7.49577066017082e-06,0.0035609027836471796,0.1777697615325451,0.014256271008917087,0.008632960030809045,0.024185930956444952,0.01451123459264636,1.5254892408847809,0.851629501208663
2174,0.00036077244671349625,0.0041791400872170925,0.004334811586886644,7.486404228984611e-06,0.003556453390046954,0.17780554667115211,0.014257705838926344,0.00863380660302937,0.024188053249318314,0.01451261225156486,1.525756984949112,0.851781265810132
2175,0.0003599989052586106,0.004174703266471624,0.004330378957092762,7.4770300670934375e-06,0.0035520000383257866,0.17784108966588974,0.014259130957060755,0.008634650148451328,0.02419017505521362,0.014513985253870487,1.5260246694087982,0.851932879537344
2176,0.00035922605534320645,0.004170282743871212,0.004325961694121361,7.467696377716493e-06,0.0035475667100399733,0.17787651345133781,0.014260550958174405,0.008635490201413631,0.024192296073503847,0.014515355927869678,1.526292324066162,0.85208441875875
2177,0.0003584538978148089,0.004165872931480408,0.004321552813053131,7.458407708327286e-06,0.0035431538708508015,0.17791204899549484,0.014261975281847453,0.008636328857392073,0.02419439856139084,0.014516719384118915,1.5265577137470245,0.8522348813712597
2178,0.00035768243352018265,0.004161475226283073,0.004317158367484808,7.4491208579274826e-06,0.0035387417301535606,0.17794735729694366,0.01426339066382285,0.008637163555249572,0.024196505076428,0.014518080512061715,1.5268234610557556,0.8523854091763496
2179,0.00035691166330533406,0.004157093353569508,0.004312778823077679,7.439882210746873e-06,0.003534352872520685,0.17798252403736115,0.0142647997845973,0.008637996856123209,0.024198610806737443,0.014519436983391643,1.527089238166809,0.8525358811020851
2180,0.00035614158801550584,0.004152722656726837,0.004308411385864019,7.4306485657871235e-06,0.0035299663431942463,0.17801770940423012,0.014266209786214979,0.00863882782869041,0.02420069771348649,0.014520785538479686,1.5273525714874268,0.8526851404458284
2181,0.000355372208495181,0.004148370120674372,0.004304061643779278,7.421463124046568e-06,0.0035256033297628164,0.17805279418826103,0.014267615441293763,0.008639657869935036,0.024202783237790845,0.014522131532430649,1.5276158154010773,0.8528343047946692
2182,0.00035460352558807804,0.00414402736350894,0.004299722611904144,7.412290415231837e-06,0.003521245438605547,0.1780877225100994,0.014269015221379017,0.008640488376840949,0.024204874293782604,0.014523475198075175,1.5278798937797546,0.852983808144927
2183,0.0003538355401371521,0.004139697644859552,0.004295398015528917,7.4031358963111416e-06,0.0035168963950127363,0.1781226582825184,0.014270414609228784,0.008641316555440426,0.024206951643359828,0.014524812577292323,1.5281421840190887,0.8531324211508036
2184,0.0003530682529845931,0.00413538096472621,0.004291086457669735,7.394006388494745e-06,0.003512559225782752,0.1781575195491314,0.014271810673532788,0.008642144501209259,0.024209020699904268,0.014526145299896598,1.528403401374817,0.8532804604619741
2185,0.00035230166497182637,0.004131075460463762,0.004286784678697586,7.384910986729665e-06,0.003508238587528467,0.1781921461224556,0.014273197935307966,0.008642970118671656,0.0242110898801508,0.014527473133057356,1.5286646485328674,0.8534283973276615
2186,0.00035153577693950854,0.004126787651330233,0.0042825015261769295,7.375848326773848e-06,0.00350393308326602,0.17822671681642532,0.014274582131406937,0.008643792942166328,0.024213158282579687,0.014528798870742321,1.5289258360862732,0.8535762764513493
2187,0.00035077058972753046,0.004122507758438587,0.004278226289898157,7.3667961260071024e-06,0.00349963316693902,0.17826131731271744,0.01427596759487257,0.008644616231322289,0.02421520757869143,0.014530118554830551,1.529184728860855,0.8537230230867863
2188,0.0003500061041750136,0.0041182441636919975,0.004273967817425728,7.357777576544322e-06,0.003495349083095789,0.1782958023250103,0.014277348464759239,0.008645436493679881,0.024217258504059945,0.014531434513628483,1.5294436812400818,0.853869741782546
2189,0.00034924232112031,0.004113995470106602,0.004269725177437067,7.34878358343849e-06,0.0034910759422928095,0.17833015695214272,0.01427872397805011,0.008646253729239106,0.024219315264146446,0.014532751636579633,1.5297034978866577,0.8540168274194002
2190,0.00034847924140100147,0.004109757952392101,0.004265491850674152,7.339826424868079e-06,0.003486820962280035,0.17836450040340424,0.014280098976708351,0.008647068170830607,0.024221355027506566,0.01453406224027276,1.5299611389636993,0.8541628196835518
2191,0.00034771686585389843,0.004105528816580772,0.004261269234120846,7.3308679020556156e-06,0.0034825655166059732,0.17839866131544113,0.01428146594622361,0.008647878654301167,0.02422338350544892,0.014535368653014302,1.5302175283432007,0.8543080948293209
2192,0.00034695519531503896,0.004101317375898361,0.004257064312696457,7.321951215999434e-06,0.003478329163044691,0.17843272164463997,0.014282829601036068,0.008648686343804002,0.02422541661904364,0.014536674600094557,1.5304743349552155,0.8544535282999277
2193,0.00034619423061968895,0.0040971143171191216,0.004252866841852665,7.313058631552849e-06,0.0034741046838462353,0.178466796875,0.014284193380351489,0.008649493101984262,0.024227443855966875,0.014537974260747433,1.530730426311493,0.8545986115932465
2194,0.0003454339726023384,0.004092930816113949,0.004248691722750664,7.304178325284738e-06,0.003469886025413871,0.17850075289607048,0.014285552063576295,0.008650296367704868,0.02422946521769371,0.014539273455739021,1.5309858620166779,0.8547433074563742
2195,0.0003446744220967043,0.004088756162673235,0.004244523122906685,7.295338491530856e-06,0.0034656866919249296,0.1785346008837223,0.014286906543394857,0.00865109614096582,0.02423147680219974,0.01454057078808546,1.5312401354312897,0.854887368157506
2196,0.0003439155799357266,0.004084591753780842,0.004240366630256176,7.286510481208097e-06,0.003461492946371436,0.17856837064027786,0.014288257330228975,0.008651894051581621,0.024233490921922413,0.014541865093633533,1.5314946472644806,0.8550315089523792
2197,0.0003431574469515688,0.004080441780388355,0.004236224107444286,7.277711574715795e-06,0.003457312937825918,0.17860202491283417,0.014289603788652946,0.00865269172936678,0.0242354979692227,0.014543153811246157,1.5317483842372894,0.8551752045750618
2198,0.00034240002397561644,0.004076307639479637,0.00423209834843874,7.268939043569844e-06,0.0034531455021351576,0.1786356419324875,0.014290948974673374,0.008653489639982581,0.024237494943914827,0.014544437173753977,1.5320008993148804,0.8553182706236839
2199,0.00034164331183847744,0.004072185605764389,0.004227982368320227,7.260209713422228e-06,0.0034489985555410385,0.17866919934749603,0.01429229097958966,0.008654286619275808,0.02423948485018495,0.014545715879648924,1.5322523713111877,0.8554607853293419
2200,0.0003408873113699783,0.004068072885274887,0.004223876167088747,7.251495844684541e-06,0.00344485929235816,0.17870263010263443,0.014293628277192775,0.00865508196875453,0.02424147759455984,0.014546992955729365,1.5325044393539429,0.8556035347282887
2201,0.00034013202339916703,0.004063971806317568,0.004219783470034599,7.242793344630627e-06,0.0034407246857881546,0.17873596400022507,0.014294960996050725,0.008655872195959091,0.024243464172730003,0.014548266306519508,1.5327554941177368,0.8557457290589809
2202,0.00033937744875430946,0.004059887956827879,0.004215708933770657,7.2341154009336606e-06,0.0034366026520729065,0.17876923456788063,0.014296291300440115,0.008656660560518503,0.024245440985060523,0.014549535466358066,1.5330054759979248,0.8558873552829027
2203,0.00033862358826288895,0.004055812023580074,0.0042116399854421616,7.225477020256221e-06,0.0034324987791478634,0.17880237847566605,0.014297616773793176,0.008657446596771479,0.02424741613587076,0.014550802763551474,1.5332552790641785,0.8560288287699223
2204,0.00033787044275160615,0.004051751457154751,0.0042075891979038715,7.216846825031098e-06,0.003428399097174406,0.17883554473519325,0.014298942760335755,0.008658232167363167,0.024249385724954862,0.014552067499607801,1.5335043668746948,0.856169955804944
2205,0.00033711801304637726,0.00404770253226161,0.004203550051897764,7.208245733636431e-06,0.003424312686547637,0.17886856198310852,0.014300262391141747,0.00865901354700327,0.024251349153622342,0.014553331304341555,1.5337527692317963,0.8563106656074524
2206,0.0003363662999723335,0.004043662920594215,0.004199516959488392,7.19968329576659e-06,0.0034202453680336475,0.17890146002173424,0.014301577321414963,0.008659792598336935,0.024253305523373576,0.014554588356986642,1.534000188112259,0.8564508240669966
2207,0.00033561530435382105,0.004039638210088015,0.00419550109654665,7.191142231022241e-06,0.003416187595576048,0.17893432080745697,0.014302890859037218,0.008660570252686739,0.024255263835149556,0.014555845409631729,1.5342479348182678,0.8565911278128624
2208,0.0003348650270143985,0.004035630263388157,0.0041915038600564,7.182612534961663e-06,0.003412135411053896,0.17896706610918045,0.01430419918945125,0.008661345113068819,0.02425721119062075,0.014557104324921966,1.5344942212104797,0.8567306436598301
2209,0.0003341154687768367,0.004031629301607609,0.004187513142824173,7.174105121521279e-06,0.0034080941695719957,0.17899972945451736,0.014305505111454352,0.008662118576467037,0.024259153890878196,0.014558361610397696,1.5347400903701782,0.8568699099123478
2210,0.0003333666304631182,0.004027640447020531,0.004183532670140266,7.165637725847773e-06,0.0034040717873722315,0.1790323443710804,0.014306807862856902,0.008662891341373324,0.024261091637137872,0.014559614239260554,1.534985363483429,0.8570088539272547
2211,0.0003326185128944362,0.004023663233965635,0.004179566632956266,7.157169875426916e-06,0.0034000487066805363,0.17906488105654716,0.014308107953044854,0.008663661545142531,0.02426303192754625,0.014560865238308907,1.5352307856082916,0.8571478333324194
2212,0.00033187111689119325,0.004019700922071934,0.004175613634288311,7.148752047214657e-06,0.0033960500732064247,0.1790972761809826,0.014309402459018966,0.008664428256452084,0.024264957969645045,0.014562109019607306,1.535474568605423,0.8572859223932028
2213,0.00033112444327300036,0.004015750251710415,0.004171673208475113,7.1403510446543805e-06,0.0033920593559741974,0.1791296824812889,0.014310696720788678,0.008665194036439061,0.024266879661244852,0.014563348609954119,1.5357177257537842,0.8574237041175365
2214,0.00033037849285867736,0.004011808428913355,0.0041677397675812244,7.131980510166613e-06,0.0033880826085805893,0.1791618876159191,0.01431198298559356,0.008665954926982522,0.024268799102028744,0.014564587036147714,1.535960704088211,0.8575612958520651
2215,0.00032963326646625,0.004007878713309765,0.00416382122784853,7.123615432647057e-06,0.0033841091208159924,0.17919409275054932,0.014313269770228653,0.008666714420542121,0.024270716292530727,0.014565823366865516,1.5362034142017365,0.8576987534761429
2216,0.00032888876491295047,0.004003964830189943,0.004159918054938316,7.115284006431466e-06,0.0033801509998738766,0.17922626063227654,0.014314553897735935,0.008667473215609789,0.02427262224049018,0.014567054575309157,1.5364446938037872,0.8578354772180319
2217,0.000328144989015216,0.004000064916908741,0.004156028386205435,7.106987595761893e-06,0.003376209642738104,0.17925822362303734,0.014315830540498233,0.008668230613693595,0.024274529837219335,0.014568284386768937,1.5366862416267395,0.8579722326248884
2218,0.0003274019395886879,0.003996172919869423,0.004152147099375725,7.098707101249602e-06,0.0033722762018442154,0.17929013445973396,0.014317104147271689,0.008668986847624183,0.02427643128979753,0.014569510240107775,1.5369268953800201,0.858108514919877
2219,0.0003266596174482108,0.003992287442088127,0.00414827186614275,7.090442977641942e-06,0.003368350211530924,0.1793220490217209,0.01431837891114684,0.008669743314385414,0.0242783227037056,0.014570733765140176,1.5371665060520172,0.858244277536869
2220,0.00032591802340783255,0.003988421987742186,0.0041444189846515656,7.082200681907125e-06,0.0033644349314272404,0.1793537773191929,0.014319645177724329,0.008670498616993427,0.024280207976950453,0.01457195240072906,1.5374052226543427,0.8583794999867678
2221,0.00032517715828080167,0.00398456072434783,0.004140567034482956,7.073994311213028e-06,0.0033605361822992563,0.1793854683637619,0.014320910570239586,0.008671252522617579,0.02428209610025095,0.01457317010499537,1.5376442968845367,0.8585148826241493
2222,0.0003244370228795674,0.003980724141001701,0.00413674209266901,7.065818863338791e-06,0.003356652334332466,0.17941713705658913,0.014322174580903839,0.008672004332765937,0.024283977485114364,0.014574390603229403,1.537882536649704,0.8586498368531466
2223,0.0003236976180157793,0.003976889885962009,0.004132919944822788,7.05764659869601e-06,0.0033527701161801815,0.17944863066077232,0.014323431622349466,0.008672753116115928,0.02428585033552735,0.014575606910511851,1.5381198525428772,0.8587842416018248
2224,0.0003229589445002852,0.003973069135099649,0.004129110835492611,7.049503892631037e-06,0.003348901867866516,0.17948006466031075,0.014324685886845767,0.008673498872667551,0.024287718847493957,0.014576817862689495,1.5383565425872803,0.8589183036237955
2225,0.00032222100314313086,0.0039692590944468975,0.004125312902033329,7.0413834691862576e-06,0.003345044329762459,0.1795113943517208,0.014325936105404525,0.008674243930727243,0.024289587814823516,0.014578025322407484,1.5385933220386505,0.8590523581951857
2226,0.00032148379475356055,0.003965461626648903,0.004121525678783655,7.033302154013654e-06,0.003341205418109894,0.1795426793396473,0.014327184437417014,0.008674986893311143,0.024291450348279186,0.014579231850802898,1.5388292968273163,0.8591859880834818
2227,0.0003207473201400124,0.003961676731705666,0.004117753356695175,7.025231298030121e-06,0.0033373709302395582,0.17957396060228348,0.01432843253372178,0.008675729623064399,0.024293301058256965,0.014580430695787072,1.5390637516975403,0.8593188561499119
2228,0.0003200115801101219,0.003957898356020451,0.004113985691219568,7.017185907898238e-06,0.00333354901522398,0.17960508912801743,0.014329674428265514,0.008676468627527356,0.02429515372362792,0.01458162977360189,1.5392985045909882,0.8594517968595028
2229,0.0003192765754707181,0.003954137675464153,0.004110237583518028,7.0091650741233025e-06,0.0033297385089099407,0.17963608726859093,0.014330910503443598,0.008677204605191946,0.024297003552600418,0.01458282908424735,1.5395329296588898,0.8595845084637403
2230,0.0003185423070278236,0.003950383979827166,0.004106495529413223,7.001162884989753e-06,0.003325937082991004,0.17966707423329353,0.014332146979683425,0.008677946403622627,0.024298838867804196,0.014584025600925088,1.539765477180481,0.8597162757068872
2231,0.0003178087755866534,0.003946646116673946,0.004102771170437336,6.993182068981696e-06,0.0033221463672816753,0.1796979084610939,0.01433337662324934,0.008678685175254941,0.024300674044395284,0.014585219090804458,1.5399981439113617,0.8598480261862278
2232,0.00031707598195161566,0.003942915704101324,0.004099052399396896,6.985230356804095e-06,0.0033183679915964603,0.1797286905348301,0.014334604257909962,0.00867942231707275,0.02430250758544898,0.014586412580683827,1.5402305126190186,0.8599796015769243
2233,0.00031634392692630716,0.003939199261367321,0.004095348529517651,6.97730183674139e-06,0.0033146017231047153,0.17975953966379166,0.014335834198241398,0.008680159226059914,0.024304333503961446,0.01458760304376483,1.5404618680477142,0.860110703855753
2234,0.0003156126113135174,0.0039354912005364895,0.004091653972864151,6.969383775867755e-06,0.0033108401112258434,0.17979013174772263,0.014337054010071907,0.008680890779942274,0.024306153897074845,0.014588790014386177,1.5406926572322845,0.8602413944900036
2235,0.00031488203591522213,0.003931799903512001,0.004087973851710558,6.961519829928875e-06,0.0033071045763790607,0.17982064187526703,0.014338270673427774,0.008681620471179485,0.02430797116062215,0.014589972794055939,1.5409230589866638,0.8603718504309654
2236,0.0003141522015325879,0.003928116522729397,0.004084304440766573,6.953649062779732e-06,0.0033033653162419796,0.17985115200281143,0.014339487233553331,0.008682349231094122,0.024309783798797162,0.014591150917112827,1.5411529242992401,0.8605020381510258
2237,0.0003134231089659674,0.003924447111785412,0.004080646205693483,6.94583013682859e-06,0.003299651201814413,0.17988155782222748,0.014340698997356549,0.008683078456670046,0.0243115939075899,0.014592328108847141,1.541382521390915,0.8606320396065712
2238,0.0003126947590148999,0.003920783754438162,0.004076995886862278,6.938008482393343e-06,0.003295935457572341,0.17991187795996666,0.01434190761484803,0.008683804655447602,0.024313397896480016,0.01459350110962987,1.5416112542152405,0.8607615660876036
2239,0.00031196715247811007,0.003917136695235968,0.004073362331837416,6.930215022293851e-06,0.003292232984676957,0.17994214594364166,0.014343114228200463,0.008684527361765504,0.024315199656884348,0.014594669453799725,1.541839748620987,0.8608909472823143
2240,0.0003112402901535087,0.00391349894925952,0.004069737158715725,6.922454304003622e-06,0.003288546111434698,0.17997225001454353,0.014344313638747726,0.008685247506946325,0.02431698961448651,0.014595834771171212,1.5420666635036469,0.8610194567590952
2241,0.0003105141728381883,0.003909870982170105,0.004066121764481068,6.914709047123324e-06,0.0032848669216036797,0.180002361536026,0.014345513709804691,0.008685967419296503,0.024318772259758006,0.014596997061744332,1.5422927737236023,0.8611475676298141
2242,0.0003097888013284262,0.003906255587935448,0.00406252034008503,6.906982434884412e-06,0.0032811961136758327,0.1800323761999607,0.014346709496477721,0.008686684304848313,0.024320562552759797,0.014598154928535223,1.5425199270248413,0.861276151612401
2243,0.0003090641764196811,0.003902651835232973,0.004058929160237312,6.899289019202115e-06,0.003277541371062398,0.18006225302815437,0.014347900112396289,0.008687398862093687,0.02432234403872059,0.014599310467019677,1.5427458882331848,0.8614040706306696
2244,0.0003083402989065931,0.0038990569300949574,0.004055348224937916,6.8916046984668355e-06,0.0032738912850618362,0.18009214848279953,0.01434909126335786,0.008688114350661635,0.02432411731782596,0.014600462513044477,1.5429707765579224,0.861531462520361
2245,0.00030761716958298247,0.003895472502335906,0.00405177753418684,6.8839426603517495e-06,0.0032702514436095953,0.18012196198105812,0.014350278512756472,0.008688826346769929,0.024325885083802404,0.014601611299440265,1.543195128440857,0.8616585452109575
2246,0.0003068947892418493,0.0038919004146009684,0.004048217553645372,6.876322004245594e-06,0.0032666311599314213,0.18015162646770477,0.01435146059410104,0.00868953624740243,0.02432765571214194,0.014602759387344122,1.5434198379516602,0.8617857322096825
2247,0.00030617315867537186,0.0038883404340595007,0.004044670611619949,6.8687186285387725e-06,0.003263019025325775,0.18018123880028725,0.014352639663172673,0.008690245216712356,0.024329414249218067,0.014603909803554416,1.5436429679393768,0.861912103369832
2248,0.0003054522786749074,0.0038847916293889284,0.004041135776787996,6.861130714241881e-06,0.003259414341300726,0.18021079525351524,0.014353816734514819,0.008690952323377132,0.024331169070733433,0.014605054398998618,1.543865591287613,0.8620381932705641
2249,0.0003047321500309882,0.0038812540005892515,0.004037611186504364,6.85357372276485e-06,0.0032558240927755833,0.1802401766180992,0.01435498750031627,0.00869165570475161,0.024332921074542987,0.014606197597458959,1.5440879464149475,0.8621640615165234
2250,0.00030401277353332435,0.00387772498652339,0.004034096375107765,6.8460280999715906e-06,0.0032522394321858883,0.18026960641145706,0.014356159057571309,0.008692360017448664,0.02433466876627763,0.01460734149441123,1.5443097949028015,0.8622897006571293
2251,0.0003032941499708001,0.0038742085453122854,0.004030593670904636,6.83850748828263e-06,0.0032486668787896633,0.18029897287487984,0.014357328112038806,0.008693061769008636,0.02433641483763337,0.014608481200411916,1.544531375169754,0.8624151740223169
2252,0.00030257628013147437,0.0038707025814801455,0.004027101211249828,6.831014616182074e-06,0.003245107363909483,0.1803281232714653,0.01435848934360734,0.008693758398294449,0.02433815091828286,0.01460961438715458,1.5447517037391663,0.8625399135053158
2253,0.0003018591648025791,0.0038672066293656826,0.0040236180648207664,6.823547664680518e-06,0.0032415601890534163,0.18035725876688957,0.014359648834512176,0.00869445619173348,0.02433988149433702,0.014610747573897243,1.5449714064598083,0.862664332613349
2254,0.0003011428047705201,0.003863720688968897,0.004020146559923887,6.8160888986312784e-06,0.0032380165066570044,0.18038636073470116,0.014360807345155654,0.00869515398517251,0.024341613441906496,0.014611877268180251,1.545191377401352,0.8627888690680265
2255,0.00030042720082087276,0.003860246855765581,0.0040166862308979034,6.808662419643952e-06,0.003234488656744361,0.1804153136909008,0.014361959303031292,0.008695848286151886,0.024343341380696656,0.014613002305850387,1.545410692691803,0.8629130031913519
2256,0.0002997123537383855,0.003856784664094448,0.004013238474726677,6.8012527663086075e-06,0.0032309689559042454,0.18044428899884224,0.014363112941520751,0.00869654188863933,0.02434505574778764,0.014614122221246362,1.5456284582614899,0.863036373630166
2257,0.0002989982643069755,0.0038533308543264866,0.004009798169136047,6.793868124077562e-06,0.003227460663765669,0.18047310411930084,0.014364260029076176,0.008697232464328408,0.024346769097621398,0.014615239342674613,1.5458459556102753,0.863159529864788
2258,0.0002982849333097292,0.003849887754768133,0.004006369039416313,6.7865053097193595e-06,0.0032239630818367004,0.1805018000304699,0.014365401453627484,0.008697919314727187,0.024348485016323574,0.014616353204473853,1.546063870191574,0.863282835111022
2259,0.00029757236152890167,0.003846456529572606,0.004002952482551336,6.779158866265789e-06,0.003220472950488329,0.18053054437041283,0.014366544939911248,0.008698605466634035,0.024350190654741435,0.014617465203627944,1.5462805032730103,0.8634055238217115
2260,0.00029686054974591527,0.003843034850433469,0.003999544307589531,6.771840162400622e-06,0.0032169963233172894,0.1805592067539692,0.014367686056337595,0.008699290221557021,0.024351888405308213,0.014618572080507874,1.5464961528778076,0.8635276798158884
2261,0.00029614949874135843,0.003839625744149089,0.0039961496368050575,6.764542376913596e-06,0.0032135294750332832,0.18058772385120392,0.01436882011953771,0.008699971716850996,0.024353584842467264,0.01461967476643622,1.5467116236686707,0.8636496737599373
2262,0.0002954392092949865,0.0038362254854291677,0.003992763347923756,6.7572664192994125e-06,0.003210072871297598,0.18061615154147148,0.014369951181833329,0.00870065065100789,0.02435528235643305,0.01462077908217907,1.5469272136688232,0.8637716826051474
2263,0.0002947296821857187,0.003832837101072073,0.003989387769252062,6.750027750968002e-06,0.003206634195521474,0.18064456805586815,0.01437108126909951,0.00870133051648736,0.024356968998111368,0.014621884562075138,1.5471414625644684,0.8638930153101683
2264,0.0002940209181916383,0.003829461056739092,0.003986027091741562,6.742791811120696e-06,0.003203196916729212,0.18067285045981407,0.01437220658467713,0.008702010149136186,0.024358652535991916,0.014622986316680908,1.5473553538322449,0.8640141021460295
2265,0.00029331291808999205,0.00382608687505126,0.003982666879892349,6.735573151672725e-06,0.0031997673213481903,0.18070104718208313,0.014373327889005645,0.008702686522156,0.02436033386675983,0.014624083647504449,1.5475689470767975,0.8641349971294403
2266,0.00029260568265718884,0.003822730388492346,0.003979323897510767,6.728391781507526e-06,0.003196355886757374,0.1807292364537716,0.0143744487262351,0.008703362662345171,0.024362007017672316,0.014625176787376404,1.5477814972400665,0.8642553668469191
2267,0.00029189921266879894,0.003819384379312396,0.00397599209100008,6.721228601236362e-06,0.003192953299731016,0.1807572916150093,0.014375564794339053,0.00870403810404241,0.024363676470008415,0.014626267831772566,1.5479937195777893,0.8643755055963993
2268,0.0002911935088995533,0.0038160444237291813,0.003972666338086128,6.714077699143672e-06,0.003189555834978819,0.18078529089689255,0.014376678118806305,0.00870471284724772,0.024365346703815113,0.014627354918047786,1.5482059121131897,0.8644956015050411
2269,0.000290488572123343,0.0038127154111862183,0.003969351761043072,6.706948624923825e-06,0.0031861693132668734,0.18081319332122803,0.01437778781467723,0.008705384796485305,0.02436700726797813,0.014628438511863351,1.5484170019626617,0.8646150976419449
2270,0.0002897844031132173,0.0038094022311270237,0.003966052550822496,6.699857294734102e-06,0.0031828004866838455,0.18084103241562843,0.014378894262304312,0.008706055115908384,0.024368659358788236,0.014629518846049905,1.5486269295215607,0.8647339809685946
2271,0.00028908100264138397,0.0038060941733419895,0.003962758928537369,6.692773240501992e-06,0.0031794351525604725,0.18086884543299675,0.014380000245314262,0.008706723805516958,0.024370310740484732,0.014630596153438091,1.5488368272781372,0.864852836355567
2272,0.00028837837147920796,0.0038027975242584944,0.003959475085139275,6.685724201815901e-06,0.0031760865822434425,0.1808965653181076,0.014381101969273705,0.008707391796633601,0.02437196350297796,0.01463167043402791,1.549046903848648,0.8649717345833778
2273,0.00028767651039721034,0.003799509722739458,0.003956202417612076,6.6786778916139156e-06,0.0031727387104183435,0.1809241734445095,0.014382199182211305,0.008708057226613164,0.02437360779489913,0.014632742386311293,1.5492559671401978,0.8650900702923536
2274,0.0002869754201650676,0.0037962368223816156,0.003952943719923496,6.671669325442053e-06,0.0031694089993834496,0.18095173314213753,0.01438329441446809,0.00870872219093144,0.02437524451345596,0.01463381084613502,1.5494640171527863,0.8652078751474619
2275,0.0002862751015516117,0.003792969509959221,0.003949688747525215,6.664687134616543e-06,0.003166092559695244,0.1809791848063469,0.014384385516747545,0.008709383895620704,0.024376883211464268,0.014634880470111966,1.5496723651885986,0.8653257749974728
2276,0.0002855755553248275,0.0037897108122706413,0.003946445882320404,6.6576944846019614e-06,0.003162770764902234,0.1810065694153309,0.014385473628005843,0.008710043737664819,0.024378514039419555,0.014635945903137326,1.5498797595500946,0.8654431644827127
2277,0.0002848767822518534,0.003786466084420681,0.003943216055631638,6.650740033364855e-06,0.0031594668980687857,0.1810339316725731,0.014386561024782559,0.008710701251402497,0.02438013878952865,0.014637006679549813,1.5500864088535309,0.865560170263052
2278,0.00028417878309897965,0.0037832295056432486,0.003939993679523468,6.643805591011187e-06,0.003156172577291727,0.18106123805046082,0.014387646063686548,0.008711358299478889,0.024381758656678954,0.014638066291809082,1.5502923429012299,0.8656767904758453
2279,0.00028348155863164797,0.003780005034059286,0.0039367820136249065,6.636912075919099e-06,0.0031528975814580917,0.18108834326267242,0.014388723309290865,0.008712013252079487,0.02438338259379145,0.014639124507084489,1.5504988133907318,0.8657935783267021
2280,0.00028278510961445,0.003776783589273691,0.0039335740730166435,6.6300135586061515e-06,0.003149620955809951,0.1811155304312706,0.014389803002415344,0.008712671231478453,0.024384997173026543,0.014640179462730885,1.5507042706012726,0.8659099005162716
2281,0.00028208943681112857,0.0037735828664153814,0.003930389881134033,6.62313868815545e-06,0.0031463545747101307,0.18114262074232101,0.014390878948970684,0.008713327581062913,0.02438660537983082,0.014641232322901487,1.5509087443351746,0.8660256825387478
2282,0.00028139454098457286,0.0037703874986618757,0.003927208483219147,6.616293831029907e-06,0.003143103327602148,0.18116943165659904,0.014391944198381043,0.00871397857554257,0.024388209900517332,0.014642279827967286,1.5511128604412079,0.8661411460489035
2283,0.00028070042289682237,0.0037672019097954035,0.003924036398530006,6.609473530261312e-06,0.003139863256365061,0.18119629099965096,0.01439301088551126,0.008714630035683513,0.024389808349256973,0.01464332197792828,1.551316112279892,0.8662562016397715
2284,0.00028000708330906226,0.0037640256341546774,0.003920873627066612,6.60267551211291e-06,0.0031366338953375816,0.18122318387031555,0.014394078757300362,0.008715281030163169,0.024391400727243488,0.014644362032413483,1.5515187978744507,0.8663709908723831
2285,0.00027931452298162455,0.0037608598358929157,0.003917723428457975,6.595879312953912e-06,0.0031334052328020334,0.18124990165233612,0.014395140105444139,0.008715931791812181,0.024392992106437406,0.01464540115557611,1.551721215248108,0.866485558450222
2286,0.0002786227426739862,0.003757701488211751,0.003914578817784786,6.5891149461094756e-06,0.003130191471427679,0.1812765710055828,0.014396198974651945,0.00871658232063055,0.024394585171384906,0.0146464379504323,1.5519239604473114,0.8666002657264471
2287,0.0002779317431447699,0.003754555946215987,0.00391144584864378,6.582387868547812e-06,0.0031269958708435297,0.18130318447947502,0.014397255491813522,0.008717231918126345,0.02439617007977842,0.014647472416982055,1.5521256029605865,0.8667143937200308
2288,0.0002772415251517404,0.0037514171563088894,0.003908321727067232,6.575658517249394e-06,0.0031237988732755184,0.1813296675682068,0.014398307130775648,0.008717877557501197,0.024397748622542605,0.014648502226918936,1.55232635140419,0.8668280094861984
2289,0.00027655208945180735,0.0037482911720871925,0.003905210644006729,6.568951903318521e-06,0.003120613284409046,0.18135609850287437,0.014399356671743158,0.008718522498384118,0.024399323782945622,0.014649528078734875,1.552526831626892,0.8669414650648832
2290,0.00027586343680102043,0.0037451714742928743,0.0039021032862365246,6.5622798501863144e-06,0.0031174435280263424,0.18138254061341286,0.014400406388847542,0.008719166740775108,0.024400893772538193,0.01465055369772017,1.5527266561985016,0.8670545984059572
2291,0.0002751755679545726,0.003742065280675888,0.003899010829627514,6.555627351190196e-06,0.0031142830848693848,0.1814088635146618,0.014401450724588066,0.008719807956367731,0.024402460381307927,0.014651576522737741,1.5529260337352753,0.8671674486249685
2292,0.00027448848366679605,0.003738963743671775,0.0038959258235991,6.548958481289446e-06,0.00311111519113183,0.18143505603075027,0.014402490564213432,0.008720447309315205,0.024404022119176774,0.014652596088126302,1.5531248152256012,0.8672799356281757
2293,0.00027380218469116304,0.003735877340659499,0.0038928531575948,6.542346000060206e-06,0.003107973840087652,0.18146120756864548,0.014403528560740678,0.008721083868294954,0.0244055840552352,0.01465361355803907,1.5533235967159271,0.8673924021422863
2294,0.0002731166717802842,0.0037327976897358894,0.0038897860795259476,6.535758984682616e-06,0.003104844829067588,0.1814872920513153,0.014404563830617468,0.008721719030290842,0.024407138438644366,0.01465462613850832,1.5535215437412262,0.8675044178962708
2295,0.00027243194568590926,0.0037297287490218878,0.003886731341481209,6.529177426273236e-06,0.00310171814635396,0.18151335418224335,0.014405598394745684,0.008722353260964155,0.024408687059380367,0.014655634062364697,1.5537185966968536,0.8676159754395485
2296,0.0002717480071589233,0.003726668655872345,0.0038836849853396416,6.522621788462857e-06,0.003098603803664446,0.18153925240039825,0.01440662581398756,0.0087229844648391,0.024410228726259895,0.014656638260930777,1.5539149641990662,0.8677271082997322
2297,0.0002710648569493496,0.0037236157804727554,0.0038806460797786713,6.516075700346846e-06,0.003095494117587805,0.18156513199210167,0.014407652654957047,0.008723614970222116,0.024411768507471832,0.01465764082968235,1.5541110336780548,0.8678380828350782
2298,0.0002703824958063458,0.0037205794360488653,0.003877623938024044,6.509564627776854e-06,0.003092400962486863,0.1815909445285797,0.01440867651916776,0.0087242447771132,0.024413306999437875,0.014658641768619418,1.5543068647384644,0.867948904633522
2299,0.0002697009244782047,0.0037175477482378483,0.0038746055215597153,6.503072654595599e-06,0.0030893166549503803,0.18161669000983238,0.014409697912189018,0.008724873419851065,0.024414840328223577,0.014659639913588762,1.5545021891593933,0.8680594395846128
2300,0.00026902014371235264,0.003714525606483221,0.0038715980481356382,6.496586138382554e-06,0.003086235374212265,0.1816423274576664,0.014410714941174614,0.008725499734282494,0.02441637534868748,0.014660634333267808,1.5546976029872894,0.8681699652224779
2301,0.0002683401542553494,0.0037115104496479034,0.0038685963954776525,6.4901278165052645e-06,0.0030831671319901943,0.18166789785027504,0.014411729247855271,0.008726123254746199,0.024417901929316296,0.014661626424640417,1.5548920333385468,0.8682799655944109
2302,0.0002676609568528864,0.0037085108924657106,0.0038656096439808607,6.483704055426642e-06,0.0030801156535744667,0.1816934086382389,0.014412741463840941,0.00872674398124218,0.024419418283945785,0.01466261176392436,1.555085152387619,0.868389280512929
2303,0.0002669825522497874,0.0037055136635899544,0.0038626273162662983,6.477268016169546e-06,0.0030770583543926477,0.1817188560962677,0.01441375057998651,0.008727363776415586,0.024420930671209172,0.014663593377918005,1.555277794599533,0.8684983253479004
2304,0.0002663049411900059,0.0037025264464318752,0.0038596545346081257,6.470861080742907e-06,0.0030740145593881607,0.18174422532320023,0.01441475684932178,0.00872798333875835,0.02442244475234196,0.014664574293419719,1.5554706156253815,0.8686074204742908
2305,0.0002656281244166256,0.003699557390064001,0.0038566989824175835,6.4644964368199e-06,0.003070990787819028,0.18176953122019768,0.014415760020081688,0.008728601969778538,0.024423959037516853,0.014665553579106927,1.5556634962558746,0.8687165137380362
2306,0.00026495210267185924,0.0036965887993574142,0.0038537438958883286,6.458132247644244e-06,0.0030679679475724697,0.18179479241371155,0.01441676185931896,0.008729218738153577,0.024425460419796638,0.014666527509689331,1.5558547973632812,0.8688247948884964
2307,0.0002642768766970473,0.003693631384521723,0.0038507997523993254,6.451795343309641e-06,0.003064957680180669,0.18181991949677467,0.014417758330091828,0.008729832945391536,0.024426956646075342,0.014667495852336287,1.5560454428195953,0.868932681158185
2308,0.0002636024472326576,0.0036906844470649958,0.0038478667847812176,6.445474355132319e-06,0.0030619546305388212,0.18184498697519302,0.014418751830447673,0.008730446919798851,0.02442845814196857,0.014668465591967106,1.5562366545200348,0.8690408207476139
2309,0.0002629288150182854,0.003687746822834015,0.0038449412677437067,6.439189291995717e-06,0.003058968810364604,0.18187003582715988,0.014419745136206991,0.00873106112703681,0.024429947930232735,0.014669430674985051,1.556426465511322,0.869148250669241
2310,0.0002622559807926507,0.0036848164163529873,0.0038420259952545166,6.432893314922694e-06,0.00305597810074687,0.18189504742622375,0.014420736355354095,0.008731674868613482,0.024431434649539164,0.014670391101390123,1.556615948677063,0.8692554980516434
2311,0.0002615839452935986,0.0036818936932832003,0.0038391156122088432,6.4266378103639e-06,0.0030530060175806284,0.1819198951125145,0.01442172119995242,0.008732286049053073,0.02443291949162096,0.014671351294964552,1.55680513381958,0.8693625144660473
2312,0.0002609127092580986,0.003678987268358469,0.003836223389953375,6.420399586204439e-06,0.0030500423163175583,0.18194470182061195,0.01442270471610283,0.008732894668355584,0.02443439769241765,0.014672307064756751,1.5569936335086823,0.8694691676646471
2313,0.00026024227342224334,0.0036760843358933926,0.0038333344273269176,6.414171821234049e-06,0.003047084202989936,0.18196942657232285,0.01442368425574026,0.008733501192182302,0.024435873421735855,0.014673260040581226,1.5571815967559814,0.8695755116641521
2314,0.0002595726385212477,0.0036731937434524298,0.0038304550107568502,6.407993623724906e-06,0.003044149139896035,0.18199410289525986,0.014424662215627042,0.008734106319025159,0.024437341916194632,0.014674208592623472,1.5573687255382538,0.8696814142167568
2315,0.0002589038052894484,0.003670304547995329,0.0038275793194770813,6.401794053090271e-06,0.0030412040650844574,0.1820187121629715,0.014425637965613435,0.00873471051454544,0.024438813001906343,0.01467515667900443,1.5575563609600067,0.8697875365614891
2316,0.00025823577446030345,0.0036674358416348696,0.0038247238844633102,6.395646778400987e-06,0.0030382839031517506,0.18204328045248985,0.014426611001805034,0.008735311683267355,0.024440281319740426,0.01467610220424831,1.5577435195446014,0.8698933999985456
2317,0.0002575685467663904,0.0036645671352744102,0.003821869380772114,6.389489044522634e-06,0.0030353586189448833,0.18206778913736343,0.014427582459445889,0.008735911455005407,0.02444173764193843,0.014677040511742234,1.5579291880130768,0.8699984885752201
2318,0.0002569021229394063,0.003661711700260639,0.003819027217105031,6.383366780937649e-06,0.003032449632883072,0.1820921190083027,0.014428546413622881,0.008736507734283805,0.024443192389028708,0.014677980216220021,1.5581146478652954,0.870103383436799
2319,0.0002562365037101664,0.0036588632501661777,0.0038161915726959705,6.377261343004648e-06,0.0030295492615550756,0.18211642280220985,0.014429509168860162,0.00873710191808641,0.024444641691837455,0.014678915496915579,1.5582993626594543,0.8702078927308321
2320,0.000255571689808604,0.0036560248117893934,0.003813365940004587,6.3711777329444885e-06,0.0030266596004366875,0.18214072287082672,0.01443047198591744,0.008737695403397083,0.02444609358741805,0.014679856831207871,1.5584844648838043,0.8703125938773155
2321,0.00025490768196376857,0.0036531926598399878,0.003810545429587364,6.365117314999225e-06,0.0030237806495279074,0.18216492235660553,0.01443143020116993,0.008738287491723895,0.02444753825401078,0.014680794905871153,1.5586686432361603,0.8704167827963829
2322,0.00025424448090382706,0.0036503737792372704,0.003807742614299059,6.35905144008575e-06,0.0030208989046514034,0.1821889951825142,0.014432383689498946,0.00873887725174427,0.02444897718088529,0.014681730652227998,1.5588521659374237,0.870520580559969
2323,0.00025358208735605975,0.0036475618835538626,0.0038049425929784775,6.353030585160013e-06,0.0030180388130247593,0.18221306428313255,0.014433337114839065,0.008739464683458209,0.0244504109642153,0.014682665932923555,1.5590350031852722,0.8706240337342024
2324,0.00025292050204686297,0.00364475604146719,0.0038021483924239874,6.347024736896856e-06,0.0030151852406561375,0.18223707377910614,0.014434288208867383,0.00874005164951086,0.024451842878096094,0.014683598885312676,1.559217631816864,0.8707273527979851
2325,0.000252259725701746,0.00364196440204978,0.003799369093030691,6.341044809232699e-06,0.003012344939634204,0.18226099014282227,0.014435235081889193,0.00874063721857965,0.024453269947402413,0.014684527646750212,1.5593996345996857,0.870830312371254
2326,0.00025159975904533123,0.003639176720753312,0.003796594450250268,6.335067610052647e-06,0.003009505569934845,0.18228483945131302,0.014436179498765024,0.00874122092500329,0.024454692470510457,0.014685451053082943,1.5595810413360596,0.8709329403936863
2327,0.00025094060280135246,0.0036364016123116016,0.0037938335444778204,6.329105417535175e-06,0.0030066731851547956,0.1823086030781269,0.014437120704013408,0.008741801604628563,0.024456112530789224,0.014686375157907605,1.5597622096538544,0.8710354063659906
2328,0.00025028225769265644,0.0036336323246359825,0.0037910768296569586,6.323170964606106e-06,0.0030038533732295036,0.18233232200145721,0.014438059706148256,0.008742382749915123,0.024457530723654818,0.014687298331409693,1.5599430203437805,0.8711376711726189
2329,0.000249624724441198,0.0036308763083070517,0.0037883329205214977,6.317266979749547e-06,0.00300104939378798,0.18235597386956215,0.01443899600168918,0.008742962265387177,0.024458947049432068,0.014688216149806976,1.560123860836029,0.8712399173527956
2330,0.00024896800376804395,0.003628124250099063,0.003785594366490841,6.311362085398287e-06,0.0029982440173625946,0.18237954005599022,0.014439928709376784,0.008743540151044726,0.024460351692292364,0.014689131174236536,1.5603030025959015,0.8713412713259459
2331,0.0002483120963933686,0.0036253826692700386,0.0037828651256859303,6.3054867496248335e-06,0.002995452843606472,0.1824030689895153,0.014440860097209705,0.008744115009903908,0.02446175268518909,0.014690045733004808,1.560481697320938,0.8714423831552267
2332,0.0002476570030364548,0.0036226483061909676,0.003780142869800329,6.299629603745416e-06,0.0029926705174148083,0.18242650479078293,0.014441788402098674,0.008744688704609871,0.02446315716695341,0.014690957963466644,1.5606609284877777,0.8715437166392803
2333,0.000247002724415693,0.0036199227906763554,0.0037774299271404743,6.293784736044472e-06,0.0029898937791585922,0.18244989588856697,0.014442713750583284,0.008745262632146478,0.024464554727701912,0.014691864838823676,1.5608392357826233,0.8716445658355951
2334,0.00024634926124857955,0.0036172065883874893,0.0037747244350612164,6.28797670287895e-06,0.0029871342703700066,0.18247316777706146,0.014443635135735053,0.00874583306722343,0.024465944773838174,0.014692768920212984,1.5610165894031525,0.871744878590107
2335,0.00024569661425171704,0.00361449783667922,0.00377202988602221,6.282155936787603e-06,0.0029843696393072605,0.18249642103910446,0.01444455520282313,0.008746402338147163,0.024467332956756554,0.014693672535941005,1.5611937046051025,0.8718450628221035
2336,0.00024504478414081346,0.0036118009593337774,0.0037693448830395937,6.276376552705187e-06,0.002981624100357294,0.18251965567469597,0.014445474833546766,0.008746970444917679,0.024468722547706646,0.014694574289023876,1.5613711178302765,0.8719453867524862
2337,0.0002443937716306795,0.0036091096699237823,0.0037666663993149996,6.270607627811842e-06,0.0029788832180202007,0.18254273384809494,0.014446388235988246,0.008747535292059183,0.024470103734207653,0.014695471152663231,1.561547428369522,0.8720450811088085
2338,0.00024374357743523097,0.0036064269952476025,0.0037639946676790714,6.264868261496304e-06,0.002976156771183014,0.18256575986742973,0.014447299188483947,0.008748098742216825,0.024471476220358623,0.014696364989504218,1.5617225468158722,0.872144153341651
2339,0.00024309420226748533,0.0036037543322890997,0.003761333879083395,6.259140263864538e-06,0.0029734354466199875,0.18258878216147423,0.014448209957647328,0.008748660562559962,0.024472843872619873,0.01469725789502263,1.561897099018097,0.8722429405897856
2340,0.00024244564683956188,0.0036010886542499065,0.003758680075407028,6.253428182390053e-06,0.0029707220382988453,0.18261167034506798,0.014449115633830245,0.008749219588935375,0.02447421798885132,0.014698149869218469,1.5620724856853485,0.8723420780152082
2341,0.0002417979118626811,0.003598430659621954,0.003756034653633833,6.247729288588744e-06,0.0029680144507437944,0.18263442069292068,0.014450015714464408,0.008749776752665639,0.02447558846064822,0.014699038118124008,1.5622475147247314,0.8724409677088261
2342,0.00024115099804716448,0.003595781745389104,0.0037533962167799473,6.242064955586102e-06,0.002965324092656374,0.18265727534890175,0.014450919641119109,0.008750335313379765,0.02447694637089724,0.01469992264173925,1.5624208748340607,0.8725390750914812
2343,0.00024050490610243137,0.0035931412130594254,0.003750768257305026,6.2363988035940565e-06,0.002962632104754448,0.18268007412552834,0.014451821623249218,0.008750892244279385,0.024478300936165383,0.014700803440064192,1.562593698501587,0.8726368863135576
2344,0.0002398596367370018,0.0035905097611248493,0.0037481491453945637,6.2307553889695555e-06,0.0029599512927234173,0.1827026531100273,0.01445271473903186,0.0087514438200742,0.024479663748769042,0.014701684238389134,1.5627678036689758,0.8727352283895016
2345,0.00023921519065849169,0.003587888553738594,0.0037455386482179165,6.225149263627827e-06,0.0029572881758213043,0.1827251873910427,0.014453606289424735,0.008751994697377086,0.02448101489439164,0.014702559681609273,1.5629402697086334,0.8728327285498381
2346,0.00023857156857361606,0.00358527060598135,0.0037429342046380043,6.219525403139414e-06,0.002954616444185376,0.18274777010083199,0.014454498917408964,0.00875254557467997,0.02448235437496483,0.014703430933877826,1.5631113052368164,0.8729295376688242
2347,0.00023792877118818502,0.003582664765417576,0.0037403390742838383,6.213949745870195e-06,0.0029519672971218824,0.1827702485024929,0.014455387715232387,0.008753093658015132,0.02448369378225626,0.014704300789162517,1.5632823705673218,0.8730263095349073
2348,0.00023728679920710487,0.003580068238079548,0.003737754188477993,6.208383638295345e-06,0.0029493235051631927,0.18279260024428368,0.014456271676985434,0.008753638481721282,0.02448504054526169,0.01470516948029399,1.5634543299674988,0.8731234651058912
2349,0.0002366456533343763,0.0035774754360318184,0.003735172562301159,6.202832992130425e-06,0.0029466866981238127,0.18281490728259087,0.014457154074858073,0.008754180744290352,0.024486375051330063,0.01470603421330452,1.5636246800422668,0.8732197936624289
2350,0.0002360053342730951,0.003574894741177559,0.003732602344825864,6.197312359290663e-06,0.0029440640937536955,0.18283723667263985,0.014458036796311453,0.008754724403843284,0.0244877008679898,0.014706897549331188,1.5637940764427185,0.8733156565576792
2351,0.0002353658427254487,0.0035723152104765177,0.0037300349213182926,6.1917799030197784e-06,0.0029414354357868433,0.1828593835234642,0.01445891241885064,0.008755264338105917,0.02448902928686914,0.014707759721204638,1.563963770866394,0.8734115771949291
2352,0.00023472717939271867,0.003569754073396325,0.003727483795955777,6.1863042901677545e-06,0.002938834484666586,0.18288152292370796,0.014459787485180252,0.008755802176892757,0.024490359119165576,0.014708620961755514,1.5641335546970367,0.8735075388103724
2353,0.00023408934497527734,0.0035671959631145,0.00372493639588356,6.180829586810432e-06,0.002936233766376972,0.18290359526872635,0.01446066061172433,0.008756338385865092,0.02449168174936734,0.014709479408338666,1.564302533864975,0.8736030645668507
2354,0.0002334523401725885,0.0035646483302116394,0.0037224015686661005,6.175358976179268e-06,0.0029336349107325077,0.18292555585503578,0.014461528654302877,0.008756872499361634,0.024492995396264483,0.014710335526615381,1.5644704103469849,0.8736979831010103
2355,0.00023281616568320593,0.0035621062852442265,0.003719871863722801,6.1699024627159815e-06,0.002931042807176709,0.18294751271605492,0.014462396267459777,0.008757406147196889,0.024494302140631048,0.014711187919601798,1.564637303352356,0.8737924080342054
2356,0.00023218082220477298,0.0035595749504864216,0.0037173505406826735,6.164490969240433e-06,0.002928472124040127,0.1829693578183651,0.014463259929818824,0.008757937233895063,0.024495615944033287,0.014712040312588215,1.5648052096366882,0.8738872837275267
2357,0.0002315463104340215,0.0035570478066802025,0.0037148338742554188,6.1590840232383925e-06,0.0029259035363793373,0.18299118429422379,0.014464122283020945,0.008758466923609376,0.0244969228456266,0.014712897129356861,1.5649721324443817,0.8739816583693027
2358,0.0002309126310667718,0.0035545281134545803,0.00371232395991683,6.153697995614493e-06,0.0029233447276055813,0.18301298841834068,0.014464983956056405,0.008758996846154332,0.02449822373751376,0.01471375091932714,1.5651383101940155,0.8740756493061781
2359,0.00023027978479793086,0.003552019130438566,0.0037098261527717113,6.148321517684963e-06,0.0029207905754446983,0.18303467705845833,0.014465841050990377,0.008759523276239634,0.024499519808586848,0.014714601915329695,1.565304011106491,0.8741693440824747
2360,0.0002296477723214921,0.0035495206248015165,0.0037073385901749134,6.142968231870327e-06,0.0029182475991547108,0.18305623531341553,0.014466692814218376,0.008760047378018498,0.02450081254445102,0.014715449418872595,1.5654692351818085,0.874262735247612
2361,0.0002290165943305349,0.00354702677577734,0.0037048552185297012,6.137631316960324e-06,0.00291571207344532,0.18307777121663094,0.014467544024383739,0.008760570548474789,0.02450210669687188,0.014716296689584851,1.5656345188617706,0.8743561450392008
2362,0.00022838625151722308,0.003544542472809553,0.0037023816257715225,6.1323125919443555e-06,0.002913185628131032,0.18309930339455605,0.01446839443014092,0.008761093253269792,0.024503392763651072,0.014717139769345522,1.565798968076706,0.874449135735631
2363,0.00022775674457280474,0.003542064456269145,0.0036999164149165154,6.1269893194548786e-06,0.00291065638884902,0.1831207424402237,0.01446924176877602,0.008761617355048656,0.02450467668448607,0.014717980986461043,1.5659629702568054,0.8745418563485146
2364,0.0002271280741876119,0.0035395959857851267,0.0036974565591663122,6.121721071394859e-06,0.002908153925091028,0.1831420660018921,0.014470084532345183,0.00876213749870658,0.024505952224694642,0.014718815917149186,1.5661260485649109,0.8746340572834015
2365,0.00022650024105105843,0.0035371333360671997,0.0036950057838112116,6.116436907177558e-06,0.002905643545091152,0.183163370937109,0.014470926241236515,0.008762657176703215,0.024507233636319337,0.01471965224482119,1.5662898421287537,0.8747266065329313
2366,0.00022587324585164029,0.003534678602591157,0.0036925598978996277,6.111194579716539e-06,0.002903153421357274,0.1831846460700035,0.014471766267172621,0.008763175457715988,0.024508506371578948,0.014720483450219035,1.5664525032043457,0.8748185746371746
2367,0.00022524708927693462,0.003532235976308584,0.0036901275161653757,6.105964985181345e-06,0.0029006688855588436,0.18320577591657639,0.014472600588525784,0.008763691876083612,0.024509769244387174,0.014721311395987868,1.5666139721870422,0.8749098740518093
2368,0.00022462177201359898,0.003529799170792103,0.003687703050673008,6.100733116909396e-06,0.002898183651268482,0.18322687596082687,0.014473434233395484,0.008764207130298018,0.024511030864752058,0.014722135616466403,1.566775143146515,0.8750010095536709
2369,0.00022399729474737037,0.003527367254719138,0.003685279283672571,6.095545359130483e-06,0.0028957193717360497,0.1832479014992714,0.014474264688486997,0.008764720754697919,0.024512297763102965,0.0147229612339288,1.566937267780304,0.8750925846397877
2370,0.00022337365816306432,0.0035249453503638506,0.003682867856696248,6.090358510846272e-06,0.002893255092203617,0.1832689493894577,0.014475095724251114,0.008765236707404256,0.02451355776926652,0.014723783126100898,1.5670982599258423,0.87518360465765
2371,0.0002227508629445754,0.003522531595081091,0.0036804641131311655,6.0851916714455e-06,0.0028908003587275743,0.18328985571861267,0.014475921434747229,0.0087657505646348,0.024514811181103893,0.014724601292982697,1.5672585368156433,0.875274196267128
2372,0.00022212890977487483,0.0035201217979192734,0.003678064327687025,6.080035745981149e-06,0.0028883509803563356,0.1833106391131878,0.01447674244913198,0.008766262792050838,0.024516060077109807,0.014725417830049992,1.5674183070659637,0.8753644730895758
2373,0.00022150779933601022,0.003517723409458995,0.003675676416605711,6.074898919905536e-06,0.002885910915210843,0.18333153054118156,0.01447756680928992,0.008766776183620095,0.024517308315961356,0.014726234134286642,1.5675777792930603,0.8754546549171209
2374,0.00022088753230910555,0.0035153331700712442,0.003673294559121132,6.0697975641232915e-06,0.00288348738104105,0.1833523027598858,0.014478387102197697,0.008767288643866777,0.024518553226980808,0.014727049507200718,1.5677370727062225,0.8755446877330542
2375,0.00022026810937435948,0.0035129485186189413,0.003670922014862299,6.064675744710257e-06,0.002881054300814867,0.18337295576930046,0.014479202574780196,0.008767798077315092,0.02451979540415125,0.014727861387655139,1.5678958892822266,0.8756344225257635
2376,0.0002196495312110452,0.003510574111714959,0.00366855482570827,6.059614406694891e-06,0.002878650091588497,0.18339359760284424,0.014480017373334339,0.008768307277932763,0.02452102950687168,0.014728670008480549,1.5680537819862366,0.8757236897945404
2377,0.00021903179849750999,0.003508205059915781,0.0036661960184574127,6.054542609490454e-06,0.0028762405272573233,0.18341413140296936,0.014480827855178985,0.008768815314397216,0.02452226236065191,0.014729476999491453,1.5682114660739899,0.8758127987384796
2378,0.00021841491191117277,0.0035058441571891308,0.003663844196125865,6.0494985518744215e-06,0.0028738442342728376,0.1834346204996109,0.014481637035597975,0.008769320789724588,0.024523495152453684,0.014730282360687852,1.5683690905570984,0.8759018555283546
2379,0.00021779887212852581,0.0035034925676882267,0.003661502618342638,6.044461770216003e-06,0.002871451899409294,0.18345504626631737,0.01448244265401633,0.008769824402406812,0.024524718388574944,0.014731082366779447,1.5685255229473114,0.8759902846068144
2380,0.0002171836798251323,0.0035011444706469774,0.0036591622047126293,6.039454547135392e-06,0.002869072835892439,0.18347541987895966,0.014483247097289027,0.008770328247919679,0.024525937707058104,0.01473188097588718,1.5686815083026886,0.8760784640908241
2381,0.00021656933567562576,0.003498808480799198,0.003656836226582527,6.034453235770343e-06,0.002866696799173951,0.18349570408463478,0.014484047979483631,0.008770830230787396,0.024527158448170452,0.01473268074914813,1.568837732076645,0.8761667180806398
2382,0.00021595584035370973,0.0034964741207659245,0.0036545111797749996,6.02946056460496e-06,0.002864325186237693,0.1835159696638584,0.014484847561608945,0.008771333610638976,0.02452837497564832,0.014733476797118783,1.5689933598041534,0.8762546647340059
2383,0.00021534319453215785,0.003494152333587408,0.0036521987058222294,6.024495178280631e-06,0.0028619663789868355,0.1835361309349537,0.014485643206871082,0.008771835593506694,0.024529584027302247,0.014734268886968493,1.5691479742527008,0.8763420525938272
2384,0.00021473139888281037,0.003491839859634638,0.00364989647641778,6.019542070134776e-06,0.0028596133925020695,0.18355625495314598,0.014486437427218784,0.00877233687788248,0.024530788273683924,0.014735058648511767,1.5693019926548004,0.8764291238039732
2385,0.00021412045407657695,0.0034895301796495914,0.0036475947126746178,6.0146121541038156e-06,0.002857271349057555,0.1835763305425644,0.014487229720653909,0.008772835368290544,0.024531992460950575,0.01473584957420826,1.5694561004638672,0.8765162155032158
2386,0.00021351036078343317,0.0034872288815677166,0.00364530086517334,6.009704520693049e-06,0.002854940015822649,0.18359637260437012,0.014488020338595132,0.00877333339303732,0.0245331930301985,0.01473663910292089,1.569609820842743,0.8766030967235565
2387,0.0002129011196724212,0.0034849366638809443,0.0036430186592042446,6.004796887282282e-06,0.002852608449757099,0.1836162731051445,0.014488805514983136,0.008773827692493796,0.024534395023505285,0.014737426768988371,1.5697635114192963,0.8766898922622204
2388,0.0002122927314116487,0.0034826507326215506,0.003640742041170597,5.9999047152814455e-06,0.0028502843342721462,0.18363617733120918,0.014489590774360886,0.00877432245761156,0.02453558865460935,0.014738210709765553,1.5699162483215332,0.8767762128263712
2389,0.00021168519666828786,0.003480372251942754,0.003638471709564328,5.995040737616364e-06,0.0028479737229645252,0.18365603685379028,0.014490374735875342,0.008774815127253532,0.024536776890058627,0.0147389923222363,1.570068359375,0.8768621981143951
2390,0.00021107851610857478,0.0034781000576913357,0.0036362085957080126,5.990180397930089e-06,0.0028456649743020535,0.18367579206824303,0.014491153759537962,0.008775305468589067,0.024537963881894814,0.014739772770553827,1.5702203512191772,0.8769480716437101
2391,0.00021047269039780984,0.003475835779681802,0.0036339526996016502,5.985343705106061e-06,0.0028433669358491898,0.1836954765021801,0.014491930105458453,0.008775793947279453,0.02453914844428208,0.014740550424903631,1.5703718662261963,0.8770336713641882
2392,0.00020986772020035435,0.0034735812805593014,0.0036317072808742523,5.980522473691963e-06,0.0028410768136382103,0.183715108782053,0.014492704401620631,0.008776279864832759,0.024540332653000728,0.014741327613592148,1.5705235302448273,0.8771193195134401
2393,0.00020926360617963286,0.0034713326022028923,0.0036294679157435894,5.97570942773018e-06,0.0028387904167175293,0.1837347373366356,0.014493478656416994,0.008776766248047352,0.024541502870226592,0.014742098515853286,1.570673257112503,0.8772039972245693
2394,0.00020866034899813025,0.0034690911415964365,0.0036272332072257996,5.9709341257985216e-06,0.002836521714925766,0.18375425040721893,0.014494248477448483,0.008777250302955508,0.024542675403347296,0.014742868952453136,1.5708233714103699,0.8772888109087944
2395,0.00020805794931739216,0.003466853639110923,0.0036250026896595955,5.966165190329775e-06,0.002834256272763014,0.1837736889719963,0.014495015120328443,0.008777732262387872,0.024543848176899884,0.014743636595085263,1.5709734857082367,0.8773735873401165
2396,0.00020745640779802323,0.00346462894231081,0.003622788470238447,5.961394435871625e-06,0.0028319903649389744,0.1837930791079998,0.014495779463949643,0.008778213057667017,0.02454501881938469,0.014744401443749666,1.571123331785202,0.8774582054466009
2397,0.0002068557250996884,0.003462409833446145,0.003620575647801161,5.95667233938002e-06,0.0028297468088567257,0.1838124617934227,0.014496544018225026,0.008778693154454231,0.024546179327790865,0.014745163964107633,1.5712719559669495,0.8775422088801861
2398,0.00020625590188110877,0.003460199572145939,0.0036183749325573444,5.95193750996259e-06,0.0028274974320083857,0.18383177742362022,0.01449730577182097,0.008779171155765653,0.02454733533525499,0.014745923690497875,1.5714199244976044,0.8776258509606123
2399,0.00020565693880006484,0.003457993734627962,0.0036161765456199646,5.947232239122968e-06,0.002825262024998665,0.18385101109743118,0.014498063721464576,0.008779647294431925,0.024548491288281828,0.014746680855751038,1.5715679228305817,0.8777094669640064
2400,0.00020505883651339294,0.003455794882029295,0.003613986074924469,5.9425328799989074e-06,0.0028230296447873116,0.18387015163898468,0.014498818495041269,0.008780120871961117,0.024549647186879072,0.01474743615835905,1.5717158913612366,0.8777930215001106
2401,0.0002044615956769854,0.0034536002203822136,0.0036117983981966972,5.937854894000338e-06,0.0028208072762936354,0.18388927355408669,0.014499572852974593,0.00878059328533709,0.02455079858560413,0.014748190762475133,1.5718633532524109,0.8778763134032488
2402,0.00020386521694579007,0.003451416501775384,0.003609621897339821,5.9331960073905066e-06,0.0028185942210257053,0.1839083880186081,0.014500326042661094,0.008781065698713064,0.024551939261749076,0.014748940709978342,1.5720093548297882,0.8779588714241982
2403,0.0002032697009738094,0.003449240932241082,0.0036074563395231962,5.928531663812464e-06,0.002816378604620695,0.18392739072442055,0.014501075430079976,0.008781535550951958,0.024553078403221733,0.01474968926049769,1.5721553564071655,0.878041373565793
2404,0.00020267504841409942,0.0034470711834728718,0.0036052935756742954,5.923906428506598e-06,0.00281418114900589,0.18394631147384644,0.014501821141252477,0.008782004471868277,0.02455422430725397,0.014750437345355749,1.5723020136356354,0.8781241625547409
2405,0.0002020812599187699,0.0034449081867933273,0.0036031370982527733,5.9192980188527144e-06,0.002811991609632969,0.18396516516804695,0.01450256443099937,0.008782471297308803,0.024555362750105097,0.014751182869076729,1.572447806596756,0.8782064858824015
2406,0.0002014883361389827,0.0034427549690008163,0.0036009906325489283,5.914710072829621e-06,0.0028098123148083687,0.18398402258753777,0.014503307557233976,0.008782937424257398,0.024556490473571505,0.014751924201846123,1.5725921988487244,0.8782881107181311
2407,0.00020089627772495132,0.0034406064078211784,0.0035988490562886,5.910127129027387e-06,0.002807635348290205,0.18400277942419052,0.01450404688301813,0.00878340215422213,0.024557616367564584,0.014752664137631655,1.5727365016937256,0.878369640558958
2408,0.00020030508532594055,0.003438459010794759,0.003596710739657283,5.905531907046679e-06,0.0028054520953446627,0.184021458029747,0.014504783161370058,0.008783864323049784,0.02455874398754617,0.014753401977941394,1.5728809237480164,0.8784511908888817
2409,0.00019971475959026512,0.003436330473050475,0.003594589652493596,5.90098716202192e-06,0.002803293289616704,0.18404008820652962,0.014505517145152816,0.008784325793385506,0.024559869778231783,0.014754138421267271,1.5730251371860504,0.87853261269629
2410,0.00019912530116528973,0.0034342012368142605,0.0035924678668379784,5.896442416997161e-06,0.0028011342510581017,0.18405871465802193,0.014506251217191126,0.008784785633906722,0.024560985148901045,0.01475487113930285,1.573168009519577,0.8786133620887995
2411,0.00019853671069742764,0.0034320775885134935,0.003590352600440383,5.891901764698559e-06,0.0027989770751446486,0.18407724797725677,0.014506981490469735,0.00878524431027472,0.0245620983953319,0.014755603624507785,1.5733106434345245,0.8786939457058907
2412,0.00019794898883214077,0.0034299660474061966,0.00358824641443789,5.887412044103257e-06,0.0027968445792794228,0.18409568816423416,0.014507708090943193,0.008785700658336282,0.02456321159130854,0.014756335411220789,1.5734532475471497,0.8787744678556919
2413,0.00019736213621393805,0.003427861724048853,0.0035861486103385687,5.882927780476166e-06,0.0027947137132287025,0.18411412462592125,0.014508434153529128,0.008786156540736556,0.024564319997634348,0.014757065335288644,1.5735952258110046,0.8788546752184629
2414,0.00019677615348637532,0.003425761591643095,0.0035840561613440514,5.8784435168490745e-06,0.0027925835456699133,0.18413247913122177,0.014509157923151288,0.00878660986199975,0.02456542835394822,0.014757793629541993,1.573737233877182,0.8789348565042019
2415,0.00019619104129205454,0.0034236679784953594,0.0035819704644382,5.873966074432246e-06,0.0027904571034014225,0.1841508224606514,0.014509880277687693,0.008787062717601657,0.024566530144438648,0.014758518664166331,1.5738783776760101,0.8790146000683308
2416,0.00019560680027262277,0.003421581583097577,0.0035798903554677963,5.869523192814086e-06,0.002788346027955413,0.18416906893253326,0.014510599337011126,0.008787514409050345,0.02456762862775312,0.014759242301806808,1.574019193649292,0.8790941312909126
2417,0.000195023431068772,0.0034195028711110353,0.003577817464247346,5.865099410584662e-06,0.0027862442657351494,0.18418728187680244,0.014511316981857241,0.008787964936345816,0.024568721731305084,0.014759961981326342,1.5741592943668365,0.8791732881218195
2418,0.0001944409343202383,0.0034174295142292976,0.003575751092284918,5.86067653784994e-06,0.002784142969176173,0.18420542031526566,0.014512031081595793,0.00878841313533485,0.02456981922823485,0.014760681660845876,1.5742999017238617,0.8792526610195637
2419,0.00019385931066580065,0.0034153664018958807,0.0035736938007175922,5.8562818594509736e-06,0.0027820556424558163,0.1842235065996647,0.014512743391473683,0.008788859704509377,0.02457090779251997,0.01476139691658318,1.5744394361972809,0.8793314713984728
2420,0.00019327856074328076,0.0034133088774979115,0.0035716439597308636,5.8518880905467086e-06,0.0027799683157354593,0.18424154072999954,0.014513453911754447,0.008789305575191975,0.02457198949810226,0.01476211054250598,1.5745780766010284,0.879409808665514
2421,0.00019269868518954208,0.0034112550783902407,0.0035695969127118587,5.847507509315619e-06,0.002777887275442481,0.18425944820046425,0.014514159760222498,0.008789748884737492,0.02457307234044693,0.014762822072952986,1.5747168064117432,0.8794881273061037
2422,0.0001921196846404892,0.0034092094283550978,0.0035675563849508762,5.843157396157039e-06,0.002775820903480053,0.18427738547325134,0.014514865574365597,0.008790191961452365,0.02457415069385104,0.01476353220641613,1.5748549699783325,0.8795661777257919
2423,0.00019154155973106698,0.003407170996069908,0.0035655249375849962,5.838807282998459e-06,0.002773754531517625,0.18429523706436157,0.014515568722616078,0.008790632477030158,0.024575226631387136,0.01476423954591155,1.5749928653240204,0.879644051194191
2424,0.000190964311095261,0.003405139548704028,0.0035635000094771385,5.834476723975968e-06,0.0027716970071196556,0.18431301042437553,0.014516269080054385,0.008791072759777308,0.024576303706042538,0.014764945255592465,1.5751309394836426,0.8797219749540091
2425,0.00019038793936609422,0.0034031171817332506,0.003561482997611165,5.83017390454188e-06,0.002769653219729662,0.18433073908090591,0.014516966897686294,0.00879151071421802,0.024577372740338416,0.01476564654149115,1.5752679705619812,0.8797993548214436
2426,0.00018981244517562968,0.003401097608730197,0.003559470409527421,5.825866537634283e-06,0.002767606871202588,0.18434841185808182,0.014517662927647584,0.008791947737336159,0.02457843965592635,0.014766345964744687,1.575404793024063,0.8798766024410725
2427,0.000189237829154967,0.0033990878146141768,0.0035574655048549175,5.821592822030652e-06,0.0027655763551592827,0.18436608463525772,0.014518358548373505,0.00879238429479301,0.02457950090087483,0.014767040964215994,1.5755407810211182,0.8799534328281879
2428,0.00018866409193424316,0.0033970801159739494,0.0035554636269807816,5.8173181969323196e-06,0.002763546071946621,0.18438370153307915,0.014519052256527797,0.008792818989604712,0.02458055825194583,0.014767735032364726,1.5756763517856598,0.8800300266593695
2429,0.00018809123414263116,0.0033950863871723413,0.0035534771159291267,5.813059033243917e-06,0.002761522540822625,0.18440121412277222,0.014519741672122142,0.00879325158894062,0.024581613189601212,0.014768427470698953,1.575811743736267,0.8801064789295197
2430,0.0001875192564083405,0.003393092192709446,0.0035514875780791044,5.808822152175708e-06,0.0027595101855695248,0.18441865593194962,0.014520428299020728,0.008793682558462024,0.024582671633734867,0.01476911804638803,1.5759473145008087,0.8801829852163792
2431,0.00018694815935861375,0.0033911075443029404,0.003549510147422552,5.8045861806022e-06,0.002757497364655137,0.18443608283996582,0.01452111464292208,0.008794112829491496,0.024583722633136927,0.014769807225093246,1.5760821402072906,0.8802591115236282
2432,0.00018637794361973004,0.003389130113646388,0.003547536674886942,5.80038977204822e-06,0.0027555038686841726,0.18445347249507904,0.014521799200755628,0.008794541703537107,0.024584770628070386,0.014770492911338806,1.5762164890766144,0.8803349807858467
2433,0.00018580860981699983,0.003387156408280134,0.0035455685574561357,5.796187451778678e-06,0.0027535075787454844,0.1844707690179348,0.014522479843466973,0.008794968482106924,0.0245858120676239,0.014771179063245654,1.5763500332832336,0.8804104011505842
2434,0.00018524015857476815,0.003385193645954132,0.0035436127800494432,5.791996045445558e-06,0.0027515164110809565,0.18448802456259727,0.014523158826061835,0.00879539456218481,0.024586851391562994,0.014771867543458939,1.576483279466629,0.8804856520146132
2435,0.00018467259051641114,0.003383234841749072,0.003541658166795969,5.787838745163754e-06,0.0027495415415614843,0.1845051646232605,0.014523833393456177,0.00879581761546433,0.024587886528741585,0.0147725532297045,1.576616108417511,0.8805606365203857
2436,0.0001841059062643369,0.0033812832552939653,0.0035397130995988846,5.783675533166388e-06,0.0027475636452436447,0.18452231585979462,0.014524508430464798,0.008796239970251918,0.02458892251005494,0.01477323705330491,1.576748937368393,0.8806356266140938
2437,0.00018354010643998394,0.0033793365582823753,0.0035377712920308113,5.779535058536567e-06,0.002745597157627344,0.18453938886523247,0.014525180806270821,0.008796661393716931,0.024589954897024886,0.014773919014260173,1.5768812894821167,0.8807103391736746
2438,0.00018297519166382185,0.003377397544682026,0.003535837633535266,5.775408226327272e-06,0.0027436362579464912,0.18455642089247704,0.014525850896916676,0.00879708118736744,0.024590979251917538,0.014774597249925137,1.5770126581192017,0.8807845395058393
2439,0.00018241116255534798,0.003375466912984848,0.0035339128226041794,5.771296855527908e-06,0.0027416828088462353,0.18457340076565742,0.014526518953155668,0.008797499816864729,0.024592004155875338,0.014775275252759457,1.5771440863609314,0.8808587435632944
2440,0.00018184801973309013,0.003373539075255394,0.0035319882445037365,5.767211405327544e-06,0.0027397421654313803,0.18459030240774155,0.014527184098778886,0.008797917049378157,0.024593026650284813,0.014775950461626053,1.5772752463817596,0.8809327743947506
2441,0.00018128576381460314,0.003371620550751686,0.0035300753079354763,5.763125045632478e-06,0.002737801056355238,0.18460721150040627,0.014527849839984286,0.008798332652077079,0.024594047327130948,0.014776623342186213,1.5774062275886536,0.8810067195445299
2442,0.00018072439541646964,0.003369708778336644,0.003528169821947813,5.759049599873833e-06,0.002735865069553256,0.1846240721642971,0.014528512921455307,0.008798747090622783,0.024595056720079264,0.014777292497456074,1.5775356590747833,0.8810798656195402
2443,0.00018016391515429864,0.0033678014297038317,0.0035262664314359426,5.7549996199668385e-06,0.002733941189944744,0.1846407763659954,0.014529170088468654,0.008799158968031406,0.024596071100507783,0.014777961187064648,1.5776657462120056,0.8811532612890005
2444,0.00017960432364272632,0.003365900367498398,0.003524369327351451,5.75096328248037e-06,0.0027320238295942545,0.18465743958950043,0.014529825973858825,0.008799569914117455,0.02459708336846354,0.014778627781197429,1.577795684337616,0.8812265619635582
2445,0.00017904562149541217,0.003364007454365492,0.0035224813036620617,5.746939677919727e-06,0.0027301120571792126,0.18467411026358604,0.01453048182964326,0.008799981093034148,0.024598088495716323,0.014779292978346348,1.5779246389865875,0.8812993746250868
2446,0.00017848780932504265,0.00336212245747447,0.0035206028260290623,5.742916073359083e-06,0.0027282005175948143,0.18469076976180077,0.014531137029932284,0.008800392504781485,0.02459908914517587,0.0147799551486969,1.578053057193756,0.8813719134777784
2447,0.00017793088774332636,0.0033602388575673103,0.0035187238827347755,5.738912477681879e-06,0.002726298989728093,0.18470728769898415,0.014531786943409116,0.008800800191238523,0.024600085613158212,0.014780615223571658,1.5781809389591217,0.8814441133290529
2448,0.0001773748573609967,0.003358365036547184,0.0035168537870049477,5.734936621593079e-06,0.0027244100347161293,0.18472375720739365,0.014532434825139976,0.00880120717920363,0.024601085589869825,0.014781275298446417,1.5783091485500336,0.8815164528787136
2449,0.000176819718787809,0.003356494940817356,0.0035149867180734873,5.73097213418805e-06,0.002722526900470257,0.18474022671580315,0.014533082552826426,0.008801612770184875,0.02460208197698937,0.01478193374350667,1.578437089920044,0.8815886583179235
2450,0.00017626547263254063,0.003354629036039114,0.003513126168400049,5.72700128032011e-06,0.0027206402737647295,0.18475664779543877,0.014533728499455716,0.008802017197012901,0.024603071226148656,0.01478259009309113,1.5785641074180603,0.8816603776067495
2451,0.00017571211950299042,0.0033527733758091927,0.003511276328936219,5.7230449783673976e-06,0.002718760631978512,0.18477296084165573,0.014534370037096771,0.008802419761195779,0.02460405511254006,0.014783243648707867,1.578690230846405,0.8817315958440304
2452,0.00017515966000597856,0.0033509249333292246,0.0035094316117465496,5.7191241467080545e-06,0.0027168982196599245,0.18478921055793762,0.014535009293805183,0.008802822325378656,0.024605039846718788,0.01478389510884881,1.5788165926933289,0.8818029016256332
2453,0.00017460809474734363,0.0033490811474621296,0.003507592249661684,5.715205588785466e-06,0.002715036738663912,0.18480544537305832,0.014535648021840458,0.008803222328424454,0.02460602010601473,0.014784545870497823,1.5789425373077393,0.8818739913403988
2454,0.00017405742433194526,0.003347246441990137,0.0035057622008025646,5.711304766009562e-06,0.0027131836395710707,0.18482168391346931,0.014536286096137892,0.008803622331470251,0.024607000030573985,0.014785195467993617,1.5790682137012482,0.8819449488073587
2455,0.00017350764936366092,0.0033454166259616613,0.0035039354115724564,5.7074257711065e-06,0.0027113407850265503,0.18483781814575195,0.014536920513689402,0.008804022334516048,0.02460797695936386,0.014785842271521688,1.579193502664566,0.882015660405159
2456,0.00017295877044538617,0.003343591932207346,0.0035021156072616577,5.703544047719333e-06,0.0027094967663288116,0.18485385179519653,0.014537550899603202,0.008804418845102191,0.024608948823099663,0.014786486281082034,1.579318255186081,0.8820860534906387
2457,0.00017241078817903415,0.00334177166223526,0.0035002995282411575,5.699676421500044e-06,0.0027076597325503826,0.18486987054347992,0.014538181007946847,0.008804814424365759,0.02460991798759307,0.01478712959215045,1.5794426202774048,0.8821562454104424
2458,0.00017186370316553444,0.003339960239827633,0.003498492296785116,5.695827894669492e-06,0.0027058315463364124,0.18488582596182823,0.014538808461615552,0.00880520953796804,0.024610882679323938,0.01478777197189629,1.5795665085315704,0.8822261672466993
2459,0.00017131751600483292,0.003338153474032879,0.0034966887906193733,5.6919998314697295e-06,0.0027040126733481884,0.18490175530314445,0.014539434136704159,0.008805604185909033,0.02461184703761426,0.014788412256166339,1.579690307378769,0.8822960313409567
2460,0.0001707722272958909,0.003336352529004216,0.0034948918037116528,5.688173587259371e-06,0.0027021951973438263,0.1849176213145256,0.014540058408748075,0.008805996738374233,0.024612804854552067,0.014789048582315445,1.5798132717609406,0.8823654465377331
2461,0.0001702278376366843,0.003334558103233576,0.0034931013360619545,5.684364623448346e-06,0.0027003854047507048,0.18493345752358437,0.014540681152831435,0.008806388126686215,0.024613759382559466,0.014789684442803264,1.5799357295036316,0.882434593513608
2462,0.00016968434762420305,0.0033327711280435324,0.003491317853331566,5.680571121047251e-06,0.002698583761230111,0.18494925647974014,0.014541301743694383,0.00880677835084498,0.024614713577957623,0.014790320303291082,1.580058366060257,0.8825038112699986
2463,0.0001691417578544505,0.003330989507958293,0.003489539958536625,5.676792170561384e-06,0.002696787938475609,0.18496493622660637,0.0145419181802378,0.00880716647952795,0.02461566891869708,0.014790952671319246,1.5801810324192047,0.8825729843229055
2464,0.00016860006892244298,0.0033292134758085012,0.003487768117338419,5.673016403306974e-06,0.0026949946768581867,0.18498056009411812,0.014542532589361149,0.00880755321122706,0.024616614172948515,0.014791581779718399,1.5803023874759674,0.8826414737850428
2465,0.0001680592814222087,0.003327441168949008,0.003485999070107937,5.669258371199248e-06,0.002693209098652005,0.18499617278575897,0.014543146222075148,0.008807939244434237,0.024617556139747962,0.014792207395657897,1.580423265695572,0.8827097192406654
2466,0.0001675193959467876,0.003325678873807192,0.0034842388704419136,5.665531261911383e-06,0.002691438887268305,0.18501174077391624,0.01454375782777702,0.008808324113488197,0.024618498070505344,0.014792832545936108,1.5805441439151764,0.8827779423445463
2467,0.00016698041308823035,0.0033239207696169615,0.0034824847243726254,5.661795512423851e-06,0.0026896637864410877,0.18502724915742874,0.014544367531787346,0.008808707585558295,0.024619434645556628,0.014793456299230456,1.580664485692978,0.8828458674252033
2468,0.0001664423334375975,0.00332217407412827,0.0034807424526661634,5.658084774040617e-06,0.0026879007928073406,0.18504273146390915,0.014544976084703103,0.008809089893475175,0.024620372958135385,0.014794077957049012,1.5807849168777466,0.8829138241708279
2469,0.0001659051575849596,0.0033204236533492804,0.0034789948258548975,5.654375854646787e-06,0.002686139428988099,0.1850581355392933,0.014545581860961313,0.008809470804408193,0.024621307393264808,0.014794697519391775,1.5809049904346466,0.88298156298697
2470,0.0001653688861193958,0.0033186853397637606,0.0034772586077451706,5.6506969485781156e-06,0.0026843915693461895,0.18507345020771027,0.014546183735465647,0.008809848921373487,0.024622234405344036,0.014795314287766814,1.5810240507125854,0.8830487504601479
2471,0.0001648335196289933,0.0033169526141136885,0.0034755300730466843,5.647013495035935e-06,0.002682641614228487,0.18508872762322426,0.014546783959494256,0.008810226805508137,0.024623162564492807,0.014795930124819279,1.5811432600021362,0.8831159938126802
2472,0.00016429905870084705,0.0033152245450764894,0.003473804797977209,5.64335323360865e-06,0.00268090283498168,0.18510397523641586,0.014547383408524042,0.008810603059828281,0.024624088324806066,0.01479654386639595,1.581262081861496,0.8831830285489559
2473,0.00016376550392105952,0.0033135004341602325,0.0034720837138593197,5.639699338644277e-06,0.002679167315363884,0.18511924892663956,0.014547983583056265,0.008810979314148426,0.02462501080014369,0.014797153417021036,1.5813805758953094,0.8832499124109745
2474,0.00016323285587473862,0.0033117870334535837,0.0034703719429671764,5.636080004478572e-06,0.0026774476282298565,0.185134369879961,0.014548577231339519,0.008811352541670203,0.024625925854445667,0.014797760406509042,1.5814980566501617,0.8833162132650614
2475,0.0001627011151459981,0.003310074098408222,0.0034686620347201824,5.632447482639691e-06,0.002675721887499094,0.18514947593212128,0.014549170730376626,0.00881172576919198,0.02462683792026426,0.01479836623184383,1.5816152691841125,0.8833823725581169
2476,0.0001621702823179571,0.0033083693124353886,0.0034669607412070036,5.628826784231933e-06,0.0026740022003650665,0.18516456335783005,0.014549763705130402,0.008812099229544401,0.0246277502477427,0.014798970660194755,1.5817325413227081,0.8834485523402691
2477,0.00016164035797273875,0.0033066729083657265,0.0034652675967663527,5.6252310969284736e-06,0.0026722941547632217,0.18517959117889404,0.014550354155450508,0.008812470594421029,0.024628661655146232,0.014799572294577956,1.5818494856357574,0.8835145384073257
2478,0.00016111134269146984,0.0033049818594008684,0.0034635798074305058,5.621642230835278e-06,0.0026705891359597445,0.1851944886147976,0.014550939206451693,0.008812839863821864,0.024629567120512803,0.014800171833485365,1.5819658637046814,0.8835801761597395
2479,0.00016058323705428127,0.0033032954670488834,0.00346189527772367,5.618077011604328e-06,0.002668895525857806,0.18520935624837875,0.014551523358907087,0.008813207969069481,0.02463047018935486,0.014800769509747624,1.5820817947387695,0.8836455754935741
2480,0.00016005604164030476,0.00330161489546299,0.0034602168016135693,5.6145208873203956e-06,0.00266720587387681,0.1852242387831211,0.014552107987906748,0.008813576539978385,0.024631367612602473,0.014801365090534091,1.58219712972641,0.8837106842547655
2481,0.0001595297570276752,0.003299939911812544,0.003458544611930847,5.610972948488779e-06,0.002665520180016756,0.18523907288908958,0.01455269096850667,0.008813943481072783,0.02463226677545364,0.014801960904151201,1.5823125839233398,0.8837758284062147
2482,0.00015900438379352818,0.0032982700504362583,0.0034568780101835728,5.60742864763597e-06,0.0026638368144631386,0.1852538175880909,0.014553270176102953,0.008814307861030102,0.024633167973090245,0.014802554622292519,1.5824284553527832,0.883841136470437
2483,0.0001584799225139997,0.003296606009826064,0.003455215832218528,5.603912541118916e-06,0.0026621664874255657,0.18526851758360863,0.014553847235930438,0.008814672473818064,0.02463405939082388,0.014803145080804825,1.5825429260730743,0.8839057218283415
2484,0.00015795637376422574,0.0032949475571513176,0.003453559475019574,5.60040552954888e-06,0.0026605003513395786,0.18528318405151367,0.01455442339802923,0.008815036155283451,0.024634944278578395,0.014803735772147775,1.5826566517353058,0.8839699178934097
2485,0.00015743373811834228,0.0032932949252426624,0.003451909404247999,5.596903065452352e-06,0.002658836543560028,0.18529782444238663,0.01455499828758538,0.008815399138256907,0.024635827067165415,0.014804328791797161,1.5827699899673462,0.8840339072048664
2486,0.00015691201614948257,0.0032916509080678225,0.003450267482548952,5.59342379347072e-06,0.002657183911651373,0.18531232327222824,0.014555567905754007,0.008815759560093284,0.02463670952879021,0.014804919948801398,1.5828834176063538,0.884097870439291
2487,0.00015639120842977938,0.0032900110818445683,0.003448628820478916,5.589962711383123e-06,0.0026555396616458893,0.18532679975032806,0.014556136127030824,0.008816119050607085,0.02463759225412662,0.01480551017448306,1.5829969346523285,0.8841618672013283
2488,0.00015587131553036196,0.0032883768435567617,0.0034469985403120518,5.586489805864403e-06,0.002653889823704958,0.1853412687778473,0.014556704825962606,0.008816477842628956,0.02463847081351447,0.014806096907705069,1.5831097960472107,0.884225532412529
2489,0.00015535233802135655,0.0032867472618818283,0.003445371286943555,5.583040547207929e-06,0.0026522509288042784,0.18535571545362473,0.014557271878275461,0.008816836401820183,0.024639346683891027,0.014806683175265789,1.583222359418869,0.8842890374362469
2490,0.00015483427647188587,0.0032851258292794228,0.0034437517169862986,5.579610387940193e-06,0.0026506215799599886,0.1853700913488865,0.014557836534466885,0.008817193796858191,0.02464021395978528,0.014807265950366855,1.5833338499069214,0.8843519706279039
2491,0.00015431713145006774,0.003283507190644741,0.0034421347081661224,5.5761902331141755e-06,0.0026489971205592155,0.18538440018892288,0.014558398045149676,0.008817549562081695,0.02464108179570965,0.014807845000177622,1.5834453403949738,0.8844148702919483
2492,0.0001538009035230148,0.003281892742961645,0.0034405230544507504,5.572767804551404e-06,0.002647371031343937,0.1853986382484436,0.014558957285264575,0.008817902998998761,0.024641948420002197,0.014808424049988389,1.583556741476059,0.8844776898622513
2493,0.00015328559325683517,0.003280290402472019,0.0034389221109449863,5.569381755776703e-06,0.0026457621715962887,0.18541288003325462,0.014559516378963973,0.008818256435915828,0.024642815309074556,0.01480900077149272,1.5836681723594666,0.8845405261963606
2494,0.00015277120121662865,0.0032786866649985313,0.003437320003286004,5.565992069023196e-06,0.002644152147695422,0.18542706966400146,0.014560073577245406,0.008818608475849032,0.024643675376985055,0.01480957493185997,1.5837787091732025,0.884602889418602
2495,0.00015225772796648992,0.003277094103395939,0.0034357313998043537,5.562610567722004e-06,0.002642545383423567,0.18544118851423264,0.01456062800585008,0.008818958653137088,0.02464453157680993,0.014810146996751428,1.5838887393474579,0.8846649639308453
2496,0.00015174517406950513,0.003275502473115921,0.0034341393038630486,5.559262717724778e-06,0.0026409553829580545,0.18545524775981903,0.014561180164776241,0.008819306967779994,0.024645385975534097,0.014810716267675161,1.583998590707779,0.884726919233799
2497,0.00015123354008775248,0.0032739180605858564,0.0034325558226555586,5.555918505706359e-06,0.002639366779476404,0.18546927347779274,0.014561730553945058,0.008819655049592257,0.024646236802050345,0.014811284374445677,1.584107905626297,0.8847885895520449
2498,0.00015072282658230108,0.003272340865805745,0.0034309804905205965,5.552582479140256e-06,0.002637782134115696,0.18548326566815376,0.014562279673201345,0.008820001734420657,0.024647086713579017,0.0148118503857404,1.5842172503471375,0.8848502580076456
2499,0.00015021303411321172,0.0032707678619772196,0.0034294105134904385,5.549245997826802e-06,0.0026361967902630568,0.185497235506773,0.01456282802231408,0.008820347487926483,0.024647930987087667,0.014812412904575467,1.5843256711959839,0.8849114533513784
2500,0.00014970416323953323,0.0032691999804228544,0.003427842864766717,5.5459422583226115e-06,0.0026346275117248297,0.18551109731197357,0.014563371979222431,0.00882069137878716,0.024648774936492774,0.014812975656241179,1.5844341814517975,0.8849726393818855
2501,0.0001491962145193058,0.0032676381524652243,0.0034262831322848797,5.542638973565772e-06,0.002633058000355959,0.18552494421601295,0.014563915541123188,0.008821034338325262,0.02464961265832168,0.014813533751294017,1.584541916847229,0.885033430531621
2502,0.00014868918850955722,0.0032660826109349728,0.0034247287549078465,5.539353878702968e-06,0.0026314975693821907,0.18553870171308517,0.014564455960428725,0.008821375668048859,0.0246504568453172,0.01481409347616136,1.5846504271030426,0.8850945644080639
2503,0.00014818308576630365,0.0032645310275256634,0.0034231781028211117,5.536080152523937e-06,0.002629942260682583,0.1855524219572544,0.014564994611254163,0.008821716532111168,0.024651295100300393,0.014814650639891624,1.5847581923007965,0.8851553071290255
2504,0.00014767790684454865,0.00326298619620502,0.0034216358326375484,5.532808245334309e-06,0.0026283878833055496,0.18556612357497215,0.01456553199332828,0.008822055766358972,0.024652127719021606,0.014815203845500946,1.5848652720451355,0.8852156978100538
2505,0.0001471736522982831,0.003261446487158537,0.003420096356421709,5.529562713491032e-06,0.0026268460787832737,0.1855798028409481,0.014566068481427134,0.008822394534945488,0.024652950570157116,0.014815754489973187,1.5849710702896118,0.88527543656528
2506,0.00014667032268048357,0.003259910736232996,0.003418562700971961,5.52631445316365e-06,0.002625303342938423,0.18559344112873077,0.014566603825901595,0.008822731208056211,0.024653775754832942,0.014816304901614785,1.5850772559642792,0.885335348546505
2507,0.00014616791854311315,0.003258381737396121,0.003417034400627017,5.523088930203812e-06,0.0026237708516418934,0.1856069602072239,0.014567134655404265,0.008823067415505648,0.024654600616774384,0.014816854149103165,1.5851832628250122,0.885395111516118
2508,0.0001456664404371193,0.003256861586123705,0.0034155133180320263,5.5198952395585366e-06,0.0026222537271678448,0.1856205016374588,0.0145676659650235,0.008823402458801866,0.024655426041331058,0.014817401999607682,1.5852893888950348,0.8854549452662468
2509,0.0001451658889124345,0.0032553391065448523,0.003413993399590254,5.5166710808407515e-06,0.0026207221671938896,0.18563394621014595,0.014568193384595952,0.008823734940961003,0.024656245241241003,0.014817947521805763,1.5853947699069977,0.8855143580585718
2510,0.00014466626451797458,0.003253830596804619,0.0034124862868338823,5.513483756658388e-06,0.002619207603856921,0.18564732745289803,0.014568718787381597,0.008824066491797566,0.024657057626952233,0.014818488387390971,1.5854992270469666,0.8855732772499323
2511,0.0001441675678016391,0.003252318361774087,0.003410973586142063,5.51030416318099e-06,0.0026176972314715385,0.18566066399216652,0.014569241923895944,0.008824396878480911,0.024657868215439378,0.014819028321653605,1.5856033861637115,0.885632025077939
2512,0.00014366979931031007,0.0032508166041225195,0.0034094732254743576,5.507130026671803e-06,0.002616189420223236,0.18567398190498352,0.014569764042851843,0.008824727265164256,0.024658679957547783,0.014819568023085594,1.5857079327106476,0.8856909573078156
2513,0.0001431729595898516,0.0032493225298821926,0.003407979616895318,5.503980901266914e-06,0.0026146937161684036,0.1856873221695423,0.0145702877660489,0.008825056487694383,0.024659489312478477,0.014820105629041791,1.5858119428157806,0.8857496324926615
2514,0.00014267704918510967,0.0032478305511176586,0.003406491130590439,5.500812221725937e-06,0.002613188000395894,0.18570058420300484,0.01457080822463603,0.008825384313240647,0.02466029657551395,0.01482064020819962,1.5859158039093018,0.8858081940561533
2515,0.00014218206863991062,0.003246342297643423,0.0034050028771162033,5.497678557730978e-06,0.0026116997469216585,0.1857137456536293,0.0145713244202951,0.008825710508972406,0.024661094665951018,0.014821171993389726,1.586018443107605,0.8858660943806171
2516,0.0001416880184970613,0.0032448633573949337,0.0034035248681902885,5.494555807672441e-06,0.0026102159172296524,0.1857268586754799,0.014571838725232088,0.00882603577338159,0.024661892435532504,0.0148217030800879,1.5861211121082306,0.8859239853918552
2517,0.00014119489929834839,0.00324338860809803,0.0034020510502159595,5.491444426297676e-06,0.002608737675473094,0.18573996797204018,0.01457235301201761,0.008826360339298844,0.02466268899923307,0.014822232536971569,1.5862236022949219,0.885981785133481
2518,0.00014070271158453742,0.003241917584091425,0.003400580259039998,5.488347142090788e-06,0.002607266418635845,0.18575304374098778,0.014572866157271009,0.008826684206724167,0.024663487602271807,0.014822759665548801,1.586326241493225,0.8860396426171064
2519,0.0001402114558953724,0.003240454476326704,0.003399117384105921,5.4852653192938305e-06,0.0026058023795485497,0.1857660375535488,0.014573375539978596,0.008827006677165627,0.02466428381945473,0.014823284931480885,1.5864286124706268,0.8860973250120878
2520,0.00013972113276957597,0.003238994162529707,0.0033976573031395674,5.482188498717733e-06,0.0026043406687676907,0.18577896431088448,0.014573882658274001,0.008827327517792583,0.024665070866236035,0.01482380973175168,1.5865299105644226,0.8861544374376535
2521,0.0001392317427448471,0.0032375408336520195,0.003396204672753811,5.479123501572758e-06,0.0026028850115835667,0.18579189106822014,0.01457438975892414,0.00882764789275825,0.024665850808360725,0.014824334299191833,1.5866302847862244,0.8862110879272223
2522,0.0001387432863578621,0.0032360891345888376,0.00339475367218256,5.476061687659239e-06,0.0026014302857220173,0.18580476194620132,0.014574894345872629,0.008827965706586838,0.024666629840909105,0.014824854908511043,1.5867304503917694,0.8862676061689854
2523,0.0001382557641442734,0.0032346458174288273,0.0033933098893612623,5.4730289775761776e-06,0.002599989529699087,0.18581762164831161,0.014575398915352781,0.008828282821923494,0.024667412978327478,0.014825376914814115,1.5868311822414398,0.8863244019448757
2524,0.00013776917663870864,0.003233209252357483,0.003391874488443136,5.469995812745765e-06,0.0025985485408455133,0.18583038821816444,0.014575899598743162,0.008828599471598864,0.024668194321165845,0.014825897291302681,1.5869317948818207,0.8863810915499926
2525,0.00013728352437477064,0.003231773152947426,0.0033904388546943665,5.466969923872966e-06,0.0025971110444515944,0.1858431026339531,0.01457639839308507,0.008828914491459727,0.024668971804988973,0.01482641533948481,1.5870318114757538,0.8864374570548534
2526,0.00013679880788503723,0.0032303445041179657,0.0033890116028487682,5.4639494919683784e-06,0.0025956761091947556,0.18585580959916115,0.014576896296858715,0.008829229045659304,0.02466974395548946,0.014826931525021791,1.5871311128139496,0.8864934612065554
2527,0.00013631502770105865,0.003228920279070735,0.003387585747987032,5.4609654398518614e-06,0.002594258636236191,0.18586844950914383,0.01457739218712156,0.008829541504383087,0.024670511068093374,0.014827443286776543,1.5872298777103424,0.8865491636097431
2528,0.0001358321843533598,0.0032275028061121702,0.00338616780936718,5.45798411621945e-06,0.002592842560261488,0.18588101118803024,0.014577884816305934,0.008829853031784296,0.024671279926341844,0.014827955514192581,1.5873287916183472,0.8866049014031887
2529,0.0001353502783714374,0.003226093715056777,0.0033847596496343613,5.455010068544652e-06,0.002591429278254509,0.18589357286691666,0.014578377179297285,0.008830163860693574,0.024672045221747135,0.014828465413302183,1.5874272882938385,0.8866604305803776
2530,0.0001348693102837605,0.0032246846240013838,0.0033833496272563934,5.452051027532434e-06,0.002590023912489414,0.185906071215868,0.014578867529357956,0.008830473525449634,0.024672809608721247,0.014828973449766636,1.5875256955623627,0.8867158833891153
2531,0.00013438928061776934,0.003223280655220151,0.00338194752112031,5.449081982078496e-06,0.0025886131916195154,0.18591858446598053,0.014579358112456023,0.008830782724544406,0.024673568664017886,0.014829478692263365,1.5876233577728271,0.8867709711194038
2532,0.00013391018989987582,0.0032218846026808023,0.003380552399903536,5.44613430975005e-06,0.002587212948128581,0.18593106046319008,0.014579847556202275,0.008831090293824673,0.024674321503489888,0.0148299818392843,1.587720274925232,0.886825667694211
2533,0.000133432038655461,0.003220489015802741,0.0033791563473641872,5.443200279842131e-06,0.0025858194567263126,0.18594340980052948,0.014580331244725976,0.00883139530196786,0.024675076678958532,0.014830484753474593,1.5878174304962158,0.8868804201483727
2534,0.00013295482740887705,0.0032191011123359203,0.0033777677454054356,5.440284439828247e-06,0.002584434114396572,0.1859557144343853,0.014580813794434053,0.008831699844449759,0.024675829177560497,0.014830985106527805,1.5879141986370087,0.886934956535697
2535,0.00013247855668344386,0.00321772089228034,0.003376386594027281,5.437388608697802e-06,0.0025830583181232214,0.18596799299120903,0.014581295579683972,0.008832003688439727,0.024676580768657218,0.014831484062597156,1.5880109667778015,0.8869894798845053
2536,0.00013200322700145128,0.003216341370716691,0.0033750070724636316,5.434483227872988e-06,0.002581678330898285,0.18598023802042007,0.014581775103623214,0.008832306135445833,0.024677327619362203,0.014831980457529426,1.588107168674469,0.8870437033474445
2537,0.00013152883888415643,0.0032149720937013626,0.0033736382611095905,5.43159603694221e-06,0.00258030672557652,0.18599245697259903,0.014582254112834033,0.008832607651129365,0.024678071204280585,0.014832476153969765,1.5882028937339783,0.8870976753532887
2538,0.00013105539285178386,0.003213603049516678,0.003372268984094262,5.428717486211099e-06,0.002578939078375697,0.18600459769368172,0.014582730112650131,0.008832908468320966,0.024678810934055363,0.01483296905644238,1.5882980227470398,0.8871513102203608
2539,0.0001305828894235252,0.0032122405245900154,0.0033709057606756687,5.425853942142567e-06,0.0025775788817554712,0.1860167309641838,0.014583205473270503,0.008833208121359348,0.024679548283119704,0.014833459630608559,1.5883929133415222,0.887204822152853
2540,0.00013011132911753891,0.003210884751752019,0.0033695497550070286,5.423001312010456e-06,0.0025762240402400494,0.18602878600358963,0.0145836783238415,0.008833507308736444,0.02468028619977194,0.014833948807790875,1.5884878933429718,0.8872583396732807
2541,0.0001296407124509478,0.0032095329370349646,0.003368197940289974,5.420158231572714e-06,0.0025748731568455696,0.18604085221886635,0.014584151159081632,0.008833804866299033,0.024681019082767045,0.014834436122328043,1.588582307100296,0.8873115796595812
2542,0.0001291710399398415,0.0032081855461001396,0.003366850782185793,5.41731969860848e-06,0.0025735246017575264,0.186052855104208,0.014584621858757946,0.008834100561216474,0.024681751649209452,0.01483492273837328,1.5886766016483307,0.8873647283762693
2543,0.0001287023120992733,0.003206842578947544,0.0033655071165412664,5.414497081801528e-06,0.0025721839629113674,0.18606481328606606,0.014585090298361527,0.008834396256133914,0.02468248036174035,0.014835407491773367,1.5887704491615295,0.8874176312237978
2544,0.00012823452944326057,0.0032055063638836145,0.0033641697373241186,5.411696292867418e-06,0.002570853102952242,0.18607670441269875,0.01458555672753351,0.008834690088406205,0.024683205515474684,0.014835890615358949,1.588863730430603,0.8874702174216509
2545,0.0001277676924847845,0.0032041724771261215,0.003362836316227913,5.408883680502186e-06,0.002569517120718956,0.18608856573700905,0.014586021645297625,0.008834983222186565,0.024683930058375856,0.014836371876299381,1.588957041501999,0.887522803619504
2546,0.0001273018017357891,0.0032028439454734325,0.0033615054562687874,5.406106538430322e-06,0.002568197902292013,0.18610037863254547,0.01458648405416835,0.008835275424644351,0.024684651632447038,0.01483685220591724,1.5890499651432037,0.8875751718878746
2547,0.00012683685770718033,0.0032015196047723293,0.003360182046890259,5.403310296969721e-06,0.002566869603469968,0.1861121580004692,0.014586946074281204,0.008835566230118275,0.024685370532696326,0.014837330905720592,1.5891425609588623,0.8876273594796658
2548,0.00012637286090882706,0.0032002017833292484,0.003358862828463316,5.400548616307788e-06,0.0025655573699623346,0.18612388148903847,0.01458740571053917,0.008835855638608336,0.02468608705409653,0.01483780681155622,1.5892347693443298,0.8876793254166842
2549,0.00012590981184955788,0.003198890248313546,0.00335755106061697,5.3977892093826085e-06,0.002564246766269207,0.18613556027412415,0.014587863212551521,0.00883614388294518,0.024686797954817128,0.014838279690593481,1.5893263518810272,0.8877309560775757
2550,0.00012544771103716333,0.003197582671418786,0.003356241388246417,5.395054358814377e-06,0.0025629475712776184,0.18614721298217773,0.014588319453335575,0.008836431195959449,0.024687509129788877,0.014838752336800098,1.5894178450107574,0.8877825289964676
2551,0.0001249865589783934,0.0031962781213223934,0.0033549366053193808,5.392308594309725e-06,0.002561642788350582,0.18615880608558655,0.01458877393427292,0.008836717810481787,0.024688217042423046,0.014839223120361567,1.589508980512619,0.8878338932991028
2552,0.00012452635617895807,0.0031949819531291723,0.0033536406699568033,5.389580110204406e-06,0.0025603468529880047,0.18617038056254387,0.014589227528290222,0.008837003028020263,0.024688925524169673,0.01483969297260046,1.589600145816803,0.8878852631896734
2553,0.0001240671031435258,0.0031936850864440203,0.003352342639118433,5.386859811551403e-06,0.0025590541772544384,0.18618189170956612,0.014589678240647011,0.008837286848574877,0.024689626618163447,0.014840159565210342,1.5896905660629272,0.8879362288862467
2554,0.0001236088003757244,0.0031923947390168905,0.0033510515931993723,5.384149062592769e-06,0.0025577666237950325,0.18619338423013687,0.01459012868973536,0.008837570203468204,0.024690324155986095,0.014840623596683145,1.589780330657959,0.8879868574440479
2555,0.00012315144837813838,0.0031911111436784267,0.0033497668337076902,5.381458322517574e-06,0.002556488150730729,0.18620479106903076,0.014590575758860275,0.008837852394208312,0.024691019611340667,0.014841085532680154,1.5898698568344116,0.8880373239517212
2556,0.00012269504765231078,0.0031898338347673416,0.003348488826304674,5.378774858399993e-06,0.0025552138686180115,0.18621617555618286,0.014591021442972266,0.008838133187964559,0.02469171652046744,0.01484154723584652,1.5899595618247986,0.8880878686904907
2557,0.00012223959869874076,0.0031885583885014057,0.0033472112845629454,5.376105491450289e-06,0.002553945640102029,0.18622754514217377,0.01459146723813238,0.008838413516059518,0.0246924137045886,0.014842008473351598,1.5900494456291199,0.8881384953856468
2558,0.00012178510201688405,0.003187288763001561,0.003345942124724388,5.373430212785024e-06,0.0025526746176183224,0.186238881200552,0.01459191114981251,0.008838692680001259,0.024693108217127065,0.014842467615380883,1.5901388227939606,0.8881888519972563
2559,0.00012133155810515186,0.0031860237941145897,0.0033446752931922674,5.370783128455514e-06,0.002551416866481304,0.18625016510486603,0.01459235342749175,0.008838971378281713,0.024693796227895103,0.014842924661934376,1.590227484703064,0.888238824903965
2560,0.00012087896746091083,0.003184763016179204,0.0033434145152568817,5.3681296776630916e-06,0.0025501565542072058,0.1862613670527935,0.01459279207692114,0.008839248213917017,0.024694483040938593,0.014843381009995937,1.5903159379959106,0.8882886525243521
2561,0.00012042733058048168,0.0031835054978728294,0.0033421549014747143,5.365500328480266e-06,0.0025489076506346464,0.18627256900072098,0.014593231087103737,0.008839524583891034,0.024695164236894877,0.014843834098428488,1.59040367603302,0.8883381225168705
2562,0.00011997664795914025,0.003182255197316408,0.003340903203934431,5.362881893233862e-06,0.002547663636505604,0.18628369644284248,0.01459366659409358,0.008839797927066684,0.024695843940947707,0.01484428602270782,1.590491235256195,0.8883874658495188
2563,0.00011952692009111493,0.0031810104846954346,0.0033396584913134575,5.360260729503352e-06,0.002546418458223343,0.1862947829067707,0.014594101090977973,0.008840071503072977,0.024696523037064246,0.01484473655000329,1.5905787348747253,0.888436758890748
2564,0.00011907814746958761,0.0031797687988728285,0.0033384161069989204,5.357651389203966e-06,0.0025451788678765297,0.18630585446953773,0.014594534328577186,0.008840343449264765,0.024697201230688075,0.014845186611637473,1.5906660854816437,0.8884859699755907
2565,0.00011863033058669244,0.003178531536832452,0.0033371765166521072,5.355067060008878e-06,0.0025439513847231865,0.18631687387824059,0.014594966182372075,0.008840615395456553,0.024697874102915865,0.01484563434496522,1.5907526910305023,0.8885347824543715
2566,0.00011818346993351551,0.00317730032838881,0.0033359434455633163,5.352490006771404e-06,0.0025427271611988544,0.18632784485816956,0.014595395904719794,0.008840885944664478,0.02469854371631648,0.014846079284325242,1.590838998556137,0.8885834217071533
2567,0.00011773756600009425,0.0031760740093886852,0.0033347168937325478,5.3499138630286325e-06,0.0025415029376745224,0.18633881211280823,0.014595825614415862,0.008841155795380473,0.024699212427815684,0.01484652329236269,1.5909251868724823,0.8886319994926453
2568,0.00011729261927541692,0.003174849320203066,0.0033334901090711355,5.347352271201089e-06,0.0025402861647307873,0.18634970113635063,0.014596252195954099,0.008841423783451319,0.024699879942912114,0.014846965670585632,1.5910112261772156,0.8886804636567831
2569,0.00011684863024742248,0.003173631150275469,0.0033322705421596766,5.344796591089107e-06,0.002539072185754776,0.18636059015989304,0.014596678515792348,0.008841691305860877,0.024700544199736007,0.014847405720502138,1.591096818447113,0.888728704303503
2570,0.00011640559940299922,0.0031724178697913885,0.0033310563303530216,5.3422518249135464e-06,0.002537863329052925,0.18637144193053246,0.014597103078597125,0.008841958362609148,0.02470120902781446,0.01484784483909607,1.5911823511123657,0.8887768965214491
2571,0.00011596352722798471,0.003171208081766963,0.0033298449125140905,5.339720701158512e-06,0.002536660758778453,0.1863822117447853,0.014597525136865129,0.0088422242552042,0.024701868536084044,0.014848281862214208,1.5912673771381378,0.8888247944414616
2572,0.00011552241420716535,0.0031700064428150654,0.003328641876578331,5.3372004913399e-06,0.0025354635436087847,0.18639295175671577,0.014597945936872107,0.008842488750815392,0.02470252360860013,0.01484871655702591,1.5913517475128174,0.8888723496347666
2573,0.00011508226082427557,0.003168803872540593,0.0033274367451667786,5.334691650205059e-06,0.0025342716835439205,0.18640366941690445,0.014598365229522335,0.008842752780765295,0.024703176601998132,0.01484914985485375,1.5914358794689178,0.8889197744429111
2574,0.0001146430675619975,0.003167609218508005,0.0033262413926422596,5.332181899575517e-06,0.0025330791249871254,0.18641428649425507,0.014598781270563773,0.008843014016747475,0.024703827516442928,0.014849580591544509,1.5915197730064392,0.8889670297503471
2575,0.00011420483490196052,0.0031664185225963593,0.0033250506967306137,5.329678060661536e-06,0.0025318898260593414,0.1864248886704445,0.014599196427582882,0.008843275718390942,0.024704481947974546,0.014850012492388487,1.5916040241718292,0.8890144564211369
2576,0.00011376756332474053,0.003165233414620161,0.0033238627947866917,5.327204689820064e-06,0.002530714962631464,0.18643546476960182,0.014599610700655083,0.008843535324558616,0.024705126937786624,0.014850439503788948,1.591687262058258,0.8890613634139299
2577,0.00011333125330985919,0.003164052963256836,0.003322681412100792,5.3247281357471365e-06,0.0025295382365584373,0.18644601851701736,0.014600023716091282,0.00884379493072629,0.024705771910760052,0.014850866282358766,1.5917702615261078,0.8891081400215626
2578,0.0001128959053357842,0.0031628727447241545,0.0033214986324310303,5.3222652240947355e-06,0.0025283684954047203,0.18645651638507843,0.014600434726490596,0.008844053372740746,0.024706413921929224,0.014851290499791503,1.5918530523777008,0.8891547843813896
2579,0.00011246151987992777,0.003161701140925288,0.003320325631648302,5.319813226378756e-06,0.0025272034108638763,0.1864670179784298,0.01460084584990116,0.00884431111626327,0.02470705444397045,0.01485171471722424,1.5919354856014252,0.8892012517899275
2580,0.00011202809741864674,0.003160529537126422,0.003319152630865574,5.317356681189267e-06,0.002526036463677883,0.1864774078130722,0.014601253099830038,0.008844566764310002,0.02470769406596245,0.014852138003334403,1.592017948627472,0.8892476782202721
2581,0.00011159563842724245,0.0031593679450452328,0.0033179898746311665,5.314920599630568e-06,0.002524879528209567,0.18648779019713402,0.014601659341807226,0.008844822412356734,0.02470833131560588,0.014852558495476842,1.5921001434326172,0.8892939668148756
2582,0.00011116414337995862,0.0031582096125930548,0.0033168289810419083,5.3125040722079575e-06,0.00252373144030571,0.18649813160300255,0.014602063953063335,0.00884507643058896,0.02470896442628649,0.01485297828912735,1.5921817421913147,0.8893399368971586
2583,0.00011073361274998291,0.0031570547726005316,0.0033156718127429485,5.310093911248259e-06,0.00252258637920022,0.18650848045945168,0.014602468926810065,0.008845331612974405,0.024709595753992834,0.014853395987302065,1.592263013124466,0.8893857467919588
2584,0.00011030404700944472,0.0031559031922370195,0.003314519766718149,5.3076737458468415e-06,0.0025214366614818573,0.18651873618364334,0.014602870526102995,0.008845583535730839,0.024710223237702496,0.014853812521323562,1.592343956232071,0.8894313462078571
2585,0.0001098754466294157,0.0031547595281153917,0.0033133747056126595,5.305278136802372e-06,0.002520298585295677,0.18652895838022232,0.014603270744187234,0.008845835691317916,0.02471085217769756,0.014854227425530553,1.5924249589443207,0.8894769586622715
2586,0.00010944781207990843,0.003153617260977626,0.003312229411676526,5.302897989167832e-06,0.002519167959690094,0.1865391805768013,0.014603670577632375,0.008846086682751775,0.024711474624085326,0.014854640699923038,1.5925051271915436,0.8895221538841724
2587,0.00010902114382987711,0.0031524805817753077,0.003311093430966139,5.300498287397204e-06,0.0025180280208587646,0.1865493394434452,0.014604068282719599,0.008846336510032415,0.024712096760365974,0.01485505304299295,1.592585414648056,0.8895673770457506
2588,0.0001085954423472153,0.0031513473950326443,0.0033099574502557516,5.298139967635507e-06,0.0025169076398015022,0.18655944615602493,0.014604464357823711,0.008846585405990481,0.024712716525611793,0.01485546282492578,1.592665284872055,0.88961236551404
2589,0.00010817070809875735,0.003150216769427061,0.0033088242635130882,5.295779374137055e-06,0.0025157860945910215,0.1865694858133793,0.014604856810327319,0.00884683197364211,0.024713335097658128,0.01485587377101183,1.5927450060844421,0.8896572459489107
2590,0.00010774694155027584,0.003149093594402075,0.003307698294520378,5.293437880027341e-06,0.002514673862606287,0.18657951056957245,0.014605249376829011,0.008847078774124384,0.024713948354897923,0.014856281224638224,1.5928240418434143,0.8897017762064934
2591,0.00010732414316648326,0.003147973446175456,0.003306575585156679,5.291104116622591e-06,0.0025135651230812073,0.1865895316004753,0.014605641808239218,0.00884732510894537,0.024714558358524534,0.014856686815619469,1.5929026901721954,0.8897461108863354
2592,0.00010690231341102966,0.003146860282868147,0.003305461024865508,5.288770807965193e-06,0.002512456849217415,0.1865994818508625,0.014606031115684244,0.008847569581121206,0.024715167463918233,0.014857090543955564,1.592981219291687,0.8897903505712748
2593,0.00010648145274650324,0.0031457501463592052,0.0033043480943888426,5.286456143949181e-06,0.0025113574229180813,0.1866094060242176,0.014606419042883866,0.008847813121974468,0.024715776259915744,0.01485749357379973,1.5930597186088562,0.8898345623165369
2594,0.00010606156163442901,0.0031446442008018494,0.003303241916000843,5.284131475491449e-06,0.002510253107175231,0.18661927059292793,0.014606805589948051,0.008848054800182581,0.024716383569028274,0.014857894275337458,1.5931379795074463,0.8898786250501871
2595,0.00010564264053526956,0.0031435415148735046,0.0033021357376128435,5.281840003590332e-06,0.0025091643910855055,0.18662912026047707,0.014607190881513351,0.00884829624556005,0.024716986447658185,0.014858294045552611,1.5932157635688782,0.8899224419146776
2596,0.00010522468990842255,0.003142442787066102,0.0033010351471602917,5.279541255731601e-06,0.002508072415366769,0.1866389513015747,0.014607575664821343,0.008848537690937519,0.024717584307402438,0.014858691720291972,1.5932927131652832,0.889965832233429
2597,0.00010480771021222276,0.00314134918153286,0.0032999394461512566,5.2772575145354494e-06,0.002506987191736698,0.18664873391389847,0.014607958570187434,0.008848777506500483,0.02471818068090368,0.014859089627861977,1.5933696329593658,0.8900091834366322
2598,0.0001043917019039392,0.0031402609311044216,0.0032988484017550945,5.274991963233333e-06,0.00250591104850173,0.18665847554802895,0.014608339722276485,0.008849016390740871,0.02471878057220937,0.014859486604109406,1.593446969985962,0.8900527227669954
2599,0.00010397666543977604,0.0031391761731356382,0.003297762479633093,5.272716862236848e-06,0.0025048304814845324,0.18666816875338554,0.014608719245739683,0.008849254343658686,0.024719379271587905,0.014859880786389112,1.5935241281986237,0.8900961484760046
2600,0.00010356260127487175,0.003138092579320073,0.0032966770231723785,5.270451765682083e-06,0.002503754338249564,0.18667779862880707,0.014609095646575077,0.008849490201100707,0.02471997442444473,0.014860274270176888,1.5936008989810944,0.8901393488049507
2601,0.00010314950986329827,0.003137015737593174,0.00329559831880033,5.268201675789896e-06,0.0025026851799339056,0.1866874173283577,0.014609472535742962,0.008849726058542728,0.024720564265067236,0.014860664494335651,1.5936769247055054,0.8901821710169315
2602,0.00010273739165806097,0.0031359433196485043,0.003294524271041155,5.265958861855324e-06,0.0025016197469085455,0.18669698387384415,0.014609846302579874,0.008849960751831532,0.024721150265441513,0.01486105378717184,1.5937525629997253,0.8902247734367847
2603,0.0001023262471110983,0.0031348776537925005,0.0032934551127254963,5.263744242256507e-06,0.0025005675852298737,0.1867065168917179,0.014610219561850208,0.008850194048136473,0.024721728011126817,0.014861439121887088,1.5938271284103394,0.8902668226510286
2604,0.00010191607667328041,0.0031338115222752094,0.0032923854887485504,5.261526439426234e-06,0.0024995142593979836,0.18671602755784988,0.014610591442106895,0.008850426645949483,0.024722310157921205,0.014861824456602335,1.5939021706581116,0.8903090991079807
2605,0.00010150688079440956,0.0031327521428465843,0.003291325643658638,5.2593013606383465e-06,0.002498457208275795,0.18672548606991768,0.014610961943455235,0.00885065901093185,0.02472289287960869,0.014862208859995008,1.5939772129058838,0.8903513494879007
2606,0.00010109865992321926,0.0031316950917243958,0.0032902657985687256,5.257101292954758e-06,0.0024974122643470764,0.18673493340611458,0.014611331314983511,0.00885088974609971,0.024723476470442096,0.014862593030557036,1.5940524637699127,0.8903936985880136
2607,0.00010069141450737352,0.003130642930045724,0.003289211541414261,5.2549034990079235e-06,0.002496368018910289,0.1867443472146988,0.014611699805754524,0.008851120248436928,0.024724052690336208,0.014862975105643272,1.59412682056427,0.8904355838894844
2608,0.00010028514499346718,0.0031296019442379475,0.003288168227300048,5.2527329899021424e-06,0.0024953370448201895,0.18675371631979942,0.01461206641995148,0.008851350285112858,0.024724625659723762,0.01486335531808436,1.594200611114502,0.8904771637171507
2609,9.987985182702414e-05,0.0031285544391721487,0.0032871169969439507,5.2505579333228525e-06,0.0024943039752542973,0.18676304444670677,0.014612431282197951,0.008851578459143639,0.024725197733014688,0.014863734133541584,1.5942744016647339,0.8905187230557203
2610,9.947553545249855e-05,0.0031275153160095215,0.0032860764767974615,5.248382421996212e-06,0.002493270207196474,0.18677232041954994,0.014612794143666704,0.00885180733166635,0.024725767144674025,0.014864110387861729,1.594347894191742,0.8905601073056459
2611,9.907219631327262e-05,0.003126478288322687,0.0032850359566509724,5.246230102784466e-06,0.0024922476150095463,0.18678154051303864,0.014613154631078304,0.0088520348072052,0.024726335071923462,0.01486448454670608,1.594421148300171,0.8906013444066048
2612,9.866983485165715e-05,0.003125447779893875,0.003284003585577011,5.244074600341264e-06,0.0024912236258387566,0.18679078295826912,0.014613515856435898,0.008852262981235981,0.024726901220612576,0.01486485917121172,1.5944942235946655,0.8906425032764673
2613,9.826845150889118e-05,0.003124423325061798,0.003282977733761072,5.241931376076536e-06,0.0024902052246034145,0.18679998070001602,0.014613876201574652,0.008852490223944187,0.024727463825387517,0.014865229837596416,1.5945666134357452,0.8906832970678806
2614,9.786804672514023e-05,0.0031234007328748703,0.0032819523476064205,5.239800884737633e-06,0.002489193342626095,0.18680911511182785,0.014614233177220375,0.008852715604007244,0.0247280258288836,0.0148656009696424,1.5946391820907593,0.8907241486012936
2615,9.746862093949733e-05,0.0031223827973008156,0.003280932316556573,5.2376767598616425e-06,0.0024881840217858553,0.1868182197213173,0.014614589521826928,0.00885294028557837,0.024728581934953652,0.014865969773381948,1.5947108268737793,0.8907645232975483
2616,9.707017458998212e-05,0.0031213685870170593,0.003279914613813162,5.2355699153849855e-06,0.0024871835485100746,0.18682728707790375,0.014614944488674982,0.008853163802996278,0.02472913891119631,0.014866337180137634,1.5947827100753784,0.8908049985766411
2617,9.66727081135398e-05,0.003120359033346176,0.0032789036631584167,5.233458068687469e-06,0.00248618028126657,0.18683632463216782,0.0146152977044912,0.008853386389091611,0.02472969469801659,0.014866704121232033,1.5948544442653656,0.8908453844487667
2618,9.627622194604116e-05,0.003119351575151086,0.003277893178164959,5.231363502389286e-06,0.00248518493026495,0.186845313757658,0.014615649169402535,0.008853608276695013,0.02473024958970755,0.014867068268358707,1.5949260592460632,0.8908856865018606
2619,9.58807165222814e-05,0.0031183497048914433,0.003276888746768236,5.229275302554015e-06,0.0024841930717229843,0.1868542730808258,0.014615999505794975,0.00885382923297584,0.024730800350060207,0.014867431251332164,1.5949971377849579,0.8909257054328918
2620,9.548619227598126e-05,0.0031173506285995245,0.0032758875750005245,5.227190285950201e-06,0.0024832026101648808,0.18686319142580032,0.01461634858930071,0.008854050189256668,0.024731348450349577,0.01486779423430562,1.5950677394866943,0.8909654654562473
2621,9.509264963978449e-05,0.0031163592357188463,0.003274892922490835,5.225128916208632e-06,0.0024822233244776726,0.18687213584780693,0.014616698162253403,0.008854270214214921,0.024731891831399296,0.014868154656141996,1.5951378047466278,0.8910049702972174
2622,9.470008904525936e-05,0.003115367377176881,0.0032738992013037205,5.223058451520046e-06,0.002481239615008235,0.18688098713755608,0.014617044366884276,0.008854488609358668,0.024732435200510727,0.014868514379486442,1.595207929611206,0.8910444583743811
2623,9.430851092289643e-05,0.0031143815722316504,0.0032729103695601225,5.221007540967548e-06,0.002480265451595187,0.18688981607556343,0.01461738956779473,0.008854705607518554,0.024732978557684655,0.014868872705847025,1.5952779948711395,0.8910839054733515
2624,9.391791570210932e-05,0.003113397164270282,0.0032719234004616737,5.218958904151805e-06,0.002479292219504714,0.1868985891342163,0.014617732769558491,0.008854922372847795,0.024733519843704192,0.01486922986805439,1.595347821712494,0.8911232054233551
2625,9.352830381123306e-05,0.0031124220695346594,0.00327094504609704,5.216932549956255e-06,0.0024783294647932053,0.1869073510169983,0.014618075216659041,0.008855138206854463,0.024734059941207958,0.01486958609893918,1.5954176187515259,0.8911624848842621
2626,9.313967567752537e-05,0.003111448837444186,0.0032699699513614178,5.214900284045143e-06,0.0024773641489446163,0.186916071921587,0.01461841653585535,0.008855353808030486,0.024734591790405623,0.01486993720754981,1.5954861640930176,0.8912011180073023
2627,9.275203172716427e-05,0.0031104767695069313,0.003268994390964508,5.212884843786014e-06,0.0024764067493379116,0.1869247443974018,0.01461875523408481,0.00885556754656136,0.024735125098941994,0.014870289945974946,1.5955549478530884,0.8912398461252451
2628,9.236537238524939e-05,0.0031095114536583424,0.0032680253498256207,5.210882591200061e-06,0.0024754556361585855,0.18693343177437782,0.01461909479544635,0.008855781750753522,0.024735657807682998,0.014870640821754932,1.5956235826015472,0.8912785071879625
2629,9.197969807579984e-05,0.003108551260083914,0.00326706375926733,5.208873517403845e-06,0.0024745012633502483,0.18694202974438667,0.014619431113930602,0.00885599385946989,0.02473618726938733,0.0148709905333817,1.5956920087337494,0.891317019239068
2630,9.159500922175454e-05,0.0031075896695256233,0.0032660984434187412,5.206878995522857e-06,0.002473553642630577,0.18695060908794403,0.014619766926998613,0.008856206433847547,0.02473671642562318,0.014871338149532676,1.5957602858543396,0.8913554474711418
2631,9.121130624497216e-05,0.0031066355295479298,0.0032651417423039675,5.204893568588886e-06,0.002472610678523779,0.1869591325521469,0.014620100119595894,0.008856416214257479,0.024737242923372735,0.01487168506719172,1.5958281457424164,0.8913936391472816
2632,9.082858956623022e-05,0.0031056825537234545,0.003264186903834343,5.2029026846867055e-06,0.0024716644547879696,0.1869676671922207,0.014620433802256638,0.008856627391651273,0.024737764703941414,0.014872029889374971,1.5958954691886902,0.8914315681904554
2633,9.044685960522411e-05,0.0031047398224473,0.003263239748775959,5.200954092288157e-06,0.002470739185810089,0.1869761310517788,0.0146207646158406,0.008856837404891849,0.02473828382644899,0.014872372383251786,1.5959625244140625,0.8914693277329206
2634,9.006611678056809e-05,0.00310379546135664,0.0032622944563627243,5.19897548656445e-06,0.0024697992485016584,0.1869845651090145,0.01462109442667115,0.008857046253979206,0.024738801173396305,0.01487271348014474,1.5960291922092438,0.8915068786591291
2635,8.968636150979311e-05,0.0031028559897094965,0.003261351492255926,5.197025529923849e-06,0.0024688728153705597,0.18699296936392784,0.014621422861598829,0.008857255103066564,0.024739319097734917,0.014873053878545761,1.596096009016037,0.8915444891899824
2636,8.930759420934726e-05,0.003101922571659088,0.0032604155130684376,5.19508193974616e-06,0.0024679494090378284,0.1870013102889061,0.014621749174298397,0.008857461623847485,0.024739833482044414,0.014873392414301634,1.5961624085903168,0.8915818594396114
2637,8.892981529459512e-05,0.0031009868253022432,0.003259476274251938,5.193144261284033e-06,0.002467028796672821,0.18700967729091644,0.01462207635051734,0.00885766907595098,0.024740349032030273,0.014873730950057507,1.5962289571762085,0.8916193172335625
2638,8.855302517981806e-05,0.0031000622548162937,0.0032585500739514828,5.191210220800713e-06,0.002466110046952963,0.187017984688282,0.014622401280261824,0.008857875131070614,0.024740860748146548,0.014874067157506943,1.5962949395179749,0.8916564621031284
2639,8.817722427821234e-05,0.003099137917160988,0.003257621545344591,5.1893002819269896e-06,0.0024652027059346437,0.1870262548327446,0.014622724088076307,0.00885808002203703,0.024741366866147203,0.01487440150231123,1.5963602662086487,0.8916932605206966
2640,8.780241300189006e-05,0.0030982207972556353,0.0032567025627940893,5.1873857955797575e-06,0.0024642932694405317,0.187034510076046,0.014623047013156672,0.008858285378664732,0.02474187267972009,0.014874734217301011,1.596425622701645,0.8917300663888454
2641,8.74285917618774e-05,0.0030973018147051334,0.0032557817175984383,5.185466761759017e-06,0.002463381737470627,0.1870426945388317,0.014623367070153881,0.008858488406985998,0.024742378482952528,0.014875066932290792,1.5964908599853516,0.8917667772620916
2642,8.705576096811523e-05,0.003096391446888447,0.003254867624491453,5.183582288736943e-06,0.0024624867364764214,0.18705086037516594,0.014623686125054144,0.008858691435307264,0.024742881335218677,0.014875396154820919,1.596555769443512,0.891803314909339
2643,8.66839210294582e-05,0.003095481311902404,0.0032539558596909046,5.181680080568185e-06,0.002461582887917757,0.18705899268388748,0.014624003929155421,0.008858892833814025,0.024743383295095428,0.014875724678859115,1.5966204702854156,0.8918397314846516
2644,8.631307235367462e-05,0.0030945781618356705,0.0032530478201806545,5.179819254408358e-06,0.002460699062794447,0.18706706911325455,0.014624319985014757,0.008859093533828855,0.02474388201023103,0.01487605250440538,1.5966848731040955,0.891875971108675
2645,8.594321534744521e-05,0.00309367454610765,0.003252140711992979,5.1779456953227054e-06,0.0024598087184131145,0.1870751455426216,0.014624635660908426,0.00885929400101304,0.024744377186776786,0.014876378932967782,1.5967487692832947,0.8919119574129581
2646,8.557435041636406e-05,0.0030927779152989388,0.003251241520047188,5.176082595426124e-06,0.002458923729136586,0.1870831921696663,0.01462494996185491,0.008859493769705296,0.02474487088321836,0.014876703498885036,1.596812516450882,0.8919478543102741
2647,8.520647796493633e-05,0.0030918847769498825,0.0032503465190529823,5.174217221792787e-06,0.002458037342876196,0.1870911866426468,0.014625262639196637,0.008859692607074976,0.024745364569810167,0.01487702620215714,1.5968762040138245,0.8919836953282356
2648,8.483959839657936e-05,0.0030909955967217684,0.003249453380703926,5.172379133000504e-06,0.0024571644607931376,0.1870991662144661,0.014625574563630967,0.008859890745952725,0.024745853836143063,0.014877349138259888,1.5969394743442535,0.8920193202793598
2649,8.447371211362138e-05,0.00309010804630816,0.0032485639676451683,5.170525582798291e-06,0.002456283662468195,0.18710709363222122,0.014625884118424432,0.0088600879535079,0.024746342504759482,0.014877669280394912,1.5970024168491364,0.8920547552406788
2650,8.410881951730203e-05,0.003089228179305792,0.0032476806081831455,5.168702045921236e-06,0.0024554175324738026,0.18711503222584724,0.014626194039761927,0.008860283996909857,0.02474682881160036,0.01487798779271543,1.5970651805400848,0.892090106382966
2651,8.374492100777064e-05,0.003088348777964711,0.0032467986457049847,5.166874416318024e-06,0.0024545490741729736,0.1871228739619255,0.014626501094193443,0.008860478177666664,0.024747312756804918,0.014878305839374661,1.5971276462078094,0.8921252600848675
2652,8.338201698408613e-05,0.0030874719377607107,0.003245919942855835,5.1650440582307056e-06,0.0024536801502108574,0.18713071569800377,0.01462680727165929,0.00886067352257669,0.02474779551652883,0.014878623187541962,1.5971900522708893,0.8921603839844465
2653,8.302010784421777e-05,0.0030866030137985945,0.003245046827942133,5.16325098942616e-06,0.0024528279900550842,0.18713852018117905,0.014627112199142388,0.008860867004841566,0.02474827767883856,0.014878938440233469,1.5972521901130676,0.8921953551471233
2654,8.2659193985043e-05,0.0030857340898364782,0.003244175808504224,5.161438821232878e-06,0.002451967215165496,0.18714629858732224,0.014627416249785311,0.008861060719937086,0.024748754539883403,0.01487925206311047,1.597313791513443,0.8922300450503826
2655,8.229927580234821e-05,0.0030848700553178787,0.003243309212848544,5.159642114449525e-06,0.002451113425195217,0.18715403601527214,0.014627718926233846,0.008861252572387457,0.02474922933382963,0.01487956428900361,1.597375065088272,0.8922645505517721
2656,8.194035369082796e-05,0.003084009513258934,0.003242444945499301,5.1578626880655065e-06,0.0024502682499587536,0.18716176599264145,0.01462802072597194,0.008861443493515253,0.024749706764501757,0.014879876747727394,1.5974367260932922,0.8922992460429668
2657,8.158242804408425e-05,0.0030831529293209314,0.0032415844034403563,5.156092811375856e-06,0.002449427265673876,0.1871694140136242,0.014628319783847212,0.008861633948981762,0.024750181246205098,0.014880190836265683,1.5974979996681213,0.8923337068408728
2658,8.12254992546263e-05,0.00308229960501194,0.0032407273538410664,5.154323844180908e-06,0.0024485872127115726,0.18717706948518753,0.014628618711264162,0.008861823240295053,0.02475065013337613,0.014880501432344317,1.597558468580246,0.8923677690327168
2659,8.086956771387042e-05,0.0030814497731626034,0.003239875193685293,5.152554422238609e-06,0.002447746694087982,0.1871846653521061,0.01462891576744217,0.008862012065947056,0.024751119893558892,0.01488081132993102,1.5976190865039825,0.8924018759280443
2660,8.051463381213917e-05,0.003080605063587427,0.003239027690142393,5.150800006958889e-06,0.0024469131603837013,0.18719225749373436,0.014629212444569661,0.008862200425937772,0.024751585823356122,0.014881119597703218,1.5976792871952057,0.89243577234447
2661,8.016069793866094e-05,0.003079761750996113,0.0032381813507527113,5.14905150339473e-06,0.0024460824206471443,0.18719980865716934,0.014629507250625479,0.008862387156113982,0.024752049098799148,0.014881426468491554,1.5977391302585602,0.8924694694578648
2662,7.980776048157035e-05,0.0030789216980338097,0.0032373389694839716,5.147303454577923e-06,0.002445251913741231,0.18720733374357224,0.01462980118039898,0.008862572954967618,0.024752512953467858,0.01488173333927989,1.5977989733219147,0.8925031535327435
2663,7.9455821827906e-05,0.003078087233006954,0.0032364989165216684,5.1455945140332915e-06,0.00244444003328681,0.18721480295062065,0.014630093363618705,0.008862758986651897,0.02475297386001674,0.01488203788176179,1.5978585183620453,0.892536660656333
2664,7.910488236361184e-05,0.0030772543977946043,0.0032356632873415947,5.143864655110519e-06,0.0024436181411147118,0.18722226098179817,0.01463038479502586,0.008862943155691028,0.02475343534585817,0.014882342657074332,1.597918063402176,0.892570162191987
2665,7.87549424735363e-05,0.0030764269176870584,0.0032348325476050377,5.142150257597677e-06,0.002442804165184498,0.1872296966612339,0.01463067522601118,0.008863127790391445,0.02475389241411865,0.014882644172757864,1.5979770123958588,0.8926033545285463
2666,7.840600254143121e-05,0.003075601765885949,0.003234005067497492,5.140433586348081e-06,0.0024419883266091347,0.18723709881305695,0.014630964407984955,0.008863310795277357,0.02475434771038109,0.014882945688441396,1.5980358719825745,0.8926364853978157
2667,7.805806294995194e-05,0.003074780572205782,0.0032331817783415318,5.138722372066695e-06,0.0024411757476627827,0.1872444599866867,0.014631252092376857,0.008863492868840694,0.0247548009408222,0.01488324673846364,1.5980943739414215,0.8926694169640541
2668,7.771112408065721e-05,0.003073963103815913,0.003232361050322652,5.137029347679345e-06,0.0024403713177889585,0.18725179508328438,0.014631538403594985,0.008863674709573388,0.024755254456881048,0.014883545460179448,1.5981528759002686,0.8927023354917765
2669,7.736518631400779e-05,0.003073150757700205,0.0032315454445779324,5.135344508744311e-06,0.00243957107886672,0.18725908920168877,0.01463182334171995,0.008863855386152864,0.02475570502552844,0.014883843716233969,1.5982111096382141,0.8927350994199514
2670,7.702025002936667e-05,0.0030723391100764275,0.0032307300716638565,5.133669219503645e-06,0.0024387750308960676,0.18726636841893196,0.01463210802566633,0.008864035597071052,0.024756151471305186,0.014884139876812696,1.5982686281204224,0.8927674982696772
2671,7.667631560499913e-05,0.0030715307220816612,0.003229918424040079,5.1319966587470844e-06,0.0024379806127399206,0.18727360665798187,0.014632390715073744,0.008864215109497309,0.024756597615131257,0.01488443510606885,1.5983263552188873,0.8927999809384346
2672,7.633338341807129e-05,0.0030707281548529863,0.0032291121315211058,5.130335921421647e-06,0.0024371915496885777,0.1872807815670967,0.01463267078850709,0.008864393457770348,0.024757042281445155,0.014884728472679853,1.5983837842941284,0.8928322829306126
2673,7.599145384465044e-05,0.0030699295457452536,0.0032283118925988674,5.128670636622701e-06,0.002436400391161442,0.18728796020150185,0.014632951851041933,0.0088645713403821,0.02475748370699123,0.014885020209476352,1.598440796136856,0.892864378169179
2674,7.565052725970388e-05,0.003069132100790739,0.0032275093253701925,5.1270335461595096e-06,0.002435622736811638,0.1872951164841652,0.014633231416513875,0.00886474852450192,0.024757927181854617,0.014885312179103494,1.5984980165958405,0.8928965665400028
2675,7.531060403709997e-05,0.0030683393124490976,0.00322671327739954,5.125390998728108e-06,0.00243484228849411,0.18730225041508675,0.014633509609311738,0.008864925475791097,0.024758361832412066,0.014885600190609694,1.598554104566574,0.8929281774908304
2676,7.497168454960576e-05,0.003067547222599387,0.0032259193249046803,5.123739356349688e-06,0.0024340576492249966,0.18730929493904114,0.01463378506220641,0.008865100098773837,0.024758801177316825,0.014885889366269112,1.5986109375953674,0.8929601162672043
2677,7.463376916888841e-05,0.00306676235049963,0.003225131891667843,5.122109996591462e-06,0.002433283720165491,0.18731636926531792,0.01463406088281132,0.008865275653079152,0.024759236106399626,0.014886177144944668,1.5986669659614563,0.8929916676133871
2678,7.429685826551334e-05,0.0030659791082143784,0.003224344225600362,5.120498826727271e-06,0.002432518173009157,0.18732336908578873,0.014634334709481686,0.008865449810400605,0.024759667207619792,0.014886463293805718,1.5987227857112885,0.8930230773985386
2679,7.396095220894478e-05,0.003065200988203287,0.003223562613129616,5.118889930599835e-06,0.002431754022836685,0.18733036145567894,0.01463460790956008,0.008865622337907553,0.024760098301334,0.01488674758002162,1.598778396844864,0.8930543791502714
2680,7.362605136754458e-05,0.003064422868192196,0.0032227826304733753,5.117268301546574e-06,0.0024309835862368345,0.18733733892440796,0.01463488011020746,0.008865794632583857,0.024760528505983415,0.01488703303039074,1.5988340377807617,0.8930856883525848
2681,7.329215610857296e-05,0.0030636501032859087,0.0032220054417848587,5.115677595313173e-06,0.0024302280507981777,0.1873442605137825,0.014635150565745136,0.008865966694429517,0.024760956646222396,0.014887315453961492,1.598889172077179,0.8931167162954807
2682,7.295926679818667e-05,0.0030628822278231382,0.0032212345395237207,5.114086889079772e-06,0.0024294722825288773,0.18735114857554436,0.014635419897703828,0.008866137824952602,0.02476138184062918,0.014887596480548382,1.5989441573619843,0.8931476529687643
2683,7.262738380144011e-05,0.003062113421037793,0.003220462705940008,5.1124943638569675e-06,0.0024287160485982895,0.1873580440878868,0.014635688851852641,0.00886630779132247,0.02476180879076218,0.014887877739965916,1.5989992320537567,0.8931786380708218
2684,7.229650748228346e-05,0.003061350667849183,0.0032196962274610996,5.1109204832755495e-06,0.0024279679637402296,0.18736489862203598,0.014635956931083481,0.008866477757692337,0.02476222926921078,0.014888156205415726,1.5990536212921143,0.8932092599570751
2685,7.1966638203563e-05,0.0030605902429670095,0.003218933707103133,5.109337507747114e-06,0.0024272161535918713,0.18737170472741127,0.014636222892644733,0.008866646094247699,0.02476264885903576,0.014888433506712317,1.599107801914215,0.8932397533208132
2686,7.16377763270209e-05,0.0030598356388509274,0.0032181753776967525,5.107779543322977e-06,0.0024264759849756956,0.18737847730517387,0.014636487109485036,0.008866813965141773,0.024763068441751142,0.014888709643855691,1.599161982536316,0.8932702299207449
2687,7.13099222132947e-05,0.0030590842943638563,0.003217421006411314,5.106223397888243e-06,0.0024257367476820946,0.1873852238059044,0.014636750575902859,0.008866980904713273,0.024763483903905446,0.014888985780999064,1.5992155969142914,0.8933004103600979
2688,7.098307622191641e-05,0.003058335045352578,0.0032166684977710247,5.104674528411124e-06,0.0024250010028481483,0.1873919442296028,0.014637013291938724,0.008867147378623486,0.024763898183837216,0.014889259589836001,1.5992692112922668,0.8933305777609348
2689,7.0657238711313e-05,0.0030575867276638746,0.0032159178517758846,5.103119292471092e-06,0.002424261998385191,0.18739864602684975,0.014637274760548871,0.00886731338687241,0.02476431275064671,0.014889533165842295,1.5993226766586304,0.8933606613427401
2690,7.033241003880527e-05,0.0030568439979106188,0.003215170931071043,5.101593160361517e-06,0.002423536963760853,0.18740534037351608,0.014637536224488434,0.008867479162290692,0.0247647234910736,0.014889805810526013,1.599375694990158,0.8933905176818371
2691,7.00085905606073e-05,0.0030561077874153852,0.0032144319266080856,5.100063845020486e-06,0.0024228107649832964,0.18741197884082794,0.01463779557122525,0.008867643307894468,0.024765133049494424,0.01489007635973394,1.5994286239147186,0.8934203013777733
2692,6.968578063182708e-05,0.00305537017993629,0.0032136915251612663,5.09853725816356e-06,0.002422085264697671,0.1874185875058174,0.014638053919251747,0.008867806755006313,0.024765539663206153,0.014890346676111221,1.5994811952114105,0.893449891358614
2693,6.93639806064653e-05,0.003054634667932987,0.0032129520550370216,5.0970220399904065e-06,0.002421365585178137,0.1874251514673233,0.014638309777473806,0.00886796903796494,0.024765947445397157,0.014890615129843354,1.5995337963104248,0.893479473888874
2694,6.904319083741504e-05,0.0030539047438651323,0.0032122191041707993,5.095509550301358e-06,0.002420647069811821,0.1874316744506359,0.014638564761403265,0.008868129923939705,0.024766350814114352,0.014890882885083556,1.5995859801769257,0.8935088273137808
2695,6.872341167646202e-05,0.0030531780794262886,0.003211489412933588,5.094004791317275e-06,0.0024199322797358036,0.18743819743394852,0.014638819243859607,0.0088682915084064,0.024766752707365877,0.014891149243339896,1.5996378660202026,0.8935380317270756
2696,6.840464347428277e-05,0.003052456071600318,0.0032107641454786062,5.092511401016964e-06,0.0024192228447645903,0.18744467198848724,0.014639071982311172,0.008868451695889235,0.024767154594095935,0.014891414437443018,1.5996898412704468,0.893567256629467
2697,6.808688658044598e-05,0.0030517340637743473,0.003210039110854268,5.091017555969302e-06,0.0024185131769627333,0.18745114654302597,0.01463932521341393,0.008868611883372068,0.02476755265529846,0.014891678933054209,1.5997412204742432,0.8935961835086346
2698,6.777014134341081e-05,0.0030510181095451117,0.003209319431334734,5.089542355563026e-06,0.0024178125895559788,0.1874576359987259,0.014639578564387858,0.008868771605193615,0.024767951297633536,0.014891943195834756,1.5997926890850067,0.8936251625418663
2699,6.745440811052749e-05,0.003050305647775531,0.0032086039427667856,5.088068974146154e-06,0.002417112234979868,0.18746405467391014,0.014639829177491737,0.008868930162861943,0.024768344352106425,0.014892204198986292,1.5998435318470001,0.8936537932604551
2700,6.71396872280361e-05,0.003049595048651099,0.0032078903168439865,5.0866001402027905e-06,0.0024164144415408373,0.1874704398214817,0.014640078046844182,0.008869088254868984,0.024768737694097636,0.014892465202137828,1.599894255399704,0.8936823476105928
2701,6.68259790410669e-05,0.003048885380849242,0.0032071778550744057,5.085129487270024e-06,0.002415715716779232,0.18747678399085999,0.014640325918005006,0.008869245648384094,0.024769130736091417,0.01489272527396679,1.5999450981616974,0.8937109410762787
2702,6.651328389363913e-05,0.0030481803696602583,0.0032064691185951233,5.0836761147365905e-06,0.0024150253739207983,0.1874830462038517,0.014640570803135987,0.008869400480762124,0.02476952112813098,0.014892983017489314,1.5999955534934998,0.8937392998486757
2703,6.620160212866148e-05,0.00304747954942286,0.003205763641744852,5.082239113107789e-06,0.0024143431801348925,0.1874893307685852,0.014640816305375896,0.008869556477293372,0.02476991063279236,0.014893240062519908,1.6000458300113678,0.8937675803899765
2704,6.589093408793098e-05,0.0030467817559838295,0.003205062123015523,5.080801656731637e-06,0.002413660055026412,0.1874956153333187,0.014641061306543603,0.008869712008163333,0.024770295431533897,0.01489349571056664,1.6000955700874329,0.8937955927103758
2705,6.558128011213357e-05,0.0030460881534963846,0.0032043661922216415,5.079360562376678e-06,0.0024129757657647133,0.18750186264514923,0.014641305558190603,0.008869865676388144,0.024770681399228386,0.014893750660121441,1.6001454293727875,0.8938236460089684
2706,6.527264054084284e-05,0.003045394318178296,0.003203670959919691,5.0779126468114555e-06,0.002412287751212716,0.18750808760523796,0.014641548439180568,0.008870019344612956,0.02477106471735626,0.01489400421269238,1.6001949608325958,0.8938515242189169
2707,6.496501571251936e-05,0.003044705605134368,0.003202976891770959,5.076508386991918e-06,0.002411620458588004,0.1875142827630043,0.014641790322279864,0.008870172081515193,0.0247714456797641,0.014894256833940744,1.600244164466858,0.8938792236149311
2708,6.465840596451208e-05,0.0030440203845500946,0.003202288644388318,5.075091848993907e-06,0.0024109473451972008,0.18752042204141617,0.01464202996523116,0.008870323887094855,0.02477182986722261,0.01489451015368104,1.6002938449382782,0.8939071334898472
2709,6.435281163305597e-05,0.0030433384235948324,0.0032016043551266193,5.073673946753843e-06,0.002410273998975754,0.18752651289105415,0.014642267740830448,0.008870474761351943,0.02477220758700374,0.014894759748131037,1.6003426015377045,0.8939345572143793
2710,6.404823305327245e-05,0.003042657393962145,0.0032009189017117023,5.072278781881323e-06,0.002409611362963915,0.18753260746598244,0.014642505512568562,0.00887062563560903,0.024772587063285917,0.014895008876919746,1.600391536951065,0.8939620722085238
2711,6.374467055916967e-05,0.0030419814866036177,0.0032002388034015894,5.070890438219067e-06,0.0024089515209198,0.18753869459033012,0.014642743280445694,0.0088707753457129,0.024772961247054855,0.01489525637589395,1.600439876317978,0.893989285454154
2712,6.34421244836411e-05,0.003041307209059596,0.003199563594534993,5.069480721431319e-06,0.0024082818999886513,0.18754475563764572,0.014642980050681072,0.008870925288647413,0.024773333662964928,0.01489550294354558,1.6004880964756012,0.8940164260566235
2713,6.31405951584652e-05,0.0030406394507735968,0.0031988914124667645,5.068112841399852e-06,0.0024076320696622133,0.18755078315734863,0.014643215202219957,0.008871074067428708,0.024773706660670126,0.014895750675350428,1.600536286830902,0.8940435349941254
2714,6.284008291430624e-05,0.003039969364181161,0.003198217134922743,5.0667335926846135e-06,0.002406977117061615,0.18755678832530975,0.014643449853108122,0.00887122261337936,0.02477407730322059,0.01489599491469562,1.6005842089653015,0.8940704986453056
2715,6.254058808071248e-05,0.00303930277004838,0.0031975482124835253,5.065352979727322e-06,0.0024063210003077984,0.1875627338886261,0.01464368176746972,0.008871369296684861,0.024774447646538005,0.014896238688379526,1.6006320416927338,0.8940973877906799
2716,6.22421109861169e-05,0.003038647584617138,0.003196889767423272,5.063998742116382e-06,0.0024056779220700264,0.18756868317723274,0.014643913926587917,0.008871515979990363,0.02477481211064679,0.014896481530740857,1.6006791293621063,0.8941239062696695
2717,6.194465195783637e-05,0.00303798564709723,0.0031962241046130657,5.062637228547828e-06,0.0024050308857113123,0.1875745765864849,0.014644143721983497,0.008871661499142647,0.02477517686307334,0.014896721811965108,1.6007263660430908,0.8941504713147879
2718,6.164821132207085e-05,0.0030373299960047007,0.003195565426722169,5.061286174168345e-06,0.0024043889716267586,0.18758045509457588,0.014644373513773193,0.008871806785464287,0.02477554014175477,0.01489696279168129,1.600773274898529,0.8941768649965525
2719,6.135278940390382e-05,0.003036677837371826,0.0031949104741215706,5.059934210294159e-06,0.002403746824711561,0.18758632987737656,0.014644602432495164,0.008871952770277858,0.024775903415109598,0.014897202607244253,1.600820153951645,0.8942032419145107
2720,6.1058386527302e-05,0.0030360291711986065,0.0031942566856741905,5.058612259745132e-06,0.0024031188804656267,0.18759214505553246,0.0146448298571557,0.008872095961123705,0.024776263452807194,0.01489744009450078,1.6008666455745697,0.8942293953150511
2721,6.0765003015114e-05,0.0030353807378560305,0.003193605924025178,5.057264843344456e-06,0.0024024788290262222,0.18759796023368835,0.01464505653305449,0.008872240083292127,0.024776621429637515,0.01489767711609602,1.6009129285812378,0.8942554444074631
2722,6.0472639189070765e-05,0.0030347395222634077,0.0031929616816341877,5.055941983300727e-06,0.0024018501862883568,0.18760373443365097,0.014645282336023205,0.008872383506968617,0.02477698057592767,0.014897913672029972,1.6009592711925507,0.8942815028131008
2723,6.0181295369785425e-05,0.0030340980738401413,0.003192317206412554,5.054615940025542e-06,0.0024012206122279167,0.1876094676554203,0.014645505775687887,0.008872525533661246,0.02477733736778227,0.01489814929664135,1.601005494594574,0.8943074811249971
2724,5.989097187675182e-05,0.0030334624461829662,0.0031916778534650803,5.0533121793705504e-06,0.00240060081705451,0.18761517852544785,0.014645728715146474,0.008872666861861944,0.024777693273550637,0.014898382825776935,1.601051390171051,0.8943332843482494
2725,5.960166902834532e-05,0.0030328233260661364,0.0031910347752273083,5.052000688010594e-06,0.002399977995082736,0.18762090802192688,0.014645952148001164,0.008872808422893286,0.024778045650463043,0.014898616122081876,1.6010969579219818,0.8943589329719543
2726,5.9313387141822126e-05,0.0030321963131427765,0.003190406132489443,5.050695108366199e-06,0.0023993575014173985,0.18762659654021263,0.014646174459687574,0.008872948586940765,0.024778393911387624,0.01489884709008038,1.601142019033432,0.8943843077868223
2727,5.902612653331858e-05,0.0030315679032355547,0.0031897739972919226,5.049400897405576e-06,0.002398743061348796,0.1876322440803051,0.01464639490509481,0.008873088285326958,0.02477874363560284,0.014899077592417598,1.6011871993541718,0.8944097217172384
2728,5.8739887517851184e-05,0.003030938794836402,0.003189140697941184,5.048112598160515e-06,0.00239813094958663,0.18763790279626846,0.014646615471375924,0.008873228449374437,0.024779089537653867,0.014899306697770953,1.6012319028377533,0.8944349028170109
2729,5.845467040931595e-05,0.0030303173698484898,0.0031885160133242607,5.046832029620418e-06,0.0023975225631147623,0.18764347955584526,0.014646833550536916,0.008873366517946124,0.024779438958422547,0.014899536035954952,1.6012770533561707,0.894460266456008
2730,5.817047552048873e-05,0.003029697574675083,0.0031878934241831303,5.045549187343568e-06,0.00239691324532032,0.18764903396368027,0.014647050384569961,0.00887350388802588,0.024779782208144828,0.01489976397715509,1.601321429014206,0.8944852314889431
2731,5.788730316302368e-05,0.003029078245162964,0.0031872717663645744,5.044264526077313e-06,0.002396303229033947,0.18765457347035408,0.014647266470275448,0.008873640792444348,0.024780123691388257,0.014899990521371365,1.601365566253662,0.8945100698620081
2732,5.760515364745437e-05,0.0030284670647233725,0.0031866575591266155,5.0430062401574105e-06,0.0023957048542797565,0.1876600943505764,0.014647481807686496,0.008873776532709599,0.02478046928055894,0.01490021776407957,1.6014101207256317,0.8945351075381041
2733,5.732402728319215e-05,0.0030278514605015516,0.0031860382296144962,5.0417406782798935e-06,0.002395103918388486,0.18766558170318604,0.014647695403375066,0.008873912040144205,0.024780806937370663,0.014900442445650697,1.6014539003372192,0.8945597410202026
2734,5.704392437852671e-05,0.0030272440053522587,0.003185426816344261,5.040496034780517e-06,0.0023945127613842487,0.18767106533050537,0.014647910113576357,0.008874047547578812,0.02478114400236438,0.014900665963068604,1.6014974415302277,0.8945842534303665
2735,5.676484524062485e-05,0.0030266367830336094,0.0031848163343966007,5.039243660576176e-06,0.0023939176462590694,0.18767650425434113,0.014648121964513315,0.0088741818908602,0.02478147988835496,0.014900888549163938,1.6015407741069794,0.8946086391806602
2736,5.6486790175531493e-05,0.0030260386411100626,0.0031842144671827555,5.038017661718186e-06,0.0023933351039886475,0.18768193945288658,0.014648334557449702,0.008874316699802876,0.02478181459539034,0.014901110203936696,1.6015840768814087,0.8946330081671476
2737,5.620975948816773e-05,0.003025434445589781,0.00318360747769475,5.0367698349873535e-06,0.0023927423171699047,0.18768731504678726,0.014648544042915075,0.008874449413269758,0.024782149591501892,0.014901330461725593,1.6016274094581604,0.8946573622524738
2738,5.593375348233212e-05,0.003024834906682372,0.003183006076142192,5.035522917751223e-06,0.0023921499960124493,0.18769268319010735,0.014648753401211021,0.008874581195414066,0.024782484583085147,0.014901550952345133,1.6016706824302673,0.8946816828101873
2739,5.565877246069882e-05,0.003024242352694273,0.0031824095640331507,5.034309651819058e-06,0.0023915735073387623,0.18769803270697594,0.01464896213565542,0.008874713443219662,0.024782817221429984,0.014901770278811455,1.6017136871814728,0.8947058599442244
2740,5.53848167248183e-05,0.0030236481688916683,0.003181812819093466,5.033080014982261e-06,0.0023909893352538347,0.18770331144332886,0.01464916825955269,0.008874844526872039,0.024783146038706676,0.014901987509801984,1.6017561852931976,0.8947297483682632
2741,5.5111886575116315e-05,0.0030230614356696606,0.0031812223605811596,5.031874934502412e-06,0.002390417503193021,0.18770863860845566,0.014649376491412373,0.008874976076185703,0.02478347338371565,0.014902204973623157,1.6017984747886658,0.8947535566985607
2742,5.4839982310894676e-05,0.00302247516810894,0.0031806332990527153,5.030664397054352e-06,0.002389842178672552,0.1877138838171959,0.014649580498646559,0.008875105762854218,0.02478379808220654,0.014902421273291111,1.60184046626091,0.894777175039053
2743,5.4569104230329546e-05,0.0030218909960240126,0.003180046333000064,5.029459316574503e-06,0.002389269880950451,0.1877191625535488,0.014649786613843401,0.00887523521669209,0.024784118959989866,0.014902635477483273,1.601881980895996,0.8948005717247725
2744,5.4299252630472046e-05,0.0030213124118745327,0.0031794635578989983,5.0282746997254435e-06,0.002388706896454096,0.18772438913583755,0.014649990863692815,0.008875363739207387,0.024784441888605853,0.01490284944884479,1.6019237339496613,0.8948240615427494
2745,5.403042780724754e-05,0.003020733129233122,0.0031788810156285763,5.027085990150226e-06,0.0023881420493125916,0.18772956356406212,0.0146501926274655,0.00887549202889204,0.024784763345185597,0.014903063187375665,1.6019652783870697,0.8948474209755659
2746,5.3762630055455194e-05,0.0030201561748981476,0.003178301267325878,5.025895006838255e-06,0.0023875762708485126,0.18773473799228668,0.014650394636779026,0.008875620551407337,0.024785084797596123,0.014903275994583964,1.6020068526268005,0.8948707953095436
2747,5.349585966876817e-05,0.0030195850413292646,0.0031777266412973404,5.024719939683564e-06,0.0023870179429650307,0.18773987144231796,0.014650595153410563,0.008875746745616198,0.024785405658721327,0.014903488336130977,1.6020482778549194,0.8948940746486187
2748,5.3230116939733095e-05,0.0030190139077603817,0.00317715248093009,5.023543963034172e-06,0.0023864596150815487,0.18774502351880074,0.014650795667297751,0.008875874103978276,0.024785723873703643,0.014903699047863483,1.6020894944667816,0.8949172589927912
2749,5.2965402159769237e-05,0.0030184469651430845,0.003176582744345069,5.0223748075950425e-06,0.0023859040811657906,0.18775012344121933,0.014650994936894078,0.008876000065356493,0.02478603768134112,0.014903907896950841,1.602129966020584,0.8949400447309017
2750,5.2701715619169095e-05,0.0030178811866790056,0.0031760132405906916,5.021213837608229e-06,0.002385352738201618,0.18775518611073494,0.014651192465638351,0.008876124396920204,0.024786353539834122,0.014904117211699486,1.6021709442138672,0.8949630651623011
2751,5.243905760709692e-05,0.0030173189006745815,0.0031754481606185436,5.020053322368767e-06,0.002384801395237446,0.18776025250554085,0.014651390115870879,0.008876249194145203,0.024786665284697335,0.014904325129464269,1.6022111773490906,0.8949857149273157
2752,5.217742841158968e-05,0.0030167587101459503,0.0031748840119689703,5.018907359044533e-06,0.0023842568043619394,0.18776527419686317,0.014651586397790954,0.008876373525708914,0.024786975557942046,0.014904531883075833,1.602251261472702,0.8950082678347826
2753,5.1916828319555675e-05,0.0030162029433995485,0.003174325916916132,5.017759576730896e-06,0.0023837112821638584,0.18777025118470192,0.014651780442417515,0.008876495761796832,0.024787286120838806,0.014904737705364823,1.6022914052009583,0.8950308281928301
2754,5.165725761677504e-05,0.003015646245330572,0.003173765493556857,5.016618615627522e-06,0.002383169485256076,0.18777523189783096,0.014651974608620597,0.008876618463546038,0.02478759491865131,0.01490494143217802,1.6023313105106354,0.8950532712042332
2755,5.13987165878987e-05,0.003015094669535756,0.0031732104253023863,5.015484930481762e-06,0.002382631180807948,0.18778015300631523,0.014652166537645497,0.008876739768311381,0.024787904593202594,0.014905145624652505,1.6023714244365692,0.8950757887214422
2756,5.114120551644888e-05,0.003014547750353813,0.0031726600136607885,5.014363068767125e-06,0.0023820979986339808,0.1877851039171219,0.014652359705587434,0.008876861538738012,0.024788209567486647,0.014905348187312484,1.602410763502121,0.8950979337096214
2757,5.088472468481785e-05,0.003014001529663801,0.0031721116974949837,5.013231202610768e-06,0.002381560392677784,0.18779004737734795,0.014652552746841326,0.00887698377482593,0.02478851130928381,0.0149055493529886,1.6024497151374817,0.8951198812574148
2758,5.0629274374268205e-05,0.003013458102941513,0.0031715654768049717,5.012111614632886e-06,0.0023810286074876785,0.18779495730996132,0.01465274404759426,0.008877104381099343,0.024788815395550223,0.014905751217156649,1.6024891138076782,0.8951420355588198
2759,5.037485486493258e-05,0.003012916073203087,0.0031710199546068907,5.010998393117916e-06,0.002380499616265297,0.187799833714962,0.014652934352743832,0.008877224288880825,0.024789115368887837,0.014905950520187616,1.6025278866291046,0.8951638601720333
2760,5.01214664358133e-05,0.003012377070263028,0.003170476760715246,5.009900633012876e-06,0.0023799780756235123,0.1878046654164791,0.014653122669235751,0.008877343032509089,0.024789416219127475,0.01490614889189601,1.6025667488574982,0.8951857071369886
2761,4.986910936478186e-05,0.003011841792613268,0.0031699398532509804,5.008787411497906e-06,0.0023794493172317743,0.18780949339270592,0.014653311231577613,0.008877462707459927,0.02478971442415205,0.014906347496435046,1.6026053130626678,0.8952074032276869
2762,4.961778392857835e-05,0.0030113074462860823,0.0031694022472947836,5.007691015634919e-06,0.0023789284750819206,0.18781428039073944,0.014653497929491255,0.008877580752596259,0.024790011745078677,0.014906544703990221,1.6026438176631927,0.8952290490269661
2763,4.936749040281238e-05,0.003010776359587908,0.0031688674353063107,5.006603714718949e-06,0.002378411591053009,0.18781904503703117,0.014653683631971174,0.008877697633579373,0.024790307007938776,0.014906738884747028,1.6026820242404938,0.8952505346387625
2764,4.9118229061961286e-05,0.0030102457385510206,0.0031683347187936306,5.005505499866558e-06,0.002377890283241868,0.18782376125454903,0.014653868090794568,0.0088778140489012,0.02479060461525495,0.014906936092302203,1.6027204394340515,0.8952721003443003
2765,4.8870000179370724e-05,0.0030097223352640867,0.0031678066588938236,5.004440481570782e-06,0.002377384342253208,0.18782850727438927,0.014654052795553598,0.008877930697053671,0.024790898697081534,0.01490713027305901,1.6027584075927734,0.8952934574335814
2766,4.86228040272541e-05,0.003009195439517498,0.003167277667671442,5.003351361665409e-06,0.0023768669925630093,0.18783316761255264,0.01465423501544045,0.00887804664671421,0.024791186905626626,0.014907322824001312,1.60279580950737,0.8953144885599613
2767,4.8376640876692365e-05,0.003008675528690219,0.0031667547300457954,5.002279067412019e-06,0.0023763575591146946,0.1878378912806511,0.01465441884669516,0.008878163294866681,0.02479147833916999,0.014907516306266189,1.6028334200382233,0.8953356556594372
2768,4.813151099763336e-05,0.003008156083524227,0.0031662313267588615,5.001220415579155e-06,0.0023758546449244022,0.18784254789352417,0.014654600813782186,0.008878276916220784,0.024791764780079648,0.014907705830410123,1.6028704345226288,0.8953564912080765
2769,4.788741465889226e-05,0.0030076419934630394,0.0031657149083912373,5.000158125767484e-06,0.0023753498680889606,0.18784719333052635,0.014654782033874263,0.008878391236066818,0.024792053858994773,0.014907896984368563,1.6029078364372253,0.8953775148838758
2770,4.7644352128150714e-05,0.0030071288347244263,0.0031651975587010384,4.999114025849849e-06,0.002374853938817978,0.18785182014107704,0.014654962258756989,0.008878505090251565,0.024792340586731132,0.014908086275681853,1.6029448807239532,0.8953983504325151
2771,4.740232367195628e-05,0.0030066175386309624,0.0031646830029785633,4.998065378458705e-06,0.0023743556812405586,0.18785642459988594,0.014655141860825695,0.008878618013113737,0.024792626137260913,0.01490827463567257,1.6029818654060364,0.8954191450029612
2772,4.7161329555723204e-05,0.0030061102006584406,0.003164173336699605,4.997015821572859e-06,0.002373856958001852,0.18786095827817917,0.014655318854214824,0.008878730237483978,0.024792909923686223,0.014908461831510067,1.603018581867218,0.8954397700726986
2773,4.69213700437308e-05,0.003005602629855275,0.0031636632047593594,4.995971266907873e-06,0.0023733607959002256,0.1878655105829239,0.014655496341932561,0.00887884246185422,0.02479319311993141,0.014908649725839496,1.6030552089214325,0.8954603597521782
2774,4.668244539912419e-05,0.0030050971545279026,0.0031631544698029757,4.994933078705799e-06,0.0023728678934276104,0.187870055437088,0.014655673579270766,0.00887895468622446,0.02479347337831586,0.014908835757523775,1.6030913889408112,0.8954807221889496
2775,4.644455588391357e-05,0.0030045986641198397,0.0031626527197659016,4.993911261408357e-06,0.0023723822087049484,0.18787456676363945,0.014655849325103136,0.008879065746441483,0.024793752166235836,0.01490902085788548,1.603127509355545,0.8955010380595922
2776,4.620770175897387e-05,0.0030040971469134092,0.0031621484085917473,4.9928798944165464e-06,0.0023718923330307007,0.18787906691432,0.014656025068828071,0.008879175642505288,0.024794030070653006,0.014909204561263323,1.6031633913516998,0.8955212291330099
2777,4.597188328404477e-05,0.00300360145047307,0.003161648754030466,4.991868081560824e-06,0.002371411770582199,0.18788355588912964,0.01465619994167165,0.00887928600423038,0.02479430357016382,0.01490938663482666,1.6031987965106964,0.895541176199913
2778,4.573710071773024e-05,0.003003108548000455,0.0031611528247594833,4.9908567234524526e-06,0.0023709312081336975,0.1878879889845848,0.014656373074901306,0.00887939496897161,0.024794579120804565,0.014909568708389997,1.6032344102859497,0.8955611996352673
2779,4.550335431749792e-05,0.003002614714205265,0.003160657361149788,4.9898317229235545e-06,0.0023704443592578173,0.1878923960030079,0.014656545213224617,0.008879503468051553,0.024794855255275593,0.014909750083461404,1.6032700538635254,0.8955812249332666
2780,4.5270644339679463e-05,0.0030021267011761665,0.0031601651571691036,4.98883946420392e-06,0.002369972877204418,0.18789677321910858,0.014656715239720772,0.00887961103580892,0.024795127278469137,0.014909929595887661,1.6033053398132324,0.8956010565161705
2781,4.5038971039470035e-05,0.003001636592671275,0.0031596720218658447,4.987831744074356e-06,0.002369493944570422,0.18790113553404808,0.01465688588476839,0.00887971930205822,0.024795397538039388,0.014910109341144562,1.6033402979373932,0.8956207167357206
2782,4.480833467092763e-05,0.003001153701916337,0.0031591858714818954,4.98684403282823e-06,0.002369025256484747,0.18790550902485847,0.014657056279622625,0.008879826171323657,0.024795666034044005,0.01491028699092567,1.6033749282360077,0.8956402186304331
2783,4.457873548697356e-05,0.003000669414177537,0.003158697858452797,4.985856321582105e-06,0.0023685561027377844,0.18790985271334648,0.014657225679680882,0.008879933040589094,0.02479593746147602,0.01491046673618257,1.6034100651741028,0.8956599589437246
2784,4.43501737393911e-05,0.0030001914128661156,0.0031582177616655827,4.984867700841278e-06,0.0023680860176682472,0.1879141889512539,0.014657394953680875,0.008880039677023888,0.024796203604191953,0.014910642290487885,1.603444516658783,0.8956793528050184
2785,4.4122649678826614e-05,0.002999712945893407,0.003157736035063863,4.983885901310714e-06,0.0023676196578890085,0.1879185251891613,0.014657563605230864,0.008880146313458681,0.024796471211187093,0.014910819008946419,1.6034791767597198,0.8956988509744406
2786,4.389616355478769e-05,0.0029992389027029276,0.003157259663566947,4.982907739758957e-06,0.0023671549279242754,0.18792278319597244,0.01465773002108337,0.008880251320078969,0.024796737348174305,0.014910994796082377,1.6035135388374329,0.8957181610167027
2787,4.3670715615644684e-05,0.0029987646266818047,0.0031567830592393875,4.981930942449253e-06,0.0023666908964514732,0.1879270188510418,0.014657895318180566,0.008880355162546039,0.02479700524283015,0.014911169419065118,1.6035481095314026,0.8957375641912222
2788,4.344630610862849e-05,0.002998294308781624,0.0031563090160489082,4.980972335033584e-06,0.00236623571254313,0.18793123960494995,0.014658059372465468,0.008880459005013108,0.02479726873332668,0.014911344042047858,1.6035823225975037,0.8957567811012268
2789,4.322293527983186e-05,0.0029978256206959486,0.0031558384653180838,4.979999175702687e-06,0.0023657730780541897,0.18793543428182602,0.014658223549007721,0.00888056238181889,0.024797527819804287,0.014911516103893518,1.6036158204078674,0.8957756273448467
2790,4.3000603374208156e-05,0.0029973580967634916,0.003155367448925972,4.9790455705078784e-06,0.0023653204552829266,0.1879396215081215,0.014658387103250898,0.00888066552579403,0.02479778954427897,0.014911687467247248,1.603649616241455,0.8957946188747883
2791,4.277931063557162e-05,0.0029968933667987585,0.003154899924993515,4.978090146323666e-06,0.0023648664355278015,0.18794383108615875,0.01465855053157853,0.008880768436938524,0.0247980471582728,0.014911857433617115,1.6036828458309174,0.895813338458538
2792,4.25590573065968e-05,0.0029964346904307604,0.003154437756165862,4.977155185770243e-06,0.00236442219465971,0.18794797360897064,0.014658712469012566,0.008880870416760445,0.024798301248724872,0.014912026934325695,1.603715717792511,0.8958318457007408
2793,4.2339843628818695e-05,0.0029959725216031075,0.0031539720948785543,4.976211130269803e-06,0.0023639737628400326,0.18795210868120193,0.014658873536042121,0.008880971698090434,0.024798557977195657,0.014912196202203631,1.6037490367889404,0.8958505727350712
2794,4.212166984263195e-05,0.002995514078065753,0.0031535113230347633,4.975264801032608e-06,0.0023635243996977806,0.18795622512698174,0.01465903447721537,0.00888107344508171,0.02479881235581328,0.01491236430592835,1.6037818491458893,0.8958690371364355
2795,4.1904536187290474e-05,0.0029950595926493406,0.00315305357798934,4.974337571184151e-06,0.002363083651289344,0.18796030431985855,0.014659193555343335,0.008881173562258482,0.02479906761201086,0.014912532642483711,1.6038149297237396,0.8958876170217991
2796,4.168844290090838e-05,0.0029946083668619394,0.0031525997910648584,4.97340852234629e-06,0.0023626424372196198,0.18796439468860626,0.014659352507661157,0.008881273912265897,0.02479932227879432,0.014912699582055211,1.6038478016853333,0.8959060981869698
2797,4.1473390220458364e-05,0.002994154579937458,0.003152143210172653,4.9724767450243235e-06,0.00236219959333539,0.1879684403538704,0.014659510589677667,0.00888137356378138,0.02479957371566808,0.014912865357473493,1.6038802862167358,0.8959243632853031
2798,4.125937838177186e-05,0.002993707312270999,0.0031516931485384703,4.97156179335434e-06,0.0023617646656930447,0.18797247856855392,0.014659668173664665,0.008881472051143646,0.024799823389667807,0.014913029735907912,1.603912591934204,0.895942535251379
2799,4.10464076195394e-05,0.0029932616744190454,0.0031512444838881493,4.970645477442304e-06,0.0023613297380506992,0.18797647580504417,0.014659823770679536,0.008881571469828486,0.02480007012730854,0.01491319458000362,1.603944480419159,0.8959604781121016
2800,4.083447816730937e-05,0.002992817899212241,0.003150798147544265,4.969733709003776e-06,0.002360896673053503,0.18798049539327621,0.01465998023459297,0.008881669491529465,0.02480031774263939,0.014913358259946108,1.6039766371250153,0.8959785662591457
2801,4.0623590257488334e-05,0.0029923743568360806,0.003150351345539093,4.9688278522808105e-06,0.0023604664020240307,0.18798447772860527,0.014660135952373001,0.008881767513230443,0.02480056887604213,0.014913522405549884,1.6040090322494507,0.895996754989028
2802,4.041374412134078e-05,0.0029919366352260113,0.0031499108299613,4.96792972626281e-06,0.002360039856284857,0.18798842653632164,0.014660289931435838,0.008881864370778203,0.02480081237913285,0.014913684455677867,1.6040405333042145,0.8960144799202681
2803,4.0204939988988736e-05,0.0029914998449385166,0.003149471478536725,4.967031600244809e-06,0.0023596128448843956,0.1879923865199089,0.014660444032956077,0.008881961461156607,0.024801057640070113,0.014913845574483275,1.6040723323822021,0.8960323594510555
2804,3.999717808941152e-05,0.002991060260683298,0.00314902956597507,4.9661280172585975e-06,0.002359183505177498,0.1879962868988514,0.014660596395829622,0.008882057620212436,0.02480130113836207,0.014914006227627397,1.604103833436966,0.8960500601679087
2805,3.979045865044576e-05,0.002990627195686102,0.0031485925428569317,4.965245807397878e-06,0.002358764875680208,0.18800019845366478,0.014660749253407988,0.008882153313606977,0.024801547274567293,0.014914167346432805,1.6041356027126312,0.896067900583148
2806,3.95847818987844e-05,0.002990199252963066,0.0031481622718274593,4.964366780768614e-06,0.002358347177505493,0.18800406530499458,0.01466089987611861,0.008882248075678945,0.024801786660952927,0.014914325438439846,1.6041665375232697,0.8960853014141321
2807,3.938014805997717e-05,0.00298976874910295,0.0031477296724915504,4.963479568687035e-06,0.0023579252883791924,0.1880079209804535,0.01466105012507324,0.008882343303412199,0.024802024284859444,0.014914482366293669,1.604197382926941,0.8961026519536972
2808,3.9176557358430316e-05,0.002989341737702489,0.003147298935800791,4.962610546499491e-06,0.0023575127124786377,0.1880117543041706,0.014661199628078618,0.008882437366992235,0.024802263079923843,0.014914638828486204,1.6042282283306122,0.8961199913173914
2809,3.897401001740602e-05,0.0029889154247939587,0.0031468693632632494,4.961740614817245e-06,0.0023570996709167957,0.18801559507846832,0.014661349253626488,0.008882531430572271,0.024802499525842705,0.014914795756340027,1.6042587757110596,0.896137185394764
2810,3.877250625902213e-05,0.002988494001328945,0.0031464456114917994,4.9608729568717536e-06,0.002356687095016241,0.18801939859986305,0.014661497761055861,0.008882624562829733,0.02480273596950751,0.014914951054379344,1.6042894124984741,0.8961544055491686
2811,3.85720463042525e-05,0.002988072345033288,0.0031460209283977747,4.960011210641824e-06,0.002356277545914054,0.1880231872200966,0.014661645398529679,0.008882717695087194,0.024802970650816894,0.014915106352418661,1.6043197512626648,0.8961714692413807
2812,3.837263037292571e-05,0.0029876516200602055,0.003145597642287612,4.9591471906751394e-06,0.0023558675311505795,0.18802697956562042,0.014661793158580084,0.008882810594514012,0.02480320415651587,0.01491526048630476,1.604349970817566,0.8961884751915932
2813,3.8174258683725906e-05,0.0029872339218854904,0.0031451766844838858,4.958294994139578e-06,0.0023554624058306217,0.18803073838353157,0.014661939800583541,0.008882903028279543,0.024803437953361287,0.014915414853021502,1.6043802499771118,0.8962054941803217
2814,3.797693145419206e-05,0.0029868187848478556,0.003144758753478527,4.957443707098719e-06,0.0023550582118332386,0.18803447484970093,0.014662085572695108,0.008882994763553143,0.024803671161319037,0.014915568754076958,1.6044104397296906,0.8962224572896957
2815,3.778064890071765e-05,0.0029864071402698755,0.0031443447805941105,4.956596058036666e-06,0.0023546554148197174,0.1880381815135479,0.014662229978702609,0.008883085567504168,0.024803901433691915,0.014915721025317907,1.6044402420520782,0.8962392117828131
2816,3.758541123855054e-05,0.002985991770401597,0.003143926849588752,4.955742952006403e-06,0.0023542502894997597,0.18804188445210457,0.014662374135171267,0.008883175672963262,0.02480413199726355,0.014915873063728213,1.604470044374466,0.8962559644132853
2817,3.739121868179265e-05,0.0029855866450816393,0.0031435182318091393,4.954918949806597e-06,0.002353859134018421,0.18804557248950005,0.014662518290222632,0.008883266011253,0.024804356398681726,0.014916023006662726,1.6044991314411163,0.8962723519653082
2818,3.719807144340011e-05,0.002985177328810096,0.003143106587231159,4.954079486196861e-06,0.0023534600622951984,0.18804923444986343,0.014662660707074407,0.008883356349542737,0.024804585198037504,0.014916174346581101,1.6045286357402802,0.8962889350950718
2819,3.700596973518233e-05,0.002984771504998207,0.003142696339637041,4.953261850459967e-06,0.0023530712351202965,0.18805287033319473,0.014662802626324172,0.0088834457565099,0.024804811648655136,0.014916323125362396,1.6045579612255096,0.8963054157793522
2820,3.681491376780258e-05,0.002984370104968548,0.00314229354262352,4.952428753313143e-06,0.002352675888687372,0.18805645406246185,0.014662941939076872,0.008883533533662558,0.02480503516394729,0.014916471438482404,1.6045869290828705,0.8963216915726662
2821,3.662490375077713e-05,0.002983969170600176,0.0031418902799487114,4.951604296365986e-06,0.0023522842675447464,0.18806008994579315,0.014663083979656991,0.008883623173460364,0.0248052601438413,0.014916619285941124,1.6046159863471985,0.8963380381464958
2822,3.643593989247533e-05,0.002983568934723735,0.0031414860859513283,4.95079621032346e-06,0.0023519000969827175,0.18806365132331848,0.014663222793532077,0.008883710252121091,0.024805485708335812,0.014916767599061131,1.6046451926231384,0.8963544219732285
2823,3.6248022400119e-05,0.0029831728897988796,0.0031410891097038984,4.949971753376303e-06,0.0023515084758400917,0.1880672201514244,0.014663362226342833,0.008883797563612461,0.024805705404421747,0.014916913816705346,1.6046737134456635,0.8963704667985439
2824,3.606115147978284e-05,0.002982775680720806,0.00314068840816617,4.949164122081129e-06,0.0023511252366006374,0.18807077407836914,0.014663500541388735,0.008883885107934475,0.024805929498291187,0.014917059568688273,1.6047025322914124,0.8963866531848907
2825,3.587532733639366e-05,0.002982382196933031,0.003140291664749384,4.948362402501516e-06,0.0023507443256676197,0.18807433918118477,0.014663639227272814,0.00888397148810327,0.02480614860382136,0.014917205087840557,1.6047309935092926,0.8964026663452387
2826,3.569055017373053e-05,0.002981993369758129,0.00313990144059062,4.947556590195745e-06,0.002350361319258809,0.1880778707563877,0.014663776671380819,0.00888405810110271,0.024806366534175922,0.014917348744347692,1.6047590374946594,0.8964184541255236
2827,3.550682019442419e-05,0.0029816010501235723,0.003139505395665765,4.946759418089641e-06,0.0023499825038015842,0.18808140233159065,0.014663914982517534,0.008884144714102149,0.02480658299607831,0.014917493099346757,1.6047871112823486,0.8964342568069696
2828,3.532413759995731e-05,0.002981211058795452,0.0031391135416924953,4.945956789015327e-06,0.0023496015928685665,0.1880849190056324,0.014664051803820336,0.008884230628609657,0.024806798869481925,0.01491763535887003,1.6048150956630707,0.8964500073343515
2829,3.5142502590663284e-05,0.0029808245599269867,0.0031387244816869497,4.945165528624784e-06,0.002349225338548422,0.18808838725090027,0.0146641872593739,0.008884315844625235,0.02480701650082148,0.014917778549715877,1.6048432290554047,0.8964658081531525
2830,3.4961915365727525e-05,0.0029804424848407507,0.0031383386813104153,4.9443915486335754e-06,0.0023488576989620924,0.18809186294674873,0.01466432258963442,0.0088844015263021,0.02480723237045272,0.014917920343577862,1.6048710644245148,0.8964814636856318
2831,3.478237612318584e-05,0.0029800592456012964,0.0031379538122564554,4.943600288243033e-06,0.0023484816774725914,0.18809527158737183,0.01466445518975073,0.008884484879672527,0.024807446771718953,0.014918061438947916,1.6048988699913025,0.8964970707893372
2832,3.460388505992531e-05,0.0029796769376844168,0.003137568011879921,4.9428213060309645e-06,0.002348111942410469,0.18809868767857552,0.014664588408865963,0.008884568698704243,0.024807662930900858,0.014918202301487327,1.6049268245697021,0.8965127561241388
2833,3.442644237168321e-05,0.0029793025460094213,0.0031371917575597763,4.942048690281808e-06,0.0023477450013160706,0.18810207396745682,0.014664720758501783,0.00888465205207467,0.024807875275400307,0.014918342232704163,1.6049543619155884,0.8965282179415226
2834,3.425004825304698e-05,0.002978926058858633,0.003136812709271908,4.941277893522056e-06,0.0023473785258829594,0.1881054937839508,0.014664853727129851,0.008884735172614455,0.024808084391894823,0.014918481232598424,1.6049815118312836,0.8965435028076172
2835,3.407470289745459e-05,0.0029785495717078447,0.0031364327296614647,4.94051573696197e-06,0.0023470164742320776,0.18810885772109032,0.014664985082081434,0.008884817594662309,0.02480829555963771,0.014918618835508823,1.6050086915493011,0.8965587746351957
2836,3.390040649719365e-05,0.002978177275508642,0.0031360590364784002,4.939744485454867e-06,0.00234665023162961,0.18811223283410072,0.01466511655989159,0.008884900249540806,0.02480850173974127,0.014918755972757936,1.6050353646278381,0.8965737987309694
2837,3.372715924340142e-05,0.002977803349494934,0.0031356820836663246,4.93898187414743e-06,0.002346287714317441,0.18811555951833725,0.014665246300046881,0.008884982205927372,0.024808706745001647,0.014918892877176404,1.605061948299408,0.8965887539088726
2838,3.3554961326065035e-05,0.0029774364084005356,0.0031353121157735586,4.938234269502573e-06,0.002345932647585869,0.18811890855431557,0.014665377155350634,0.00888506369665265,0.024808913801527898,0.014919029315933585,1.6050887405872345,0.896603824570775
2839,3.33838129340205e-05,0.002977065509185195,0.003134938422590494,4.9374780246580485e-06,0.002345573389902711,0.1881222315132618,0.01466550664513691,0.008885145420208573,0.02480912085632606,0.014919165056198835,1.6051155626773834,0.8966188970953226
2840,3.3213714254952934e-05,0.002976700197905302,0.003134570550173521,4.93672996526584e-06,0.0023452178575098515,0.18812552094459534,0.014665634769441879,0.00888522551394999,0.024809325563195428,0.014919300330802798,1.6051419973373413,0.8966337591409683
2841,3.304466547539638e-05,0.0029763367492705584,0.0031342036090791225,4.935995093546808e-06,0.002344869077205658,0.18812881410121918,0.014665762644568222,0.008885306073352695,0.024809531148193776,0.014919434441253543,1.6051685512065887,0.896648682653904
2842,3.2876666780733724e-05,0.0029759746976196766,0.003133839927613735,4.935249307891354e-06,0.0023445142433047295,0.18813208490610123,0.014665890270522454,0.00888538546860218,0.024809735851677797,0.014919568784534931,1.6051950454711914,0.8966635651886463
2843,3.2709718355195927e-05,0.0029756140429526567,0.003133476246148348,4.934512617182918e-06,0.0023441645316779613,0.1881353184580803,0.014666016779118603,0.00888546509668231,0.024809936740990655,0.014919701498001814,1.6052209734916687,0.8966781459748745
2844,3.254382038186261e-05,0.002975253388285637,0.003133113030344248,4.933774107485078e-06,0.0023438138887286186,0.18813854455947876,0.014666142170385584,0.008885543793439865,0.024810138508473408,0.014919834211468697,1.6052471101284027,0.8966928273439407
2845,3.23789730426611e-05,0.0029748945962637663,0.0031327521428465843,4.933038326271344e-06,0.0023434641771018505,0.18814175575971603,0.014666267808631273,0.008885622955858707,0.02481033851473657,0.014919965760782361,1.6052730679512024,0.8967074118554592
2846,3.221517651836676e-05,0.0029745385982096195,0.0031323940493166447,4.93230800202582e-06,0.0023431172594428062,0.1881449893116951,0.014666393693849322,0.008885701652616262,0.02481053500025793,0.014920095913112164,1.605298489332199,0.8967217393219471
2847,3.2052430988602545e-05,0.002974186558276415,0.003132040146738291,4.9315822252538055e-06,0.002342772437259555,0.1881481632590294,0.014666517221544965,0.00888577988371253,0.02481073412354951,0.014920226763933897,1.605324238538742,0.8967362008988857
2848,3.18907366318388e-05,0.00297383195720613,0.0031316818203777075,4.9308655434288085e-06,0.002342432038858533,0.18815132603049278,0.014666640500155762,0.00888585695065558,0.02481093089919405,0.014920356217771769,1.6053497195243835,0.8967505227774382
2849,3.173009362539337e-05,0.00297348340973258,0.0031313300132751465,4.9301606850349344e-06,0.0023420974612236023,0.18815447017550468,0.014666763033603246,0.008885934017598629,0.024811127380024174,0.014920485205948353,1.605375200510025,0.8967648353427649
2850,3.157050214543115e-05,0.0029731320682913065,0.00313097657635808,4.929435817757621e-06,0.0023417531047016382,0.18815761804580688,0.014666885566027032,0.008886010851711035,0.024811322979543887,0.01492061442695558,1.6054004728794098,0.8967790454626083
2851,3.141196236696334e-05,0.0029727856162935495,0.0031306275632232428,4.928729140374344e-06,0.0023414171300828457,0.18816076591610909,0.01466700834546538,0.008886087452992797,0.02481151828427242,0.014920742018148303,1.6054257452487946,0.8967932555824518
2852,3.1254474463848536e-05,0.0029724370688199997,0.0031302766874432564,4.928015187033452e-06,0.0023410781286656857,0.1881638653576374,0.01466712913958656,0.008886163821443915,0.02481171212122917,0.014920870075002313,1.605450838804245,0.8968073520809412
2853,3.109803860879141e-05,0.002972095273435116,0.003129932563751936,4.927315785607789e-06,0.002340745646506548,0.18816698715090752,0.014667251048866538,0.008886240189895034,0.024811905956671616,0.014920996502041817,1.6054758727550507,0.8968214299529791
2854,3.0942654973343156e-05,0.002971750684082508,0.003129584714770317,4.926619112666231e-06,0.0023404147941619158,0.18817007541656494,0.0146673709728766,0.008886315394192934,0.024812097444661153,0.01492112223058939,1.6055006384849548,0.8968353569507599
2855,3.078832372790108e-05,0.0029714093543589115,0.0031292415224015713,4.925915163767058e-06,0.002340080449357629,0.18817317858338356,0.014667492012041417,0.008886391064152122,0.02481228922441297,0.014921247493475676,1.6055254340171814,0.8968493063002825
2856,3.0635045041708015e-05,0.0029710696544498205,0.0031289001926779747,4.925215762341395e-06,0.0023397482000291348,0.1881762333214283,0.014667610941969205,0.008886466268450022,0.024812477777066355,0.014921372523531318,1.6055499017238617,0.896863067522645
2857,3.0482819082853006e-05,0.0029707332141697407,0.0031285600271075964,4.924535460304469e-06,0.002339425031095743,0.18817925825715065,0.014667728630802476,0.008886540308594704,0.02481266691475816,0.014921497320756316,1.6055744290351868,0.8968768436461687
2858,3.033164601827043e-05,0.0029703963082283735,0.00312822125852108,4.92384333483642e-06,0.0023390960413962603,0.1881822943687439,0.014667847558811712,0.008886614115908742,0.02481285722394173,0.014921622117981315,1.605599045753479,0.8968906700611115
2859,3.018152601374022e-05,0.0029700614977627993,0.003127883654087782,4.923160304315388e-06,0.0023387717083096504,0.18818530067801476,0.014667964625691343,0.008886688156053424,0.024813043133198556,0.014921745983883739,1.6056231260299683,0.8969042133539915
2860,3.0032459233887205e-05,0.002969729481264949,0.003127549309283495,4.922482730762567e-06,0.0023384499363601208,0.18818829581141472,0.014668081443616574,0.008886761497706175,0.024813229627520424,0.014921867987141013,1.6056472063064575,0.8969177510589361
2861,2.9884445842181557e-05,0.0029693939723074436,0.0031272119376808405,4.921790605294518e-06,0.002338120946660638,0.18819132447242737,0.014668199128674822,0.008886835305020213,0.024813416706894135,0.01492199138738215,1.6056714355945587,0.896931380033493
2862,2.9737486000937916e-05,0.00296906684525311,0.0031268831808120012,4.921118488709908e-06,0.0023378017358481884,0.18819427862763405,0.014668314208619537,0.008886907249689102,0.02481359997293804,0.014922112692147493,1.605695128440857,0.8969447035342455
2863,2.9591579871315836e-05,0.002968735992908478,0.0031265495344996452,4.9204436436411925e-06,0.002337481128051877,0.18819722533226013,0.014668429287661402,0.008886978961527348,0.024813784410518066,0.014922233996912837,1.6057190001010895,0.8969581127166748
2864,2.9446727613319336e-05,0.0029684079345315695,0.0031262170523405075,4.919791535940021e-06,0.0023371714632958174,0.18820017203688622,0.014668544241794307,0.00888705113902688,0.0248139679670665,0.01492235530167818,1.6057428419589996,0.8969715069979429
2865,2.9302929385796592e-05,0.002968082670122385,0.0031258901581168175,4.919119419355411e-06,0.002336852252483368,0.1882031001150608,0.014668658326990217,0.008887122850865126,0.024814150642602895,0.014922474743798375,1.6057664453983307,0.8969847727566957
2866,2.916018534644024e-05,0.0029677588026970625,0.0031255651265382767,4.918448212265503e-06,0.002336533274501562,0.1882060207426548,0.014668771915282028,0.008887194329872727,0.024814335076089954,0.014922595582902431,1.6057902872562408,0.8969981539994478
2867,2.9018495651786225e-05,0.0029674358665943146,0.003125237999483943,4.917802925774595e-06,0.0023362268693745136,0.1882089227437973,0.01466888488267803,0.008887266041710973,0.024814514230358665,0.014922714559361339,1.6058134734630585,0.8970111981034279
2868,2.8877860457214948e-05,0.002967115491628647,0.003124915063381195,4.917149453831371e-06,0.0023359162732958794,0.1882118321955204,0.01466899834521323,0.008887336822226644,0.024814693090122273,0.014922834001481533,1.605836659669876,0.8970242459326982
2869,2.873827991695e-05,0.0029667948838323355,0.0031245946884155273,4.916474608762655e-06,0.002335595665499568,0.1882147267460823,0.01466911118686415,0.008887407835572958,0.02481487370785398,0.014922952745109797,1.6058599948883057,0.897037360817194
2870,2.8599754184058678e-05,0.0029664740432053804,0.0031242696568369865,4.915835233987309e-06,0.0023352918215095997,0.18821761012077332,0.014669223531645504,0.008887478150427341,0.024815049339744714,0.014923070557415485,1.6058827638626099,0.8970501869916916
2871,2.8462283410451262e-05,0.0029661597218364477,0.003123953938484192,4.915185854770243e-06,0.0023349833209067583,0.18822047486901283,0.014669335131569821,0.008887547999620438,0.02481522907526746,0.014923189068213105,1.6059059798717499,0.8970632273703814
2872,2.832586774688163e-05,0.0029658437706530094,0.0031236358918249607,4.914537385047879e-06,0.002334675518795848,0.18822333589196205,0.014669446730645125,0.008887617848813534,0.02481540470464307,0.014923305017873645,1.6059287786483765,0.8970760572701693
2873,2.8190507342945988e-05,0.0029655294492840767,0.003123319009318948,4.913895281788427e-06,0.0023343705106526613,0.1882261484861374,0.014669556344910382,0.008887686068192124,0.0248155815055804,0.014923422131687403,1.6059516072273254,0.8970888778567314
2874,2.8056202347083598e-05,0.0029652160592377186,0.0031230030581355095,4.9132577260024846e-06,0.0023340675979852676,0.18822897225618362,0.014669666578339806,0.00888775591738522,0.024815756839262643,0.014923537382856011,1.6059743165969849,0.8971016444265842
2875,2.792295290657659e-05,0.0029649040661752224,0.003122687805444002,4.912628810416209e-06,0.002333768643438816,0.18823176622390747,0.014669775198996572,0.008887823903933167,0.024815932464903115,0.014923652866855264,1.6059970557689667,0.8971144109964371
2876,2.7790759167549093e-05,0.00296459230594337,0.0031223732512444258,4.911995347356424e-06,0.0023334678262472153,0.18823456019163132,0.01466988419083349,0.008887892123311758,0.024816106036935924,0.014923768350854516,1.6060194969177246,0.897127028554678
2877,2.765962127496797e-05,0.002964285435155034,0.003122064284980297,4.911369615001604e-06,0.0023331705015152693,0.18823735043406487,0.014669993057866763,0.008887960342690349,0.024816280780526393,0.014923882903531194,1.6060421168804169,0.8971397336572409
2878,2.7529539372641772e-05,0.002963974606245756,0.003121752757579088,4.910719781037187e-06,0.0023328617680817842,0.18824011832475662,0.014670100684162449,0.008888027630746365,0.024816454350123,0.01492399675771594,1.60606449842453,0.8971523083746433
2879,2.740051360322135e-05,0.0029636691324412823,0.0031214444898068905,4.910100869892631e-06,0.0023325677029788494,0.18824287876486778,0.014670208185676483,0.008888095850124955,0.024816623813861967,0.014924108982086182,1.6060864627361298,0.8971646707504988
2880,2.7272544108199237e-05,0.0029633650556206703,0.0031211376190185547,4.909483777737478e-06,0.002332274802029133,0.18824566528201103,0.014670316678331982,0.008888163371011615,0.024816795915125305,0.014924223301932216,1.6061088144779205,0.8971772398799658
2881,2.714563102790985e-05,0.0029630609788000584,0.0031208309810608625,4.9088644118455704e-06,0.0023319805040955544,0.1882483959197998,0.014670423186341312,0.008888230193406343,0.02481696801519515,0.014924336457625031,1.6061310470104218,0.8971897214651108
2882,2.7019774501528734e-05,0.0029627603944391012,0.003120529232546687,4.908242772216909e-06,0.0023316850420087576,0.1882510967552662,0.014670528949641293,0.008888296550139785,0.024817136595878166,0.014924447052180767,1.606152892112732,0.8972019944339991
2883,2.689497466707311e-05,0.002962458413094282,0.0031202242244035006,4.90763295601937e-06,0.002331395400688052,0.18825382739305496,0.014670634712178806,0.008888362441211939,0.024817303416331118,0.014924558578059077,1.6061745584011078,0.8972141928970814
2884,2.6771231661401225e-05,0.0029621580615639687,0.003119921777397394,4.9070176828536205e-06,0.0023311031982302666,0.18825652822852135,0.014670739730028453,0.008888429030776024,0.024817471701556976,0.0149246696382761,1.6061963140964508,0.8972264211624861
2885,2.6648545620212558e-05,0.0029618588741868734,0.0031196195632219315,4.9064128688769415e-06,0.0023308158852159977,0.18825921043753624,0.01467084499509972,0.008888494689017534,0.02481763969246486,0.014924780931323767,1.6062180399894714,0.8972386252135038
2886,2.652691667804729e-05,0.002961563877761364,0.003119322005659342,4.905813511868473e-06,0.002330531133338809,0.18826189637184143,0.014670949515500928,0.008888560580089688,0.024817806509536095,0.014924890361726284,1.6062395870685577,0.8972507417201996
2887,2.6406344968286525e-05,0.002961267251521349,0.0031190235167741776,4.905205514660338e-06,0.0023302421905100346,0.18826458230614662,0.014671053663202751,0.008888625539839268,0.024817973911831874,0.014925000257790089,1.6062613129615784,0.8972629476338625
2888,2.6286830623152062e-05,0.0029609734192490578,0.003118727821856737,4.904602974420413e-06,0.0023299558088183403,0.18826718255877495,0.014671155082516136,0.008888689568266273,0.024818139260801893,0.014925108989700675,1.6062826216220856,0.8972749020904303
2889,2.6168373773705753e-05,0.002960675861686468,0.0031184274703264236,4.904001343675191e-06,0.002329670125618577,0.18826982751488686,0.014671258360876389,0.00888875499367714,0.02481830226331816,0.01492521702311933,1.6063038110733032,0.897286819294095
2890,2.605097454985015e-05,0.00296038412488997,0.0031181336380541325,4.903402441414073e-06,0.0023293858394026756,0.18827244639396667,0.014671360522668727,0.008888819254934788,0.024818467903267666,0.01492532598786056,1.6063251793384552,0.8972988128662109
2891,2.5934633080328083e-05,0.0029600923880934715,0.0031178398057818413,4.902806267637061e-06,0.002329102484509349,0.18827509135007858,0.014671463551619897,0.008888883050531149,0.02481863002413003,0.014925432857125998,1.6063462495803833,0.8973106704652309
2892,2.5819349492721992e-05,0.002959803445264697,0.003117548068985343,4.902220098301768e-06,0.002328824019059539,0.1882777027785778,0.014671565340041659,0.008888947311788797,0.024818794489239234,0.014925542054697871,1.6063675582408905,0.8973226305097342
2893,2.5705123913454596e-05,0.002959517063573003,0.003117260057479143,4.901632109977072e-06,0.002328544855117798,0.18828032165765762,0.01467166749969644,0.008889011340215802,0.0248189545558391,0.014925647992640734,1.6063882112503052,0.8973342664539814
2894,2.559195646778823e-05,0.0029592292848974466,0.0031169704161584377,4.901043212157674e-06,0.002328264992684126,0.18828292936086655,0.014671768790787776,0.008889075135812163,0.024819114621406645,0.014925754396244884,1.6064088940620422,0.8973459117114544
2895,2.5479847279824962e-05,0.002958939876407385,0.0031166779808700085,4.900459316559136e-06,0.002327987225726247,0.18828550353646278,0.014671869213333655,0.00888913869857788,0.024819275858572038,0.014925860799849033,1.6064298450946808,0.8973576743155718
2896,2.5368796472505948e-05,0.0029586595483124256,0.0031163960229605436,4.899882696918212e-06,0.002327713882550597,0.18828808888792992,0.014671969759169368,0.008889201562851667,0.024819436508378707,0.014925966039299965,1.6064504981040955,0.8973692934960127
2897,2.525880416761239e-05,0.002958373399451375,0.0031161077786237,4.899298346572323e-06,0.002327436115592718,0.18829062953591347,0.014672068568647357,0.008889263728633523,0.024819595398223065,0.014926071278750896,1.6064711511135101,0.8973808903247118
2898,2.5149870485764145e-05,0.0029580884147435427,0.003115820698440075,4.898713996226434e-06,0.0023271581158041954,0.18829316645860672,0.01467216762541093,0.008889326360076666,0.024819756632265176,0.01492617605254054,1.6064919829368591,0.8973925746977329
2899,2.504199554642048e-05,0.002957809017971158,0.003115538042038679,4.8981537474901415e-06,0.00232689268887043,0.18829570338129997,0.01467226655753107,0.008889388758689165,0.024819914347460267,0.014926280826330185,1.6065123677253723,0.8974040355533361
2900,2.4935179467879313e-05,0.0029575261287391186,0.003115253057330847,4.897576218354516e-06,0.0023266179487109184,0.18829821795225143,0.01467236449719343,0.008889449993148446,0.02482007118220879,0.014926383970305324,1.6065327525138855,0.8974154852330685
2901,2.482942236727764e-05,0.0029572476632893085,0.003114973194897175,4.897001417702995e-06,0.002326345071196556,0.1883007399737835,0.014672462932094088,0.008889511926099658,0.02482022977484394,0.014926488744094968,1.6065532863140106,0.8974270131438971
2902,2.4724724360591117e-05,0.0029569671023637056,0.003114690538495779,4.896430709777633e-06,0.0023260735906660557,0.18830325081944466,0.014672560374556904,0.008889572927728295,0.024820383383010614,0.014926591189578176,1.6065731942653656,0.8974382225424051
2903,2.4621085562633944e-05,0.0029566925950348377,0.003114414867013693,4.895861366094323e-06,0.00232580304145813,0.18830577284097672,0.01467265893211483,0.008889635093510151,0.024820537283369276,0.01492669340223074,1.6065931022167206,0.8974494375288486
2904,2.451850608705875e-05,0.0029564141295850277,0.0031141331419348717,4.895301572105382e-06,0.0023255376145243645,0.18830826506018639,0.0146727560013644,0.008889695862308145,0.02482069235533691,0.014926796080544591,1.6066131293773651,0.8974606972187757
2905,2.4416986046356607e-05,0.0029561403207480907,0.003113857237622142,4.894744961347897e-06,0.0023252731189131737,0.18831073120236397,0.014672851830274608,0.008889756631106138,0.024820848892030508,0.014926898526027799,1.6066334545612335,0.8974720928817987
2906,2.4316525551856485e-05,0.002955865813419223,0.003113581333309412,4.89417743665399e-06,0.002325003268197179,0.18831321969628334,0.01467294902221696,0.008889817167073488,0.02482100249636569,0.014927000738680363,1.6066533327102661,0.8974832762032747
2907,2.4217124713725792e-05,0.0029555943328887224,0.0031133079901337624,4.893621735391207e-06,0.002324739471077919,0.18831570073962212,0.014673045469707015,0.008889877703040838,0.02482115463407364,0.014927101554349065,1.6066729724407196,0.8974943365901709
2908,2.4118783640969717e-05,0.0029553209897130728,0.0031130313873291016,4.89307421958074e-06,0.002324479166418314,0.1883181482553482,0.014673141172759453,0.008889938006177545,0.024821308236516765,0.014927203068509698,1.6066929697990417,0.897505559027195
2909,2.402150244143125e-05,0.0029550474137067795,0.0031127557158470154,4.892516699328553e-06,0.002324214670807123,0.1883205696940422,0.014673235635522919,0.008889996912330389,0.02482145978608728,0.014927303185686469,1.6067125499248505,0.8975165598094463
2910,2.3925281221791163e-05,0.002954778028652072,0.003112484235316515,4.89196645503398e-06,0.0023239529691636562,0.18832303956151009,0.0146733310894037,0.008890057448297739,0.02482161192099239,0.01492740330286324,1.6067321598529816,0.8975275997072458
2911,2.3830120087567806e-05,0.002954508177936077,0.0031122113578021526,4.891423486697022e-06,0.0023236949928104877,0.1883254610002041,0.014673425798874295,0.008890117052942514,0.0248217652274776,0.014927504118531942,1.6067519783973694,0.8975387196987867
2912,2.3736019143117214e-05,0.0029542373958975077,0.0031119384802877903,4.8908723329077475e-06,0.002323433058336377,0.1883278712630272,0.014673519763949122,0.008890176191926003,0.024821916481131627,0.014927604235708714,1.606771558523178,0.8975497148931026
2913,2.364297849163234e-05,0.002953972900286317,0.0031116725876927376,4.890326636086684e-06,0.0023231736849993467,0.18833027780056,0.01467361360445894,0.008890235098078847,0.024822065975116582,0.014927702955901623,1.6067910194396973,0.8975606486201286
2914,2.355099823514372e-05,0.002953707240521908,0.0031114048324525356,4.889785486739129e-06,0.0023229168727993965,0.1883327178657055,0.014673708560031057,0.008890294469892979,0.024822216933815217,0.014927803073078394,1.6068105101585388,0.8975716140121222
2915,2.3460078474519244e-05,0.002953440649434924,0.003111136145889759,4.889238880423363e-06,0.002322657499462366,0.1883350983262062,0.014673801159716511,0.008890352444723248,0.024822366132869648,0.01492790156044066,1.6068298816680908,0.8975824899971485
2916,2.3370219309463305e-05,0.0029531775508075953,0.0031108693219721317,4.888718649453949e-06,0.0023224102333188057,0.1883375085890293,0.014673894998426784,0.008890411350876093,0.024822514744788752,0.01492799911648035,1.6068491041660309,0.8975933063775301
2917,2.3281420838517432e-05,0.0029529135208576918,0.0031106057576835155,4.888159310212359e-06,0.0023221441078931093,0.18833990022540092,0.014673988464656606,0.008890470024198294,0.0248226651145232,0.014928099000826478,1.6068685948848724,0.8976042475551367
2918,2.3193683159060405e-05,0.002952651586383581,0.003110340563580394,4.887635441264138e-06,0.0023218952119350433,0.18834224343299866,0.014674079575063587,0.008890527300536633,0.02482281108661045,0.01492819539271295,1.6068874895572662,0.8976148664951324
2919,2.3107006367306965e-05,0.0029523877892643213,0.0031100749038159847,4.887096565653337e-06,0.0023216393310576677,0.1883445866405964,0.014674171304697775,0.008890585042536259,0.024822960282093715,0.014928294345736504,1.6069068014621735,0.8976256940513849
2920,2.3021390558308993e-05,0.0029521228279918432,0.0031098080798983574,4.886554961558431e-06,0.0023213825188577175,0.1883469671010971,0.014674263653547556,0.008890642784535885,0.02482310830423121,0.014928391436114907,1.606925904750824,0.8976364359259605
2921,2.293683582595487e-05,0.0029518678784370422,0.0031095510348677635,4.886034275841666e-06,0.00232113478705287,0.18834932148456573,0.014674355258074043,0.008890700526535511,0.024823254273712302,0.014928487129509449,1.6069448590278625,0.8976470902562141
2922,2.2853342262968932e-05,0.0029516099020838737,0.0031092914287000895,4.885504495177884e-06,0.0023208833299577236,0.18835164606571198,0.01467444562246614,0.00889075780287385,0.024823400535443872,0.014928583754226565,1.6069637835025787,0.8976577147841454
2923,2.2770909960912333e-05,0.002951350063085556,0.0031090290285646915,4.88497926198761e-06,0.0023206337355077267,0.18835395202040672,0.014674536110257281,0.008890814380720258,0.024823545330778154,0.014928679214790463,1.6069824993610382,0.8976682256907225
2924,2.268953901018208e-05,0.0029510895255953074,0.0031087659299373627,4.884452664555283e-06,0.0023203834425657988,0.18835627660155296,0.014674626225626246,0.00889087119139731,0.024823687194213684,0.014928773511201143,1.607000857591629,0.897678567096591
2925,2.260922950001146e-05,0.0029508345760405064,0.003108508884906769,4.883935616817325e-06,0.002320137806236744,0.1883585900068283,0.014674716340441827,0.008890927536413074,0.02482383316029078,0.014928870368748903,1.60701984167099,0.8976892158389091
2926,2.2529981518469603e-05,0.0029505796264857054,0.0031082523055374622,4.883410838374402e-06,0.0023198884446173906,0.18836090341210365,0.014674806702610456,0.008890984114259481,0.02482397502208143,0.01492896443232894,1.6070381104946136,0.8976995069533587
2927,2.245179515246193e-05,0.0029503253754228354,0.0031079971231520176,4.882882421952672e-06,0.0023196376860141754,0.188363216817379,0.014674896568412872,0.00889104069210589,0.024824118641663485,0.014929058961570263,1.6070567667484283,0.8977099917829037
2928,2.237467048772895e-05,0.002950071357190609,0.0031077400781214237,4.882375378656434e-06,0.00231939647346735,0.18836554139852524,0.014674987053423422,0.008891097269952297,0.024824261674217342,0.01492915372364223,1.6070753633975983,0.8977204523980618
2929,2.2298607608847563e-05,0.0029498145449906588,0.0031074807047843933,4.88185514768702e-06,0.002319149672985077,0.18836784735321999,0.014675076794170495,0.008891153847798705,0.02482440236117127,0.014929246623069048,1.6070935130119324,0.8977306801825762
2930,2.222360659923009e-05,0.002949564252048731,0.0031072290148586035,4.881340828433167e-06,0.0023189052008092403,0.18837011605501175,0.014675165666717569,0.008891209028661251,0.024824545978281,0.014929341152310371,1.6071120500564575,0.8977410830557346
2931,2.214966754112415e-05,0.0029493127949535847,0.00310697453096509,4.880836968368385e-06,0.002318665850907564,0.188372403383255,0.014675254538726434,0.008891264675185084,0.024824689887653472,0.014929435215890408,1.607130616903305,0.89775151014328
2932,2.207679051561323e-05,0.002949061105027795,0.0031067205127328634,4.880324468103936e-06,0.002318422310054302,0.18837466090917587,0.014675342542556334,0.008891320088878274,0.02482482998599676,0.014929528813809156,1.6071488559246063,0.8977617584168911
2933,2.200497560261568e-05,0.002948808716610074,0.0031064674258232117,4.8798015086504165e-06,0.0023181738797575235,0.18837695196270943,0.014675431661389933,0.008891375968232751,0.024824973600632603,0.014929622411727905,1.6071674227714539,0.8977721873670816
2934,2.193422288088539e-05,0.002948559122160077,0.003106215503066778,4.87929537484888e-06,0.002317933365702629,0.1883791945874691,0.014675519168368931,0.008891429752111435,0.02482511457664054,0.01492971507832408,1.6071856617927551,0.8977824281901121
2935,2.1864532428011547e-05,0.0029483134858310223,0.003105966839939356,4.878803792962572e-06,0.0023176998365670443,0.18838142976164818,0.014675606055093864,0.008891485165804625,0.024825254965674066,0.014929807046428323,1.6072039008140564,0.8977926652878523
2936,2.179590432041812e-05,0.0029480631928890944,0.0031057149171829224,4.8782912926981226e-06,0.002317456528544426,0.18838367983698845,0.01467569380892444,0.008891540113836527,0.024825392716146148,0.014929900178685784,1.607221782207489,0.8978027310222387
2937,2.1728338633364384e-05,0.0029478154610842466,0.0031054653227329254,4.877784704149235e-06,0.002317215781658888,0.18838589265942574,0.014675779827000513,0.008891594596207142,0.024825531931272203,0.014929991913959384,1.6072397232055664,0.8978128079324961
2938,2.1661835440944382e-05,0.002947566332295537,0.003105213399976492,4.87728448206326e-06,0.002316978294402361,0.18838812038302422,0.014675866960070762,0.00889164861291647,0.024825671731781594,0.014930084347724915,1.6072578132152557,0.89782296679914
2939,2.1596394816086828e-05,0.002947320928797126,0.0031049661338329315,4.87678198624053e-06,0.002316739410161972,0.1883903369307518,0.014675953101075499,0.008891703560948372,0.024825809186860795,0.01493017585016787,1.6072756350040436,0.8978329859673977
2940,2.1532016830555636e-05,0.002947075292468071,0.003104718867689371,4.87627903567045e-06,0.002316500525921583,0.1883925460278988,0.01467603924157463,0.008891757344827056,0.02482594810657269,0.01493026758544147,1.6072936356067657,0.8978430908173323
2941,2.1468701554949054e-05,0.0029468315187841654,0.00310447346419096,4.875780632573878e-06,0.002316263737156987,0.18839475885033607,0.014676125009741943,0.008891811594367027,0.024826087611661423,0.014930359553545713,1.607311725616455,0.8978532422333956
2942,2.1406449058700003e-05,0.002946585649624467,0.003104225732386112,4.875276317761745e-06,0.0023160241544246674,0.18839696422219276,0.014676210901349377,0.008891865145415068,0.024826223892136113,0.014930450590327382,1.607329398393631,0.8978631813079119
2943,2.1345259410075956e-05,0.002946342807263136,0.003103980328887701,4.874789738096297e-06,0.0023157931864261627,0.18839919939637184,0.01467629840368218,0.008891919627785683,0.02482636222337976,0.014930542791262269,1.6073472797870636,0.8978732395917177
2944,2.128513267617905e-05,0.0029460994992405176,0.00310373492538929,4.8742940634838305e-06,0.0023155573289841413,0.18840136751532555,0.014676382806996135,0.008891973411664367,0.024826496743913497,0.014930631732568145,1.6073647141456604,0.897883040830493
2945,2.122606892294544e-05,0.0029458547942340374,0.0031034881249070168,4.873796569881961e-06,0.0023153210058808327,0.18840357288718224,0.014676468449216502,0.008892027428373694,0.02482663360828365,0.0149307232350111,1.607382446527481,0.8978930097073317
2946,2.1168068215145827e-05,0.0029456147458404303,0.003103246446698904,4.873305442743003e-06,0.0023150877095758915,0.18840573355555534,0.014676552975491005,0.008892080280929804,0.0248267716441754,0.01493081427179277,1.6074003279209137,0.8979030307382345
2947,2.1111130616385053e-05,0.002945372834801674,0.0031030026730149984,4.87281113237259e-06,0.0023148530162870884,0.18840794637799263,0.014676638864593868,0.0088921335991472,0.024826907920895282,0.01493090484291315,1.6074178814888,0.8979129139333963
2948,2.105525618910229e-05,0.0029451341833919287,0.003102762158960104,4.872323188465089e-06,0.0023146215826272964,0.18841008841991425,0.014676722522327728,0.008892185986042023,0.024827045369130316,0.014930995414033532,1.6074357330799103,0.8979229107499123
2949,2.1000444994570725e-05,0.002944889012724161,0.0031025141943246126,4.871832061326131e-06,0.0023143880534917116,0.18841226398944855,0.014676807171075295,0.008892239071428776,0.02482718047209097,0.014931085053831339,1.6074532270431519,0.8979327455163002
2950,2.0946697092897355e-05,0.002944652922451496,0.0031022774055600166,4.871341843681876e-06,0.002314154990017414,0.18841444328427315,0.014676891943270253,0.008892292622476816,0.024827315574316437,0.014931174460798502,1.6074707210063934,0.8979425821453333
2951,2.0894012543023403e-05,0.0029444140382111073,0.0031020352616906166,4.870866177952848e-06,0.002313928911462426,0.18841658905148506,0.014676975723496475,0.008892345475032926,0.024827450968867727,0.014931263867765665,1.6074881851673126,0.8979523871093988
2952,2.0842391402724113e-05,0.0029441737569868565,0.003101794049143791,4.87036959384568e-06,0.0023136932868510485,0.18841877579689026,0.014677060494717903,0.008892398327589035,0.02482758636268066,0.01493135280907154,1.6075057685375214,0.8979622721672058
2953,2.0791833728608204e-05,0.0029439362697303295,0.0031015549320727587,4.869881649938179e-06,0.002313461387529969,0.18842091783881187,0.014677144150048527,0.008892450714483857,0.0248277194112927,0.014931442216038704,1.6075229942798615,0.8979719560593367
2954,2.0742339576118407e-05,0.002943696454167366,0.0031013120897114277,4.869402800977696e-06,0.0023132339119911194,0.18842307478189468,0.01467722817670063,0.00889250379987061,0.024827852166135488,0.014931530691683292,1.6075402200222015,0.8979816474020481
2955,2.0693908999531265e-05,0.0029434605967253447,0.0031010746024549007,4.8689189497963525e-06,0.0023130043409764767,0.1884252019226551,0.014677311087483186,0.008892555488273501,0.024827986971651242,0.014931619632989168,1.6075576543807983,0.8979914281517267
2956,2.0646542051956575e-05,0.0029432231094688177,0.0031008347868919373,4.868441465077922e-06,0.002312776865437627,0.18842734768986702,0.014677394617454176,0.008892608107998967,0.024828118552850945,0.014931707177311182,1.6075747609138489,0.898001054301858
2957,2.0600238785338263e-05,0.00294298748485744,0.0031005959026515484,4.867969437327702e-06,0.002312552649527788,0.18842947855591774,0.014677478023019145,0.008892659796401858,0.0248282521847142,0.01493179565295577,1.607591986656189,0.8980107326060534
2958,2.0554999250453405e-05,0.0029427516274154186,0.0031003591138869524,4.8674810386728495e-06,0.002312321215867996,0.18843161314725876,0.014677560560600508,0.008892711251974106,0.02482838522975828,0.014931884128600359,1.6076093018054962,0.8980204574763775
2959,2.0510823496912668e-05,0.002942517166957259,0.0031001227907836437,4.86700400870177e-06,0.0023120944388210773,0.18843376636505127,0.014677644584868742,0.008892764337360859,0.02482851886018623,0.014931971905753016,1.6076265275478363,0.8980301469564438
2960,2.0467711573160298e-05,0.002942279912531376,0.0030998820438981056,4.866535164183006e-06,0.002311871387064457,0.1884358711540699,0.014677726501870724,0.00889281602576375,0.024828649559426607,0.014932059682905674,1.607643485069275,0.8980396781116724
2961,2.042566352647381e-05,0.0029420459177345037,0.00309964781627059,4.866044037044048e-06,0.002311638556420803,0.18843801692128181,0.014677810029477633,0.008892868179827929,0.024828782309296072,0.014932148158550262,1.6076606512069702,0.898049334064126
2962,2.0384679402963874e-05,0.0029418114572763443,0.0030994112603366375,4.865568371315021e-06,0.002311412710696459,0.18844012171030045,0.014677892069483427,0.008892919402569532,0.02482891740280542,0.014932236168533564,1.6076782047748566,0.8980591632425785
2963,2.0344759247574737e-05,0.002941577462479472,0.0030991751700639725,4.865092705585994e-06,0.0023111863993108273,0.18844226002693176,0.014677975348295243,0.00889297155663371,0.024829048099947886,0.01493232324719429,1.6076950430870056,0.8980686515569687
2964,2.0305903104083808e-05,0.0029413450974971056,0.0030989404767751694,4.864622496825177e-06,0.002310963114723563,0.1884443573653698,0.01467805701559974,0.008893022779375315,0.024829180847686542,0.014932410791516304,1.6077122390270233,0.8980782981961966
2965,2.0268111015101432e-05,0.0029411118011921644,0.0030987062491476536,4.864138190896483e-06,0.002310733078047633,0.18844646960496902,0.0146781393020752,0.008893074933439493,0.024829311836481318,0.014932498103007674,1.607729196548462,0.8980878330767155
2966,2.0231383022071325e-05,0.002940879436209798,0.0030984715558588505,4.863670255872421e-06,0.0023105107247829437,0.18844855576753616,0.014678220224921197,0.008893125224858522,0.024829442531547563,0.014932584716007113,1.6077461540699005,0.8980973549187183
2967,2.0195719165270357e-05,0.0029406442772597075,0.0030982340686023235,4.863195954385446e-06,0.0023102853447198868,0.1884506605565548,0.014678302510481706,0.008893176913261414,0.024829575277177447,0.014932672027498484,1.6077633500099182,0.8981070052832365
2968,2.0161119483808233e-05,0.002940412377938628,0.003098000306636095,4.8627225623931736e-06,0.002310060430318117,0.18845277652144432,0.014678384919503927,0.008893228368833661,0.024829704212650662,0.01493275840766728,1.6077800691127777,0.898116422817111
2969,2.0127584015627693e-05,0.002940184436738491,0.0030977693386375904,4.8622659960528836e-06,0.0023098436649888754,0.18845486268401146,0.014678466336685061,0.008893279591575265,0.024829834612618718,0.014932845253497362,1.6077968776226044,0.8981258701533079
2970,2.009511279750454e-05,0.00293995114043355,0.0030975351110100746,4.8617853281029966e-06,0.002309615258127451,0.1884569525718689,0.014678547133806492,0.008893329882994294,0.024829965890995922,0.014932931866496801,1.6078139245510101,0.8981354385614395
2971,2.0063705865047498e-05,0.0029397194739431143,0.0030973011162132025,4.861316483584233e-06,0.002309392439201474,0.18845906481146812,0.014678629789297197,0.008893382269889116,0.024830095410500377,0.014933018945157528,1.607830673456192,0.8981448691338301
2972,2.003336325269803e-05,0.00293949106708169,0.0030970710795372725,4.860850367549574e-06,0.002309171250090003,0.18846114352345467,0.014678710957279652,0.00889343279413879,0.024830226394470488,0.014933104626834393,1.6078476905822754,0.898154417052865
2973,2.0004084993730634e-05,0.0029392577707767487,0.003096835222095251,4.860378794546705e-06,0.002308947267010808,0.1884632632136345,0.014678793611847879,0.00889348448254168,0.024830357963803028,0.014933191938325763,1.607864797115326,0.8981640301644802
2974,1.9975871120252434e-05,0.0029390286654233932,0.003096604021266103,4.859914042754099e-06,0.002308726543560624,0.18846531957387924,0.01467887341581696,0.008893535239621997,0.02483048777428753,0.014933278085663915,1.6078815162181854,0.8981734178960323
2975,1.9948721663203377e-05,0.002938799560070038,0.003096373286098242,4.8594465624773875e-06,0.0023085041902959347,0.18846742436289787,0.01467895520204318,0.008893585996702313,0.024830618463164273,0.014933364931493998,1.6078984439373016,0.8981829341500998
2976,1.992263665235624e-05,0.002938566729426384,0.0030961381271481514,4.85897589896922e-06,0.002308280672878027,0.18846948444843292,0.014679035624721276,0.008893636288121343,0.02483074797926485,0.014933450613170862,1.6079152524471283,0.8981923684477806
2977,1.9897616116316317e-05,0.0029383404180407524,0.003095910418778658,4.858512511418667e-06,0.002308060647919774,0.18847156688570976,0.014679116790459669,0.008893687278032303,0.024830878373751544,0.014933536760509014,1.6079321205615997,0.8982018437236547
2978,1.9873660082521832e-05,0.002938107354566455,0.0030956752598285675,4.8580404836684465e-06,0.002307835966348648,0.1884736642241478,0.01467919857532991,0.008893738267943263,0.02483100935359151,0.014933622907847166,1.607949048280716,0.8982113562524319
2979,1.985076857724352e-05,0.0029378749895840883,0.003095440100878477,4.857574822381139e-06,0.0023076150100678205,0.18847572803497314,0.014679278748843755,0.00889378902502358,0.024831138574635776,0.014933710219338536,1.6079658567905426,0.8982207924127579
2980,1.982894162558462e-05,0.0029376517049968243,0.0030952163506299257,4.8571073421044275e-06,0.002307392656803131,0.18847781047224998,0.014679359913237855,0.00889384001493454,0.024831268674055426,0.014933795668184757,1.6079826653003693,0.8982302378863096
2981,1.9808179251481104e-05,0.0029374200385063887,0.003094981424510479,4.85664713778533e-06,0.0023071742616593838,0.18847988918423653,0.014679440829355031,0.008893890306353569,0.02483139613566363,0.014933880185708404,1.6079990565776825,0.8982394728809595
2982,1.9788481477701547e-05,0.002937193727120757,0.0030947551131248474,4.856171472056303e-06,0.002306948183104396,0.18848196789622307,0.014679521621112785,0.008893941529095173,0.024831526526746743,0.014933967031538486,1.6080161035060883,0.8982490357011557
2983,1.9769848325846825e-05,0.0029369639232754707,0.0030945222824811935,4.855711267737206e-06,0.002306729555130005,0.18848403170704842,0.014679601916775017,0.008893991354852915,0.024831654573054168,0.014934051549062133,1.6080327033996582,0.8982583675533533
2984,1.9752279816350534e-05,0.0029367334209382534,0.0030942894518375397,4.855245606449898e-06,0.0023065085988491774,0.18848609551787376,0.014679682583734165,0.008894041879102588,0.024831784376760528,0.014934137463569641,1.6080494821071625,0.8982677888125181
2985,1.9735775968478668e-05,0.0029365066438913345,0.0030940603464841843,4.854787221120205e-06,0.0023062906693667173,0.1884881928563118,0.01467976436545222,0.008894093334674835,0.02483191417978836,0.014934223145246506,1.608066201210022,0.8982771970331669
2986,1.972033680032973e-05,0.0029362807981669903,0.0030938340350985527,4.854317012359388e-06,0.0023060671519488096,0.18849028274416924,0.014679845403250699,0.008894144091755152,0.024832043982137685,0.014934309525415301,1.6080830693244934,0.8982866760343313
2987,1.970596232883484e-05,0.0029360491316765547,0.003093599108979106,4.853856808040291e-06,0.0023058485239744186,0.18849234282970428,0.014679925944961892,0.008894194383174181,0.02483217202577687,0.014934394275769591,1.6080997288227081,0.8982960358262062
2988,1.9692652569757085e-05,0.0029358190950006247,0.003093366278335452,4.853397513215896e-06,0.002305630361661315,0.18849442899227142,0.014680006981868405,0.008894245605915785,0.02483230124077088,0.014934479724615812,1.6081163883209229,0.8983054086565971
2989,1.9680407537692386e-05,0.0029355951119214296,0.0030931425280869007,4.852922302234219e-06,0.002305404981598258,0.18849648162722588,0.01468008727487586,0.00889429566450417,0.02483243250610808,0.014934565871953964,1.6081333756446838,0.8983149286359549
2990,1.966922724606895e-05,0.00293536763638258,0.0030929124914109707,4.852465735893929e-06,0.0023051879834383726,0.18849854171276093,0.01468016682399646,0.008894346421584487,0.024832560840744623,0.014934651553630829,1.6081499457359314,0.8983242437243462
2991,1.9659111707147285e-05,0.0029351364355534315,0.003092678962275386,4.851998710364569e-06,0.0023049660958349705,0.18850062042474747,0.01468024773566602,0.008894396713003516,0.024832690639713804,0.014934737468138337,1.608166754245758,0.8983336873352528
2992,1.96500609320204e-05,0.002934908727183938,0.003092448925599456,4.851538960792823e-06,0.002304747700691223,0.18850265443325043,0.014680327160010524,0.008894446538761258,0.024832820731002164,0.014934821985661983,1.6081836223602295,0.89834313839674
2993,1.9642074930613485e-05,0.0029346824157983065,0.0030922209843993187,4.851074663747568e-06,0.0023045269772410393,0.18850475177168846,0.01468040893813777,0.008894497994333506,0.02483294818464403,0.014934907900169492,1.6082002520561218,0.8983525019139051
2994,1.9635153711684136e-05,0.0029344537761062384,0.0030919904820621014,4.850609911954962e-06,0.002304306486621499,0.1885068193078041,0.014680489476757236,0.008894548285752535,0.02483307563763175,0.014934993116185069,1.6082167029380798,0.898361761122942
2995,1.9629297282822455e-05,0.0029342237394303083,0.003091758117079735,4.85014743389911e-06,0.00230408669449389,0.18850889056921005,0.014680569891030311,0.008894598810002208,0.024833206605882507,0.014935079263523221,1.6082336604595184,0.8983712755143642
2996,1.9624505650450622e-05,0.002933996496722102,0.0030915290117263794,4.849684955843259e-06,0.002303866669535637,0.1885109506547451,0.014680650304862913,0.00889464933425188,0.02483333317856919,0.014935164479538798,1.6082501411437988,0.898380545899272
2997,1.9620778819823213e-05,0.0029337697196751833,0.0030913010705262423,4.849214747082442e-06,0.0023036436177790165,0.18851302936673164,0.01468073108996462,0.008894699858501554,0.024833462680511478,0.014935249229893088,1.6082667410373688,0.8983898852020502
2998,1.9618116795027315e-05,0.0029335443396121264,0.0030910740606486797,4.848755907005398e-06,0.002303425455465913,0.1885150969028473,0.014680811750719277,0.008894750382751226,0.024833592474766963,0.01493533537723124,1.6082836389541626,0.8983993679285049
2999,1.961651957898209e-05,0.002933313837274909,0.003090840997174382,4.848292519454844e-06,0.00230320543050766,0.18851714581251144,0.014680891543717942,0.008894800208508968,0.024833721682370087,0.014935421291738749,1.608300358057022,0.8984087519347668
3000,1.9615987173439097e-05,0.0029330833349376917,0.0030906081665307283,4.847825039178133e-06,0.0023029835429042578,0.18851923942565918,0.014680972946997934,0.008894851431250572,0.0248338514752719,0.014935506507754326,1.6083171367645264,0.8984181880950928
