epoch,learning_rate,train_loss,train_price_mse_std,train_delta_mse_std,train_delta_mse_weighted,val_price_mse_std,val_price_rmse,val_price_mae,val_delta_rmse,val_delta_mae,val_diff_mse_weighted,val_balanced_score
1,0.001961598184938367,0.6875629387795925,0.6492999084293842,0.0015515348495682701,0.8406150043010712,0.3016878142952919,0.019908590363623205,0.016271318774670362,0.017479074203750427,0.012818989576771855,0.7551300078630447,0.5284089110791683
2,0.0019615965877223217,0.29011100623756647,0.19018288888037205,0.0012732168033835478,0.6898234635591507,0.11659096367657185,0.01237639242704816,0.009011386660858989,0.017231621560624678,0.013159367954358459,0.7339005172252655,0.4252457404509187
3,0.0019615939256975258,0.20517894439399242,0.11039188038557768,0.0010785008562379517,0.5843271762132645,0.10376949980854988,0.011676064561996519,0.008375401142984629,0.015195768870129616,0.008741120109334588,0.5707294046878815,0.3372494522482157
4,0.0019615901988668982,0.18775011785328388,0.1030388968065381,0.0009719437366584316,0.5265949852764606,0.10078667663037777,0.011507028769085992,0.008042663801461458,0.014150144782704916,0.009166553150862455,0.49488769471645355,0.29783718567341566
5,0.0019615854072345265,0.17488043569028378,0.09804989630356431,0.0008900080538296606,0.4822025801986456,0.0947516430169344,0.011157194500502506,0.007762485300190747,0.013861490418578346,0.008643572218716145,0.47490280121564865,0.2848272221162915
6,0.0019615795508056647,0.17247316148132086,0.09342705132439733,0.000901922150660539,0.48865758813917637,0.09070389904081821,0.010916278542662283,0.007663986878469586,0.013833364932075423,0.007859758683480322,0.47297757118940353,0.2818407351151109
7,0.0019615726295867356,0.15996959246695042,0.08898043632507324,0.0008193608009605668,0.4439261965453625,0.08831419795751572,0.010771517563198756,0.007374589913524687,0.013644147887273788,0.007859601289965212,0.46012700349092484,0.2742206007242203
8,0.001961564643585329,0.1542591517791152,0.08508695429190993,0.000795406613178784,0.43094792030751705,0.08071081712841988,0.010297397960597842,0.00708373892121017,0.012695201887052336,0.008390958420932293,0.3983493372797966,0.23953007720410824
9,0.001961555592810202,0.14329704269766808,0.08068030467256904,0.0007267756918736268,0.39376398362219334,0.0769568383693695,0.01005507301299144,0.006768969702534378,0.012223886238003497,0.007719591143541038,0.3693205639719963,0.2231387011706829
10,0.0019615454772712805,0.1456208829768002,0.07647053198888898,0.0007793015174684115,0.4222222585231066,0.07870914787054062,0.010168905945207316,0.006919241743162274,0.012174035270645799,0.007500075502321124,0.3663144111633301,0.22251177951693535
11,0.001961534296979657,0.1338078393600881,0.07519451482221484,0.0006797047026338987,0.3682611249387264,0.07238224148750305,0.009751639372574752,0.006691568181850016,0.01211163423189169,0.007307697087526321,0.362568736076355,0.21747548878192902
12,0.0019615220519475928,0.12947364524006844,0.07147463085129857,0.0006671696792182047,0.36146968975663185,0.06856699846684933,0.009491157683142534,0.00642482761759311,0.01237855508548636,0.008649001130834222,0.37872571498155594,0.22364635672420263
13,0.001961508742188515,0.143467266112566,0.07043948560021818,0.0008039530875976197,0.4355783723294735,0.07202055491507053,0.009727245122327864,0.006702668033540249,0.01468728100995139,0.009068882558494806,0.5331724435091019,0.3025964992120862
14,0.0019614943677170203,0.13607829343527555,0.0704181594774127,0.0007359209048445337,0.39871881529688835,0.06931942701339722,0.009543091949553486,0.006383465020917356,0.01257187815091033,0.007330198190174997,0.39064763486385345,0.22998353093862534
15,0.0019614789285488715,0.12674849852919579,0.06793911894783378,0.0006681226477667224,0.3619860131293535,0.06441963836550713,0.009199638558966045,0.006124949548393488,0.01185655638938119,0.007725360919721425,0.34745778143405914,0.20593870989978313
16,0.001961462424701,0.120315573643893,0.06444887677207589,0.0006345238907670137,0.34378235042095184,0.06254902202636003,0.009065085185543243,0.0059549035504460335,0.011660346981056932,0.0072561448905617,0.3360530361533165,0.19930102908983827
17,0.0019614448561915037,0.12084323074668646,0.0634762360714376,0.000646574299025815,0.3503111992031336,0.06253477372229099,0.009064052436036812,0.006230983417481184,0.012972104654350747,0.00908313156105578,0.4159161373972893,0.23922545555979013
18,0.001961426223039649,0.12708120653405786,0.06464115669950843,0.0006955414355616085,0.3768413979560137,0.06224196497350931,0.009042807154152673,0.005952002014964819,0.011623866750650134,0.007110438542440534,0.3339536264538765,0.1980977957136929
19,0.0019614065252658696,0.1173537983559072,0.06224409118294716,0.0006234685606614221,0.33779262006282806,0.06014162674546242,0.008888924249362188,0.0057384640676900744,0.011596057586547515,0.007303284015506506,0.33235759288072586,0.19624960981309414
20,0.001961385762891766,0.11691408697515726,0.06012032483704388,0.0006350900912366342,0.3440891206264496,0.06020405516028404,0.008893536764475865,0.005891774781048298,0.011896702066432932,0.006902900757268071,0.34981467574834824,0.20500936545431614
21,0.0019613639359401074,0.11766385892406106,0.06007618620060384,0.0006423352933779825,0.34801454097032547,0.05875672120600939,0.00878598373269146,0.005701347487047315,0.011504004686801489,0.007014466682448983,0.32710181921720505,0.19292927021160722
22,0.0019613410444348288,0.11456126580014825,0.05922575085423887,0.0006199814415595029,0.3359033167362213,0.05859769321978092,0.008774086076919686,0.005905046011321247,0.011522108069255538,0.0070672049187123775,0.32813215255737305,0.19336492288857698
23,0.0019613170884010345,0.12067467486485839,0.06062274961732328,0.0006660856233793311,0.36088237166404724,0.059573523700237274,0.008846842027231742,0.0057026034919545054,0.011540545420322823,0.006786894518882036,0.3291831314563751,0.1943783275783062
24,0.0019612920678649943,0.11777417687699199,0.060258141718804836,0.000642010047158692,0.3478383105248213,0.0595930740237236,0.008848293506952168,0.005618353956378996,0.01156144341559854,0.007298263371922076,0.33037639409303665,0.19498473405838013
25,0.0019612659828541473,0.11549445381388068,0.05971953133121133,0.0006249479156394955,0.33859413117170334,0.0603848472237587,0.008906880067758926,0.005771037540398538,0.01228941594633051,0.007019355660304427,0.37329086661338806,0.21683785691857338
26,0.0019612388333970984,0.11701143952086568,0.05935182492248714,0.0006416622745746281,0.3476498890668154,0.05825614370405674,0.008748477685187554,0.005550725385546684,0.011463150843200222,0.007020476856268942,0.32478269934654236,0.19151942152529955
27,0.0019612106195236205,0.11554774921387434,0.05888017709366977,0.0006316366234386805,0.342218030244112,0.06078387796878815,0.008936260343427892,0.006057318998500705,0.011525687362020245,0.007067479193210602,0.32833604514598846,0.1945599615573883
28,0.001961181341264653,0.11491266451776028,0.057764572789892554,0.000634012023510877,0.3435050193220377,0.05635364353656769,0.00860444025528628,0.00553466472774744,0.011633830731400618,0.007318200543522835,0.3345263823866844,0.19544001296162605
29,0.0019611509986523037,0.11317029921337962,0.05732037127017975,0.00062121196242515,0.3365700012072921,0.05741463229060173,0.008685061891410611,0.005494417971931398,0.01158738234158841,0.0070178607711568475,0.3318605050444603,0.194637568667531
30,0.0019611195917198466,0.11213816003873944,0.05687687965109944,0.0006149610089778434,0.3331832643598318,0.05662314407527447,0.008624990341686838,0.005697175860404968,0.011597903870918419,0.006779503542929888,0.33246345072984695,0.1945432974025607
31,0.0019610871205017234,0.1139349564909935,0.056788885965943336,0.000632192528428277,0.3425192255526781,0.05860983580350876,0.008774994790043854,0.005809614434838295,0.012240223164280885,0.007059873198159039,0.37030839174985886,0.2144591137766838
32,0.0019610535850335432,0.11513177352026105,0.057851099409163,0.0006353952921926975,0.34425446204841137,0.05586117785423994,0.008566761525909392,0.005438738386146724,0.011585656372909986,0.007479201420210302,0.3317616581916809,0.19381141802296042
33,0.0019610189853520813,0.11090966919437051,0.056720930617302656,0.0006047751630831044,0.32766461931169033,0.05619044788181782,0.008591972289631471,0.005434756865724921,0.011487520150225104,0.006746821105480194,0.326165072619915,0.1911777602508664
34,0.0019609833214952804,0.1107197436504066,0.05621167924255133,0.0006067821705073584,0.3287519980221987,0.0558362752199173,0.008564851713800994,0.005559542449191213,0.01156089682999165,0.007425713469274342,0.33034513890743256,0.19309070706367493
35,0.0019609465935022503,0.11298350337892771,0.05713343224488199,0.0006208682352735195,0.33638378046453,0.060612537898123264,0.008923656806815386,0.005780861945822835,0.01166647671054451,0.007549642818048596,0.336406446993351,0.19850949244573712
36,0.001960908801413268,0.11177158867940307,0.05715798120945692,0.0006095027674746234,0.33022600784897804,0.05677800718694925,0.008636776839653046,0.005511348368600011,0.011731646378097729,0.006848184042610228,0.3401753231883049,0.19847666518762708
37,0.0019608699452697774,0.11004476808011532,0.05615117494016886,0.0006009998141962569,0.325619138777256,0.057448175735771656,0.008687598349137335,0.005413870210759342,0.011461687389446763,0.006667499314062297,0.3246997818350792,0.19107397878542542
38,0.001960830025114388,0.10975062800571322,0.05649571307003498,0.0005957416178716812,0.3227702807635069,0.05698373727500439,0.008652409627177386,0.005329952808097005,0.011378737440700268,0.006765027996152639,0.3200169950723648,0.1885003661736846
39,0.0019607890409908783,0.1095708729699254,0.056251713540405035,0.0005958841575193219,0.32284750416874886,0.05648484732955694,0.00861445115127006,0.005350787774659693,0.011512454094025362,0.006881909794174135,0.3275825083255768,0.19203367782756686
40,0.001960746992944192,0.11041974881663918,0.0566024596337229,0.0006011285477143247,0.3256888911128044,0.05517224408686161,0.008513771054089911,0.005348517093807459,0.011609607003807903,0.007450736244209111,0.3331347405910492,0.1941534923389554
41,0.0019607038810204396,0.11283266497775912,0.05609963904134929,0.0006271085621847305,0.3397647552192211,0.05694036092609167,0.008649116179958298,0.005315340589731932,0.011447197651614506,0.006768543506041169,0.32387934625148773,0.1904098535887897
42,0.001960659705266899,0.11032973462715745,0.056403097696602345,0.0006017697160132229,0.32603627257049084,0.055745942518115044,0.008557920595317854,0.005346054444089532,0.011978631101022433,0.007928411476314068,0.3546494394540787,0.20519769098609686
43,0.0019606144657320144,0.11184541322290897,0.05640637641772628,0.0006157330535643268,0.33360154926776886,0.05732088349759579,0.008677968337469857,0.005849058507010341,0.011479012140516278,0.006683973944745958,0.3256821259856224,0.1915015047416091
44,0.0019605681624653964,0.11296858731657267,0.05624558124691248,0.0006272854734561406,0.3398605976253748,0.05689042340964079,0.008645322630452222,0.005486105917952955,0.011673411971943774,0.0070687016705051064,0.3368065282702446,0.1968484758399427
45,0.001960520795517822,0.11009231675416231,0.05610096734017134,0.0006018092844897183,0.3260577078908682,0.05581995751708746,0.008563600076503435,0.0053776034619659185,0.012013752228992277,0.007017509313300252,0.356732115149498,0.20627603633329272
46,0.0019604723649412348,0.11079544434323907,0.05606688768602908,0.0006085497334424872,0.32970966398715973,0.0568190673366189,0.00863989898608427,0.005408782395534217,0.011176830914272063,0.0067936808336526155,0.3087608516216278,0.18278995947912335
47,0.0019604228707887452,0.10849150456488132,0.05634163599461317,0.0005852592330484185,0.3170909620821476,0.0561549523845315,0.008589258187611184,0.005367644829675555,0.011273533142681922,0.006752973655238748,0.31412677466869354,0.18514086352661252
48,0.00196037231311463,0.1083379928022623,0.05629755719564855,0.0005841679667355493,0.316499724984169,0.055781478993594646,0.008560647926225344,0.005361917661502957,0.011349510357990531,0.006673514493741095,0.3183751255273819,0.18707830226048827
49,0.0019603206919743305,0.10895154671743512,0.05611721333116293,0.0005911616135563236,0.32028886303305626,0.05503249168395996,0.008502981169628998,0.00535076844971627,0.011979430579656164,0.007955270819365978,0.35469675809144974,0.20486462488770485
50,0.0019602680074244563,0.10990010388195515,0.05617920681834221,0.0005994577732053585,0.3247836772352457,0.05525284633040428,0.008519987464287013,0.005340786650776863,0.011293481801757653,0.0070419893600046635,0.31523945182561874,0.1852461490780115
51,0.001960214259522783,0.1070578065700829,0.055851730750873685,0.0005756451719207689,0.31188209913671017,0.055455051362514496,0.008535563184703122,0.005459544016048312,0.011148895894454818,0.006822223542258143,0.30721936374902725,0.18133720755577087
52,0.0019601594483282516,0.10796087142080069,0.05624931096099317,0.0005810438742628321,0.31480710208415985,0.05626196973025799,0.008597438651215492,0.00544412131421268,0.011181467249621444,0.00687464524526149,0.3090170845389366,0.1826395271345973
53,0.0019601035739009688,0.10818703193217516,0.056326295947656035,0.0005825626321893651,0.31562996096909046,0.05580629128962755,0.008562551559371648,0.005399589776061475,0.011128419836377738,0.006710282526910305,0.30609194189310074,0.18094911659136415
54,0.0019600466363022084,0.106659771874547,0.05598151730373502,0.0005710136574634816,0.3093727733939886,0.055153679102659225,0.008512338499645505,0.00531338551081717,0.011210359607950072,0.006970977294258773,0.3106161057949066,0.18288489244878292
55,0.001959988635594409,0.10637527564540505,0.05616186931729317,0.0005670566679327749,0.30722889117896557,0.05645894072949886,0.008612475247506347,0.0055031575029715896,0.011128621455577688,0.006574333528988063,0.30610305070877075,0.1812809957191348
56,0.0019599295718411756,0.1066985814832151,0.05686059407889843,0.0005648817259498173,0.30605052318423986,0.058026816695928574,0.00873124154718769,0.005630952306091785,0.011029528908142707,0.00658467342145741,0.30067604780197144,0.17935143224895
57,0.001959869445107279,0.10765484301373363,0.05738781508989632,0.0005698142595065292,0.3087229449301958,0.05706028174608946,0.008658219148510029,0.005445934715680778,0.010970895162985163,0.0064905560575425625,0.29748770594596863,0.17727399384602904
58,0.001959808255458655,0.10757077531889081,0.05593971675261855,0.0005797295325464802,0.3140950007364154,0.05737708881497383,0.008682221959841599,0.005514261545613408,0.011939515234906405,0.006956371827982366,0.352337010204792,0.20485704950988293
59,0.001959746002962406,0.10935937287285924,0.05689854780212045,0.0005891568162041949,0.3192026661708951,0.05597327183932066,0.008575352378993675,0.005389377125538886,0.011101090370849795,0.00632986577693373,0.3045903667807579,0.18028181931003928
60,0.0019596826876868,0.10832668002694845,0.056736121186986566,0.0005808257210446754,0.3146889079362154,0.0563875250518322,0.00860702646658445,0.005407678778283298,0.01113708747264892,0.0063431530725210905,0.3065689280629158,0.181478226557374
61,0.0019596183097012687,0.10538357263430953,0.05612227972596884,0.0005581969471677439,0.3024287410080433,0.05626300163567066,0.008597517567734834,0.005411249119788408,0.011096092104074036,0.006320188986137509,0.3043161481618881,0.1802895748987794
62,0.0019595528690764114,0.10524399764835835,0.05602327990345657,0.0005576397852564696,0.3021268658339977,0.05603029765188694,0.008579719525746534,0.005344316363334656,0.01093706944442548,0.006356384139508009,0.29565607756376266,0.1758431876078248
63,0.0019594863658839914,0.10417057992890477,0.05606101709417999,0.0005474550525832456,0.29660882242023945,0.056068302132189274,0.008582628768659067,0.005401622271165252,0.010970527409391816,0.006298236781731248,0.29746776074171066,0.17676803143694997
64,0.001959418800196938,0.1045135697349906,0.056410356890410185,0.0005480412382894428,0.2969264127314091,0.05635227635502815,0.008604336139542,0.0053007014794275165,0.011561477714006405,0.007128026685677469,0.33037831634283066,0.1933652963489294
65,0.0019593501720893444,0.10584816616028547,0.05655753752216697,0.0005592710185737815,0.3030106648802757,0.056096470914781094,0.008584784336315036,0.005286110332235694,0.010969380628767846,0.006420325371436775,0.29740557819604874,0.17675102455541492
66,0.0019592804816364706,0.10381287382915616,0.05631822533905506,0.0005422549911600072,0.2937914542853832,0.05631928984075785,0.008601817211596061,0.005294045084156096,0.01089301766313017,0.006225176970474422,0.2932792380452156,0.17479926394298673
67,0.0019592097289147406,0.10411869781091809,0.05682979617267847,0.0005413004564616131,0.29327429085969925,0.05592073034495115,0.008571326594818175,0.005260917940177023,0.010877118525170724,0.006158228265121579,0.2924237325787544,0.1741722314618528
68,0.001959137914001743,0.10571646643802524,0.056413723388686776,0.0005591174085566308,0.3029274307191372,0.05646160803735256,0.008612678634577093,0.005432108882814646,0.011405965077819193,0.006417628028430045,0.3215503394603729,0.18900597374886274
69,0.001959065036976232,0.10574823431670666,0.05651310854591429,0.0005586768202192616,0.30268873274326324,0.0565642174333334,0.008620501167924456,0.0053274016827344894,0.010956292769384299,0.0059054032899439335,0.296696312725544,0.1766302650794387
70,0.001958991097918126,0.10537675535306334,0.05651655397377908,0.0005552231414185371,0.30081755109131336,0.05793455056846142,0.008724297088161016,0.005463338689878583,0.011280828823210257,0.006483319913968444,0.314533494412899,0.18623402249068022
71,0.001958916096908509,0.10523464484140277,0.05729728494770825,0.0005481476673594443,0.29698408115655184,0.056162748485803604,0.008589854101543806,0.005416660336777568,0.011271210748103154,0.006323391571640968,0.31399738043546677,0.18508006446063519
72,0.0019588400340296275,0.1038952860981226,0.05658602551557124,0.0005410384237620747,0.2931323181837797,0.05639837123453617,0.00860785423665344,0.005532875540666282,0.01080753799568818,0.006273588980548084,0.28869444876909256,0.17254641000181437
73,0.0019587629093648948,0.1030468549579382,0.056813355069607496,0.0005315302842063829,0.2879808461293578,0.05557356961071491,0.008544679408379944,0.005329905543476343,0.010721572282030621,0.006137664197012782,0.28412003070116043,0.16984680015593767
74,0.0019586847229988874,0.10231335321441293,0.05613455269485712,0.0005297726092976518,0.2870285492390394,0.055817730724811554,0.008563429403826374,0.005435870727524161,0.01081494258683579,0.005930397077463567,0.2890901565551758,0.17245394363999367
75,0.0019586054750173458,0.105335493106395,0.05632883287034929,0.0005562282967730425,0.3013621252030134,0.056220728904008865,0.0085942871108103,0.0054152990924194455,0.010949581169704268,0.005960903828963637,0.296332947909832,0.17627683840692043
76,0.0019585251655071753,0.10185217345133424,0.05613242066465318,0.0005255323212622898,0.2847311766818166,0.05588072258979082,0.008568259921199431,0.0054791109869256616,0.010629585737512414,0.005976341897621751,0.2792656719684601,0.16757319727912545
77,0.001958443794556445,0.10153691424056888,0.056326142977923155,0.0005211927109485259,0.2823799951002002,0.05617111548781395,0.008590494122968327,0.005383088835515082,0.010646279320264684,0.005994937499053776,0.28014353662729263,0.1681573260575533
78,0.001958361362254389,0.1024084878154099,0.055873018223792315,0.0005325814272509888,0.2885503610596061,0.05590787809342146,0.008570341634695411,0.005414846236817539,0.010868464148532297,0.006066527799703181,0.2919585853815079,0.17393323173746467
79,0.001958277868691403,0.10235301405191422,0.05558900930918753,0.0005341662945284043,0.2894090274348855,0.055424388498067856,0.00853320312313778,0.005243384395726025,0.010928405369667845,0.006159939803183079,0.295187845826149,0.17530611716210842
80,0.001958193313959049,0.10262752277776599,0.056024301098659635,0.0005334859142749337,0.2890404025092721,0.055533960461616516,0.008541633833356215,0.0053143148543313146,0.010998857989055855,0.006117556826211512,0.2990061193704605,0.1772700399160385
81,0.001958107698150051,0.10295878909528255,0.056318724527955055,0.0005343693428585539,0.28951903991401196,0.055478379130363464,0.008537358316980707,0.005332174594514072,0.010747754604437937,0.005779728759080172,0.2855093777179718,0.17049387842416763
82,0.001958021021358298,0.10145746218040586,0.056278340285643935,0.0005208123875490855,0.28217393532395363,0.05495635699480772,0.008497097301064896,0.005224312422797084,0.010659887911043938,0.005792424315586686,0.28086018562316895,0.16790827130898833
83,0.0019579332836788406,0.10292769130319357,0.05555836716666818,0.0005396959422796499,0.29240497201681137,0.0558283431455493,0.00856424312190681,0.005354278371669352,0.0107723268437108,0.006312921643257141,0.2868163734674454,0.17132235830649734
84,0.001957844485207895,0.10216389782726765,0.05597621016204357,0.0005295623759593582,0.2869146419689059,0.05551242735236883,0.008539977516478182,0.0055965997744351625,0.010672254602904531,0.005884274374693632,0.28151221573352814,0.16851232154294848
85,0.001957754626042839,0.10257934965193272,0.05616669659502804,0.0005319900592439808,0.2882299544289708,0.055095949210226536,0.00850788214025077,0.005376974237151444,0.010675532616715699,0.005885412683710456,0.2816851735115051,0.16839056136086583
86,0.0019576637062822142,0.10059986170381308,0.05554325832054019,0.0005183249722904293,0.280826267786324,0.054939878173172474,0.008495823263927007,0.005245335283689201,0.010636735080861172,0.005806672386825085,0.2796414643526077,0.1672906712628901
87,0.001957571726025726,0.09976299852132797,0.05538450996391475,0.0005117739347042516,0.27727694530040026,0.055506705306470394,0.00853953755988735,0.005273466696962714,0.010623391341424154,0.005788336507976055,0.27894028276205063,0.1672234940342605
88,0.001957478685374241,0.09954637521877885,0.05477992189116776,0.0005142383961356245,0.27861217595636845,0.05438320152461529,0.008452672038789005,0.005295411683619022,0.010544137046052816,0.0059236426604911685,0.2747938260436058,0.16458851378411055
89,0.0019573845844297905,0.09996691392734647,0.054893086198717356,0.0005172839064471191,0.28026221599429846,0.05446452088654041,0.008458989259950856,0.00530649337451905,0.010724003360363691,0.005859901895746589,0.28424888104200363,0.16935670096427202
90,0.001957289423295567,0.1007131990045309,0.055167149752378464,0.0005221476658334723,0.2828973922878504,0.05443215277045965,0.008456475112463172,0.005353903863579035,0.01103369878062693,0.0066856457851827145,0.30090342462062836,0.177667788695544
91,0.001957193202075927,0.10476525034755468,0.05619139992631972,0.0005519804108189419,0.2990606464445591,0.05627162754535675,0.00859817669337416,0.00587852590251714,0.010742816970951875,0.0063472132897004485,0.2852471023797989,0.17075936496257782
92,0.001957095920876389,0.10075551830232143,0.054958903696388006,0.0005240756454440998,0.2839419674128294,0.05396796390414238,0.008420340126463375,0.005242982180789113,0.010693454214686876,0.006206358433701098,0.2826317101716995,0.16829983703792095
93,0.001956997579803633,0.09816351300105453,0.053971981164067984,0.0005074414548289496,0.27492962777614594,0.053690976463258266,0.008398703953659365,0.005171293974854052,0.010829378898963047,0.006392697105184197,0.2898624539375305,0.1717767152003944
94,0.001956898178965502,0.09845625050365925,0.05419366341084242,0.0005085063803562662,0.2755065932869911,0.054291434586048126,0.008445537077101151,0.005381252150982618,0.010687298368873778,0.006260024616494775,0.28230641782283783,0.16829892620444298
95,0.0019567977184710024,0.09973505511879921,0.05411866772919893,0.0005208615930314409,0.2822005981579423,0.053499963134527206,0.008383750861285828,0.0053194352658465505,0.010682964852362793,0.0060416534543037415,0.28207752108573914,0.16778874211013317
96,0.0019566961984303004,0.1002924581989646,0.05510150524787605,0.0005187494807614712,0.2810562588274479,0.05424071103334427,0.00844159127776627,0.005350481369532645,0.010765947878385054,0.006024103378877044,0.2864767909049988,0.17035875096917152
97,0.001956593618954725,0.10022407490760088,0.05406298767775297,0.0005257856300886488,0.2848684163764119,0.05396903492510319,0.00842042383506418,0.005377345369197428,0.010716151134937645,0.006025442737154663,0.2838327884674072,0.1689009116962552
98,0.001956489980156768,0.0992543501779437,0.05405698902904987,0.000516880740178749,0.28004378732293844,0.05325264111161232,0.008364349981197946,0.005325188743881881,0.010872678142353901,0.006203451193869114,0.2921850308775902,0.17271883599460125
99,0.0019563852821500812,0.09856205573305488,0.053650127025321126,0.0005134956427355064,0.2782097654417157,0.05221955385059118,0.008282819503742943,0.005134742008522153,0.010585042480689743,0.005661149160005152,0.2769300565123558,0.1645748051814735
100,0.0019562795250494796,0.09859510604292154,0.05309022357687354,0.0005179343279451132,0.2806146237999201,0.052234360948204994,0.008283993894387226,0.00515080988407135,0.010642821385560532,0.006020802306011319,0.27996157854795456,0.16609796974807978
101,0.0019561727089709383,0.09749545622617006,0.05278253578580916,0.0005100577564007835,0.27634713239967823,0.052552410401403904,0.008309175562961235,0.005259744008071721,0.010631537497295037,0.006059512379579246,0.2793682590126991,0.16596033470705152
102,0.0019560648340315946,0.09720968594774604,0.0526257858145982,0.0005085777793283341,0.2755452822893858,0.05174683593213558,0.008245244333096362,0.005108000827021897,0.010546824094475089,0.005850152345374227,0.27493390440940857,0.16334037017077208
103,0.0019559559003497463,0.09847444063052535,0.05320682981982827,0.0005159598931641085,0.2795448722317815,0.05249869357794523,0.008304927996268974,0.005207680747844279,0.010674243804497503,0.005950520979240537,0.2816171571612358,0.16705792536959052
104,0.001955845908044853,0.09834525873884559,0.05296208197250962,0.0005165746442798991,0.2798779560253024,0.052054883912205696,0.008269749648318453,0.005200089421123266,0.01056081257748437,0.005828235065564513,0.27566368132829666,0.16385928262025118
105,0.001955734857237534,0.09639076609164476,0.05202776356600225,0.0005054354296589736,0.2738427696749568,0.05117413308471441,0.008199490675375816,0.005054601817391813,0.010559058430540579,0.005689077312126756,0.27557212114334106,0.16337312711402774
106,0.0019556227480495712,0.09884057240560651,0.0530306831933558,0.0005206392343097832,0.28208012133836746,0.05246128886938095,0.008301968984793632,0.005138055537827313,0.010637961836761061,0.0057605510810390115,0.2797059789299965,0.16608363389968872
107,0.001955509580603905,0.09679821645841002,0.05247396370396018,0.0005059013692516601,0.2740952195599675,0.05128497537225485,0.008208365753989354,0.004990076064132154,0.010586397909338038,0.005859017837792635,0.2770009934902191,0.16414298443123698
108,0.0019553953550246377,0.09560381295159459,0.05202862503938377,0.0004981666133971885,0.2699045529589057,0.051213317550718784,0.008202629246448039,0.005024076090194285,0.010541846011271653,0.0059346932685002685,0.2746744304895401,0.16294387402012944
109,0.001955280071437032,0.09714801330119371,0.05228964821435511,0.0005104902938910527,0.27658146619796753,0.05168500356376171,0.008240316512531902,0.0049782854039222,0.010878538974586108,0.00591583747882396,0.2925001010298729,0.1720925522968173
110,0.00195516372996751,0.09835273073986173,0.05250982567667961,0.0005199825500312727,0.28172434121370316,0.05119908880442381,0.008201489336920232,0.005059250630438328,0.01067208313791347,0.005957540939562023,0.28150317817926407,0.16635113349184394
111,0.0019550463307436545,0.09683236200362444,0.05206718551926315,0.0005092196697660256,0.2758930567651987,0.051824500784277916,0.008251429372240349,0.005132139544002712,0.010520033818510998,0.005840487778186798,0.2735389322042465,0.16268171649426222
112,0.0019549278738942083,0.09618794219568372,0.05177573557011783,0.0005054243410995696,0.27383676171302795,0.051509968005120754,0.008226351424983024,0.0051477395463734865,0.0105110619023397,0.005816029035486281,0.2730725631117821,0.16229126555845141
113,0.0019548083595490734,0.09646219247952104,0.05232006683945656,0.0005039365823904518,0.27303069178014994,0.051845078356564045,0.008253067449413926,0.005242018960416317,0.01052236607787064,0.005788895534351468,0.27366024255752563,0.16275266045704484
114,0.001954687787839313,0.09633040707558393,0.05205101449973881,0.0005047067461418919,0.273447971791029,0.05164562165737152,0.00823717662255101,0.0050148083828389645,0.010515725040130415,0.005897128256037831,0.2733149081468582,0.16248026490211487
115,0.001954566158897148,0.09533168934285641,0.05184203549288213,0.0004970328700437676,0.2692902982234955,0.05140119045972824,0.008217661122350986,0.00513692747335881,0.01090551346037719,0.006536481902003288,0.29395247995853424,0.17267683520913124
116,0.0019544434728559594,0.09646764304488897,0.051927923457697034,0.0005068820028100163,0.27462651301175356,0.05149274878203869,0.008224976512676929,0.005056860391050577,0.010562630839805392,0.005661966744810343,0.27575861662626266,0.16362568270415068
117,0.0019543197298502878,0.09497334621846676,0.05134475021623075,0.0004973972500010859,0.2694877199828625,0.051275032572448254,0.008207569832196346,0.00500969379208982,0.01045049875097982,0.0056055254535749555,0.2699348255991936,0.1606049290858209
118,0.001954194930015832,0.09512711456045508,0.05197192216292024,0.0004941859897371614,0.2677478715777397,0.052185406908392906,0.00828011094103967,0.005175219965167344,0.010605647723235984,0.00571569032035768,0.2780092731118202,0.16509734001010656
119,0.0019540690734894508,0.09640858136117458,0.05239279777742922,0.000502904835229856,0.27247170731425285,0.05193476751446724,0.0082602031729333,0.005157507141120732,0.010736189293304246,0.005877496441826224,0.28489524871110916,0.1684150081127882
120,0.001953942160409162,0.0971445506438613,0.05176955438219011,0.0005142981062817853,0.27864452451467514,0.05155767407268286,0.00823016006437288,0.005065277102403343,0.010866654877008684,0.006098035257309675,0.2918613702058792,0.17170952213928103
121,0.00195381419091414,0.09663649462163448,0.052115960977971554,0.0005070519910077564,0.2747186217457056,0.05081827472895384,0.008170931834319559,0.005020307959057391,0.010506517280347826,0.005633153952658176,0.27283648401498795,0.1618273793719709
122,0.0019536851651447197,0.09536694921553135,0.05192691879346967,0.0004967315817339113,0.26912706159055233,0.05133222509175539,0.00821214618736418,0.004968298017047346,0.010671569152540044,0.005986619624309242,0.28147605806589127,0.16640414157882333
123,0.0019535550832423935,0.09605919476598501,0.05228894646279514,0.0005004472313885344,0.2711401768028736,0.050697170197963715,0.008161189755114094,0.004993565729819238,0.01053602914591676,0.005709499819204211,0.2743713781237602,0.16253427416086197
124,0.0019534239453498125,0.09659835463389754,0.05164479650557041,0.0005101785536680836,0.27641258016228676,0.051069101318717,0.008191071562527932,0.004962646868079901,0.010629504110504702,0.005651885410770774,0.27926138788461685,0.16516524460166693
125,0.001953291751610785,0.09490846190601587,0.051263697911053896,0.0004973968643753324,0.2694875104352832,0.050922272726893425,0.008179288615101777,0.004959647660143673,0.010559570312924448,0.005591481924057007,0.27559884637594223,0.16326055955141783
126,0.0019531585021702784,0.09472017735242844,0.051453981548547745,0.0004942544237565016,0.26778495125472546,0.05088093876838684,0.008175967885426317,0.005060602794401348,0.010437003527465193,0.005676402593962848,0.2692381218075752,0.16005953028798103
127,0.0019530241971744162,0.09486447367817163,0.05147285247221589,0.0004954467640345683,0.268430951051414,0.050550080835819244,0.008149342063056633,0.004950476577505469,0.010498524481005843,0.005737823317758739,0.2724215164780617,0.16148579865694046
128,0.0019528888367704802,0.09572222596034408,0.05193174188025296,0.0004999746870453237,0.27088415529578924,0.050470185466110706,0.00814289966259878,0.0049505692441016436,0.010463004969538524,0.0057360181817784905,0.27058126777410507,0.1605257266201079
129,0.0019527524211069105,0.09597191400825977,0.05136712663806975,0.0005064474116807105,0.2743910513818264,0.05154242645949125,0.008228943286465474,0.005012790905311704,0.010710389194517065,0.0058901801239699125,0.283527635037899,0.16753503074869514
130,0.0019526149503333032,0.09639629861339927,0.05221815290860832,0.0005040808773628669,0.2731088763102889,0.05145838111639023,0.008222231418422966,0.005088207544758916,0.010616122411145717,0.005846929270774126,0.2785586938261986,0.1650085374712944
131,0.001952476424600412,0.09605271322652698,0.051533017540350556,0.0005059683244326152,0.2741314899176359,0.05117330979555845,0.008199424455344476,0.004958669072948396,0.01077008713677857,0.005668882979080081,0.2866971045732498,0.16893520718440413
132,0.001952336844060147,0.09649250004440546,0.05192078975960612,0.0005071640516689513,0.2747793383896351,0.052102518267929554,0.008273532703463593,0.005154817481525242,0.010580468690088815,0.0057648601941764355,0.2766907811164856,0.16439664969220757
133,0.0019521962088655759,0.09622190054506063,0.05199785088188946,0.0005040978812758112,0.2731180926784873,0.05171121750026941,0.008242405908051559,0.004991095163859427,0.0105493232042948,0.0059953483287245035,0.27506421506404877,0.1633877162821591
134,0.001952054519170922,0.09651268646121025,0.051420630887150764,0.0005110429701744579,0.2768809087574482,0.05141965579241514,0.008219136849176752,0.005059217335656285,0.010790470174774096,0.00635355559643358,0.28778332471847534,0.16960149025544524
135,0.0019519117751315652,0.09559348225593567,0.0518990084528923,0.0004990282377548283,0.27037137001752853,0.05198189429938793,0.008263949877720488,0.00506780797149986,0.010770338952893015,0.006133576738648117,0.2867105305194855,0.1693462124094367
136,0.0019517679769040426,0.09554420365020633,0.05182603467255831,0.00049911222049559,0.27041687443852425,0.05317799933254719,0.008358486258121127,0.005193373188376427,0.010610812217406894,0.005889268359169364,0.2782800942659378,0.1657290467992425
137,0.001951623124646046,0.09524784190580249,0.05170899420045316,0.0004972413189534564,0.2694032294675708,0.05106177181005478,0.008190483944830745,0.005003718542866409,0.010668129219365255,0.005933123757131398,0.281294621527195,0.16617819666862488
138,0.0019514772185164238,0.09669612254947424,0.0526580938603729,0.0005035997910454171,0.2728482261300087,0.05136808939278126,0.00821501444217599,0.005062319105491042,0.010662856269841888,0.005837311735376716,0.28101662546396255,0.1661923574283719
139,0.0019513302586751805,0.09550972748547792,0.05161581956781447,0.0005003460300940787,0.2710853526368737,0.051941826939582825,0.008260764362159669,0.004959764541126788,0.010560504867079662,0.005680219852365553,0.2756476327776909,0.16379472985863686
140,0.0019511822452834748,0.09561562538146973,0.05210291990078986,0.0004977271219104296,0.2696664398536086,0.05172989051789045,0.008243893974522529,0.00497530575376004,0.010742223228861172,0.0062535523902624846,0.2852155715227127,0.16847273102030158
141,0.0019510331785036214,0.09526678826659918,0.051343638682737947,0.00050011348866974,0.27095937728881836,0.05106287635862827,0.008190572445506163,0.005197398946620524,0.010463776051100611,0.005645630997605622,0.2706211730837822,0.16084202472120523
142,0.0019508830584990912,0.09431266179308295,0.05116701009683311,0.0004926123128825566,0.266895261593163,0.05047132074832916,0.00814299113762706,0.004854125319980085,0.01055497540289784,0.005425070179626346,0.27535904198884964,0.1629151813685894
143,0.0019507318854345085,0.09371598437428474,0.050700613996014,0.000490549175083288,0.26577745843678713,0.05076386034488678,0.008166555902004788,0.004995724186301231,0.01069913227864739,0.006181497708894312,0.28293193876743317,0.16684789955615997
144,0.0019505796594756536,0.09495510393753648,0.05119526758790016,0.0004983325216016965,0.269994443282485,0.05097788851708174,0.008183753648388761,0.005076377769000828,0.010497791732831425,0.0055203590309247375,0.2723834961652756,0.16168069234117866
145,0.0019504263807894604,0.09430993255227804,0.051287945825606585,0.0004916942853014916,0.26639787945896387,0.05085684638470411,0.008174032191451791,0.0049606343964114785,0.01066644354044858,0.006222642841748893,0.2812057361006737,0.1660312912426889
146,0.0019502720495440185,0.09456863114610314,0.05095055256970227,0.0004965726075170096,0.2690409319475293,0.05154606234282255,0.008229233074963989,0.005121474154293537,0.010573366200751569,0.005746440263465047,0.2763194441795349,0.16393275326117873
147,0.0019501166659085703,0.0944525795057416,0.05121525819413364,0.0004935473698424175,0.2674018628895283,0.05094007682055235,0.008180717899910504,0.005095220869407058,0.010720604684702746,0.005972185637801886,0.28406872600317,0.16750440141186118
148,0.001949960230053513,0.0966155813075602,0.051296295365318656,0.0005129104883963009,0.27789271902292967,0.05132357310503721,0.008211454081821154,0.004966670880094171,0.010978359156851766,0.005776204983703792,0.29789262264966965,0.17460809787735343
149,0.001949802742150398,0.09594383602961898,0.05165738589130342,0.0005040453506808262,0.2730896305292845,0.05211298540234566,0.008274363609135327,0.005187340313568711,0.010663284189270398,0.005836367839947343,0.28103917837142944,0.16657608188688755
150,0.0019496442023719304,0.09507317561656237,0.05146376648917794,0.0004974398634658428,0.2695108074694872,0.0509770791977644,0.008183688745773797,0.005032692104578018,0.010434810036029552,0.0055934160482138395,0.26912496238946915,0.16005102079361677
151,0.001949484610891968,0.09375828551128507,0.05102237523533404,0.0004885640482825693,0.2647019252181053,0.050408581271767616,0.008137928309013982,0.004977827542461455,0.010453627143306148,0.005589805659838021,0.27009645849466324,0.16025251988321543
152,0.0019493239678855228,0.09324974426999688,0.05072912969626486,0.00048603592404106166,0.2633321974426508,0.05131630692631006,0.00821087257503663,0.005161420092917979,0.01047365270848374,0.005649437080137432,0.27113229036331177,0.16122429864481091
153,0.001949162273528759,0.09443488297984004,0.051525842398405075,0.0004910910411126679,0.266071037389338,0.05133414641022682,0.008212300017590782,0.00500300177372992,0.010465420504981688,0.00571563804987818,0.27070625126361847,0.16102019883692265
154,0.0019489995279989949,0.09376143058761954,0.05094355228357017,0.0004891749904345488,0.2650329349562526,0.05121469497680664,0.008202739680626873,0.005135182989761233,0.010536396958992004,0.0057092366041615605,0.2743905559182167,0.16280262544751167
155,0.0019488357314747004,0.09559373371303082,0.05210997466929257,0.0004974730200046906,0.2695287633687258,0.05180263798683882,0.008249688772456134,0.005150027689523995,0.010586701344867064,0.005764860310591757,0.27701687067747116,0.164409754332155
156,0.0019486708841354988,0.09546783287078142,0.05161350220441818,0.0004999765060347272,0.27088514249771833,0.05125776678323746,0.008206188004884287,0.004972525057382882,0.010430218063835966,0.005510600167326629,0.26888813078403473,0.1600729487836361
157,0.0019485049861621656,0.0945186922326684,0.05145543999969959,0.0004923842461721506,0.26677169371396303,0.05085627641528845,0.00817398612705436,0.004985964274965227,0.010585327396300437,0.005736810271628201,0.27694496512413025,0.16390062076970935
158,0.0019483380377366278,0.09533734386786819,0.05124310310930014,0.0005015068836655701,0.27171429991722107,0.05070032179355621,0.008161443614755941,0.004948046174831688,0.010507573750772239,0.005740774795413017,0.2728913575410843,0.16179583966732025
159,0.0019481700390419653,0.09455089969560504,0.05139487097039819,0.0004931286530336365,0.2671750094741583,0.051048409193754196,0.00818941208908229,0.005063458811491728,0.010610691702899017,0.005959902075119317,0.2782737910747528,0.1646611001342535
160,0.0019480009902624088,0.09480265248566866,0.051535422215238214,0.0004944143111060839,0.26787156611680984,0.05115743167698383,0.008198152305758974,0.0052336311200633645,0.010550294786367376,0.005547634675167501,0.27511487156152725,0.16313615161925554
161,0.0019478308915833412,0.09511717455461621,0.051502701826393604,0.0004975584415660705,0.2695750528946519,0.05084248445928097,0.008172877721575699,0.004877478932030499,0.01085057822200832,0.006537465495057404,0.2909984439611435,0.17092046421021223
162,0.0019476597431912967,0.09466655971482396,0.051514777820557356,0.0004933107702527195,0.2672736793756485,0.05250651203095913,0.008305546172190918,0.005068681901320815,0.010581234649913248,0.005702245980501175,0.27673086524009705,0.1646186886355281
163,0.0019474875452739604,0.09455322520807385,0.05140688340179622,0.0004930614250042709,0.26713858265429735,0.05106706637889147,0.008190908561692613,0.005089427111670375,0.010540944056873624,0.005779423983767629,0.2746274173259735,0.1628472418524325
164,0.0019473142980201681,0.09389698831364512,0.05099308583885431,0.0004900602907582652,0.26551258750259876,0.05060788057744503,0.008153999952803739,0.004940656363032758,0.010478659456047834,0.005649346625432372,0.2713915705680847,0.16099972557276487
165,0.001947140001619907,0.09527282137423754,0.05150427529588342,0.0004989832450519316,0.27034700103104115,0.05295796878635883,0.008341175990961874,0.005110738449729979,0.010554362476443141,0.005622534197755158,0.27532706409692764,0.16414251644164324
166,0.0019469646562643146,0.09660689951851964,0.052176036639139056,0.0005063353473815368,0.2743303393945098,0.0515375342220068,0.008228552354232477,0.0049649018328636885,0.010550120390957027,0.005919718882068992,0.2751057893037796,0.1633216617628932
167,0.0019467882621456785,0.09473620541393757,0.05135004292242229,0.0004951697010255884,0.26828084979206324,0.051515378057956696,0.00822678369813429,0.004912450909614563,0.010588366734911323,0.005728241987526417,0.277104027569294,0.16430970281362534
168,0.0019466108194574362,0.095389184076339,0.051624111365526915,0.0004991723617422394,0.27044946793466806,0.051679715514183044,0.008239895104014563,0.005069526145234704,0.010641867822951937,0.0058422364527359605,0.27991141378879547,0.16579556465148926
169,0.0019464323283941757,0.0956570953130722,0.051492003025487065,0.0005026201506552752,0.27231746073812246,0.05049588344991207,0.00814497228598672,0.005012397654354572,0.010566712888999866,0.005929068778641522,0.27597179263830185,0.16323383804410696
170,0.001946252789151634,0.0954242036677897,0.0513116845395416,0.0005018021474825218,0.2718742750585079,0.05159862618893385,0.008233428117908463,0.005201715626753867,0.01072572061022072,0.006228036247193813,0.28433993458747864,0.16796928038820624
171,0.0019460722019266983,0.09430443309247494,0.05129961296916008,0.000491557402710896,0.2663237042725086,0.05100814253091812,0.00818618168103868,0.005050009000115097,0.010498848908027741,0.00568882399238646,0.2724383547902107,0.16172324866056442
172,0.0019458905669174043,0.09410405438393354,0.05082999565638602,0.0004931753064738587,0.2672002874314785,0.05116002634167671,0.008198360313718399,0.004977610427886248,0.010532281830948379,0.005747920600697398,0.2741762399673462,0.16266813315451145
173,0.001945707884322937,0.0937341102398932,0.05135943600907922,0.00048585246622678824,0.2632328011095524,0.05052031762897968,0.008146942458769837,0.004938999889418483,0.010511739995584588,0.005515113472938538,0.27310778945684433,0.161814053542912
174,0.0019455241543436307,0.09369326708838344,0.051172792445868254,0.000486853494294337,0.2637751577422023,0.050649913027882576,0.00815738537220329,0.005071091465651989,0.010477560834800245,0.005679797846823931,0.2713346630334854,0.160992288030684
175,0.0019453393771809676,0.09401839086785913,0.05114032048732042,0.0004900936819467461,0.26553067192435265,0.05156526993960142,0.008230766175884034,0.005077454494312406,0.010657169801948365,0.005954631720669568,0.2807169482111931,0.16614110907539725
176,0.0019451535530375784,0.0953536406159401,0.05140154855325818,0.0005004875074519077,0.2711620032787323,0.05130347888916731,0.008209846253533912,0.00491210469044745,0.010888255245931271,0.005843951599672437,0.29302284866571426,0.1721631637774408
177,0.001944966682117242,0.09564294340088964,0.05107600660994649,0.0005055607962276554,0.2739106882363558,0.0505632134154439,0.008150400553052394,0.004953782074153423,0.010556070878269768,0.005717572174035013,0.27541620284318924,0.16298970812931657
178,0.001944778764624886,0.09378253296017647,0.0508080821018666,0.0004903699100395897,0.26568032801151276,0.050526415929198265,0.008147434425192272,0.005076533532701433,0.010585288130642037,0.005532081937417388,0.2769428938627243,0.16373465489596128
179,0.0019445898007665844,0.09468286065384746,0.05171070923097432,0.0004920146566291805,0.26657145749777555,0.05099356174468994,0.008185011590557737,0.005096619133837521,0.010526893922022345,0.005484003690071404,0.2738957926630974,0.16244467720389366
180,0.0019443997907495588,0.0938336681574583,0.0511770430020988,0.0004881178138020914,0.264460158534348,0.05022634565830231,0.008123204806010264,0.004875961341895163,0.010746461505031816,0.006341092637740076,0.28544068336486816,0.16783351451158524
181,0.0019442087347821791,0.09611455909907818,0.051177319372072816,0.0005091651291877497,0.2758635114878416,0.05134543217718601,0.008213202563102925,0.004977708449587226,0.011193329525846452,0.006495415349490941,0.30967307835817337,0.1805092552676797
182,0.0019440166330739615,0.09530325187370181,0.05094272247515619,0.0005034099067415809,0.27274535596370697,0.05075390078127384,0.008165754791186761,0.004958017379976809,0.010514409027418082,0.005492834490723908,0.27324651181697845,0.16200020629912615
183,0.001943823485835569,0.09337231796234846,0.050784089835360646,0.00048676132792024873,0.26372522208839655,0.0508924275636673,0.008176891125334365,0.004975053481757641,0.01053212086762572,0.0056762926978990436,0.27416786551475525,0.16253014653921127
184,0.001943629293278811,0.09443406946957111,0.051356749376282096,0.0004923319265799364,0.26674334332346916,0.05134791322052479,0.008213400888339873,0.0050704944878816605,0.010938578973788938,0.006570135708898306,0.29573770612478256,0.17354280967265368
185,0.0019434340556166438,0.09564837673678994,0.05126919178292155,0.0005041846507083392,0.2731651086360216,0.051540729589760303,0.008228807672552994,0.005195197882130742,0.010609946471123009,0.00566609634552151,0.27823469787836075,0.16488771373406053
186,0.0019432377730631695,0.09469239227473736,0.05128145683556795,0.0004952717335982015,0.2683361265808344,0.05060704704374075,0.008153932694087745,0.0050723833264783025,0.010682935140190497,0.00612825236748904,0.2820759564638138,0.16634150175377727
187,0.0019430404458336357,0.09481714712455869,0.05131089617498219,0.0004962057100783568,0.2688421420753002,0.050816141068935394,0.008170760083397819,0.0048621989553794265,0.010558652128304707,0.0056809097295627,0.2755509093403816,0.1631835252046585
188,0.0019428420741444358,0.09438152657821774,0.051223420072346926,0.000492831357405521,0.267013942822814,0.051884954795241356,0.008256240953143628,0.005060862633399665,0.010515012519484673,0.005765100242570043,0.2732778936624527,0.16258142422884703
189,0.001942642658213109,0.094054423738271,0.05114020756445825,0.0004904270444967551,0.2657112795859575,0.05065837875008583,0.008158067014425016,0.004959496669471264,0.01073790993040149,0.0058652255684137344,0.28498657792806625,0.16782247833907604
190,0.0019424421982583394,0.09429876646026969,0.050787449814379215,0.0004952863200742286,0.26834402326494455,0.05096194054931402,0.008182473504849639,0.0050799696473404765,0.010543462071533272,0.0055545479990541935,0.27475864440202713,0.16286029247567058
191,0.0019422406944999556,0.09539468353614211,0.05116675957106054,0.0005025996724725701,0.27230636961758137,0.05128408223390579,0.008208294065463367,0.004968883935362101,0.010821127433452378,0.006389834685251117,0.2894209027290344,0.1703524924814701
192,0.0019420381471589312,0.09533242834731936,0.05116978194564581,0.0005020028256694786,0.271983003243804,0.050735863856971264,0.008164303726272654,0.00489889841992408,0.010573872229692239,0.00560128886718303,0.276345893740654,0.16354087879881263
193,0.0019418345564573844,0.09463331801816821,0.05114626884460449,0.0004957246401318116,0.2685815095901489,0.0506046237424016,0.008153737384124376,0.004921266809105873,0.0105774422152984,0.00571660790592432,0.27653250843286514,0.16356856608763337
194,0.0019416299226185773,0.0961179630830884,0.052065138006582856,0.0005026419348723721,0.27232925593852997,0.051595705561339855,0.008233195036261695,0.0051939047407358885,0.010534689510661586,0.005567168002016842,0.2743016257882118,0.16294866567477584
195,0.0019414242458669158,0.09542749961838126,0.05191263626329601,0.0004973958148184465,0.26948694232851267,0.05018021911382675,0.008119474141001245,0.004921723739244044,0.010599431271832232,0.006056550424546003,0.27768345177173615,0.16393183544278145
196,0.00194121752642795,0.09368476457893848,0.050711970310658216,0.0004901772263110615,0.26557593140751123,0.05080697778612375,0.008170023505937046,0.005050506326369941,0.0106468905429838,0.005828083725646138,0.28017570823431015,0.16549134301021695
197,0.0019410097645283727,0.09418663056567311,0.05134656233713031,0.0004901236407022225,0.26554689928889275,0.052933910861611366,0.008339281153212356,0.005375069682486355,0.010539994565973114,0.005617944640107453,0.27457796037197113,0.16375593561679125
198,0.0019408009603960206,0.0940940547734499,0.05204333574511111,0.0004841251029574778,0.2622969215735793,0.053044047206640244,0.008347951944305133,0.005018264404498041,0.010580461641384965,0.00572789425496012,0.27669041603803635,0.1648672316223383
199,0.0019405911142598732,0.09375473717227578,0.05134823406115174,0.0004861255056312075,0.2633807407692075,0.05078608077019453,0.008168343054837176,0.004883847082965076,0.010584856542482623,0.006029726238921285,0.2769203186035156,0.16385319968685508
200,0.0019403802263500522,0.09336228715255857,0.05083271535113454,0.0004863097783527337,0.2634805664420128,0.051484158262610435,0.008224290463245297,0.0051176565466448665,0.010724536712485562,0.0059971289010718465,0.28427716344594955,0.16788066085428
201,0.001940168296897822,0.09437952004373074,0.05159711232408881,0.0004900539461232256,0.26550914626568556,0.0511078042909503,0.008194174843890047,0.004907740862108767,0.010509961562515897,0.0055945528438314795,0.2730153948068619,0.1620615995489061
202,0.0019399553261355894,0.09379945462569594,0.05184998852200806,0.00048283383148373105,0.261597310192883,0.05075952969491482,0.008166207534817796,0.0050169386668130755,0.010498790953709114,0.0056828223168849945,0.27243535965681076,0.1615974446758628
203,0.0019397413142969032,0.09372122120112181,0.05119044799357653,0.00048698111095291097,0.26384430285543203,0.051189228892326355,0.008200699845626129,0.005040154792368412,0.010452844088889643,0.005522055318579078,0.27005598694086075,0.16062260791659355
204,0.0019395262616164531,0.09384826105087996,0.05107025848701596,0.0004890408399660373,0.2649602573364973,0.051196533255279064,0.008201284846117474,0.004984488128684461,0.010765977192499837,0.006290702614933252,0.28647834807634354,0.1688374406658113
205,0.001939310168330071,0.09401373006403446,0.051107711624354124,0.0004902914042759221,0.2656377963721752,0.050894380547106266,0.008177047843301487,0.004894207930192351,0.010571374879762915,0.005548481829464436,0.2762153670191765,0.16355487378314137
206,0.0019390930346747295,0.09362368797883391,0.051072086207568645,0.0004869548738497542,0.26383008621633053,0.05114214774221182,0.00819692778072213,0.004932216368615627,0.010556943971892179,0.005433088168501854,0.27546174824237823,0.16330194799229503
207,0.0019388748608885425,0.09396080113947392,0.05119765782728791,0.000489138872580952,0.2650133678689599,0.0526378508657217,0.008315927609724834,0.005069412291049957,0.010793545869173906,0.005836206022650003,0.2879473939538002,0.17029262240976095
208,0.0019386556472107644,0.09625421511009336,0.051886462373659015,0.0005052184660598869,0.2737252162769437,0.05075567401945591,0.008165897577988893,0.004887949908152223,0.010493384461880709,0.0056882190983742476,0.2721548452973366,0.16145525965839624
209,0.0019384353938817897,0.09452031506225467,0.050860156770795584,0.0004967941149516264,0.26916093844920397,0.05162094347178936,0.008235208378904086,0.005155290011316538,0.010487832184320466,0.005669130012392998,0.27186689525842667,0.161743919365108
210,0.001938214101143153,0.09291128953918815,0.05104066035710275,0.00048061248344311025,0.260393800213933,0.050954884849488735,0.008181906945729489,0.005047140293754637,0.010637814613003551,0.005560527555644512,0.2796982228755951,0.16532655386254191
211,0.0019379917692375294,0.09364201175048947,0.05135795124806464,0.00048501348828722257,0.26277824956923723,0.05139987729489803,0.008217555869166702,0.005145395174622536,0.010569613966997536,0.0055838682455942035,0.27612336724996567,0.16376162227243185
212,0.0019377683984087327,0.09337957110255957,0.05140444333665073,0.0004822482933377614,0.2612800719216466,0.05148749053478241,0.008224556529827762,0.005193623015657067,0.01046856051069903,0.00554627540986985,0.2708686962723732,0.1611780934035778
213,0.0019375439889017165,0.09320684662088752,0.05077474098652601,0.0004853032860410167,0.2629352631047368,0.0508048003539443,0.008169848507544156,0.0050527313724160194,0.01073192585852386,0.005877507152035832,0.28466901928186417,0.16773690981790423
214,0.0019373185409625735,0.0935498639009893,0.051032731076702476,0.00048656415128789376,0.2636183900758624,0.05109317693859339,0.008193002231671942,0.004891689633950591,0.010546993284202378,0.0055575380101799965,0.27494271099567413,0.16301794396713376
215,0.0019370920548385346,0.09356180904433131,0.051027909154072404,0.00048670997784938663,0.2636973960325122,0.05205565132200718,0.008269810576185694,0.004968320485204458,0.010622212649251901,0.005766640300862491,0.278878390789032,0.16546702105551958
216,0.0019368645307779701,0.0944430585950613,0.051136559108272195,0.000494040512421634,0.26766905281692743,0.050669606775045395,0.00815897110032339,0.0049020578153431416,0.010648130478373175,0.005595011403784156,0.280240960419178,0.1654552835971117
217,0.0019366359690303875,0.09457936370745301,0.05128720309585333,0.0004941862389387097,0.26774800289422274,0.053381345234811306,0.008374451745871505,0.005319347372278571,0.01064997858195795,0.005874672089703381,0.28033824265003204,0.16685979394242167
218,0.0019364063698464333,0.09472468588501215,0.051413233391940594,0.0004945968939864542,0.2679704912006855,0.051074120216071606,0.008191474165132369,0.005084651056677103,0.010563311563531219,0.005891024833545089,0.27579415589571,0.1634341380558908
219,0.0019361757334778909,0.0951123172417283,0.051264278357848525,0.0004992738686269149,0.27050446439534426,0.051089104264974594,0.008192675859530572,0.005140650551766157,0.010652856130590638,0.005735136102885008,0.2804897651076317,0.16578943468630314
220,0.0019359440601776816,0.09355789981782436,0.051207480020821095,0.00048534815869061276,0.26295956782996655,0.0512989042326808,0.00820948044663329,0.005010737222619355,0.01050836752686818,0.005728583782911301,0.27293258160352707,0.16211574291810393
221,0.001935711350199863,0.09381604241207242,0.0510019704233855,0.0004892477136309026,0.2650723271071911,0.05115879885852337,0.008198261801806678,0.005068092839792371,0.010590385863360438,0.005715393926948309,0.27720972895622253,0.16418426390737295
222,0.0019354776037996309,0.09357731509953737,0.051392984576523304,0.00048415776655019727,0.2623146241530776,0.050964574329555035,0.008182685023536057,0.004961752681992948,0.010530814676726038,0.005748248775489628,0.2740998640656471,0.16253221919760108
223,0.0019352428212333164,0.09353843750432134,0.05064377072267234,0.0004893303594144527,0.26511710323393345,0.05086167063564062,0.008174419611690688,0.005019902251660824,0.011020910287297143,0.006566002382896841,0.3002063259482384,0.1755339982919395
224,0.0019350070027583871,0.09437679219990969,0.050943391397595406,0.000494855101351277,0.2681103851646185,0.050956808030605316,0.00818206112216715,0.00501435820478946,0.010537230252830095,0.005657212459482253,0.2744339406490326,0.16269537433981895
225,0.0019347701486334475,0.09349684650078416,0.05090171261690557,0.000487042165332241,0.26387737412005663,0.0523979477584362,0.008296955590953382,0.005091751925647259,0.010615937788356981,0.005833912407979369,0.2785490080714226,0.1654734779149294
226,0.001934532259118237,0.09403159422799945,0.05144261312671006,0.00048798373609315604,0.26438751071691513,0.05148413497954607,0.008224288583276227,0.0050494736060500145,0.010587078994832716,0.005785513203591108,0.2770366370677948,0.16426038602367043
227,0.0019342933344736303,0.09450667072087526,0.05049418820999563,0.0004993700931663625,0.27055659610778093,0.05154161807149649,0.008228878629744401,0.005062681972049177,0.010876947112233968,0.006042821798473597,0.29241450130939484,0.17197805969044566
228,0.001934053374961638,0.09384510666131973,0.05128115485422313,0.00048745473759481683,0.2641009073704481,0.05130308214575052,0.008209814680897785,0.004931168747134507,0.010777245218621412,0.005995965679176152,0.2870783358812332,0.16919070901349187
229,0.0019338123808454047,0.09374791430309415,0.05071579595096409,0.0004907317525066901,0.2658763797953725,0.05194882024079561,0.008261320339002426,0.005102850496768951,0.010616455666427008,0.005887831444852054,0.27857619524002075,0.16526250774040818
230,0.0019335703523892104,0.09400488389655948,0.05157586093991995,0.00048675348807591945,0.263720971532166,0.051481989212334156,0.008224116951348235,0.005021832883358002,0.010723055829542031,0.005780736217275262,0.28419865667819977,0.16784032294526696
231,0.0019333272898584687,0.09580228058621287,0.051369872177019715,0.0005048616803833283,0.2735319109633565,0.051777007058262825,0.008247647647090068,0.0051546425092965364,0.01079018873732387,0.006145071820355952,0.28776829689741135,0.16977265197783709
232,0.0019330831935197275,0.09343336569145322,0.051152694737538695,0.0004846033662033733,0.2625560415908694,0.050345501862466335,0.008132834818587932,0.004986825282685459,0.010513425997279335,0.005783134722150862,0.27319542318582535,0.16177046252414584
233,0.0019328380636406688,0.09331263927742839,0.05097058182582259,0.0004848337448493112,0.26268085837364197,0.050724683329463005,0.008163404130348804,0.005054161651059985,0.010814294859128278,0.006163297337479889,0.28905556350946426,0.16989012341946363
234,0.0019325919004901067,0.09484931128099561,0.05127491499297321,0.0004967681798007106,0.26914689037948847,0.05093946401029825,0.008180668649053717,0.004960810416378081,0.011072734945916622,0.006157690193504095,0.30303631722927094,0.1769878906197846
235,0.0019323447043379902,0.09332787478342652,0.05089166364632547,0.00048555698413110804,0.2630727104842663,0.05131995864212513,0.008211165105787573,0.004853710765019059,0.010775376233893486,0.005918015260249376,0.2869787737727165,0.16914936620742083
236,0.0019320964754553996,0.09379159100353718,0.0507225573528558,0.0004910849074803991,0.26606772001832724,0.05058877356350422,0.008152460224961924,0.004920731182210147,0.010662181048509165,0.005777764366939664,0.28098101913928986,0.16578489635139704
237,0.0019318472141145486,0.09363752882927656,0.05058025382459164,0.0004907137517875526,0.2658666204661131,0.050757925026118755,0.008166078452537438,0.004956518532708287,0.010803199252140966,0.006109238718636334,0.28846269845962524,0.169610311742872
238,0.0019315969205887826,0.09404323110356927,0.051172313280403614,0.0004900867079413729,0.26552689261734486,0.0527472198009491,0.008324562417336907,0.005319407791830599,0.010722734538895136,0.005717846914194524,0.2841816172003746,0.16846441850066185
239,0.0019313455951525795,0.09481224790215492,0.052541220327839255,0.00048707718815421686,0.26389635261148214,0.052790149115026,0.008327949159702827,0.005165437702089548,0.010590088115714737,0.005717596737667918,0.2771941274404526,0.1649921382777393
240,0.0019310932380815478,0.09390897583216429,0.051442397059872746,0.0004868537471338641,0.26377528440207243,0.050842609256505966,0.008172887736955323,0.0050073928432539105,0.010564854954577926,0.005539843812584877,0.2758747488260269,0.16335867904126644
241,0.0019308398496524284,0.09313413547351956,0.05090581066906452,0.0004836646021431079,0.2620474249124527,0.05043461639434099,0.008140029684121848,0.004958358826115727,0.010754057252300633,0.0060739838518202305,0.2858443111181259,0.16813946375623345
242,0.001930585430143093,0.092745176050812,0.050472326343879104,0.0004832754311792087,0.2618365688249469,0.05114741250872612,0.008197349511951843,0.005018624593503773,0.010719915114393325,0.005760685773566365,0.2840322107076645,0.1675898116081953
243,0.0019303299798325434,0.09385535074397922,0.05077166925184429,0.0004913107168249553,0.2661900585517287,0.052153656259179115,0.008277591796525856,0.00496605783700943,0.01078954812156672,0.006009392091073096,0.28773415833711624,0.16994390729814768
244,0.0019300734990009122,0.09358598850667477,0.05104006687179208,0.00048684335706639104,0.2637696648016572,0.05143181513994932,0.008220108681120128,0.00508299726061523,0.010618939074031724,0.005656834808178246,0.27870655059814453,0.16506918286904693
245,0.0019298159879294625,0.09205804066732526,0.05055945576168597,0.0004762908793054521,0.25805237516760826,0.050340959802269936,0.008132467896168,0.004918092046864331,0.01059029139573226,0.005931722465902567,0.2772047817707062,0.16377287078648806
246,0.0019295574469005863,0.09297740273177624,0.05063661630265415,0.0004842055950575741,0.26234053913503885,0.05080721713602543,0.0081700426531164,0.005020381999202073,0.010571916104038098,0.005516336648724973,0.2762436419725418,0.16352542955428362
247,0.0019292978761978055,0.09224251983687282,0.051007422618567944,0.0004746860777231632,0.2571829054504633,0.051569897681474686,0.00823113567757464,0.005043168901465833,0.010773051387364375,0.0061622553039342165,0.28685495257377625,0.16921242512762547
248,0.0019290372761057717,0.09289561165496707,0.050849566236138344,0.0004818786201212788,0.26107978355139494,0.051836478523910046,0.00825238274339063,0.005087740370072424,0.010624909227572721,0.00563119794242084,0.2790199965238571,0.16542823752388358
249,0.0019287756469102645,0.09237738233059645,0.050970459589734674,0.0004762035514431773,0.2580050602555275,0.05054136086255312,0.008148639377431021,0.004895851016044617,0.010670659070956824,0.005606293911114335,0.2814280465245247,0.1659847036935389
250,0.0019285129888981921,0.09266570769250393,0.050430465722456574,0.0004828510864172131,0.2616066737100482,0.05076796002686024,0.008166885767976832,0.004932284355163574,0.010600732096635694,0.005555093986913562,0.277751624584198,0.16425979230552912
251,0.0019282493023575918,0.09250781172886491,0.050538016483187675,0.00048059990513138473,0.26038698852062225,0.05116159841418266,0.008198486336240079,0.0050717806443572044,0.010550874848037347,0.005601878394372761,0.27514511346817017,0.16315335594117641
252,0.001927984587577628,0.09200310939922929,0.05055711232125759,0.00047580124737578444,0.25778709072619677,0.050647622905671597,0.008157200737028846,0.004847672767937183,0.010628049008187205,0.005506308865733445,0.2791849300265312,0.1649162764661014
253,0.0019277188448485931,0.0918675041757524,0.050596709828823805,0.00047425746197404806,0.25695067178457975,0.05033080745488405,0.008131648104159155,0.0048773568123579025,0.010558752133337113,0.005526666063815355,0.27555611729621887,0.16294346237555146
254,0.001927452074461906,0.09231392340734601,0.05052843922749162,0.00047888129847706296,0.259455849416554,0.050697398371994495,0.008161208477253785,0.004903374589048326,0.010676512732332059,0.005598560092039406,0.28173691034317017,0.16621715435758233
255,0.0019271842767101136,0.09288099687546492,0.05066894995979965,0.00048307720135198906,0.2617291724309325,0.05056000594049692,0.008150141997336534,0.0049515446880832314,0.010654973322128024,0.005621573189273477,0.28060125559568405,0.1655806307680905
256,0.001926915451886889,0.09541199402883649,0.05073003051802516,0.0005059837330918526,0.27413983922451735,0.05160954687744379,0.008234299188346393,0.004970413283444941,0.010900110286268739,0.00583762489259243,0.2936612665653229,0.17263540672138333
257,0.0019266456002870315,0.09325434034690261,0.05140623520128429,0.00048107935435837135,0.26064675208181143,0.05107128620147705,0.008191246773704999,0.004995119292289019,0.010492342078786434,0.0056056511821225286,0.2721007689833641,0.16158602759242058
258,0.0019263747222064665,0.09192314418032765,0.05050983349792659,0.0004754123201564653,0.25757637899369,0.051113384775817394,0.008194622354783384,0.004884919268079102,0.010659185624344859,0.0055872813099995255,0.280823178589344,0.1659682816825807
259,0.0019261028179422448,0.09303654776886106,0.05071966792456806,0.0004841382778977277,0.26230405922979116,0.050417546182870865,0.008138652146210571,0.005064923549070954,0.010722204829361802,0.005894113797694445,0.284153550863266,0.16728554852306843
260,0.001925829887792543,0.09315160615369678,0.05065662111155689,0.0004856655705225421,0.2631315430626273,0.050768871791660786,0.008166958933606847,0.005000170553103089,0.010653570700960792,0.005712712765671313,0.28052738308906555,0.16564812744036317
261,0.0019255559320566626,0.09252750687301159,0.0505978490691632,0.0004803399187949253,0.26024612598121166,0.05092467274516821,0.008179481091107863,0.005071787862107158,0.01070825289295979,0.006113305222243071,0.2834145426750183,0.16716960771009326
262,0.0019252809510350293,0.09328174917027354,0.05090232705697417,0.0004850525856454624,0.26279942877590656,0.05132421012967825,0.008211504809412469,0.005131820100359619,0.010859883106051382,0.006078388658352196,0.29149774461984634,0.1714109773747623
263,0.0019250049450291935,0.0931604290381074,0.05063535994850099,0.0004859039490838768,0.2632606904953718,0.05122411623597145,0.008203493941793519,0.005030748900026083,0.010697093120851152,0.005606129067018628,0.2828241065144539,0.16702411137521267
264,0.0019247279143418297,0.09330210695043206,0.05083419568836689,0.00048574346328678075,0.2631737431511283,0.05118788219988346,0.008200591823909623,0.004975650575943291,0.010719360235998194,0.0057325230445712805,0.28400279581546783,0.16759533900767565
265,0.0019244498592767363,0.09360021911561489,0.05060241534374654,0.0004902058117295383,0.2655914295464754,0.05065129604190588,0.008157496753358248,0.004928481765091419,0.010869196675981649,0.006408622371964157,0.29199792444705963,0.17132461024448276
266,0.0019241707801388346,0.09442605637013912,0.0510126082226634,0.0004947987054038094,0.26807984337210655,0.05127183720469475,0.008207314074825953,0.004887946997769177,0.010670904198900755,0.005584684899076819,0.28144097328186035,0.16635640524327755
267,0.0019238906772341688,0.09247336629778147,0.05072245164774358,0.00047892037764540873,0.2594770258292556,0.05075917113572359,0.008166178689170316,0.005022109718993306,0.010755728861834502,0.006105006905272603,0.2859331890940666,0.1683461801148951
268,0.0019236095508699067,0.09224500507116318,0.050507263047620654,0.0004784016236953903,0.2591959638521075,0.050729721784591675,0.00816380965706727,0.004968732479028404,0.010681369557896805,0.005913329543545842,0.2819932699203491,0.1663614958524704
269,0.0019233274013543374,0.0918290177360177,0.05023288284428418,0.00047658837320341263,0.25821355264633894,0.05117387697100639,0.008199469933145465,0.005014822585508227,0.010754937951536883,0.005968559882603586,0.2858911529183388,0.16853251494467258
270,0.0019230442289968725,0.09241129783913493,0.050759472185745835,0.0004780742438015295,0.25901859160512686,0.051808116026222706,0.008250125004111066,0.005067479913122952,0.01067581988808492,0.005780280916951597,0.28170034289360046,0.16675422945991158
271,0.0019227600341080453,0.09202049393206835,0.05135878920555115,0.0004700430145021528,0.2546673035249114,0.05189803894609213,0.008257281444293389,0.005008955835364759,0.010732977173896974,0.005917003843933344,0.28472481667995453,0.16831142781302333
272,0.0019224748169995103,0.09197048656642437,0.05032925866544247,0.0004771824078488862,0.25853539537638426,0.0506242960691452,0.008155322148738356,0.005005199112929404,0.0108177633914814,0.005962999421171844,0.2892409935593605,0.16993264481425285
273,0.0019221885779840428,0.09270618762820959,0.05055782711133361,0.00048228437117359135,0.2612996231764555,0.051098176278173923,0.008193403185362418,0.005015261005610228,0.01083555533758139,0.006344793597236276,0.29019320756196976,0.17064569192007184
274,0.0019219013173755392,0.09229809837415814,0.05071442318148911,0.0004773621458298294,0.25863278936594725,0.05068769212812185,0.008160426902834923,0.004905697307549417,0.010679216720399185,0.005711872247047722,0.28187964111566544,0.16628366662189364
275,0.001921613035489016,0.09117815969511867,0.05054740933701396,0.0004682597555074608,0.2537011466920376,0.05267882999032736,0.008319163938735703,0.005140112712979317,0.010679941449328162,0.005507452646270394,0.28191789239645004,0.1672983611933887
276,0.0019213237326406096,0.09215385559946299,0.050910532707348466,0.00047458315748372115,0.2571271415799856,0.050338354893028736,0.00813225764361438,0.004914734396152198,0.010746781155402202,0.005920783965848386,0.28545766323804855,0.16789800906553864
277,0.0019210334091475758,0.09200529288500547,0.05038287886418402,0.00047710773287690245,0.2584949415177107,0.05092198960483074,0.008179265597737184,0.004930956056341529,0.010592035561698994,0.005529507645405829,0.27729610353708267,0.1641090465709567
278,0.0019207420653282908,0.09114766772836447,0.04992663348093629,0.0004725614799099276,0.2560318037867546,0.05089412163943052,0.008177027044141595,0.004972581402398646,0.010634042784239251,0.005666859564371407,0.27949993312358856,0.16519702738150954
279,0.0019204497015022474,0.09071520203724504,0.04997372906655073,0.00046822273725410923,0.25368109066039324,0.05077546555548906,0.008167489559695106,0.0048332070000469685,0.01076597541844905,0.0056510515278205276,0.2864782512187958,0.16862685838714242
280,0.0019201563179900595,0.09250818844884634,0.05043585109524429,0.00048135765428014565,0.26079753041267395,0.05099894758313894,0.00818544382464044,0.004962348844856024,0.010638371692866602,0.005585255799815059,0.2797275185585022,0.16536323307082057
281,0.001919861915113458,0.09192110458388925,0.05076967249624431,0.00047347516010631807,0.2565268250182271,0.05094092804938555,0.008180786494853542,0.004941473132930696,0.010594574998973495,0.00566492707002908,0.2774290665984154,0.16418499732390046
282,0.0019195664931952912,0.0919073442928493,0.0505341961979866,0.00047508665193163324,0.2573999296873808,0.05142952408641577,0.008219925454830733,0.004995018942281604,0.01060856670270049,0.0056502611842006445,0.27816232293844223,0.164795923512429
283,0.0019192700525595256,0.09069340396672487,0.05028753215447068,0.0004657048139051767,0.25231688749045134,0.05146377254277468,0.008222661917217582,0.004988560569472611,0.010729437578081332,0.005828914698213339,0.28453704714775085,0.16800040984526277
284,0.001918972593531245,0.09172893827781081,0.05048024747520685,0.0004738385141536128,0.2567236926406622,0.05030422005802393,0.008129499924187803,0.004958914942108095,0.010666071258614455,0.005940744071267545,0.2811861038208008,0.16574516193941236
285,0.0019186741164366492,0.0913008195348084,0.050251074600964785,0.00047157953849819023,0.25549979135394096,0.05103815998882055,0.008188590334252309,0.004983959486708045,0.010655946537611717,0.005708241485990584,0.2806525304913521,0.16584534524008632
286,0.0019183746216030557,0.09088030271232128,0.05012996168807149,0.00046859291978762485,0.25388165563344955,0.050468859262764454,0.008142792661200623,0.004899060586467385,0.010694214973611631,0.006081376690417528,0.2826719433069229,0.16657040128484368
287,0.0019180741093588966,0.0916343703866005,0.050386121263727546,0.00047366070612042677,0.2566273594275117,0.05145084671676159,0.008221629102604874,0.004963241517543793,0.010777612310071443,0.006083526182919741,0.28709790110588074,0.16927437391132116
288,0.0019177725800337208,0.09172626584768295,0.05053923465311527,0.00047337835349026136,0.25647438410669565,0.05143611412495375,0.0082204521087672,0.004926015855744481,0.010697017790559642,0.005983843468129635,0.2828201353549957,0.16712812473997474
289,0.001917470033958192,0.09230788657441735,0.05060212477110326,0.0004782815758517245,0.259130927734077,0.05168796610087156,0.008240552814163556,0.005143146147020161,0.01064125691001412,0.005662083625793457,0.27987927943468094,0.16578362276777625
290,0.001917166471464089,0.09177727485075593,0.05071379221044481,0.0004725603521364974,0.2560311919078231,0.05174337513744831,0.008244968234140178,0.005251440568827093,0.010778428642881735,0.005818117409944534,0.2871413752436638,0.16944237519055605
291,0.0019168618928843057,0.09100214205682278,0.05044134217314422,0.0004674184619943844,0.25324533600360155,0.05185759998857975,0.008254063935162603,0.005281853838823736,0.010768019269032602,0.006016594474203885,0.28658704459667206,0.1692223222926259
292,0.0019165562985528496,0.09062065742909908,0.050003546522930264,0.00046713006850040983,0.2530890926718712,0.05121679790318012,0.008202907990099928,0.004929930088110268,0.010810997591136042,0.005647326936013997,0.28887932002544403,0.17004805896431208
293,0.0019162496888048422,0.09207211527973413,0.05060951737686992,0.00047605118925275747,0.25792250502854586,0.052015913650393486,0.00826665361377329,0.005157038103789091,0.010925292053036145,0.00613395671825856,0.2950196862220764,0.17351779993623495
294,0.001915942063976519,0.09216850902885199,0.05055441032163799,0.00047734760119055863,0.2586248992010951,0.05112964101135731,0.00819592534690883,0.004941747058182955,0.010745437154922063,0.005651950021274388,0.28538624942302704,0.16825794521719217
295,0.0019156334244052281,0.09188323840498924,0.05061657214537263,0.0004742560413433239,0.2569498987868428,0.051064359955489635,0.008190691592333021,0.0049369652988389134,0.010643779904201522,0.005682825925759971,0.28001200407743454,0.1655381820164621
296,0.0019153237704294306,0.09137645922601223,0.05016352795064449,0.0004729239117295947,0.2562281731516123,0.05377020500600338,0.008404898557973878,0.005282199126668274,0.010829930323955449,0.006088278372772038,0.2898919954895973,0.17183110024780035
297,0.0019150131023887,0.09078635321930051,0.05049000587314367,0.00046506774378940463,0.25197173468768597,0.05062083061784506,0.008155042893831763,0.0050040691858157516,0.010804554754770556,0.006001753150485456,0.28853508830070496,0.169577959459275
298,0.0019147014206237223,0.09065889799967408,0.05011636600829661,0.0004666500553867081,0.25282901618629694,0.05106978490948677,0.008191126635646523,0.005114273983053863,0.010671729802261202,0.005627046804875135,0.28148452937602997,0.16627715714275837
299,0.0019143887254762946,0.0908173113130033,0.05016535334289074,0.00046775033297308255,0.2534251371398568,0.051565988920629025,0.008230823745868691,0.005104098469018936,0.010837585982238265,0.0057368597481399775,0.29030197858810425,0.17093398375436664
300,0.0019140750172893255,0.09170190058648586,0.050755181116983294,0.000471559194920701,0.25548877101391554,0.05135065037757158,0.008213619804607043,0.005054542678408325,0.010792017738871505,0.00581274542491883,0.28786587715148926,0.16960826376453042
301,0.001913760296406834,0.090479486156255,0.050442523090168834,0.00046258637485152576,0.2506273314356804,0.05275668948888779,0.008325309683588853,0.005135530955158174,0.010739068301835464,0.005730781122110784,0.28504806011915207,0.16890237480401993
302,0.0019134445631739507,0.09065547585487366,0.0506864245980978,0.0004624098128260812,0.25053167436271906,0.05132289603352547,0.008211399920357,0.005113157792948186,0.010762745485410796,0.005949266953393817,0.28630638122558594,0.1688146386295557
303,0.0019131278179369156,0.08995760744437575,0.05059421178884804,0.00045665029938390944,0.24741118680685759,0.051798430271446705,0.00824935350773699,0.005388469435274601,0.010772739186111357,0.005684557603672147,0.2868383303284645,0.1693183802999556
304,0.0019128100610430788,0.091113256290555,0.050390804419294,0.00046881698654033244,0.2540030525997281,0.05147440731525421,0.008223511676920498,0.005017380113713443,0.010711703969488347,0.005996407242491841,0.2835972532629967,0.16753583028912544
305,0.0019124912928408996,0.09053710661828518,0.050078645814210176,0.0004658045872929506,0.2523709423840046,0.05109591968357563,0.008193222248003484,0.005008410662412643,0.010756007226774078,0.005933402571827173,0.2859480082988739,0.16852196399122477
306,0.0019121715136799463,0.09025036729872227,0.05042505147866905,0.0004606009151757462,0.24955161940306425,0.051991996355354786,0.008264753025114757,0.005172715522348881,0.010668890931647742,0.005705639021471143,0.2813347950577736,0.1666633957065642
307,0.001911850723910896,0.08982001012191176,0.049979365430772305,0.000459919774584705,0.24918257631361485,0.05136113241314888,0.008214457988474824,0.005018965341150761,0.010949271426924097,0.006054811994545162,0.29631615430116653,0.1738386433571577
308,0.0019115289238855345,0.0907269874587655,0.050112158292904496,0.0004673095063481014,0.25318630039691925,0.05128067173063755,0.008208021155809736,0.005036922171711922,0.010799627342273034,0.005792702198959887,0.2882719859480858,0.16977632883936167
309,0.0019112061139567541,0.09004661394283175,0.049910314846783876,0.0004625207930075703,0.2505918052047491,0.051390357315540314,0.008216794707959297,0.005092479521408677,0.010776134754155882,0.005834266077727079,0.28701917827129364,0.16920476779341698
310,0.0019108822944785566,0.09034993732348084,0.05007789214141667,0.00046408285925281234,0.2514381119981408,0.051389725878834724,0.008216744234402084,0.005033803987316787,0.01093150007815452,0.0057046746369451284,0.29535506665706635,0.17337239626795053
311,0.0019105574658060485,0.08949105255305767,0.05017695436254144,0.0004554251972876955,0.24674743600189686,0.05119701195508242,0.008201323105359303,0.004969662171788514,0.010716933960097154,0.0057057858211919665,0.2838742434978485,0.16753562772646546
312,0.001910231628295445,0.08889925666153431,0.049862551502883434,0.00045228495764604304,0.24504606798291206,0.05135274864733219,0.008213787780406687,0.005065146251581609,0.010758732488859927,0.005693157087080181,0.2860929146409035,0.16872283164411783
313,0.0019099047823040668,0.08955055708065629,0.04991980013437569,0.00045787287126586307,0.24807357415556908,0.05174162611365318,0.008244829243552115,0.0052250351291149855,0.01080196010895327,0.0058349734172225,0.28839652240276337,0.17006907425820827
314,0.0019095769281903404,0.08943097060546279,0.05029190913774073,0.000454022032499779,0.24598720856010914,0.05240097641944885,0.008297195541028122,0.005121499067172408,0.010884936766167372,0.005913651315495372,0.292844258248806,0.17262261733412743
315,0.0019092480663137983,0.08974236529320478,0.049714591819792986,0.00046115800796542317,0.24985344987362623,0.05213580001145601,0.00827617473610629,0.005068828002549708,0.010868492851416764,0.005752839264459908,0.29196012765169144,0.17204796383157372
316,0.0019089181970350778,0.09066031174734235,0.05027881101705134,0.0004654637978092069,0.2521863067522645,0.053209069184958935,0.008360927510176482,0.005177475395612419,0.010806488715968766,0.005823771469295025,0.2886383906006813,0.17092372989282012
317,0.0019085873207159213,0.08985916944220662,0.05056637991219759,0.0004559473145491211,0.24703031964600086,0.05251380242407322,0.008306122693387383,0.005071916966699064,0.011417001768023653,0.006694859592244029,0.3221729248762131,0.18734336365014315
318,0.0019082554377191745,0.09163362206891179,0.050107853254303336,0.0004757082133437507,0.2577366903424263,0.051569271832704544,0.008231085623442531,0.0049758016830310225,0.011001753408994858,0.006233405554667115,0.2991635575890541,0.17536641471087933
319,0.0019079225484087885,0.08945810608565807,0.049808040261268616,0.00045784479152644053,0.24805835913866758,0.051879807375371456,0.008255831153541405,0.0050141430692747235,0.01097173060425839,0.005830433568917215,0.2975330129265785,0.174706410150975
320,0.001907588653149817,0.08928486704826355,0.05007928633131087,0.00045424346535583027,0.24610718339681625,0.05164498556405306,0.008237125832229056,0.005165308830328286,0.010876510373308166,0.005734706413932145,0.2923910319805145,0.1720180087722838
321,0.001907253752308417,0.08950611297041178,0.0500156506896019,0.0004567550422507338,0.24746794812381268,0.05183637794107199,0.008252374808270306,0.00504575832746923,0.010791546632682055,0.0056922753574326634,0.28784075379371643,0.1698385658673942
322,0.0019069178462518483,0.09001309797167778,0.05075347633101046,0.00045598655015055556,0.24705157801508904,0.052981589920818806,0.008343035950505265,0.005250417161732912,0.01088721900840609,0.005834601586684585,0.2929670885205269,0.17297433922067285
323,0.001906580935348473,0.08872459456324577,0.05012675165198743,0.0004487225178309018,0.24311595782637596,0.051752131432294846,0.008245666130030783,0.005002738791517913,0.010814164922061241,0.005768429720774293,0.28904861211776733,0.1704003717750311
324,0.0019062430199677557,0.08964557386934757,0.05024735163897276,0.00045633148329216056,0.24723845440894365,0.052073853090405464,0.008271256216602879,0.005025334539823234,0.010885724664602612,0.005783553002402186,0.2928866446018219,0.17248024884611368
325,0.0019059041004802616,0.08917174395173788,0.05041302018798888,0.00045073558794683777,0.24420662876218557,0.05224058125168085,0.008284486834117534,0.005123310838826001,0.010820934373350377,0.005732973571866751,0.2894105911254883,0.17082558618858457
326,0.0019055641772576573,0.0878703910857439,0.049839177168905735,0.0004429625751072308,0.23999524116516113,0.05192485265433788,0.008259414558915733,0.005113291321322322,0.010907885700034637,0.005878167110495269,0.29408036917448044,0.17300261091440916
327,0.001905223250672711,0.08754817582666874,0.049565037712454796,0.0004420129116624594,0.23948071524500847,0.051849077455699444,0.008253385813407883,0.005044185207225382,0.010850007057975836,0.005935978377237916,0.29096780717372894,0.1714084423147142
328,0.0019048813210992901,0.0880775055848062,0.04998115869238973,0.00044382569831213914,0.24046288058161736,0.052280109375715256,0.008287620981204172,0.005088341538794339,0.01101198544905373,0.005763613851740956,0.29972028732299805,0.17600019834935665
329,0.0019045383889123625,0.08870692737400532,0.05092475679703057,0.00044266794247960206,0.23983560968190432,0.053880845196545124,0.008413541073417264,0.005146838375367224,0.01105617063774101,0.005881544668227434,0.3021303564310074,0.17800560081377625
330,0.001904194454487995,0.0884107081219554,0.05005758348852396,0.0004463364530238323,0.24182319920510054,0.05208113882690668,0.00827183490780145,0.0050137031357735395,0.010993843273254873,0.0059618044178932905,0.29873351752758026,0.17540732817724347
331,0.001903849518203354,0.08755773631855845,0.049878919031471014,0.00043978381290799007,0.23827299941331148,0.05232248827815056,0.008290979263980784,0.0051569403149187565,0.01106591693547478,0.006095359101891518,0.30266325920820236,0.17749287374317646
332,0.0019035035804367043,0.0870825881138444,0.0494049908593297,0.00043889781773032155,0.23779296968132257,0.052198552526533604,0.008281153704727507,0.005025832331739366,0.011306176125347586,0.006140931625850499,0.31594856083393097,0.1840735566802323
333,0.0019031566415674095,0.08901733346283436,0.05009771208278835,0.00045163849245000165,0.2446958115324378,0.05218160059303045,0.008279809202634643,0.0050659478874877095,0.011117451379615522,0.006262643961235881,0.30548885464668274,0.1788352276198566
334,0.0019028087019759303,0.08688174467533827,0.049597545992583036,0.000435622712757322,0.23601853288710117,0.052161455154418945,0.008278210695387157,0.0049721968825906515,0.011110081568080405,0.005832806578837335,0.3050839677453041,0.17862271144986153
335,0.001902459762043825,0.08666071388870478,0.049424149794504046,0.000434863070040592,0.23560696840286255,0.05279836058616638,0.008328596640177061,0.005093921208754182,0.01123015906072783,0.00601004040800035,0.3117142841219902,0.1822563223540783
336,0.0019021098221537497,0.08784521371126175,0.04946646420285106,0.0004454819063539617,0.24136020429432392,0.053290955722332,0.00836735834554377,0.005169719341211021,0.010931464468735538,0.005862886551767588,0.29535312950611115,0.17432204261422157
337,0.0019017588826894555,0.08646182809025049,0.049725441029295325,0.00043080324212496635,0.2334073716774583,0.05241246148943901,0.00829810441644302,0.005049630533903837,0.0111624547386807,0.005941926501691341,0.30796709656715393,0.18018977902829647
338,0.0019014069440357914,0.08614211855456233,0.049518530489876866,0.00042938037040585186,0.23263646475970745,0.052115985192358494,0.008274601356576814,0.0049995704321190715,0.011087194644268415,0.005792418960481882,0.30382831394672394,0.17797214956954122
339,0.0019010540065787004,0.08717790059745312,0.049246352165937424,0.0004409486173244659,0.23890408501029015,0.052675758488476276,0.008318921451790699,0.005039461771957576,0.011154989752241544,0.005883077858015895,0.30755532532930374,0.18011554190889
340,0.0019007000707052225,0.087393035646528,0.0500635274220258,0.0004369009220681619,0.23671106528490782,0.05236569885164499,0.008294402197569394,0.00500814791303128,0.01110447915007315,0.005802815896458924,0.3047763481736183,0.17857102351263165
341,0.0019003451368034912,0.0880226525478065,0.050524853402748704,0.0004393054769025184,0.2380138412117958,0.05251453444361687,0.008306180836038797,0.005193075397983193,0.011096778788248284,0.00575899938121438,0.3043537959456444,0.17843416519463062
342,0.0018999892052627356,0.08640173776075244,0.04960419959388673,0.00043114381696796045,0.2335918853059411,0.05224217567592859,0.008284613522575356,0.005031482898630202,0.011477578602032362,0.00644061469938606,0.3256007954478264,0.1889214855618775
343,0.0018996322764732775,0.0873867254704237,0.049723972799256444,0.0004393495710246498,0.238037733361125,0.0542628588154912,0.008443314398763632,0.005215253331698477,0.011444550028210043,0.006260464200749993,0.3237295374274254,0.1889961981214583
344,0.0018992743508265337,0.08834662847220898,0.05048795836046338,0.0004425677161634667,0.2397813042625785,0.05333010759204626,0.008370431582904424,0.00521482340991497,0.011618492667833769,0.00624988682102412,0.33364487439393997,0.19348749099299312
345,0.001898915428715013,0.08841020567342639,0.049699543276801705,0.0004489751700020861,0.24325284082442522,0.052732511423528194,0.008323401836670727,0.004987842054106295,0.011124379408643775,0.005855004070326686,0.3058697134256363,0.17930111242458224
346,0.0018985555105323184,0.08587891142815351,0.04917325405403972,0.0004295004764571786,0.23270153161138296,0.05316985119134188,0.00835784566360142,0.0050232779467478395,0.01129906383560021,0.005920705385506153,0.31555116176605225,0.18436050647869706
347,0.0018981945966731438,0.08496755175292492,0.04940138687379658,0.0004194056418782566,0.22723219729959965,0.053232161328196526,0.008362741641034215,0.005327662685886025,0.011171435137067144,0.0059145314153283834,0.30846279859542847,0.1808474799618125
348,0.0018978326875332754,0.084790232591331,0.049123621080070734,0.000419819947637734,0.22745667025446892,0.05302044469863176,0.008346094823870252,0.005191541276872158,0.011266640404140538,0.005928710801526904,0.3137427940964699,0.18338161939755082
349,0.0018974697835095907,0.08506733132526278,0.049639522563666105,0.0004185683555988362,0.22677856031805277,0.05297719594091177,0.008342690046864132,0.0050132679753005505,0.011335745049058259,0.006072962656617165,0.31760332733392715,0.18529026163741946
350,0.0018971058850000592,0.08441959368065,0.04920944105833769,0.000415765887737507,0.22526019159704447,0.053459313698112965,0.008380565411307377,0.0051963129080832005,0.011368407162715734,0.006098938756622374,0.3194361850619316,0.1864477493800223
351,0.0018967409924037398,0.08460609056055546,0.04924724344164133,0.0004172079134150408,0.22604147251695395,0.05393871758133173,0.008418058395565307,0.005155190476216376,0.011381323020175535,0.006090275244787335,0.32016244530677795,0.18705058144405484
352,0.0018963751061207821,0.08517981646582484,0.04935774044133723,0.00042168679647147655,0.228468113578856,0.053658947348594666,0.008396198618323095,0.005297921714372933,0.01133225801121373,0.005958905559964478,0.3174079433083534,0.18553344532847404
353,0.0018960082265524248,0.08576156618073583,0.05006634118035436,0.0004218239992042072,0.22854244615882635,0.053132133558392525,0.008354880683004974,0.005163967260159552,0.011335030155304538,0.005779686383903027,0.3175632357597351,0.18534768465906382
354,0.001895640354100997,0.08323290897533298,0.048835505498573184,0.0004075751876371214,0.22082250751554966,0.05296767223626375,0.008341939976465275,0.005056011490523815,0.01136477353362101,0.005950611550360918,0.3192320391535759,0.18609985569491982
355,0.0018952714891699158,0.08379479730501771,0.049401380587369204,0.0004085828568349825,0.22136845253407955,0.053902605548501015,0.008415240108785587,0.005186931346543133,0.01140704069965058,0.006176195223815739,0.3216109797358513,0.18775679264217615
356,0.0018949016321636867,0.08429574826732278,0.04930648556910455,0.00041390652222617064,0.22425279673188925,0.054355462081730366,0.008450515920559882,0.00526751799043268,0.011459675192521236,0.006170646520331502,0.32458577305078506,0.18947061756625772
357,0.001894530783487903,0.08388255583122373,0.04950707335956395,0.00040861242814571597,0.22138447687029839,0.05418321490287781,0.00843711576843175,0.005140599561855197,0.01158666962963779,0.006056537968106568,0.33181966841220856,0.19300144165754318
358,0.0018941589435492463,0.08304594969376922,0.048779696924611926,0.0004062618645548355,0.22011095006018877,0.0534934988245368,0.008383244338714322,0.0051283384673297405,0.01172835141727261,0.006297098123468459,0.3399842754006386,0.1967388871125877
359,0.0018937861127554842,0.08311802940443158,0.04874144517816603,0.00040720948345551733,0.22062435653060675,0.05326947569847107,0.008365672090102097,0.005127212381921709,0.011505445999558472,0.00614829664118588,0.3271838054060936,0.19022664055228233
360,0.0018934122915154714,0.08293348411098123,0.04935188707895577,0.0004009995791420806,0.21725986804813147,0.05294826999306679,0.008340412153570528,0.005068243131972849,0.011528259548673807,0.006075823213905096,0.32848260551691055,0.19071543775498867
361,0.001893037480239149,0.08233170304447412,0.048893190221861005,0.00039883248427941,0.21608574595302343,0.05314319673925638,0.008355750521142513,0.005114822182804346,0.011553103364685137,0.006223530392162502,0.3298999145627022,0.19152155565097928
362,0.0018926616793375436,0.08121064770966768,0.04826132929883897,0.0003931516785087297,0.2130079148337245,0.05343627091497183,0.008378758938743193,0.005142936366610229,0.011458430685056267,0.006015199702233076,0.32451528310775757,0.1889757770113647
363,0.0018922848892227665,0.08205650094896555,0.048691293923184276,0.0003977833366661798,0.21551732067018747,0.054009998217225075,0.008423618829375548,0.0053051698487252,0.011811437786374437,0.006380570586770773,0.3448184058070183,0.19941420201212168
364,0.0018919071103080144,0.08159400057047606,0.049039827194064856,0.00039094195381039754,0.21181068569421768,0.05392172280699015,0.008416732196951998,0.005107625620439649,0.011610086120354903,0.006064710090868175,0.33316226303577423,0.1935419929213822
365,0.0018915283430075685,0.08224890194833279,0.048365598544478416,0.0004019634798169136,0.2177821071818471,0.0537484185770154,0.008403195591712547,0.0050756242126226425,0.01168174227310912,0.00621891301125288,0.33728741854429245,0.19551791856065392
366,0.0018911485877367935,0.08084450801834464,0.04874534416012466,0.0003861993482132675,0.209241165779531,0.05483425501734018,0.008487652553460564,0.005269401357509196,0.01157033006636291,0.006059343810193241,0.3308844715356827,0.19285936327651143
367,0.0018907678449121374,0.07946621859446168,0.04891801159828901,0.00037220490048639476,0.20165903214365244,0.053892350755631924,0.008414439435578118,0.005245612235739827,0.011606364378538628,0.00618778879288584,0.3329486772418022,0.19342051399871707
368,0.0018903861149511315,0.0787615180015564,0.048320400062948465,0.0003701136138261063,0.20052598044276237,0.05365627072751522,0.008395989228900523,0.005034009926021099,0.011897348504262032,0.006106898188591003,0.34985271841287613,0.20175449457019567
369,0.0018900033982723898,0.08590652048587799,0.050506555708125234,0.00041991168836830184,0.22750637028366327,0.055149758234620094,0.00851203548386628,0.00529346102848649,0.011805508592988703,0.006156859919428825,0.3444722667336464,0.19981101248413324
370,0.0018896196952956073,0.08327497448772192,0.04992031981237233,0.0003999544023827184,0.21669359132647514,0.053478363901376724,0.008382058463671377,0.005167767289094627,0.011619692950160989,0.00624321901705116,0.3337138071656227,0.19359608553349972
371,0.0018892350064415619,0.0797575730830431,0.04852007469162345,0.0003778316040552454,0.2047075591981411,0.05381318274885416,0.008408256619652377,0.00512525241356343,0.01167086460658076,0.006102094543166459,0.3366595432162285,0.19523636298254132
372,0.0018888493321321121,0.07794227078557014,0.04806047352030873,0.00036447212914936244,0.19746945425868034,0.0546762915328145,0.008475418525725115,0.005177241982892156,0.011889487038776058,0.00636427931021899,0.34939051419496536,0.20203340286388993
373,0.0018884626727901973,0.07861529663205147,0.04817140754312277,0.00036986418126616627,0.20039084274321795,0.054843535646796227,0.00848837099755992,0.00528663769364357,0.012265202528432152,0.006719887140206993,0.3718213587999344,0.2133324472233653
374,0.0018880750288398362,0.0769425155594945,0.047820503590628505,0.00035701746674021706,0.19343054853379726,0.05428550112992525,0.008445075615475332,0.005083501688204706,0.011966475641723545,0.0061395399970933795,0.3539300188422203,0.20410775998607278
375,0.0018876864007061284,0.07551721949130297,0.047537496546283364,0.00034595344004628714,0.18743610568344593,0.054154290817677975,0.008434863591148326,0.005133482278324664,0.011938772351456357,0.006151887821033597,0.3522931784391403,0.20322373462840915
376,0.0018872967888152524,0.07718112505972385,0.04801735025830567,0.000357766210072441,0.19383621215820312,0.0569090424105525,0.008646737254832497,0.005404125200584531,0.01203188021891441,0.006135811912827194,0.35780952870845795,0.20735928555950522
377,0.0018869061935944652,0.07904534135013819,0.04951203684322536,0.0003639352107711602,0.19717854633927345,0.0560494139790535,0.008581183120418797,0.00522017409093678,0.01195221434877633,0.006271651713177562,0.353086918592453,0.20456816628575325
378,0.0018865146154721023,0.07486361265182495,0.04753942438401282,0.00033990734846156556,0.18416035361588,0.05470782890915871,0.008477862259370557,0.005163770983926952,0.012044919301658347,0.006202937220223248,0.3585854545235634,0.20664664171636105
379,0.001886122054877577,0.07618778944015503,0.047942126635462046,0.00034915451942652,0.18917042948305607,0.05563931167125702,0.008549732106027077,0.005307426443323493,0.012081870733952954,0.006193521665409207,0.3607889786362648,0.2082141451537609
380,0.0018857285122413805,0.07584870140999556,0.04775334149599075,0.0003474189888947876,0.18823013454675674,0.053569830022752285,0.008389223454312205,0.0050903360825032,0.01219109687317903,0.006332772085443139,0.36734189093112946,0.21045586047694087
381,0.0018853339879950804,0.07449739752337337,0.04743258166126907,0.0003373165109223919,0.18275665119290352,0.054319932125508785,0.008447753572255896,0.005173397716134787,0.012108975359884398,0.006418900098651648,0.3624095693230629,0.20836475072428584
382,0.0018849384825713206,0.07407780596986413,0.04739821283146739,0.00033369801894878037,0.1807961668819189,0.05388624966144562,0.008413963189110122,0.0050581005634739995,0.012303941910819533,0.006554464111104608,0.3741738349199295,0.21403004229068756
383,0.0018845419964038219,0.0754067380912602,0.047284957487136126,0.0003467983151494991,0.18789385445415974,0.0546254338696599,0.008471475908449096,0.005095414584502578,0.012332156512206451,0.006571835489012301,0.37589188665151596,0.21525866026058793
384,0.0018841445299273797,0.07326463563367724,0.046669662930071354,0.0003315724206913728,0.17964452505111694,0.05462471954524517,0.008471420295967046,0.005231493036262691,0.012328963320259238,0.006483663804829121,0.37569723278284073,0.21516097616404295
385,0.0018837460835778646,0.07196503318846226,0.046431549126282334,0.00032133688910107594,0.17409896291792393,0.05480163265019655,0.008485127605281967,0.005254755495116115,0.012413462166332422,0.006538853631354868,0.3808647096157074,0.21783317113295197
386,0.0018833466577922217,0.07046668790280819,0.0462062475271523,0.00030917266849428415,0.16750844102352858,0.05351344682276249,0.008384807094020303,0.005010723369196057,0.012228435883283362,0.006424778490327299,0.3695955276489258,0.21155448723584414
387,0.0018829462530084707,0.07176553690806031,0.046708984300494194,0.00031744756415719166,0.17199174128472805,0.05551290884613991,0.008540014790867993,0.005180530133657157,0.012552500602089461,0.006494875298812985,0.3894443213939667,0.2224786151200533
388,0.0018825448696657046,0.07182360952720046,0.04677075450308621,0.0003175274414388696,0.17203501891344786,0.054161797277629375,0.008435447985960605,0.005161910317838192,0.012394317881014551,0.00632248492911458,0.37969086319208145,0.2169263302348554
389,0.0018821425082040893,0.06945458613336086,0.04609512398019433,0.0003006528368132422,0.1628924310207367,0.05557065922766924,0.008544455668810388,0.005247217835858464,0.012215185273273506,0.00630184612236917,0.3687949851155281,0.21218282217159867
390,0.0018817391690648633,0.07012813398614526,0.0466458685696125,0.00030280265855253674,0.16405719239264727,0.05639693047851324,0.008607744350902441,0.005439336644485593,0.012591389266925535,0.00669134734198451,0.3918611407279968,0.22412903560325503
391,0.001881334852690338,0.06976226717233658,0.0462397295050323,0.00030242469347285805,0.16385241318494081,0.056281553581357,0.008598934873955449,0.005243166931904852,0.012506349140201479,0.006569862016476691,0.38658589124679565,0.22143372241407633
392,0.001880929559523895,0.06905865389853716,0.04588471236638725,0.00029855238790332805,0.1617544163018465,0.05591673403978348,0.008571020358838187,0.005169101874344051,0.01265503725780385,0.006577538093551993,0.39583274722099304,0.22587474063038826
393,0.0018805232900099885,0.06788094341754913,0.045456050895154476,0.00029084855123073794,0.1575805051252246,0.0562251303344965,0.00859462352347989,0.0051806275732815266,0.01271855494549871,0.006732382113113999,0.39981622993946075,0.22802068013697863
394,0.0018801160445941427,0.06753941671922803,0.04599568177945912,0.0002837127321981825,0.15371435228735209,0.056120457127690315,0.008586619702272008,0.005296642892062664,0.012595232839741562,0.006424715742468834,0.39210040122270584,0.22411042917519808
395,0.0018797078237229525,0.06808847328647971,0.04527955572120845,0.0002940667818620568,0.15932413563132286,0.05653504468500614,0.008618277918439055,0.005366135505028069,0.012721964194038968,0.006749134743586183,0.40003060549497604,0.2282828250899911
396,0.0018792986278440814,0.06594875268638134,0.04524799156934023,0.0002745532583503518,0.14875179063528776,0.05570312310010195,0.008554633403510686,0.0051357721677049994,0.012843760103064891,0.006636156584136188,0.40772680193185806,0.23171496251598
397,0.0018788884574062635,0.06545796920545399,0.04457908309996128,0.00027496248367242515,0.1489735059440136,0.055653855204582214,0.008550849416843045,0.005284973070956767,0.012562171827375701,0.006509728147648275,0.3900446444749832,0.22284924983978271
398,0.0018784773128593009,0.06580495974048972,0.04519690806046128,0.0002736034048211877,0.14823716320097446,0.055513533763587475,0.00854006271484441,0.005205122637562454,0.012562803714140642,0.006651443662121892,0.3900839239358902,0.22279872884973884
399,0.0018780651946540634,0.06753231678158045,0.04621767206117511,0.0002820082754624309,0.15279088355600834,0.05843534041196108,0.008761922628610534,0.005221951752901077,0.01280467959279956,0.006704590516164899,0.40524934232234955,0.2318423413671553
400,0.00187765210324249,0.06369277415797114,0.0449157424736768,0.0002561867686381447,0.13880089949816465,0.05595345422625542,0.00857383421979802,0.005314650246873498,0.012773009676624146,0.006667647394351661,0.4032472223043442,0.2296003382652998
401,0.0018772380390775858,0.06193087249994278,0.04379586037248373,0.00024819485224725213,0.13447091821581125,0.05595945380628109,0.008574293418918405,0.005247600493021309,0.012986390995386071,0.006778157665394247,0.41683274507522583,0.23639609944075346
402,0.0018768230026134226,0.06211420032195747,0.04382372950203717,0.00024968095112853916,0.1352760773152113,0.05602163448929787,0.008579056119689912,0.0051646900828927755,0.01286108366759994,0.006596846738830209,0.40882743149995804,0.23242453299462795
403,0.001876406994305139,0.06098714447580278,0.043728151358664036,0.00023998547021619743,0.13002310879528522,0.05686603859066963,0.008643469635698044,0.0053198067471385,0.013082958507758154,0.006891773198731244,0.4230549931526184,0.23996051587164402
404,0.0018759900146089392,0.06104947905987501,0.043166409246623516,0.0002447079968987964,0.13258175505325198,0.05633739475160837,0.00860319966333172,0.0051912907510995865,0.013078676223469907,0.006799349212087691,0.42277808487415314,0.23955773981288075
405,0.0018755720639820922,0.05959058878943324,0.04328377591446042,0.0002303780220245244,0.12481783330440521,0.056480880826711655,0.008614148243269283,0.005177848041057587,0.013094883112316916,0.006750252330675721,0.42382652312517166,0.24015370197594166
406,0.001875153142882933,0.05906173447147012,0.04287839843891561,0.00022849029755889205,0.12379507347941399,0.055840571410954,0.008565181106347351,0.005322683369740844,0.012989644668299853,0.006723069818690419,0.4170416593551636,0.2364411153830588
407,0.0018747332517708587,0.058019911870360374,0.0427594231441617,0.00021975414165353868,0.11906186072155833,0.056525250896811485,0.00861753125491426,0.005200254498049617,0.013071929215849966,0.006715056486427784,0.4223419949412346,0.23943362291902304
408,0.0018743123911063322,0.059336254838854074,0.043268549954518676,0.00022814329713582993,0.12360706925392151,0.05715989414602518,0.008665773354712969,0.0052425459725782275,0.012947568479689357,0.006719354190863669,0.41434426605701447,0.23575208010151982
409,0.0018738905613508788,0.05847318423911929,0.04240169492550194,0.0002265782495669555,0.12275913590565324,0.05647645890712738,0.008613811220525045,0.005238763755187392,0.013209611168266569,0.006996557000093162,0.4312855899333954,0.24388102442026138
410,0.0018734677629670862,0.05934112425893545,0.042425995925441384,0.00023440869699697942,0.12700163386762142,0.05655388906598091,0.008619714179961298,0.005201044143177569,0.012997691459197715,0.00670672336127609,0.4175585135817528,0.23705620132386684
411,0.0018730439964186048,0.05708581069484353,0.04215407487936318,0.00021560291679634247,0.11681274650618434,0.05621465668082237,0.008593822735985265,0.005177265265956521,0.013137977573645423,0.0067577355075627565,0.4266206920146942,0.2414176743477583
412,0.0018726192621701465,0.05667975591495633,0.042082060128450394,0.00021238729459582828,0.11507053347304463,0.05766149330884218,0.00870371333789694,0.0052226531552150846,0.013028332589049474,0.006745151011273265,0.4195295572280884,0.23859552526846528
413,0.0018721935606874848,0.05530532915145159,0.04137720470316708,0.00020490714996412862,0.11101782461628318,0.05722668580710888,0.008670834890774342,0.005191899370402098,0.013211202769385685,0.00681862561032176,0.43138953298330307,0.24430810939520597
414,0.0018717668924374535,0.0539524604100734,0.04091896931640804,0.00019580518710426986,0.10608641803264618,0.05670217052102089,0.008631006837755837,0.0052019814029335976,0.013200062354544545,0.006803335389122367,0.43066229671239853,0.2436822336167097
415,0.0018713392578879463,0.05298866471275687,0.04022608953528106,0.0001920261629493325,0.10403895797207952,0.05803556181490421,0.008731899432105781,0.005238793790340424,0.01327668186604342,0.006845274707302451,0.43567633628845215,0.24685594905167818
416,0.0018709106575079174,0.05219595250673592,0.040463097393512726,0.00018296077087143203,0.09912736620754004,0.057816279120743275,0.008715387320749186,0.005218389327637851,0.013426350256718487,0.0069086013827472925,0.4455544948577881,0.2516853869892657
417,0.0018704810917673793,0.05293493974022567,0.04014742118306458,0.0001921111597766867,0.1040850100107491,0.05796852707862854,0.008726855179297787,0.005362492869608104,0.013401416976079845,0.007018927833996713,0.4439011961221695,0.250934861600399
418,0.0018700505611374035,0.051984821213409305,0.0397466067224741,0.00018630208251124714,0.10093767708167434,0.05783227551728487,0.008716592955636064,0.005319354473613203,0.013316394177029142,0.0068120305659249425,0.43828656524419785,0.24805942038074136
419,0.0018696190660901196,0.051282590022310615,0.039246988482773304,0.00018351010294281878,0.09942499361932278,0.05880753044039011,0.008789781865509503,0.005362228606827557,0.013253148394369902,0.006812085397541523,0.4341331943869591,0.2464703624136746
420,0.0018691866070987154,0.051559911807999015,0.03961050813086331,0.0001833855640143156,0.09935752069577575,0.05834165960550308,0.008754896440777274,0.005302074016071856,0.013364778668111425,0.00687252648640424,0.44147738814353943,0.24990952387452126
421,0.0018687531846374346,0.05063578253611922,0.03906109253875911,0.00017891344123199815,0.0969345411285758,0.0580658046528697,0.008734174148650891,0.005268799257464707,0.01334949915260683,0.006898187915794551,0.4404684901237488,0.24926714738830924
422,0.001868318799181578,0.0494341398589313,0.03859170316718519,0.00017128941908595152,0.0928038815036416,0.05923617072403431,0.00882175754442863,0.0053240860579535365,0.013515893927969152,0.00704350764863193,0.45151734352111816,0.25537675712257624
423,0.001867883451207503,0.04913000320084393,0.03818713407963514,0.00017146955815405818,0.09290147759020329,0.05995812825858593,0.008875353309547153,0.00535194540861994,0.013808033429889717,0.007243744796141982,0.47124694287776947,0.2656025355681777
424,0.0018674471411926218,0.05001635942608118,0.038763983407989144,0.0001753905571604264,0.09502586023882031,0.05993437394499779,0.008873595088073514,0.005335131660103798,0.013434308783438324,0.007051366847008467,0.44608286768198013,0.25300862081348896
425,0.001867009869615402,0.04924050811678171,0.03902699868194759,0.00016628875800961396,0.09009454352781177,0.05914140585809946,0.008814698158415202,0.005336839938536286,0.013789416989846889,0.007144706207327545,0.46997708827257156,0.2645592470653355
426,0.001866571636955365,0.047654845751821995,0.038312518736347556,0.0001569302548887208,0.08502414636313915,0.06103791110217571,0.008954914791346368,0.005625455523841083,0.013725416337595246,0.0071200241800397635,0.46562460064888,0.26333125587552786
427,0.001866132443693087,0.04642588645219803,0.03676036652177572,0.0001570480371810845,0.08508796012029052,0.058916338719427586,0.00879790954400571,0.0052595463348552585,0.01354284875833855,0.0070250354474410415,0.45332006365060806,0.2561182011850178
428,0.0018656922903101975,0.046486880630254745,0.03689007693901658,0.00015665329920011573,0.08487409260123968,0.06079373136162758,0.008936985364541716,0.005385762779042125,0.013649434993330671,0.007185563095845282,0.46048368513584137,0.2606387082487345
429,0.0018652511772893781,0.04453120124526322,0.036215097876265645,0.00014358845191964065,0.07779561309143901,0.060099548660218716,0.008885814268986573,0.0053766940254718065,0.013763197111367132,0.00716184068005532,0.4681915119290352,0.26414553029462695
430,0.0018648091051143639,0.0440392775926739,0.03538935957476497,0.00014514500753648463,0.07863894966430962,0.06032920442521572,0.008902775465847241,0.0053414254216477275,0.013690615799019321,0.007138853659853339,0.4632664620876312,0.2617978332564235
431,0.0018643660742699406,0.04382661753334105,0.035401501692831516,0.0001430928077752469,0.07752707554027438,0.06167202815413475,0.00900131049404084,0.005427359254099429,0.013978736918371586,0.007497436949051917,0.4829706773161888,0.2723213527351618
432,0.0018639220852419462,0.04459890560247004,0.03550760727375746,0.00014943656242394354,0.08096409635618329,0.06133544351905584,0.008976714002692064,0.005449857795611024,0.013595344373353252,0.00707399204839021,0.45684126764535904,0.25908835558220744
433,0.001863477138517269,0.04386495891958475,0.03537743538618088,0.00014362432784764678,0.07781505025923252,0.06209151353687048,0.00903187168867155,0.00540094671305269,0.013822314324898907,0.007187352865003049,0.4722222089767456,0.26715686125680804
434,0.0018630312345838476,0.04374729306437075,0.035157508100382984,0.00014416213889489882,0.0781064317561686,0.06197038199752569,0.009023057186936202,0.005467024049721658,0.013751475580065517,0.007072362001053989,0.4673943668603897,0.2646823744289577
435,0.0018625843739306705,0.04311911994591355,0.03500784747302532,0.00013946992021374172,0.07556420960463583,0.06131486874073744,0.008975208202855333,0.005494263023138046,0.013622498116669535,0.00712799362372607,0.45866794139146805,0.25999140506610274
436,0.0018621365570477752,0.042612269055098295,0.034208635333925486,0.00014069287544771214,0.07622680091299117,0.0628644684329629,0.009087914790199875,0.005522005376406014,0.013800458483371032,0.007252746378071606,0.4707300439476967,0.2667972561903298
437,0.001861687784426248,0.04141811630688608,0.033347973483614624,0.00013602670060208766,0.07369868759997189,0.062432343140244484,0.009056626278374301,0.005453470163047314,0.013928106977833263,0.007339589181356132,0.4794784337282181,0.2709553884342313
438,0.0018612380565582228,0.040064610075205564,0.032908262219280005,0.00012678209077421343,0.06868999963626266,0.06244791951030493,0.009057755867649581,0.005494468379765749,0.013699750735862779,0.007081046001985669,0.4638848975300789,0.2631664085201919
439,0.0018607873739368813,0.039966964861378074,0.03258317383006215,0.00012828104718209943,0.06950212665833533,0.06394673138856888,0.009165809052939067,0.005588948144577444,0.013989148802149456,0.0073422768618911505,0.48369041085243225,0.27381857112050056
440,0.0018603357370564524,0.039945309050381184,0.032358545577153563,0.0001297395924666489,0.07029236038215458,0.06259366497397423,0.009068319429613444,0.005467830342240632,0.013726455310610022,0.007197476574219763,0.4656951203942299,0.26414439268410206
441,0.0018598831464122112,0.03969742078334093,0.03193821490276605,0.00013055518638793728,0.07073424407280982,0.06322508677840233,0.009113943669673474,0.005499266902916133,0.013957133844981035,0.007396156084723771,0.4814790114760399,0.2723520491272211
442,0.0018594296025004793,0.038454791298136115,0.031563173746690154,0.00012185635432615527,0.06602125708013773,0.06352738291025162,0.009135705878769476,0.00556833459995687,0.01391325746043655,0.007328027859330177,0.4784565567970276,0.2709919698536396
443,0.0018589751058186224,0.03737056197132915,0.03090856457129121,0.00011668335582726286,0.06321854679845273,0.06492254789918661,0.009235478392409612,0.005592292407527566,0.013714065868176094,0.00711822765879333,0.4648548290133476,0.2648886884562671
444,0.0018585196568650523,0.03689686069265008,0.030873026000335813,0.0001125741482610465,0.06099219503812492,0.06470364425331354,0.009219895424353067,0.005500455270521343,0.014116091108976365,0.007377165020443499,0.49250856786966324,0.2786061060614884
445,0.0018580632561392247,0.03619672288186848,0.029754351126030087,0.0001143718968705798,0.06196620548143983,0.06385660544037819,0.009159347501908994,0.005455138976685703,0.013897850625780018,0.007226952235214412,0.47739753872156143,0.2706270720809698
446,0.0018576059041416387,0.0363559196703136,0.029629482538439333,0.00011676294570861501,0.06326166889630258,0.06569557636976242,0.009290299008716413,0.005661365808919072,0.01414081855199861,0.007517214049585164,0.4942355751991272,0.2799655757844448
447,0.0018571476013738372,0.037143872352316976,0.029578171204775572,0.0001244134464286617,0.06740667577832937,0.06494911946356297,0.009237368294069858,0.005454596714116633,0.013916591660598762,0.007245631539262831,0.4786859080195427,0.27181751374155283
448,0.001856688348338405,0.03757790359668434,0.029834903310984373,0.00012652351233555237,0.06854990194551647,0.06532922759652138,0.009264359085019835,0.005528509616851807,0.01368973594561622,0.007179465144872665,0.4632068946957588,0.2642680611461401
449,0.0018562281455389695,0.035813720896840096,0.029408972011879086,0.00011338721606080071,0.061432712245732546,0.06524032540619373,0.00925805365093312,0.00551842525601387,0.01377120255686722,0.007225274108350277,0.46873634308576584,0.2669883342459798
450,0.0018557669934801998,0.035245639039203525,0.028139368165284395,0.00011751793726944015,0.0636707202065736,0.06548900902271271,0.009275681435362414,0.0055636020842939615,0.013957948494396955,0.007431834586896002,0.4815352335572243,0.2735121212899685
451,0.0018553048926678052,0.034468833124265075,0.028211558586917818,0.00010981616378558101,0.059497929411008954,0.06625266186892986,0.009329605890216225,0.005671610124409199,0.01406058873928122,0.007486945251002908,0.48864323645830154,0.2774479491636157
452,0.0018548418436085362,0.03319077403284609,0.02781021222472191,0.00010098458460561233,0.05471301847137511,0.06619357503950596,0.009325444506134426,0.005593270878307521,0.013879745989755653,0.00726173841394484,0.47615454345941544,0.2711740592494607
453,0.0018543778468101827,0.03225631290115416,0.02699290867894888,9.839487711360562e-05,0.05330992746166885,0.06576670333743095,0.009295326727770612,0.005516056553460658,0.013978434633687559,0.007322548539377749,0.48294977098703384,0.2743582371622324
454,0.0018539129027815742,0.031223513302393258,0.02630276116542518,9.395887764185318e-05,0.050906520802527666,0.06787185929715633,0.009442924218398456,0.005600866628810763,0.014182122663818984,0.007432997925207019,0.4971270337700844,0.28249944653362036
455,0.0018534470120325787,0.030674784095026553,0.025526809273287654,9.462362913836841e-05,0.0512666804715991,0.06748310476541519,0.009415841783543322,0.005632473039440811,0.013927291105321225,0.007386413984932005,0.4794222563505173,0.27345268055796623
456,0.0018529801750741027,0.03092130145523697,0.025793966255150735,9.492624849372078e-05,0.05143063887953758,0.06775448098778725,0.009434755104017459,0.0056069588754326105,0.013972379495211698,0.007388301310129464,0.48253145068883896,0.2751429658383131
457,0.00185251239241809,0.030599733698181808,0.025519517832435668,9.398485190104111e-05,0.05092059215530753,0.067782923579216,0.009436735207268482,0.005707213189452887,0.01407266095955898,0.007424785289913416,0.48948269337415695,0.2786328084766865
458,0.0018520436645775215,0.028783777495846152,0.024601666955277324,8.400253318541218e-05,0.04551221546716988,0.06903253309428692,0.009523323344575937,0.005692858947440982,0.013937236344771195,0.007319762487895787,0.4801071882247925,0.2745698606595397
459,0.0018515739920664151,0.028999931178987026,0.024513789918273687,8.664610777486814e-05,0.04694449226371944,0.06878934800624847,0.009506534319589763,0.005695869214832783,0.014417280668599354,0.007775117410346866,0.5137497186660767,0.29126953333616257
460,0.0018511033753998243,0.02990820910781622,0.025009007193148136,9.137209463006002e-05,0.04950501280836761,0.06886176019906998,0.009511536665246728,0.005756854312494397,0.01399569525052068,0.007336427923291922,0.4841431975364685,0.27650247886776924
461,0.0018506318150938378,0.029342451016418636,0.024629177525639534,8.895518658391666e-05,0.04819554160349071,0.07084074802696705,0.009647242397047277,0.005879222298972309,0.014166443272782256,0.007575860130600631,0.4960283786058426,0.2834345633164048
462,0.001850159311665579,0.029446010710671544,0.024426385411061347,9.140807833318831e-05,0.049524508183822036,0.06926715560257435,0.009539493164298148,0.0057807432021945715,0.013802619280911494,0.007244772394187748,0.4708774611353874,0.2700723083689809
463,0.0018496858656332068,0.028701056260615587,0.02358945517335087,9.071215072253835e-05,0.04914745851419866,0.07062889449298382,0.009632806469547726,0.005903288722038269,0.014237100529101472,0.007504438632167876,0.5009887665510178,0.2858088305220008
464,0.001849211477515912,0.02731036744080484,0.022633796674199402,8.49335692691966e-05,0.046016647247597575,0.07071988843381405,0.009639009516717036,0.0057080063270404935,0.013967289389523133,0.0073805563151836395,0.4821799620985985,0.27644992526620626
465,0.0018487361478339193,0.026301256380975246,0.022250569076277316,7.845023037589272e-05,0.042504002107307315,0.07126772962510586,0.009676272310581973,0.005791879259049892,0.014062140292751104,0.007404771284200251,0.4887511134147644,0.28000942151993513
466,0.001848259877108486,0.02698515506926924,0.02234300982672721,8.40791640257521e-05,0.04555373312905431,0.07064356468617916,0.009633806664735478,0.005726760718971491,0.013964261295227879,0.007314967690035701,0.4819708988070488,0.276307231746614
467,0.001847782665861902,0.026691510574892163,0.021735361660830677,8.585542263972457e-05,0.046516102738678455,0.07159456424415112,0.009698434743149869,0.0057525362353771925,0.01400478432503964,0.007394898100756109,0.484772227704525,0.27818339597433805
468,0.0018473045146174874,0.025034438353031874,0.021106265136040747,7.520754479628522e-05,0.04074712935835123,0.07311971299350262,0.009801191238904616,0.005822544335387647,0.014035434964979839,0.0074351762887090445,0.48689648509025574,0.2800080990418792
469,0.0018468254238995937,0.024655549437738955,0.020668026874773204,7.494639066862874e-05,0.04060563654638827,0.07147741504013538,0.00969049670123953,0.005749171250499785,0.014013997303236218,0.00740654265973717,0.48541026562452316,0.2784438403323293
470,0.001846345394233603,0.024966050870716572,0.020538931479677558,7.876497284087236e-05,0.04267452727071941,0.07338888756930828,0.009819215177776763,0.005846482119522989,0.014216679923687808,0.007664659526199102,0.4995526224374771,0.2864707550033927
471,0.0018458644261459259,0.02435819897800684,0.02001455263234675,7.70267765801691e-05,0.0417327806353569,0.07223662734031677,0.00974182576092226,0.0057815564796328545,0.014046182448552165,0.007441284949891269,0.48764245212078094,0.27993953973054886
472,0.0018453825201640035,0.023558933520689607,0.0194783890619874,7.360911740761367e-05,0.03988110786303878,0.07404609397053719,0.009863083376085812,0.005836891825310886,0.014450736619733145,0.007737029809504747,0.5161368548870087,0.2950914744287729
473,0.0018448996768163045,0.022942149662412703,0.01911411387845874,7.060647999423963e-05,0.038254290353506804,0.07201604545116425,0.009726940588970608,0.005810661241412163,0.01391745743372205,0.007379021379165351,0.4787454605102539,0.2753807529807091
474,0.001844415896632326,0.021643417770974338,0.018421161687001586,6.37370101230772e-05,0.03453244175761938,0.07331155613064766,0.009814040394930923,0.005805782740935683,0.014048765489510414,0.007393544423393905,0.4878218173980713,0.2805666867643595
475,0.0018439311801425923,0.02110311749856919,0.017915599746629596,6.248329918889794e-05,0.033853186876513064,0.07467350736260414,0.00990478156380968,0.005858728080056608,0.014442170035239761,0.007665688986890018,0.5155250877141953,0.2950992975383997
476,0.0018434455278786546,0.0217309728031978,0.018030266044661403,6.743094263583771e-05,0.03653379890602082,0.07570699974894524,0.00997308772793472,0.005926347919739783,0.014199991013140617,0.007579166325740516,0.4983804523944855,0.28704372607171535
477,0.00184295894037309,0.022525855456478894,0.018188998685218394,7.359467349488114e-05,0.03987328056246042,0.07624644227325916,0.010008555741140847,0.006055731559172273,0.01410972892323045,0.0075494947377592325,0.4920647144317627,0.28415557835251093
478,0.001842471418159501,0.022594697307795286,0.018255064729601145,7.374222741418635e-05,0.03995322552509606,0.07370482198894024,0.009840328158222056,0.005947369383648038,0.014196861620265004,0.007563350722193718,0.49816084653139114,0.2859328342601657
479,0.0018419829617725158,0.021692011039704084,0.017574197612702847,7.043847153909155e-05,0.03816326416563243,0.0741842519491911,0.009872280463056805,0.005862170364707708,0.013857374425589073,0.0072959697572514415,0.47462084889411926,0.2744025504216552
480,0.0018414935717477867,0.02271671744529158,0.017229701159521937,8.243840716204431e-05,0.0446647796779871,0.07563702575862408,0.009968477854848537,0.00597203616052866,0.014132970474786547,0.007541222730651498,0.49368711560964584,0.28466207068413496
481,0.0018410032486219905,0.02457980951294303,0.01774534268770367,9.582517850503791e-05,0.05191767541691661,0.07253721356391907,0.009762073407460456,0.00576972565613687,0.01401348342336818,0.007436794810928404,0.4853746294975281,0.27895592153072357
482,0.0018405119929328256,0.021424959762953222,0.01732588524464518,6.980722082516877e-05,0.03782125550787896,0.07500724121928215,0.009926890281986279,0.005922625306993723,0.014011148855327603,0.007423779461532831,0.48521295189857483,0.2801100965589285
483,0.0018400198052190145,0.019171028630807996,0.015983887133188546,5.891443765904114e-05,0.03191959229297936,0.07543175667524338,0.009954942130952053,0.0058676115004345775,0.01416254768443321,0.007559219375252724,0.4957556277513504,0.2855936922132969
484,0.0018395266860203015,0.01857236004434526,0.015602394239977002,5.620608931167226e-05,0.030452220933511853,0.07596681453287601,0.009990186157755775,0.005903633427806199,0.014187616100872094,0.007572999340482056,0.49751220643520355,0.2867395104840398
485,0.0018390326358774525,0.017998769937548786,0.01524983037961647,5.351560230337782e-05,0.02899452648125589,0.07775605097413063,0.010107150187906687,0.005943743162788451,0.014234950225778694,0.007628930965438485,0.500837467610836,0.28929675929248333
486,0.0018385376553322532,0.0172591763548553,0.014634645485784858,5.12320314101089e-05,0.027757297386415303,0.07594490982592106,0.009988746001987927,0.0058849891647696495,0.014108580480396756,0.007508059381507337,0.49198460578918457,0.2839647578075528
487,0.0018380417449275113,0.01703980495221913,0.01444561779499054,5.060311582383292e-05,0.027416553581133485,0.07657966949045658,0.010030402540138218,0.005940753617323935,0.014191868306207436,0.007548207184299827,0.4978104680776596,0.2871950687840581
488,0.001837544905207053,0.017095640359912068,0.014300137234386057,5.219245463194966e-05,0.0282776509411633,0.07751652225852013,0.010091570637670796,0.005949288490228355,0.01417985793644598,0.00752600806299597,0.49696826934814453,0.28724239580333233
489,0.001837047136715724,0.01699106808518991,0.0140571323572658,5.302147360453091e-05,0.02872680884320289,0.0773036740720272,0.01007770650158413,0.005907135084271431,0.014127973892026805,0.0074509772239252925,0.49333810806274414,0.2853208910673857
490,0.0018365484399993886,0.017506894771941006,0.013741892937105149,6.0109183550594025e-05,0.032566900947131217,0.0772442389279604,0.010073831492335289,0.006044656387530267,0.01417146492709825,0.007605947903357446,0.49638011306524277,0.2868121759966016
491,0.0018360488156049287,0.01690385991241783,0.01359096309170127,5.56583286197565e-05,0.03015544591471553,0.07610612362623215,0.009999342196435248,0.005870197317562997,0.014089117640182032,0.007485423353500664,0.4906281679868698,0.283367145806551
492,0.0018355482640802438,0.01579699560534209,0.013168513716664165,4.856243481299316e-05,0.026310920948162675,0.07767482101917267,0.010101869282148068,0.005931875784881413,0.014050234845038728,0.0074586886912584305,0.48792386800050735,0.28279934450984
493,0.00183504678597425,0.015067502856254578,0.012669674004428089,4.551312463263457e-05,0.02465881733223796,0.0781271904706955,0.010131242746200383,0.006048260955139995,0.01422422848860109,0.007599200354889035,0.5000832676887512,0.28910522907972336
494,0.0018345443818368794,0.015435393317602575,0.012644196511246264,4.90963227548491e-05,0.026600179262459278,0.0787669699639082,0.01017264067068683,0.006070779403671622,0.014560855118097184,0.007871278328821063,0.5240330249071121,0.30139999743551016
495,0.0018340410522190802,0.01614006469026208,0.012606466480065137,5.5877987051644595e-05,0.0302744556684047,0.07774827629327774,0.010106644817960699,0.005943368771113455,0.013970870313186667,0.007460784283466637,0.4824272394180298,0.28008775785565376
496,0.0018335367976728145,0.01541805942542851,0.012402362481225282,5.072178396403615e-05,0.02748084650374949,0.07832783088088036,0.010144243431319751,0.005972017184831202,0.014030771449020792,0.007547137327492237,0.4865729808807373,0.28245040588080883
497,0.0018330316187510592,0.014728768612258136,0.011837526690214872,4.8530714366279426e-05,0.026293735252693295,0.07848104648292065,0.010154160122789531,0.005992952850647271,0.014209842809573858,0.007615205249749124,0.49907225370407104,0.28877665009349585
498,0.0018325255160078057,0.014896518317982554,0.011944704921916127,4.928752377963974e-05,0.026703771436586976,0.07943385653197765,0.01021561326940351,0.005979891517199576,0.013935318194912599,0.007451352430507541,0.47997505962848663,0.27970445808023214
499,0.0018320184899980572,0.014062800735700876,0.011655825597699732,4.3726255626097554e-05,0.023690699716098607,0.07968325726687908,0.010231638095936585,0.006047351751476526,0.014092372155268753,0.00749629084020853,0.4908548817038536,0.28526906948536634
500,0.0018315105412778298,0.013262862921692431,0.011132609681226313,4.020680376015662e-05,0.021783875534310937,0.08042464777827263,0.010279126582354843,0.006065070396289229,0.014122451330156846,0.007493346463888884,0.49295245110988617,0.2866885494440794
501,0.0018310016704041515,0.013058706070296466,0.010996781871654093,3.932552544938517e-05,0.021306402632035315,0.07983244955539703,0.01024121182728983,0.006013607024215162,0.014013829862762386,0.0075030181324109435,0.48539865761995316,0.2826155535876751
502,0.001830491877935062,0.012542983226012439,0.010532495274674147,3.7993899695720756e-05,0.020584933692589402,0.08041595853865147,0.010278571179866776,0.006117426324635744,0.014136773979335267,0.007529963972046971,0.4939528703689575,0.2871844144538045
503,0.0018299811644296106,0.012330488709267229,0.010417480574687943,3.688201763907273e-05,0.019982519908808172,0.08064431883394718,0.010293155120557113,0.006113046896643937,0.014218908083657207,0.007574743474833667,0.49970921874046326,0.2901767687872052
504,0.0018294695304478577,0.012449518544599414,0.010445474414154887,3.777381766667531e-05,0.02046569378580898,0.08115495182573795,0.010325691268859148,0.006096676574088633,0.014143841255489736,0.007539662066847086,0.49444687366485596,0.28780091274529696
505,0.001828956976550873,0.012721827835775912,0.010362140834331512,4.090208312845789e-05,0.022160574910230935,0.08137895353138447,0.01033993185845124,0.00616449152585119,0.014011053174396533,0.0074987581465393305,0.48520632088184357,0.283292637206614
506,0.0018284435033007343,0.012587218079715967,0.010310074489098042,4.0044225670499145e-05,0.021695790928788483,0.0805390477180481,0.010286434536638656,0.006076260237023234,0.014017325708550781,0.007513841963373125,0.48564086109399796,0.283089954406023
507,0.001827929111260528,0.01197012688498944,0.009971484367270023,3.684911644086242e-05,0.01996469497680664,0.08291139826178551,0.010436833426140574,0.006162825389765203,0.014100872871224947,0.007528476300649345,0.49144721776247025,0.2871793080121279
508,0.001827413800994348,0.012132369272876531,0.010024235467426479,3.795692964558839e-05,0.02056490338873118,0.08173365704715252,0.010362441248941406,0.006172328954562545,0.014082401366212742,0.007531192270107567,0.4901605248451233,0.2859470909461379
509,0.0018268975730672955,0.01196226355386898,0.010033751605078578,3.63168421699811e-05,0.01967631035950035,0.08136449940502644,0.010339013696964557,0.006102056358940899,0.013989510407006462,0.007447799784131348,0.48371539264917374,0.2825399460271001
510,0.0018263804280454774,0.011358461750205606,0.00959132326534018,3.4010997865152603e-05,0.01842701470013708,0.0820720661431551,0.010383871349780274,0.006135817966423929,0.013939035610250249,0.007471972028724849,0.4802311807870865,0.2811516234651208
511,0.0018258623664960066,0.011008124565705657,0.00924773933365941,3.331451671328978e-05,0.018049664271529764,0.08168818056583405,0.010359558007550972,0.006115392665378749,0.014127156557648944,0.007515812525525689,0.4932810217142105,0.2874846011400223
512,0.0018253433889870011,0.01103903481271118,0.009187566582113504,3.4044022868329193e-05,0.018444906745571643,0.0832434892654419,0.01045771399639586,0.006255666143260896,0.014109583761504417,0.007545054773800075,0.4920545965433121,0.287649042904377
513,0.001824823496087584,0.011750177713111043,0.009332284331321716,3.9538424516649684e-05,0.021421750192530453,0.0817258208990097,0.010361944555764023,0.006131202448159456,0.01402812661494653,0.0074897650629282,0.48638956993818283,0.28405769541859627
514,0.0018243026883678806,0.011851400893647224,0.009101741627091542,4.2174632426394965e-05,0.022850037086755037,0.08258954994380474,0.010416556430474877,0.006140784942544997,0.013957962308230803,0.00752182409632951,0.4815361946821213,0.282062872312963
515,0.001823780966399021,0.011380853247828782,0.009030303888721392,3.835956454167899e-05,0.0207830494036898,0.083423787727952,0.010469033033166578,0.006171109853312373,0.014018990782636647,0.007510391180403531,0.4857562631368637,0.28459002543240786
516,0.0018232583307531372,0.011406954552512616,0.00891282205702737,3.946779270336265e-05,0.021383482846431434,0.08286559395492077,0.01043394999602635,0.0061478144489228725,0.01392726446164799,0.007432241691276431,0.47942040860652924,0.281143001280725
517,0.0018227347820033632,0.011180122382938862,0.00893803167855367,3.718833897892182e-05,0.02014848403632641,0.08224809542298317,0.010395001402574856,0.006156631978228688,0.014011714229310163,0.007491722237318754,0.48525208979845047,0.2837500926107168
518,0.0018222103207238347,0.01101220806594938,0.008656217600218952,3.771932415475021e-05,0.020436168764717877,0.08314317092299461,0.010451410686323189,0.006152388756163418,0.013909426836978609,0.007440355489961803,0.47819316387176514,0.2806681673973799
519,0.0018216849474896875,0.010104274202603847,0.008246474637417123,3.236546535845264e-05,0.0175354722305201,0.08262868411839008,0.010419024110911161,0.006172409630380571,0.013997644241572117,0.007486441754736006,0.4842780828475952,0.28345338348299265
520,0.001821158662877058,0.00957829604158178,0.007745926908683032,3.120691076219373e-05,0.01690777181647718,0.08283542469143867,0.010432050369964937,0.006140062585473061,0.013928689434812137,0.007525453460402787,0.4795185327529907,0.2811769787222147
521,0.0018206314674630816,0.009816012694500387,0.007706082193180919,3.369486262272403e-05,0.018255733652040362,0.08315094374120235,0.010451899038104187,0.006179914344102144,0.014002618611182172,0.007491759839467704,0.4846223443746567,0.2838866440579295
522,0.0018201033618258928,0.009833126852754503,0.007762081339024007,3.343936828059668e-05,0.018117307394277304,0.08297771029174328,0.0104410062083833,0.006184885976836085,0.014127361539458969,0.007657058769837022,0.4932953342795372,0.28813652228564024
523,0.001819574346544624,0.009381976560689509,0.007638425275217742,3.0188831942723482e-05,0.016356180945876986,0.08382731303572655,0.010494322310143482,0.00617649860214442,0.013945568670104122,0.0074855126440525055,0.4806814193725586,0.28225436620414257
524,0.0018190444221994058,0.008934048964874819,0.007345853693550453,2.8215114184604317e-05,0.01528682908974588,0.08411811292171478,0.010512509146277601,0.006200284929946065,0.01401275650882777,0.007536215824075043,0.48532430827617645,0.2847212105989456
525,0.0018185135893713648,0.009143516712356359,0.007325981743633747,3.02949151773646e-05,0.016413655946962535,0.08413575030863285,0.010513611382135102,0.006202638614922762,0.014045853513113573,0.0075943926349282265,0.4876196086406708,0.2858776794746518
526,0.0018179818486426245,0.008654842502437532,0.007060347008518875,2.7746293426389457e-05,0.015032824187073857,0.08346205577254295,0.010471434149849093,0.006169394589960575,0.013906604058384179,0.007519247243180871,0.47799910604953766,0.2807305809110403
527,0.0018174492005963035,0.008422601909842342,0.006850583595223725,2.7151698873240093e-05,0.014710674877278507,0.08464222773909569,0.010545208290704147,0.006271609803661704,0.013789658914310035,0.007397533277980983,0.46999359130859375,0.2773179095238447
528,0.0018169156458165156,0.008625222428236157,0.007080770214088261,2.7322161486154073e-05,0.014803031226620078,0.08553607761859894,0.010600742649472198,0.006350788054987788,0.013911952504732027,0.007462794077582657,0.47836681455373764,0.2819514460861683
529,0.0018163811848883695,0.008545594901079312,0.0068111968284938484,2.8577533157658763e-05,0.015483185823541135,0.0844916757196188,0.010535826113814251,0.006307679344899952,0.013988142994786932,0.007567835855297744,0.4836208373308182,0.2840562565252185
530,0.0018158458183979674,0.00850956077920273,0.00658099798602052,2.9944516654722975e-05,0.01622381154447794,0.08465077355504036,0.01054574059499541,0.006258584093302488,0.013946940778164945,0.00754205510020256,0.48077601194381714,0.28271339274942875
531,0.0018153095469324034,0.008504117373377085,0.00661168314400129,2.9667735816474305e-05,0.016073853359557688,0.08462129347026348,0.010543904324894677,0.006292861886322498,0.013880893708927053,0.007477211416698992,0.4762332960963249,0.2804272947832942
532,0.0018147723710797655,0.008591004851041362,0.006638231687247753,3.02735808190846e-05,0.016402096662204713,0.0847680140286684,0.010553041026198895,0.006283525028266013,0.013869089870020227,0.007507535628974438,0.475423701107502,0.2800958575680852
533,0.0018142342914291329,0.008783796103671193,0.006599024258321151,3.234222970149858e-05,0.017522882553748786,0.0834986325353384,0.01047372834274879,0.006188194965943694,0.013843207882315672,0.007423653965815902,0.47365089505910873,0.27857476379722357
534,0.0018136953085705755,0.008555482956580818,0.006553916056873277,3.056825414660125e-05,0.016561750380788,0.08474954217672348,0.010551891107475233,0.006245978642255068,0.013922278977362522,0.007507252390496433,0.4790772348642349,0.2819133885204792
535,0.0018131554230951545,0.008166253683157265,0.00636939873220399,2.8338489300949732e-05,0.015353673079516739,0.0851218719035387,0.010575044355341883,0.006268349825404584,0.01405005139438183,0.007637373520992696,0.4879111275076866,0.28651649970561266
536,0.00181261463559492,0.007925529003841802,0.006438125041313469,2.5609547151361767e-05,0.013875144068151712,0.08580971136689186,0.010617685108022832,0.006331895710900426,0.013909519163015614,0.00753655016887933,0.4781995117664337,0.2820046115666628
537,0.0018120729466629126,0.007264996704179794,0.005953548359684646,2.309133935796126e-05,0.012510789500083774,0.08586229383945465,0.01062093783296405,0.006277971086092293,0.013885042948129242,0.007473718374967575,0.47651804983615875,0.2811901718378067
538,0.0018115303568931602,0.007290315843420103,0.005996606370899826,2.3007106733530236e-05,0.012465152773074806,0.08534946106374264,0.0105891721478411,0.006321880966424942,0.013930106819167593,0.00753168563824147,0.47961612790822983,0.28248279448598623
539,0.001810986866880679,0.00722164410399273,0.005815467535285279,2.3710687742095615e-05,0.012846349913161248,0.08583713509142399,0.010619381866813814,0.0062834147829562426,0.013998926786166254,0.007534014526754618,0.4843668043613434,0.2851019697263837
540,0.0018104424772214722,0.007435371400788426,0.0059087312838528305,2.499453194104717e-05,0.013541931053623557,0.08541358634829521,0.010593149527351048,0.0063111892668530345,0.013917834885579726,0.007551263552159071,0.4787714406847954,0.2820925135165453
541,0.0018098971885125302,0.00741671709693037,0.0058880030119325966,2.4975413907668553e-05,0.013531573174986988,0.08569751679897308,0.010610741760300347,0.006269293371587992,0.013981318108698472,0.007563667255453765,0.483149029314518,0.28442327305674553
542,0.0018093510013518289,0.008200017415219918,0.005857237032614648,3.243129640395637e-05,0.017571138392668217,0.08473613858222961,0.010551056644128073,0.006209013401530683,0.014097223164438231,0.0076560755260288715,0.49119284749031067,0.28796449303627014
543,0.0018088039163383293,0.009096220834180713,0.006095018849009648,3.894646260960144e-05,0.021101027785334736,0.08608607202768326,0.010634769394349998,0.006266341428272426,0.013914871717795435,0.007547486922703683,0.47856760770082474,0.282326839864254
544,0.0018082559340719772,0.009769286552909762,0.0066438135399948806,4.1106222170128603e-05,0.022271177382208407,0.08371616341173649,0.010487362503501945,0.006233335705474019,0.01392298540094474,0.007554280338808894,0.47912587970495224,0.28142102155834436
545,0.0018077070551537028,0.008717466553207487,0.006355115008773282,3.353084991886135e-05,0.018166871974244714,0.08348065055906773,0.010472600632188016,0.00623839464969933,0.01382325363975611,0.007467792253009975,0.4722863882780075,0.2778835194185376
546,0.0018071572801854183,0.00842611218104139,0.006357913254760206,3.082140608512418e-05,0.01669890695484355,0.08560529910027981,0.010605031293379003,0.0063134568044915795,0.013687958793484542,0.007396689499728382,0.46308664232492447,0.27434597071260214
547,0.00180660660977002,0.007852175389416516,0.006034204183379188,2.791468966734101e-05,0.015124060213565826,0.08589279465377331,0.010622823972478712,0.006318777217529714,0.013859324362469054,0.007528023677878082,0.4747544229030609,0.2803236087784171
548,0.001806055044511385,0.0073169165989384055,0.005809593189042062,2.463328689827904e-05,0.01334621012210846,0.08593558706343174,0.01062547006549508,0.006296131061390042,0.013921473346818787,0.007508719805628061,0.4790218099951744,0.2824786985293031
549,0.0018055025850143727,0.0069938972883392125,0.005477168335346505,2.410652450635098e-05,0.013060812372714281,0.08589771017432213,0.010623127994222813,0.00631909049116075,0.013954127792932352,0.00757512915879488,0.4812716618180275,0.2835846859961748
550,0.001804949231884823,0.006704112922307104,0.005158198066055775,2.378714066253451e-05,0.01288777170702815,0.08647816628217697,0.010658960790675692,0.006353447446599603,0.013853600303034003,0.007504504406824708,0.4743623286485672,0.2804202474653721
551,0.0018043949857295546,0.006367853959091008,0.005164173548109829,2.0639834247049293e-05,0.011182574671693146,0.08465373329818249,0.010545925153074894,0.006258505629375577,0.013818723600915189,0.0074672024929896,0.4719768986105919,0.2783153159543872
552,0.001803839847156367,0.006191548891365528,0.004907346417894587,2.0908909732497705e-05,0.011328358319588006,0.08677365072071552,0.010677155530275267,0.006341380998492241,0.01388043518304396,0.007511044037528336,0.4762018099427223,0.2814877303317189
553,0.0018032838167740372,0.006086178094847128,0.004683365812525153,2.1590103983726294e-05,0.011697426554746926,0.08565621264278889,0.010608184587848853,0.006313503137789667,0.013948303753007143,0.007550103007815778,0.4808700159192085,0.2832631142809987
554,0.001802726895192321,0.005860368954017758,0.0045986288314452395,2.0131809378653998e-05,0.010907328804023564,0.08657393790781498,0.010664861295544094,0.00630699354223907,0.013784209836269127,0.0074427013751119375,0.4696222096681595,0.27809807378798723
555,0.0018021690830219515,0.005724104645196348,0.004473289911402389,1.9799644405793515e-05,0.010727363056503236,0.08611446991562843,0.010636523282711797,0.006309853866696358,0.013889898530361959,0.007559027289971709,0.4768513962626457,0.2814829330891371
556,0.0018016103808746375,0.005603409052127972,0.0043976333836326376,1.9244357758907427e-05,0.010426511289551854,0.08606693893671036,0.010633587430281767,0.006310541997663677,0.013829553874081527,0.007468154071830213,0.4727170094847679,0.27939197421073914
557,0.0018010507893630647,0.005636389076244086,0.004357994213933125,1.9841367020489997e-05,0.010749968118034303,0.08773883990943432,0.010736372695362218,0.006343494984321296,0.013778730220239574,0.00749011873267591,0.4692488983273506,0.27849386911839247
558,0.001800490309100894,0.005533691728487611,0.004268406220944598,1.9555031713025528e-05,0.010594833001960069,0.08663722313940525,0.010668758712185335,0.006294437916949391,0.013785432804155359,0.007448672316968441,0.4697055518627167,0.27817138750106096
559,0.0017999289407027604,0.005564564518863335,0.004313074750825763,1.9510162132974074e-05,0.010570522688794881,0.08803548663854599,0.010754507082632718,0.00636936305090785,0.013776434168271163,0.0074683374259620905,0.469092532992363,0.2785640098154545
560,0.0017993666847842735,0.005385764205129817,0.004180526448180899,1.883867622609614e-05,0.010206714738160372,0.08733205497264862,0.010711454935443262,0.006359302205964923,0.013842377675923436,0.0074802725575864315,0.4735940769314766,0.2804630659520626
561,0.0017988035419620155,0.005842091020895168,0.004195541638182476,2.293906612749197e-05,0.012428288406226784,0.08779679238796234,0.01073991762706844,0.006344971130602062,0.013826629935136014,0.007510029710829258,0.47251715511083603,0.2801569737493992
562,0.0017982395128535418,0.005898582341615111,0.004382454906590283,2.2080445205574506e-05,0.011963091441430151,0.0871363952755928,0.010699448922796104,0.006367680965922773,0.01375148140020579,0.0074180347146466374,0.46739477664232254,0.27726558595895767
563,0.0017976745980773793,0.005519676284166053,0.004135510476771742,2.0406838871167565e-05,0.011056339018978179,0.08689251728355885,0.010684465933165379,0.006301973480731249,0.013771406100598732,0.007455429877154529,0.4687501862645149,0.2778213517740369
564,0.0017971087982530263,0.00562768496456556,0.004187672151601873,2.1018503559844248e-05,0.011387735838070512,0.0870486032217741,0.010694057723353285,0.006381231942214072,0.013817922069020872,0.007462958921678364,0.4719221442937851,0.2794853737577796
565,0.001796542114000952,0.005788182694232091,0.004443422090844251,2.061150325971539e-05,0.011167224845848978,0.08717427961528301,0.010701774546288224,0.00633417337667197,0.013673673265628386,0.007413323502987623,0.46212057769298553,0.2746474286541343
566,0.0017959745459425953,0.006079849146772176,0.004532839171588421,2.2643014062850852e-05,0.012267888756468892,0.08681266941130161,0.010679555330776747,0.0063121538842096925,0.013725389964680198,0.007423435337841511,0.46562283486127853,0.2762177521362901
567,0.0017954060947003633,0.006269610661547631,0.004363043437479064,2.5647818574725534e-05,0.013895879033952951,0.08806785941123962,0.010756484370816536,0.006388824316672981,0.01382463512460731,0.007550516980700195,0.4723808169364929,0.28022433817386627
568,0.0017948367608976335,0.0061438137490767986,0.004481197043787688,2.361458189170662e-05,0.012794279784429818,0.08759837783873081,0.01072777509741656,0.006392438663169742,0.013758937886814608,0.0074616787023842335,0.4679017812013626,0.2777500795200467
569,0.0017942665451587494,0.005763460765592754,0.0043735184299293905,2.089944337058114e-05,0.01132322964258492,0.08803179487586021,0.010754281535540068,0.006397336255759001,0.013735057874795075,0.00744946941267699,0.466279000043869,0.2771553974598646
570,0.0017936954481090229,0.005512266972800717,0.004050541858305223,2.0965773160241952e-05,0.011359166470356286,0.08713038079440594,0.01069907974456416,0.0063917250372469425,0.013689706049271666,0.007422731956467032,0.46320488303899765,0.2751676319167018
571,0.001793123470374732,0.0054110808414407074,0.004031805365229957,2.017029862599884e-05,0.010928182338830084,0.08716750890016556,0.010701359299516898,0.0063590697245672345,0.013807824629699738,0.007490642718039453,0.47123269736766815,0.27920010313391685
572,0.00179255061258312,0.005304417078150436,0.00400040514068678,1.9417767987306433e-05,0.010520464042201638,0.08710146695375443,0.01069730448495406,0.006331544136628509,0.013738946382806042,0.00747914460953325,0.4665430635213852,0.2768222652375698
573,0.0017919768753623963,0.005501626146724448,0.00405730887723621,2.0817613290091685e-05,0.011278894380666316,0.08774747140705585,0.010736900604722122,0.0063525482546538115,0.01375180110730891,0.007428457727655768,0.46741650998592377,0.2775819906964898
574,0.0017914022593417335,0.005262060381937772,0.003825151943601668,2.0320745306889876e-05,0.01100969355320558,0.08620847389101982,0.010642326839242735,0.006315461825579405,0.01361618704065472,0.007380378199741244,0.45824306458234787,0.27222576923668385
575,0.001790826765151269,0.004858289525145665,0.0036474424559855834,1.7906521634358796e-05,0.009701677423436195,0.08811294659972191,0.010759237576544924,0.00639088882599026,0.013691169564797063,0.007414045161567628,0.46330393850803375,0.27570844255387783
576,0.0017902503934221024,0.0048109363415278494,0.0036144122859695926,1.771337764466807e-05,0.009597032389137894,0.08791948482394218,0.010747419496752642,0.00638186524156481,0.01383980711055746,0.0075104221468791366,0.4734182059764862,0.2806688454002142
577,0.001789673144786296,0.004925012384774163,0.0035723582259379327,1.9076614250934654e-05,0.010335628525353968,0.08860193938016891,0.010789050859510877,0.0063934840727597475,0.013761426141512672,0.007500824984163046,0.4680710509419441,0.2783364951610565
578,0.0017890950198768743,0.005095634056488052,0.0037178414058871567,1.9577127773118264e-05,0.01060680445516482,0.08709456026554108,0.010696880222134608,0.006343759596347809,0.013719052502040934,0.007441823021508753,0.4651929512619972,0.27614375576376915
579,0.0017885160193278212,0.005335629277396947,0.0037002689787186682,2.1921674374425493e-05,0.011877069948241115,0.08722840249538422,0.010705096705228446,0.006359456921927631,0.013712016476948348,0.007430947269313037,0.4647158980369568,0.2759721502661705
580,0.0017879361437740824,0.005508821544935927,0.003930394668714143,2.1821006384925568e-05,0.0118225283222273,0.08718229085206985,0.010702266770465398,0.006400869460776448,0.013743553143568255,0.00751254428178072,0.466855987906456,0.2770191393792629
581,0.0017873553938515625,0.0055490517988801,0.003954068961320445,2.2017489527570433e-05,0.011928982159588486,0.08704077638685703,0.010693576943348462,0.006332472548820078,0.013654369830140024,0.007399179390631616,0.4608166962862015,0.27392873633652925
582,0.001786773770197125,0.0056646841985639185,0.0040813270170474425,2.214508390352421e-05,0.011998112371657044,0.08745576441287994,0.010719038749731676,0.006391048897057772,0.013688390944125299,0.007409759098663926,0.4631159007549286,0.27528583258390427
583,0.0017861912734485912,0.005147858522832394,0.0038440702483057976,1.912715617891081e-05,0.010363011446315795,0.08656136691570282,0.0106640871848639,0.006353797041811049,0.013547168670740708,0.007321281940676272,0.45360931009054184,0.27008533850312233
584,0.0017856079042447403,0.004905616719042882,0.003655638749478385,1.8282772145994386e-05,0.00990552845178172,0.0878149475902319,0.010741027856135803,0.006380322272889316,0.013727150079935007,0.0074445303762331605,0.4657422751188278,0.27677861135452986
585,0.0017850236632253086,0.004756830428959802,0.003576078495825641,1.7497069165983703e-05,0.009479837550316006,0.08719736896455288,0.010703191924087144,0.006388124311342835,0.013703590725126313,0.007414911291562021,0.4641449600458145,0.2756711645051837
586,0.0017844385510309877,0.00475044731865637,0.0035094739287160337,1.7929894454482564e-05,0.00971434055827558,0.08772504143416882,0.01073552851164362,0.006407549022696912,0.013569217867455973,0.0073671850841492414,0.4550870954990387,0.27140606846660376
587,0.001783852568303425,0.00546157211647369,0.0034947968379128724,2.4600917640782427e-05,0.013328672561328858,0.08683173172175884,0.01068072812055375,0.006357926060445607,0.013564266668460119,0.007336854701861739,0.4547550603747368,0.2707933960482478
588,0.0017832657156852223,0.006249708967516199,0.0037195975746726617,3.021462225660798e-05,0.01637015404412523,0.08599792048335075,0.010629322629345269,0.006343747605569661,0.01361682959444509,0.0074096767930313945,0.4582863301038742,0.2721421252936125
589,0.0017826779938199353,0.005586005339864641,0.003804348496487364,2.3463883280783193e-05,0.012712632189504802,0.08615207858383656,0.010638845478474619,0.006298762047663331,0.013617438055582333,0.007410635240375996,0.4583272710442543,0.27223967481404543
590,0.0017820894033520733,0.005305694066919386,0.0037070715334266424,2.159519283395639e-05,0.011700183793436736,0.08677889965474606,0.010677478362774946,0.00634020718280226,0.013561852625455362,0.00735275843180716,0.4545932039618492,0.27068605180829763
591,0.0017814999449270981,0.005020491924369708,0.003619248542236164,1.9611569314292865e-05,0.010625464899931103,0.08653802052140236,0.010662648828929753,0.0063443612307310104,0.013696815421960025,0.007402302813716233,0.46368612349033356,0.27511207200586796
592,0.0017809096191914228,0.0048485892184544355,0.0035558825766202062,1.849297427725105e-05,0.010019415174610913,0.08805600926280022,0.010755760317771954,0.006387686473317444,0.013561956438145907,0.007331415894441307,0.45460017025470734,0.2713280897587538
593,0.0017803184267924117,0.004808842932106927,0.0036140260490356013,1.769690840092153e-05,0.009588109911419451,0.08696919679641724,0.010689179265364956,0.006349580362439156,0.013619374664511802,0.00736236700322479,0.45845765620470047,0.27271342650055885
594,0.0017797263683783802,0.004545624396996573,0.0032026873668655753,1.8304632931176457e-05,0.009917372255586088,0.08804045990109444,0.010754810764553016,0.006367663270793855,0.01369957972012533,0.00746209523640573,0.4638732969760895,0.27595687843859196
595,0.0017791334445985932,0.004448324325494468,0.003085205447860062,1.8274043895871728e-05,0.009900799341266975,0.08749591559171677,0.010721499159629751,0.006367690162733197,0.013574645377477027,0.007357381284236908,0.45545122772455215,0.27147357165813446
596,0.0017785396561032635,0.004472961096325889,0.0031249013845808804,1.8208336712177697e-05,0.009865199535852298,0.08678056858479977,0.010677580576835344,0.006366550573147833,0.013623415825959589,0.007374728098511696,0.45872974395751953,0.27275515627115965
597,0.0017779450035435539,0.004363158950582147,0.0031771515350556,1.6809264479888952e-05,0.009107188088819385,0.08776120655238628,0.010737740614933723,0.006383505649864674,0.013648492112211506,0.007391235209070146,0.46042005717754364,0.27409063186496496
598,0.001777349487571573,0.004218361806124449,0.0030053949303692207,1.6741047772939055e-05,0.009070228668861091,0.0865207314491272,0.010661583498262168,0.006321846158243716,0.013608489132925573,0.007342238910496235,0.45772508531808853,0.27212290838360786
599,0.0017767531088403777,0.004127469714148901,0.0029581501003121957,1.6251046361048793e-05,0.008804747660178691,0.08745835721492767,0.010719197839548483,0.006387094152159989,0.01360492781037564,0.007371910265646875,0.45748554915189743,0.27247195318341255
600,0.00177615586800397,0.0040695317584322765,0.002960498139145784,1.5699027187565662e-05,0.008505665900884196,0.08750930242240429,0.010722319170800016,0.0064003284787759185,0.013642595995501853,0.007365034776739776,0.46002235263586044,0.27376582752913237
601,0.0017755577657172983,0.0038973997143330052,0.002849122422048822,1.4932764656805375e-05,0.008090508519671857,0.08886941336095333,0.010805324020731356,0.006468211067840457,0.013742208644223184,0.007510320167057216,0.4667646586894989,0.2778170360252261
602,0.0017749588026362542,0.003920815041055903,0.002875428748666309,1.4954639482311904e-05,0.008102359948679805,0.08710699900984764,0.010697644223167772,0.00636001059319824,0.013562809576682816,0.007311253109946847,0.4546573534607887,0.2708821762353182
603,0.0017743589794176748,0.003805392378126271,0.002733949411776848,1.4933974057385058e-05,0.00809116376331076,0.08761982247233391,0.010729088165712051,0.006371711031533778,0.013588035461150233,0.0073828158201649785,0.4563501998782158,0.27198501117527485
604,0.0017737582967193397,0.0040142980724340305,0.002555784580181353,1.817724063357673e-05,0.009848351561231539,0.087817357853055,0.010741175528023228,0.006400157930329442,0.013575319241906589,0.00741597858723253,0.4554964527487755,0.27165690530091524
605,0.001773156755199971,0.0038808735989732668,0.00258756750554312,1.6711274724912073e-05,0.009054097608895972,0.0878675002604723,0.010744241377923137,0.006387635134160519,0.01356968261998086,0.007332813227549195,0.4551182836294174,0.27149289194494486
606,0.0017725543555192327,0.003498612408293411,0.0024961979943327606,1.3858118109055795e-05,0.0075082696275785565,0.08860420621931553,0.010789188685753308,0.006417594733648002,0.013600694452580631,0.007328107487410307,0.45720088481903076,0.27290254551917315
607,0.00177195109833773,0.003451218130066991,0.0024802157713565975,1.3538731536755222e-05,0.007335227157454938,0.08692747913300991,0.010686615160021458,0.006343304761685431,0.013511040720322907,0.007270679227076471,0.4511931464076042,0.26906031277030706
608,0.0017713469843170086,0.0032869552524061874,0.002425631602818612,1.2425807369709219e-05,0.00673224960337393,0.0873925220221281,0.010715162592198135,0.0063437598291784525,0.013571051851662975,0.0073243691585958,0.4552101343870163,0.2713013282045722
609,0.0017707420141195532,0.00330522982403636,0.002378607227001339,1.2941629620399908e-05,0.007011719921138138,0.08818011730909348,0.010763337419430011,0.006389317684806883,0.013575773602480787,0.00735003431327641,0.4555269554257393,0.2718535363674164
610,0.001770136188408788,0.003273904789239168,0.0023228083227877505,1.3064499455595069e-05,0.007078290480421856,0.08798757009208202,0.010751579930648304,0.006402327446267009,0.01352149996935,0.007289167609997094,0.4518919736146927,0.26993977185338736
611,0.0017695295078490754,0.003629191603977233,0.0024663189105922356,1.5283770153473597e-05,0.008280681824544445,0.08707445301115513,0.010695645172948102,0.006348048569634557,0.01354556027941802,0.007333352696150541,0.4535016193985939,0.2702880362048745
612,0.0017689219731057144,0.0037739455729024485,0.0025094868760788813,1.630094055826703e-05,0.008831780054606497,0.08782066591084003,0.010741377557488701,0.006397903198376298,0.013542900200367539,0.007331155822612345,0.45332352072000504,0.27057209331542253
613,0.0017683135848449419,0.0035695315891643986,0.0025164952967315912,1.43627494253451e-05,0.007781676598824561,0.08838485926389694,0.0107758260182915,0.006414271425455809,0.013551121563970066,0.007364718010649085,0.4538740739226341,0.27112946659326553
614,0.0017677043437339297,0.003522458820953034,0.0024331386375706643,1.454374501008715e-05,0.00787973904516548,0.08842090889811516,0.010778023268883713,0.0064043516758829355,0.013554774320242604,0.007336000679060817,0.4541187882423401,0.2712698485702276
615,0.001767094250440786,0.003535069539793767,0.0025007627409650013,1.4160864850509824e-05,0.0076722965750377625,0.08862963132560253,0.010790736602206261,0.006439606426283717,0.013642520129600029,0.007441585068590939,0.46001723408699036,0.27432343270629644
616,0.0017664833056345523,0.003537544107530266,0.0025399180740350857,1.3894623691612651e-05,0.007528047950472683,0.0875940378755331,0.01072750922581665,0.006398275727406144,0.013572483934935375,0.007316147210076451,0.45530618727207184,0.27145011257380247
617,0.0017658715099852051,0.0038592634664382786,0.0025281630514655262,1.6950418682881718e-05,0.00918366460246034,0.08792129904031754,0.010747529931121404,0.006418314762413502,0.013635978875827424,0.007442154106684029,0.45957618951797485,0.2737487442791462
618,0.0017652588641636528,0.00397454785706941,0.002506307835574262,1.817568283968285e-05,0.009847507899394259,0.08742122165858746,0.010716921824367245,0.00638308806810528,0.013616633625432008,0.007339357049204409,0.45827312767505646,0.27284717466682196
619,0.001764645368841737,0.003896776252076961,0.0026377033500466496,1.6487887137373036e-05,0.008933067321777344,0.08834202215075493,0.010773213900660997,0.006418126169592142,0.013561306992203342,0.0073255745228379965,0.4545566067099571,0.271449314430356
620,0.0017640310246922301,0.003863264588289894,0.0025905580987455323,1.652669016038999e-05,0.008954090328188613,0.08725894428789616,0.010706970312819036,0.00638042576611042,0.013511563881796513,0.007302625337615609,0.4512280970811844,0.26924352068454027
621,0.0017634158323888364,0.00391785787360277,0.002565300790593028,1.721697827861135e-05,0.009328085870947689,0.08791299164295197,0.010747022431394538,0.006384170264936984,0.013575421209728687,0.007338414201512933,0.45550328493118286,0.2717081382870674
622,0.0017627997926061895,0.003910272222128697,0.0025905365619109944,1.696066215117753e-05,0.009189214673824608,0.08784233778715134,0.010742702932346452,0.006425248924642801,0.01353205746134995,0.007311089080758393,0.4525979310274124,0.2702201344072819
623,0.0017621829060198524,0.003832069516647607,0.002611951029393822,1.6080862792478e-05,0.008712543058209121,0.08841637521982193,0.010777746822750699,0.0063996033277362585,0.013551013775526628,0.0073442242573946714,0.4538668543100357,0.2711416147649288
624,0.001761565173306317,0.0036259851040085778,0.0025026133516803384,1.4986222993229603e-05,0.008119471749523655,0.08724956400692463,0.010706394970500478,0.006374894641339779,0.013519813718937254,0.007329029846005142,0.4517792537808418,0.26951440889388323
625,0.0017609465951430028,0.003519635967677459,0.002323557600902859,1.5326715526953194e-05,0.008303949289256707,0.08734104037284851,0.010712005723406453,0.006376459030434489,0.01350184439117047,0.007345176883973181,0.4505791515111923,0.2689600959420204
626,0.0017603271722082567,0.0034020699822576717,0.00227149180136621,1.46261440931994e-05,0.00792438251664862,0.08775651082396507,0.010737453475546202,0.006399626261554658,0.013479541274648926,0.007275360287167132,0.4490917846560478,0.26842414774000645
627,0.0017597069051813522,0.0031898475863272324,0.0022660933900624514,1.2707489759122836e-05,0.006884864094899967,0.08834623731672764,0.010773470962142569,0.006397326127626002,0.013460954569939574,0.007255086442455649,0.447854146361351,0.2681001918390393
628,0.0017590857947424876,0.0030730538856005296,0.002188440914324019,1.220294825543533e-05,0.006611505610635504,0.08780042082071304,0.010740139580445037,0.006369653739966452,0.013522905286429014,0.007313952781260014,0.4519859030842781,0.2698931619524956
629,0.0017584638415727868,0.0032036959164543077,0.002202181247412227,1.3307144342888932e-05,0.00720975425792858,0.08702500723302364,0.010692608343710445,0.006375271710567176,0.01348498019333415,0.007280357647687197,0.44945428520441055,0.2682396462187171
630,0.001757841046354298,0.0031630395533284172,0.002113371141604148,1.3587616592758422e-05,0.0073617129237391055,0.0885258037596941,0.01078441415116429,0.006419383571483195,0.013568377733587107,0.007327622617594898,0.45503073930740356,0.27177827153354883
631,0.0017572174097699922,0.003096234693657607,0.0021619757535518147,1.2612262366928917e-05,0.006833270192146301,0.08713391609489918,0.010699297019779315,0.006383511587046087,0.013465667242017651,0.007271181559190154,0.4481677860021591,0.26765085104852915
632,0.0017565929325037634,0.0030608108354499564,0.002176577960199211,1.2177544476799085e-05,0.006597741856239736,0.08825796470046043,0.01076808751458194,0.0064268315909430385,0.01355620168237694,0.007301121251657605,0.4542144238948822,0.2712361942976713
633,0.0017559676152404278,0.0030873918731231242,0.002106607258610893,1.2939433702285896e-05,0.007010530069237575,0.087810093536973,0.010740730812726742,0.006391143775545061,0.013481175757783678,0.007291243877261877,0.44920071214437485,0.2685054028406739
634,0.0017553414586657223,0.0032406413229182363,0.002152110588212963,1.4017761827744835e-05,0.0075947638833895326,0.08760787732899189,0.01072835666857041,0.006385405082255602,0.013469440540968321,0.0073119503213092685,0.4484189972281456,0.26801343727856874
635,0.001754714463466304,0.0034598409256432205,0.0021323981636669487,1.6186195182399388e-05,0.008769611740717664,0.08793440833687782,0.010748331202145411,0.0063871212769299746,0.013487558369827797,0.007286393200047314,0.449626162648201,0.2687802854925394
636,0.0017540866303297504,0.003377815562998876,0.0023358438193099573,1.3927208271979907e-05,0.0075457022176124156,0.08744483813643456,0.010718369443615667,0.0063650356605648994,0.013501217517246068,0.007285338127985597,0.4505372941493988,0.2689910661429167
637,0.0017534579599445576,0.0033361928362865,0.002253798898891546,1.4148816092074412e-05,0.007665768440347165,0.0872339066118002,0.010705434157202771,0.006375193130224943,0.013575471188420922,0.007361402618698776,0.45550665259361267,0.27137027960270643
638,0.0017528284530001397,0.003181063540978357,0.002215977117884904,1.2996427301459335e-05,0.007041409087833017,0.08779310621321201,0.010739692112320249,0.006393337622284889,0.013537722782428728,0.007319962955079973,0.4529769644141197,0.27038503531366587
639,0.0017521981101868275,0.0034758483670884743,0.0022573116584680974,1.5411702747769596e-05,0.008349994866875932,0.0878155566751957,0.010741065282345212,0.006413464085198939,0.013540089943663297,0.007329312968067825,0.4531354084610939,0.2704754825681448
640,0.0017515669321958702,0.003530737856635824,0.002340084669413045,1.5307153091725922e-05,0.008293350576423109,0.087628573179245,0.010729623808021574,0.006389854126609862,0.013589196172243322,0.00738254701718688,0.4564281553030014,0.2720283642411232
641,0.0017509349197194315,0.0036702910001622513,0.002515616317396052,1.5299103381494206e-05,0.008288989192806184,0.08731191232800484,0.010710219613816937,0.006368614733219147,0.013526626310554513,0.007287824060767889,0.4522346705198288,0.2697732914239168
642,0.0017503020734505902,0.004282729729311541,0.002671874055522494,1.9797408867816557e-05,0.01072615192970261,0.08752047643065453,0.010723003836750733,0.006396480603143573,0.01352999394540101,0.007380587514489889,0.4524599015712738,0.26999018900096416
643,0.0017496683940833406,0.004601631517289206,0.002882855958887376,2.1182767113714362e-05,0.01147673325613141,0.08712214976549149,0.010698574452118768,0.006365562905557454,0.0135541196988992,0.007300321478396654,0.4540749341249466,0.27059854194521904
644,0.0017490338823125894,0.004083437190274708,0.0027444624720374122,1.7422313362658315e-05,0.009439335437491536,0.08680199272930622,0.010678898880165478,0.006342445500195026,0.01350533794259675,0.007311970344744623,0.45081233978271484,0.26880716625601053
645,0.0017483985388341563,0.0037588058767141774,0.0025647143338574097,1.575348545657107e-05,0.008535171451512724,0.08742835000157356,0.010717358701986623,0.006351755233481526,0.01349216886015306,0.007276261458173394,0.44993357360363007,0.2686809618026018
646,0.001747762364344774,0.003920619667042047,0.0024974548432510346,1.7743362263900053e-05,0.0096132785838563,0.08698351122438908,0.010690058758518242,0.006350480718538165,0.013481451817845644,0.007274116738699377,0.44921910762786865,0.26810130942612886
647,0.0017471253595420849,0.003990008350228891,0.0026274676201865077,1.7423855354081752e-05,0.009440170892048627,0.08761081472039223,0.010728536474495676,0.006444605067372322,0.013495820185629016,0.007277309545315802,0.4501771703362465,0.26889399252831936
648,0.0017464875251246438,0.0038007909897714853,0.002521702757803723,1.6458496133964218e-05,0.00891714368481189,0.08688734658062458,0.010684148163963661,0.006355099845677614,0.013388431939373936,0.0072148877661675215,0.44304144382476807,0.2649643952026963
649,0.0017458488617919134,0.003626822726801038,0.0024243213774752803,1.5571971232475335e-05,0.008436827833065763,0.08672135323286057,0.010673937233934784,0.006365675712004304,0.013432633254094639,0.0072504658019170165,0.44597160816192627,0.2663464806973934
650,0.0017452093702442673,0.003710952529218048,0.0024796581419650465,1.5939824834276806e-05,0.008636129641672596,0.08773733302950859,0.010736280105246012,0.006391960196197033,0.013482998917891915,0.0073308153077960014,0.4493222162127495,0.26852977462112904
651,0.0017445690511829859,0.003676591775729321,0.0026020843361038715,1.4718869465468742e-05,0.007974621024914086,0.0867869034409523,0.010677970514489205,0.006373257259838283,0.013509167216047148,0.007278014323674142,0.4510680362582207,0.2689274698495865
652,0.0017439279053102577,0.0033571323147043586,0.00231561363034416,1.3885688304071664e-05,0.007523206790210679,0.08674592711031437,0.010675449722324166,0.0063603249145671725,0.01342330068303148,0.007265911088325083,0.44535210728645325,0.2660490171983838
653,0.0017432859333291774,0.0031002822215668857,0.002119332057191059,1.296444742138192e-05,0.0070240825589280576,0.08636801317334175,0.010652170200395526,0.0063333052676171064,0.013497715756925443,0.007263868814334273,0.4503036290407181,0.2683358211070299
654,0.0017426431359437462,0.003354107597260736,0.0023332174896495417,1.3727807356644917e-05,0.007437667663907632,0.08675064146518707,0.010675739551704228,0.006366029032506049,0.01343656880565105,0.007246646797284484,0.44623294472694397,0.2664917930960655
655,0.0017419995138588708,0.0031798387644812465,0.0021025882742833346,1.3822257471929333e-05,0.007488840376026928,0.0865685697644949,0.010664530490992,0.0063415298936888576,0.013461156588952292,0.007286239066161215,0.44786760210990906,0.267218085937202
656,0.001741355067780361,0.002945431275293231,0.0019814919942291453,1.2553048691188451e-05,0.0068011881958227605,0.08694799989461899,0.010687876441106083,0.006362892920151353,0.013454162534283609,0.0072467370191589,0.44740231335163116,0.2671751566231251
657,0.001740709798414931,0.0028039787139277905,0.0018914721440523863,1.1912246804968163e-05,0.006454004702391103,0.0861956924200058,0.01064153801295055,0.00631995836738497,0.013465298999373135,0.007219810620881617,0.44814329594373703,0.2671694941818714
658,0.0017400637064701981,0.002762327654636465,0.0019084710074821487,1.1402366794754926e-05,0.006177753821248189,0.08679861947894096,0.0106786914102156,0.006352718453854322,0.01339622547657358,0.007216601399704814,0.44355735182762146,0.2651779856532812
659,0.0017394167926546814,0.0027161503821844235,0.0018282360324519686,1.1568580305265641e-05,0.006267807533731684,0.08744939975440502,0.010718648693933443,0.006378499208949506,0.013390511565090675,0.007233200594782829,0.44317905604839325,0.26531422790139914
660,0.0017387690576778007,0.002682505320990458,0.0017093789574573748,1.2135589031458949e-05,0.006575010571395978,0.0870165079832077,0.0106920861582779,0.006375411059707403,0.013485145702387149,0.007270334172062576,0.4494653195142746,0.26824091374874115
661,0.0017381205022498772,0.002775979199213907,0.0018796965086949058,1.1740789716441213e-05,0.006361109728459269,0.08730782382190228,0.010709968507167643,0.006430523935705423,0.013429268429648242,0.007258611614815891,0.4457482025027275,0.2665280131623149
662,0.0017374711270821315,0.002706896106246859,0.0018291284577571787,1.1476587530978577e-05,0.006217966380063444,0.08697520941495895,0.010689548615358316,0.0063662087777629495,0.013366607089792064,0.007203818880952895,0.44159814715385437,0.26428667828440666
663,0.0017368209328866829,0.0026486897404538468,0.0017868150753201917,1.1251819671542762e-05,0.006096188095398247,0.08659465052187443,0.010666137172034226,0.006348795257508755,0.013409889891993562,0.007227074820548296,0.44446268677711487,0.26552866864949465
664,0.0017361699203765491,0.002553445374360308,0.0017277731822105125,1.0808748413637659e-05,0.005856133939232677,0.08702408336102962,0.010692551694756658,0.006376450299285352,0.013520670189300896,0.007295072544366121,0.4518365189433098,0.2694303011521697
665,0.0017355180902656456,0.002637725483509712,0.0017722108386806212,1.1258456481755275e-05,0.006099783815443516,0.08694617450237274,0.010687764369189,0.006371693569235504,0.013414528568105927,0.007231485564261675,0.4447702243924141,0.2658581994473934
666,0.001734865443268783,0.0027975307311862707,0.0017286878573941067,1.3054554358404857e-05,0.007072902022628114,0.08653406612575054,0.010662405387778094,0.006378725985996425,0.013376854686822882,0.007245160988532007,0.4422755166888237,0.2644047914072871
667,0.0017342119801016696,0.0029312355327419937,0.0018576751463115215,1.3336163533494982e-05,0.007225476787425578,0.08683329820632935,0.01068082442802067,0.006350860581733286,0.013430472522854212,0.0072404551319777966,0.4458281323313713,0.2663307152688503
668,0.0017335577014809078,0.002819679124513641,0.001868084684247151,1.2229805633978685e-05,0.006626056594541296,0.08694843016564846,0.010687902735713687,0.006411106092855334,0.0133558335569893,0.007220262428745627,0.44088657200336456,0.2639175010845065
669,0.001732902608123994,0.0026434978790348396,0.0017110596381826326,1.176319761952982e-05,0.0063732505950611085,0.08708702027797699,0.01069641742488442,0.006374838878400624,0.01347766136724696,0.007299924967810512,0.44896653294563293,0.26802677661180496
670,0.0017322467007493188,0.0023671433445997536,0.0016083900700323284,9.970835321837512e-06,0.00540215615183115,0.08608640171587467,0.010634789662776225,0.006334405508823693,0.013272366150374124,0.007169983466155827,0.43539314717054367,0.26073977444320917
671,0.0017315899800761645,0.0023721948819002137,0.0016012368942028843,1.0070264977457555e-05,0.005456026672618464,0.08721115998923779,0.010704038318190615,0.0063791475258767605,0.01339709541465672,0.007211790885776281,0.44361496716737747,0.26541306357830763
672,0.0017309324468247063,0.002281095861690119,0.0015266038171830587,9.78055635414421e-06,0.005299063865095377,0.08742161095142365,0.010716945586622709,0.006385509390383959,0.013356259702390069,0.007214660290628672,0.44091471284627914,0.2641681618988514
673,0.0017302741017160101,0.0021981290046824142,0.0014552482098224573,9.541698716475366e-06,0.005169651965843514,0.08685969933867455,0.010682447984996223,0.0063457011710852385,0.013404126981179381,0.007222689222544432,0.44408074766397476,0.26547022350132465
674,0.0017296149454720316,0.0021158678719075397,0.0014543453944497742,8.789211449311551e-06,0.004761957417940721,0.08682500198483467,0.010680313928940892,0.006369833135977387,0.01362382278681025,0.007411261438392103,0.4587571620941162,0.27279108203947544
675,0.0017289549788156167,0.002922671104897745,0.0016779518191469833,1.4583998165562662e-05,0.007901548087829724,0.08730848506093025,0.010710009268877241,0.006359739345498383,0.013346223084263503,0.00726348627358675,0.44025228917598724,0.26378038711845875
676,0.0017282942024704996,0.0029632639925694093,0.0017260165768675506,1.4603756937958678e-05,0.007912253378890455,0.08596790954470634,0.010627468366329114,0.006338528706692159,0.013488372520714657,0.007312061497941613,0.4496804475784302,0.26782417856156826
677,0.0017276326171613027,0.0031158294150372967,0.0017846807022579014,1.5578609009025968e-05,0.008440424018772319,0.0859360471367836,0.010625498397638794,0.006334784673526883,0.013370945579319452,0.007197062484920025,0.4418848529458046,0.2639104500412941
678,0.0017269702236135357,0.0039030427142279223,0.0019401299941819161,2.1695801933674375e-05,0.011754693347029388,0.08546804822981358,0.010596526083486834,0.006330774514935911,0.013314658862818423,0.007183798472397029,0.4381723552942276,0.2618202017620206
679,0.0017263070225535938,0.004216460467432626,0.0023465149133699015,2.158791761530665e-05,0.01169624220347032,0.08576409704983234,0.010614862885841193,0.006319928681477904,0.013344237428180986,0.007223754306323826,0.4401213154196739,0.26294270623475313
680,0.0017256430147087585,0.003971903919591568,0.0024437216634396464,1.8613347378959588e-05,0.01008463226025924,0.08579955995082855,0.010617057127180415,0.006316398503258824,0.013298660450719884,0.0072032976895570755,0.4371199980378151,0.2614597789943218
681,0.0017249782008071962,0.004085742781171575,0.0024058243434410542,1.9943707911806996e-05,0.010805416153743863,0.08659919537603855,0.010666416766604637,0.00636007753200829,0.013538367985400658,0.007332950597628951,0.4530201628804207,0.2698096791282296
682,0.0017243125815779561,0.003907384641934186,0.0023559693654533476,1.8665789752958517e-05,0.010113045456819236,0.08624938130378723,0.010644851801277068,0.006389815709553659,0.013428604710072905,0.007276837946847081,0.4457041546702385,0.26597676798701286
683,0.0017236461577509721,0.00368237987277098,0.0023375408636638895,1.6725372233850067e-05,0.009061735676368698,0.08671611919999123,0.010673614976007667,0.006389869377017021,0.013431573313610213,0.007298063486814499,0.44590122252702713,0.2663086708635092
684,0.0017229789300570592,0.0035353922721697018,0.0023636569967493415,1.5176075351064355e-05,0.008222333184676245,0.0859692245721817,0.010627549153183105,0.006432754686102271,0.013320118130413477,0.0071569239953532815,0.4385317489504814,0.26225048676133156
685,0.0017223108992279143,0.003048538856091909,0.0020596153190126643,1.2927810189466982e-05,0.007004232698818669,0.08648717775940895,0.01065951574154485,0.006329445750452578,0.013363844967410747,0.007176791434176266,0.4414156749844551,0.26395142637193203
686,0.001721642065996115,0.0029106756555847824,0.0019476795350783505,1.2481936266794946e-05,0.006762659962987527,0.08615315705537796,0.010638912244472365,0.006352337542921305,0.013343078856013137,0.007193957339040935,0.44004489481449127,0.2630990259349346
687,0.0017209724310951193,0.002809150450048037,0.001837458519730717,1.2358749643226474e-05,0.006695918156765401,0.08645299449563026,0.01065740909573465,0.006381203653290868,0.01328322888017622,0.007156009785830975,0.4361061379313469,0.2612795662134886
688,0.001720301995259264,0.0027623839996522292,0.0018507546847104095,1.1828997912743944e-05,0.00640890107024461,0.08518797717988491,0.010579150070940894,0.006337670260109007,0.013358890362312442,0.007211597869172692,0.44108840823173523,0.26313819270581007
689,0.001719630759223764,0.0026660110597731546,0.0017697471266728826,1.1537680791207094e-05,0.006251066486584023,0.08562710508704185,0.010606381766591044,0.006318921688944101,0.01331356466394193,0.0071973573649302125,0.43810035288333893,0.2618637289851904
690,0.001718958723724712,0.002660900747287087,0.0018187796813435853,1.1128519929570757e-05,0.006029384734574705,0.08582253381609917,0.010618478532820738,0.006340279011055827,0.013328924539625711,0.0071911398554220796,0.4391117990016937,0.26246716640889645
691,0.001718285889499077,0.00276525694062002,0.0018056913831969723,1.2188207676899765e-05,0.006603519053896889,0.08609683997929096,0.010635434212791998,0.006363028078339994,0.013336191188276352,0.007185138412751257,0.439590722322464,0.2628437811508775
692,0.001717612257284705,0.0026705339696491137,0.0017594374003238045,1.1655536241050868e-05,0.006314919941360131,0.08610190451145172,0.010635746852942954,0.006357898353599012,0.013237693587033847,0.007117186090908945,0.43312130123376846,0.2596116028726101
693,0.0017169378278203153,0.00265702887554653,0.0017049681409844197,1.1933042173950525e-05,0.0064652714936528355,0.08551449701189995,0.010599405100972742,0.006369735463522375,0.013208720619645469,0.007124994066543877,0.4312274605035782,0.25837097875773907
694,0.0017162626018455034,0.0024888533080229536,0.0016274747977149673,1.0953144851555408e-05,0.005934367218287662,0.0857293363660574,0.010612711554416402,0.006322784116491675,0.013258990645930793,0.007125288946554065,0.4345160573720932,0.2601226968690753
695,0.001715586580100737,0.00234220469428692,0.0015507656789850444,1.0166119864152279e-05,0.005507960508111864,0.0863315500319004,0.010649920937655625,0.006340993219055235,0.013304872773640812,0.0071419961750507355,0.43752849102020264,0.2619300205260515
696,0.001714909763327357,0.0021870534401386976,0.0014205583647708409,9.69559752661553e-06,0.005253033566987142,0.08570913411676884,0.010611460795097349,0.006300292210653424,0.013304844063243247,0.00714839284773916,0.437526598572731,0.2616178663447499
697,0.0017142321522675753,0.002056609286228195,0.001391535326547455,8.70605794034418e-06,0.004716904979432002,0.08571876212954521,0.010612056882489356,0.006319963489659131,0.01340052885790058,0.0072377684991806746,0.4438423737883568,0.264780567958951
698,0.0017135537476644764,0.002003224377403967,0.0013165037162252702,8.767338897541777e-06,0.004750106862047687,0.08633900806307793,0.010650381400174342,0.006338521023280919,0.013397568989167222,0.007227028487250209,0.4436463415622711,0.2649926748126745
699,0.0017128745502620133,0.002080723410472274,0.0013922263678978197,8.923494192458747e-06,0.004834711362491362,0.08601044677197933,0.010630096790473486,0.006343353423289955,0.01332776654705725,0.007165221497416496,0.4390355199575424,0.2625229833647609
700,0.0017121945608050103,0.0020406743278726935,0.0013625600768136792,8.772921006539036e-06,0.004753131070174277,0.08607178181409836,0.010633886611318553,0.00632145325653255,0.01334494759859518,0.007182318135164678,0.4401681646704674,0.26311997324228287
701,0.0017115137800391578,0.0019610788804129697,0.0013261605708976276,8.30710087029729e-06,0.004500751907471567,0.08593719080090523,0.010625569270465028,0.006320673739537597,0.013296988895329594,0.007152288453653455,0.43701012432575226,0.26147365756332874
702,0.0017108322087110168,0.0022266062151174992,0.0016151959644048475,8.623631799764553e-06,0.004672247057897039,0.08658009767532349,0.010665240697567533,0.006354749668389559,0.013371051146289012,0.007233527954667807,0.4418918564915657,0.2642359770834446
703,0.001710149847568013,0.002333091528271325,0.0015517128995270468,1.0075025443256891e-05,0.005458605854073539,0.08614348620176315,0.010638315353549567,0.0063382547814399,0.013282966092022397,0.007157370797358453,0.4360888972878456,0.2611161917448044
704,0.0017094666973584392,0.0024374454078497365,0.001684926901361905,1.0054562494588026e-05,0.0054475191864185035,0.08607688173651695,0.010634201691680606,0.006348809693008661,0.013314806953247804,0.00720366754103452,0.43818212300539017,0.26212950237095356
705,0.0017087827588314535,0.002379707293584943,0.0015329410307458602,1.0643812402122421e-05,0.005766772257629782,0.08570837788283825,0.01061141382661589,0.006321453955024481,0.013380652350928746,0.007237115176394582,0.4425266832113266,0.2641175305470824
706,0.0017080980327370786,0.0023436158953700215,0.0015032124210847542,1.0530221913995774e-05,0.005705229646991938,0.08612972870469093,0.010637465440033533,0.006341216387227178,0.013234668713370734,0.007107607438229024,0.4329233840107918,0.25952655635774136
707,0.0017074125198262,0.0024454636441078037,0.0015962167381076142,1.0783493735289085e-05,0.005842450918862596,0.08541986346244812,0.01059353879526447,0.0063135502859950066,0.013285314842046266,0.0071755488170310855,0.4362431466579437,0.2608315050601959
708,0.001706726220850567,0.002449569699820131,0.001608849888725672,1.0728117729286168e-05,0.005812448769574985,0.08601279184222221,0.010630241811072489,0.006311711389571428,0.013338885398772789,0.007196453399956226,0.43976836651563644,0.26289057917892933
709,0.0017060391365627905,0.0023530224862042814,0.0014716507284902036,1.0850047033272858e-05,0.00587850931333378,0.08559585176408291,0.01060444613211117,0.00630475243087858,0.013251380501523385,0.007118969457224011,0.4340174049139023,0.2598066283389926
710,0.0017053512677163427,0.002562657682574354,0.0015380744807771407,1.2294282669245149e-05,0.006660990067757666,0.08568986691534519,0.01061026791981988,0.0063182219164446,0.013440413070478715,0.007303341059014201,0.44648832827806473,0.26608909759670496
711,0.001704662615065556,0.0030584364576498047,0.0016992552918964066,1.567963693105412e-05,0.008495160611346364,0.08551554940640926,0.010599470313486126,0.006358926766552031,0.013317630056067117,0.007144992356188595,0.43836792558431625,0.26194173749536276
712,0.0017039731793656225,0.0028498402098193765,0.0017865590489236638,1.3110041095387714e-05,0.007102964649675414,0.08593684248626232,0.010625547358144116,0.006338814157061279,0.01341198205853596,0.007253059884533286,0.4446013942360878,0.26526911836117506
713,0.001703282961372593,0.002903212691307999,0.0018244850798510015,1.3322590802999912e-05,0.007218122860649601,0.08497348614037037,0.010565823300768863,0.006313855992630124,0.013274535488449797,0.007145512034185231,0.4355354979634285,0.26025449205189943
714,0.0017025919618433767,0.002837730717146769,0.0018199065598309971,1.2752088366596581e-05,0.006909027142683044,0.08595258370041847,0.01062652052977275,0.006339428015053272,0.013366005854499307,0.0072548206662759185,0.44155842810869217,0.2637555059045553
715,0.0017019001815357384,0.0028527985414257273,0.0017680612800177187,1.3273908848532301e-05,0.007191747281467542,0.08438452146947384,0.010529142775063128,0.006270890007726848,0.0132470894980195,0.007112937048077583,0.4337363466620445,0.2590604340657592
716,0.0017012076212083007,0.0028928902320330963,0.0018202793289674446,1.3258379283342947e-05,0.0071833335678093135,0.0845926571637392,0.01054211984364297,0.006286677671596408,0.013161556520455767,0.007099568611010909,0.428153395652771,0.2563730264082551
717,0.0017005142816205404,0.002856131482985802,0.0019268679316155612,1.2132220490457257e-05,0.0065731854701880366,0.08566917665302753,0.010608987038859607,0.006330068223178387,0.013294744960100762,0.007164988783188164,0.43686264008283615,0.26126590836793184
718,0.00169982016353279,0.002995333808939904,0.0019294373123557307,1.3397889233601745e-05,0.007258919620653614,0.08638851903378963,0.01065343444966374,0.006341244792565703,0.013257638166498584,0.007163054076954722,0.4344274029135704,0.26040796097368
719,0.0016991252677062345,0.0029910929733887315,0.0018233856026199646,1.4141717144866561e-05,0.007661922223633155,0.08540134131908417,0.010592390010217428,0.00632107793353498,0.013301394536584266,0.007127390243113041,0.4372997581958771,0.2613505497574806
720,0.0016984295949029127,0.003473424061667174,0.0020479274608078413,1.6935182884481037e-05,0.00917541014496237,0.08709355443716049,0.010696818664367756,0.006430362700484693,0.013358382327713,0.007262046216055751,0.4410548806190491,0.2640742175281048
721,0.001697733145885715,0.0047939341311575845,0.0027559499867493287,2.3894372930044483e-05,0.012945870053954422,0.0841699130833149,0.010515745365029321,0.006325631751678884,0.013225324357497965,0.007114339619874954,0.4323122799396515,0.2582410965114832
722,0.0016970359214183832,0.005677587207173929,0.003324647812405601,2.7850613719238027e-05,0.01508934423327446,0.08546461910009384,0.010596313395812471,0.0063461484387516975,0.01316929302067711,0.0071074248990044,0.4286568909883499,0.2570607550442219
723,0.0016963379222655094,0.005809733789646998,0.0032944260019576177,2.9293261263774184e-05,0.015870964503847063,0.08524978719651699,0.010582987269596512,0.006331038428470492,0.013322423465885249,0.007276741438545287,0.43868353962898254,0.26196666341274977
724,0.0016956391491925351,0.004599068284733221,0.002811716898577288,2.1684322291548597e-05,0.011748473392799497,0.08444049023091793,0.010532633886465607,0.0062806770438328385,0.013182192276487831,0.007074482971802354,0.42949704080820084,0.2569687655195594
725,0.0016949396029657512,0.00397758990584407,0.0024993276747409254,1.8255289887747495e-05,0.009890638757497072,0.08372519165277481,0.010487927834981528,0.0062621114775538445,0.013167840295254975,0.007085087243467569,0.42856232076883316,0.256143756210804
726,0.001694239284352295,0.003287591753178276,0.0022696146479574963,1.3583531824679085e-05,0.007359499955782667,0.08390436880290508,0.010499144392113616,0.006261093309149146,0.013282101415198906,0.007157952641136944,0.43603211641311646,0.25996824260801077
727,0.0016935381941201525,0.0032722100149840117,0.0020907800208078697,1.4761891065973032e-05,0.007997929817065597,0.08435981348156929,0.010527601405340942,0.006265480420552194,0.013116080187565209,0.007030362030491233,0.4251997768878937,0.2547797951847315
728,0.0016928363330381546,0.003310898697236553,0.001991002354770899,1.5855576464218757e-05,0.008590483921580017,0.08423038758337498,0.010519522346632651,0.006271032616496086,0.013133962245040178,0.007052861154079437,0.42635995894670486,0.2552951732650399
729,0.0016921337018759785,0.0029915266059106216,0.0019266587332822382,1.338326791255895e-05,0.007250997790833935,0.08357745222747326,0.010478670479000423,0.006259296904318035,0.013130003181411517,0.00702472182456404,0.42610297352075577,0.2548402128741145
730,0.0016914303014041452,0.002588779869256541,0.0016573226239415817,1.1654962065676955e-05,0.006314608646789566,0.08414164744317532,0.010513979546939506,0.0062835776479914784,0.013287373371048104,0.007175654172897339,0.4363783076405525,0.2602599775418639
731,0.0016907261323940196,0.0024127642391249537,0.0015483876704820432,1.083483999764212e-05,0.005870270251762122,0.08385194651782513,0.010495864234432177,0.006237242021597922,0.013188889497279265,0.007108184974640608,0.4299335554242134,0.25689275097101927
732,0.0016900211956178092,0.0025272972707170993,0.001499113284808118,1.2255601916422165e-05,0.006640032981522381,0.08471695147454739,0.010549861939070834,0.006264200434088707,0.013157435992354753,0.007086414378136396,0.42788534611463547,0.2563011487945914
733,0.0016893154918485637,0.0025221889809472486,0.0014573006192222238,1.251715713124213e-05,0.006781742413295433,0.08446824550628662,0.010534364892383683,0.006265863892622292,0.013118098299380905,0.007048478117212653,0.42533060908317566,0.25489942729473114
734,0.0016886090218601738,0.0020925915596308187,0.001357518762233667,9.289262038691959e-06,0.005032882530940697,0.08485792204737663,0.01055863610673862,0.0062767756171524525,0.013131786860857766,0.007046592654660344,0.42621874064207077,0.2555383313447237
735,0.0016879017864273708,0.0018601670089992695,0.0012789565662387758,7.724328554559179e-06,0.004185008496278897,0.0847206860780716,0.010550094615019127,0.006294314400292933,0.013136837504061336,0.007055772002786398,0.4265466779470444,0.255633682012558
736,0.0016871937863257246,0.0016947129042819142,0.0011700100294547155,7.001760764069331e-06,0.0037935242580715567,0.08491036295890808,0.010561898061342183,0.0063057218212634325,0.013141468058145258,0.007072527892887592,0.4268474131822586,0.25587888807058334
737,0.001686485022331644,0.0017875476914923638,0.0011678106529871002,7.874730528101281e-06,0.004266495569027029,0.08458109945058823,0.010541400047865423,0.006271458696573973,0.013170171871452717,0.0070741670206189156,0.4287140965461731,0.25664759799838066
738,0.0016857754952223762,0.0017165974131785333,0.001133952260715887,7.469932711501315e-06,0.004047177921165712,0.08512620069086552,0.010575313716020917,0.006296948296949267,0.013101355755855333,0.007043986232019961,0.42424561083316803,0.2546859057620168
739,0.0016850652057760042,0.0017222975511685945,0.0012222342775203288,6.870763741062547e-06,0.0037225505511742085,0.08491884358227253,0.010562425219205685,0.006280828500166535,0.013145993897160474,0.0070491289952769876,0.4271414652466774,0.25603015441447496
740,0.0016843541547714475,0.0017218838111148216,0.0011358245683368295,7.504895819465673e-06,0.004066120687639341,0.08470400236546993,0.010549055852659625,0.006268012686632574,0.013191668810136246,0.007079591508954763,0.4301147758960724,0.25740938913077116
741,0.001683642342988461,0.00180567784991581,0.001159726525656879,8.101730372800375e-06,0.004389482986880466,0.08496077358722687,0.01056503280843829,0.006294135702773929,0.013120787800476014,0.007056612754240632,0.42550505697727203,0.25523291528224945
742,0.0016829297712076332,0.0018180172555730678,0.0011277355224592611,8.451790307617557e-06,0.004579143977025524,0.08479801192879677,0.010554908364454068,0.00628310558386147,0.013151174355796883,0.007071254076436162,0.42747820168733597,0.25613810680806637
743,0.0016822164402103869,0.00206651085318299,0.0012293325416976586,9.99495466658118e-06,0.005415223975433037,0.08421045169234276,0.010518277367177673,0.006321339751593769,0.013184398250184314,0.007098982343450189,0.4296407997608185,0.2569256257265806
744,0.001681502350778977,0.0019887852686224505,0.0012536895301309414,9.097834521298864e-06,0.0049291680625174195,0.08491096645593643,0.010561935347302383,0.006320285960100591,0.013171640221106912,0.007097682333551347,0.4288097023963928,0.2568603344261646
745,0.0016807875036964897,0.0022161726519698277,0.001445849055016879,9.777608767080892e-06,0.0052974669088143855,0.08502981625497341,0.010569325013686176,0.006300818175077438,0.013134676860310855,0.007058673189021647,0.4264063611626625,0.25571808870881796
746,0.0016800718997468426,0.002197724679717794,0.0014351717836689204,9.686189343938167e-06,0.005247936176601797,0.08449823595583439,0.01053623502268884,0.006274586892686784,0.013201853102365631,0.007106498000212014,0.4307791665196419,0.25763870123773813
747,0.0016793555397147833,0.0020986627860111184,0.0013890063200960867,9.112822453971603e-06,0.004937288409564644,0.08434673212468624,0.01052678497452442,0.006323781795799732,0.013242008652110532,0.007118155830539763,0.43340373784303665,0.25887523498386145
748,0.001678638424385888,0.001952339218405541,0.0012887667544418946,8.502519875719372e-06,0.0046066290233284235,0.08491005562245846,0.010561878944701847,0.006299140746705234,0.013146407611998558,0.007055947557091713,0.4271683618426323,0.2560392087325454
749,0.0016779205545465622,0.0017635768745094538,0.0011885793937835842,7.5001822494868975e-06,0.004063566782861017,0.08532289788126945,0.010587524322706232,0.0062826721696183085,0.013140707717077675,0.007054414716549218,0.4267980232834816,0.2560604605823755
750,0.001677201930984038,0.0017676878414931707,0.001120596076361835,8.04003124699193e-06,0.00435605485108681,0.08387922495603561,0.01049757089339787,0.006259743822738528,0.01315814947101361,0.007057764334604144,0.4279317781329155,0.25590550154447556
751,0.0016764825544863743,0.001806233405659441,0.0011750153789762408,7.99398185336031e-06,0.004331105388700962,0.08460937812924385,0.010543161791025827,0.006271338555961847,0.013165658488736529,0.007061381242237985,0.4284203350543976,0.2565148565918207
752,0.0016757624258424552,0.0018886770631070249,0.001134561956860125,9.053480511056478e-06,0.004905137277091853,0.08412635698914528,0.010513024246784505,0.006235827109776437,0.013215057948126366,0.007117532659322023,0.4316413328051567,0.257883844897151
753,0.0016750415458419905,0.001942464499734342,0.001176678684714716,9.238919574272586e-06,0.005005607526982203,0.08455647341907024,0.010539865044090841,0.006273566395975649,0.013179817282459776,0.007084594806656241,0.42934229224920273,0.2569493828341365
754,0.0016743199152755134,0.0018848402542062104,0.0011708105375873856,8.750454128403362e-06,0.004740958858747035,0.08476868085563183,0.010553082652595825,0.006252046907320619,0.013138228032321259,0.0070482962764799595,0.4266369864344597,0.25570283364504576
755,0.0016735975349343802,0.0019194190535927191,0.0012575275977724232,8.429347644778318e-06,0.004566984687699005,0.0836323369294405,0.010482110896302257,0.00624878634698689,0.013139055661141744,0.0070524419425055385,0.4266907200217247,0.2551615284755826
756,0.0016728744056107696,0.00180139958683867,0.0011689069942804053,7.994469683580974e-06,0.004331369782448746,0.08470792509615421,0.010549300271463094,0.006286453106440604,0.013208341495138269,0.00711082189809531,0.4312027096748352,0.2579553173854947
757,0.0016721505280976813,0.0016910569538595155,0.0010952174416161142,7.520204604816172e-06,0.004074414900969714,0.08490315079689026,0.010561449500062986,0.006273428909480572,0.013158474885169923,0.007057120557874441,0.42795292288064957,0.2564280368387699
758,0.0016714259031889362,0.0016780795194790699,0.0010794203844852746,7.517068809193006e-06,0.004072715877555311,0.08457884564995766,0.010541259672040034,0.006275405758060515,0.013136589649754908,0.007058129878714681,0.4265305697917938,0.25555470772087574
759,0.001670700531679174,0.0015877157056820579,0.0010725072243076283,6.7341788110297784e-06,0.003648549536592327,0.08389068022370338,0.010498287889852227,0.006287205498665571,0.0130972967013416,0.0070441801799461246,0.42398279160261154,0.25393673591315746
760,0.001669974414363854,0.0015514364204136655,0.0010237398237222806,6.759415356327736e-06,0.0036622226325562224,0.08457634598016739,0.010541103850096286,0.006303976057097316,0.01309995062188999,0.007010106346569955,0.4241546243429184,0.2543654851615429
761,0.0016692475520392522,0.0015462158335139975,0.0009508905604889151,7.2490727802687616e-06,0.003927516780095175,0.08437722735106945,0.010528688153632114,0.006289849057793617,0.013141933819721433,0.007051720866002142,0.4268776625394821,0.2556274449452758
762,0.0016685199455024628,0.0016580068477196619,0.0010594590676191729,7.479198359305883e-06,0.0040521978662582114,0.08441736176609993,0.010531191308125467,0.0062754807295277715,0.013133415593507626,0.007022813661023974,0.4263244792819023,0.2553709205240011
763,0.0016677915955513954,0.001714191836072132,0.0011247692818869837,7.515529460988546e-06,0.00407188200915698,0.0847373716533184,0.010551133361310923,0.006273549632169306,0.013176502201343704,0.007070668041706085,0.4291263297200203,0.25693185068666935
764,0.001667062502984775,0.0017797012551454827,0.0011954111141676549,7.598549188969628e-06,0.004116861644433811,0.0844066720455885,0.010530524572410532,0.006279923371039331,0.013227228714041757,0.007115543819963932,0.4324367791414261,0.2584217255935073
765,0.0016663326686021406,0.0019732365253730677,0.0013343008031370118,8.359200137419975e-06,0.004528978926828131,0.08425485529005527,0.010521050290727727,0.006277793669141829,0.013189062307794614,0.007083838805556297,0.42994482070207596,0.2570998379960656
766,0.0016656020932038459,0.0020209399444865994,0.0012982623666175641,9.065500933047588e-06,0.004911650059511885,0.0838780514895916,0.010497497943454736,0.006255008280277252,0.013182841081900607,0.007074953522533178,0.4295393228530884,0.25670868717134
767,0.0016648707775910557,0.0022013071866240352,0.0014065780196688138,9.93035416740895e-06,0.0053802235634066164,0.0839471835643053,0.010501822947172336,0.006224301992915571,0.013107573608496249,0.007035517017357051,0.4246484041213989,0.2542977938428521
768,0.0016641387225657476,0.0022429644013755023,0.0014086607334320433,1.0299413759184972e-05,0.005580178840318695,0.08412937819957733,0.010513213272131677,0.006289728218689561,0.013194790529313893,0.007128231693059206,0.4303183853626251,0.2572238817811012
769,0.0016634059289307097,0.0020776606324943714,0.0013847357913618907,8.950531366735959e-06,0.004849359946092591,0.083953607827425,0.010502224693158993,0.0062476464081555605,0.01309856227926724,0.00702225707937032,0.4240647330880165,0.25400917045772076
770,0.0016626723974895396,0.002365351167100016,0.0013211241821409203,1.2075138670297747e-05,0.006542258750414476,0.0843144953250885,0.010524773260673113,0.006271928898058832,0.013148849371286447,0.007053574547171593,0.42732706665992737,0.25582078099250793
771,0.001661938129046645,0.0025225263307220303,0.0014908176672179252,1.227281802584912e-05,0.006649360788287595,0.08341364376246929,0.010468396569349225,0.0062206314178183675,0.013143595478235622,0.007049635401926935,0.42698563635349274,0.255199640057981
772,0.0016612031244072412,0.0023127163003664464,0.0014750627451576293,1.0452888943746075e-05,0.005663330492097884,0.08352665975689888,0.010475486099422053,0.006273328908719122,0.013087739048701167,0.007031041546724737,0.42336423695087433,0.2534454483538866
773,0.001660467384377351,0.0024103372707031667,0.0014737924284418114,1.1363168255229539e-05,0.006156516319606453,0.08424870669841766,0.010520666293970712,0.006260473397560418,0.013101156519250333,0.007036326918751001,0.42423273622989655,0.2542407214641571
774,0.001659730909763803,0.002388014705502428,0.0015379592005047016,1.0683429252367205e-05,0.005788236507214606,0.08443480916321278,0.010532279758474879,0.006282022688537836,0.013154659679310062,0.007056496688164771,0.4277047887444496,0.2560697989538312
775,0.0016589937013742322,0.002305543006514199,0.0014150801216601394,1.0829531277067872e-05,0.005867394153028727,0.08412768878042698,0.010513107470262307,0.006257951376028359,0.01311628599288649,0.007038212730549276,0.4252130836248398,0.2546703862026334
776,0.0016582557600170783,0.0023553750797873363,0.0014181338410708122,1.1266865215020516e-05,0.006104339845478535,0.08489004708826542,0.010560634566428995,0.006300991750322282,0.013164106012645286,0.007085787248797715,0.4283192977309227,0.25660467240959406
777,0.0016575170865015842,0.002272999598062597,0.0014243184341466986,1.0460997430072894e-05,0.0056677239772398025,0.08337014727294445,0.010465666790131474,0.006230871542356908,0.013119324989904266,0.007027318119071424,0.425410158932209,0.25439015310257673
778,0.0016567776816377958,0.002133640387910418,0.0013626702566398308,9.630051351905422e-06,0.005217520840233192,0.08370866812765598,0.010486893495462049,0.006270193262025714,0.01308941286779701,0.007039855350740254,0.4234725087881088,0.2535905884578824
779,0.0016560375462365616,0.002026010159170255,0.001342299161478877,8.78717472119206e-06,0.004760854077176191,0.08304080925881863,0.010444975224843112,0.006219797651283443,0.01308602901393825,0.0070125547936186194,0.42325359582901,0.2531472025439143
780,0.0016552966811095306,0.001986212890187744,0.0013198048545746133,8.585975194819184e-06,0.004651844908948988,0.08392213471233845,0.010500255999615748,0.006226989789865911,0.013110178275002033,0.00701605889480561,0.42481718957424164,0.25436966214329004
781,0.0016545550870691523,0.0019000166357727721,0.0012705142798949964,8.154412142857836e-06,0.00441802576824557,0.08375117927789688,0.01048955584368718,0.006249850848689675,0.013072790818680052,0.0070025582099333405,0.4223976656794548,0.25307442247867584
782,0.0016538127649286753,0.0018911027873400599,0.0012763827471644618,8.028824197481299e-06,0.0043499828316271305,0.08364255540072918,0.010482750691981579,0.006251763552427292,0.013104395855566185,0.007014326867647469,0.42444252222776413,0.25404253881424665
783,0.0016530697155021472,0.0018700742875807919,0.0012737760771415196,7.854005644958306e-06,0.004255266976542771,0.0835527703166008,0.01047712315964489,0.006241037510335445,0.013194081375733892,0.0071079040644690394,0.4302721247076988,0.2569124475121498
784,0.0016523259396044128,0.0020174954988760874,0.0013141808376531117,8.916190552099579e-06,0.004830754012800753,0.08384241349995136,0.010495267353841965,0.00625546439550817,0.013111631285022546,0.007061753538437188,0.42491137236356735,0.25437689293175936
785,0.001651581438051113,0.001992129320569802,0.0012966122885700315,8.811802729269402e-06,0.0047741971793584526,0.08377092704176903,0.010490792181085585,0.00624761322978884,0.013096066141813073,0.0070319006917998195,0.42390311509370804,0.25383702106773853
786,0.0016508362116586857,0.002344561566133052,0.0014260683092288673,1.1108493083611393e-05,0.006018534273607656,0.08336221426725388,0.010465169260347656,0.006246665841899812,0.013158311487903668,0.0071168969152495265,0.42794229090213776,0.2556522525846958
787,0.0016500902612443626,0.002444010620820336,0.0015069054425111972,1.1429456549194583e-05,0.006192430999362841,0.0835302285850048,0.010475710009009242,0.006258806097321212,0.013136777133275596,0.00705706374719739,0.4265427440404892,0.255036486312747
788,0.00164934358762617,0.0022266221640165895,0.0014686001013615169,9.706075275062176e-06,0.005258710210910067,0.08377687633037567,0.01049116470103265,0.006282359710894525,0.013079551567120675,0.0070255110040307045,0.4228346571326256,0.2533057667315006
789,0.0016485961916229267,0.0022001496399752796,0.0014976433449191973,9.247349510133063e-06,0.005010174587368965,0.08343477919697762,0.010469722969753114,0.006234309170395136,0.013015116629364089,0.00696735386736691,0.4186788350343704,0.251056807115674
790,0.0016478480740542449,0.0023532074264949188,0.001528327185951639,1.0433320284164438e-05,0.005652728432323784,0.08330417238175869,0.010461524970002817,0.0062276748940348625,0.013098643101005095,0.007004043087363243,0.42406994849443436,0.2536870604380965
791,0.0016470992357405267,0.0028349084459478036,0.0017466045464971103,1.3267220822399395e-05,0.00718812391278334,0.08422471582889557,0.010519168123084515,0.006324272486381233,0.013149602325067743,0.007085095159709454,0.42737598717212677,0.25580035150051117
792,0.0016463496775029646,0.002992472582263872,0.001888030004920438,1.367718863320988e-05,0.007410242775222287,0.08310042694211006,0.010448723908320752,0.006217177724465728,0.013050868939618139,0.007011728477664292,0.4209822118282318,0.25204131938517094
793,0.001645599400163542,0.0027608471864368767,0.0018835770024452358,1.1572493292533181e-05,0.006269927602261305,0.08259697631001472,0.010417024676434183,0.0062159206718206406,0.013054819536871879,0.006995011470280588,0.42123714089393616,0.25191705860197544
794,0.0016448484045450294,0.0025839101435849443,0.0017508197197457775,1.0919745534465619e-05,0.0059162715915590525,0.08343759179115295,0.010469899225535829,0.006224329932592809,0.013003265477110669,0.00698243931401521,0.4179167225956917,0.2506771571934223
795,0.001644096691470986,0.0027099261642433703,0.0018238668926642276,1.1543396396973549e-05,0.006254162872210145,0.08309234492480755,0.010448215648290687,0.00621226872317493,0.013072602556631155,0.007011890527792275,0.4223855063319206,0.2527389256283641
796,0.0016433442617657572,0.002649366229888983,0.00167173906811513,1.2107651969017752e-05,0.006559874571394175,0.08237358368933201,0.010402928175573683,0.0061886151088401675,0.01307513057979018,0.006999157019890845,0.42254889011383057,0.2524612369015813
797,0.0016425911162544742,0.002624027038109489,0.0016515475072083063,1.202287882051678e-05,0.006513944856123999,0.08369998820126057,0.010486349357409677,0.0062883475329726934,0.013053705926428152,0.006978457677178085,0.42116526514291763,0.2524326266720891
798,0.0016418372557630537,0.002535667270421982,0.0017225274350494146,1.068341049403898e-05,0.005788226408185437,0.08326874114573002,0.010459300099822412,0.00622374436352402,0.012993768289473122,0.006952687283046544,0.41730646789073944,0.25028760451823473
799,0.001641082681118196,0.002316959958989173,0.001585118101502303,9.679528261585801e-06,0.005244327330728993,0.08310679532587528,0.01044912438831883,0.006229033344425261,0.013066451032256034,0.006982855731621385,0.4219880849123001,0.2525474401190877
800,0.0016403273931473849,0.0021580128523055464,0.00145026390964631,9.20828247785721e-06,0.004989008419215679,0.08317232690751553,0.010453243018941558,0.0062224045395851135,0.013084559120036391,0.007043896242976189,0.4231584966182709,0.2531654117628932
801,0.001639571392678886,0.0022023442434147,0.0012461541482480243,1.112431039018702e-05,0.006027104216627777,0.08320187591016293,0.010455099735770142,0.006225336343050003,0.01308853596004447,0.00702349201310426,0.42341576516628265,0.2533088205382228
802,0.0016388146805417466,0.0022567031119251624,0.0013765757321380079,1.0663081923212303e-05,0.005777212412795052,0.08310315385460854,0.010448895556919758,0.00620261044241488,0.013071570476221563,0.007010696106590331,0.42231880873441696,0.25271098129451275
803,0.0016380572575657943,0.0024594602873548865,0.0014313140636659227,1.2130115237596328e-05,0.006572044920176268,0.0829472653567791,0.010439090528705775,0.006245081662200391,0.013012600710750407,0.007025552564300597,0.41851700097322464,0.25073213316500187
804,0.0016372991245816367,0.0022968937482801266,0.0014170389986247756,1.0735249816207215e-05,0.005816312681417912,0.08263960666954517,0.010419712470801893,0.006200331728905439,0.01299663327599655,0.006996204028837383,0.41749049723148346,0.2500650519505143
805,0.0016365402824206588,0.0021826542215421796,0.0013277915932121687,1.0339882521748223e-05,0.005602104414720088,0.08257078006863594,0.010415372756119343,0.006186975282616913,0.013071793402470687,0.007022658479399979,0.422333225607872,0.252452002838254
806,0.0016357807319150248,0.0021211901475908235,0.0013700631898245774,9.460571732233802e-06,0.005125697673065588,0.08205209672451019,0.010382608264862373,0.006179581978358328,0.013030066110106127,0.0069597173715010285,0.4196412116289139,0.25084665417671204
807,0.0016350204738976746,0.0021037325786892325,0.0012903278256999329,9.888138265523594e-06,0.005357351445127279,0.08294602483510971,0.010439012465363237,0.006213531596586108,0.012985849477757558,0.006956703611649573,0.4167979806661606,0.24987200275063515
808,0.0016342595092023243,0.0019219480964238755,0.0012641957655432634,8.403457030681238e-06,0.004552957281703129,0.0823750477284193,0.01040302076014093,0.0062105313409119844,0.013114291875198674,0.007030629902146757,0.42508382350206375,0.2537294356152415
809,0.001633497838663465,0.0019498748806654476,0.0012202896177768707,8.985333806776907e-06,0.004868215852184221,0.08320917747914791,0.01045555825281687,0.006238528178073466,0.013107565282058257,0.007038266980089247,0.42464785277843475,0.25392851512879133
810,0.001632735463116362,0.0018666671749087982,0.0012065885166521184,8.31859938443813e-06,0.004506981684244238,0.0833452120423317,0.010464101816203395,0.006243077106773853,0.013053384867937277,0.007021281868219376,0.4211445301771164,0.25224487110972404
811,0.0016319723833970537,0.0017552967838128097,0.0011822069245681632,7.47081566032648e-06,0.004047656038892455,0.08235622011125088,0.010401831785749294,0.006205806159414351,0.013034067670844614,0.006994407856836915,0.41989898681640625,0.25112760346382856
812,0.00163120860034235,0.0016358766879420727,0.0011050544708268717,6.938344341733682e-06,0.0037591654545394704,0.08317894488573074,0.010453658899275381,0.006223048432730138,0.013011640060617249,0.006978463614359498,0.41845519840717316,0.25081707164645195
813,0.001630444114789833,0.001616629320778884,0.0010483029509487096,7.1797065572809515e-06,0.003889934654580429,0.08212914690375328,0.010387481856682416,0.006179551710374653,0.013016746824715243,0.006948679103516042,0.4187837243080139,0.2504564356058836
814,0.0016296789275778549,0.001588890801940579,0.0010525102225074079,6.892658376500549e-06,0.0037344130250858143,0.08239378407597542,0.010404203566950867,0.006193067063577473,0.013043021613259464,0.0069857287453487515,0.42047611624002457,0.251434950158
815,0.0016289130395455373,0.0017699591335258447,0.0011662038341455627,7.724276798626306e-06,0.0041849802364595234,0.08310378342866898,0.010448934899913382,0.006230673752725124,0.012972018416825578,0.00693688727915287,0.41591060161590576,0.24950719252228737
816,0.0016281464515327702,0.0016912454520934261,0.0010793315814225934,7.639226851097192e-06,0.004138900665566325,0.08233242854475975,0.010400329089318492,0.00620054011233151,0.01302596152047001,0.006972037605009973,0.4193768575787544,0.2508546430617571
817,0.0016273791643802115,0.0017226816780748777,0.0010940210086118896,7.82088861228658e-06,0.00423732420313172,0.08268740214407444,0.010422725408709716,0.00618046335875988,0.012998286640644905,0.006926713977009058,0.4175967499613762,0.2501420760527253
818,0.0016266111789292855,0.0018144574569305405,0.00125158599257702,7.5045684866381634e-06,0.0040659432706888765,0.08289415203034878,0.010435747657740024,0.00620764191262424,0.01304582740095587,0.006982604623772204,0.42065704613924026,0.2517755990847945
819,0.0016258424960221825,0.0018941191519843414,0.0012133497511968017,8.522024245394277e-06,0.004617196595063433,0.08279484510421753,0.010429494730909435,0.006186342914588749,0.013024725757508349,0.006956217694096267,0.4192973002791405,0.251046072691679
820,0.0016250731165018577,0.00192336331383558,0.0012564217468025163,8.473911890405361e-06,0.004591129370965064,0.08250603079795837,0.010411288151399778,0.006237944704480469,0.013021186796496935,0.006987872067838907,0.41906946897506714,0.25078774988651276
821,0.0016243030412120298,0.0019695079827215523,0.0012277696005185135,9.111295838692968e-06,0.0049364613951183856,0.08339038491249084,0.010466937230495875,0.006276638945564628,0.013020740324920033,0.006974132498726249,0.4190407171845436,0.2512155510485172
822,0.0016235322709971807,0.0018519017903599888,0.00124118883832125,7.926886581799408e-06,0.004294753496651538,0.08228293061256409,0.010397202417666833,0.006197929847985506,0.013017843615376213,0.006967753637582064,0.4188542887568474,0.25056860968470573
823,0.0016227608067025546,0.0018420840715407394,0.0011984519733232446,8.151803115197254e-06,0.004416612340719439,0.083259092643857,0.010458694175659847,0.006238509085960686,0.013073561370781838,0.007009210530668497,0.42244747281074524,0.2528532827273011
824,0.001621988649174157,0.0018939604779006913,0.0011044629900425207,9.324455476189542e-06,0.005051950371125713,0.08268092945218086,0.010422317631308324,0.006218206486664712,0.013010048792847678,0.007003406994044781,0.4183528199791908,0.25051687471568584
825,0.0016212157992587524,0.0017553720099385828,0.001083941970136948,8.196985760378084e-06,0.0044410920527298,0.08250443078577518,0.010411187079326617,0.006186962244100869,0.013028868711039643,0.006954837706871331,0.4195640906691551,0.25103426072746515
826,0.0016204422578038667,0.0018992617042385973,0.0011472953701741062,9.057152965397108e-06,0.0049071268731495366,0.08302144892513752,0.010443757412003488,0.00623438716866076,0.013037455802861682,0.006994513561949134,0.4201173037290573,0.2515693763270974
827,0.0016196680256577824,0.002036186313489452,0.0013403428529272787,8.895528964103505e-06,0.004819559981115162,0.08262121677398682,0.010418553335943277,0.006157762720249593,0.012987607576800389,0.006929183495230973,0.4169108495116234,0.2497660331428051
828,0.00161889310366954,0.0020290769971325062,0.0012564287535496987,9.449445940390433e-06,0.005119669687701389,0.08190302178263664,0.010373172310942718,0.006180832046084106,0.01300844600408564,0.00697761622723192,0.4182497635483742,0.2500763926655054
829,0.0016181174926889362,0.0020755255391122773,0.0012751263202517293,9.740058231955118e-06,0.0052771222981391475,0.08227602764964104,0.010396766083489238,0.006176651804707944,0.012933505069955888,0.006978015182539821,0.4134446531534195,0.24786034040153027
830,0.001617341193566524,0.0022017107694409788,0.0013674516303581186,1.0222943274129648e-05,0.005538747122045606,0.0829621497541666,0.010440026894822827,0.006200513220392168,0.012995747308442555,0.00695907068438828,0.41743359714746475,0.2501978734508157
831,0.00161656420715361,0.0019218673405703157,0.0012338943415670656,8.626422356883268e-06,0.004673759045545012,0.08296637423336506,0.010440292856968762,0.00621845992282033,0.012968802820244981,0.006952429655939341,0.4157044589519501,0.24933541659265757
832,0.0016157865343022558,0.0017680257296888158,0.0011666519203572534,7.703126158276064e-06,0.004173520836047828,0.0824122317135334,0.010405368670658095,0.006199707742780447,0.01297381862892981,0.006944986525923014,0.4160260632634163,0.24921914748847485
833,0.0016150081758652744,0.0017067358057829551,0.001084536786947865,7.743751581301694e-06,0.004195531742880121,0.08306415751576424,0.010446443377863539,0.006213396089151502,0.013017851580010552,0.006967973429709673,0.41885482519865036,0.2509594913572073
834,0.0016142291326962318,0.001704303482256364,0.0010445560401421972,8.016477295313962e-06,0.004343293257988989,0.0820746012032032,0.010384031895962391,0.006183083169162273,0.012934454366208206,0.006942728068679571,0.41350535303354263,0.24778997711837292
835,0.001613449405649444,0.0020175139798084274,0.0012326655705692247,9.5181761139429e-06,0.0051569073693826795,0.08254418522119522,0.010413695246235139,0.006204624311067164,0.01292721911122259,0.006929787108674645,0.4130428433418274,0.2477935142815113
836,0.001612668995579977,0.002182019758038223,0.0013138645663275383,1.0436848867811932e-05,0.005654640350257978,0.08239220455288887,0.010404103999558179,0.006209258339367807,0.013009276436349063,0.006974705262109637,0.4183031693100929,0.2503476869314909
837,0.0016118879033436466,0.0021028323026257567,0.0013371827371884137,9.533907132208697e-06,0.005165430367924273,0.08271273039281368,0.010424321721651773,0.006193199078552425,0.012968120022175967,0.006941772531718016,0.41566066443920135,0.24918669741600752
838,0.001611106129797016,0.00200404116185382,0.0012911620069644414,8.961970308973832e-06,0.004855557606788352,0.08258015848696232,0.01041596434815913,0.0062106793047860265,0.012944496185315577,0.006940837251022458,0.41414762288331985,0.2483638906851411
839,0.0016103236757973962,0.0024378506059292704,0.0013205474460846744,1.2748462751233092e-05,0.006907063216203824,0.08211918734014034,0.010386852129067599,0.006167399697005749,0.013127038019272511,0.007064499310217798,0.4259105324745178,0.2540148599073291
840,0.0016095405422028434,0.002267518124426715,0.0012854174274252728,1.1435897306455445e-05,0.006195920519530773,0.08221259340643883,0.010392757652964275,0.006177212810143828,0.013145265367643252,0.007099601207301021,0.42709414660930634,0.2546533700078726
841,0.00160875672987216,0.0024274771567434072,0.0013341406229301356,1.2552374414553924e-05,0.00680082303006202,0.08260195702314377,0.010417338807647215,0.006212305510416627,0.01306785085977143,0.007057831156998873,0.4220784977078438,0.2523402273654938
842,0.0016079722396648917,0.002325106572243385,0.0013875236982130446,1.1213520735964266e-05,0.0060754378500860184,0.0820782445371151,0.010384262419472769,0.006181776872836053,0.01294387309477418,0.0069059222005307674,0.4141077697277069,0.248093007132411
843,0.0016071870724413291,0.002222869807155803,0.001493077987106517,9.490729667049891e-06,0.005142036941833794,0.08219380490481853,0.010391569954922691,0.006187071092426777,0.012941768783166399,0.006923079723492265,0.4139731526374817,0.2480834787711501
844,0.0016064012290625035,0.0021526769269257784,0.0014760686171939597,8.968526799435494e-06,0.004859109845710918,0.0820317380130291,0.010381320057796567,0.0061728686559945345,0.012985338194915461,0.00697557395324111,0.41676516085863113,0.24939844943583012
845,0.0016056147103901887,0.0020624607786885463,0.0013890674672438763,8.778277759802222e-06,0.0047560336970491335,0.08230260573327541,0.01039844562472342,0.006206028396263719,0.012977254729522221,0.006950471200980246,0.4162464588880539,0.24927453231066465
846,0.0016048275172868994,0.001964395181857981,0.00126741125859553,8.771443475552587e-06,0.004752330743940547,0.08323895744979382,0.010457429169739437,0.006228342768736184,0.013005947116527413,0.006998200551606715,0.4180891364812851,0.25066404696553946
847,0.0016040396506158887,0.0021467573969857767,0.0015040015714475885,8.707673316621367e-06,0.004717780509963632,0.08259877748787403,0.010417138351468801,0.0062102077063173056,0.013019947087654849,0.006979379570111632,0.41898971050977707,0.25079424399882555
848,0.0016032511112411495,0.0021956402342766523,0.0014116764577920549,9.84041497531507e-06,0.005331495136488229,0.08141238056123257,0.010342054981560315,0.006212449865415692,0.012956155964960588,0.006940972991287708,0.41489407420158386,0.24815322738140821
849,0.0016024619000274117,0.0021780206443509087,0.0014115877856966108,9.678466255991225e-06,0.005243751860689372,0.08201912045478821,0.010380521648355385,0.006192624336108565,0.013019655793434755,0.00694198883138597,0.4189709201455116,0.2504950203001499
850,0.001601672017840142,0.002124288606864866,0.0012575289147207513,1.0319991247342841e-05,0.005591327353613451,0.08221271447837353,0.010392765441560991,0.0061908739153295755,0.01294947997078931,0.006921570748090744,0.41446660459041595,0.24833965953439474
851,0.0016008814655455433,0.0019908347458112985,0.001327928934188094,8.568649661810923e-06,0.004642457875888795,0.08222169987857342,0.01039333338080394,0.006170941283926368,0.012944430280224349,0.006924967863596976,0.4141434282064438,0.2481825640425086
852,0.001600090244010553,0.001997584055061452,0.0012825057783629745,8.966288504552722e-06,0.004857896958128549,0.08291261829435825,0.01043690993722287,0.0062405908247455955,0.012961838781529716,0.006975918775424361,0.41525810211896896,0.2490853602066636
853,0.0015992983541028426,0.0021251679136184976,0.001299472918617539,1.0018438786119077e-05,0.0054279475880321115,0.08270338550209999,0.010423732610732503,0.006224189535714686,0.012952900901484495,0.006959139951504767,0.4146856218576431,0.24869450367987156
854,0.0015985057966908167,0.0018955798659590073,0.0012210069035063498,8.478973171577309e-06,0.004593871592078358,0.08227412030100822,0.01039664579969724,0.006178004899993539,0.012968535904901688,0.006934359902516007,0.41568735241889954,0.24898073635995388
855,0.0015977125726436112,0.001612421743629966,0.0010497118528292049,7.1304753817003075e-06,0.003863261197693646,0.08165240660309792,0.010357289719784914,0.006173013476654887,0.012985724390418176,0.006968516041524708,0.4167899563908577,0.2492211814969778
856,0.0015969186828310939,0.0017717135124257766,0.0010683322543627582,8.463039080197632e-06,0.00458523842098657,0.08240561932325363,0.010404950947599582,0.0061721449019387364,0.01297942812500876,0.006926876958459616,0.41638588160276413,0.24939575046300888
857,0.001596124128123862,0.0023484386620111763,0.0012674001263803802,1.2315697802023351e-05,0.006672592804534361,0.0820722933858633,0.010383885976840174,0.006205320358276367,0.013068676403734762,0.007040497614070773,0.42213183641433716,0.25210206490010023
858,0.0015953289093932424,0.0025252615014323965,0.0015753225743537769,1.1674172242237546e-05,0.006325016816845164,0.08193933218717575,0.010375471225522138,0.006185260834172368,0.013001307189697369,0.006976166972890496,0.41779084503650665,0.2498650886118412
859,0.0015945330275112899,0.0024373261985601857,0.0016092709338408895,1.0612019622158186e-05,0.005749546951847151,0.08191874250769615,0.010374167929823354,0.006203458993695676,0.012915100830341454,0.006900341482833028,0.41226881742477417,0.24709377996623516
860,0.0015937364833507866,0.002223892224719748,0.0014001224626554176,1.0186442011672625e-05,0.005518971011042595,0.08223911002278328,0.010394433554470596,0.006219390081241727,0.012948286498449455,0.00692268495913595,0.4143901839852333,0.2483146470040083
861,0.0015929392777852406,0.0023516712826676667,0.0014736988887307234,1.0822456147252524e-05,0.00586356085841544,0.08155368268489838,0.010351026388727952,0.006149875815026462,0.01291797875802512,0.0069188757333904505,0.4124525785446167,0.24700313061475754
862,0.0015921414116888857,0.0025487053353572264,0.001584171099239029,1.1825198100723355e-05,0.006406842061551288,0.0819847546517849,0.010378346715926839,0.006171076791360974,0.013014217803396453,0.006945328437723219,0.4186210259795189,0.2503028903156519
863,0.00159134288593668,0.0022143369424156845,0.0014545981175615452,9.696074414478062e-06,0.005253291892586276,0.08122873120009899,0.01033038376190066,0.006146158673800528,0.012918204193960491,0.0069275235291570425,0.41246696561574936,0.24684784840792418
864,0.001590543701404305,0.002251112149679102,0.001440672975149937,1.0138264656234242e-05,0.0054928687459323555,0.0819910578429699,0.010378745705274013,0.006163334473967552,0.01297798442103305,0.006939557730220258,0.41629327088594437,0.24914216436445713
865,0.0015897438589681644,0.0023701552709098905,0.0015863207008806057,1.0161565910493664e-05,0.005505493289092556,0.08169244602322578,0.010359828581456123,0.0061675431206822395,0.012943684644027703,0.006935404846444726,0.4140956997871399,0.24789407290518284
866,0.0015889433595053831,0.002234465500805527,0.0014536969174514525,9.888485863029928e-06,0.005357539586839266,0.08192221820354462,0.010374387714106797,0.006173197412863374,0.012900769946134972,0.006902346736751497,0.4113544002175331,0.24663830921053886
867,0.0015881422038938075,0.0020394250823301263,0.0012526737336884253,9.572666414214837e-06,0.005186430324101821,0.08212171494960785,0.010387011753569876,0.006196765694767237,0.01299576704392256,0.006953384145163,0.4174348711967468,0.24977829307317734
868,0.0015873403930120027,0.0019266683884779923,0.0012262705422472209,8.72701514254004e-06,0.004728259606054053,0.08224787749350071,0.010394987491104454,0.006172536057420075,0.012960804056100186,0.006959431571885943,0.41519181430339813,0.24871984589844942
869,0.0015865379277392527,0.0016868785751285031,0.0010486983010196127,7.825087863011504e-06,0.004239599540596828,0.0818428173661232,0.010369358774790113,0.006153297028504312,0.012851760096483913,0.00685597222764045,0.4082348719239235,0.24503884464502335
870,0.0015857348089555591,0.0016400773893110454,0.000961603600444505,8.036187722382238e-06,0.0043539724429138005,0.08150569163262844,0.01034798053377641,0.006128047942183912,0.012842351713133532,0.006853157887235284,0.407637394964695,0.2445715432986617
871,0.0015849310375416399,0.0016867365047801286,0.0009774208956514485,8.350007846047447e-06,0.004523998868535273,0.08226529508829117,0.010396088364566881,0.006212745793163776,0.012876143751878072,0.0068883022759109735,0.4097854420542717,0.24602536857128143
872,0.0015841266143789294,0.0018418199542793445,0.0011105932499049231,8.798014221156336e-06,0.004766726720845327,0.08168937638401985,0.01035963386026061,0.006162623642012477,0.012914977452107746,0.006910366355441511,0.4122609421610832,0.24697515927255154
873,0.0015833215403495756,0.0019106724066659808,0.0012075362465111539,8.717707430605515e-06,0.004723216712591238,0.0818120427429676,0.010367409415992101,0.006167851272039115,0.013016172191926457,0.007014203816652298,0.418746754527092,0.2502793986350298
874,0.0015825158163364414,0.001876234236988239,0.001202357845613733,8.438123956011623e-06,0.004571739744278602,0.08162804320454597,0.010355744288270094,0.006153494585305452,0.012953238493316258,0.0069434643955901265,0.4147072359919548,0.2481676395982504
875,0.001581709443223102,0.0019220451868022792,0.0011941383127123117,8.92157697762741e-06,0.004833672515815124,0.08197098597884178,0.010377475335762063,0.006187921739183366,0.0129524926620047,0.00692551804240793,0.4146594852209091,0.24831523559987545
876,0.001580902421893844,0.001891179861559067,0.001163051390904002,8.86624454210505e-06,0.0048036936786957085,0.08216236159205437,0.010389581956975875,0.0061781739350408316,0.012957183901959922,0.006940692546777427,0.4149598851799965,0.24856112338602543
877,0.0015800947532336657,0.0016818469593999907,0.001057871282682754,7.710931043902747e-06,0.004177749651717022,0.0814113337546587,0.010341988673538869,0.006144809885881841,0.013015041578163715,0.00697868294082582,0.4186740070581436,0.25004267040640116
878,0.0015792864381282742,0.0014816693801549263,0.0009381874624523334,6.747186688471629e-06,0.003655596956377849,0.08173355087637901,0.010362434666310667,0.00616090779658407,0.01293505316051245,0.006934339995495975,0.41354362666606903,0.24763858877122402
879,0.0015784774774640867,0.0015829877083888277,0.0009904563085001428,7.2963163120221e-06,0.003953113176976331,0.08139936812222004,0.010341228563289345,0.006148229236714542,0.012930323364632389,0.006908002658747137,0.4132412523031235,0.24732031021267176
880,0.0015776678721282275,0.001748090384353418,0.0009794010038604029,8.901597595922794e-06,0.004822847797186114,0.08146017603576183,0.01034509062462889,0.006170005304738879,0.012894402009554438,0.006906653637997806,0.41094839572906494,0.2462042858824134
881,0.0015768576230085285,0.0016169626396731474,0.0010239352704957128,7.362685693124149e-06,0.003989071905380115,0.08129450492560863,0.010334565467291553,0.006155653856694698,0.012886726746568586,0.006893069832585752,0.41045932471752167,0.24587691482156515
882,0.0015760467309935268,0.0015269284922396764,0.0009978034540836234,6.724727114715279e-06,0.003643428615760058,0.08168723247945309,0.010359498132681923,0.006140207755379379,0.012901325468322985,0.006869047414511442,0.4113898351788521,0.24653853382915258
883,0.0015752351969724647,0.0015481593072763644,0.0009522179170744494,7.257208494593215e-06,0.003931924715288915,0.0811426192522049,0.010324906791839143,0.006140997051261365,0.01292365161967773,0.00689902575686574,0.4128149002790451,0.246978759765625
884,0.0015744230218352894,0.0015350072280853055,0.0009387058526044711,7.2355910845089966e-06,0.003920212519005872,0.08174292929470539,0.01036302910488952,0.006158333853818476,0.013087894710119015,0.007069542305544019,0.4233743026852608,0.2525586159899831
885,0.00157361020647265,0.0017532379424665123,0.0009858053272182588,8.901820052642506e-06,0.00482296830159612,0.08171812258660793,0.010361456353122621,0.006176879280246794,0.012893406735363525,0.0068650179309770465,0.41088495403528214,0.24630153831094503
886,0.0015727967517758985,0.0016162708416231908,0.0010333239370083902,7.286986573262766e-06,0.00394805840915069,0.0815305095165968,0.010349555509127745,0.006152691086754203,0.012840653763413416,0.006845653639174998,0.4075295925140381,0.24453005101531744
887,0.0015719826586370873,0.0016539913776796311,0.0010445514817547519,7.552201935823177e-06,0.004091750815859996,0.081601582467556,0.010354065638122934,0.006152177462354302,0.012972135082739058,0.00694015109911561,0.41591808944940567,0.24875983595848083
888,0.0015711679279489699,0.0016614231062703766,0.0010033915896201506,7.924663094627249e-06,0.004293548918212764,0.0814998634159565,0.010347610330122013,0.006158357253298163,0.012888691293833602,0.0068696088856086135,0.41058449447155,0.24604217894375324
889,0.001570352560604998,0.0016100932843983173,0.0010458907527208794,7.13719751388453e-06,0.0038669032364850864,0.08116653375327587,0.010326428038104692,0.0061574006685987115,0.012829349812295707,0.0068388780346140265,0.4068123772740364,0.24398945551365614
890,0.0015695365574993222,0.0015970691019902006,0.0009776972146937624,7.520465828747547e-06,0.004074556476552971,0.08139927685260773,0.010341222758692068,0.006157863652333617,0.012836636971368446,0.006855795159935951,0.40727467834949493,0.24433697760105133
891,0.0015687199195267894,0.0015353291819337755,0.0009261718187190127,7.331099396878926e-06,0.003971958489273675,0.08099576830863953,0.01031555956548548,0.006123308441601694,0.012841164574268236,0.0068371560191735625,0.4075620174407959,0.2442788928747177
892,0.0015679026475829442,0.0013862130581401289,0.0008945790759753436,6.18821559328353e-06,0.0033527488849358633,0.08131416700780392,0.010335815064486468,0.006149495602585375,0.012902972014000778,0.006901671877130866,0.4114948436617851,0.24640450533479452
893,0.0015670847425640246,0.0012756201613228768,0.0008111379720503464,5.783634776435065e-06,0.003133548714686185,0.08070405013859272,0.010296966141525895,0.006115169497206807,0.012855998973038378,0.006877955049276352,0.4085042029619217,0.2446041265502572
894,0.001566266205366964,0.0012709300572169013,0.0007838603123673238,5.94173886270255e-06,0.0032192088692681864,0.0816168524324894,0.010355034548984789,0.00614443514496088,0.01293650109314956,0.006893708603456616,0.4136361926794052,0.2476265225559473
895,0.0015654470368893889,0.0012860387287219055,0.0007901412609498948,6.0347990995524015e-06,0.003269628476118669,0.08151889964938164,0.010348818628730902,0.006143306847661734,0.012896204170268122,0.0068691750057041645,0.4110632836818695,0.24629109166562557
896,0.0015646272380296178,0.001242755155544728,0.0008126668290060479,5.469050705642076e-06,0.002963108418043703,0.08204438909888268,0.010382120595888826,0.006167361629195511,0.012919899132181263,0.006925926776602864,0.41257523745298386,0.24730981327593327
897,0.0015638068096866609,0.0012205677048768848,0.0007908075422164984,5.425675908554695e-06,0.002939608195447363,0.08097233809530735,0.01031406749107219,0.006153291673399508,0.012821385774646097,0.006811903673224151,0.40630751103162766,0.2436399245634675
898,0.0015629857527602183,0.001260187549632974,0.0008293712744489312,5.506599933369216e-06,0.002983452533953823,0.08209102042019367,0.010385070437542132,0.0061699425568804145,0.012922149882697768,0.006919267354533076,0.4127189666032791,0.2474049935117364
899,0.0015621640681506798,0.0012820331030525267,0.0008469016065646429,5.578779536108414e-06,0.00302255894348491,0.08196107484400272,0.010376847893228944,0.006168134976178408,0.012870122765695739,0.006882096524350345,0.4094022810459137,0.2456816779449582
900,0.001561341756759123,0.001345000506262295,0.0008957567843026482,5.7991877042695705e-06,0.003141975335893221,0.08185693621635437,0.01037025337647219,0.006179566844366491,0.012845981430807438,0.006854195962660015,0.4078678488731384,0.2448623925447464
901,0.0015605188194873134,0.0012599111796589568,0.0008436431162408553,5.398682645818553e-06,0.002924983244156465,0.08120941184461117,0.010329155432414208,0.006151213077828288,0.012893595356656054,0.0068975710310041904,0.41089697927236557,0.24605319555848837
902,0.0015596952572377025,0.001254186594451312,0.0008017308027774561,5.655285605143945e-06,0.003064009710215032,0.08172786608338356,0.01036207419506716,0.006205297773703933,0.012908513516545804,0.006913497927598655,0.41184837371110916,0.24678811989724636
903,0.0015588710709134276,0.0012177179887657985,0.0008075812729657628,5.275539251670125e-06,0.0028582647792063653,0.08168534375727177,0.010359378381905635,0.006144246435724199,0.012950423460934423,0.006910365424118936,0.4145269840955734,0.2481061639264226
904,0.0015580462614183093,0.0012171416965429671,0.0007911045868240763,5.391866096715603e-06,0.002921290128142573,0.08126488886773586,0.010332682954266167,0.0061861154390499,0.012917110912638327,0.006923784501850605,0.412397138774395,0.24683101382106543
905,0.0015572208296568534,0.0012480842269724235,0.000784741609095363,5.7243979654231225e-06,0.0031014545529615134,0.08142770454287529,0.010343028798677465,0.006147642037831247,0.013003209382253156,0.006989280111156404,0.41791312396526337,0.24967041425406933
906,0.0015563947765342462,0.0013609860761789605,0.0007696662360103801,6.877619824763315e-06,0.00372626529133413,0.08135749399662018,0.010338568397107019,0.006136841489933431,0.01288075702677548,0.006912983604706824,0.41007912158966064,0.2457183077931404
907,0.0015555681029563568,0.0013009225585847162,0.0007950382532726508,6.136001587719875e-06,0.0033244596561416984,0.08092254400253296,0.010310895785259032,0.006144446088001132,0.01285278307948881,0.006856596563011408,0.40829986333847046,0.2446112036705017
908,0.0015547408098297336,0.0013774362741969526,0.0008797331065579783,6.21682414703173e-06,0.0033682488719932735,0.08131714537739754,0.010336004250893236,0.006177312461659312,0.012898719100721939,0.006891940021887422,0.4112236425280571,0.24627039395272732
909,0.0015539128980616049,0.001408649121003691,0.0008743211947148666,6.544829403765107e-06,0.0035459607461234555,0.08076011948287487,0.010300542742524506,0.0061152694979682565,0.012823315791321984,0.006827573524788022,0.40642981976270676,0.2435949696227908
910,0.001553084368559878,0.0014953091740608215,0.0008440790406893939,7.567851270096071e-06,0.004100229620235041,0.08139137178659439,0.010340720648696875,0.0061638017650693655,0.01280984600185905,0.006860506720840931,0.4055764228105545,0.24348389729857445
911,0.001552255222233137,0.0016136021295096725,0.0010076213693537284,7.452116477679738e-06,0.004037525097373873,0.08118131197988987,0.010327367926101469,0.0061325886053964496,0.012838692208215763,0.006826771306805313,0.4074051082134247,0.24429321009665728
912,0.0015514254599906423,0.0015266674308804795,0.0009903946520353202,6.7770155567359325e-06,0.003671758313430473,0.08184447139501572,0.010369464026052695,0.0061624335357919335,0.012878372064617118,0.006895367638207972,0.40992729365825653,0.24588588252663612
913,0.00155059508274233,0.0015153749773162417,0.0009744729286467191,6.7903504543664894e-06,0.0036789830191992223,0.08085382357239723,0.01030651651710939,0.006136051844805479,0.012876037376498523,0.006870413897559047,0.4097786620259285,0.24531624279916286
914,0.0015497640913988107,0.0014957650564610958,0.0009889587490761187,6.502432142951875e-06,0.0035229901259299368,0.08160104602575302,0.010354031468547896,0.006157678319141269,0.012922125811820976,0.006919542909599841,0.41271743923425674,0.24715924263000488
915,0.001548932486871368,0.0015755657805129886,0.0009881216137728188,7.245059322258385e-06,0.003925342331058346,0.08143670670688152,0.010343600260180448,0.006129402667284012,0.012838745196528126,0.006851874059066176,0.4074084609746933,0.2444225838407874
916,0.0015481002700719582,0.001483933549025096,0.0009131380029430147,6.953018100830377e-06,0.0037671156169380993,0.08111635968089104,0.010323235813888958,0.006147568114101887,0.012804060210990053,0.006839054403826594,0.40521012991666794,0.2431632447987795
917,0.0015472674419132093,0.0014421764499275014,0.0009295144809584599,6.446754838407287e-06,0.0034928242093883455,0.08179929666221142,0.010366601600542669,0.006177836912684143,0.012791739652281258,0.006847107084468007,0.40443067997694016,0.2431149883195758
918,0.0015464340033084193,0.0013504029193427414,0.0008475295726384502,6.205098799227926e-06,0.0033618962042964995,0.08117560483515263,0.010327005173994838,0.006158175761811435,0.01279874223866644,0.0068247453309595585,0.4048736020922661,0.24302460346370935
919,0.0015455999551715566,0.0014150420684018172,0.0008755642629694194,6.5946499319125e-06,0.00357295322464779,0.08155705779790878,0.010351240513934495,0.006147977546788752,0.01288769684889691,0.006891264929436147,0.41052114218473434,0.24603909999132156
920,0.001544765298417256,0.001473717697081156,0.0008924492685764562,7.011482097141197e-06,0.0037987912364769727,0.08133945800364017,0.010337422510697664,0.006147394888103008,0.01288758097117014,0.006911013275384903,0.410513736307621,0.2459265971556306
921,0.0015439300339608218,0.0014025616546859965,0.0008671285395394079,6.541752981092941e-06,0.0035442939843051136,0.08044328726828098,0.010280317716413918,0.006111340364441276,0.012889810270198065,0.006875944323837757,0.41065575182437897,0.24554951954632998
922,0.0015430941627182237,0.0014644476395915262,0.0009075050729734357,6.814777947283801e-06,0.0036922177532687783,0.08166763558983803,0.010358255343735887,0.0061491308733820915,0.012875594489476077,0.00687282788567245,0.40975047647953033,0.24570905603468418
923,0.0015422576856060966,0.0016551269945921376,0.0010120005172211677,7.803000983130914e-06,0.004227632787660696,0.081228107213974,0.010330344231529684,0.006151319365017116,0.012897250707185216,0.006892739096656442,0.41113000363111496,0.24617905542254448
924,0.0015414206035417408,0.0017713482011458836,0.0010862307717616204,8.327525591766971e-06,0.004511817940510809,0.08110368065536022,0.010322428946919517,0.006155105773359537,0.012809097359575082,0.0068326417822390795,0.4055290147662163,0.24331634771078825
925,0.0015405829174431195,0.001944748335517943,0.0011135442000522744,9.726109169605479e-06,0.005269564629998058,0.08146711066365242,0.010345530632778065,0.0061611117562279105,0.012892548664108766,0.006872145808301866,0.4108302667737007,0.24614868871867657
926,0.0015397446282288578,0.00242300343234092,0.0013560175721067935,1.2349573466963193e-05,0.006690946553135291,0.08140819892287254,0.010341789746923664,0.006150659290142357,0.012926682009876003,0.006927190697751939,0.41300852596759796,0.24720836244523525
927,0.0015389057368182426,0.0024473903031321242,0.001468361253500916,1.1745212248115422e-05,0.006363506050547585,0.08089391514658928,0.010309071411849747,0.006128187873400748,0.012962201400055674,0.0069690789096057415,0.41528134047985077,0.24808762781322002
928,0.0015380662441312211,0.002614819459267892,0.0016191210961551405,1.2177306530247733e-05,0.006597612838959321,0.08125974796712399,0.01033235595049592,0.006169033935293555,0.012870340277298959,0.00687220343388617,0.4094161093235016,0.24533792864531279
929,0.0015372261510884005,0.0028669878956861794,0.0016674650469212793,1.4147543140552443e-05,0.007665078912395984,0.0814436562359333,0.010344041386819883,0.0061704369727522135,0.012892726998646365,0.006955150747671723,0.4108416438102722,0.24614265002310276
930,0.0015363854586110455,0.002849435230018571,0.0016630952086416073,1.401781992171891e-05,0.007594795140903443,0.0806278195232153,0.01029210191365934,0.006144290789961815,0.01286081593100236,0.0069098916137591004,0.4088103845715523,0.24471910204738379
931,0.0015355441676210783,0.002771797851892188,0.0016564889810979366,1.3350110009469063e-05,0.007233032985823229,0.080601766705513,0.010290438954560867,0.00612939998973161,0.012807203974077135,0.006881471956148744,0.40540914982557297,0.24300545826554298
932,0.0015347022790410778,0.0028907582454849035,0.0017044107953552157,1.4094144603404857e-05,0.0076361477840691805,0.08115994744002819,0.010326008883183437,0.006161416880786419,0.012826109225972365,0.006850739009678364,0.40660691261291504,0.24388343002647161
933,0.0015338597937942782,0.0026020773220807314,0.001568133826367557,1.243614570967111e-05,0.006737851101206616,0.08137979358434677,0.010339985161739522,0.006133315851911902,0.012857727010164495,0.006881219451315701,0.40861403197050095,0.24499691277742386
934,0.0015330167128045679,0.0023341662890743464,0.0014541907439706847,1.0804935300257057e-05,0.005854068062035367,0.08128917403519154,0.010334226642014941,0.0061870364006608725,0.012841316708682188,0.006881693610921502,0.4075716733932495,0.24443042371422052
935,0.0015321730369964879,0.002178932845708914,0.0014261556789278984,9.57933161771507e-06,0.0051900412945542485,0.0810735747218132,0.010320513023953832,0.006119252764619887,0.012836725252006452,0.00684065546374768,0.4072802811861038,0.2441769279539585
936,0.001531328767295233,0.0021291726152412593,0.001444225556042511,8.986708223801543e-06,0.004868960328167304,0.08082560077309608,0.010304717493384153,0.006105993292294443,0.012839623297200753,0.00685092736966908,0.4074641913175583,0.2441448960453272
937,0.001530483904626648,0.001955822401214391,0.0012606945747393183,8.741917326915427e-06,0.00473633359069936,0.08072762191295624,0.01029846987825451,0.006107974913902581,0.012798231155907214,0.006805458455346525,0.40484127402305603,0.24278444796800613
938,0.0015296384499172283,0.0018111833196599036,0.0011485692994028796,8.234910239934834e-06,0.004461639357032254,0.08112278021872044,0.010323644509619782,0.006125480169430375,0.012855825505689875,0.006867624237202108,0.40849320590496063,0.24480799306184053
939,0.001528792404094119,0.0018281367083545774,0.0012121937907068059,7.921635159391371e-06,0.00429190814611502,0.08053535409271717,0.010286198902888864,0.006100433645769954,0.012795539533499281,0.006828237441368401,0.40467100590467453,0.24260317999869585
940,0.001527945768085113,0.001781494756869506,0.001214054056617897,7.477462446559002e-06,0.004051257521496154,0.08066335693001747,0.010294369899180837,0.0061561682960018516,0.012830821581810275,0.006863652495667338,0.40690574049949646,0.24378454871475697
941,0.0015270985428186504,0.0017331322815152816,0.0012092803590348922,7.066389571264153e-06,0.0038285398040898144,0.08095623552799225,0.010313041730045028,0.006105402251705527,0.012926968785653532,0.006893572164699435,0.4130268469452858,0.24699154123663902
942,0.0015262507292238177,0.0017075427967938595,0.0011279140926490072,7.430950859088625e-06,0.0040260574605781585,0.08059601485729218,0.010290071983885254,0.006143170641735196,0.012860343241373879,0.006888777716085315,0.4087803289294243,0.24468817189335823
943,0.0015254023282303465,0.0016917296088649891,0.0010980389888572972,7.505580782662946e-06,0.004066491965204477,0.08056045137345791,0.01028780145957924,0.006116486736573279,0.01285325364131306,0.006880351109430194,0.4083297625184059,0.2444451069459319
944,0.0015245533407686122,0.0015958969815983437,0.000968582808127394,7.576939395903537e-06,0.004105153522687033,0.08053245022892952,0.010286013309880267,0.0061046648770570755,0.012779249931441552,0.0068234087666496634,0.40364132076501846,0.242086885496974
945,0.001523703767769634,0.0017914675845531747,0.0010645339389157016,8.673383064206064e-06,0.004699202094343491,0.08080517873167992,0.01030341592874483,0.006174254580400884,0.012733816881232214,0.0067748649744316936,0.40077637135982513,0.24079077504575253
946,0.0015228536101650726,0.0016809438311611302,0.0010674960903997999,7.631537329189086e-06,0.004134734597755596,0.08059270866215229,0.0102898608284007,0.00610884022898972,0.012857535174700134,0.0068726439494639635,0.408601850271225,0.24459727946668863
947,0.00152200286888723,0.0016159831575350836,0.0009946353638952132,7.5699636283843574e-06,0.004101374128367752,0.0806855745613575,0.010295787357270951,0.006136227049864829,0.012840744566273347,0.006876535597257316,0.4075353592634201,0.2441104669123888
948,0.0015211515448690486,0.001432420511264354,0.0009154638755717315,6.46045469920864e-06,0.0035002469667233527,0.08048718795180321,0.01028312234821908,0.006106051616370678,0.012847081189984136,0.0068499858025461435,0.4079376980662346,0.2442124430090189
949,0.0015202996390441096,0.0013708327096537687,0.0008362404005310964,6.476982946423959e-06,0.0035092018224531785,0.08069671876728535,0.010296498530560198,0.00610607152339071,0.012823186423323014,0.006841154769062996,0.40642163157463074,0.24355917517095804
950,0.0015194471523466316,0.0013043175349594094,0.000792216400441248,6.188165912135446e-06,0.003352721963892691,0.08121532760560513,0.010329531844506416,0.006139254663139582,0.012764697416536762,0.006813038839027286,0.4027225375175476,0.24196893256157637
951,0.0015185940857114716,0.0011720718830474652,0.0007438238244503736,5.325003343159551e-06,0.0028850640665041283,0.08044679835438728,0.010280541984183123,0.006117530516348779,0.01279981635554387,0.006819708622060716,0.4049415811896324,0.24269418977200985
952,0.0015177404400741213,0.001113945443648845,0.0007222852400445845,4.947595328985699e-06,0.002680586141650565,0.0805251244455576,0.010285545554665015,0.006113130017183721,0.01280937469745044,0.006801098817959428,0.4055466055870056,0.2430358650162816
953,0.0015168862163707077,0.0010835758148459718,0.000696317852998618,4.8590406436233025e-06,0.00263260756037198,0.08096134476363659,0.010313367406115105,0.006131315371021628,0.012813994834088436,0.006832159007899463,0.4058391898870468,0.2434002673253417
954,0.0015160314155379922,0.0010525921170483343,0.0006895708465890493,4.622917572305596e-06,0.00250467708974611,0.08062003552913666,0.010291605360666126,0.00610238965600729,0.012781110028290922,0.006823637522757053,0.40375883132219315,0.2421894334256649
955,0.0015151760385133687,0.0010388850132585503,0.0006635511417698581,4.68852027779576e-06,0.0025402204046258703,0.08079777471721172,0.010302943667098434,0.006127869477495551,0.012788922496033627,0.006811023922637105,0.4042525738477707,0.2425251742824912
956,0.0015143200862348626,0.000966160288953688,0.0006442586163757369,4.159809051884622e-06,0.0022537668992299587,0.0805978812277317,0.01029019112705183,0.006120361620560288,0.012820817282888686,0.006841244059614837,0.40627146512269974,0.24343467317521572
957,0.0015134635596411306,0.0009683677089924458,0.0005958346409897786,4.537687701144932e-06,0.002458499868225772,0.08081845380365849,0.010304262061551767,0.006146313273347914,0.012828834844490926,0.006842866539955139,0.4067797288298607,0.2437990913167596
958,0.0015126064596714594,0.0009642665208957624,0.0006297844629443716,4.249193011673924e-06,0.0023021946908556856,0.08054037764668465,0.010286519681765458,0.006097765872254968,0.012761658921455825,0.00679800589568913,0.40253083407878876,0.2415356058627367
959,0.0015117487872657641,0.0009608516666048672,0.0006156229574116878,4.322230978459629e-06,0.002341766419704072,0.08083880506455898,0.010305559283192173,0.006137472577393055,0.012812795414159394,0.006837852415628731,0.4057632312178612,0.24330101814121008
960,0.001510890543364588,0.0008862572867656127,0.0005827668101119343,3.87640388055388e-06,0.002100219135172665,0.08039792627096176,0.01027741860403704,0.006092308438383043,0.01274977062728433,0.006777010974474251,0.40178123116493225,0.241089578717947
961,0.0015100317289090997,0.0009113957312365528,0.000589019571634708,4.062232136448074e-06,0.0022009003223502077,0.08086066879332066,0.010306953142273298,0.00611837231554091,0.012807019619611955,0.006809444632381201,0.4053974971175194,0.24312908295542002
962,0.0015091723448410958,0.0008433236507698894,0.0005274698069115402,3.888437717591842e-06,0.0021067389825475402,0.08055082894861698,0.01028718693698023,0.006104104337282479,0.012754123125315322,0.006801908602938056,0.4020555764436722,0.24130320269614458
963,0.0015083123921029954,0.0007697235087107401,0.0004984094684914453,3.4237618677934734e-06,0.0018549796295701526,0.0808756873011589,0.010307910070285774,0.006130514433607459,0.012802661661673388,0.006814054911956191,0.4051216095685959,0.2429986484348774
964,0.0015074518716378428,0.0006830302918388043,0.00044987247201788705,2.982048982858032e-06,0.0016156615020008758,0.08049769699573517,0.010283793538331379,0.006114116287790239,0.012780903664686958,0.0068105102982372046,0.4037458077073097,0.24212175235152245
965,0.0015065907843893037,0.000722901830158662,0.0004447199644346256,3.3880467071867315e-06,0.0018356292566750199,0.08080587163567543,0.010303459887699649,0.006120779784396291,0.012853507666776651,0.00686361372936517,0.40834590047597885,0.24457588605582714
966,0.0015057291313016659,0.0007735363906249404,0.0004489276761887595,3.824266087804062e-06,0.002071971190162003,0.08094117604196072,0.010312082544127407,0.006126902648247778,0.01284721272433659,0.006867918884381652,0.40794603526592255,0.24444360565394163
967,0.001504866913319838,0.0008106977802526671,0.0005239667352725519,3.6132099978658516e-06,0.001957621869223658,0.08047536201775074,0.01028236673154426,0.006102845771238208,0.012848183261810931,0.00684567354619503,0.4080076962709427,0.24424152914434671
968,0.0015040041313893473,0.0008692446645000018,0.0005625478224828839,3.8686755630124026e-06,0.0020960319525329396,0.08060886524617672,0.010290892346788198,0.006119269412010908,0.012784789003317861,0.0068225248251110315,0.40399130433797836,0.24230008479207754
969,0.0015031407864563406,0.0009800843145058025,0.0006664680440735538,4.124338957467444e-06,0.0022345492761814967,0.08092953637242317,0.01031134104532391,0.006128223496489227,0.0127953039753833,0.006820470094680786,0.4046561047434807,0.24279282055795193
970,0.0015022768794675807,0.0011988790975010488,0.0007586831961816642,5.462690694457706e-06,0.0029596626409329474,0.08119437471032143,0.01032819906387653,0.0061479463474825025,0.012813440494293617,0.006833926658146083,0.4058040827512741,0.24349922873079777
971,0.0015014124113704478,0.0013033417635597289,0.0008357425613212399,5.857813448528759e-06,0.003173738456098363,0.08065333031117916,0.010293730146010696,0.006116945412941277,0.012799528862599656,0.0068260630359873176,0.40492337942123413,0.24278835486620665
972,0.0015005473831129375,0.0015550266398349777,0.0009315632887592074,7.473074134622948e-06,0.004048879854963161,0.08033745549619198,0.010273553058138438,0.00610490667168051,0.012721158903880102,0.006805223296396434,0.39997996389865875,0.24015870969742537
973,0.001499681795643659,0.0015539875021204352,0.000959477143624099,7.257400483240417e-06,0.003932028877898119,0.08123448491096497,0.01033074974080252,0.006149435299448669,0.012762231473705574,0.006800196133553982,0.40256696939468384,0.2419007271528244
974,0.0014988156499118352,0.0014715790894115344,0.0009521627689537127,6.550889935397208e-06,0.0035492443130351603,0.08072580769658089,0.010298354098505616,0.006096973433159292,0.012773221436803647,0.0068176812492311,0.40326058864593506,0.24199319817125797
975,0.001497948946867301,0.0014077561718295328,0.0008914456848287955,6.410161063286068e-06,0.003472997937933542,0.08053083345293999,0.010285910034188063,0.0061159610049799085,0.012778797284472523,0.006806428311392665,0.40361274778842926,0.24207179062068462
976,0.001497081687460503,0.0013316693803062662,0.0008786423786659725,5.802513697972245e-06,0.00314377729955595,0.08120890520513058,0.010329123205618676,0.006149489898234606,0.012814446805561562,0.0068355201510712504,0.4058678150177002,0.2435383601114154
977,0.0014962138726424968,0.0014644737602793612,0.0009010631838464178,6.862578516120266e-06,0.003718115884112194,0.08089744113385677,0.01030929620098375,0.006120381876826286,0.012746534354523139,0.006813147105276585,0.40157727897167206,0.24123736005276442
978,0.0014953455033649477,0.0017077135198633187,0.0010284581621817779,8.166795083752731e-06,0.004424734783242457,0.0808128509670496,0.010303904851221159,0.0061254644533619285,0.012777168334421864,0.006814158288761973,0.40350984036922455,0.24216134566813707
979,0.00149447658058013,0.0020773054129676893,0.0012769418099196628,9.743080852331332e-06,0.0052787597524002194,0.08112466149032116,0.010323764234406077,0.006138548138551414,0.012785198471762734,0.00679621403105557,0.4040171951055527,0.24257092829793692
980,0.0014936071052409235,0.0021994844573782757,0.00132592256704811,1.0509000844649563e-05,0.005693731858627871,0.07991245575249195,0.010246342451435233,0.006133186281658709,0.012794180003502013,0.006838993169367313,0.4045850336551666,0.2422487447038293
981,0.0014927370783008142,0.0022559260978596285,0.001325450895819813,1.10333578220434e-05,0.005977826629532501,0.08146252855658531,0.010345240080045053,0.006166264996863902,0.012851448996131066,0.006854167673736811,0.40821511298418045,0.24483882077038288
982,0.0014918665007138939,0.002439727322780527,0.0015084852420841344,1.1378264389350079e-05,0.006164695339975879,0.08049099706113338,0.010283365923921022,0.006127506960183382,0.012788166370290014,0.006842155824415386,0.4042047709226608,0.2423478839918971
983,0.0014909953734348574,0.0026748323143692687,0.0015119565068744123,1.3522319022740703e-05,0.007326335151446983,0.08017868734896183,0.010263396204352798,0.0061263334937393665,0.012879046627040886,0.006888127885758877,0.409970223903656,0.24507445562630892
984,0.0014901236974190024,0.0025934021978173405,0.0014900549213052727,1.293253211542833e-05,0.007006790838204324,0.08069247752428055,0.01029622797073206,0.006115233059972525,0.01272084432356565,0.00676448259036988,0.3999601826071739,0.24032633006572723
985,0.0014892514736222291,0.002603580040158704,0.0015992367480066605,1.2220385542605072e-05,0.006620953034143895,0.07996844127774239,0.010249931126919585,0.006125300540588796,0.012759180416079012,0.006817163317464292,0.4023745059967041,0.24117147363722324
986,0.0014883787030010372,0.002744201134191826,0.001677227694017347,1.2942321518494282e-05,0.007012094516539946,0.08069046214222908,0.010296099445698021,0.006127805798314512,0.012751355004115986,0.006768417893908918,0.4018810763955116,0.24128576926887035
987,0.0014875053865125271,0.0026135567895835266,0.0016375280611100607,1.2029756987885776e-05,0.006517671426991001,0.07992041483521461,0.010246852647675548,0.0060913474299013615,0.012762459090653183,0.0067866427125409245,0.4025813043117523,0.24125085957348347
988,0.0014866315251143973,0.002449147039442323,0.0015015887111076154,1.1516110930642753e-05,0.006239380018087104,0.08060137182474136,0.010290413853900782,0.006117001408711076,0.012804782725484704,0.006836922140792012,0.40525588393211365,0.2429286278784275
989,0.0014857571197649437,0.0026092949701705948,0.0015572538686683401,1.2583079410433129e-05,0.0068174590123817325,0.0803519431501627,0.010274479547961695,0.006089690839871764,0.012802143773233049,0.00684158771764487,0.4050888270139694,0.24272038508206606
990,0.0014848821714230594,0.002440358861349523,0.0015289215953089297,1.1233214365802269e-05,0.006086107692681253,0.08118651434779167,0.010327698786479904,0.006160040502436459,0.012798084763036335,0.006840811227448285,0.40483202785253525,0.24300927110016346
991,0.0014840066810482323,0.0021977436408633366,0.001412941979651805,9.850483365880791e-06,0.0053369501838460565,0.07985624298453331,0.010242737867597756,0.006093935458920896,0.012751191240089032,0.006790848798118532,0.4018707349896431,0.2408634889870882
992,0.001483130649600545,0.0018999382009496912,0.0012122424595872872,8.583900807934697e-06,0.004650720933568664,0.08027460426092148,0.010269533376762202,0.006088213995099068,0.012707847787710546,0.0067639664048329,0.39914336800575256,0.23970898613333702
993,0.0014822540780406732,0.0017941937476280145,0.0010867466407944448,8.534548641137008e-06,0.0046239821531344205,0.07953424379229546,0.010222066608748222,0.006091560353524983,0.012736460421817208,0.006791027495637536,0.40094276517629623,0.24023850448429585
994,0.0014813769673298854,0.0018867448306991719,0.0011867085777339526,8.650657605357992e-06,0.004686889631557278,0.08038920909166336,0.010276861250758577,0.006116790580563247,0.012708458976804626,0.006826244294643402,0.3991817459464073,0.23978547751903534
995,0.001480499318430041,0.0021828056342201307,0.0011407793645048514,1.172196436982631e-05,0.00635091052390635,0.0796256847679615,0.010227940919455605,0.006076186895370483,0.012814475195197357,0.006851350539363921,0.40586961805820465,0.24274765141308308
996,0.0014796211323035897,0.0023069672024575993,0.0012337095831753686,1.2181707631953032e-05,0.006599997490411624,0.07953790202736855,0.010222301496517833,0.006078460719436407,0.012808237474586282,0.006850098608992994,0.40547457337379456,0.24250623770058155
997,0.0014787424099135698,0.0021229731282801367,0.001260165445273742,1.0288385965395719e-05,0.0055742036493029445,0.0803441982716322,0.010273984002265242,0.00613606721162796,0.012771139711764058,0.006801399285905063,0.4031291529536247,0.24173667561262846
998,0.0014778631522236086,0.0018814322829712182,0.0012268483551451936,8.305284467269303e-06,0.004499767819652334,0.07912972569465637,0.010196038124616875,0.006055356934666634,0.012700533280546952,0.006733112735673785,0.3986840024590492,0.2389068640768528
999,0.0014769833601979197,0.0015649037522962317,0.001016782520309789,6.935064789104217e-06,0.0037573885783785954,0.07926782965660095,0.010204931846595825,0.006079620216041803,0.012766912981148251,0.0068224656861275434,0.4028623625636101,0.24106509611010551
1000,0.0014761030348013032,0.0014712154224980623,0.0009138779823842924,6.830184872796963e-06,0.0037005650956416503,0.07964069209992886,0.010228904705686694,0.006086708977818489,0.012775457449924366,0.006825666292570531,0.40340176969766617,0.2415212308987975
1001,0.0014752221769991434,0.0013764474133495241,0.0008658061015012208,6.3105196090873505e-06,0.0034190126607427374,0.0801821667701006,0.010263619069600808,0.006111170165240765,0.012742137437490907,0.006804473930969834,0.401300273835659,0.2407412203028798
1002,0.0014743407877574094,0.001262165569642093,0.0007786323621985503,5.899452702351482e-06,0.0031962983921403065,0.07978831976652145,0.010238380791080809,0.0060762850334867835,0.012696659264288496,0.006774851121008396,0.39844080805778503,0.23911456391215324
1003,0.0014734588680426525,0.0012044084578519687,0.0007460517517756671,5.6069748666232044e-06,0.003037835151189938,0.08026679418981075,0.010269033961146796,0.00610010779928416,0.012746628967338294,0.006789191975258291,0.4015832394361496,0.24092501681298018
1004,0.0014725764188220053,0.001187828449474182,0.0006917198807059322,5.855089568740368e-06,0.003172262615407817,0.07987216301262379,0.01024375894886549,0.006093685980886221,0.012770260178174255,0.006813294719904661,0.40307363122701645,0.24147289711982012
1005,0.001471693441063182,0.0011045150786230806,0.000649012676149141,5.401527502613135e-06,0.0029265245975693688,0.07972643710672855,0.010234409679692375,0.006071726442314684,0.01272587810479851,0.006766104255802929,0.4002767875790596,0.24000161234289408
1006,0.0014708099357344756,0.0010660449479473755,0.0006811030470998958,4.8095844249473885e-06,0.0026058125076815486,0.07966207340359688,0.010230277715261612,0.006072138668969274,0.012769116337806708,0.006812913459725678,0.40300143510103226,0.24133175425231457
1007,0.0014699259038047586,0.001052859501214698,0.0006270108315220568,5.087256710112342e-06,0.0027562540053622797,0.07991511560976505,0.010246512697194095,0.006086017703637481,0.012700272185072074,0.006747451960109174,0.3986676186323166,0.23929136712104082
1008,0.00146904134624348,0.0009723566035972908,0.0005839744408149272,4.662061797944261e-06,0.002525885167415254,0.08022953197360039,0.010266649911017217,0.006116256001405418,0.01269807034807623,0.006773057044483721,0.39852937310934067,0.23937945254147053
1009,0.0014681562640206655,0.000918840742087923,0.0005663287265633699,4.29846252814059e-06,0.002328888775082305,0.07951831072568893,0.010221042470592252,0.006095833261497319,0.012708757260761575,0.006777770584449172,0.3992004841566086,0.23935939744114876
1010,0.001467270658106917,0.0008252952902694233,0.000525482257216936,3.7367354224215887e-06,0.0020245474006514996,0.08007935248315334,0.010257036523907187,0.006110675400123,0.01273287091229209,0.006787366699427366,0.4007168188691139,0.24039808567613363
1011,0.0014663845294734094,0.0007696273969486356,0.0004999212851544144,3.4117132372557535e-06,0.0018484517859178595,0.07992601580917835,0.010247211758049216,0.006089672679081559,0.012738330622454963,0.0067706279223784804,0.4010605067014694,0.2404932612553239
1012,0.0014654978790918911,0.0007094979810062796,0.0004554792649287265,3.184913850873272e-06,0.001725572787108831,0.07975952327251434,0.010236533276433792,0.0060861281817778945,0.012702514881826922,0.006781064090318978,0.39880841970443726,0.2392839714884758
1013,0.0014646107079346836,0.0006985213731240947,0.0004528834524535341,3.1027799138882983e-06,0.0016810730085126124,0.08003569208085537,0.010254240190228305,0.006081835832446814,0.012722583140410814,0.006767796818166971,0.40006953477859497,0.24005261342972517
1014,0.0014637230169746783,0.0006824342344771139,0.0004469596296985401,2.998053233227438e-06,0.0016243325590039603,0.07987287640571594,0.010243804584382466,0.006092753377743065,0.012737619475887736,0.006796230562031269,0.4010157510638237,0.24044431373476982
1015,0.0014628348071853375,0.0006667654124612454,0.0004033391142002074,3.175496502194619e-06,0.0017204705363838002,0.08048662915825844,0.010283086616221983,0.006106712622568011,0.012775565232301268,0.006815100554376841,0.40340858697891235,0.2419476080685854
1016,0.0014619460795406922,0.0007465957605745643,0.0004310889671614859,3.7073434526746496e-06,0.002008622839639429,0.07982290163636208,0.010240599571239618,0.006075583631172776,0.01274389946940504,0.006799489143304527,0.4014112502336502,0.24061707593500614
1017,0.0014610568350153412,0.000714915800926974,0.0004467218659556238,3.2995671546132144e-06,0.0017876914571388625,0.07978419587016106,0.01023811642396723,0.006072442280128598,0.012768799520063554,0.00682314217556268,0.4029814377427101,0.24138281680643559
1018,0.0014601670745844498,0.0007429191682604142,0.00043980678128718864,3.6090512907094308e-06,0.0019553686724975705,0.079659104347229,0.010230086840351305,0.006086435401812196,0.012706801827544034,0.006751349428668618,0.3990776613354683,0.23936838284134865
1019,0.00145927679922375,0.0007224838882393669,0.0004476066624192754,3.3628777629246542e-06,0.0018219927660538815,0.0799501184374094,0.01024875660569855,0.006101729464717209,0.012725637111984664,0.006770499516278505,0.40026162564754486,0.24010587204247713
1020,0.0014583860099095373,0.0007043701116344891,0.0004637802267097868,3.0763063136873825e-06,0.0016667296076775528,0.08007290028035641,0.01025662331189683,0.006102964049205184,0.012696662272857298,0.006760144256986678,0.39844101667404175,0.23925695847719908
1021,0.001457494707618672,0.0006761968325008638,0.00042268861761840526,3.119680542340575e-06,0.0016902296629268676,0.07995334640145302,0.010248963461109095,0.006086314446292818,0.012745488286699047,0.006795341381803155,0.40151137113571167,0.24073235876858234
1022,0.0014566028933285756,0.0006017376035742927,0.00038754831803089473,2.6919640561118285e-06,0.0014584946766262874,0.08013074100017548,0.010260327172291214,0.006097464240156114,0.012744415585567999,0.0067903740564361215,0.4014437720179558,0.24078725650906563
1023,0.0014557105680172322,0.0006471719207183924,0.00043547351197048556,2.7574331369351057e-06,0.0014939655156922527,0.08004713989794254,0.010254973490130628,0.006103628198616207,0.012745972228610788,0.006788579281419516,0.4015418514609337,0.24079449567943811
1024,0.0014548177326631862,0.0006461523735197261,0.00042662836676754523,2.8133265033147836e-06,0.0015242483859765343,0.07942127622663975,0.010214804579102855,0.006067015347070992,0.012693239206652352,0.006743946694768965,0.39822618663311005,0.2388237314298749
1025,0.0014539243882455406,0.0006747332772647496,0.0004385351221571909,2.9891815245264297e-06,0.0016195258285733871,0.07983177341520786,0.010241168311604558,0.006074332050047815,0.012773561498932533,0.006803393363952637,0.4032820463180542,0.24155690986663103
1026,0.0014530305357439571,0.0006999253273534123,0.00042847653639910277,3.295929104751849e-06,0.001785720422049053,0.08036131039261818,0.010275078012786109,0.006112821400165558,0.01276104258308118,0.006800478789955378,0.4024919643998146,0.2414266373962164
1027,0.0014521361761386552,0.0007815431672497652,0.00046707979709026404,3.7641427610424216e-06,0.002039396575128194,0.0803260300308466,0.010272822412503692,0.006100213970057666,0.012785093473807867,0.006811886560171843,0.4040105640888214,0.242168297059834
1028,0.0014512413104104094,0.0009075454472622368,0.0005034087134845322,4.658752473574168e-06,0.002524092313251458,0.0801148023456335,0.010259306498904544,0.006102501531131566,0.012829916649983454,0.006853880127891898,0.40684834122657776,0.24348157178610563
1029,0.0014503459395405493,0.0009635406458983198,0.0005787986592622474,4.618914658749418e-06,0.0025025084905792028,0.08051017858088017,0.01028459079052245,0.006119285593740642,0.012753432399332357,0.006786677986383438,0.40201202780008316,0.24126110319048166
1030,0.0014494500645109596,0.001105677514715353,0.000736918234906625,4.763260974982586e-06,0.0025807145284488797,0.08057279326021671,0.010288589472967805,0.006122162099927664,0.01276340030135536,0.006796124391257763,0.4026406854391098,0.24160673934966326
1031,0.0014485536863040767,0.0011226406932109967,0.0007393593696178868,4.901784365074491e-06,0.00265576591482386,0.08007590845227242,0.010256815732436222,0.006090009002946317,0.012747031955837365,0.006803628173656762,0.4016086310148239,0.24084226973354816
1032,0.001447656805902889,0.0011034128183382563,0.0007212104137579445,4.858329617718482e-06,0.0026322223857278004,0.07991104573011398,0.010246251824150272,0.006094474112614989,0.012749338620043566,0.006778622977435589,0.4017539918422699,0.24083251878619194
1033,0.0014467594242909363,0.0016390434466302395,0.0008517070273228455,8.837996460897557e-06,0.004788389051100239,0.07988012954592705,0.01024426980645716,0.006090690265409648,0.012791147089845207,0.006826747441664338,0.4043932259082794,0.24213667772710323
1034,0.0014458615424523074,0.0016999063736875542,0.0010092026423080824,8.236906950287448e-06,0.00446272105909884,0.07949832640588284,0.01021975801536415,0.006084882305003703,0.01277581510736561,0.006798083311878145,0.40342435985803604,0.24146134313195944
1035,0.0014449631613716394,0.0015363673228421248,0.000986155566351954,6.897828797036709e-06,0.0037372143560787663,0.08010932803153992,0.010258955968048766,0.006101692444644868,0.012767260477429064,0.006820026086643338,0.4028842821717262,0.24149680510163307
1036,0.001444064282034118,0.0014539212279487401,0.000938209515879862,6.490947811244041e-06,0.0035167679452570155,0.07993345707654953,0.010247688629362593,0.006088196183554828,0.012766279228439184,0.006802053423598409,0.4028223529458046,0.24137790501117706
1037,0.001443164905425474,0.001389431199640967,0.0008893724443623796,6.256354225797622e-06,0.0033896661188919097,0.0796872191131115,0.010231892230517558,0.006099585443735123,0.012737449823009773,0.006802272982895374,0.4010050669312477,0.2403461430221796
1038,0.0014422650325319846,0.0013771616213489324,0.0008857105058268644,6.170158883378463e-06,0.003342965923366137,0.07969309575855732,0.010232269731829904,0.006081323372200131,0.0126692531391237,0.006730414344929159,0.39672258496284485,0.23820784036070108
1039,0.0014413646643404708,0.0014162118750391528,0.0009352747911179904,6.164610965697648e-06,0.0033399600215489045,0.07977621629834175,0.010237604548612155,0.006101505248807371,0.012774803901904068,0.006799184717237949,0.4033605009317398,0.24156835861504078
1040,0.0014404638018382962,0.0016078491971711628,0.0010601964058878366,7.0108708882798965e-06,0.0037984601949574426,0.07971886731684208,0.010233924013529249,0.006131477537564933,0.01280223683840634,0.0068587904097512364,0.4050947204232216,0.24240679387003183
1041,0.001439562446013367,0.0017058810553862713,0.0011087192397098988,7.557327990070917e-06,0.004094528208952397,0.07948261313140392,0.010218748064261509,0.006084440508857369,0.0127227291152892,0.006778513081371784,0.4000786989927292,0.23978065606206656
1042,0.0014386605978541312,0.0017809925775509328,0.0012551748950500041,7.169238671167477e-06,0.00388426314748358,0.07950530759990215,0.010220206801046731,0.006077045574784279,0.012720758384590495,0.0067805551225319505,0.39995478093624115,0.23973004426807165
1043,0.0014377582583495752,0.0019148774081259035,0.0011769713964895345,8.982169561022602e-06,0.004866501258220524,0.08010273426771164,0.010258533701647341,0.006084653199650347,0.012760346244547542,0.006854087579995394,0.40244802832603455,0.2412753812968731
1044,0.0014368554284892251,0.001988202457141597,0.001193686097394675,9.535452250020171e-06,0.005166267539607361,0.07977188564836979,0.01023732630226039,0.00609526876360178,0.0127194452048721,0.0067964522168040276,0.39987221360206604,0.23982204962521791
1045,0.0014359521092631442,0.0022553029921255074,0.0013754488099948503,1.0658480562142358e-05,0.005774719553301111,0.08009395562112331,0.010257971509807697,0.006144877290353179,0.01276633835912564,0.006866355775855482,0.40282608568668365,0.24146002065390348
1046,0.0014350483016619335,0.002378989040153101,0.0015826445596758276,1.0270229836351064e-05,0.005564366729231551,0.0800387654453516,0.01025443673535566,0.006111766793765128,0.01277159462407521,0.006846547708846629,0.4031578600406647,0.24159831274300814
1047,0.0014341440066767282,0.0021853052749065682,0.0014534528236254118,9.436608877422259e-06,0.005112714658025652,0.08069498278200626,0.010296387675205652,0.006107481895014644,0.012781737780121953,0.006864935741759837,0.4037984684109688,0.24224672559648752
1048,0.001433239225299199,0.0021046789988758974,0.0013688483595615253,9.317166643540986e-06,0.005048001301474869,0.07996097020804882,0.010249452141543694,0.006098787300288677,0.012625127741180983,0.00671665626578033,0.39396392554044724,0.23696244787424803
1049,0.0014323339585215493,0.001978289699763991,0.0011953046123380773,9.432022807231988e-06,0.005110229903948493,0.0790071077644825,0.010188135439670145,0.006064013345167041,0.012677516494055784,0.006762803997844458,0.3972402587532997,0.2381236832588911
1050,0.0014314282073365151,0.001864234553067945,0.001138523093686672,8.798666584652892e-06,0.004767080157762393,0.07942569255828857,0.010215088602917645,0.006088492693379521,0.012628084285440749,0.0067008547484874725,0.39414846897125244,0.2367870807647705
1051,0.0014305219727373643,0.0018385535367997363,0.0011957119568251073,8.139450500266321e-06,0.0044099197402829304,0.07902013510465622,0.010188975167816533,0.0060729943215847015,0.012672985255109489,0.006754105677828193,0.3969563618302345,0.23798824846744537
1052,0.0014296152557178932,0.0018425020898575895,0.0013011235423618928,7.397651330620647e-06,0.00400801605428569,0.07975948601961136,0.01023653114408346,0.0061053546378389,0.012678532015618095,0.006749364431016147,0.39730390161275864,0.238531693816185
1053,0.0014287080572724293,0.0016013862623367459,0.0010900380002567545,6.730911593422206e-06,0.0036467791796894744,0.0791634526103735,0.010198210913660325,0.006055643083527684,0.012642242419126357,0.0067325389245525,0.39503275603055954,0.23709810432046652
1054,0.001427800378395826,0.0015611177295795642,0.0009706842502055224,7.240462167601436e-06,0.0039228516252478585,0.07943067885935307,0.010215409121876165,0.00607107044197619,0.01270577983257118,0.006740681477822363,0.3990134447813034,0.23922206182032824
1055,0.001426892220083465,0.0014060660469112918,0.0009482340792601462,5.975302883598488e-06,0.003237393786548637,0.07963372021913528,0.01022845745757001,0.006082521285861731,0.012727331683532815,0.006795644178055227,0.40036822855472565,0.24000097438693047
1056,0.001425983583331253,0.0013329420253285207,0.0008660053754283581,5.907555703288381e-06,0.0032006885012378916,0.07921438664197922,0.010201491205783507,0.006044835434295237,0.012750005171980171,0.006814982159994543,0.40179602056741714,0.24050520360469818
1057,0.0014250744691356218,0.0012372518031043,0.0007892947251093574,5.59081513529236e-06,0.0030290799331851304,0.07893828861415386,0.010183697219073735,0.006057287100702524,0.012706774628854603,0.006783815682865679,0.3990759328007698,0.23900711070746183
1058,0.0014241648784935265,0.0011855876437039115,0.0007323255049414001,5.534624676784006e-06,0.0029986361478222534,0.07906438037753105,0.010191827602138846,0.006044657900929451,0.012653555823831406,0.006731086410582066,0.3957400843501091,0.23740223236382008
1059,0.0014232548124024445,0.0011434659973019734,0.0007386541437881533,5.099178395084891e-06,0.0027627132512861863,0.07985363155603409,0.010242570311758497,0.006095090531744063,0.012684548438636534,0.006755766691640019,0.3976810574531555,0.2387673445045948
1060,0.0014223442718603752,0.0011045784267480485,0.0007086459845595527,4.96184765097496e-06,0.0026883080136030912,0.07975868694484234,0.010236479523300342,0.006065118010155857,0.012671247671116001,0.006747806794010103,0.3968475013971329,0.2383030941709876
1061,0.001421433257865838,0.0011386085534468293,0.0006745153659721836,5.52787875562899e-06,0.00299498118693009,0.07958210073411465,0.010225141520899305,0.006075629265978932,0.012650624068518655,0.006720064324326813,0.39555674046278,0.23756942059844732
1062,0.0014205217714178715,0.001024654531647684,0.0006467996136052534,4.680867562001367e-06,0.002536074141971767,0.07849077135324478,0.010154789323260676,0.00601585500407964,0.012679043619432782,0.006720551522448659,0.3973359763622284,0.2379133738577366
1063,0.0014196098135160317,0.0009959938615793362,0.0006538478992297314,4.364334060369401e-06,0.0023645776382181793,0.07946212962269783,0.010217431186586133,0.006061197025701404,0.012665693699301494,0.006721240701153874,0.3964996933937073,0.23798091150820255
1064,0.001418697385160393,0.0009329396234534215,0.0006456944756791927,3.842628885308841e-06,0.0020819200290134177,0.07889282144606113,0.010180763803309076,0.006033552577719092,0.01269331845340598,0.006756381713785231,0.3982311487197876,0.23856198508292437
1065,0.0014177844873515446,0.0008425003397860564,0.000561848319193814,3.62702807876758e-06,0.0019651083857752383,0.07919351197779179,0.010200146688233103,0.006071578594855964,0.012703570502138379,0.006747940322384238,0.3988747000694275,0.23903410602360964
1066,0.001416871121090591,0.0007632352826476563,0.0005132127753313398,3.2545942190154165e-06,0.0017633252718951553,0.07929821126163006,0.010206887108230839,0.006052441080100834,0.012647520199169923,0.006723742699250579,0.3953626677393913,0.2373304395005107
1067,0.00141595728737915,0.0007184596179286018,0.0004846170158998575,3.0524971350587293e-06,0.0016538299823878333,0.07940700091421604,0.010213886389153314,0.006070514442399144,0.012676021615390382,0.006734307622537017,0.3971465975046158,0.2382767992094159
1068,0.0014150429872193527,0.0006274413135543,0.0004351363913883688,2.5778368240025884e-06,0.0013966609840281308,0.07934352196753025,0.010209802952328127,0.00606052263174206,0.012671558602037038,0.006740445387549698,0.396866999566555,0.23810526076704264
1069,0.0014141282216138414,0.0005968217956251465,0.000389808676118264,2.6299102984239653e-06,0.0014248741936171427,0.07929724268615246,0.010206824912065711,0.006060079438611865,0.012695553065505787,0.006760390242561698,0.3983713909983635,0.23883431684225798
1070,0.0014132129915657684,0.0006106041691964492,0.0003900338815583382,2.7554391692774516e-06,0.00149288526881719,0.07897287793457508,0.010185928178719841,0.006045834859833121,0.012716130406806572,0.006810312042944133,0.3996638059616089,0.23931834194809198
1071,0.0014122972980787957,0.0006791423293179832,0.0004250559359206818,3.1293856324055014e-06,0.001695487844699528,0.07936470210552216,0.010211165615406675,0.0060646620113402605,0.012678869739577141,0.006747266859747469,0.3973250389099121,0.23834487050771713
1072,0.0014113811421570936,0.0007093060048646294,0.0004413837905303808,3.2872069652967184e-06,0.0017809947894420475,0.07949136011302471,0.010219310455940232,0.006069761584512889,0.012701841111931256,0.00675482745282352,0.3987661078572273,0.23912873398512602
1073,0.0014104645248053393,0.0006626811118621845,0.00041595013863116037,3.0446988148469245e-06,0.0016496048992848955,0.07926409505307674,0.010204691300635484,0.006056169047951698,0.012689489108778528,0.006749936495907605,0.397990919649601,0.23862750735133886
1074,0.001409547447028716,0.000673159182042582,0.00043354127774364315,3.0115237166228326e-06,0.0016316307155648246,0.07934367470443249,0.010209812573021296,0.006061251391656697,0.01269150898195949,0.0067657261388376355,0.39811763912439346,0.23873065691441298
1075,0.0014086299098329126,0.0007206189729913604,0.0004567957075778395,3.2778257263998967e-06,0.001775911994627677,0.07971931248903275,0.0102339523632031,0.006086394423618913,0.012698000871986555,0.0067850734340026975,0.39852502197027206,0.2391221672296524
1076,0.0014077119142241205,0.0008596095722168684,0.0005159416232345393,4.123844504988483e-06,0.0022342813317663968,0.07934649661183357,0.010209994206443878,0.006064153276383877,0.012645104337108781,0.006727655767463148,0.3952116444706917,0.23727907054126263
1077,0.0014067934612090344,0.0008975286727945786,0.0005388617610151414,4.304567241320001e-06,0.002332196294446476,0.07944589294493198,0.010216387354778445,0.006073063937947154,0.012697100083650294,0.006799896247684956,0.3984684646129608,0.2389571787789464
1078,0.001405874551794851,0.0011965313278778922,0.0006316429644357413,6.378943453455577e-06,0.0034560845815576613,0.07945617288351059,0.01021704815204565,0.006094752810895443,0.012689528958945531,0.006776556605473161,0.39799340814352036,0.23872479051351547
1079,0.001404955186989267,0.0012258754359208979,0.0007349771149165463,5.886846821567815e-06,0.0031894685089355335,0.07932724617421627,0.010208755846033288,0.0060743039939552546,0.012714573829881627,0.006777529837563634,0.3995659872889519,0.23944661673158407
1080,0.0014040353678004783,0.001267148691113107,0.00078421436046483,5.904228146391688e-06,0.0031988858099794015,0.07943363673985004,0.01021559929170466,0.00606362079270184,0.012632016916134256,0.00669439323246479,0.3943939879536629,0.23691381234675646
1081,0.00140311509523718,0.0013768054341198877,0.0008213394503400195,6.642114271926403e-06,0.003598669238272123,0.07929072342813015,0.010206405479033386,0.0060558749828487635,0.012627755142487575,0.006713776383548975,0.39412790536880493,0.23670931439846754
1082,0.0014021943703085636,0.0014739490143256262,0.0009391208332090173,6.669047735385902e-06,0.00361326162237674,0.07939665205776691,0.010213220667632243,0.006130511872470379,0.01267444705264781,0.006753166555427015,0.3970479369163513,0.23822229448705912
1083,0.0014012731940243163,0.0014614982283092104,0.0009136373519140761,6.7422853362586466e-06,0.003652941624750383,0.07917197234928608,0.010198759723627672,0.006071368465200067,0.012687407982068927,0.006749789114110172,0.3978603780269623,0.23851617518812418
1084,0.001400351567394622,0.001477828853239771,0.0008828032696328592,7.120637150137554e-06,0.0038579310348723084,0.07916081510484219,0.010198040931752403,0.00605771888513118,0.01265546069813222,0.006728563224896789,0.3958592638373375,0.23751003947108984
1085,0.0013994294914301563,0.0014740313126822002,0.0009147025157290045,6.850084133702694e-06,0.003711346391355619,0.07945089414715767,0.010216708723195729,0.006054261466488242,0.012672599289459532,0.006731285131536424,0.3969321623444557,0.2381915282458067
1086,0.0013985069671420887,0.0014841872616671026,0.0009488598625466693,6.691629778288188e-06,0.0036254966689739376,0.0790075771510601,0.010188165523610801,0.0060363010270521045,0.012682801395365635,0.006728806649334729,0.39757151901721954,0.23828954808413982
1087,0.0013975839955420806,0.0015363265338237397,0.000927173750824295,7.332906363899383e-06,0.003972937498474494,0.07960919290781021,0.010226881619051787,0.006114249583333731,0.012661894644288303,0.006715011550113559,0.39626186341047287,0.23793552815914154
1088,0.0013966605776422835,0.0014972546487115324,0.0009455805957259145,6.836433527723784e-06,0.0037039507587905973,0.07903929799795151,0.010190210933963733,0.006035248748958111,0.01262051989700908,0.006751277483999729,0.39367639273405075,0.23635784536600113
1089,0.001395736714455338,0.0019317389451316558,0.0010104440480063204,1.036722480307617e-05,0.005616918409941718,0.0794019103050232,0.010213559143828035,0.006101685808971524,0.012714028317662317,0.006849517580121756,0.3995317071676254,0.2394668087363243
1090,0.0013948124069943738,0.002652554423548281,0.001310407831624616,1.4804730938067223e-05,0.008021140412893146,0.0790375154465437,0.010190095709234239,0.006053579272702336,0.012709470165408084,0.006818166468292475,0.3992452695965767,0.2391413925215602
1091,0.0013938876562730068,0.00223437122622272,0.0012776201401720755,1.1187565405634814e-05,0.006061375344870612,0.07941937260329723,0.010214681885495142,0.0060788486152887344,0.012800307053991685,0.006849055411294103,0.4049726128578186,0.24219599273055792
1092,0.0013929624633053398,0.0019127662089886144,0.0011126897734357044,9.437268374767882e-06,0.005113071732921526,0.07867388427257538,0.010166627504949002,0.006026405957527459,0.01266384408437848,0.006738204858265817,0.3963838964700699,0.23752889037132263
1093,0.0013920368291059607,0.0015766883152537048,0.0010421824008517433,6.856295840407256e-06,0.003714711870998144,0.07853232324123383,0.010157477294375107,0.006040248437784612,0.012668311394980786,0.006738104624673724,0.3966635838150978,0.23759795352816582
1094,0.0013911107546899404,0.0014432556272367947,0.0009236735750164371,6.499836246121049e-06,0.0035215836396673694,0.0787611547857523,0.010172264711679,0.006040840060450137,0.012698256714018693,0.006745025864802301,0.39854106307029724,0.23865110892802477
1095,0.0013901842410728332,0.001286773222091142,0.0008377402446058113,5.690160776339326e-06,0.003082904950133525,0.07895569503307343,0.010184819859259274,0.006050318479537964,0.01264766056848961,0.006726352847181261,0.3953714370727539,0.23716356605291367
1096,0.0013892572892706748,0.0011107347745564766,0.000726280686649261,4.88846762891626e-06,0.0026485510170459747,0.07906315289437771,0.010191748180324615,0.006066761212423444,0.012700814278017777,0.006755330599844456,0.39870163053274155,0.23888239171355963
1097,0.0013883299002999817,0.0010854799475055188,0.0007025445120234508,4.830642467368307e-06,0.0026172215584665537,0.07868927717208862,0.010167622149134163,0.006021082401275635,0.012608080001137044,0.006698316195979714,0.3929006904363632,0.23579498380422592
1098,0.0013874020751777495,0.0009383963515574578,0.00062316399635165,4.0593260024479605e-06,0.00219932558684377,0.07886738888919353,0.010179122683336445,0.006040973821654916,0.012725423702319792,0.006777923437766731,0.4002481997013092,0.23955779429525137
1099,0.0013864738149214518,0.000920218626561109,0.0005782542430097237,4.223133927894196e-06,0.0022880761098349467,0.07959913834929466,0.010226235954007202,0.006066356785595417,0.012651765538324403,0.006733449758030474,0.39562810957431793,0.2376136239618063
1100,0.0013855451205490405,0.000884977460373193,0.0005773786033387296,3.904373485852375e-06,0.00211537278664764,0.0787713024765253,0.010172920149877678,0.006030091200955212,0.01267426220234019,0.006741273449733853,0.3970363438129425,0.2379038231447339
1101,0.0013846159930789425,0.0007659493312530685,0.000503851017128909,3.3487574739865522e-06,0.001814342540455982,0.07911378517746925,0.010195011193354678,0.006046355119906366,0.012622956459502408,0.006693715695291758,0.3938284143805504,0.23647109977900982
1102,0.0013836864335300602,0.0007449547701980919,0.00046128850954119116,3.469240439812893e-06,0.0018796197618939914,0.07882976159453392,0.010176694155146571,0.006041457178071141,0.01264405707083971,0.00671025097835809,0.3951461762189865,0.23698796890676022
1103,0.0013827564429217693,0.0007231906856759451,0.0004543764534901129,3.3194196760177874e-06,0.0017984475562116131,0.07943726889789104,0.010215832636643154,0.006053485092706978,0.012652095494347775,0.006719535915181041,0.395648755133152,0.23754301201552153
1104,0.0013818260222739189,0.0007591441972181201,0.0005062163872935344,3.26849263387885e-06,0.001770855400536675,0.07943202741444111,0.01021549557123988,0.006110853981226683,0.012697487883154807,0.006745748338289559,0.39849279820919037,0.23896241281181574
1105,0.001380895172606829,0.0007236691853904631,0.00045906197556178086,3.2892432386688597e-06,0.0017820979555835947,0.07916046679019928,0.01019801845754202,0.0060529549373313785,0.012719906113074856,0.00679820345249027,0.3999011814594269,0.23953082412481308
1106,0.0013799638949412905,0.0007457084284396842,0.0004500825616560178,3.5589276450309626e-06,0.0019282118446426466,0.07881845533847809,0.010175964688219128,0.006069493480026722,0.01267157209563465,0.006749384687282145,0.3968678265810013,0.23784314095973969
1107,0.0013790321902985635,0.0008056100959947798,0.0004688708922913065,3.973022785430658e-06,0.0021525668853428215,0.07946990802884102,0.010217931077136566,0.006050408002920449,0.012630948979339147,0.006706107524223626,0.3943272978067398,0.2368986029177904
1108,0.0013781000597003765,0.0009357812232337892,0.0005037119026383152,4.917090066669516e-06,0.0026640583892003633,0.07897511310875416,0.01018607220139082,0.006059717619791627,0.01261667508894714,0.0067170277470722795,0.39343657344579697,0.23620584327727556
1109,0.001377167504168925,0.000950601610384183,0.0005847969896422001,4.4552215427984265e-06,0.0024138200969900936,0.0791303887963295,0.01019608085170793,0.006068999180570245,0.012650405511097132,0.006717750336974859,0.39554306864738464,0.23733672872185707
1110,0.00137623452472687,0.0010556759225437418,0.0006602421235584188,4.867906596928151e-06,0.002637411074829288,0.07906646467745304,0.010191961814674454,0.006044779438525438,0.01264880359999655,0.006729348911903799,0.3954429253935814,0.23725469503551722
1111,0.0013753011223973386,0.001144842230132781,0.0006687716304440983,5.627811901831592e-06,0.0030491246143355966,0.07886051572859287,0.010178679413164733,0.006045455578714609,0.012706361487918788,0.0067800761898979545,0.3990499898791313,0.2389552528038621
1112,0.0013743672982039206,0.0012013000596198253,0.0007269045345310587,5.719650090441064e-06,0.0030988820653874427,0.07890910282731056,0.0101818144136074,0.006047661299817264,0.01265718794643079,0.006725470186211169,0.3959673345088959,0.23743821866810322
1113,0.0013734330531706685,0.0010990442351612728,0.0006829144222137984,5.100747557662544e-06,0.0027635633741738275,0.07885008119046688,0.010178006027304093,0.006040475331246853,0.012701851279606543,0.006748280138708651,0.39876673370599747,0.23880840744823217
1114,0.0013724983883220967,0.001043962845869828,0.0006613541481783614,4.751601522912097e-06,0.002574397512944415,0.07882481627166271,0.010176374919255132,0.006044204346835613,0.012692716710246304,0.006767116952687502,0.398193396627903,0.23850910644978285
1115,0.0013715633046831798,0.0009776025399332866,0.0006275723644648679,4.388596835269709e-06,0.0023777231544954702,0.07854987867176533,0.010158612411811173,0.0060194379184395075,0.012602233043781016,0.006669400725513697,0.39253637939691544,0.23554312903434038
1116,0.001370627803279352,0.0009230943323927931,0.0005894675341551192,4.166886668599545e-06,0.00225760143075604,0.07924940623342991,0.010203745906316078,0.006048053270205855,0.0126159843351042,0.006691260612569749,0.39339349418878555,0.23632145021110773
1117,0.0013696918851365048,0.000892488951649284,0.0005419227618403966,4.2354588600801435e-06,0.0022947536344872788,0.07869332656264305,0.010167883876724713,0.006035546655766666,0.01267429320226937,0.006732867797836661,0.3970383033156395,0.23786581493914127
1118,0.0013687555512809872,0.00085136663983576,0.0005304758869897341,3.940469511576339e-06,0.002134929622116033,0.07876484654843807,0.010172503431612955,0.006028930773027241,0.012647616990886006,0.006741296034306288,0.3953687399625778,0.23706679325550795
1119,0.0013678188027396042,0.0009732837388582993,0.0006559018402185757,4.13958821354754e-06,0.002242811198811978,0.0791049525141716,0.010194442019072577,0.006086465087719262,0.012658373370953022,0.006734963622875512,0.39604151248931885,0.23757323250174522
1120,0.0013668816405396156,0.0010836162873602007,0.0006874561040604021,4.924839231534861e-06,0.0026682569878175855,0.07910304516553879,0.010194319080391513,0.006050021038390696,0.01263168542761765,0.0067203695653006434,0.3943732976913452,0.236738171428442
1121,0.0013659440657087343,0.00115189264761284,0.000773601666878676,4.918931921338299e-06,0.0026650564977899194,0.07907378859817982,0.010192433775440365,0.006057795137166977,0.01266768893532168,0.0067366547882556915,0.3966246247291565,0.23784920666366816
1122,0.0013650060792751268,0.0011667654325719923,0.0007612354929733556,5.147484046119644e-06,0.002788885059999302,0.07867449894547462,0.010166667492971774,0.006054171826690435,0.012656102012207649,0.006738692754879594,0.3958993926644325,0.23728694580495358
1123,0.0013640676822674093,0.0011511856791912578,0.0007603485100844409,5.010253971704515e-06,0.002714534362894483,0.07874647341668606,0.010171316750490739,0.006054815254174173,0.01270593287221042,0.006756403599865735,0.39902306348085403,0.23888476844877005
1124,0.0013631288757146498,0.0011076048103859648,0.0007225748377095442,4.886942207349421e-06,0.002647724497364834,0.07852536253631115,0.01015702672198253,0.006024465663358569,0.01261283458912037,0.006705478299409151,0.39319706708192825,0.2358612148091197
1125,0.0013621896606463644,0.0011845974731841125,0.0007728495438641403,5.226303699146229e-06,0.002831589081324637,0.07885001786053181,0.010178001916797122,0.006037136539816856,0.012648539567167265,0.00674364750739187,0.3954263925552368,0.2371382052078843
1126,0.001361250038092518,0.001174172375613125,0.000765910001064185,5.181328518233386e-06,0.0028072217683074996,0.07856647856533527,0.01015968554431604,0.006049863644875586,0.012609178870951332,0.006693274597637355,0.39296919107437134,0.2357678348198533
1127,0.0013603100090835215,0.001231209418619983,0.0007594799244543537,5.755171230248379e-06,0.003118127307971008,0.07880998775362968,0.010175417955922063,0.006022095680236816,0.012647183363976543,0.0067142953630536795,0.395341619849205,0.23707580380141735
1128,0.0013593695746502322,0.0012297204011701979,0.0007929061830509454,5.494648405601765e-06,0.002976977193611674,0.07880106940865517,0.010174842322411799,0.006055857054889202,0.01262647464437343,0.006707735126838088,0.3940479978919029,0.23642453365027905
1129,0.0013584287358239517,0.0011574496747925878,0.0007097821253410075,5.441385809490384e-06,0.0029481197125278413,0.07814735732972622,0.010132550270395401,0.006021887180395424,0.01261931491674468,0.006743758101947606,0.3936012387275696,0.2358742980286479
1130,0.0013574874936364255,0.0011399616414564662,0.0007671986822970212,4.856098428263067e-06,0.002631013368954882,0.07935636676847935,0.010210629497148726,0.006071895943023264,0.012647000416422954,0.006726404302753508,0.39533016830682755,0.23734326753765345
1131,0.0013565458491198404,0.001063338277162984,0.0007128227480279747,4.550423824412064e-06,0.0024654002336319536,0.07860000617802143,0.010161853218078382,0.006018443265929818,0.012620010244755755,0.006692088441923261,0.3936446085572243,0.23612230736762285
1132,0.0013556038033068255,0.0010869717552850489,0.0006867616903036833,4.960931704545146e-06,0.0026878118369495496,0.07875308766961098,0.010171744068210378,0.006037236307747662,0.012627405823842607,0.006693706847727299,0.39410610496997833,0.23642959631979465
1133,0.0013546613572304495,0.0010504938072699588,0.0006645502580795437,4.78827665517656e-06,0.002594267964013852,0.07930844463407993,0.010207545847500726,0.006058175349608064,0.012672406948153487,0.006730921799317002,0.3969200998544693,0.23811427224427462
1134,0.0013537185119242197,0.0010782127574202605,0.0006801865965826437,4.928642113100068e-06,0.0026703173061832786,0.07884971611201763,0.010177982079109704,0.006033898680470884,0.012594130586628383,0.0066902817925438285,0.3920317739248276,0.2354407450184226
1135,0.0013527752684220824,0.001175739489553962,0.0007041483950160909,5.651768020698e-06,0.003062103845877573,0.07866141200065613,0.010165821717245872,0.0060481574619188905,0.012653323947761783,0.006732067442499101,0.3957256078720093,0.2371935099363327
1136,0.001351831627758419,0.0012190546622150578,0.0007333787580137141,5.835701500700452e-06,0.0031617582571925595,0.07856974564492702,0.0101598968092386,0.0060282256454229355,0.012692677873258625,0.006791563704609871,0.3981909900903702,0.2383803678676486
1137,0.0013508875909680471,0.0012089079027646221,0.000733606553694699,5.740379236840454e-06,0.003110113204456866,0.0794866718351841,0.010219009283426048,0.006085079628974199,0.012766852570825651,0.00681546179112047,0.40285852551460266,0.24117259867489338
1138,0.0013499431590862196,0.0011053471607738174,0.0007132752652978525,4.9347647745889844e-06,0.002673634633538313,0.07925661839544773,0.010204210013444763,0.006039305706508458,0.012658354977530267,0.006739939097315073,0.3960403501987457,0.23764848429709673
1139,0.0013489983331486212,0.001166207752248738,0.0007494538185710553,5.22931998148124e-06,0.002833223348716274,0.07905895262956619,0.010191477427600954,0.006071559502743185,0.012690618626166683,0.0067698819329962134,0.39806176722049713,0.23856035992503166
1140,0.0013480531141913696,0.0012272573221707717,0.0008009079429029953,5.412841801444301e-06,0.00293265470827464,0.07905242219567299,0.010191056738201953,0.006059552659280598,0.01264318409085505,0.0067230117274448276,0.39509161561727524,0.2370720189064741
1141,0.0013471075032510135,0.0015059276338433847,0.0008941426676756237,7.296231871123382e-06,0.003953067396651022,0.07847694680094719,0.01015389481689838,0.006048676441423595,0.012669212794453764,0.006717012031003833,0.3967200294137001,0.23759848810732365
1142,0.0013461615013645306,0.0015961558819981292,0.0009600566409062594,7.642275988928304e-06,0.00414055265719071,0.07864740304648876,0.01016491646065243,0.006020578206516802,0.012667386668791728,0.006742400233633816,0.3966056853532791,0.23762654419988394
1143,0.0013452151095693285,0.0017279720195801929,0.0010363008914282545,8.295850193462684e-06,0.0044946564303245395,0.07827221788465977,0.010140641749143912,0.006044666399247944,0.0126159654473358,0.0066960593685507774,0.39339231699705124,0.2358322674408555
1144,0.001344268328903242,0.0016957080079009756,0.0010652397031662986,7.784448513348252e-06,0.004217581052216701,0.07912168279290199,0.010195519944034026,0.006046612630598247,0.012652280524744146,0.006703650928102434,0.39566031843423843,0.2373910006135702
1145,0.0013433211604045316,0.001540767574624624,0.0010110062394232955,6.754967614597263e-06,0.0036598128062905744,0.07794495299458504,0.010119419791726477,0.006003418820910156,0.012646369572250942,0.006734779221005738,0.3952907398343086,0.23661784641444683
1146,0.001342373605111884,0.0015333670162362978,0.0009587565873516724,7.072423102272296e-06,0.0038318086590152234,0.07891407236456871,0.010182134997440993,0.00606125476770103,0.012673837524379861,0.006768626859411597,0.3970097303390503,0.2379619013518095
1147,0.0013414256640644094,0.001482623651099857,0.0010017773129220586,6.286518271281238e-06,0.003406008894671686,0.07869347371160984,0.010167893268737913,0.0060463628033176064,0.012641646302509814,0.006726488703861833,0.3949955180287361,0.23684449587017298
1148,0.0013404773383016422,0.0013675900481757708,0.0009428988014406059,5.659614345177033e-06,0.003066354925977066,0.07893158867955208,0.010183265222806739,0.006044340552762151,0.012638227045804468,0.006704001105390489,0.3947818726301193,0.2368567306548357
1149,0.0013395286288635372,0.00137360500957584,0.0009665912766649853,5.5402054783826316e-06,0.00300165984663181,0.07887338474392891,0.010179509825305936,0.006032878649421036,0.012686963528329556,0.0067566231591627,0.3978325054049492,0.23835294507443905
1150,0.001338579536790471,0.001297136943321675,0.0008814564389467705,5.463053128096362e-06,0.0029598588589578867,0.07940426841378212,0.010213710434874778,0.006060793297365308,0.012642900517643151,0.00674180977512151,0.39507389068603516,0.23723907954990864
1151,0.0013376300631232389,0.00143724095687503,0.000856576985825086,6.939694031871113e-06,0.003759896775591187,0.0789928287267685,0.010187214756710689,0.0060511043993756175,0.012578974500395987,0.006689356407150626,0.3910887986421585,0.2350408136844635
1152,0.0013366802089030555,0.0013865389046259224,0.0009024039572977927,6.133452586709609e-06,0.0033230785629712045,0.07913465239107609,0.010196355317708372,0.006069142604246736,0.01266724594367108,0.0067248784471303225,0.39659687876701355,0.23786576557904482
1153,0.0013357299751715528,0.0012037320666422602,0.0008139426936395466,5.09950379523616e-06,0.0027628895040834323,0.07852155528962612,0.010156780474648817,0.006054278113879263,0.012650004477165362,0.006732413079589605,0.395517997443676,0.23701977636665106
1154,0.001334779362970778,0.001136788967414759,0.0007461810491804499,4.9819891501101665e-06,0.0026992206112481654,0.0784157570451498,0.010149935812206091,0.006013287464156747,0.012654250276584336,0.006732169073075056,0.39578355103731155,0.23709965404123068
1155,0.0013338283733431943,0.0009874329662125092,0.0006377774116117507,4.403975168543184e-06,0.0023860550718382,0.07784165069460869,0.010112711817450232,0.006018223939463496,0.012628770632536302,0.006709218840114772,0.39419130980968475,0.23601648025214672
1156,0.0013328770073316781,0.0009693696774775162,0.0006451692606788129,4.18270408886201e-06,0.002266171279188711,0.07913991995155811,0.010196694710524597,0.0060614392859861255,0.012629470336884925,0.00672600232064724,0.3942349776625633,0.23668744880706072
1157,0.0013319252659795193,0.0009034881659317762,0.0005890772099519381,3.988831352330635e-06,0.0021611319680232555,0.0786054078489542,0.010162202444471503,0.006037465762346983,0.012609881249181422,0.00670830684248358,0.39301298558712006,0.23580919671803713
1158,0.0013309731503304185,0.0007697943910898175,0.00048705747576605063,3.5082261149455007e-06,0.0019007419687113725,0.07862659357488155,0.010163571578992666,0.006034056190401316,0.012649838394492696,0.006740121403709054,0.3955076113343239,0.23706710245460272
1159,0.0013300206614284878,0.0006653012278547976,0.0004254806281096535,2.998516535512863e-06,0.0016245835504378192,0.0785528440028429,0.01015880382391297,0.006021340959705412,0.012615053177710285,0.006696836557239294,0.39333542436361313,0.23594413418322802
1160,0.0013290678003182476,0.0006331565309665166,0.0004132166741328547,2.79240994416341e-06,0.001512915885541588,0.07852636650204659,0.010157091730282551,0.006033089943230152,0.012603578352603955,0.006693865871056914,0.39262018352746964,0.2355732750147581
1161,0.0013281145680446272,0.0005894106325285975,0.0003758811126317596,2.664340982505564e-06,0.0014435286793741398,0.07882041670382023,0.010176091066165792,0.006042344146408141,0.012626132349510657,0.006709189037792385,0.39402661472558975,0.236423515714705
1162,0.0013271609656529625,0.0005584418795478996,0.00034767596480378415,2.586778364843667e-06,0.001401505469402764,0.078360166400671,0.01014633740560415,0.006019108230248094,0.012618863740222754,0.0067006663884967566,0.3935730755329132,0.2359666209667921
1163,0.0013262069941889956,0.000557889381525456,0.00034924600913655013,2.570088149411731e-06,0.0013924628074164502,0.07859411276876926,0.010161471937220064,0.006018361891619861,0.01263135738654265,0.006710537942126393,0.39435281604528427,0.23647346440702677
1164,0.001325252654698873,0.0005532179384317715,0.00034944588151120115,2.5255016709024858e-06,0.0013683060751645826,0.07847804576158524,0.010153966383890052,0.006026753457263112,0.012607299034122619,0.006700746947899461,0.3928520157933235,0.23566503077745438
1165,0.0013242979482291453,0.0005485668662004173,0.00035756462420977186,2.422639497012824e-06,0.0013125757832312956,0.07849681004881859,0.010155180079672477,0.006028702831827104,0.01256966959672385,0.0066809895215556026,0.3905104100704193,0.23450361005961895
1166,0.001323342875826765,0.0005722544628952164,0.0003498869664326776,2.697925097550069e-06,0.001461724386899732,0.07863282226026058,0.010163974346318118,0.0060308026149868965,0.012629714172869339,0.0066956557566300035,0.39425022155046463,0.2364415219053626
1167,0.001322387438539086,0.0006307223229669034,0.0003705746494233608,3.0847655807519914e-06,0.0016713129662093706,0.07841109111905098,0.010149633566816368,0.006013254169374704,0.012620421023774937,0.00668486300855875,0.3936702385544777,0.23604066483676434
1168,0.0013214316374138627,0.0006552980448759627,0.0004242902323312592,2.9149900342417823e-06,0.0015793292550370097,0.07870155945420265,0.010168415719351362,0.0060257179429754615,0.01262605052007147,0.0066904169507324696,0.39402151107788086,0.23636153526604176
1169,0.0013204754734992474,0.0006054813093214761,0.0003951570797653403,2.6703386595272605e-06,0.0014467781875282526,0.07892780192196369,0.01018302094969889,0.006051230011507869,0.012640401028810892,0.006718325661495328,0.39491766691207886,0.23692273441702127
1170,0.0013195189478437922,0.0005694391766155604,0.00036186023135087453,2.5835472001745075e-06,0.0013997548594488762,0.07890301011502743,0.010181421195579179,0.0060401816153898835,0.012609287641879935,0.0066872924799099565,0.39297595620155334,0.2359394831582904
1171,0.001318562061496444,0.0006059720471967012,0.00037907998739683535,2.7935624444808127e-06,0.0015135402136365883,0.07840199582278728,0.010149045269147797,0.006026749964803457,0.012598550715314632,0.006689220783300698,0.39230702817440033,0.2353545119985938
1172,0.0013176048155065462,0.0005752283432229888,0.0003606724403653061,2.645742100071402e-06,0.0014334518928080797,0.07826532237231731,0.010140195272046276,0.0060227575013414025,0.01261826060877567,0.0066944832215085626,0.39353546500205994,0.23590039368718863
1173,0.0013166472109238363,0.0005995818683004472,0.00038578487874474376,2.685088929865742e-06,0.0014547697574016638,0.07834293693304062,0.010145221892310893,0.006021324195899069,0.012586505327118766,0.006684680702164769,0.3915572017431259,0.23495006933808327
1174,0.0013156892487984457,0.0006308536503638607,0.0004109825185878435,2.787652306324162e-06,0.0015103381301742047,0.07873259298503399,0.010170420120725797,0.006050221621990204,0.012586248225157935,0.006687573972158134,0.3915411904454231,0.23513689171522856
1175,0.001314730930180897,0.0006912615281180479,0.0004551955353235826,3.0187120358959874e-06,0.0016355254556401633,0.07812840305268764,0.010131321475313315,0.006009255303069949,0.01263462229732319,0.006715871044434607,0.3945566788315773,0.23634254094213247
1176,0.0013137722561221037,0.0006933785516594071,0.00046889598888810724,2.9371008878342764e-06,0.0015913087627268396,0.07883637398481369,0.01017712115771275,0.0060432093450799584,0.012593551258483578,0.006685417494736612,0.39199572056531906,0.23541604727506638
1177,0.0013128132276733699,0.0007427148993883748,0.0004809360580111388,3.303514645836003e-06,0.0017898302248795517,0.0786876268684864,0.010167515792422591,0.006031656987033784,0.012656187384153963,0.006750694126822054,0.3959047198295593,0.23729617334902287
1178,0.001311853845886388,0.0007833629060769454,0.0004746535614685854,3.7250205764394195e-06,0.002018200255406555,0.07811286300420761,0.010130313660548748,0.00599820539355278,0.012640361599375642,0.006706105312332511,0.39491522312164307,0.23651404306292534
1179,0.001310894111813237,0.0008051712356973439,0.0005092158389743418,3.6711118127641384e-06,0.001988992764381692,0.07824800163507462,0.010139072893555064,0.0060344296507537365,0.012601000042647248,0.006670009926892817,0.39245956391096115,0.23535378277301788
1180,0.0013099340265063837,0.0008388400710828137,0.0005335402638593223,3.8022432988782384e-06,0.002060039223579224,0.07875729911029339,0.010172016061476634,0.006035326747223735,0.012569944981760015,0.0066636481788009405,0.39052753895521164,0.23464241903275251
1181,0.0013089735910186793,0.0009744149283505976,0.0005755353013228159,4.743361841974547e-06,0.002569933349150233,0.07826541922986507,0.010140201640178429,0.006038462743163109,0.012606128430796157,0.006724418140947819,0.39277906715869904,0.23552224319428205
1182,0.0013080128064033583,0.0010557250534475315,0.0005931490613875212,5.3636985342109256e-06,0.0029060290107736364,0.0786165501922369,0.010162922876176969,0.006025040056556463,0.012651825060439268,0.006725705577991903,0.3956318497657776,0.23712419997900724
1183,0.00130705167371404,0.0011600227880990133,0.0006789577164454386,5.692704434068219e-06,0.0030842830310575664,0.07805260084569454,0.010126405522409196,0.00600207457318902,0.012571449435531732,0.006668630172498524,0.39062100648880005,0.2343368036672473
1184,0.0013060901940047233,0.0012875889078713953,0.0007261783866852056,6.52133374501318e-06,0.0035332309344084933,0.07836173661053181,0.010146438964649429,0.006026213639415801,0.012631046186059309,0.006721176207065582,0.3943333849310875,0.23634756077080965
1185,0.001305128368329789,0.0013289012131281197,0.0007847475426387973,6.470179670259313e-06,0.0035055157932220027,0.0786484107375145,0.010164981776388355,0.006052853888832033,0.012689550890818585,0.006788247497752309,0.3979947939515114,0.23832160234451294
1186,0.001304166197743997,0.0013038055985816754,0.0007768272735120263,6.297057069559742e-06,0.0034117187606170774,0.07840893045067787,0.010149494045229262,0.006050869589671493,0.012653738532855873,0.0067514097318053246,0.39575155079364777,0.23708024062216282
1187,0.0013032036833024849,0.0012282298848731443,0.0007828356792742852,5.555242438504138e-06,0.003009806663612835,0.07870127633213997,0.010168397562384298,0.006042186403647065,0.012562434345145411,0.0066816064063459635,0.3900609612464905,0.23438111878931522
1188,0.001302240826060768,0.0011887236760230735,0.0007629821266164072,5.337232096280786e-06,0.0028916897135786712,0.07828138023614883,0.010141235556544448,0.0060595241375267506,0.012608517425407913,0.006672513321973383,0.39292796701192856,0.2356046736240387
1189,0.0013012776270747378,0.0011904838102054782,0.0007516847290389705,5.436883071752163e-06,0.00294568004028406,0.07852285541594028,0.01015686455759145,0.006021285196766257,0.012595288874141849,0.006689094821922481,0.3921038880944252,0.23531337175518274
1190,0.0013003140874006595,0.0011284377105766907,0.0007395587999781128,4.953809707330947e-06,0.002683953251107596,0.07788505405187607,0.010115531091276303,0.006008036667481065,0.012609071397427894,0.006726760766468942,0.3929624930024147,0.23542377352714539
1191,0.0012993502080951725,0.001105234998249216,0.0006900085500092246,5.105504470748201e-06,0.002766140692983754,0.07837096601724625,0.010147036735110818,0.0060323410434648395,0.012617912324714488,0.006743101170286536,0.3935137540102005,0.23594236001372337
1192,0.001298385990215289,0.0012297428474994376,0.0007698869703745004,5.664803126137485e-06,0.003069166385103017,0.07866911590099335,0.01016631976188224,0.006034303805790842,0.012654562056367946,0.006750386906787753,0.3958030194044113,0.23723606765270233
1193,0.001297421434818392,0.0010720242498791777,0.0006794013061153237,4.877328734664843e-06,0.002642516032210551,0.07835856452584267,0.010146233604576263,0.0060479502426460385,0.01259786272180083,0.006714067421853542,0.39226415008306503,0.23531135730445385
1194,0.0012964565429622345,0.0011680302704917267,0.0007275748430402018,5.407668794532583e-06,0.0029298518784344196,0.07786824367940426,0.010114439336376471,0.006012489087879658,0.01255865865817805,0.006662312895059586,0.38982652872800827,0.23384738620370626
1195,0.001295491315704939,0.001178130492917262,0.0007465579474228434,5.360729517178697e-06,0.002904420660343021,0.07854675129055977,0.01015841007330143,0.006023640395142138,0.012641378954573606,0.006730413646437228,0.3949787989258766,0.2367627751082182
1196,0.0012945257541049952,0.0010657515449565835,0.0006901974411448464,4.739734208669688e-06,0.002567967792856507,0.07846144773066044,0.010152892378146275,0.006035607773810625,0.012540096363770813,0.006652672542259097,0.3886750265955925,0.23356823716312647
1197,0.0012935598592212604,0.0010101201260113157,0.000663059952785261,4.426688079206542e-06,0.00239836068067234,0.07819636911153793,0.01013572708635136,0.0060152835212647915,0.012607775872680579,0.006714417482726276,0.39288174360990524,0.2355390563607216
1198,0.0012925936321129562,0.0010298793094989378,0.000620977851212956,4.919722840668328e-06,0.0026654850371414796,0.07837044633924961,0.010147002854325697,0.006027235300280154,0.012547583984511206,0.006661196588538587,0.3891393095254898,0.2337548779323697
1199,0.0012916270738396692,0.0010820817733474541,0.0007049295418255497,4.781673993647928e-06,0.0025906905939336866,0.0786693450063467,0.010166334344104081,0.00606063986197114,0.01261074932249937,0.006725610001012683,0.3930670842528343,0.2358682146295905
1200,0.0012906601854613493,0.00103032781771617,0.0006839580128144007,4.458888241742898e-06,0.0024158068918040954,0.07860010303556919,0.010161859483137336,0.0060333883156999946,0.012610350489320934,0.0067097985884174705,0.3930422216653824,0.2358211623504758
1201,0.001289692968038308,0.0010871289050555788,0.0006619561609113589,5.145518059634924e-06,0.002787819757941179,0.07743587531149387,0.010086319807507146,0.005973425810225308,0.012572015602965312,0.006679984740912914,0.39065617322921753,0.2340460242703557
1202,0.0012887254226312177,0.0012226103863213211,0.00074463205965003,5.785434211702523e-06,0.0031345236639026552,0.07826078124344349,0.010139900808835253,0.006022592773661017,0.012567693680470999,0.006659246166236699,0.3903876543045044,0.23432421777397394
1203,0.001287757550301111,0.0012091453099856153,0.0007602407677040901,5.545933532857816e-06,0.0030047633190406486,0.07771579176187515,0.01010453352728339,0.006009938544593751,0.012642380976602035,0.006739207194186747,0.39504142105579376,0.23637860640883446
1204,0.001286789352109378,0.0012235191970830783,0.0007949491518957075,5.422337324034743e-06,0.00293779926141724,0.07885007746517658,0.010178005580509937,0.006042170105502009,0.012586838583564908,0.006690225331112742,0.39157792180776596,0.23521399963647127
1205,0.001285820829117767,0.0010927521216217428,0.0007475905804312788,4.5651858897599595e-06,0.002473398155416362,0.07892629317939281,0.0101829233281307,0.006055769277736545,0.012644274587124719,0.006725555402226746,0.3951597660779953,0.23704302962869406
1206,0.0012848519823883823,0.001056319750205148,0.0007119310866983142,4.4922358881649416e-06,0.002433874331472907,0.07793749123811722,0.01011893570709183,0.0060132876969873905,0.012628562643777555,0.006747864070348442,0.39417828619480133,0.23605788871645927
1207,0.0012838828129836828,0.001058419995388249,0.0006788836981286295,4.7556019495687e-06,0.002576565049821511,0.07837218791246414,0.010147115520943582,0.006025522714480758,0.012611580268579586,0.006692933617159724,0.39311886578798294,0.23574552685022354
1208,0.0012829133219664822,0.0009679139911895618,0.000640669164567953,4.2024936846019045e-06,0.0022768931739847176,0.07820670865476131,0.010136397448740382,0.006020698812790215,0.012610880004334255,0.006697692326270044,0.39307522028684616,0.23564096447080374
1209,0.0012819435103999454,0.0010856963926926255,0.0006002114823786542,5.5881498894905235e-06,0.0030276359611889347,0.07828838005661964,0.01014168889311619,0.006010425044223666,0.012663459563807248,0.006817850982770324,0.3963598161935806,0.23732409812510014
1210,0.0012809733793475906,0.0010595112980809063,0.0005917060661886353,5.4092933510219154e-06,0.0029307321819942445,0.07808862254023552,0.010128741768532392,0.00600859010592103,0.0125763016168228,0.006663894630037248,0.39092258363962173,0.23450560308992863
1211,0.0012800029298732848,0.0009677027264842764,0.0006054462792235427,4.46058965053453e-06,0.0024167284500435926,0.07821154035627842,0.010136710406925419,0.006020940840244293,0.01256950332086175,0.006678553880192339,0.3905000761151314,0.2343558082357049
1212,0.001279032163041245,0.0009437578119104728,0.000568486335396301,4.512482149721109e-06,0.002444843645207584,0.07795898802578449,0.0101203310950649,0.005994778126478195,0.012572437643726198,0.006665811757557094,0.3906823992729187,0.2343206936493516
1213,0.001278061079916036,0.001062615709088277,0.0006514933484140784,4.996541861146397e-06,0.002707105115405284,0.07841313257813454,0.010149765917891632,0.00603657600004226,0.012650678275926305,0.0067662447690963745,0.3955601304769516,0.23698663152754307
1214,0.00127708968156257,0.0012348141826805659,0.0007109591497282963,6.146659643491148e-06,0.0033302341325907037,0.07809915393590927,0.010129424983876641,0.006029406795278192,0.012732324898230223,0.006857532192952931,0.4006824418902397,0.2393907979130745
1215,0.0012761179690461038,0.0014289394457591698,0.0007886986968514975,7.3642185896005685e-06,0.003989902383182198,0.07853109389543533,0.010157397514431897,0.006000147666782141,0.012692818029798679,0.006756834336556494,0.39819975197315216,0.23836542293429375
1216,0.0012751459434322395,0.0013220935798017308,0.000784599640610395,6.408446722616645e-06,0.003472069147392176,0.07758325897157192,0.010095913869597396,0.006001947796903551,0.012606844686142744,0.006678528501652181,0.3928237110376358,0.23520348500460386
1217,0.0012741736057869226,0.0011603362581809051,0.0006900715343363117,5.613545425831035e-06,0.0030413950589718297,0.07822443917393684,0.010137546499825376,0.006009069737046957,0.01257438547413122,0.006663265754468739,0.3908034861087799,0.23451396264135838
1218,0.0012732009571764403,0.0011001489583577495,0.0007123292416508775,4.893777315828629e-06,0.002651427741511725,0.07757837325334549,0.01009559604321178,0.006020063417963684,0.012576349057431116,0.006666997214779258,0.3909255489706993,0.2342519611120224
1219,0.0012722279986674212,0.0010081284781335853,0.0006901259948790539,4.2084831477495754e-06,0.0022801383456680924,0.07814076915383339,0.010132123274491742,0.006009306525811553,0.012568092564734833,0.006681498605757952,0.39041242003440857,0.23427659459412098
1220,0.0012712547313268332,0.0009171344718197361,0.0006272002210607752,3.833310472600715e-06,0.002076871372992173,0.0772477276623249,0.010074058731826757,0.005980075686238706,0.012599715526128773,0.006687075132504106,0.392379567027092,0.23481364734470844
1221,0.001270281156221984,0.0007765752052364405,0.0005136138970556203,3.3747411976037256e-06,0.001828420368838124,0.07791176997125149,0.010117265859811552,0.005991893587633967,0.012588025864391814,0.00666159123647958,0.39165180921554565,0.23478178959339857
1222,0.0012693072744205172,0.000733768454665551,0.00046600966561527457,3.331151162910828e-06,0.0018048035126412287,0.07813030295073986,0.010131444729583034,0.006016105879098177,0.01256576971107806,0.006659822654910386,0.39026809483766556,0.2341991988942027
1223,0.0012683330869904146,0.0007263059742399491,0.00046420106264122296,3.27563579105572e-06,0.001774725562427193,0.07837411761283875,0.010147240824113729,0.006016297731548548,0.012588799357490438,0.006672429037280381,0.3916999474167824,0.23503703251481056
1224,0.001267358594999991,0.0006892624878673814,0.0004673518778872676,2.9105153771524783e-06,0.0015769048914080486,0.07808617316186428,0.010128583102257524,0.006022389512509108,0.012571535092962391,0.006674193311482668,0.39062631875276566,0.23435624595731497
1225,0.0012663837995178977,0.0006853176200820599,0.0004673991061281413,2.8737611899032345e-06,0.0015569915995001793,0.07809430733323097,0.01012911045374191,0.006000456865876913,0.012556180644972324,0.00664430542383343,0.3896727114915848,0.23388350941240788
1226,0.0012654087016131163,0.000686482606397476,0.0004475063178688288,3.0313779006974073e-06,0.0016423877314082347,0.078019879758358,0.010124282541974353,0.0060090936021879315,0.012587309260747227,0.0066826927941292524,0.39160721004009247,0.23481354489922523
1227,0.0012644333023549615,0.0007026514249446336,0.00045065914127917495,3.1573163283837857e-06,0.0017106204759329557,0.07842124067246914,0.010150290645589501,0.006017772015184164,0.012591268350844806,0.006683081388473511,0.39185359328985214,0.23513741698116064
1228,0.001263457602813079,0.000728052433260018,0.0004361715582490433,3.498690887226985e-06,0.0018955759005621076,0.0778474286198616,0.010113087292392832,0.005997070460580289,0.012566901808484741,0.006668239715509117,0.3903384655714035,0.23409294709563255
1229,0.001262481604057442,0.0006688389948976692,0.000405896375013981,3.1757529654896643e-06,0.001720609398034867,0.07828957587480545,0.010141766195965185,0.006023238180205226,0.012573338248987724,0.006676338147372007,0.3907383978366852,0.23451398685574532
1230,0.001261505307158353,0.0005973201768938452,0.0003760073595913127,2.736402748837463e-06,0.001482571373344399,0.07788081467151642,0.010115255690986487,0.005997296771965921,0.012548193847132086,0.006660587387159467,0.389177143573761,0.2335289791226387
1231,0.0012605287131864415,0.0005945881239313167,0.0003724067792063579,2.7377723341714955e-06,0.0014833134118816815,0.07795353978872299,0.010119977547871535,0.005991496494971216,0.012571247299044658,0.006671474548056722,0.39060844480991364,0.2342809922993183
1232,0.0012595518232126623,0.0005873176232853439,0.0003728570827661315,2.6673514526009967e-06,0.0014451597016886808,0.07813085429370403,0.010131480368010839,0.0060037755174562335,0.0125935515473599,0.00666849547997117,0.39199572801589966,0.23506329115480185
1233,0.001258574638308295,0.000596542791754473,0.000367684651791933,2.790673875097127e-06,0.0015119753006729297,0.07839783281087875,0.010148775617585403,0.0060274857096374035,0.012607754664208132,0.00670197035651654,0.392880417406559,0.23563912510871887
1234,0.001257597159544943,0.0005954838015895803,0.00037243239785311744,2.745849059238026e-06,0.0014876893474138342,0.0781552717089653,0.01013306323411293,0.006017833831720054,0.01259505173716568,0.006683368585072458,0.3920890912413597,0.2351221814751625
1235,0.0012566193879945315,0.0006264766634558327,0.00039469411967729684,2.8675137713207732e-06,0.0015536067730863579,0.0785103440284729,0.010156055219179744,0.0060437023639678955,0.012571204180031962,0.006656950805336237,0.39060576260089874,0.23455805331468582
1236,0.0012556413247293064,0.0006773312779841945,0.0004034960857097758,3.2718455997837737e-06,0.0017726720034261234,0.0782373659312725,0.010138383689979168,0.005999616696499288,0.012543966818876826,0.006645576097071171,0.3889149948954582,0.23357618041336536
1237,0.001254662970821835,0.0007449683871527668,0.0004824193219974404,3.3133605086277385e-06,0.0017951645932043903,0.07810143567621708,0.010129572593281698,0.0060025835409760475,0.012591235990788723,0.006680076825432479,0.39185159653425217,0.23497651610523462
1238,0.0012536843273450013,0.0007460345186700579,0.00048516849710722454,3.3029026269559836e-06,0.0017894985576276667,0.07807363756000996,0.010127769797557048,0.006014963029883802,0.01258082401389249,0.006676087738014758,0.3912038058042526,0.2346387216821313
1239,0.0012527053953720081,0.0006939333834452555,0.0004214641285216203,3.292403818022649e-06,0.0017838103522080928,0.07820806466042995,0.01013648528975683,0.00600214977748692,0.012531691592367519,0.006631255731917918,0.38815418630838394,0.23318112548440695
1240,0.001251726175976375,0.0006293716760410462,0.000407839253966813,2.7971819207550652e-06,0.0015155012733885087,0.07797374948859215,0.010121289223155226,0.006002552225254476,0.012578913187497489,0.006676776567474008,0.3910849690437317,0.23452935926616192
1241,0.0012507466702319358,0.000692164023348596,0.00042012545964098535,3.285958129595201e-06,0.0017803182417992502,0.07795633561909199,0.010120159175971914,0.005996009102091193,0.012539543116138151,0.006650349940173328,0.38864072412252426,0.23329852987080812
1242,0.001249766879212838,0.0007181362016126513,0.00041847296051855665,3.5378443925537795e-06,0.001916789056849666,0.07799004204571247,0.010122346545493769,0.006000416469760239,0.01259376213643531,0.0066963714780285954,0.39200884103775024,0.23499944154173136
1243,0.0012487868039935434,0.0006390328198904172,0.0004111272664886201,2.8620656848943327e-06,0.001550655004393775,0.07798903994262218,0.010122281583602132,0.006024594651535153,0.012561187011052926,0.0066603756276890635,0.38998352736234665,0.23398628365248442
1244,0.0012478064456488242,0.0006513261905638501,0.0004199613795208279,2.9102945688919135e-06,0.0015767852746648714,0.07806737534701824,0.010127363884062065,0.006014652433805168,0.012568671184934935,0.006675858865492046,0.3904483765363693,0.23425787594169378
1245,0.0012468258052537639,0.0007146902498789132,0.0004633649023162434,3.17461251597706e-06,0.0017199916183017194,0.07842416316270828,0.010150479795387636,0.006026210379786789,0.012574662925716707,0.006674402044154704,0.390820749104023,0.23462245613336563
1246,0.0012458448838837542,0.0009211625292664394,0.0005155756462045247,4.694592163900779e-06,0.0025435100396862254,0.07767574302852154,0.010101929513588863,0.006006429670378566,0.012568950209868517,0.006662694038823247,0.39046569913625717,0.23407072108238935
1247,0.0012448636826144967,0.0009523776461719535,0.0006267739408940542,4.161701895100123e-06,0.002254792401799932,0.07814388908445835,0.01013232550960654,0.006010021665133536,0.01259996657870631,0.006693425471894443,0.39239518344402313,0.23526953626424074
1248,0.001243882202521998,0.0011007089633494616,0.0006006397343298886,5.723532694901223e-06,0.003100985777564347,0.07805880531668663,0.010126808151326633,0.006026387447491288,0.012557407037989906,0.0066791377030313015,0.38974882662296295,0.2339038159698248
1249,0.0012429004446825717,0.0010300459471181966,0.000607412337558344,5.021412803785097e-06,0.002720580218010582,0.07827392406761646,0.010140752513319407,0.0060339419869706035,0.012575274223404952,0.006676902296021581,0.3908587396144867,0.23456633184105158
1250,0.0012419184101728356,0.0010171263456868473,0.0006292481375567149,4.740973139405469e-06,0.0025686391454655677,0.07812330313026905,0.010130990575516459,0.006041979766450822,0.012620547425716297,0.006695881835184991,0.39367811381816864,0.23590070847421885
1251,0.0012409361000697112,0.0010499352356418967,0.0005960791204415727,5.2886344121816364e-06,0.002865359580027871,0.0782245323061943,0.010137552241613532,0.006025506416335702,0.012651489346296133,0.0067661001812666655,0.39561086148023605,0.23691769689321518
1252,0.0012399535154504215,0.001113811529648956,0.0006260361333261244,5.65695293630597e-06,0.0030649130058009177,0.07850627787411213,0.010155792559869837,0.006011649267747998,0.01261003141369582,0.006711655296385288,0.3930223509669304,0.23576431442052126
1253,0.0012389706573924914,0.0011136666071251966,0.0006389183909050189,5.560507631230394e-06,0.0030126593337627128,0.0782947838306427,0.010142103649181845,0.006022619782015681,0.01266132775496646,0.006753786816261709,0.3962263837456703,0.2372605837881565
1254,0.001237987526973745,0.0010783713005366735,0.0006671462288068142,5.026380478057035e-06,0.0027232715365244076,0.07747812196612358,0.01008907082356851,0.005977403023280203,0.012587446110773354,0.006680926657281816,0.39161573350429535,0.23454692773520947
1255,0.0012370041252723059,0.001049950202286709,0.0007085567485773936,4.4583661633623706e-06,0.002415523966192268,0.07819799147546291,0.01013583234093614,0.006007149699144065,0.012605086728964572,0.0066995141096413136,0.39271415770053864,0.23545607458800077
1256,0.001236020453366594,0.0010826830912264995,0.0007002969177847262,4.82142513646977e-06,0.0026122276321984828,0.0781276673078537,0.010131273896789136,0.006021203240379691,0.01258461213010536,0.006687579210847616,0.39143942296504974,0.23478354513645172
1257,0.0012350365123353262,0.0009944245648512151,0.0006494412555184681,4.382385384360532e-06,0.002374357747612521,0.077921187505126,0.01011787730920035,0.006011574761942029,0.012580522696641025,0.006669277208857238,0.39118506014347076,0.23455312382429838
1258,0.001234052303257515,0.000945676500123227,0.0006354392098728567,4.035885581288312e-06,0.0021866256502107717,0.07841108366847038,0.010149633118773236,0.006023514433763921,0.012574488325771911,0.006702019600197673,0.3908098638057709,0.23461047373712063
1259,0.0012330678272124659,0.0009534688979329076,0.0006127279011707287,4.275472264225755e-06,0.0023164327794802375,0.07785381376743317,0.010113502142268816,0.0060033241752535105,0.01252211085738035,0.0066376713803038,0.3875609189271927,0.23270736634731293
1260,0.0012320830852797775,0.0009371984269819222,0.00059595851416816,4.249125254318642e-06,0.0023021579982014373,0.07783032394945621,0.010111976026004372,0.00599875464104116,0.012589550985992556,0.006682676263153553,0.39174672216176987,0.23478852305561304
1261,0.0012310980785393405,0.0008502743548888247,0.0005490699113579467,3.79311212839184e-06,0.002055092074442655,0.07809474132955074,0.010129138827400639,0.0059920038329437375,0.012552733905860336,0.0066422936506569386,0.3894588053226471,0.23377677332609892
1262,0.0012301128080713353,0.000799162320618052,0.000534095976036042,3.4319716775144116e-06,0.001859427684394177,0.0780235305428505,0.010124519339000463,0.005986134405247867,0.012568114853249842,0.006645016255788505,0.390413798391819,0.23421866446733475
1263,0.0012291272749562316,0.000864924233610509,0.0005710379991796799,3.766122290471685e-06,0.0020404690876603127,0.07791397534310818,0.010117408882231133,0.0060000462690368295,0.012585804679412926,0.006686433800496161,0.3915136009454727,0.23471378814429045
1264,0.0012281414802747875,0.000929611203901004,0.000598304599407129,4.161785284395592e-06,0.0022548375563928857,0.07814637944102287,0.010132486989607262,0.006011737277731299,0.012578297728261773,0.006690779817290604,0.3910466954112053,0.23459653742611408
1265,0.0012271554251080477,0.000986593367997557,0.0005960445469099795,4.704334713778735e-06,0.0025487884995527565,0.07789277285337448,0.01011603242103799,0.006008355296216905,0.01258535707113496,0.006721534882672131,0.3914857506752014,0.23468926176428795
1266,0.0012261691105373428,0.0008821169285511132,0.0005684975221811328,3.943542338902262e-06,0.0021365944849094376,0.078281220048666,0.010141224973965017,0.0060158324195072055,0.01263044766880577,0.0067174548748880625,0.3942960053682327,0.23628861270844936
1267,0.0012251825376442876,0.0009499563348072115,0.0006244283285923302,4.156673909960773e-06,0.0022520682323374785,0.07840590551495552,0.010149298335416439,0.006027975934557617,0.012582051329994936,0.0066979986149817705,0.3912801370024681,0.23484302125871181
1268,0.0012241957075107798,0.000968357333476888,0.0006526994584419299,4.117767161915253e-06,0.002230988786322996,0.07776407897472382,0.010107672268995544,0.005997159751132131,0.012512826758830978,0.0066230036318302155,0.3869864419102669,0.23237526044249535
1269,0.0012232086212190002,0.0009087110520340502,0.0005954081862000749,3.990290522892792e-06,0.00216192239895463,0.07772448658943176,0.010105098495337892,0.005995485931634903,0.0125032347690651,0.006626160815358162,0.38639336079359055,0.23205892369151115
1270,0.0012222212798514095,0.0010080027277581394,0.0005783530505141243,5.0325262606065735e-06,0.0027266013203188777,0.0780730526894331,0.010127732170419429,0.006012787343934178,0.012537021134938922,0.006627279566600919,0.388484425842762,0.23327873926609755
1271,0.0012212336844907485,0.001118219952331856,0.00060648277940345,5.8419959145794564e-06,0.003165168658597395,0.07782595790922642,0.010111692703690417,0.006019902881234884,0.012582579433773096,0.006679761107079685,0.39131296426057816,0.2345694610849023
1272,0.0012202458362200375,0.0011261850595474243,0.0006733400805387646,5.421904489821827e-06,0.002937564844614826,0.07805804163217545,0.010126758485943832,0.0060189253417775035,0.012611764162630263,0.0067058897111564875,0.3931303322315216,0.23559418693184853
1273,0.0012192577361225725,0.0010550968763709534,0.000666561823891243,4.8159054557572745e-06,0.0026092369662364945,0.07745036669075489,0.010087263313923638,0.005979557405225933,0.012559289563041144,0.0066680212039500475,0.3898657113313675,0.2336580390110612
1274,0.0012182693852819263,0.0009710720296425279,0.0006290352212090511,4.317529672448472e-06,0.0023392192233586684,0.07817651517689228,0.010134440612925186,0.006047606002539396,0.012611988437627512,0.0067295198095962405,0.3931443467736244,0.23566043097525835
1275,0.0012172807847819472,0.0009863495324680116,0.0006000127505103592,4.672787895287911e-06,0.0025316965620731935,0.07749231904745102,0.010089994963445054,0.005986438016407192,0.01268860921960681,0.006798254093155265,0.3979357182979584,0.2377140186727047
1276,0.0012162919357067564,0.001155270201707026,0.0006417162985599134,5.92379254271691e-06,0.0032094857015181333,0.07787647284567356,0.010114973989103146,0.006006152252666652,0.01249356902433665,0.006619371939450502,0.3857961893081665,0.23183633107692003
1277,0.0012153028391407488,0.0011547516769496724,0.0006848789162177127,5.600344024969672e-06,0.0030342426034621894,0.07790045998990536,0.010116531478410514,0.006013277685269713,0.01261829967480708,0.006682680337689817,0.39353790134191513,0.23571918066591024
1278,0.0012143134961685894,0.0010481865174369887,0.0006517235851788428,4.861681105694515e-06,0.0026340381446061656,0.07780058309435844,0.010110044239965353,0.0059795709094032645,0.012611337957030176,0.006704663275741041,0.39310380071401596,0.2354521919041872
1279,0.0012133239078752146,0.0010743338789325207,0.0006317210682027508,5.250659285138681e-06,0.0028447849181247875,0.0774476882070303,0.010087088757463397,0.005974365281872451,0.012572982933556678,0.006665803957730532,0.3907162994146347,0.2340819938108325
1280,0.001212334075345829,0.0010749210341600701,0.0006491157728305552,5.127655583692103e-06,0.0027781421231338754,0.07807609811425209,0.010127929464380576,0.006011252989992499,0.012552842151541005,0.006672531249932945,0.3894655257463455,0.2337708119302988
1281,0.0012113439996659053,0.0009892436610243749,0.0006310541793936864,4.470322096494783e-06,0.002422001496597659,0.07731299102306366,0.01007831349258393,0.005971012753434479,0.012551222426217206,0.006672625080682337,0.389365017414093,0.23333900421857834
1282,0.001210353681921183,0.0008552464205422439,0.0005693559687642846,3.689228307734993e-06,0.0019988082203781232,0.07775275222957134,0.010106935660731403,0.005993027589283884,0.012626622450650103,0.006706638261675835,0.3940571919083595,0.23590497206896544
1283,0.0012093631231976669,0.0007527973939431831,0.00046707493311259896,3.4988962482884745e-06,0.0018956872008857317,0.07806568406522274,0.010127254051131736,0.0060116806998848915,0.012562939238418266,0.006658724159933627,0.39009232819080353,0.23407900612801313
1284,0.001208372324581626,0.0007156622559705283,0.000473237816549954,3.1106925746371417e-06,0.0016853599954629317,0.07796877808868885,0.01012096653229374,0.00599336123559624,0.01256478792736181,0.0066500246757641435,0.3902071490883827,0.23408796358853579
1285,0.0012073812871595928,0.0006596776293008588,0.0004373918618512107,2.858679778228179e-06,0.0015488206263398752,0.0774582102894783,0.010087774162737298,0.005981906084343791,0.01254157930676921,0.006645800778642297,0.38876696676015854,0.23311258852481842
1286,0.0012063900120183608,0.000624274089204846,0.00041623196557338815,2.6881763091068933e-06,0.0014564425437129103,0.0775532703846693,0.010093962340570667,0.005974977160803974,0.012503565153196481,0.006637445883825421,0.3864137828350067,0.231983526609838
1287,0.0012053985002449853,0.0007052089058561251,0.0003977084943471709,3.57184512722597e-06,0.0019352104573044926,0.0778979491442442,0.01011636830527158,0.005997974192723632,0.012553930932351869,0.00664358795620501,0.389533095061779,0.2337155221030116
1288,0.00120440675292678,0.0006499377232103143,0.00040726238694333006,2.99123605884688e-06,0.0016206390573643148,0.07771036028862,0.010104180147423925,0.0059880196349695325,0.012549556254625557,0.006680146441794932,0.3892616480588913,0.23348600417375565
1289,0.001203414771151318,0.0006276346648519393,0.00040749034815235063,2.7837276945774647e-06,0.0015082118916325271,0.0780776534229517,0.010128030399814063,0.005995427491143346,0.01256027481777922,0.0066709998063743114,0.38992688059806824,0.23400226701050997
1290,0.0012024225560064285,0.0005797135745524429,0.00037994174999766983,2.5448719469522985e-06,0.0013788008145638742,0.07801438495516777,0.010123926258016313,0.006000906694680452,0.012551241266489249,0.006651130737736821,0.38936619460582733,0.23369028978049755
1291,0.0012014301085801972,0.0005422816357167903,0.00035254741851531435,2.401677292596105e-06,0.001301218508160673,0.0776666458696127,0.01010133798747158,0.005979564972221851,0.01254303075017689,0.006643845583312213,0.388856939971447,0.23326179292052984
1292,0.0012004374299609646,0.0005185543832340045,0.00033148882357636467,2.3381810478895204e-06,0.0012668165363720618,0.07768175192177296,0.010102320063903653,0.005987808341160417,0.01250773951975392,0.006620147032663226,0.38667183369398117,0.23217679280787706
1293,0.001199444521237324,0.00050154204654973,0.0003300747193861753,2.191621639724417e-06,0.001187411333376076,0.0780129861086607,0.010123835343409918,0.006008848897181451,0.012557462806618189,0.006651510717347264,0.3897523134946823,0.2338826498016715
1294,0.0011984513834981218,0.0004987302800145699,0.00031597748056810815,2.2697508654800913e-06,0.001229741443239618,0.07779045403003693,0.01010938589478122,0.005997760803438723,0.012582181008776552,0.0066926139406859875,0.3912881910800934,0.23453932255506516
1295,0.0011974580178324558,0.000521377136465162,0.00033031647035386413,2.3728862998950717e-06,0.0012856197427026927,0.07820383086800575,0.01013621090742791,0.006014112266711891,0.01253841319085311,0.006639853003434837,0.3885706961154938,0.23338726349174976
1296,0.001196464425329673,0.0005619171261059819,0.0003737483657459961,2.426361049856496e-06,0.0013145921257091686,0.07791141420602798,0.010117242846587259,0.005998866050504148,0.012588933012513341,0.00669481442309916,0.39170827716588974,0.23480984568595886
1297,0.0011954706070793687,0.0006047217684681527,0.00037209367474133614,2.83360299135893e-06,0.0015352341142715886,0.0777269396930933,0.010105257980363649,0.0059842049377039075,0.012635939829631149,0.006737117422744632,0.3946390002965927,0.236182969994843
1298,0.0011944765641713872,0.0006252931598282885,0.0003562980746210087,3.140064279705257e-06,0.0017012734278978314,0.07781839184463024,0.010111201053177917,0.006005236995406449,0.0125826228029315,0.006693417206406593,0.39131567627191544,0.23456703405827284
1299,0.0011934822976958181,0.0005812288691231515,0.0003581647888495354,2.7196320644407024e-06,0.0014734851501998492,0.07769645005464554,0.010103275849151489,0.00600041716825217,0.012522935047993912,0.006630258169025183,0.387611947953701,0.23265419900417328
1300,0.001192487808742997,0.0005868352636753116,0.0003365799129824154,2.9307291526947665e-06,0.0015878566409810446,0.07795774564146996,0.010120250393209306,0.005998067208565772,0.012548161375992531,0.006646878784522414,0.3891751244664192,0.2335664350539446
1301,0.0011914930984035022,0.0006653323398495559,0.000390129629522562,3.259795064991522e-06,0.0017661430756561458,0.07763802260160446,0.010099476570010266,0.005971193313598633,0.012536457159591861,0.0066349589033052325,0.38844946026802063,0.23304374143481255
1302,0.0011904981677681563,0.0006661109655397013,0.0004110297140869079,3.112678342631625e-06,0.0016864359204191715,0.0774048175662756,0.010084296796010184,0.005992271355353296,0.01254304365694375,0.006655377801507711,0.38885775208473206,0.23313128482550383
1303,0.001189503017928022,0.0007224359578685835,0.0004503080854192376,3.34249088496108e-06,0.001810947353078518,0.07768164575099945,0.01010231358186397,0.0059901822824031115,0.012544194916125401,0.006633627228438854,0.38892912119627,0.23330538347363472
1304,0.0011885076499744038,0.000740276856959099,0.0004529807083599735,3.4874053369549074e-06,0.001889461389509961,0.0779308695346117,0.01011850553001641,0.005998815060593188,0.012571505575940707,0.006689131376333535,0.3906244710087776,0.23427767027169466
1305,0.001187512064998844,0.0007214094148366712,0.0004700950903497869,3.186932730159242e-06,0.0017266666691284627,0.0778603795915842,0.010113928845231006,0.005999141023494303,0.012583423515302354,0.006664258660748601,0.39136549085378647,0.23461293522268534
1306,0.0011865162640931242,0.0007621503682457842,0.0004882996436208487,3.4285118601928843e-06,0.0018575532449176535,0.07772220857441425,0.010104950528424209,0.005983511684462428,0.012513734852158426,0.0066277398727834225,0.3870426192879677,0.23238241393119097
1307,0.0011855202483492624,0.0006801948220527265,0.0004562143967632437,2.909060327738189e-06,0.0015761164904688485,0.07771492563188076,0.010104477091746908,0.005999044398777187,0.012558507879389667,0.006646817550063133,0.38981717824935913,0.23376605194061995
1308,0.001184524018859511,0.0006560576402989682,0.00043846270455105696,2.8173666919428797e-06,0.0015264373068930581,0.07751604542136192,0.010091539544774876,0.005986521486192942,0.01251357190317304,0.00663745088968426,0.38703253120183945,0.23227428831160069
1309,0.0011835275767163589,0.0006881619774503633,0.00042844015297305305,3.187638995427733e-06,0.0017270492244279012,0.07807411998510361,0.010127801318034896,0.0060176468687132,0.012558013816323876,0.006644931272603571,0.3897865042090416,0.2339303120970726
1310,0.001182530923012526,0.0007219429717224557,0.0004438109644979704,3.3859086840948294e-06,0.0018344709314987995,0.07752263359725475,0.010091968257795294,0.005993816070258617,0.012494142214991302,0.006620918167755008,0.3858315795660019,0.23167710658162832
1311,0.0011815340588409659,0.0008058583807724062,0.0005167876879568212,3.6215513006254696e-06,0.0019621410974650644,0.07717874646186829,0.010069559663820563,0.005967941950075328,0.012557542910214542,0.006650694995187223,0.38975729793310165,0.23346802219748497
1312,0.0011805369852948627,0.0009248893220501486,0.000545879483979661,4.50525611483954e-06,0.0024409286488662474,0.07772072590887547,0.010104854042748966,0.005994058214128017,0.012525317400475208,0.006653637043200433,0.3877594470977783,0.2327400865033269
1313,0.001179539703467629,0.0009983325071516447,0.0005906665755901486,4.85237487168888e-06,0.002628996080602519,0.07776724547147751,0.010107877782661366,0.0059977114433422685,0.012552851570465057,0.006653345306403935,0.3894660919904709,0.2336166687309742
1314,0.001178542214452907,0.0009801636333577335,0.0005925141849729698,4.671061901717621e-06,0.002530761434172746,0.07802299223840237,0.01012448466421302,0.00600487960036844,0.012565907808973802,0.006696535740047693,0.3902767151594162,0.23414985369890928
1315,0.001177544519344566,0.0009438750785193406,0.0006199838662723778,4.133365266056899e-06,0.002239439847471658,0.0782302413135767,0.010137922400655995,0.005998701206408441,0.012546391861751785,0.006651803269051015,0.38906537741422653,0.23364780936390162
1316,0.0011765466192367004,0.0009652176340750884,0.0006027975414326647,4.457211034036845e-06,0.002414897913695313,0.07793387770652771,0.010118701116344667,0.0060186154441908,0.01257562094009809,0.006678526056930423,0.3908802941441536,0.23440708592534065
1317,0.0011755485152236305,0.001028579157718923,0.0006448314597946592,4.731616797926108e-06,0.0025635698693804443,0.077568044885993,0.01009492387231194,0.005999561515636742,0.012630995206628245,0.006708905682899058,0.3943301886320114,0.2359491167590022
1318,0.0011745502083998999,0.0009239632709068246,0.0005890673674002755,4.1778601342912225e-06,0.0022635467976215295,0.07777378521859646,0.010108302653620081,0.006013220874592662,0.01258423776396825,0.006679986952804029,0.39141611009836197,0.2345949476584792
1319,0.0011735516998602738,0.0008568531993660145,0.0005281080120767001,4.008584127745962e-06,0.0021718339121434838,0.07769041694700718,0.010102883895412473,0.005983012379147112,0.01253590142971182,0.006661515915766358,0.38841502368450165,0.2330527203157544
1320,0.0011725529906997398,0.000805738935014233,0.000504109022585908,3.714053761427749e-06,0.002012258511967957,0.07769990712404251,0.010103500896103122,0.00599998130928725,0.012533194252097292,0.006638481747359037,0.3882472887635231,0.2329735979437828
1321,0.0011715540820135045,0.0007508198541472666,0.0005073205957160098,3.1835185296813506e-06,0.001724816822388675,0.0777436401695013,0.010106343527700254,0.005983305047266185,0.012520465800141437,0.006627929862588644,0.38745909184217453,0.23260136600583792
1322,0.0011705549748969937,0.0007167431176640093,0.0004816521886823466,3.058545146927827e-06,0.0016571068117627874,0.07711941376328468,0.01006568838531831,0.005983478273265064,0.012562066992491938,0.006658215424977243,0.3900381624698639,0.2335787881165743
1323,0.0011695556704458517,0.0007056972099235281,0.0004647047408070648,3.0817276837069585e-06,0.0016696670063538477,0.07735131308436394,0.010080811282802008,0.005964850075542927,0.012544484490700449,0.006640792707912624,0.3889470621943474,0.23314918763935566
1324,0.0011685561697559375,0.0006388534275174607,0.00043153050864930265,2.709775884568444e-06,0.0014681449974887073,0.07760472409427166,0.010097310187226765,0.005994220497086644,0.012569701578164862,0.0066790200071409345,0.3905124068260193,0.23405856546014547
1325,0.0011675564739233263,0.0006742987388861366,0.0004234896277921507,3.0962498982489706e-06,0.0016775351032265462,0.07790345512330532,0.01011672593420177,0.006008584750816226,0.012573282261432747,0.0066723458003252745,0.3907349035143852,0.23431917931884527
1326,0.0011665565840443073,0.0006470083135354798,0.00041989896089944523,2.8709078776500974e-06,0.0015554456622339785,0.0773257240653038,0.010079143511198414,0.005974221508949995,0.01254449159585137,0.006643186789005995,0.388947531580925,0.2331366278231144
1327,0.0011655565012153827,0.0005742553148593288,0.0003773900170926936,2.513339111942514e-06,0.001361716480460018,0.07753675431013107,0.01009288753663952,0.00597681722138077,0.012559529837344836,0.006651699310168624,0.38988061994314194,0.2337086871266365
1328,0.001164556226533265,0.0005771705582446884,0.00034172989398939535,2.8035162671358194e-06,0.001518933211627882,0.07726856879889965,0.010075417547714691,0.005971741396933794,0.01252526482890956,0.006632750504650176,0.38775617629289627,0.23251237254589796
1329,0.0011635557610948789,0.0005998198976158164,0.00035247048072051257,2.9332408075788408e-06,0.0015892174633336253,0.07763965055346489,0.010099582202386229,0.005983027280308306,0.012556287991738389,0.006647820584475994,0.389679379761219,0.23365951515734196
1330,0.0011625551059973574,0.0005868446969543584,0.00035587246566137765,2.788382118978916e-06,0.0015107335348147899,0.07753588259220123,0.010092830945869841,0.005972227896563709,0.012541502437077221,0.006651964038610458,0.3887621834874153,0.23314903303980827
1331,0.0011615542623380408,0.0005347314199752873,0.00032398690927948337,2.5428573025010337e-06,0.0013777093554381281,0.07778513245284557,0.010109040061961089,0.006000029621645808,0.012542293157141168,0.006677027209661901,0.3888111934065819,0.23329816292971373
1332,0.0011605532312144776,0.0005378055575420149,0.0003346010453242343,2.4928647377464586e-06,0.0013506235482054763,0.07755119353532791,0.010093827095297608,0.005986946634948254,0.01253546945241949,0.006661167717538774,0.3883882462978363,0.2329697199165821
1333,0.0011595520137244208,0.0005431732988654403,0.00032705446756153833,2.598116736862721e-06,0.0014076485458645038,0.07716359198093414,0.010068571049767702,0.0059618225786834955,0.012569186970981147,0.006665910594165325,0.3904804065823555,0.23382199928164482
1334,0.0011585506109658284,0.0005752540164394304,0.0003406488558539422,2.793810367052174e-06,0.0015136745787458494,0.07790268957614899,0.010116676129422209,0.0060235095443204045,0.012508669504327205,0.006628380971960723,0.3867293521761894,0.2323160208761692
1335,0.0011575490240368607,0.0006264429175644182,0.00035919309266319033,3.129301319404476e-06,0.0016954421807895415,0.07729584164917469,0.010077195503416026,0.00596311641857028,0.012518569299849819,0.00663668557535857,0.3873417228460312,0.23231878224760294
1336,0.0011565472540358815,0.0005981620597594883,0.0003745613976207096,2.7548474719196747e-06,0.001492564653744921,0.07793765142560005,0.010118946133221032,0.005984863149933517,0.012560333470077765,0.006655294098891318,0.38993050158023834,0.2339340765029192
1337,0.0011555453020614538,0.0005975500243948773,0.00038660088284814265,2.6603135978575665e-06,0.0014413465250981972,0.07740183360874653,0.010084102256020504,0.005970395286567509,0.01249924823127382,0.006618793704546988,0.38614700734615326,0.2317744204774499
1338,0.0011545431692123406,0.000623533247562591,0.00039228676359925885,2.8581232953683866e-06,0.0015485190961044282,0.07789863087236881,0.01011641280729776,0.005990201840177178,0.012552804330867105,0.0066454848274588585,0.3894631788134575,0.23368090484291315
1339,0.0011535408565875043,0.0006477851311501581,0.0004272716487321304,2.823645345984005e-06,0.001529838984424714,0.0774930901825428,0.010090045440750628,0.005991487996652722,0.012542576829591949,0.006649018963798881,0.3888287991285324,0.2331609446555376
1340,0.0011525383652861026,0.0006898457104398403,0.0004263706196070416,3.2184563849568804e-06,0.0017437460555811413,0.07780258357524872,0.010110174410549184,0.006002952461130917,0.012536272015767853,0.006660320563241839,0.38843798637390137,0.23312028497457504
1341,0.0011515356964074907,0.0006975746182433795,0.0004408472177601652,3.1829045923359445e-06,0.001724484194710385,0.07773128524422646,0.01010554076308681,0.005984459770843387,0.012542238916381569,0.006634489283896983,0.38880786299705505,0.23326957412064075
1342,0.0011505328510512181,0.0006885195070935879,0.00041852199319691863,3.264162828031658e-06,0.001768509522662498,0.07774149440228939,0.010106204038426757,0.0059859047178179026,0.01257137419541521,0.006689770612865686,0.3906163349747658,0.23417891468852758
1343,0.0011495298303170272,0.0007679464179091156,0.0004522033341345377,3.7484949473309825e-06,0.002030918753007427,0.0773475356400013,0.010080565068357328,0.005972629529424012,0.012586397515468792,0.006685862201265991,0.3915504962205887,0.234449015930295
1344,0.0011485266353048534,0.0007257249635586049,0.00047784884918655735,3.1695142155285794e-06,0.0017172293373732828,0.07777770422399044,0.01010855745965633,0.005999044398777187,0.012549218529350379,0.006662106141448021,0.38924071192741394,0.2335092080757022
1345,0.0011475232671148234,0.0007743378992017824,0.0004882232315139845,3.541549602914529e-06,0.001918796457175631,0.07779225148260593,0.010109502759128992,0.006006930023431778,0.012583847197155084,0.006694405572488904,0.391391858458519,0.23459205497056246
1346,0.0011465197268472529,0.0007445978335454129,0.0004926287638227222,3.234565866705452e-06,0.0017524740469525568,0.07726161181926727,0.010074964298448006,0.005962722818367183,0.012513302545737164,0.0066296411678195,0.3870158866047859,0.2321387492120266
1347,0.0011455160156026468,0.0008198228060791735,0.0005452307705127168,3.5404318055043404e-06,0.0019181908501195721,0.07747109979391098,0.01008861349986891,0.0059796583373099566,0.012502261896396003,0.006626637419685721,0.38633324950933456,0.23190217465162277
1348,0.0011445121344816987,0.0008209214611269999,0.000542039535503136,3.5741311279480215e-06,0.0019364490945008583,0.07718435302376747,0.010069925548350189,0.0059755443362519145,0.012514017718418136,0.006635908386670053,0.38706012815237045,0.23212224058806896
1349,0.0011435080845852857,0.000926976488699438,0.0005976930988254026,4.141985201044918e-06,0.002244109935418237,0.07771049253642559,0.010104189058580937,0.00597680255305022,0.012537996678393407,0.006628385046496987,0.38854488730430603,0.2331276899203658
1350,0.0011425038670144726,0.0010353487814427353,0.0006112686278356705,5.0418799446561025e-06,0.0027316692285239697,0.07757340744137764,0.01009527280135279,0.005984505405649543,0.012504028054542803,0.006667480221949518,0.3864423930644989,0.23200790025293827
1351,0.0011414994828705073,0.0010975574077747297,0.0006300924651441164,5.47700324204925e-06,0.00296741709462367,0.07769337669014931,0.010103075913234665,0.005996476160362363,0.01262333212702746,0.006715700961649418,0.3938518688082695,0.2357726227492094
1352,0.001140494933254819,0.0011512248092913069,0.0006984559295233339,5.467559248018006e-06,0.002962300321087241,0.0778319425880909,0.010112081347926289,0.00599823915399611,0.012546688199573348,0.006650752737186849,0.38908375054597855,0.23345784656703472
1353,0.0011394902192690209,0.0011045141800423153,0.0006779670729883946,5.187752890378761e-06,0.0028107024845667183,0.07742077857255936,0.010085336714102982,0.0059988516150042415,0.012525335698813693,0.006636286852881312,0.38776054978370667,0.232590664178133
1354,0.0011384853420149039,0.0010311639744031709,0.0006077402795199305,5.029310045756574e-06,0.0027248587139183655,0.07734974846243858,0.010080708791920627,0.005964231677353382,0.012502888372804851,0.006601134780794382,0.386371947824955,0.23186084814369678
1355,0.00113748030259444,0.0010334623839298729,0.000575776615733048,5.286503977686152e-06,0.0028642053875955753,0.07754742540419102,0.01009358218951851,0.005978656001389027,0.012550210372195671,0.006650593946687877,0.38930223137140274,0.23342482838779688
1356,0.001136475102109778,0.0009613302318030037,0.0005884690071980003,4.527121248543153e-06,0.0024527750138076954,0.0770249143242836,0.01005951970242814,0.005957920220680535,0.012548728304217336,0.006649593939073384,0.3892102763056755,0.23311759531497955
1357,0.0011354697416632426,0.0009556957993481774,0.0005610664375126362,4.677432514199609e-06,0.0025342131993966177,0.07715345360338688,0.01006790954095328,0.005994863226078451,0.012592143629921723,0.006721099722199142,0.39190807938575745,0.23453076649457216
1358,0.0011344642223573358,0.0010132911338587292,0.0006155113696877379,4.806996457773494e-06,0.0026044101250590757,0.07713745720684528,0.010066865925362687,0.005972786922939122,0.012490034665454636,0.006616060272790492,0.3855779245495796,0.23135769087821245
1359,0.001133458545294733,0.0010023005233961158,0.00067222370125819,4.28686946918333e-06,0.002322607673704624,0.07707680016756058,0.0100629070260273,0.006000775960274041,0.012507623903078571,0.006619122577831149,0.3866646885871887,0.23187074437737465
1360,0.0011324527115782815,0.0009527143374725711,0.0005872034435014939,4.456952169107353e-06,0.002414757793303579,0.07750738225877285,0.010090975710309015,0.005965303163975477,0.01253328684708379,0.006639079074375331,0.38825302571058273,0.2328802039846778
1361,0.0011314467223110013,0.00090023144002771,0.000554521942831343,4.213893106452815e-06,0.0022830693851574324,0.07718241587281227,0.010069799102472247,0.0059939841739833355,0.012571500801121863,0.0066985549638047814,0.3906242176890373,0.2339033167809248
1362,0.0011304405785960842,0.0008687177105457522,0.0005126138821651693,4.2324675746385765e-06,0.0022931329658604227,0.0774332545697689,0.010086149112142359,0.0059699948178604245,0.012542227459078811,0.006641207146458328,0.38880712538957596,0.23312018997967243
1363,0.0011294342815368888,0.0008582910741097294,0.0005283431783027481,4.020117643221965e-06,0.002178082591854036,0.07732347771525383,0.01007899687774296,0.005964338663034141,0.012489170290297046,0.006609527859836817,0.38552459329366684,0.23142403550446033
1364,0.001128427832236944,0.0007692511462664697,0.0004893442783213686,3.48632964630724e-06,0.0018888785489252768,0.07789014466106892,0.01011586177750585,0.005996851832605898,0.01256691034840492,0.00666138285305351,0.3903389722108841,0.2341145584359765
1365,0.0011274212317999445,0.0006983951971051283,0.0004125561717955861,3.3993458998793358e-06,0.0018417512328596786,0.07711329311132431,0.010065288913795711,0.005969134625047445,0.012509944612373182,0.0066311495611444116,0.3868081867694855,0.2319607399404049
1366,0.0011264144813297509,0.0006109717578510754,0.0003842471614916576,2.801554046527599e-06,0.0015178701214608736,0.0775067750364542,0.01009093614337631,0.005979041219688952,0.01251920571211758,0.006633693585172296,0.3873811215162277,0.23244394827634096
1367,0.0011254075819303894,0.0005748237617808627,0.0003508839690766763,2.714275424864354e-06,0.001470582908950746,0.07742939889431,0.010085897978211024,0.005976870539598167,0.012521568146031054,0.00663983600679785,0.38752730935811996,0.23247835412621498
1368,0.0011244005347060477,0.0005746996321249753,0.00036328128044260666,2.621602433805492e-06,0.0014203730243025348,0.07743339240550995,0.010086158219574976,0.005967005155980587,0.012554994843991038,0.006642384920269251,0.38959911465644836,0.23351625353097916
1369,0.0011233933407610768,0.0006142082711448893,0.00036025057306687813,3.0085858639949947e-06,0.0016300389834214002,0.07688604481518269,0.010050447353544233,0.005957488901913166,0.01249475119215176,0.006606623181141913,0.38586920499801636,0.23137762490659952
1370,0.001122386001199989,0.0007450485609297175,0.0004244965693942504,3.741735682183389e-06,0.0020272564797778614,0.07774865999817848,0.010106669835087423,0.006021882756613195,0.012539722554397767,0.0066561573185026646,0.38865184783935547,0.23320025391876698
1371,0.0011213785171274547,0.0007656725101696793,0.0004771086969412863,3.5436371064179184e-06,0.0019199277012376115,0.07711658626794815,0.01006550378644708,0.005959694040939212,0.012533101511291882,0.0066313049755990505,0.3882415443658829,0.2326790653169155
1372,0.0011203708896483041,0.0007075131397868972,0.0004749674208142096,3.022718416900716e-06,0.0016376959829358384,0.07744089141488075,0.010086646492165771,0.0059935267781838775,0.012501143443020933,0.006636515608988702,0.3862641230225563,0.23185250721871853
1373,0.0011193631198675247,0.0006508035658043809,0.0004221676026645582,2.889183491561198e-06,0.0015653473528800532,0.07704461738467216,0.010060805992800655,0.0059633878991007805,0.012509513629052912,0.006623255321756005,0.3867815360426903,0.23191307671368122
1374,0.001118355208890259,0.0006365384251694195,0.0004185216312180273,2.784454451898455e-06,0.0015086055791471153,0.07733098417520523,0.010079486128870776,0.005979408975690603,0.012493929364431822,0.006614920566789806,0.3858184516429901,0.23157471790909767
1375,0.0011173471578218054,0.0005876168688701,0.00037915261782472953,2.623634046017287e-06,0.0014214738112059422,0.07736742123961449,0.010081860671731696,0.005962933762930334,0.012522424619806908,0.006627640454098582,0.38758034259080887,0.23247388191521168
1376,0.001116338967767615,0.0005688741148333065,0.0003701712157635484,2.5169737654096025e-06,0.0013636856419907417,0.07742857374250889,0.010085844414186425,0.005971000296995044,0.012517058926258255,0.006644747452810407,0.38724827766418457,0.23233842570334673
1377,0.0011153306398332923,0.000619650829321472,0.00040042054024524987,2.7622438523167148e-06,0.0014965719601605088,0.077494191005826,0.010090116919788866,0.005991412908770144,0.012532853328296263,0.006648610229603946,0.3882261663675308,0.2328601786866784
1378,0.0011143221751245924,0.0006384921071003191,0.0004294418977224268,2.721861235954748e-06,0.0014746928718523122,0.07726960256695747,0.010075484887929323,0.005960390553809702,0.012512509412135548,0.006616396480239928,0.3869668245315552,0.23211821354925632
1379,0.0011133135747474203,0.0005881589422642719,0.0003827581531368196,2.6020173891083687e-06,0.0014097619787207805,0.0769996177405119,0.010057867661097343,0.005977079854346812,0.012559487691913326,0.006687573506496847,0.389878012239933,0.23343881499022245
1380,0.00111230483980783,0.0005820942933496553,0.00035501684942573775,2.7508596929237683e-06,0.001490404007199686,0.07713020406663418,0.010066392685204198,0.0059677474200725555,0.012505965740576885,0.006620876141823828,0.38656216114759445,0.23184618260711432
1381,0.0011112959714120233,0.0005377177822083468,0.00036057213037565816,2.300313909131546e-06,0.0012463003731681965,0.07748574391007423,0.010089567248283086,0.0059820376336574554,0.012552602763591115,0.006646494381129742,0.38945067673921585,0.23346821032464504
1382,0.0011102869706663481,0.0004961464783264091,0.00031962479624780826,2.2189785369164383e-06,0.0012022331575280987,0.07714852690696716,0.010067588210664443,0.005972854443825781,0.012484267634238131,0.006593565922230482,0.3852219730615616,0.23118524998426437
1383,0.001109277838677297,0.0004946308363287244,0.0002825982519425452,2.4783529397609527e-06,0.0013427611193037592,0.07696573622524738,0.010055654236423205,0.005956051521934569,0.01249859362961799,0.006616985774599016,0.38610655069351196,0.23153614345937967
1384,0.0011082685765515074,0.000464982165794936,0.000302190908769262,2.06008846248551e-06,0.0011161471520608757,0.07747331634163857,0.010088757739820244,0.005969401332549751,0.012524610715617938,0.006634818040765822,0.3877156898379326,0.23259450308978558
1385,0.0011072591853957586,0.0004728494695882546,0.0003214645894331625,1.9903975285728848e-06,0.0010783889156300575,0.07689537853002548,0.01005105698610728,0.00595499062910676,0.01251187454921644,0.006606073584407568,0.3869275599718094,0.23191146925091743
1386,0.0011062496663169722,0.00041924747711163945,0.0002833210110111395,1.7773363012452137e-06,0.0009629532942199148,0.07717498764395714,0.010069314529102806,0.005972296348772943,0.012503125948426286,0.006619535037316382,0.3863866403698921,0.23178081400692463
1387,0.001105240020422209,0.0004180089890724048,0.00026159828848904,1.9262827208876843e-06,0.0010436517513880972,0.07713279314339161,0.010066561637566087,0.0059915127931162715,0.012542196712847531,0.00664909603074193,0.38880524784326553,0.23296902049332857
1388,0.0011042302488186704,0.0004972591068508336,0.0002849842221621657,2.4849929900483403e-06,0.0013463586365105584,0.0771898590028286,0.010070284645986147,0.005958554451353848,0.012495889723666262,0.006616101250983775,0.3859395384788513,0.23156469874083996
1389,0.0011032203526136943,0.0005224282231210964,0.00030774588230997324,2.5492216479960916e-06,0.0013811575045110658,0.07722148671746254,0.010072347403020813,0.005969868157990277,0.012489913350696722,0.006623157532885671,0.3855704590678215,0.23139597289264202
1390,0.0011022103329147554,0.0005689677363989176,0.00033107841773016844,2.806454233450495e-06,0.0015205249364953488,0.07763443887233734,0.010099243418425982,0.005996371968649328,0.012510572739610742,0.006618106039240956,0.38684701919555664,0.232240729033947
1391,0.0011012001908294645,0.0005570199064095505,0.0003284510585217504,2.7155902131426046e-06,0.001471295276132878,0.07746594399213791,0.010088277593088902,0.005985880037769675,0.012509581680037997,0.006627115188166499,0.38678573071956635,0.23212583735585213
1392,0.0011001899274655663,0.0005060595613031182,0.00031401920205098577,2.351847527393147e-06,0.001274220943741966,0.07706146687269211,0.0100619061884319,0.005959852016530931,0.012490667434615946,0.006598450359888375,0.3856169879436493,0.2313392274081707
1393,0.001099179543930938,0.0004476523226912832,0.00028664496767305536,2.0149322565998773e-06,0.0010916817118413746,0.07718797400593758,0.010070161817249786,0.005972169805318117,0.012509454883887727,0.00662348628975451,0.3867778852581978,0.23198292963206768
1394,0.0010981690413335897,0.00042451834269741084,0.00027972042153123766,1.8525615956832553e-06,0.0010037099782493897,0.07738611102104187,0.010083077905442451,0.00598667305894196,0.012495151531514027,0.0066095966612920165,0.38589392602443695,0.2316400185227394
1395,0.0010971584207816615,0.0004330906431277981,0.0002785549677355448,1.940276057155188e-06,0.0010512333028600551,0.07692514918744564,0.010053002459371579,0.005951706203632057,0.012538427698178107,0.006647957139648497,0.388571597635746,0.23274837341159582
1396,0.0010961476833834217,0.0004293565270927502,0.000285642550807097,1.8534888752697043e-06,0.001004212383122649,0.07724100910127163,0.010073620589277698,0.005959853762760758,0.012503166829017979,0.006612763041630387,0.3863891661167145,0.23181508760899305
1397,0.001095136830247269,0.0004598528630594956,0.00029083533263474237,2.09658884386954e-06,0.001135922964749625,0.077495152130723,0.010090179384662406,0.005977201391942799,0.012506405863730516,0.006621874403208494,0.3865893483161926,0.2320422502234578
1398,0.0010941258624817265,0.000475835286124493,0.00030151551254675724,2.1652335888688867e-06,0.001173114294942934,0.07758307829499245,0.010095902068399693,0.0059817819856107235,0.012519801992337648,0.006623498513363302,0.3874180018901825,0.23250054009258747
1399,0.0010931147811954454,0.0005047568974987371,0.000335217933752574,2.1833185144259915e-06,0.0011829126960947178,0.07746543176472187,0.01008824441650375,0.005989655386656523,0.012537855516555644,0.006643101340159774,0.38853614032268524,0.23300078604370356
1400,0.0010921035874972003,0.0005354633976821788,0.0003498390033200849,2.358750357700501e-06,0.0012779609132849146,0.07718562707304955,0.010070008640491184,0.005970813217572868,0.01252339578089946,0.006638009566813707,0.38764044642448425,0.2324130367487669
1401,0.0010910922824958881,0.000570877058635233,0.00034029306698357686,2.756043969043276e-06,0.001493212977948133,0.07706756331026554,0.010062303986521633,0.005969191552139819,0.01253329018513479,0.00663387100212276,0.38825321942567825,0.2326603913679719
1402,0.0010900808673005296,0.000540410879693809,0.00034609392969287,2.432057897294726e-06,0.001317678630584851,0.07714584097266197,0.010067413132381407,0.005986160831525922,0.012522547798462364,0.0066443211399018764,0.3875879868865013,0.23236691392958164
1403,0.0010890693430202656,0.0006143937862361781,0.0003909949682565639,2.783316276122605e-06,0.001507988985395059,0.07747355289757252,0.010088773155343067,0.005985375610180199,0.012520059877641335,0.006617354811169207,0.3874339759349823,0.2324537644162774
1404,0.0010880577107643557,0.0005992368387524039,0.00038424219746957533,2.693294021582915e-06,0.0014592153238481842,0.07709500938653946,0.010064095645566224,0.005967675824649632,0.01253240992480421,0.006635947618633509,0.38819869607686996,0.2326468527317047
1405,0.0010870459716421795,0.0005525882188521791,0.0003616507183323847,2.4295838727539376e-06,0.0013163381881895475,0.07704217359423637,0.01006064625511192,0.005957889137789607,0.012471148970741851,0.006603528978303075,0.3844127655029297,0.23072746954858303
1406,0.001086034126763233,0.0005404196854215115,0.00035811956513498444,2.343355632206112e-06,0.0012696201520157047,0.07719497382640839,0.01007061835326066,0.005957769346423447,0.012535609335174426,0.006622911081649363,0.3883969113230705,0.23279594257473946
1407,0.0010850221772371273,0.0005775650788564235,0.00037358396548370365,2.5719830887283024e-06,0.001393489474139642,0.07770312204957008,0.010103709825205899,0.005983059643767774,0.012519792112682337,0.006638498161919415,0.38741741329431534,0.2325602676719427
1408,0.00108401012417359,0.0005869088017789181,0.0003741449399967678,2.654070883068016e-06,0.0014379642161657102,0.0774088203907013,0.01008455743944163,0.005975721054710448,0.012520653356880036,0.0066262052860111,0.38747069984674454,0.23243976011872292
1409,0.0010829979686824609,0.0005677173048752593,0.0003709091670316411,2.5008497743783664e-06,0.0013549498107749969,0.07718579843640327,0.010070019568863059,0.0059703264851123095,0.01247567755451827,0.006612213561311364,0.384692020714283,0.23093890957534313
1410,0.0010819857118736927,0.0005558659831876867,0.0003388532641110942,2.6281430933750016e-06,0.0014239167721825652,0.07739339768886566,0.010083552617428672,0.005969503312371671,0.01251076800514778,0.006640631589107215,0.38685910403728485,0.23212625086307526
1411,0.0010809733548573497,0.0006858043489046395,0.000363214250683086,3.647434880349465e-06,0.0019761646981351078,0.07680156640708447,0.010044923955558843,0.005956714623607695,0.012497639753378465,0.006633385084569454,0.3860476389527321,0.23142460267990828
1412,0.0010799608987436043,0.0006071819370845333,0.0003667264973046258,2.8959318143506607e-06,0.001569003623444587,0.07687570713460445,0.010049771529417901,0.005957367597147822,0.012511970354958647,0.006627960014156997,0.38693347573280334,0.2319045914337039
1413,0.0010789483446427396,0.0006337963277474046,0.0004157401999691501,2.779683697440305e-06,0.0015060207806527615,0.07759387418627739,0.010096604170617389,0.005979275447316468,0.012524282339028008,0.006619824329391122,0.3876953646540642,0.23264461942017078
1414,0.0010779356936651456,0.0006760023825336248,0.0004286645526008215,3.0737664502566986e-06,0.0016653536513331346,0.0773357804864645,0.010079798688535018,0.0059779222356155515,0.01257028851722035,0.006675597280263901,0.39054887741804123,0.23394232895225286
1415,0.0010769229469213177,0.000732923701434629,0.00044643569526670035,3.467867330186891e-06,0.001878875722468365,0.07710902765393257,0.01006501069298018,0.00596437172498554,0.012532317323338574,0.006622237153351307,0.38819295912981033,0.23265099339187145
1416,0.001075910105521857,0.0007778148974466603,0.0004626016325346427,3.762797945228158e-06,0.0020386679025250487,0.07747354544699192,0.01008877270459712,0.005973485764116049,0.012504637859448503,0.006636102218180895,0.38648009300231934,0.23197681922465563
1417,0.0010748971705774684,0.0007744722825009376,0.0004898835431959014,3.530532055151525e-06,0.0019128271960653365,0.07682942971587181,0.010046746234063767,0.005941666313447058,0.01249800550671858,0.0066247532377019525,0.38607022911310196,0.23144982941448689
1418,0.0010738841431989588,0.0008025934985198546,0.0005403731138358125,3.417293314100789e-06,0.0018514750190661289,0.07722572050988674,0.010072623525017511,0.006002533598802984,0.01256101106529224,0.0066823860397562385,0.38997259736061096,0.23359915893524885
1419,0.0010728710244972373,0.0008730585541343316,0.000577312457608059,3.7948669131537827e-06,0.0020560428383760154,0.07751841470599174,0.010091693836696294,0.00599624018650502,0.012554912695780004,0.006683282786980271,0.3895940035581589,0.2335562091320753
1420,0.0010718578155833134,0.001017954185954295,0.0006212986154423561,4.807303156439957e-06,0.0026045764388982207,0.07713554985821247,0.010066741428676425,0.005988193326629698,0.012500473516173595,0.006654049619100988,0.3862227126955986,0.23167913127690554
1421,0.0010708445175682936,0.0015708325809100643,0.0007858868266339414,8.6944486952234e-06,0.004710615423391573,0.07740886695683002,0.010084560595981692,0.005982190719805658,0.012560863066208997,0.00669833505526185,0.38996339589357376,0.2336861314252019
1422,0.0010698311315633844,0.0014432244206545874,0.0009186083225358743,6.5369444826046674e-06,0.003541688754921779,0.0773751363158226,0.010082363044256968,0.005984887480735779,0.012599971198373345,0.006707301130518317,0.3923954740166664,0.2348853051662445
1423,0.0010688176586798872,0.0012915311090182513,0.0008411894668824971,5.708604192022904e-06,0.003092897590249777,0.07740513421595097,0.01008431744931677,0.005994911189191043,0.012554837066793046,0.0066785316448658705,0.3895893394947052,0.23349723685532808
1424,0.0010678041000291997,0.0012242239536135457,0.0007919354975456372,5.451090544283943e-06,0.0029533777124015614,0.07774664834141731,0.010106539079420941,0.00600505864713341,0.012542942142688527,0.0066640840377658606,0.38885144144296646,0.2332990448921919
1425,0.0010667904567228132,0.0011321321071591228,0.000728820978110889,5.06717984194438e-06,0.0027453765069367364,0.07740764133632183,0.010084480780308151,0.005996877793222666,0.012514951887509446,0.006636406062170863,0.387117899954319,0.23226277064532042
1426,0.0010657767298723117,0.0010090864307130687,0.0006710012130497489,4.358519262837035e-06,0.002361427206778899,0.07722672447562218,0.010072689258635052,0.005987750482745469,0.012504652405958093,0.006606484646908939,0.38648100942373276,0.23185386694967747
1427,0.001064762920589371,0.0008951661438914016,0.000599777078605257,3.833035393085993e-06,0.002076722310448531,0.0767734944820404,0.010043088124764834,0.005939984694123268,0.012471840599764687,0.006596367689780891,0.3844553977251053,0.23061444610357285
1428,0.0010637490299857573,0.00076127122156322,0.0005050233667134307,3.296929861562603e-06,0.0017862625827547163,0.07657355442643166,0.010030002388682336,0.005976459593512118,0.012473808805169306,0.006597652682103217,0.3845767676830292,0.23057516105473042
1429,0.0010627350591733262,0.0006550479447469115,0.00043822385305247735,2.809812073678586e-06,0.0015223442460410297,0.07754822447896004,0.010093634000471403,0.005988809396512806,0.012513137701359518,0.0066467467695474625,0.38700567930936813,0.23227695189416409
1430,0.0010617210092640204,0.0005502550229721237,0.0003591734694055049,2.4263407993885266e-06,0.001314581160841044,0.0769768338650465,0.010056379407099435,0.0059607153525575995,0.012516058352346182,0.0066261449828743935,0.38718637079000473,0.23208160232752562
1431,0.0010607068813698706,0.0004975527699571103,0.0003084690142713953,2.3143181664408985e-06,0.0012538877272163518,0.07722620852291584,0.010072655669532433,0.00596438255161047,0.012458669868519155,0.0065776146948337555,0.38364385813474655,0.2304350333288312
1432,0.0010596926766029923,0.0004268877619324485,0.0002639889817146468,1.990570879684128e-06,0.0010784828555188142,0.07718733325600624,0.010070120091264607,0.005974941304884851,0.012494301486567494,0.0066066100262105465,0.38584142178297043,0.23151437751948833
1433,0.001058678396075585,0.000425888822064735,0.0002545522638683906,2.0510219655989204e-06,0.0011112350184703246,0.0770561695098877,0.01006156026033521,0.005960656679235399,0.012516458591509396,0.006632109871134162,0.3872111141681671,0.2321336418390274
1434,0.0010576640408999321,0.0003906194106093608,0.00025063397242774954,1.7544640513733611e-06,0.0009505611305939965,0.07711348496377468,0.010065301564120936,0.005973851424641907,0.012499435524283745,0.006622567889280617,0.3861585631966591,0.23163602408021688
1435,0.0010566496121883983,0.0003678658013086533,0.0002504366630091681,1.5459374438364648e-06,0.0008375823272217531,0.07719860970973969,0.01007085541869283,0.005967472097836435,0.012528269186756707,0.006632366799749434,0.38794221729040146,0.23257041350007057
1436,0.001055635111053429,0.0003492768846626859,0.0002256134703202406,1.557654336181713e-06,0.0008439305020147003,0.07708116620779037,0.010063192354517357,0.005950124119408429,0.012498256855872655,0.006610502605326474,0.38608575612306595,0.23158346116542816
1437,0.0010546205386075486,0.00033276169051532634,0.00021609795112453867,1.475494386227183e-06,0.0007994166080607101,0.07720646634697914,0.010071368093117174,0.005959255271591246,0.012517689312148894,0.006621454493142664,0.38728727400302887,0.232246870175004
1438,0.001053605895963361,0.0003507902874844149,0.00020947848406649427,1.6907432325297123e-06,0.000916037468414288,0.07718330435454845,0.010069856996817709,0.0059574354672804475,0.012483346323133413,0.0066060388926416636,0.38516509532928467,0.23117419984191656
1439,0.001052591184233546,0.000364670228009345,0.00020856661285506561,1.8255674660849763e-06,0.000989084681350505,0.07714438810944557,0.010067318093772199,0.00596350955311209,0.012520667158388085,0.006631310796365142,0.3874715641140938,0.23230797611176968
1440,0.001051576404530859,0.0003347290294186678,0.0001993106179725146,1.6175886514702142e-06,0.0008764026351855136,0.07708165422081947,0.010063223896511417,0.005961042013950646,0.012495839648511756,0.006612739176489413,0.3859364092350006,0.23150903172791004
1441,0.001050561557968131,0.00033919746965693776,0.00021874544108868577,1.5153414878454896e-06,0.0008210055530071259,0.07700219936668873,0.01005803594283833,0.0059608310693874955,0.012509391194510826,0.006623936467804015,0.3867739588022232,0.23188807908445597
1442,0.0010495466456582653,0.00031378598760056775,0.00020902674259559717,1.3525815987236456e-06,0.0007328229476115666,0.07724998891353607,0.01007420624967448,0.005969400983303785,0.01251598801124354,0.00662154343444854,0.38718198984861374,0.2322159893810749
1443,0.0010485316687142375,0.00030186030016920995,0.0002081296370306518,1.2491477008325091e-06,0.0006767829363525379,0.07703090086579323,0.010059910543077978,0.00595770706422627,0.012504896493864786,0.006618647952564061,0.38649607449769974,0.23176348768174648
1444,0.001047516628249095,0.0002824550283548888,0.0001867758110165596,1.2277170355901035e-06,0.0006651718613284174,0.07693792134523392,0.010053837191011078,0.005943662370555103,0.012479646260185231,0.006595009472221136,0.3849368169903755,0.23093736916780472
1445,0.0010465015253759535,0.00027338094332662877,0.0001814298384488211,1.1834445885483547e-06,0.0006411853028112091,0.07706643268465996,0.010062230502169192,0.0059599095256999135,0.012486416415958244,0.006600937340408564,0.38535457849502563,0.2312105055898428
1446,0.0010454863612079977,0.00028031752663082443,0.00018243094837089302,1.2400684781255222e-06,0.0006718638323945925,0.07729855366051197,0.010077372126518446,0.005960628273896873,0.01249700704614314,0.006610766751691699,0.38600853085517883,0.2316535422578454
1447,0.0010444711368584802,0.0002880708516386221,0.00018137579172616825,1.319410621647421e-06,0.000714851059456123,0.0770046804100275,0.010058198072986448,0.005954832537099719,0.012494033897512656,0.006613107398152351,0.38582488894462585,0.23141478467732668
1448,0.0010434558534407183,0.00027077808044850826,0.00017900869988807244,1.1772988983693722e-06,0.0006378555772243999,0.07715267688035965,0.010067858771991853,0.005962951807305217,0.012492784393323724,0.0066088843159377575,0.3857477158308029,0.23145019635558128
1449,0.001042440512068095,0.00026489904485060833,0.00018196979817730607,1.1011826046569695e-06,0.0005966160279058386,0.07711694948375225,0.010065527821538314,0.005948967998847365,0.012492684363523812,0.0065947327530011535,0.38574156165122986,0.23142925556749105
1450,0.0010414251138540572,0.0002584820931588183,0.0001742177601045114,1.0991954511041513e-06,0.0005955394044576678,0.07716456055641174,0.010068634551604849,0.005958411376923323,0.012492548659516364,0.006610733340494335,0.3857331797480583,0.23144887015223503
1451,0.0010404096599121125,0.0002458021517668385,0.00016915351170609938,1.019566209237155e-06,0.0005523966574401129,0.07716114073991776,0.0100684111642789,0.005954275839030743,0.012489206847222885,0.0066083589335903525,0.3855268284678459,0.23134398460388184
1452,0.001039394151355831,0.00024362370004382683,0.00015942714526318014,1.0712707023685653e-06,0.0005804099018860143,0.07715403288602829,0.010067947482002853,0.005957779008895159,0.01250655348914489,0.006613242323510349,0.38659851253032684,0.23187627270817757
1453,0.001038378589298843,0.00024216081055783434,0.00015868628997850465,1.0632399494170386e-06,0.0005760588919656584,0.077112240716815,0.010065220511404625,0.005957868415862322,0.012505019554256707,0.006613147794269025,0.386503666639328,0.2318079536780715
1454,0.001037362974854836,0.0002560195171099622,0.00015334174349845853,1.2305940160217688e-06,0.0006667305970040616,0.07721668295562267,0.010072034250929087,0.005961258546449244,0.012544147063899563,0.006636944250203669,0.3889261707663536,0.23307142686098814
1455,0.0010363473091375562,0.00026795144185598474,0.00016228349340963177,1.2746929130003082e-06,0.0006906232083565556,0.07697528786957264,0.010056278385584292,0.005956294480711222,0.01253683222706192,0.006654501077719033,0.38847271353006363,0.23272400069981813
1456,0.0010353315932608053,0.00032446181467093993,0.00018080483187077334,1.659462505188003e-06,0.0008990897113108076,0.07705606520175934,0.010061553209678081,0.0059550871374085546,0.01250743935047283,0.006613502278923988,0.386653296649456,0.23185468092560768
1457,0.0010343158283384402,0.0003579972544685006,0.00022017775245330995,1.6782619880473248e-06,0.0009092752188735176,0.07709135115146637,0.010063856974942076,0.005956426030024886,0.012520615003135678,0.006634363438934088,0.3874683380126953,0.23227984458208084
1458,0.0010333000154843725,0.0004017184855911182,0.00024111506900226232,1.9271692934808016e-06,0.001044132121023722,0.07728178985416889,0.010076279486527335,0.0059644856955856085,0.012527613778349904,0.006644180044531822,0.3879016190767288,0.23259170446544886
1459,0.0010322841558125647,0.00038128374399093445,0.00023611662345501827,1.7754885277554422e-06,0.0009619521842978429,0.07713714800775051,0.010066845687980022,0.005964172771200538,0.012515980453911472,0.0066264052875339985,0.3871815353631973,0.23215934168547392
1460,0.0010312682504370317,0.0003933659172616899,0.0002530884503357811,1.761689190971083e-06,0.0009544757558614947,0.07750198058784008,0.010090624108962899,0.005987216369248927,0.012510943639751092,0.0066325514344498515,0.38686998933553696,0.23218598496168852
1461,0.0010302523004718388,0.0003986996925959829,0.00023959960981301265,1.9104985327089707e-06,0.0010350999946240336,0.07688964158296585,0.01005068218002472,0.0059511985164135695,0.01248292709897244,0.006600535241886973,0.38513923436403275,0.2310144379734993
1462,0.001029236307031099,0.000392007870686939,0.0002506242008166737,1.7673496586212423e-06,0.0009575425392540637,0.07723993808031082,0.010073550798894628,0.005955383065156639,0.012495183703684139,0.006608793861232698,0.38589591532945633,0.23156792670488358
1463,0.0010282202712289736,0.00042042329005198553,0.0002656332189872046,1.9187739468407017e-06,0.0010395835488452576,0.07735950499773026,0.010081344741839325,0.0059716408140957355,0.012510586116051544,0.006651639356277883,0.3868478685617447,0.23210368677973747
1464,0.0010272041941796714,0.0004727407758764457,0.0002706721224967623,2.3643879671908508e-06,0.0012810153311875183,0.07691289484500885,0.010052201858841625,0.005950140301138163,0.012509453575205163,0.006623250897973776,0.3867778182029724,0.23184535652399063
1465,0.0010261880769974444,0.0004670003781939158,0.0002911244246206479,2.1604157538490654e-06,0.0011705041652021464,0.07755440659821033,0.010094036494937888,0.005978575558401644,0.012542825690323924,0.006660203100182116,0.38884421437978745,0.2331993104889989
1466,0.0010251719207965905,0.0005764046945841983,0.00033914467894646805,2.815534713818124e-06,0.0015254447280312888,0.07687447778880596,0.010049691165946756,0.005976176122203469,0.012498090648717911,0.006604904308915138,0.3860754892230034,0.23147498350590467
1467,0.001024155726691449,0.0005812710369355045,0.0003593656383600319,2.7111554459224863e-06,0.0014688925293739885,0.07711968012154102,0.010065705914354751,0.005944687174633145,0.012522387869336581,0.0066308589885011315,0.3875780627131462,0.23234887141734362
1468,0.0010231394957964015,0.0005828275825479068,0.00037253977279760875,2.6282575049663137e-06,0.00142397872696165,0.07708840258419514,0.010063664570306888,0.005953605170361698,0.012490275543846317,0.00660929805599153,0.3855927884578705,0.2313405955210328
1469,0.00102212322922587,0.0005620090341835748,0.00037575159331026953,2.412419675579258e-06,0.0013070387503830716,0.07741190306842327,0.010084758193422874,0.005973975523374975,0.012511571716833779,0.006626256857998669,0.38690880686044693,0.2321603549644351
1470,0.0010211069280943149,0.0005494195902429055,0.0003593866713345051,2.4170571180093248e-06,0.001309551254962571,0.077349703758955,0.010080706085281116,0.00597260904032737,0.01252076071768364,0.006636788253672421,0.387477345764637,0.232413524761796
1471,0.0010200905935162353,0.0005888854066142812,0.0003849263503070688,2.5927144093884635e-06,0.0014047216027393006,0.07709049433469772,0.010063801124656572,0.005976100685074925,0.012485593019816634,0.0066102041164413095,0.3853037506341934,0.23119712248444557
1472,0.0010190742266061672,0.0006301859903032891,0.0004164159454376204,2.7413764627226556e-06,0.0014852661115583032,0.07758248969912529,0.010095863601804547,0.00598006381187588,0.012499170082544774,0.006620539468713105,0.38614218682050705,0.23186233825981617
1473,0.0010180578284786808,0.0006336186961561907,0.0004226226028549718,2.7272326690308546e-06,0.0014776030147913843,0.07715204171836376,0.010067817397809046,0.005953381536528468,0.01248760814637184,0.006589387427084148,0.38542815297842026,0.231290097348392
1474,0.001017041400248381,0.0006640747087658383,0.00044651202370005194,2.8319256841768947e-06,0.0015343253762694076,0.07729351334273815,0.010077043787385307,0.005976853426545858,0.012484723092044802,0.006587745971046388,0.3852500692009926,0.23127179127186537
1475,0.0010160249430299073,0.000745066336094169,0.0004515673717833124,3.5420397779262203e-06,0.0019190621605957858,0.07707554660737514,0.01006282532135229,0.005958629888482392,0.012516115903863397,0.006644964916631579,0.38718991726636887,0.232132731936872
1476,0.0010150084579379284,0.0008188637511921115,0.000492331942950841,3.922125344502092e-06,0.0021249909041216597,0.07730278372764587,0.010077648020591787,0.005993079277686775,0.012555601594025101,0.00668632285669446,0.3896367624402046,0.23346977308392525
1477,0.0010139919460871454,0.0009075340021809097,0.000560135467821965,4.239841487674312e-06,0.0022971280632191338,0.07687951438128948,0.010050020217709989,0.005959944683127105,0.012509953045771818,0.006631905329413712,0.38680870831012726,0.23184411134570837
1478,0.001012975408592288,0.0008827660421957262,0.0005909833562327549,3.7835229136362614e-06,0.0020498967423918657,0.07735920697450638,0.01008132543567953,0.005974417203105986,0.012499431158511263,0.00661828659940511,0.3861583098769188,0.23175875842571259
1479,0.001011958846568114,0.000933614224777557,0.0006449025313486345,3.854701446925901e-06,0.0020884608529740945,0.0773223266005516,0.010078921981062628,0.005981004913337529,0.012518943450250529,0.006614508223719895,0.38736487925052643,0.23234360292553902
1480,0.0010109422611294088,0.0010559088113950565,0.0006200758580234833,5.166597617289881e-06,0.0027992405885015614,0.07714022137224674,0.010067045982069894,0.0059954802272841334,0.012520110291781395,0.006660731974989176,0.3874370977282524,0.23228865955024958
1481,0.0010099256533909829,0.000942656541155884,0.0006197200746100862,4.124067658040076e-06,0.0022344023382174782,0.07734929397702217,0.010080679289510746,0.005968650570139289,0.012510373254470391,0.006627959432080388,0.3868347033858299,0.23209199868142605
1482,0.0010089090244676708,0.0008481202385155484,0.0005594918075075839,3.696289368804173e-06,0.0020026339407195337,0.0766407810151577,0.010034404083426367,0.005947226192802191,0.012469900382595158,0.006607105256989598,0.38433580845594406,0.23048829473555088
1483,0.0010078923754743313,0.0007451223464158829,0.0004912671120109735,3.2494593682486084e-06,0.001760543222189881,0.07721469923853874,0.010071904851619348,0.00596626871265471,0.012537389366535508,0.0066549243638291955,0.38850725442171097,0.23286097683012486
1484,0.0010068757075258447,0.000760250972234644,0.0004781836560141528,3.4856681310202475e-06,0.0018885201789089479,0.07711435109376907,0.010065358128952092,0.005961034446954727,0.012506126606949228,0.006618491723202169,0.38657210767269135,0.2318432293832302
1485,0.0010058590217371117,0.0007065048848744482,0.00046738728997297585,3.069376703024318e-06,0.0016629752135486342,0.07706250250339508,0.01006197352868262,0.005957663408480585,0.012482141799005052,0.006608584430068731,0.38509075343608856,0.23107662796974182
1486,0.001004842319223053,0.0007096937188180164,0.0004786794052051846,3.0154369312640483e-06,0.0016337509296135977,0.07645316608250141,0.010022114704510034,0.005931594991125166,0.0125104632558131,0.006634403602220118,0.3868402764201164,0.23164672125130892
1487,0.0010038256010986078,0.0006933588301762938,0.0004639972758013755,2.97308515939676e-06,0.0016108049458125606,0.07712388597428799,0.010065980411469326,0.005972553277388215,0.012481068325210629,0.0065843104384839535,0.3850245177745819,0.23107420187443495
1488,0.001002808868478732,0.0007395284592348617,0.00046798159019090235,3.3697494643547543e-06,0.0018257159099448472,0.07704551890492439,0.01006086484288877,0.005954037653282285,0.012495941545417192,0.006630154210142791,0.3859427273273468,0.2314941231161356
1489,0.0010017921224783975,0.0008318127365782857,0.00048196566058322787,4.1181588557037685e-06,0.002231200945971068,0.07694384269416332,0.010054224181906126,0.005969470483250916,0.012510820783023643,0.006636254023760557,0.3868623673915863,0.2319031050428748
1490,0.0010007753642125913,0.000775324286223622,0.00047692438602098264,3.6340703104542627e-06,0.0019689239125000313,0.07712720893323421,0.010066197347441689,0.005966474651359022,0.012507701562699095,0.0066354688024148345,0.38666948676109314,0.23189834784716368
1491,0.0009997585947963132,0.0006729349806846585,0.0004462905944819795,2.915328252584004e-06,0.0015795124709256925,0.07726485282182693,0.010075175353919524,0.005976538639515638,0.012526047280133165,0.006645198329351842,0.38780461996793747,0.2325347363948822
1492,0.0009987418153445755,0.0006118893434177153,0.00038410738852689974,2.8110540171155662e-06,0.0015230170611175708,0.07669399119913578,0.010037886864785876,0.005940194940194488,0.012517168933643838,0.006638509803451598,0.38725506514310837,0.23197452817112207
1493,0.0009977250269724016,0.0005998217384330928,0.00041059708200918976,2.504117773582948e-06,0.0013567203495767899,0.0765286460518837,0.010027060653934959,0.005953783635050058,0.01248782358091225,0.006608834257349372,0.3854414373636246,0.23098504170775414
1494,0.0009967082307948249,0.0005694897772627883,0.00037965770570735913,2.4526180055772784e-06,0.0013288179907249287,0.07713157869875431,0.010066482311623107,0.005952974432148039,0.012519674137372407,0.006620892905630171,0.38741011917591095,0.23227084893733263
1495,0.0009956914279268866,0.0005040270098106703,0.0003193045977241127,2.294068778496694e-06,0.0012429166163201444,0.07712645456194878,0.010066148015473833,0.005961756804026663,0.01251996137334669,0.006626005284488201,0.387427881360054,0.2322771679610014
1496,0.0009946746194836363,0.00046269927042885683,0.0003079058533330681,1.9968279758586505e-06,0.0010818729060702026,0.07713622599840164,0.01006678569835665,0.005945932934992015,0.012516497829954164,0.006617165636271238,0.3872135430574417,0.23217488452792168
1497,0.0009936578065801286,0.0005011390858271625,0.0003051534749829443,2.371892776409368e-06,0.0012850814673583955,0.0768674798309803,0.010049233407703551,0.005953077343292534,0.012525853414535234,0.006648512207902968,0.3877926170825958,0.23233004845678806
1498,0.0009926409903314238,0.0004890241852990584,0.00028372389442665735,2.4183012499179313e-06,0.001310225317865843,0.07689563371241093,0.010051073907249634,0.005959180765785277,0.012479006227036403,0.006598871434107423,0.38489731401205063,0.23089647386223078
1499,0.000991624171852586,0.0004294528316677315,0.0002858762672985904,1.8526521685657826e-06,0.001003759061859455,0.07676998898386955,0.010042858916643808,0.005952281411737204,0.012475131656686322,0.006600996945053339,0.3846583440899849,0.23071416653692722
1500,0.00099060735225868,0.0003970043544541113,0.0002732409211603226,1.6464839660557118e-06,0.0008920580658013932,0.07685742899775505,0.010048576780538745,0.00595740950666368,0.012463216559887403,0.0065834098495543,0.3839239031076431,0.2303906660526991
1501,0.0009895905326647743,0.00037584287019853946,0.00024427792686765315,1.6650233902737455e-06,0.0009021026053233072,0.076871482655406,0.01004949523204273,0.0059524523094296455,0.012457562686956584,0.006577374995686114,0.3835756778717041,0.23022358026355505
1502,0.0009885737141859363,0.00039028922765282914,0.00024514432698197197,1.7919461896553912e-06,0.000970868826698279,0.07688947394490242,0.010050671321117711,0.00594500673469156,0.012488466512204073,0.006605416187085211,0.3854811117053032,0.2311852928251028
1503,0.0009875568979372312,0.000365385638360749,0.00024698004381207284,1.5485688180660873e-06,0.000839007963804761,0.07692819647490978,0.010053201672243406,0.005961587303318083,0.012487358330875198,0.006596366874873638,0.38541270047426224,0.231170448474586
1504,0.0009865400850337235,0.00033406314287276473,0.00022169845487951534,1.446157199325171e-06,0.0007835218457330484,0.07692665793001652,0.010053101071141227,0.005948300706222653,0.01250580356307074,0.0066278151934966445,0.3865521401166916,0.23173939902335405
1505,0.0009855232765904733,0.00032997754533425905,0.00020982617206755094,1.4961044030314952e-06,0.0008105830202111974,0.07712997682392597,0.010066377777506713,0.005953299580141902,0.012521521078949077,0.006631412892602384,0.38752441108226776,0.23232719395309687
1506,0.0009845064737225352,0.0003120666351605905,0.0001999381083805929,1.4038146645134475e-06,0.0007605807295476552,0.07672839611768723,0.01004013844794419,0.0059358428698033094,0.012456480377720456,0.006587330834008753,0.383509024977684,0.23011871054768562
1507,0.0009834896775449582,0.0002900048293668078,0.00018604417164169718,1.302792412616327e-06,0.0007058474438963458,0.07701580785214901,0.010058924778188998,0.005950808757916093,0.012474616064576711,0.006592173129320145,0.3846265450119972,0.23082117643207312
1508,0.000982472889172785,0.00028279118305363227,0.0001810922449294594,1.272780252747907e-06,0.0006895869191794191,0.07698036916553974,0.010056610206251978,0.0059467965038493276,0.012460324690092369,0.0065756592666730285,0.3837457746267319,0.2303630718961358
1509,0.0009814561097210473,0.0003180398434778908,0.00019832611906167585,1.4708397770846204e-06,0.0007968947102199309,0.07687261328101158,0.010049568900018749,0.005938564077951014,0.0124791429528848,0.006591340992599726,0.38490576297044754,0.23088918812572956
1510,0.0009804393403047694,0.00032718566035327967,0.0002125433102264651,1.4502790364190332e-06,0.0007857550444896333,0.0768951065838337,0.010051039612498326,0.005946365534327924,0.012485737394863456,0.0066056124633178115,0.38531266152858734,0.23110388405621052
1511,0.000979422582038963,0.0003308501291030552,0.00020745756228279788,1.521644307445058e-06,0.0008244203745562118,0.07692250423133373,0.010052830022154352,0.0059553817845880985,0.012509471169703733,0.006614994956180453,0.38677892088890076,0.23185071256011724
1512,0.0009784058360386284,0.0003166392743878532,0.00019198200334358262,1.5047521841893285e-06,0.0008152683294611052,0.0768867414444685,0.010050492690413512,0.005948659381829202,0.012498547494770966,0.00661785714328289,0.38610371947288513,0.23149523045867682
1513,0.000977389103418753,0.0003152516310365172,0.00018662987531570252,1.5314602777039e-06,0.0008297386375488713,0.07682744599878788,0.010046616509047172,0.005940950126387179,0.012463691759572983,0.006583642330951989,0.38395317643880844,0.23039031121879816
1514,0.0009763723852943076,0.00034015141318377573,0.00018926778102468234,1.7417743478631564e-06,0.0009436859218112659,0.07694704458117485,0.01005443341131246,0.0059581996174529195,0.012475301085866869,0.006601311499252915,0.3846687898039818,0.23080791719257832
1515,0.0009753556827802488,0.0003497202924336307,0.0002026013489739853,1.7316414684387382e-06,0.0009381960408063605,0.07683362439274788,0.010047020434466022,0.005952272214926779,0.012482082633562134,0.006604958674870431,0.38508713990449905,0.23096038214862347
1516,0.000974338996991516,0.0003516890592436539,0.00021099435343785444,1.6878460940006335e-06,0.0009144678479060531,0.07715664617717266,0.01006811812462244,0.005945170880295336,0.012497920509682585,0.0066075806971639395,0.3860649913549423,0.2316108187660575
1517,0.000973322329043029,0.0003463347620709101,0.0002168688924939488,1.5950627840766174e-06,0.0008641982276458293,0.07698589749634266,0.010056971316712592,0.0059597063809633255,0.012451568356447049,0.006590453675016761,0.3832066133618355,0.23009625542908907
1518,0.0009723056800496893,0.00036575060948962346,0.00023557983786304248,1.6361029082645473e-06,0.0008864336596161593,0.07687780447304249,0.010049908544034397,0.0059380484744906425,0.012495964836021767,0.006606875918805599,0.3859441727399826,0.23141098860651255
1519,0.0009712890511263777,0.00038366396620403975,0.00025996460408350686,1.6213884777016574e-06,0.0008784613964962773,0.07683691196143627,0.010047235335724044,0.0059494118904694915,0.012473372052552271,0.006602247362025082,0.3845498412847519,0.23069337662309408
1520,0.0009702724433879516,0.00036219784669810906,0.00023002200032351539,1.6443488135564621e-06,0.000890901228558505,0.07692799530923367,0.010053188463882725,0.005951331811957061,0.012511796770115326,0.006616566795855761,0.3869227319955826,0.23192536365240812
1521,0.0009692558579492463,0.00035805472907668445,0.00023140663870435674,1.5958912271685222e-06,0.0008646470814710483,0.07675387524068356,0.010041805089669505,0.005940470844507217,0.01248100959190068,0.006605103495530784,0.3850208967924118,0.23088738601654768
1522,0.0009682392959250726,0.0003986026677011978,0.00025188808012899244,1.818879056258993e-06,0.0009854609706962947,0.07660618238151073,0.010032138611797104,0.005933935986831784,0.01246031563917381,0.0065714995143935084,0.3837452232837677,0.23017570283263922
1523,0.000967222758430215,0.0004053624961670721,0.00025299521439592354,1.8730888626805609e-06,0.0010148315850528888,0.07705479301512241,0.010061470590071238,0.005952554405666888,0.01247213127086551,0.006605139817111194,0.38447335362434387,0.23076407331973314
1524,0.0009662062465794318,0.00040125987652572803,0.00025333481244160794,1.8327203079593346e-06,0.000992960085568484,0.07698928564786911,0.010057192697330587,0.00595443497877568,0.012489397640597255,0.006601353990845382,0.38553860783576965,0.23126394674181938
1525,0.000965189761487453,0.00043288526649121195,0.00027405131095292745,1.971630453567741e-06,0.001068221030436689,0.07688942179083824,0.010050667972952352,0.005955298780463636,0.01249451200145879,0.006611945107579231,0.38585442304611206,0.23137192241847515
1526,0.0009641733042689787,0.00045219519779493567,0.0002873765006370377,2.0514556879902557e-06,0.0011114699591416866,0.07722002640366554,0.010072252501266884,0.005978878354653716,0.012482260274775527,0.0066102041164413095,0.38509807735681534,0.23115905188024044
1527,0.0009631568760386795,0.0004818166635232046,0.0003201541258022189,2.0828268887385093e-06,0.001128466748923529,0.07669636234641075,0.01003804216259717,0.005968592828139663,0.012529104877119163,0.006662992760539055,0.3879939615726471,0.23234516195952892
1528,0.0009621404779111929,0.0006264774019655306,0.0003560478271538159,3.1528404562664036e-06,0.0017081956102629192,0.07666241563856602,0.010035820377871107,0.005951614119112492,0.012549526685908707,0.006671855226159096,0.38925982266664505,0.23296111915260553
1529,0.0009611241110011244,0.0006693887880828697,0.0003931807768822182,3.2747041274205912e-06,0.0017742208437994123,0.07741936855018139,0.010085244459638732,0.005976274725981057,0.012519997404506012,0.006663151551038027,0.3874301165342331,0.23242474254220724
1530,0.000960107776423045,0.0006861986039439216,0.00041916832196875475,3.2379721375264126e-06,0.001754319659085013,0.07705126330256462,0.010061240083204923,0.005959571106359363,0.012549654816511897,0.006657720310613513,0.38926777988672256,0.2331595215946436
1531,0.0009590914752914901,0.0007467279720003717,0.0004508968941081548,3.5623243519466996e-06,0.0019300522253615782,0.07664801366627216,0.010034877472651993,0.005938548361882567,0.012511516615962554,0.0066440325463190675,0.38690541684627533,0.23177671525627375
1532,0.0009580752087209586,0.0007182047120295465,0.00042023804780910723,3.5254456207667317e-06,0.0019100713179796003,0.07724738866090775,0.010074036432429271,0.0059783069882541895,0.012533101366157063,0.00666265853215009,0.38824155181646347,0.2327444702386856
1533,0.0009570589778259108,0.000726935024431441,0.0004310105687181931,3.526481734184017e-06,0.0019106328036286868,0.07704242505133152,0.010060662888922765,0.0059556185733526945,0.012489510950092009,0.0065925647504627705,0.38554561138153076,0.23129401821643114
1534,0.0009560427837207694,0.0008165314102370758,0.00045569947724288795,4.171053475943154e-06,0.002259859029436484,0.0767162200063467,0.010039341351210514,0.005940329399891198,0.012468873120899391,0.006614308105781674,0.3842724710702896,0.23049434553831816
1535,0.0009550266275199154,0.0009064868063433096,0.0004901644770143321,4.746762911622682e-06,0.002571775985416025,0.07683136500418186,0.010046872607975172,0.005958566558547318,0.012497243278057573,0.006627765484154224,0.38602314889431,0.23142725694924593
1536,0.0009540105103376884,0.0010204489190073218,0.0005977539221930783,5.0041530528233125e-06,0.0027112288953503594,0.07730869390070438,0.010078033375202262,0.005971476901322603,0.012512576138471771,0.006626801332458854,0.3869709372520447,0.23213981557637453
1537,0.0009529944332883859,0.0010002041490224656,0.0006027969247952569,4.780090776534962e-06,0.0025898329840856604,0.07736890763044357,0.010081957197036301,0.005983404815196991,0.012536926246084618,0.006637219688855112,0.3884785398840904,0.232923723757267
1538,0.0009519783974862609,0.0009472403471590951,0.0005820388068968896,4.444564851269206e-06,0.0024080464063445106,0.07687745057046413,0.010049885557564676,0.005973359919153154,0.012505273817046048,0.00663664226885885,0.3865194022655487,0.23169842641800642
1539,0.0009509624040455211,0.0009909482650982682,0.0006521181348944083,4.330541017338874e-06,0.002346268665860407,0.0773343201726675,0.010079703496014726,0.0059585884446278214,0.012549499871080737,0.006670350907370448,0.38925816863775253,0.23329624440521002
1540,0.0009499464540803279,0.0008995985117508098,0.0005793302116217092,4.02489588680055e-06,0.0021806715958518907,0.0765606127679348,0.010029154609688676,0.005951343686319888,0.012488964783037128,0.006596230203285813,0.3855118751525879,0.23103624396026134
1541,0.0009489305487047952,0.0007814873642928433,0.0005185153077036375,3.383886834740224e-06,0.0018333755506318994,0.07681969553232193,0.010046109632996682,0.005964115262031555,0.012457439595812558,0.0065802185563370585,0.38356808573007584,0.23019389063119888
1542,0.0009479146890329874,0.000660079596855212,0.0004467285780265229,2.7934578810118182e-06,0.0015134836357901804,0.07678450457751751,0.010043808407347695,0.005961670656688511,0.012469928535551301,0.006585264811292291,0.38433754444122314,0.23056102450937033
1543,0.0009468988761789197,0.0005713339778594673,0.0003791375074797543,2.473477891840048e-06,0.001340119786618743,0.07684074901044369,0.01004748625926149,0.005949312006123364,0.012453222514967159,0.006567558040842414,0.38330841809511185,0.23007458355277777
1544,0.0009458831112565548,0.00048644599519320764,0.0003316288948553847,2.0408324985510262e-06,0.00110571436380269,0.07702005840837955,0.010059202624845654,0.005949719459749758,0.012460864375723512,0.00656860216986388,0.38377903401851654,0.23039954621344805
1545,0.0009448673953798037,0.00045295010932022706,0.000280812328128377,2.1068845583727125e-06,0.0011415011977078393,0.07665554620325565,0.010035370506039813,0.005938420770689845,0.012467120658101313,0.0065845000790432096,0.3841644823551178,0.23041001427918673
1546,0.0009438517296625242,0.0003849385029752739,0.0002475082392265904,1.7251141528618064e-06,0.0009346595215902198,0.07665092311799526,0.01003506807280619,0.0059302570298314095,0.012501722833857545,0.0066063086269423366,0.3862999305129051,0.2314754268154502
1547,0.0009428361152185171,0.00033786652238632087,0.0002171442092731013,1.5148803669262634e-06,0.0008207557220885064,0.0763469822704792,0.010015152217468385,0.0059315141988918185,0.012489312439336047,0.006609682692214847,0.3855333477258682,0.2309401649981737
1548,0.0009418205531615286,0.00030504227288474794,0.00018353323139308486,1.4601043787365597e-06,0.0007910784006526228,0.07658564113080502,0.010030793699279141,0.005928798229433596,0.012473305991476055,0.006598207983188331,0.38454577326774597,0.2305657071992755
1549,0.0009408050446052477,0.00030694963425048627,0.00018801558144332375,1.4446142060364764e-06,0.0007826858163753059,0.07689717598259449,0.010051174619127884,0.0059468375984579325,0.012471202937270894,0.006592968828044832,0.3844161108136177,0.2306566433981061
1550,0.000939789590663303,0.00027444647730590077,0.00017543891772220377,1.2375081936966126e-06,0.0006704766892653424,0.07665506191551685,0.010035338876499982,0.005948862759396434,0.012470272200711022,0.006580811459571123,0.3843587338924408,0.23050689790397882
1551,0.0009387741924492646,0.0002495712988093146,0.00015967645049386192,1.1243179045550278e-06,0.0006091506675147684,0.07697898708283901,0.010056520220535277,0.005952680017799139,0.012481944919807197,0.006604097550734878,0.38507864624261856,0.2310288166627288
1552,0.0009377588510766418,0.0002295370322826784,0.0001453034506084805,1.0455441241674635e-06,0.0005664713462465443,0.07660778425633907,0.010032243774650736,0.005933224922046065,0.012486682711511928,0.006592546938918531,0.38537098467350006,0.23098938446491957
1553,0.0009367435676588799,0.00021828978333360283,0.00014067234315007227,9.759388532870616e-07,0.0005287595286063151,0.0768441054970026,0.010047705495404603,0.005940629635006189,0.012469450656030705,0.006582101690582931,0.3843080922961235,0.23057609889656305
1554,0.0009357283433093625,0.00019575692658690969,0.00012924565680805244,8.523543826299829e-07,0.0004618019920599181,0.07654112577438354,0.01002787795454282,0.005929783103056252,0.012485199367160986,0.00659138651099056,0.38527945429086685,0.2309102900326252
1555,0.0009347131791414068,0.00016962351219262928,0.00011096458956671995,7.461467639302555e-07,0.00040425918086839374,0.07677511125802994,0.010043193806873706,0.0059376421850174665,0.01246337316178536,0.00657975859940052,0.38393358886241913,0.23035435006022453
1556,0.0009336980762682651,0.00016204825988097582,0.0001037399970300612,7.29576253633013e-07,0.00039528130218968727,0.07661440037190914,0.010032677106503896,0.005928873200900853,0.012468751016714777,0.006574869272299111,0.3842649683356285,0.23043968435376883
1557,0.0009326830358031227,0.0001607504855201114,0.00010633057445375016,6.984737375148597e-07,0.0003784301006817259,0.07685292884707451,0.010048282528861908,0.005945234443061054,0.012475128594692011,0.006591278244741261,0.38465817272663116,0.23075555078685284
1558,0.000931668058859095,0.00014422228377952706,9.389853630636935e-05,6.377260639567339e-07,0.00034551725730125327,0.07674170657992363,0.010041008759286908,0.00593712623231113,0.012478866438612816,0.006596468738280237,0.3848887011408806,0.2308152038604021
1559,0.0009306531465492292,0.00014357083364302525,9.438817642148933e-05,6.280991726725915e-07,0.0003403014525247272,0.07695587910711765,0.010055010420478017,0.005948343314230442,0.012492307242520173,0.006608521449379623,0.3857182711362839,0.23133707512170076
1560,0.0009296382999865013,0.00013946589569968637,8.881801613824791e-05,6.313400966462268e-07,0.000342057399393525,0.07674475200474262,0.010041208300684357,0.005931510007940233,0.012460032283705163,0.00657996186055243,0.3837277740240097,0.23023626301437616
1561,0.0009286235202838144,0.00014171170369081665,9.167433518086909e-05,6.309779045921005e-07,0.00034186116499768104,0.07681569643318653,0.010045848173090777,0.005946034798398614,0.012477406510769146,0.006596519146114588,0.38479868322610855,0.23080718982964754
1562,0.000927608808553999,0.0001423599424015265,9.102235389946145e-05,6.417737878905427e-07,0.0003477103018667549,0.0766593236476183,0.01003561791991731,0.005936659639701247,0.012465750408406192,0.006586729548871517,0.38408003747463226,0.23036968056112528
1563,0.0009265941659098117,0.00015165282002271852,9.851825461737462e-05,6.721925984720656e-07,0.00036419107163965236,0.07693994417786598,0.01005396908439189,0.005944394622929394,0.012486669892162437,0.00661266571842134,0.38537023216485977,0.23115508817136288
1564,0.0009255795934639315,0.00014901280246704118,9.87647331385233e-05,6.460091981352889e-07,0.0003500050715956604,0.07669330760836601,0.010037841833407581,0.0059344773180782795,0.012482845642244693,0.006597874918952584,0.38513419032096863,0.23091374896466732
1565,0.0009245650923289623,0.00016474669700983213,0.00011136147077195346,6.982107123576498e-07,0.0003782875846809475,0.07693004421889782,0.010053322717918667,0.005949588725343347,0.012492487650474742,0.006608824245631695,0.3857294097542763,0.23132972698658705
1566,0.0009235506636174282,0.00018460865067027044,0.00012042158050462604,8.146186480928463e-07,0.0004413569076859858,0.0768671352416277,0.010049211324730446,0.005939572700299323,0.012486729909912538,0.0066062662517651916,0.38537392765283585,0.23112053144723177
1567,0.0009225363084417751,0.0002003013105422724,0.0001234918572663446,9.36771989756835e-07,0.0005075391090940684,0.07674424163997173,0.010041174968579718,0.00593366043176502,0.012491803134811717,0.006602852139621973,0.38568713515996933,0.23121568839997053
1568,0.0009215220279143682,0.00021011053740949137,0.00013219033553468762,9.630775998914487e-07,0.0005217913349042647,0.07688653469085693,0.010050479207014676,0.005951695377007127,0.012466193118686226,0.00659419409930706,0.384107306599617,0.23049692064523697
1569,0.0009205078231474896,0.00021438475960167125,0.00014154484370010323,9.334594928134266e-07,0.0005057444141129963,0.07688237726688385,0.010050207634841893,0.005943387048318982,0.012479951616290669,0.0065955910831689835,0.38495564460754395,0.2309190109372139
1570,0.0009194936952533398,0.00021909514271101216,0.0001488746843278932,9.228144861594956e-07,0.0004999769607820781,0.07677622884511948,0.010043266977725148,0.005939112510532141,0.01249433380651157,0.006591162993572652,0.385843425989151,0.23130982741713524
1571,0.0009184796453440344,0.00022862805235490669,0.0001492590695306717,1.0079517522854076e-06,0.0005461039654619526,0.07674970477819443,0.010041532014880035,0.005940402508713305,0.012470275555629823,0.006588683114387095,0.3843589425086975,0.23055432364344597
1572,0.0009174656745316031,0.00023496378435083898,0.0001438407362002181,1.106424186048116e-06,0.000599455954215955,0.07663781195878983,0.010034209754445167,0.005933044012635946,0.012482699339381086,0.006598242791369557,0.38512517511844635,0.2308814935386181
1573,0.0009164517839279893,0.0002717994220802211,0.00015363431339210365,1.3740598348022104e-06,0.0007444598268193658,0.07690838165581226,0.010051907170403619,0.005947157857008278,0.012533393374012,0.006638176739215851,0.3882596120238304,0.23258399683982134
1574,0.0009154379746450489,0.00034158804373873863,0.00019190752936992794,1.7355434849264384e-06,0.0009403100775671192,0.07660828717052937,0.010032276592487994,0.005928706610575318,0.012462066139677404,0.0065831951797008514,0.3838530480861664,0.23023066762834787
1575,0.0009144242477945472,0.0003530215617502108,0.000208684948120208,1.717193285344365e-06,0.0009303679908043705,0.07697780430316925,0.010056442805043217,0.005961882648989558,0.012476422001683815,0.006597943603992462,0.38473793864250183,0.23085787147283554
1576,0.0009134106044881605,0.00036650050060416106,0.00023889916974439984,1.6185172668770065e-06,0.0008769057931203861,0.0766807533800602,0.01003702063221666,0.005935345194302499,0.012471918919739583,0.006606294773519039,0.3844602406024933,0.23057049699127674
1577,0.000912397045837473,0.0003538404453138355,0.0002263772694277577,1.594130431215035e-06,0.0008636931015644222,0.07708762586116791,0.010063613599181287,0.005949993152171373,0.012507547697289324,0.006607726914808154,0.38665997982025146,0.2318738028407097
1578,0.0009113835729539758,0.0004214083292026771,0.0002467484700900968,2.0672877667493594e-06,0.0011200477019883692,0.07692076824605465,0.010052716479769356,0.0059441321063786745,0.01254033265428532,0.006657597376033664,0.38868968933820724,0.23280522879213095
1579,0.0009103701869490664,0.00048342711306759156,0.0003013132818523445,2.2367882976936926e-06,0.001211882412462728,0.07643558457493782,0.01002096203794535,0.00593004678376019,0.012480596264811223,0.00660471897572279,0.3849954158067703,0.23071550019085407
1580,0.0009093568889340469,0.0005359126535040559,0.0003157255869155051,2.61475079810225e-06,0.0014166609107633121,0.0771265123039484,0.01006615162954562,0.0059508682461455464,0.012512254133368433,0.006626022746786475,0.3869510367512703,0.23203877452760935
1581,0.0009083436800201223,0.0005989420715195592,0.00038142858647916,2.711346326123021e-06,0.0014689959571114741,0.07675635069608688,0.01004196702902205,0.0059404835337772965,0.012484229168710444,0.0065823165932670236,0.38521958887577057,0.23098796978592873
1582,0.000907330561318401,0.0005870318491361104,0.0003725482656591339,2.6669942343460207e-06,0.0014449661102844402,0.07705233804881573,0.010061309958981402,0.005957028130069375,0.012489833832821136,0.00661459076218307,0.3855655565857887,0.23130894731730223
1583,0.0009063175339398916,0.0006206668222148437,0.00039415795254171826,2.81785568745363e-06,0.0015267022681655362,0.07689639180898666,0.010051123313202797,0.005961106973700225,0.012476787939646397,0.006596118328161538,0.3847604915499687,0.2308284416794777
1584,0.0009053045989955027,0.0007895146663940977,0.00048533546942053363,3.7029292769830136e-06,0.002006231385166757,0.0771819930523634,0.010069771555123919,0.005966133554466069,0.012478390359094932,0.006597257335670292,0.3848593458533287,0.23102066945284605
1585,0.000904291757596042,0.0008616752093075775,0.0005423158781923121,3.9481899989368685e-06,0.0021391124828369357,0.07692988216876984,0.01005331168092944,0.005950230755843222,0.012483955826925958,0.00659565010573715,0.38520271331071854,0.2310662977397442
1586,0.000903279010852214,0.0008630475240352098,0.0005546164320548996,3.87004115509626e-06,0.0020967718373867683,0.07713591679930687,0.010066765370466434,0.005960227805189788,0.012493913349537165,0.006584369810298085,0.3858174607157707,0.2314766887575388
1587,0.0009022663598746199,0.0007904772101028357,0.0004985399500583299,3.614325493117576e-06,0.001958226232090965,0.07638233341276646,0.010017470830178716,0.005937195499427617,0.012472891096585677,0.006583440583199263,0.38452018052339554,0.230451256968081
1588,0.0009012538057737553,0.0007413137755065691,0.0004411154623085167,3.5845739887463424e-06,0.001942106944625266,0.0766959898173809,0.010038017789879082,0.005929172039031982,0.01247481058061901,0.006566674681380391,0.38463855534791946,0.23066727258265018
1589,0.0009002413496600103,0.0007207438356999774,0.0004332787575549446,3.4526001257972894e-06,0.0018706041082623415,0.07685677148401737,0.010048533607270113,0.005958832451142371,0.012433465032148315,0.006584734073840082,0.3820931389927864,0.2294749552384019
1590,0.0008992289926436671,0.0006667119487246964,0.00043081103467557114,2.9721819743144806e-06,0.0016103155503515154,0.07656027004122734,0.010029132029077997,0.005938034155406058,0.01246249569874844,0.006576166255399585,0.38387951999902725,0.2302198950201273
1591,0.000898216735834899,0.0006190462518134154,0.00039612958244106267,2.7883436786169113e-06,0.0015107128492672928,0.07671267725527287,0.010039109792666374,0.005955185159109533,0.012484002015696745,0.006604227004572749,0.38520555943250656,0.2309591183438897
1592,0.00089720458034377,0.0005927990896452684,0.000382630303647602,2.645783325760931e-06,0.0014334741499624215,0.07663452066481113,0.010033994211648764,0.0059422546764835715,0.012515397798937771,0.0066410304279997945,0.387145459651947,0.23188999015837908
1593,0.0008961925272802327,0.0006120594080130104,0.0003949903020838974,2.732276399797229e-06,0.0014803357698838226,0.07670360803604126,0.010038515833263413,0.005933469510637224,0.012479715494324724,0.006603523739613593,0.38494107127189636,0.2308223396539688
1594,0.0008951805777541271,0.0006159116819617338,0.0004008910746051697,2.724262870401617e-06,0.0014759940895601176,0.0768335722386837,0.01004701699456015,0.0059439195320010185,0.012482202275707361,0.006598498672246933,0.3850945010781288,0.23096403665840626
1595,0.0008941687328751802,0.0006697644130326807,0.0004265812603989616,3.0315797374669273e-06,0.001642497009015642,0.07677928730845451,0.010043467198703627,0.00596092501655221,0.012432418226849117,0.0065699220867827535,0.3820287883281708,0.22940403781831264
1596,0.0008931569937530039,0.0006083377265895251,0.0004002771675004624,2.658898566210155e-06,0.0014405798719963059,0.07628480717539787,0.010011073479896933,0.005933432374149561,0.012447533414798966,0.006579317152500153,0.3829583078622818,0.22962155751883984
1597,0.0008921453614970941,0.000588143495406257,0.0003820244219241431,2.607291833101044e-06,0.0014126197856967337,0.07681951858103275,0.010046098135422255,0.005949195707216859,0.01247789370687848,0.006603526417165995,0.38482870161533356,0.23082411009818316
1598,0.00089113383721683,0.0005758791739935987,0.00036999457006459124,2.582924537364306e-06,0.0013994175242260098,0.07681294158101082,0.010045667917509958,0.0059442773927003145,0.012485492786713489,0.006603578105568886,0.3852975592017174,0.2310552503913641
1599,0.0008901224220214714,0.0005659358976117801,0.0003669236302812351,2.513834601813869e-06,0.0013619848978123628,0.07673142105340958,0.010040335742036123,0.005943024065345526,0.012485156679432044,0.006608966737985611,0.38527683168649673,0.23100412636995316
1600,0.0008891111170201593,0.0005252116807241691,0.00034793716622516513,2.2781827340168093e-06,0.0012343096677795984,0.07641091383993626,0.010019344759651175,0.005935564870014787,0.01245368319785125,0.0065753275994211435,0.3833368122577667,0.2298738630488515
1601,0.0008880999233219142,0.00044592249105335213,0.00030056275136303157,1.896215238161858e-06,0.0010273613879689947,0.07651575468480587,0.010026216073242894,0.0059282793663442135,0.012470377807287254,0.006590871489606798,0.3843652233481407,0.2304404890164733
1602,0.0008870888420356328,0.0004254794166627107,0.00028108800324844196,1.8513342254777854e-06,0.00100304505758686,0.07650238275527954,0.010025339851032747,0.005935290479101241,0.012493036721123712,0.006621636915951967,0.3857633247971535,0.2311328537762165
1603,0.0008860778742700905,0.0004350907784100855,0.0002667717890290078,2.0457278395724643e-06,0.0011083667268394493,0.0767389927059412,0.010040831315375977,0.005943937809206545,0.012483414953902103,0.0065910108387470245,0.3851693347096443,0.23095416370779276
1604,0.0008850670211339378,0.0003998064530605916,0.0002491546965757152,1.8501686582794719e-06,0.001002413424430415,0.07670561037957668,0.010038647293749531,0.005933174514211714,0.01245584572578832,0.006576473009772599,0.38346993178129196,0.23008777108043432
1605,0.0008840562837356982,0.0003794003150687786,0.00022784690190746915,1.8191612980444916e-06,0.0009856139367911965,0.076959989964962,0.01005527923990323,0.00594834447838366,0.012445363303866638,0.006576063577085733,0.3828247860074043,0.22989238798618317
1606,0.0008830456631837695,0.00034858308208640665,0.0002183856986448518,1.6046131676716868e-06,0.0008693725867487956,0.07668270356953144,0.010037148125320942,0.005935511086136103,0.012456424449040408,0.0065840574679896235,0.38350559026002884,0.23009414691478014
1607,0.0008820351605864215,0.0003225212112738518,0.00021677379208995262,1.375999865160793e-06,0.0007455108680005651,0.07654029130935669,0.010027823445722128,0.00594339647796005,0.012485926784421767,0.006616272032260895,0.3853243440389633,0.23093231767416
1608,0.0008810247770517934,0.0002854890208254801,0.00018168175392929697,1.2933250843616406e-06,0.0007007180611253716,0.07649445161223412,0.0100248201957642,0.005925586912781,0.012455329335331815,0.006577619817107916,0.3834381476044655,0.2299662996083498
1609,0.0008800145136878954,0.00025570508660166524,0.00016896226225071587,1.112368188671553e-06,0.0006026763512636535,0.07661367580294609,0.010032629513439162,0.005926861194893718,0.012466400314536908,0.006576536223292351,0.3841200992465019,0.230366887524724
1610,0.0008790043716026046,0.0002848811291187303,0.00019460377643554239,1.1923136824520952e-06,0.0006459904980147257,0.07666818611323833,0.010036197913888911,0.005935319582931697,0.012449960001003464,0.006580873625352979,0.38310763239860535,0.22988790925592184
1611,0.0008779943519036656,0.0003390926922293147,0.0002076033106277464,1.5966352151508545e-06,0.0008650501986267045,0.07676741480827332,0.010042690652275428,0.005929669132456183,0.01248631648082211,0.0065860936883836985,0.3853484019637108,0.23105790838599205
1612,0.0008769844556986896,0.00033758056633814704,0.00021363036739785457,1.5381835893890639e-06,0.0008333813275385182,0.07682005129754543,0.010046132718637886,0.0059421483892947435,0.012472656299337637,0.006584723014384508,0.3845057114958763,0.23066288139671087
1613,0.0008759746840951506,0.0003179861232638359,0.00020870124808425317,1.3937458618329401e-06,0.000755125602154294,0.07683124020695686,0.010046864460707903,0.005939196678809822,0.012457468945056968,0.006580392480827868,0.3835698962211609,0.23020056821405888
1614,0.0008749650382003875,0.00033178784724441357,0.00022358324986271327,1.4112444048919315e-06,0.0007646062040294055,0.07641703262925148,0.010019745881354663,0.005924160708673298,0.012463803113635792,0.006583022768609226,0.3839600682258606,0.23018855042755604
1615,0.0008739555191216013,0.0003168343464494683,0.00020060718179593096,1.4428739731897622e-06,0.000781742979597766,0.07680249586701393,0.010044985071706543,0.0059364704648032784,0.012463755974357112,0.0065963511588051915,0.3839571252465248,0.23037981055676937
1616,0.0008729461279658524,0.000290034669887973,0.00018594516859593568,1.3037988608743944e-06,0.0007063926459522918,0.07675088569521904,0.010041609545326393,0.005935998167842627,0.012484251606949331,0.00658957997802645,0.385220967233181,0.23098592646420002
1617,0.0008719368658400625,0.00026341321881773183,0.00017819395543483552,1.1153468832958424e-06,0.0006042902277840767,0.07670153863728046,0.010038380475181808,0.005930858547799289,0.012435408008592668,0.006564639275893569,0.3822125717997551,0.22945705521851778
1618,0.0008709277338510118,0.0002793415487758466,0.0001798872199287871,1.2498414960759874e-06,0.0006771588414267171,0.07650643773376942,0.010025605383750623,0.005931115709245205,0.01246611724328791,0.006576444604434073,0.38410264253616333,0.23030454013496637
1619,0.0008699187331053362,0.00026439950670464896,0.0001591249820194207,1.2652324699047313e-06,0.0006854975763417315,0.07685120403766632,0.010048169659198894,0.005938402260653675,0.012456699855205705,0.0065711477072909474,0.38352254033088684,0.23018687218427658
1620,0.0008689098647095295,0.0002752184382188716,0.00017049258985935012,1.2811503680154601e-06,0.0006941217943676747,0.07667057774960995,0.010036354597134702,0.005933150881901383,0.012484631156762679,0.006610257783904672,0.38524439185857773,0.23095748480409384
1621,0.0008679011297699394,0.00028064722482668003,0.00015912234084680676,1.4151950651353218e-06,0.0007667467543797102,0.07658047042787075,0.010030455221476975,0.005925344419665635,0.012491564615755938,0.006601180648431182,0.3856724128127098,0.23112644162029028
1622,0.0008668925293927671,0.0002575547459855443,0.00015514397819060832,1.2314562951587504e-06,0.0006671977935184259,0.0765281580388546,0.010027028453956451,0.005927386577241123,0.012440839037586237,0.006559422239661217,0.3825465068221092,0.2295373324304819
1623,0.0008658840646840672,0.00023785273333487567,0.00015474477822863264,1.0525821210194408e-06,0.0005702845119230915,0.07662011496722698,0.01003305113480672,0.0059601482935249805,0.012460747886185935,0.006574970902875066,0.3837718293070793,0.23019597213715315
1624,0.0008648757367497444,0.0002158415190933738,0.00013660678814630955,9.833603442643835e-07,0.0005327804319676943,0.07662419229745865,0.010033318185746392,0.005938683752901852,0.01246202001556694,0.0065928519470617175,0.38385020941495895,0.2302372008562088
1625,0.000863867546695554,0.00022426450505008688,0.00014922706850484246,9.67918563077319e-07,0.0005244142248557182,0.076650220900774,0.010035022031826194,0.0059336015256121755,0.012464150888005752,0.006591363227926195,0.38398148864507675,0.23031585477292538
1626,0.0008628594956271002,0.0002285819382450427,0.00015191909369605128,9.878876632285483e-07,0.0005352332937036408,0.07667393237352371,0.010036574076434759,0.005939569789916277,0.012476015958354745,0.0065941017819568515,0.3847128823399544,0.23069340735673904
1627,0.0008618515846498346,0.00023338826031249482,0.00015187925600912422,1.0325372521435838e-06,0.0005594242593360832,0.07670938596129417,0.010038894083286268,0.005941807758063078,0.012470893137045474,0.006583090638741851,0.3843970149755478,0.23055320046842098
1628,0.0008608438148690549,0.0002150989712390583,0.00014774483997825882,8.942770364228636e-07,0.0004845154853683198,0.07665055617690086,0.010035044055392192,0.005928443977609277,0.012478191088331836,0.0066004793625324965,0.3848470449447632,0.23074880056083202
1629,0.0008598361873899045,0.00020602712720574345,0.00013881527229386847,8.76482587841565e-07,0.00047487453230132814,0.07658692821860313,0.010030878203608208,0.005926816025748849,0.012475288109014446,0.006575699662789702,0.3846679925918579,0.23062746040523052
1630,0.0008588287033173704,0.0002028850794886239,0.00013592232926384895,8.688440331638958e-07,0.000470736064016819,0.07674961909651756,0.010041526489907153,0.005938200978562236,0.012457427768485562,0.006591152399778366,0.38356735557317734,0.23015848733484745
1631,0.0008578213637562824,0.00019906569923477946,0.00013193120548748993,8.630625707439776e-07,0.0004676036442106124,0.07678482681512833,0.010043829596674202,0.005939677474088967,0.01246115252937466,0.006571944220922887,0.3837967738509178,0.23029080033302307
1632,0.0008568141698113116,0.00020143362053204328,0.00013329462262845482,8.748492810184416e-07,0.0004739896030514501,0.07678347639739513,0.01004374121696546,0.005947548313997686,0.01245509785811288,0.006574213621206582,0.383423887193203,0.23010368179529905
1633,0.0008558071225869701,0.000235452579545381,0.00014259708405006677,1.1201168632624103e-06,0.0006068745569791645,0.07656955160200596,0.01002974032752579,0.005932334344834089,0.012444927306917014,0.006564714829437435,0.3827979639172554,0.22968375775963068
1634,0.0008548002231876083,0.00022709100630891044,0.0001444793124392163,1.0290552587832735e-06,0.0005575377654167823,0.07668141461908817,0.0100370637643934,0.005932401167228818,0.012449015402576959,0.006566585740074515,0.38304949551820755,0.22986545506864786
1635,0.000853793472717415,0.00026328348576498684,0.00016815895833133254,1.1882367090265689e-06,0.0006437815791286994,0.07699224166572094,0.01005738567792977,0.005947785917669535,0.012468451805348266,0.00659035355783999,0.3842465430498123,0.23061939235776663
1636,0.0008527868722804155,0.0002778200132524944,0.00017805814150051447,1.2493037786498462e-06,0.0006768674611521419,0.07664810307323933,0.010034883273185607,0.0059378958540037274,0.012458749731299469,0.006603657850064337,0.3836487680673599,0.23014843557029963
1637,0.0008517804229804706,0.0002776485780486837,0.0001692278501650435,1.3129144065260334e-06,0.0007113314713933505,0.07651340402662754,0.010026061771522193,0.005928392056375742,0.012448930801633892,0.006567077245563269,0.3830442950129509,0.22977884951978922
1638,0.0008507741259212754,0.00028540625498862937,0.00018459315651853103,1.2710668926274593e-06,0.0006886586234031711,0.07653108611702919,0.0100272203824405,0.0059328346978873014,0.012453311322632213,0.006575229112058878,0.383313924074173,0.22992250509560108
1639,0.0008497679822063579,0.00027751614288717974,0.00018126432041754015,1.2228285868332023e-06,0.0006625233763770666,0.07664086483418941,0.010034409431045683,0.005939522641710937,0.012484933622747578,0.006606902927160263,0.385263055562973,0.23095196019858122
1640,0.0008487619929390782,0.00028285073312872555,0.00018160847685066983,1.269518520530255e-06,0.0006878197018522769,0.07678558863699436,0.010043879128814345,0.0059380821185186505,0.012450658796996266,0.0065776025876402855,0.3831506371498108,0.22996811289340258
1641,0.0008477561592226267,0.0003020641361217713,0.00019473104384815088,1.3499487820922695e-06,0.0007313964706554543,0.07643287070095539,0.010020783966772863,0.005922558135353029,0.01243193334544243,0.006557183223776519,0.3819990009069443,0.22921593580394983
1642,0.0008467504821600238,0.00032545086833124515,0.00019901624364138115,1.534137780367928e-06,0.0008311893252539448,0.07668516784906387,0.010037309324305126,0.005934176268056035,0.01247419013092633,0.006587978568859398,0.38460028171539307,0.23064272478222847
1643,0.000845744962854117,0.00038374902760551777,0.0002283138037455501,1.8558467189677685e-06,0.0010054898775706533,0.0767115093767643,0.010039033330064867,0.005947402329184115,0.012442682915989005,0.006576487561687827,0.3826599195599556,0.22968571446835995
1644,0.000844739602407582,0.00036507207914837636,0.00023599346150149358,1.6267875722064673e-06,0.000881386538821971,0.07665974274277687,0.010035645379762814,0.0059448337415233254,0.012462135763406892,0.006592850782908499,0.3838573396205902,0.23025854118168354
1645,0.00084373440192292,0.00034710013096628245,0.00021508526060642907,1.6152943658198637e-06,0.0008751595996727701,0.07679020054638386,0.010044181025096263,0.005942214280366898,0.012489519542929496,0.006599784712307155,0.38554612547159195,0.2311681630089879
1646,0.0008427293625024559,0.0003531927468429785,0.0002230196887467173,1.6129416664512064e-06,0.0008738849464862142,0.07649805769324303,0.010025056529755732,0.0059388658264651895,0.012421000936249694,0.00656980078201741,0.38132747262716293,0.22891276516020298
1647,0.000841724485248339,0.00037777130637550727,0.00024203599969041534,1.6993720279856461e-06,0.0009207125112880021,0.07673588953912258,0.010040628143229023,0.005935477209277451,0.0124481134012517,0.00658392917830497,0.38299398869276047,0.22986493911594152
1648,0.0008407197712625409,0.00035177367317373864,0.00022670940052194055,1.5726050364150979e-06,0.0008520307237631641,0.07667640037834644,0.010036735465871856,0.005946972058154643,0.012474087764697555,0.006596872000955045,0.3845939561724663,0.23063517827540636
1649,0.0008397152216468529,0.000351875116393785,0.00022838997392682359,1.5611337715881746e-06,0.0008458156444248743,0.07697419822216034,0.010056206937346756,0.005947570665739477,0.012475693301216655,0.00661024556029588,0.3846929743885994,0.23083358630537987
1650,0.000838710837502887,0.000341396687872475,0.0002274948583362857,1.471041407796747e-06,0.0007970039659994654,0.07651364803314209,0.010026078009146046,0.005935321911238134,0.01246762138689343,0.006598302628844976,0.38419533520936966,0.23035449162125587
1651,0.0008377066199320743,0.0003191594823874766,0.00020705657516373321,1.416716692403952e-06,0.0007675710803596303,0.07640024274587631,0.010018645231786867,0.005921255215071142,0.012473508548502122,0.006574175669811666,0.3845582902431488,0.23047926649451256
1652,0.0008367025700356615,0.00030857179990562145,0.00020620920167857548,1.3252635682192704e-06,0.0007180221837188583,0.0766152162104845,0.010032730410468363,0.005946448189206421,0.012447483145111191,0.0065707574831321836,0.3829552009701729,0.2297852085903287
1653,0.0008356986889147131,0.0003143428712064633,0.00019782413892244222,1.4404280008761816e-06,0.0007804177876096219,0.07650800608098507,0.010025708437943521,0.005929486360400915,0.012465239389714772,0.006575318286195397,0.38404855877161026,0.23027828242629766
1654,0.0008346949776701073,0.00032127611120813526,0.00020774552831426263,1.4311637315245207e-06,0.0007753984136797953,0.07671489007771015,0.010039254381491582,0.005940342787653208,0.012464655676257902,0.006594000267796218,0.3840125948190689,0.23036374244838953
1655,0.0008336914374025366,0.00034276950827916153,0.00022268364409683272,1.5192310200973225e-06,0.0008231129286286887,0.07670026645064354,0.010038297755455648,0.005945813609287143,0.012457925382615267,0.006566379452124238,0.3835980072617531,0.2301491368561983
1656,0.0008326880692125068,0.00038518036853929516,0.0002317140042578103,1.8439528304270425e-06,0.0009990457838284783,0.07651253417134285,0.010026004894274822,0.005954852676950395,0.012472938784679262,0.0066107795573771,0.3845231160521507,0.2305178251117468
1657,0.0008316848742003331,0.00041926712765416596,0.00027177779793419177,1.8627396016768216e-06,0.0010092244192492217,0.0770042184740305,0.010058167871584145,0.005959352245554328,0.012483989776417658,0.0066131086787208915,0.38520481437444687,0.23110451642423868
1658,0.0008306818534661419,0.0004448147301445715,0.0002726672964854515,2.0919404732921976e-06,0.0011334044465911575,0.07661183178424835,0.01003250876202184,0.005934144952334464,0.01250677790552553,0.006643469678238034,0.3866124004125595,0.23161211609840393
1659,0.0008296790081098695,0.000502798273373628,0.0002822097176249372,2.5565952768147326e-06,0.0013851524636265822,0.07660778053104877,0.01003224350267926,0.005938072223216295,0.012450698388904826,0.0065677742240950465,0.3831530660390854,0.22988042328506708
1660,0.0008286763392312575,0.0005144572805875214,0.00030759169385419227,2.476799906503402e-06,0.0013419195674941875,0.0765172466635704,0.010026313678513771,0.005925793084315956,0.012447677500628003,0.0065811017993837595,0.38296715915203094,0.22974220290780067
1661,0.0008276738479298559,0.0004898460356344003,0.00030388082086574286,2.2770699530383354e-06,0.001233706840139348,0.0767718143761158,0.010042978185212617,0.005950783961452544,0.012465179268491415,0.006593492114916444,0.3840448409318924,0.2304083276540041
1662,0.0008266715353050196,0.0004986437033949187,0.0003049251463380642,2.350549934249102e-06,0.0012735178897855803,0.0770054068416357,0.010058245635490046,0.005951212486252189,0.0124635477129333,0.006583299254998565,0.3839443325996399,0.2304748697206378
1663,0.0008256694024559065,0.00046218055103963707,0.00028652277433138806,2.1499089939425176e-06,0.001164811612397898,0.07630523853003979,0.010012414228571579,0.005928786122240126,0.012471612346008262,0.006577972904779017,0.3844413533806801,0.23037329595535994
1664,0.0008246674504814787,0.0004364615579106612,0.0002829292388923932,1.9390902394889054e-06,0.0010505907848710194,0.07664140313863754,0.010034444960918603,0.005934109096415341,0.012465861014491333,0.006596495979465544,0.38408686220645905,0.2303641326725483
1665,0.0008236656804804994,0.000417322598877945,0.00026687894023780245,1.8809619035664582e-06,0.0010190971952397376,0.07661536708474159,0.010032740200961662,0.005930264247581363,0.012445280578163978,0.006575945648364723,0.3828197047114372,0.2297175358980894
1666,0.0008226640935515319,0.00044314738624962047,0.0002973052360175643,1.894654928946693e-06,0.0010265159653499722,0.07663065381348133,0.010033741047186578,0.005959057714790106,0.012467432156960376,0.006585976923815906,0.38418369740247726,0.2304071756079793
1667,0.0008216626907929397,0.00044531784624268766,0.000316342962833005,1.7741323006248422e-06,0.000961217319854768,0.07632449641823769,0.010013677505748182,0.00592433288693428,0.0124706728883252,0.006595500046387315,0.384383425116539,0.23035396076738834
1668,0.0008206614733028828,0.0004453537840163335,0.0003009335196111351,1.8882295975686247e-06,0.0010230348016193602,0.07663067989051342,0.010033742860058996,0.0059434822760522366,0.012445990890492729,0.006575283943675458,0.382863387465477,0.2297470336779952
1669,0.0008196604421793194,0.00044172204070491716,0.0002842164312824025,1.9781336959567852e-06,0.0010717444165493362,0.07690421491861343,0.010051634731988505,0.005951205268502235,0.012498879894720205,0.006629264331422746,0.38612425327301025,0.23151423409581184
1670,0.0008186595985200033,0.00047290768634411506,0.00027066925940744113,2.3659494772232392e-06,0.001281861354073044,0.07658300176262856,0.01003062097094115,0.005927697871811688,0.012457204653348918,0.006591092678718269,0.3835536018013954,0.23006830178201199
1671,0.0008176589434224814,0.00044584713032236323,0.000285616860310256,2.0058631946540117e-06,0.0010867681703530252,0.0765171479433775,0.010026307147335718,0.005927278194576502,0.012467783915167665,0.006594195496290922,0.3842053562402725,0.230361252091825
1672,0.0008166584779840952,0.00038227197728701867,0.0002523054681660142,1.6650886962565892e-06,0.000902138006495079,0.07656448520720005,0.010029408071288283,0.005929623148404062,0.012448311107766714,0.006583453621715307,0.38300615549087524,0.22978532034903765
1673,0.000815658203301978,0.0003615936730057001,0.00023670366317674052,1.5894434355345766e-06,0.0008611536977696232,0.07634139992296696,0.010014786148129985,0.005924464436247945,0.01250915141127695,0.006613371311686933,0.3867591693997383,0.23155028466135263
1674,0.000814658120473053,0.0003802500959864119,0.00024021247099881293,1.7357104553639147e-06,0.0009404005504620727,0.07628828287124634,0.010011301689654417,0.005905235419049859,0.012468033247513213,0.00657602958381176,0.3842207342386246,0.23025450855493546
1675,0.000813658230594034,0.00036721784999826923,0.00021789468064525863,1.780210538981919e-06,0.0009645105055824388,0.07642115280032158,0.010020016100704533,0.0059291255893185735,0.01252289829902152,0.00665258476510644,0.38760966807603836,0.23201541043817997
1676,0.0008126585347614233,0.0004497732861636905,0.00022400188481697114,2.4969906604610514e-06,0.0013528588715416845,0.07669069990515709,0.010037671219733209,0.005941346171312034,0.012510178855176413,0.006632924545556307,0.3868226706981659,0.2317566853016615
1677,0.0008116590340715089,0.00043624006502795964,0.00024485263020324055,2.2181601906368087e-06,0.0012017897533951327,0.07632840424776077,0.010013933720483401,0.005915607791393995,0.012456656485709804,0.006582612171769142,0.38351984322071075,0.22992412373423576
1678,0.0008106597296203667,0.0004416998981469078,0.0002773226196950418,2.028825406341639e-06,0.0010992089773935732,0.0764751099050045,0.010023552606558458,0.005922364303842187,0.012448313007370624,0.006564651383087039,0.3830062672495842,0.22974068857729435
1679,0.0008096606225038562,0.00046234417823143303,0.00026456499290361535,2.313530281128351e-06,0.0012534609049907885,0.07650303654372692,0.010025382579867681,0.005922548356465995,0.012453057313497523,0.006558326305821538,0.38329827040433884,0.22990065347403288
1680,0.0008086617138176208,0.00042872049380093813,0.00026061118387588067,2.0324222091971933e-06,0.0011011577007593587,0.07646184228360653,0.010022683138759803,0.005927983671426773,0.012471572382940034,0.0065902137430384755,0.3844388797879219,0.23045036103576422
1681,0.0008076630046570868,0.00039537025440949947,0.00023289550063054776,1.9292680732974077e-06,0.0010452692076796666,0.07662567123770714,0.010033414815462055,0.005935762193985283,0.012488029689586747,0.006629311130382121,0.3854541480541229,0.23103990964591503
1682,0.0008066644961174608,0.0003795877782977186,0.00021829770321346587,1.8913918538032704e-06,0.0010247480495308992,0.07667670212686062,0.010036755220268149,0.005940656061284244,0.012451169099293193,0.006569663994014263,0.3831820636987686,0.22992938291281462
1683,0.0008056661892937298,0.00033807047657319345,0.00021313286015356425,1.5463777529589606e-06,0.0008378209131478798,0.07663421519100666,0.010033974179892168,0.005929944105446339,0.012455807464560124,0.0065862110350281,0.3834676072001457,0.2300509111955762
1684,0.0008046680852806601,0.0003164189220115077,0.00019212729148421204,1.5016459045114061e-06,0.000813585411378881,0.07634415850043297,0.010014967141167138,0.005931955296546221,0.012440463415467055,0.006577742751687765,0.38252340257167816,0.22943378053605556
1685,0.0008036701851727948,0.0003257582284277305,0.0001943024562933715,1.5717755417199442e-06,0.0008515813169651665,0.07662118226289749,0.010033120934957734,0.005937806563451886,0.012476861271740011,0.006602404289878905,0.38476501405239105,0.23069309815764427
1686,0.0008026724900644535,0.00031798670534044504,0.00019876393616868882,1.4671170447400073e-06,0.0007948777492856607,0.0765317790210247,0.010027265824327256,0.0059372312389314175,0.01243278560629414,0.006575701292604208,0.38205137848854065,0.22929157875478268
1687,0.0008016750010497317,0.0002961192876682617,0.00018810914207278984,1.3439747519328193e-06,0.0007281598373083398,0.07674000225961208,0.010040897528861096,0.005932750995270908,0.012453919813380445,0.006569823599420488,0.3833513781428337,0.2300456902012229
1688,0.0008006777192224981,0.00026900241937255487,0.0001764328044373542,1.1799296650849556e-06,0.0006392808536475059,0.07662143371999264,0.01003313734245521,0.005937341949902475,0.012451005039312823,0.006578283617272973,0.3831719309091568,0.22989668231457472
1689,0.0007996806456763947,0.000258803926044493,0.00016885892182472162,1.1417289087489735e-06,0.000618583904724801,0.07648840360343456,0.010024423994957342,0.005933454725891352,0.01244849419902638,0.006579306209459901,0.383017435669899,0.22975291963666677
1690,0.0007986837815048346,0.0002429563401165069,0.00016242434321611654,1.042983992505242e-06,0.0005650843231705949,0.07629760541021824,0.010011913433301392,0.005926699144765735,0.012432172862248604,0.00655230029951781,0.382013738155365,0.22915567178279161
1691,0.000797687127801002,0.0002402595491730608,0.00015802032339706784,1.050610780595207e-06,0.0005692164431820856,0.07669416442513466,0.010037898190553451,0.005947282304987311,0.012447482852844971,0.0065810782834887505,0.3829552009701729,0.22982468269765377
1692,0.0007966906856578496,0.00022021169752406422,0.00014111350355960894,9.90418314472663e-07,0.0005366044497350231,0.07631800696253777,0.010013251889610194,0.005921008181758225,0.012467158884609756,0.006577155087143183,0.3841668367385864,0.2302424218505621
1693,0.0007956944561680983,0.00021250112786219688,0.00013829625549988123,9.400601967968214e-07,0.000509320603669039,0.0766013041138649,0.010031819308860733,0.005923261865973473,0.012470667199730563,0.006584833259694278,0.38438308238983154,0.23049219325184822
1694,0.0007946984404242363,0.00021654028478224063,0.0001349215585833008,1.002250673565186e-06,0.0005430151722976007,0.07643472403287888,0.01002090585783047,0.005922359996475279,0.012438112485674528,0.006554525811225176,0.38237882405519485,0.22940677404403687
1695,0.0007937026395185166,0.00020103335464227712,0.00012630557830561884,9.227544737200333e-07,0.0004999444463464897,0.07668701186776161,0.01003743001797114,0.005934103392064571,0.012466329255502874,0.006579756853170693,0.38411570340394974,0.23040135763585567
1696,0.000792707054542957,0.00018887981968873646,0.0001264033871848369,8.098726027583325e-07,0.00043878553515241947,0.07650953903794289,0.010025808588186462,0.00593250070232898,0.012472526940207625,0.006590891629457474,0.384497731924057,0.23050363548099995
1697,0.0007917116865893387,0.00016948185839282814,0.0001128057074311073,7.312469136877553e-07,0.00039618645314476453,0.07650705985724926,0.010025646387834547,0.005931698833592236,0.012457008840240808,0.006580696674063802,0.383541576564312,0.23002431821078062
1698,0.0007907165367492047,0.00015203672319330508,0.00010150664638786111,6.536725365435814e-07,0.0003541570094967028,0.07644984498620033,0.010021896905066812,0.005920544499531388,0.012464887559701161,0.006583204725757241,0.384026862680912,0.23023835383355618
1699,0.0007897216061138585,0.000152617432831903,9.920415277520078e-05,6.760306980879704e-07,0.00036627053123083897,0.07655438408255577,0.010028746699897374,0.005927610793150961,0.012463436210642564,0.0065859867027029395,0.38393744826316833,0.23024591617286205
1700,0.000788726895774364,0.00015396620165120112,9.776282104212441e-05,6.991189671623488e-07,0.000378779708626098,0.0763981994241476,0.010018511148521854,0.0059238995891064405,0.01246105326747108,0.006570767727680504,0.38379065692424774,0.23009442817419767
1701,0.0007877324068215426,0.0001583449211466359,0.0001020903737298795,7.075786072618939e-07,0.00038336309808073565,0.07660783641040325,0.01003224721962212,0.005937627516686916,0.012473767828361826,0.006591479294002056,0.384574256837368,0.23059104662388563
1702,0.0007867381403459735,0.0001533183340143296,9.855083453658153e-05,6.873223270531525e-07,0.0003723883201018907,0.07673923298716545,0.010040847076217777,0.005941290990449488,0.012462446948990466,0.006576545420102775,0.3838765174150467,0.23030787520110607
1703,0.0007857440974379922,0.00015240507218550192,9.588217744749272e-05,6.98596576143018e-07,0.0003784966302191606,0.07654418796300888,0.010028078845558345,0.0059258012333884835,0.012457994445446888,0.006569060496985912,0.38360225409269333,0.2300732210278511
1704,0.0007847502791876879,0.0001451229118174524,9.331836736237165e-05,6.503208531682958e-07,0.0003523410759953549,0.07659603282809258,0.010031474337850371,0.00592586153652519,0.012437285891627438,0.00655973597895354,0.38232802599668503,0.2294620294123888
1705,0.0007837566866849046,0.000131626758047787,8.909880398277892e-05,5.569230516755397e-07,0.00030173855702742003,0.07659040950238705,0.010031106053471538,0.00592986773699522,0.01245744222410592,0.006582267582416534,0.38356825709342957,0.2300793332979083
1706,0.0007827633210192388,0.0001337948042419157,8.455433953713509e-05,6.104822105612584e-07,0.000330756660332554,0.07639192417263985,0.010018099264737438,0.005920722731389105,0.012435726006393727,0.006560069043189287,0.3822321146726608,0.22931201942265034
1707,0.0007817701832800369,0.00013207830579631263,8.688009302204591e-05,5.774706615113701e-07,0.000312871143250959,0.07628082856535912,0.010010812467694082,0.005917762755416334,0.012445815216196239,0.006565356976352632,0.38285259157419205,0.22956671006977558
1708,0.0007807772745563962,0.00014631643989559961,8.89434327291383e-05,6.936349663533292e-07,0.0003758084603759926,0.07640358805656433,0.010018864463591435,0.0059263298753649,0.01245505433699442,0.006572726648300886,0.38342122733592987,0.2299124076962471
1709,0.0007797845959371638,0.0001810771618693252,0.00010109251479661907,9.247317258598287e-07,0.0005010157346987398,0.07661990635097027,0.01003303735601822,0.005922406446188688,0.012447848618649879,0.006564705166965723,0.3829777017235756,0.22979880403727293
1710,0.0007787921485109325,0.00022054927376302658,0.00011371751088518067,1.1957943399920623e-06,0.0006478762988990638,0.07648200541734695,0.010024004551209258,0.00592926237732172,0.012429465629339043,0.006558832712471485,0.3818473666906357,0.22916468605399132
1711,0.0007777999333660433,0.0002672782666195417,0.00014965628361096606,1.3617054541725793e-06,0.0007377661713690031,0.07650650292634964,0.010025609919608864,0.005930829327553511,0.012423632853935858,0.006554630235768855,0.3814890757203102,0.22899778932332993
1712,0.0007768079515905811,0.0002863456520572072,0.00017432960066798842,1.355510562461859e-06,0.0007344098266912624,0.0768292173743248,0.010046732202478422,0.0059445631923154,0.012462815048734106,0.0065855171997100115,0.38389918208122253,0.23036419972777367
1713,0.0007758162042723761,0.00028171686972200405,0.00017857388138509123,1.2814584309239763e-06,0.0006942887848708779,0.07646090537309647,0.010022621614386351,0.005930618266575038,0.01246235572512867,0.0065815383568406105,0.3838708773255348,0.23016589134931564
1714,0.0007748246924990007,0.0002849500233423896,0.00018520863886806183,1.262312430583279e-06,0.0006839155394118279,0.07641077600419521,0.010019335773033983,0.005937088397331536,0.01245363149237783,0.006564964074641466,0.38333363831043243,0.22987220715731382
1715,0.0007738334173577687,0.0003132574729534099,0.00020172476888546953,1.4016135807537466e-06,0.0007593882619403303,0.07668100297451019,0.010037036580269993,0.005930161103606224,0.012459540301407392,0.006587255280464888,0.3836974576115608,0.2301892302930355
1716,0.0007728423799357351,0.0003726629038283136,0.00022395460746338358,1.7857209968497045e-06,0.000967496041994309,0.0764774139970541,0.0100237037712011,0.005924553144723177,0.012468423065507018,0.006590944482013583,0.38424473255872726,0.23036107327789068
1717,0.0007718515813196947,0.0003830063269560924,0.00023182279073807877,1.8230863432222577e-06,0.0009877404299913906,0.07666058838367462,0.010035700571106207,0.005935897002927959,0.012444539968621177,0.006567575968801975,0.38277412950992584,0.22971735894680023
1718,0.0007708610225961785,0.0003828546396107413,0.00025199810443155,1.6727349674283687e-06,0.0009062807330337819,0.07661933079361916,0.010032999917503907,0.005938766524195671,0.012441435564783615,0.006579180480912328,0.3825831785798073,0.22960125468671322
1719,0.000769870704851456,0.00040472498767485376,0.00025690241454867646,1.8383592461646003e-06,0.000996015252894722,0.07630535960197449,0.010012422040525026,0.005912001128308475,0.012493217992133186,0.006619418854825199,0.38577451556921005,0.23103993758559227
1720,0.0007688806291715326,0.00047481794899795204,0.000314693590553361,2.0585532212180624e-06,0.001115315350034507,0.0766198243945837,0.01003303209831762,0.005955081433057785,0.012462329744450662,0.006592493737116456,0.3838692978024483,0.230244561098516
1721,0.0007678907966421468,0.0005071787527413107,0.0003322654065414099,2.2274667159649653e-06,0.0012068320575053804,0.0765184536576271,0.010026392959419208,0.005924535915255547,0.012485114574327756,0.006604638881981373,0.3852742239832878,0.23089633882045746
1722,0.000766901208348772,0.0004914460623695049,0.0003301704055047594,2.0977438381919455e-06,0.0011365486861905083,0.07642067037522793,0.010019984241160134,0.005922217853367329,0.012435989730692385,0.006555722211487591,0.38224831968545914,0.22933449503034353
1723,0.0007659118653766128,0.0004832005379284965,0.0003132796318823239,2.146351569365379e-06,0.0011628841457422823,0.07652322761714458,0.010026705269289981,0.00594171741977334,0.012454851479841919,0.006592836580239236,0.38340873271226883,0.2299659801647067
1724,0.0007649227688106048,0.0004807060886378167,0.00031159331228991505,2.135781265621972e-06,0.0011571571885724552,0.07692165486514568,0.010052774201078321,0.0059513821033760905,0.01244458060316692,0.006560435518622398,0.3827766329050064,0.22984914388507605
1725,0.0007639339197354144,0.00048521304051973857,0.00029565313070634147,2.295058088463975e-06,0.0012434526579454541,0.07657116651535034,0.010029845968919576,0.005942586227320135,0.012437375105589895,0.006565939518623054,0.38233350217342377,0.22945233434438705
1726,0.0007629453192354352,0.0004646950874303002,0.00029580526552308584,2.1045833307198336e-06,0.0011402543168514967,0.07641875557601452,0.01001985907120005,0.005935441120527685,0.012435312636921858,0.006558143999427557,0.3822067156434059,0.22931273560971022
1727,0.000761956968394789,0.0004465819802135229,0.00028649511568801245,2.0061607983734575e-06,0.0010869294237636495,0.07653816789388657,0.010027684406073954,0.005935531808063388,0.012454501108987154,0.006581768626347184,0.38338716328144073,0.22996266558766365
1728,0.0007609688682973239,0.0004079935861227568,0.0002530419251343119,1.8970249726635302e-06,0.0010278001573169604,0.07647321745753288,0.01002342866073878,0.005927294259890914,0.012439835403758273,0.006558951921761036,0.3824847713112831,0.229478994384408
1729,0.0007599810200266128,0.00039604047015018295,0.0002390298095633625,1.8901645617575014e-06,0.0010240830924885813,0.07621518149971962,0.010006503738158536,0.0059213717468082905,0.012459050781638817,0.006582469679415226,0.38366732001304626,0.22994125075638294
1730,0.000758993424665952,0.000375242336303927,0.00023501285886595724,1.727884004765201e-06,0.000936160209676018,0.07663819938898087,0.010034235133443682,0.005940135684795678,0.01244666433437373,0.00657379231415689,0.3829048052430153,0.22977150231599808
1731,0.0007580060832983615,0.000345493519489537,0.00022763218385080108,1.5078354067554756e-06,0.0008169388092937879,0.07672284916043282,0.010039774920256466,0.005942729650996625,0.012474946331772069,0.006591259967535734,0.3846469223499298,0.2306848857551813
1732,0.0007570189970065818,0.00033381321736669634,0.00022368383179127704,1.4291929772980438e-06,0.0007743307069176808,0.07639577239751816,0.01001835218898852,0.0059272825019434094,0.012421148698044483,0.0065645064460113645,0.38133654743433,0.22886615991592407
1733,0.0007560321668730742,0.00031406506241182797,0.00020742700507980771,1.3669676377503492e-06,0.0007406172444461845,0.07654261589050293,0.010027975634333858,0.005921101896092296,0.012456313321074556,0.006570853292942047,0.38349875062704086,0.2300206832587719
1734,0.0007550455939800187,0.0003039164821529994,0.00019420434819039656,1.3709317414623001e-06,0.0007427649979945272,0.07621065713465214,0.010006206976740897,0.005913922563195229,0.012444880388467045,0.006575396633706987,0.382795087993145,0.22950287256389856
1735,0.0007540592794093137,0.00028359150201140437,0.00017935856885742396,1.292965450261363e-06,0.0007005231855146121,0.07635834813117981,0.010015897664367165,0.0059230615152046084,0.012429628363847171,0.006558856228366494,0.38185736536979675,0.22910785675048828
1736,0.0007530732242425741,0.00024040786229306832,0.00015124947367439745,1.1019676797729971e-06,0.000597041394939879,0.07634972408413887,0.010015332114167275,0.005917629576288164,0.012442071244150461,0.006562149268575013,0.38262228667736053,0.2294860053807497
1737,0.00075208742956113,0.00020657146069424925,0.00013029419869781123,9.444158273197445e-07,0.0005116804877616232,0.07628677785396576,0.010011202847850318,0.005911073531024158,0.012431822144867986,0.00655111507512629,0.3819921836256981,0.22913948073983192
1738,0.0007511018964460265,0.00020515205051196972,0.00011743903269234579,1.0262245950798388e-06,0.0005560040881391615,0.07644142210483551,0.010021344580757503,0.00592685048468411,0.012434904227261224,0.006559845758602023,0.3821815997362137,0.2293115109205246
1739,0.0007501166259780213,0.000204202189706848,0.00011866722206832492,1.0083911519132016e-06,0.0005463420457090251,0.07627386040985584,0.010010355384682906,0.005916742724366486,0.012444467030740418,0.006563939852640033,0.3827696517109871,0.22952175606042147
1740,0.000749131619237584,0.00018727318365563406,0.00011760964525819873,8.599685799026702e-07,0.00046592731996497605,0.07668116874992847,0.010037047725769495,0.005929803824983537,0.012451460106870094,0.006573038874194026,0.38319995254278183,0.22994056064635515
1741,0.0007481468773048957,0.00018329782415094087,0.00011692863699863665,8.283094246053224e-07,0.0004487745518417796,0.07646793127059937,0.010023082493541849,0.0059234140207991,0.012434291441330146,0.006569073651917279,0.38214393705129623,0.2293059341609478
1742,0.0007471624012598466,0.00017957654836209258,0.00011413457650633063,8.145955341376521e-07,0.00044134441304777283,0.07661520503461361,0.01003272959459349,0.005931076826527715,0.012453208054448583,0.006575400126166642,0.3833075314760208,0.2299613682553172
1743,0.000746178192182035,0.00018031373383564642,0.00011031540680050966,8.49595139129633e-07,0.0004603070246957941,0.0765337198972702,0.010027392897252792,0.005925066187046468,0.012438556033399314,0.006564505398273468,0.3824061006307602,0.2294699102640152
1744,0.0007451942511507677,0.0001824483324526227,0.00011952319209740381,8.013146235441582e-07,0.00043414887477410957,0.07626654952764511,0.010009875111591699,0.005913442582823336,0.012436745036561869,0.006561855785548687,0.38229476660490036,0.22928065806627274
1745,0.0007442105792450556,0.00018970233850268414,0.00012577203142427607,8.221245302308944e-07,0.0004454235458979383,0.07625407353043556,0.010009056340941815,0.005920018767938018,0.012462803810322344,0.006574958213604987,0.383898489177227,0.2300762813538313
1746,0.0007432271775436162,0.0001893523613034631,0.00012500775983426138,8.245371390103173e-07,0.0004467307517188601,0.07635996863245964,0.010016004450608745,0.005918702809140086,0.012443529616676104,0.006555817672051489,0.3827119916677475,0.22953598015010357
1747,0.0007422440471248702,0.00018296780581295025,0.00012136558689235244,7.925065403924236e-07,0.00042937665966746863,0.07612674124538898,0.010000696704260032,0.005910931853577495,0.012444413240606574,0.006575091741979122,0.38276634365320206,0.22944654244929552
1748,0.0007412611890669398,0.00017671091609372525,0.00011023248453057022,8.169584440054223e-07,0.00044262463779887185,0.07644170708954334,0.010021363457936935,0.005921242060139775,0.012449324140001244,0.006580997258424759,0.3830684944987297,0.22975510079413652
1749,0.0007402786044476502,0.000183809705049498,0.00012164651434432017,7.982020058250328e-07,0.00043246245695627294,0.07642420008778572,0.010020215787849375,0.005927770980633795,0.012437200040865917,0.006566374213434756,0.3823227360844612,0.22937346808612347
1750,0.0007392962943445259,0.0001692820324024069,0.00011064997943321941,7.453181929406583e-07,0.00040381021972279996,0.07630704715847969,0.010012532497260923,0.005925754550844431,0.012441824315521845,0.006566145573742688,0.3826070800423622,0.22945706360042095
1751,0.0007383142598347898,0.00016012881951610325,0.0001038363093357475,7.111514577218259e-07,0.0003852988429571269,0.07653866708278656,0.010027717057436554,0.005931810708716512,0.012451099706421932,0.006566929048858583,0.3831777945160866,0.22985823079943657
1752,0.0007373325019953633,0.00017349212703265948,0.0001119664343605109,7.744521255403924e-07,0.0004195948858978227,0.0765482746064663,0.010028346482370094,0.005927453399635851,0.012422991399185648,0.006542893243022263,0.3814496695995331,0.2289989721029997
1753,0.0007363510219028649,0.00017906129505718127,0.00011457176287876791,8.066128529549133e-07,0.0004370194183138665,0.07645899802446365,0.010022496840345453,0.005925398436374962,0.012442421526444826,0.006556735374033451,0.38264382630586624,0.22955141216516495
1754,0.000735369820633607,0.00017854581437859451,0.00011891267877217615,7.69807392941857e-07,0.00041707834134285804,0.07645626366138458,0.010022317616732298,0.005926089244894683,0.012438925571304783,0.006559748318977654,0.3824288323521614,0.229442548006773
1755,0.0007343888992635978,0.00017903702155308565,0.00011925183025596198,7.718365324649312e-07,0.00041817777673713863,0.0764385536313057,0.010021156533067111,0.0059234778163954616,0.01244420874827456,0.006566559779457748,0.38275376707315445,0.22959616035223007
1756,0.000733408258868537,0.00018363757408224046,0.00011615430821620976,8.371616182500929e-07,0.00045357061208051164,0.07652993313968182,0.010027145008317964,0.005925334640778601,0.012463746050275724,0.0065839344169944525,0.38395654410123825,0.23024323862046003
1757,0.0007324279005238177,0.00017883525288198143,0.00011018005989171797,8.369501109939392e-07,0.0004534560048341518,0.07645637728273869,0.01002232487648524,0.005924514960497618,0.012443095163506572,0.006575591396540403,0.38268525153398514,0.2295708144083619
1758,0.0007314478253045233,0.00019886243262590142,0.00012244125582583365,9.312497546432041e-07,0.000504547126183752,0.07651454582810402,0.010026136700226366,0.005925705539993942,0.012442740368323846,0.006566186551935971,0.38266342878341675,0.22958898730576038
1759,0.0007304680342854256,0.00019998963671241654,0.000127583855373814,9.036850414645414e-07,0.0004896127447864274,0.07624748907983303,0.010008624439927422,0.005915003828704357,0.012437578247782416,0.006558484514243901,0.3823459967970848,0.22929674293845892
1760,0.0007294885285409858,0.00022284082569967723,0.00013855572797183413,1.0335651410287028e-06,0.0005599811938736821,0.0765915997326374,0.01003118393649977,0.005936635774560273,0.012444177906037216,0.006571305682882667,0.38275186717510223,0.22967173345386982
1761,0.0007285093091453529,0.00023608066749147838,0.00016561709890083876,9.559597344832582e-07,0.0005179349245736375,0.07657265476882458,0.010029943448188583,0.005935624940320849,0.012458167465870407,0.006573779624886811,0.38361290097236633,0.23009277787059546
1762,0.0007275303771723599,0.00022586853992834222,0.00015089708722371142,9.703921790560344e-07,0.0005257543343759608,0.07652086950838566,0.010026551156514928,0.0059286244213581085,0.012466410966061516,0.006573756108991802,0.38412073999643326,0.23032080475240946
1763,0.0007265517336955262,0.000216734120840556,0.0001363582623525872,9.934325930771593e-07,0.0005382375275075901,0.07629137299954891,0.010011504366809051,0.00591194280423224,0.012436988409626395,0.006554840598255396,0.3823097199201584,0.22930054645985365
1764,0.0007255733797880547,0.0002259075699839741,0.00014094820699028787,1.0442034330537808e-06,0.0005657449964928674,0.07641796953976154,0.010019807514155585,0.0059286493342369795,0.012462646617448876,0.006598905776627362,0.383888803422451,0.23015338648110628
1765,0.0007245953165228298,0.0002513142781026545,0.00014715277484356193,1.2328635463632054e-06,0.000667960262944689,0.07669217512011528,0.01003776789815116,0.005933864158578217,0.012447979695509375,0.006580499466508627,0.38298577815294266,0.22983897663652897
1766,0.0007236175449724185,0.0002841835621438804,0.0001576178610775969,1.45893775282957e-06,0.0007904463273007423,0.07658603601157665,0.010030819540270781,0.005922251031734049,0.012441319916770333,0.006555802654474974,0.382576048374176,0.22958104219287634
1767,0.0007226400662090664,0.0003014039830304682,0.00018391217872704146,1.4237306871223154e-06,0.0007713711784163024,0.0765349231660366,0.010027471716124031,0.005925878067500889,0.012444351849408841,0.0065540766809135675,0.3827625662088394,0.229648744687438
1768,0.0007216628813046991,0.0002951806691271486,0.00018087157786794705,1.3887466465689613e-06,0.00075241701779305,0.07652278989553452,0.010026676968593013,0.005931038875132799,0.012443045460629253,0.00657775835134089,0.3826821967959404,0.22960249334573746
1769,0.0007206859913309202,0.00028710676269838586,0.00018844737314793747,1.2583048984993184e-06,0.000681744291796349,0.0767628476023674,0.01004239188098423,0.00594519916921854,0.012472745114468602,0.006592255434952676,0.38451118022203445,0.23063701391220093
1770,0.0007197093973590086,0.00027214810870646033,0.0001806385989766568,1.1779090769437062e-06,0.0006381861421687063,0.07645153999328613,0.010022007892624526,0.005931574385613203,0.01247340326009132,0.006598325213417411,0.3845517709851265,0.23050165548920631
1771,0.0007187331004599195,0.00027205526293982984,0.00017492011193098733,1.2192709348823882e-06,0.0006605958333238959,0.07670031301677227,0.010038300382927311,0.0059420979814603925,0.012448026602277599,0.0065722723957151175,0.38298866152763367,0.22984448727220297
1772,0.0007177571017042829,0.00029291555802046787,0.0001822479571274016,1.3576813131521703e-06,0.0007355859452218283,0.07648937962949276,0.010024487685724283,0.005930804065428674,0.01245233571816738,0.006562524125911295,0.38325385004282,0.22987161483615637
1773,0.0007167814021623997,0.0002798511122819036,0.00017646007654548157,1.2798462520891007e-06,0.0006934152443136554,0.07630985602736473,0.010012716982726749,0.005925016477704048,0.012454723834410904,0.006572317099198699,0.3834008648991585,0.2298553604632616
1774,0.0007158060029042451,0.0002833163398463512,0.00017738066890160553,1.3050287321902942e-06,0.0007070589745126199,0.07669797167181969,0.01003814726360331,0.005934645305387676,0.012457344684847327,0.0065867111552506685,0.38356223702430725,0.23013010434806347
1775,0.0007148309049994641,0.0002557293710196973,0.00016631023754598573,1.1321718531576153e-06,0.0006134058785391971,0.07645211555063725,0.010022045281451415,0.005914571578614414,0.012422927852218988,0.006546369753777981,0.3814457878470421,0.22894895169883966
1776,0.0007138561095173702,0.00024701827624085126,0.00015872064614086412,1.1078137092113138e-06,0.0006002087866363581,0.07650761865079403,0.01002568276521109,0.005924250464886427,0.012471767821544548,0.006577417487278581,0.38445091992616653,0.23047926928848028
1777,0.0007128816175269472,0.00024458736879751086,0.0001570382337376941,1.0978009399309485e-06,0.0005947838762949686,0.07654280588030815,0.01002798833172985,0.005925648147240281,0.012439494992078049,0.006562082679010928,0.38246384263038635,0.22950332425534725
1778,0.0007119074300968443,0.0002949226054624887,0.00018353206360188778,1.3667229907809997e-06,0.0007404847383440938,0.07642287388443947,0.010020128924430398,0.005920592462643981,0.012480345871714826,0.006599360960535705,0.3849799484014511,0.2307014111429453
1779,0.0007109335482953777,0.00031614892395737115,0.00018264000846102135,1.569197543460632e-06,0.0008501845550199505,0.0765909943729639,0.010031144043056776,0.005931986379437149,0.012423205172309557,0.006544960429891944,0.38146281242370605,0.22902690339833498
1780,0.0007099599731905283,0.00033587468715268187,0.00020522618342511123,1.5844875775883338e-06,0.0008584686838730704,0.07632050663232803,0.010013415743973986,0.00591724063269794,0.012413647676494456,0.006567979115061462,0.3808760941028595,0.22859830036759377
1781,0.0007089867058499407,0.0003405323459446663,0.0001984648615689366,1.6773889726096058e-06,0.0009088022197829559,0.07637952640652657,0.010017286886225725,0.0059280478162691,0.012462793885482751,0.0065700465347617865,0.3838978782296181,0.23013870231807232
1782,0.0007080137473409213,0.00034540377419034485,0.00019595497724367306,1.7408754686698558e-06,0.0009431989310542122,0.07643921300768852,0.010021199915038545,0.00592324894387275,0.012450221086178126,0.006580847315490246,0.3831236958503723,0.22978145442903042
1783,0.000707041098730439,0.0003406412433832884,0.0002052314002867206,1.6284376087583041e-06,0.0008822805939416867,0.07657839544117451,0.010030319210570985,0.005932302097789943,0.012472877679719144,0.0066059165401384234,0.38451937586069107,0.2305488856509328
1784,0.000706068761085122,0.0003314270652481355,0.00020293954003136605,1.5603244207795797e-06,0.0008453771224594675,0.0763726532459259,0.010016836000433064,0.005929145030677319,0.012455401333362533,0.006579416920430958,0.38344258069992065,0.22990761697292328
1785,0.0007050967354712578,0.00031329490593634546,0.0002025502553806291,1.3958646434275579e-06,0.0007562734899693169,0.0763978622853756,0.010018489088611696,0.005923230084590614,0.01248319682040752,0.00661296839825809,0.3851558789610863,0.23077687062323093
1786,0.0007041250229547916,0.00031218890580930747,0.00019819883345917333,1.4177836504813968e-06,0.0007681491661060136,0.07629315182566643,0.010011620920212743,0.005912024178542197,0.012466287524546673,0.006578675122000277,0.3841131329536438,0.2302031423896551
1787,0.0007031536246013255,0.00034421564487274736,0.00019676207284646807,1.723952067322898e-06,0.0009340299329778645,0.07634801417589188,0.010015220053705578,0.005938084213994443,0.012481357032574338,0.006639119004830718,0.38504235446453094,0.2306951843202114
1788,0.0007021825414761169,0.00037881123535044026,0.00021667502278432949,1.8962053900395404e-06,0.0010273560365021694,0.07641086541116238,0.010019341673339108,0.005929424311034381,0.012496332530689123,0.006622518063522875,0.38596687465906143,0.2311888700351119
1789,0.000701211774644077,0.0003965558971685823,0.00022746893318981165,1.980273381718689e-06,0.0010729037203418557,0.07649085484445095,0.010024584582012403,0.005926510551944375,0.012459379709508302,0.006587674259208143,0.3836875706911087,0.23008921276777983
1790,0.0007002413251697713,0.00036148581784800626,0.00022174622881721007,1.6988766873282657e-06,0.0009204441521433182,0.07627635449171066,0.010010518741333919,0.005914325127378106,0.012436411999716901,0.006560753216035664,0.3822742849588394,0.22927531972527504
1791,0.0006992711941174165,0.00030499949207296595,0.00019559633710741764,1.3706494641496647e-06,0.0007426120937452652,0.07649744115769863,0.010025016339761859,0.005930206971243024,0.012454201409213281,0.006579170119948685,0.38336870819330215,0.2299330746755004
1792,0.0006983013825508798,0.0002883700653910637,0.00018209146310255164,1.3168882730951736e-06,0.0007134844490792602,0.0764827337116003,0.010024052366686817,0.005927736405283213,0.012453643177249354,0.006566739757545292,0.38333434611558914,0.22990853991359472
1793,0.0006973318915336791,0.00026200425054412335,0.00017075052710424643,1.157297909060162e-06,0.0006270190860959701,0.07645231112837791,0.010022058621605885,0.005925832083448768,0.012466158682985765,0.006571312667801976,0.3841051906347275,0.2302787508815527
1794,0.0006963627221289798,0.0002457235486872378,0.00016362540100089973,1.0596541031304696e-06,0.0005741161221521907,0.0765293575823307,0.010027107184988828,0.005927414633333683,0.012442642713815772,0.006562729366123676,0.3826574459671974,0.22959340177476406
1795,0.0006953938753995949,0.00024035709793679416,0.00015180402260739356,1.0974050645984335e-06,0.0005945693828834919,0.07639848999679089,0.010018530212602617,0.0059144869446754456,0.01247846907527158,0.006589291617274284,0.3848642036318779,0.2306313468143344
1796,0.000694425352407984,0.00026213563160126796,0.0001578807714395225,1.2535259230617157e-06,0.0006791550476918928,0.07669077627360821,0.01003767629378767,0.005937605397775769,0.01247076682269222,0.006586625124327838,0.3843892514705658,0.230540013872087
1797,0.0006934571542162511,0.0002439768304611789,0.0001607282683835365,1.0649235626658538e-06,0.0005769710660388228,0.07658687978982925,0.010030874758166653,0.0059310042997822165,0.012447312022065008,0.006561551592312753,0.38294467329978943,0.22976577654480934
1798,0.000692489281886144,0.00022904288107383763,0.0001550128472445067,9.693007712030521e-07,0.0005251630045677302,0.07645484060049057,0.010022224600682424,0.005928666680119932,0.012435791828289845,0.006567919626832008,0.38223616033792496,0.22934550046920776
1799,0.0006915217364790541,0.00021276524148561293,0.00013839687608196982,9.417546245060748e-07,0.0005102386894577648,0.07644680328667164,0.010021697432924163,0.005920188268646598,0.012444912252106546,0.006569112767465413,0.382797047495842,0.2296219253912568
1800,0.0006905545190560127,0.00019417939529375872,0.00012391880636641872,8.771233943605239e-07,0.0004752217391796876,0.07638543099164963,0.010017673927253631,0.005913532804697752,0.012431953683334636,0.006559607456438243,0.38200025260448456,0.2291928417980671
1801,0.0006895876306776927,0.00018134469610231463,0.0001150329367192171,8.242805762392891e-07,0.0004465917118068319,0.07636999897658825,0.010016661851030804,0.005916415248066187,0.01245302342574569,0.006573309772647917,0.3832961916923523,0.22983309533447027
1802,0.0006886210724044061,0.00017857446891866857,0.00011201708048247383,8.20980972093821e-07,0.0004448040035640588,0.0764143243432045,0.010019568423971153,0.005915638990700245,0.012472231757191629,0.006588586489669979,0.3844795674085617,0.2304469458758831
1803,0.0006876548452961018,0.00019091405829385621,0.00011414417076593963,9.191537664321459e-07,0.0004979935820301762,0.07636681012809277,0.010016452831431339,0.005917612463235855,0.012480908593279716,0.006600226857699454,0.3850146681070328,0.23069073911756277
1804,0.0006866889504123665,0.00020008876890642568,0.00012266718431419577,9.408990031545272e-07,0.0005097750854474725,0.07658116146922112,0.010030500195344141,0.005930085899308324,0.01242415407558791,0.006559064611792564,0.3815210908651352,0.22905112616717815
1805,0.0006857233888124233,0.00018115100374416215,0.0001156798934971448,8.17716706791316e-07,0.0004430354183568852,0.07627045176923275,0.010010131241936417,0.005917516304180026,0.012447769854967865,0.006565420306287706,0.382972851395607,0.22962165158241987
1806,0.0006847581615551276,0.00016980581312964205,0.0001099449700632249,7.55356850845601e-07,0.0004092491708433954,0.07627093233168125,0.01001016276941162,0.005921669187955558,0.012416922807780917,0.006548180594108999,0.3810770958662033,0.22867401409894228
1807,0.0006837932696989701,0.00017075254436349496,0.00010653908520907862,7.892389923824794e-07,0.0004276063536963193,0.07625032030045986,0.010008810269599617,0.005917390692047775,0.012437044133197678,0.00654980749823153,0.38231315463781357,0.22928173746913671
1808,0.0006828287143020732,0.0001933913263201248,0.0001232991799042793,8.744252859571588e-07,0.00047375990106957033,0.07647563330829144,0.010023586995353948,0.005932869156822562,0.01244466362585509,0.00657161558046937,0.3827817514538765,0.22962869238108397
1809,0.0006818644964221895,0.00019093372338829795,0.00012166176793471095,8.638338186983674e-07,0.000468021538836183,0.07665896788239479,0.010035594538207456,0.005929509061388671,0.012460336514669613,0.00658878090325743,0.3837464973330498,0.23020273260772228
1810,0.0006809006171167029,0.00018641303631738992,0.00012071546143488376,8.291008377625531e-07,0.00044920333675690927,0.07644764706492424,0.010021752973337236,0.005921285948716104,0.012467523635474757,0.006588130141608417,0.38418931514024734,0.2303184811025858
1811,0.0006799370774426244,0.0001703861298665288,0.0001054426084010629,7.939526724953794e-07,0.0004301601875340566,0.07629398442804813,0.010011675608091903,0.005930304992944002,0.012450441696691454,0.0065768955973908305,0.3831372782588005,0.22971563134342432
1812,0.0006789738784565937,0.00016391987992392387,0.00010666376647350262,7.252628897447266e-07,0.00039294432463066187,0.0764858815819025,0.010024258415215313,0.0059218506794422865,0.012446771748810783,0.006563890026882291,0.38291144371032715,0.22969866264611483
1813,0.0006780110212148774,0.00015930635254335357,0.0001044406658365915,6.990993348665597e-07,0.0003787690802710131,0.07648344710469246,0.01002409900243573,0.005924053373746574,0.012455673257261848,0.00657513493206352,0.38345930725336075,0.2299713771790266
1814,0.0006770485067733653,0.0001714309928502189,0.00010241281870548846,8.259637986895996e-07,0.00044750368033419363,0.07637838460505009,0.01001721180053178,0.005913030356168747,0.012444595804545613,0.006563446717336774,0.3827775716781616,0.22957797814160585
1815,0.0006760863361875731,0.00016112913999677403,0.00010237741389573785,7.311538716692212e-07,0.00039613603257748764,0.07651373744010925,0.010026083814770539,0.005936590023338795,0.012464309521266627,0.006586844567209482,0.3839912638068199,0.23025250062346458
1816,0.000675124510512639,0.00016633681389066624,0.00010417324028821895,7.659549012828393e-07,0.00041499110011500306,0.07627126947045326,0.010010185120241674,0.005907550570555031,0.012438739414484033,0.006562269292771816,0.38241738080978394,0.2293443251401186
1817,0.0006741630308033223,0.0001572984783706488,0.00010024128187069437,7.115729658835335e-07,0.00038552724436158314,0.07653592713177204,0.010027537473626563,0.005935155902989209,0.012456038928592063,0.00657786859665066,0.38348183780908585,0.23000888247042894
1818,0.0006732018981140036,0.00015479177272936795,0.00010385635687271133,6.617501853156682e-07,0.0003585334306990262,0.07639190182089806,0.01001809817531551,0.005919496878050268,0.01244646996303601,0.006564749870449305,0.3828928619623184,0.22964238189160824
1819,0.0006722411134986834,0.00014765496325708227,9.668108486948768e-05,6.488616008937242e-07,0.00035155046862200834,0.0764310248196125,0.010020663072613836,0.005925302859395742,0.012442759372854592,0.006562779075466096,0.38266461342573166,0.22954781912267208
1820,0.0006712806780109784,0.00013707364223591867,9.090919411391951e-05,5.938241507408293e-07,0.0003217314151697792,0.07646220177412033,0.010022706641333746,0.005925027071498334,0.0124361199086783,0.006556216394528747,0.38225632160902023,0.22935926169157028
1821,0.000670320592704125,0.00014150385322864167,8.789266985331778e-05,6.569792816435438e-07,0.0003559485649020644,0.07644146867096424,0.010021347575696997,0.005916920956224203,0.012449047401747538,0.006560508627444506,0.38305145502090454,0.2297464618459344
1822,0.0006693608586309743,0.00014083509904594393,8.588094806327717e-05,6.656598401377778e-07,0.00036065169661014806,0.0765039324760437,0.010025441456456532,0.005922633456066251,0.012435900360522166,0.006554760737344623,0.3822428286075592,0.22937338054180145
1823,0.0006684014768439918,0.0001629706002859166,9.438513779969071e-05,8.071537642706517e-07,0.0004373124411358731,0.07636687904596329,0.010016457371434228,0.00592244672589004,0.012448551478420524,0.006565625662915409,0.38302095234394073,0.229693915694952
1824,0.0006674424483952581,0.00017844866215455113,0.00010301567181159044,8.862760054739738e-07,0.0004801806117029628,0.07636089995503426,0.010016065198396283,0.005916068563237786,0.012431184331832986,0.006561798159964383,0.3819529712200165,0.22915693558752537
1825,0.0006664837743364649,0.0001917989648063667,0.00011681028627208434,9.076366858096208e-07,0.0004917536607536022,0.07639343105256557,0.01001819822006845,0.005922069889493287,0.012447466485925688,0.006569535820744932,0.3829541802406311,0.22967380564659834
1826,0.0006655254557189159,0.00018395804636384128,0.00011428387006162666,8.539282561059736e-07,0.0004626547342923004,0.07613903284072876,0.010001503792008178,0.005910524632781744,0.01243020274694552,0.0065519113559275866,0.381892666220665,0.22901584953069687
1827,0.0006645674935935253,0.00018046073637378868,0.0001105077976717439,8.495313181811071e-07,0.00046027247481106315,0.07649365998804569,0.010024768301335595,0.005925849545747042,0.012448916920595236,0.0065736573887988925,0.38304341584444046,0.22976853791624308
1828,0.0006636098890108157,0.0001768220045050839,0.00010552192179602571,8.527610724229362e-07,0.00046202233897929545,0.0764097273349762,0.010019266966142314,0.005925303674302995,0.01244597934458764,0.006569380639120936,0.3828627020120621,0.22963621467351913
1829,0.0006626526430209179,0.00016464763757539913,9.905082379191299e-05,7.881842343238077e-07,0.0004270348908903543,0.0764958281069994,0.010024910647473977,0.005919698742218316,0.012439540468576154,0.006565816351212561,0.3824666514992714,0.2294812398031354
1830,0.00066169575667357,0.00016254780712188222,0.00010338010906707495,7.368432655141532e-07,0.00039921858660818543,0.07630994729697704,0.0100127228869322,0.005916093243286014,0.012442825888483612,0.0065722319995984435,0.3826686963438988,0.2294893218204379
1831,0.0006607392310181147,0.00017819629283621907,0.0001194987435155781,7.622548565677789e-07,0.00041298647192888893,0.07642499729990959,0.010020268068917234,0.005929501494392753,0.012442221387226265,0.0065798909636214375,0.3826315179467201,0.22952825762331486
1832,0.0006597830671034999,0.000198018598894123,0.00013006071503696148,8.672089819583562e-07,0.0004698501197708538,0.07634184695780277,0.010014815663023077,0.005916096735745668,0.012434296561414095,0.006567767122760415,0.3821442350745201,0.22924304101616144
1833,0.0006588272659782761,0.0002083213421428809,0.00014337901302496903,8.639613930938594e-07,0.00046809064588160254,0.07651542313396931,0.010026194030285325,0.005919867544434965,0.012439744014080167,0.006561786751262844,0.3824791684746742,0.22949729580432177
1834,0.0006578718286905971,0.0002042206624537357,0.00013658820535056293,8.762535976813979e-07,0.0004747504790429957,0.07644183933734894,0.010021371898202772,0.005933302920311689,0.012426028243112765,0.006561368936672807,0.38163618743419647,0.2290390133857727
1835,0.0006569167562882167,0.00023185616646514973,0.00014916750478732865,1.0384186346357183e-06,0.0005626107904390665,0.07643650844693184,0.010021022574162479,0.005927114514634013,0.012475399796987809,0.00659191538579762,0.38467488437891006,0.23055569641292095
1836,0.0006559620498184888,0.00023707009495410603,0.00015255109246936627,1.061555156667282e-06,0.0005751461012550863,0.07642701640725136,0.010020400404151157,0.005924058961682022,0.012436616620249,0.006568363402038813,0.382286861538887,0.2293569389730692
1837,0.0006550077103283663,0.00022668512701784493,0.0001407546710652241,1.0528079954497116e-06,0.0005704069462808548,0.07643275335431099,0.010020776433620879,0.005923549295403063,0.01243306358432258,0.0065654757199808955,0.3820684775710106,0.2292506154626608
1838,0.0006540537388643995,0.00022336689926305553,0.00013773420005236403,1.044485259171779e-06,0.000565897664273507,0.07645638100802898,0.010022325420966498,0.005919449729844928,0.012433319172320165,0.006559576955623925,0.3820841759443283,0.22927027847617865
1839,0.0006531001364727347,0.00021771058709418867,0.00014001390081830323,9.75454895524308e-07,0.0005284972976369318,0.07683532312512398,0.010047131416060336,0.005943236639723182,0.01247832213800684,0.006600860971957445,0.38485511392354965,0.23084521852433681
1840,0.0006521469041991144,0.00022264419749262743,0.00014628928147430997,9.746548137457012e-07,0.0005280638433760032,0.07654747739434242,0.010028293880646428,0.005932318512350321,0.012461850989677755,0.006573014194145799,0.38383980095386505,0.23019363917410374
1841,0.0006511940430888744,0.00021878851930523524,0.00014239104530133773,9.67852486155607e-07,0.0005243783962214366,0.07636345736682415,0.010016232820425257,0.005912735825404525,0.012451432204329961,0.006557559827342629,0.38319823890924454,0.22978084813803434
1842,0.0006502415541869434,0.0002249692133773351,0.00013868122550775297,1.052280513391679e-06,0.0005701211557607166,0.07640541903674603,0.010018984471682086,0.005917403381317854,0.012420199272247034,0.0065483200596645474,0.38127824664115906,0.22884183283895254
1843,0.0006492894385378429,0.00022892465131008066,0.00014561431453330442,1.037597673558821e-06,0.000562165991141228,0.0764588750898838,0.010022488764008552,0.005915974732488394,0.01241909671666446,0.006538160610944033,0.3812105432152748,0.2288347091525793
1844,0.0006483376971856839,0.0002515537526051048,0.000154960669533466,1.1774290769039908e-06,0.0006379260557878297,0.07660050317645073,0.010031767178654217,0.005935656954534352,0.01245672394930485,0.0065834588604047894,0.38352401554584503,0.23006225936114788
1845,0.0006473863311741677,0.00023386013435811037,0.00015027930840005865,1.0487041421924914e-06,0.0005681834300048649,0.07636052183806896,0.010016040590592513,0.005914142355322838,0.012445935937734715,0.006559803732670844,0.3828600198030472,0.22961027082055807
1846,0.0006464353415465841,0.00021113588900334435,0.00013205555251261103,9.735351191864083e-07,0.0005274572267808253,0.0763611551374197,0.01001608199704679,0.005921540083363652,0.012432279962956008,0.006552593316882849,0.3820203021168709,0.2291907286271453
1847,0.0006454847293458092,0.0001866183774836827,0.00011663772784231696,8.611011850234718e-07,0.00046654096695419867,0.07672350481152534,0.010039817768834183,0.00592444185167551,0.012439658326508103,0.006571503356099129,0.3824738934636116,0.22959869913756847
1848,0.0006445344956143061,0.00017791834488889435,0.00011244194365644944,8.11789195864776e-07,0.00043982392708130646,0.07647843845188618,0.010023771095896424,0.005919488845393062,0.012441932502735573,0.006563846487551928,0.38261374831199646,0.22954609338194132
1849,0.0006435846413941231,0.00017969580949284136,0.00011385783363948576,8.177393731045868e-07,0.0004430476874404121,0.07626996375620365,0.010010099623504208,0.005919039365835488,0.012444670495665392,0.0065726349130272865,0.3827821761369705,0.22952606994658709
1850,0.0006426351677268911,0.000189188142940111,0.00011762660824388149,8.77515674346796e-07,0.0004754342735395767,0.07635699585080147,0.010015808947380554,0.005915962508879602,0.012431147018976733,0.006557662156410515,0.38195066899061203,0.22915383242070675
1851,0.0006416860756538246,0.00016992237669910537,0.00011024936111425632,7.541853150883071e-07,0.00040861442175810225,0.07630639337003231,0.01001249007693164,0.005916014197282493,0.012433042077823253,0.006558087072335184,0.38206716626882553,0.22918677981942892
1852,0.0006407373662157198,0.00015565585181320785,0.00010100582676386693,6.90769510924838e-07,0.00037425594018714037,0.07655498199164867,0.010028785695992611,0.005923040327616036,0.012449083345923252,0.006573649123311043,0.3830536678433418,0.22980432491749525
1853,0.0006397890404529523,0.0001517277023594943,9.760007742443122e-05,6.79662374380996e-07,0.00036823819027631544,0.07619203627109528,0.010004984390487599,0.005922687822021544,0.012429393773765732,0.006557563552632928,0.3818429410457611,0.2290174886584282
1854,0.0006388410994054781,0.00015055587118695257,0.00010148209867111291,6.401876611050739e-07,0.0003468509512458695,0.0764248725026846,0.0100202597184872,0.0059174742782488465,0.01243880214949763,0.006561823887750506,0.38242123275995255,0.22942305263131857
1855,0.0006378935441128304,0.00013844429031451,9.218347804562654e-05,5.970653624842726e-07,0.0003234875184716657,0.0764265526086092,0.01002036972576832,0.005917320726439357,0.012453178256963418,0.006573244230821729,0.38330569863319397,0.22986612562090158
1856,0.0006369463756141198,0.00013723053234571125,9.423388473805971e-05,5.707263603937918e-07,0.0003092171082244022,0.07651498913764954,0.010026165818857406,0.005925650475546718,0.012432187200921395,0.006559693138115108,0.3820146173238754,0.22926480323076248
1857,0.0006359995949480333,0.0001324674690295069,8.850442281982396e-05,5.6906989698291e-07,0.0003083196388615761,0.07625787891447544,0.010009306131696538,0.005915304878726602,0.012447378805634499,0.006563469883985817,0.38294878602027893,0.22960333246737719
1858,0.000635053203152831,0.00012713488376903115,8.262098072009394e-05,5.632942983169187e-07,0.00030519047868438065,0.07625348307192326,0.01000901808578687,0.005913249449804425,0.012448098934798047,0.006570339668542147,0.38299310207366943,0.22962329257279634
1859,0.0006341072012663482,0.00013246504931885283,8.213838600568124e-05,6.160471563987358e-07,0.0003337716989335604,0.07635197043418884,0.010015479498100542,0.005923090968281031,0.012461548985209686,0.006574624800123274,0.38382118195295334,0.2300865761935711
1860,0.0006331615903259922,0.0001415868709955248,8.573261311539682e-05,6.736927815609306e-07,0.00036500389433058444,0.07652150467038155,0.010026592882397115,0.005921398522332311,0.012436926250492454,0.006562624825164676,0.38230591267347336,0.22941370867192745
1861,0.0006322163713687405,0.00015153645108512137,8.845532465784345e-05,7.454118495786588e-07,0.00040386094224231783,0.07625826075673103,0.010009331301244989,0.005915931425988674,0.012433679064084357,0.006561677088029683,0.38210631161928177,0.2291822861880064
1862,0.000631271545431142,0.00016193289320654003,9.94254396573524e-05,7.603653742194183e-07,0.00041196269921783824,0.07651570066809654,0.010026212444775844,0.005921384319663048,0.012442139810200507,0.0065608726581558585,0.3826264888048172,0.22957109473645687
1863,0.0006303271135493146,0.0001730355243125814,0.0001073204325621191,8.045391552968795e-07,0.0004358958867669571,0.07649246416985989,0.010024690005561653,0.005940275150351226,0.012463627252570367,0.006588592426851392,0.38394922763109207,0.23022084590047598
1864,0.0006293830767589429,0.00018035284665529616,0.00011145813778057345,8.415194194810738e-07,0.0004559316694212612,0.07644608803093433,0.01002165060449358,0.00591714377515018,0.012444500064783464,0.006559625267982483,0.38277167826890945,0.2296088831499219
1865,0.0006284394360952797,0.00020662669521698263,0.00011713392495948938,1.0420859410942285e-06,0.0005645977526000934,0.07650955021381378,0.010025809676770563,0.005930379033088684,0.012428033122516082,0.006558006163686514,0.3817593455314636,0.2291344478726387
1866,0.000627496192593142,0.00023940271057654172,0.0001397141663801449,1.1778550863539294e-06,0.000638156869172235,0.07634271308779716,0.010014872422188391,0.005923137068748474,0.012416675379028993,0.006551431957632303,0.3810619041323662,0.22870230861008167
1867,0.0006265533472869123,0.00025694323721836554,0.0001623664556973381,1.1724903927756714e-06,0.0006352503569360124,0.0763003770262003,0.010012094841628287,0.005908448831178248,0.012448224894668796,0.00655629055108875,0.38300084322690964,0.22965061012655497
1868,0.0006256109012105364,0.00026553494899417274,0.0001681489848124329,1.2090881433834966e-06,0.0006550787766173016,0.07656912319362164,0.010029711854032718,0.00592692825011909,0.01245270879109523,0.00657079357188195,0.3832768127322197,0.22992296796292067
1869,0.0006246688553975214,0.0003118268996331608,0.0001847796083893627,1.5135151230083466e-06,0.0008200160409614909,0.07645177841186523,0.010022023501569216,0.00592270540073514,0.012432314638806995,0.006555815343745053,0.3820224478840828,0.22923711314797401
1870,0.0006237272108809361,0.0003409995188121684,0.00020643325569835724,1.6228708261678548e-06,0.0008792645348876249,0.07663857005536556,0.010034259152793866,0.0059382038889452815,0.012456927798121,0.006565013783983886,0.38353658467531204,0.2300875773653388
1871,0.00062278596869341,0.00036058433397556655,0.00021471780837600818,1.7424470186711005e-06,0.0009440504254598636,0.07623353973031044,0.010007709053487246,0.005927581572905183,0.012461912732561075,0.006596620660275221,0.3838436082005501,0.23003857396543026
1872,0.0006218451298671295,0.00035946092611993663,0.00021969323552184505,1.6953466754898727e-06,0.0009185316412185784,0.07662675902247429,0.010033485791480268,0.005921864882111549,0.012465203929902092,0.006586519302800298,0.38404638320207596,0.23033657111227512
1873,0.0006209046954338401,0.0003425711638556095,0.00021505102631635964,1.5737511347424515e-06,0.0008526516867277678,0.07631862163543701,0.010013292035993882,0.005924571771174669,0.012445619516202443,0.006562548223882914,0.3828405514359474,0.22957958653569221
1874,0.000619964666424844,0.00032062835634860676,0.00020807267264899565,1.4227706301994658e-06,0.0007708510893280618,0.07638450153172016,0.010017612916852896,0.005915572051890194,0.012431080879834758,0.006547241006046534,0.3819466382265091,0.22916556987911463
1875,0.0006190250438709974,0.00031553974986309186,0.00020840329671045765,1.3733690593653591e-06,0.0007440855442837346,0.07655211538076401,0.010028598059901996,0.005921610165387392,0.012431789516089631,0.006542594055645168,0.3819901794195175,0.22927114740014076
1876,0.0006180858288027121,0.0002964567829621956,0.00019571006487240084,1.290972896583753e-06,0.0006994436262175441,0.07641671039164066,0.010019724731867272,0.0059252671198919415,0.01244026163634915,0.0065586750861257315,0.3825109973549843,0.22946385387331247
1877,0.0006171470222499526,0.0002604884784886963,0.00017132580433099065,1.139062362653931e-06,0.0006171391578391194,0.07657730393111706,0.010030247486743842,0.005928805097937584,0.012434022560816299,0.00655593175906688,0.38212742656469345,0.22935236524790525
1878,0.0006162086252422351,0.00023910898562462535,0.00016193114697671263,1.0111196573348025e-06,0.000547820316569414,0.0762632992118597,0.010009662134083297,0.0059163469122722745,0.012434669005294722,0.0065670006442815065,0.38216713070869446,0.22921521496027708
1879,0.0006152706388086272,0.00022197486578079406,0.00014874068165227072,9.503795261878167e-07,0.0005149115877429722,0.07647380419075489,0.010023467223841065,0.005923535907641053,0.012451788504842819,0.00656908773817122,0.3832201659679413,0.2298469850793481
1880,0.0006143330639777462,0.00020251505520718638,0.00013633781054522842,8.623618903413899e-07,0.00046722400475118775,0.07631662487983704,0.010013161060093789,0.005917389178648591,0.012437066802820586,0.006568035343661904,0.3823145478963852,0.22931558638811111
1881,0.0006133959017777575,0.0001873725168479723,0.00011610231786107761,8.720136044360061e-07,0.0004724532973341411,0.07647838443517685,0.010023767648011961,0.005920521332882345,0.012451797708042023,0.006572958081960678,0.38322074711322784,0.22984956577420235
1882,0.0006124591532363746,0.00017230531011591665,0.00010640119444360607,8.045868646888721e-07,0.00043592176371021196,0.0765746608376503,0.010030074748999501,0.005925075965933502,0.012457627809418649,0.006573400925844908,0.38357966393232346,0.23007716238498688
1883,0.0006115228193808572,0.0001708708614387433,0.00010548107547947438,7.981421035196945e-07,0.00043242999163339846,0.07621110416948795,0.010006236153368394,0.005905306083150208,0.012429808218122597,0.006546947406604886,0.3818684071302414,0.22903975564986467
1884,0.0006105869012380098,0.00016849415987962857,0.0001080039942280564,7.575822031924417e-07,0.0004104548097529914,0.07627464085817337,0.010010406354424652,0.0059120794758200645,0.012443182143064165,0.006570223486050963,0.3826906085014343,0.22948262467980385
1885,0.0006096513998341817,0.00015473774874408264,9.662458114689798e-05,7.146427520865473e-07,0.00038719041185686365,0.07642693258821964,0.010020394867526882,0.005922163254581392,0.012453844009265138,0.00657374900765717,0.38334670662879944,0.22988681960850954
1886,0.0006087163161952649,0.00014411808479053434,8.949066432251129e-05,6.693071554764174e-07,0.0003626277448347537,0.07647276483476162,0.01002339908047036,0.005923912161961198,0.012440939338031969,0.006560130976140499,0.3825526461005211,0.22951270546764135
1887,0.0006077816513466932,0.00013475546393237892,8.548915820938419e-05,6.12446044101489e-07,0.00033182067090820055,0.0762476734817028,0.010008636707518262,0.00590848654974252,0.012439266875945534,0.006553597282618284,0.38244981318712234,0.22934874333441257
1888,0.0006068474063134411,0.00013137663154338952,8.811631732896785e-05,5.618683083241649e-07,0.00030441787566815037,0.07625534944236279,0.01000914039272833,0.005908769089728594,0.012433804877446957,0.006553431507200003,0.3821140080690384,0.2291846787557006
1889,0.0006059135821200231,0.0001230891675731982,8.115771424854756e-05,5.367612541107292e-07,0.0002908149781433167,0.07648350670933723,0.010024102903860143,0.005925090052187443,0.0124301701139163,0.006555730476975441,0.3818906471133232,0.22918707691133022
1890,0.0006049801797904917,0.00012999235650568153,7.77884129092854e-05,6.253428992408772e-07,0.00033880811679409817,0.07644924893975258,0.010021857700664355,0.005920197465457022,0.012446784609252675,0.00656740611884743,0.38291221857070923,0.2296807337552309
1891,0.000604047200348437,0.00012505890572356293,7.81380663283926e-05,5.772327291708734e-07,0.00031274224784283433,0.0764549970626831,0.010022234492186309,0.005922097829170525,0.01243517791587668,0.006557906628586352,0.38219842314720154,0.22932671010494232
1892,0.0006031146448169854,0.00012566248551593162,8.209374800571823e-05,5.535986939975146e-07,0.0002999374255523435,0.07651255279779434,0.010026006254978287,0.00592708820477128,0.012441413049325478,0.0065602390095591545,0.38258179277181625,0.2295471727848053
1893,0.0006021825142187984,0.00011813322089437861,7.819559141353238e-05,5.128939211118677e-07,0.0002778837315418059,0.07635539770126343,0.01001570452003324,0.005916846799664199,0.012438687793128329,0.0065510106505826116,0.38241420686244965,0.22938480228185654
1894,0.0006012508095760713,0.00011743262075469829,7.252759041875834e-05,5.482743503648635e-07,0.0002970527339130058,0.07630402594804764,0.010012334382790903,0.005910820444114506,0.012444415140805482,0.006561725051142275,0.382766455411911,0.22953524067997932
1895,0.000600319531910533,0.00011064308409913792,7.172077448558412e-05,4.915733047283766e-07,0.0002663323175511323,0.07630978152155876,0.01001271216852588,0.005915637128055096,0.012422755951652547,0.006556563428603113,0.38143522292375565,0.2288725022226572
1896,0.0005993886822434431,0.0001054634367392282,7.103883444870007e-05,4.4880717986472973e-07,0.0002431618377158884,0.07619187794625759,0.010004973845599481,0.005910406704060733,0.012439105729848524,0.006554068415425718,0.38243991136550903,0.2293158946558833
1897,0.0005984582615955925,0.00010381494666944491,6.48463665129384e-05,4.793121100021835e-07,0.0002596892591100186,0.07653257250785828,0.01002731770583042,0.005924393772147596,0.012428076738258471,0.0065562758827582,0.3817620575428009,0.2291473150253296
1898,0.000597528270987302,0.00010018882585427491,6.185501592881337e-05,4.6793292618474425e-07,0.00025352405918965815,0.07632008753716946,0.010013387950684256,0.005920141818933189,0.01244186685952488,0.006561369984410703,0.3826097175478935,0.2294649025425315
1899,0.0005965987114384195,9.411412838744582e-05,6.172882626742648e-05,4.128037787154426e-07,0.00022365532822732348,0.07642969861626625,0.01002057648536029,0.0059199025854468346,0.012443131563429024,0.006569224875420332,0.3826875016093254,0.22955860011279583
1900,0.0005956695839683215,9.501959902991075e-05,6.182245260788477e-05,4.20468754924741e-07,0.00022780817471357295,0.07651137188076973,0.010025928785300299,0.005923350108787417,0.012453324468449873,0.0065756585681810975,0.38331471383571625,0.229913042858243
1901,0.0005947408895959105,0.00010064392336062156,6.589938743672974e-05,4.4227379092376395e-07,0.0002396220552327577,0.07643569260835648,0.010020969117162038,0.005924837896600366,0.012439187034310848,0.006565368152223527,0.38244490325450897,0.22944029793143272
1902,0.0005938126293396131,0.0001089525885618059,6.818056749580137e-05,5.021092555068662e-07,0.0002720406664593611,0.07644080743193626,0.010021304557389263,0.005922459531575441,0.01243074052107468,0.006553341750986874,0.38192570209503174,0.229183254763484
1903,0.0005928848042173806,0.00011860855511258706,7.339289550145622e-05,5.527380970704598e-07,0.0002994711821884266,0.07633661478757858,0.01001447237673493,0.005911581916734576,0.01243631517310221,0.006555935135111213,0.3822683319449425,0.22930247336626053
1904,0.0005919574152466877,0.00011154266439916682,6.637437968493032e-05,5.393468036629656e-07,0.0002922157946159132,0.07640350610017776,0.010018859107674909,0.0059170202584937215,0.012467588268215039,0.006590901291929185,0.3841933012008667,0.23029840365052223
1905,0.0005910304634445292,0.00011728342997230357,6.766380965927965e-05,5.828061198087653e-07,0.0003157619030389469,0.0763481967151165,0.010015231949972912,0.005915108951739967,0.012436782771399464,0.006558347144164145,0.3822970762848854,0.22932263650000095
1906,0.0005901039498274218,0.0001083279453268915,6.485097492259229e-05,5.209265765415694e-07,0.00028223581102793105,0.07647913508117199,0.010023816553420148,0.005921279778704047,0.012433549592027426,0.006553698098286986,0.38209835439920425,0.22928874474018812
1907,0.0005891778754114017,0.00010330998247809475,6.295634761954716e-05,4.886057514141839e-07,0.0002647245091793593,0.0763721726834774,0.010016804584758466,0.005919557879678905,0.01243009270158952,0.006553873769007623,0.3818858861923218,0.2291290294378996
1908,0.0005882522412120223,0.00010619312797643943,6.155550295261492e-05,5.255553183758366e-07,0.00028474362534325337,0.07637814246118069,0.010017196002502742,0.0059154912596568465,0.012444227604391492,0.006560205947607756,0.38275492936372757,0.22956653591245413
1909,0.0005873270482443557,0.00010016268879553536,6.378011380547832e-05,4.5347896460157244e-07,0.0002456929814798059,0.07633029855787754,0.01001405787464548,0.0059173444751650095,0.012436874914126417,0.006555689033120871,0.38230273127555847,0.229316514916718
1910,0.0005864022975229886,0.00010132652414540644,6.451988360822725e-05,4.5875790277705164e-07,0.00024855307674442884,0.07657738588750362,0.010030253289954995,0.005927964230068028,0.012447083610780823,0.006572607439011335,0.38293061405420303,0.22975399997085333
1911,0.0005854779900620244,0.00010654585685188067,6.417584313567204e-05,5.094648631853715e-07,0.00027602590216702083,0.07638316601514816,0.010017525395331572,0.005914380541071296,0.012418265048475947,0.006543401861563325,0.3811595067381859,0.22877133637666702
1912,0.000584554126875079,0.00011662212455121335,7.003272776273661e-05,5.592137704013567e-07,0.00030297969533421565,0.07646283879876137,0.010022748836936315,0.005920490017160773,0.012420572578198842,0.006548222154378891,0.3813011795282364,0.22888200916349888
1913,0.0005836307089752815,0.00013516693161363946,7.119278461686918e-05,7.217914941293202e-07,0.0003910635150532471,0.0763230174779892,0.010013580503917874,0.005913727916777134,0.012445581369691433,0.006557262968271971,0.3828381896018982,0.2295806035399437
1914,0.0005827077373752736,0.00014314414465843583,7.844812489565811e-05,7.418444347706554e-07,0.00040192821143136825,0.07637017406523228,0.010016673200797323,0.005916533758863807,0.012441791712974328,0.0065651299664750695,0.38260507583618164,0.22948762495070696
1915,0.0005817852130872063,0.0001570650592839229,9.29061015995103e-05,7.635735386202214e-07,0.0004137008872930892,0.07638661749660969,0.010017751642345033,0.005923303193412721,0.012449387844451534,0.0065672690980136395,0.3830724284052849,0.22972952295094728
1916,0.0005808631371227408,0.0001613557578821201,0.0001031162491926807,7.277905460512102e-07,0.00039431378354493063,0.07645416632294655,0.010022180043420035,0.005922978860326111,0.012448968791765802,0.006571087171323597,0.38304661959409714,0.22975039295852184
1917,0.0005799415104930463,0.00017613635191082722,0.00011326981984893791,7.892317874791388e-07,0.0004276024556020275,0.07626507058739662,0.010009778436355999,0.005911928601562977,0.012440291318555135,0.006554274703375995,0.38251281529664993,0.22938894294202328
1918,0.0005790203342087995,0.00019008757953997701,0.00012101993297619629,8.607637447255456e-07,0.0004663581530621741,0.07658765278756618,0.010030925532975054,0.0059379590675234795,0.012440694726342539,0.006563676404766738,0.3825376108288765,0.22956263180822134
1919,0.0005780996092801827,0.00022343941327562789,0.00013812551151204389,1.0422655485342602e-06,0.0005646950085065328,0.0763937383890152,0.010018218464937749,0.005915364599786699,0.01242312156695732,0.006539773545227945,0.38145768642425537,0.22892571240663528
1920,0.0005771793367168848,0.0002418401745671872,0.00015255872312991414,1.1055197752796175e-06,0.0005989659530314384,0.07658983021974564,0.010031068154410211,0.005946807214058936,0.012440621327276458,0.006549950107000768,0.38253311812877655,0.2295614741742611
1921,0.000576259517528096,0.00023837249955249717,0.00014958331848902162,1.095485096413995e-06,0.0005935292028880212,0.07636792026460171,0.010016525652829456,0.00591529777739197,0.012431349385006615,0.006556161213666201,0.3819631189107895,0.2291655195876956
1922,0.0005753401527225121,0.00021693009966838872,0.00014843206281511812,9.061020520562124e-07,0.0004909222388960188,0.07636301778256893,0.01001620403612682,0.005922497948631644,0.012442673121289678,0.006566133117303252,0.38265930861234665,0.2295111631974578
1923,0.0005744212433083287,0.00021847528478247114,0.0001482922189097735,9.213942746555404e-07,0.0004992075246263994,0.07638073526322842,0.010017365875405118,0.005927018588408828,0.012431100487493192,0.006562115391716361,0.381947822868824,0.2291642790660262
1924,0.0005735027902932427,0.00022592784443986602,0.00014410435323952697,1.0210892043005515e-06,0.0005532217783184024,0.07645984552800655,0.010022552104094114,0.005917045520618558,0.012421717762233069,0.006548738689161837,0.38137148320674896,0.22891566436737776
1925,0.0005725847946844501,0.0002473064942023484,0.00015355070172518026,1.1486424966733466e-06,0.0006223296331882011,0.07654677517712116,0.01002824826203164,0.005927305668592453,0.012434740098970203,0.006556825013831258,0.38217151165008545,0.2293591434136033
1926,0.0005716672574886469,0.00025217141501343576,0.00015521953901043162,1.1812179394610212e-06,0.000639978883555159,0.07626934349536896,0.010010059010026648,0.005917073111049831,0.012418768186555447,0.00655463885050267,0.38119038194417953,0.22872986271977425
1927,0.0005707501797120236,0.00025037640989467036,0.00015802418874955038,1.1439463634133062e-06,0.0006197852744662669,0.07660843431949615,0.010032286564737718,0.005929294507950544,0.012435043485930533,0.006558317109011114,0.38219016790390015,0.22939930111169815
1928,0.0005698335623602694,0.0002408482077953522,0.00015237173192872433,1.0977458764216408e-06,0.0005947540958004538,0.07629120722413063,0.010011493556253116,0.005921772099100053,0.012440254033014055,0.006565464427694678,0.3825105130672455,0.22940086014568806
1929,0.0005689174064385673,0.0002304498957528267,0.00014529759573633783,1.0540117756363543e-06,0.0005710590703529306,0.07629672810435295,0.010011855748943331,0.0059127010172232985,0.012426384979268467,0.006552927428856492,0.3816581219434738,0.22897742502391338
1930,0.0005680017129515947,0.00024109309742925689,0.00013930234763392946,1.1964953969823e-06,0.0006482560838776408,0.07621449418365955,0.010006458929111978,0.005916129099205136,0.012432891970200154,0.006547898869030178,0.38205794245004654,0.22913621831685305
1931,0.0005670864829035214,0.00025273329083574936,0.00015460936810995918,1.1909081472083471e-06,0.0006452289708249737,0.07631240040063858,0.010012883934147461,0.005926234764046967,0.0124231915553641,0.006546986638568342,0.381461963057518,0.2288871817290783
1932,0.0005661717172980103,0.0002500017899365048,0.0001584747587912716,1.1371625774359018e-06,0.0006161098863231018,0.07623516395688057,0.010007815745346751,0.005914377863518894,0.012430070019247435,0.006551060709170997,0.38188450783491135,0.22905983589589596
1933,0.0005652574171382126,0.00023040209180180682,0.00014137347307041637,1.0825418002013976e-06,0.0005865165567229269,0.07616391777992249,0.010003138138459015,0.005914159119129181,0.01242102114559794,0.006549229146912694,0.38132869452238083,0.22874630615115166
1934,0.0005643435834267723,0.0002147917439287994,0.00013415130797511665,9.918008423426272e-07,0.0005373534731916152,0.07638456858694553,0.010017617456330032,0.0059183642733842134,0.012447612179977084,0.006565360119566321,0.3829631432890892,0.22967385593801737
1935,0.0005634302171658183,0.0001859426174632972,0.00011947098710152204,8.339472969964845e-07,0.00045182912435848266,0.07627397403120995,0.010010362743966461,0.005916704190894961,0.012421121166743218,0.0065489745466038585,0.3813348412513733,0.22880440764129162
1936,0.00056251731935697,0.00016218386645050487,0.0001025689166453958,7.394735490606763e-07,0.000400643644752563,0.07628052309155464,0.010010792571253284,0.00591376528609544,0.012423302393938048,0.006553687970153987,0.3814687803387642,0.22887465171515942
1937,0.0005616048910013313,0.0001652829569138703,0.00010487086592547712,7.510787689568588e-07,0.00040693129631108604,0.07630189880728722,0.010012194946368277,0.005920086987316608,0.012437318359733746,0.006547843688167632,0.3823300078511238,0.2293159533292055
1938,0.0005606929330994917,0.000164343003234535,0.000104452207324357,7.454952104524182e-07,0.0004039061586809112,0.07651419937610626,0.010026114112818812,0.005919403396546841,0.01243043922409519,0.006545765558257699,0.38190721720457077,0.22921070829033852
1939,0.0005597814466515247,0.00017076177755370736,0.00010406597266410245,8.07582917872196e-07,0.0004375449916551588,0.07645861059427261,0.010022471068640907,0.005933379638008773,0.012428576698385313,0.00655119470320642,0.38179275393486023,0.22912568226456642
1940,0.0005588704326569878,0.0001614445664017694,9.874191664493992e-05,7.60905088270647e-07,0.0004122551436012145,0.07642073556780815,0.010019988688794923,0.005926266312599182,0.012436642215861358,0.006562636932358146,0.38228844851255417,0.22935459204018116
1941,0.0005579598921149183,0.00014422209096665028,9.069813813766814e-05,6.613522991472109e-07,0.00035831788045470603,0.07644001208245754,0.010021252281728784,0.0059236722299829125,0.012424393888767118,0.006548577453941107,0.3815358132123947,0.22898791264742613
1942,0.0005570498260238365,0.00013644009777635802,9.024134578794474e-05,5.929081083877463e-07,0.0003212350839021383,0.07640870846807957,0.01001920024660746,0.00591458473354578,0.01244480043668215,0.0065641256514936686,0.38279014825820923,0.2295994283631444
1943,0.0005561402353817412,0.0001325323892160668,8.86962034201133e-05,5.682530641593075e-07,0.00030787711511948146,0.07623792998492718,0.010007997137072924,0.005914384848438203,0.01242348980697855,0.006544589996337891,0.38148029148578644,0.2288591107353568
1944,0.0005552311211861101,0.0001286583578803402,8.253982741734944e-05,5.779529708149767e-07,0.0003131324710921035,0.07621539384126663,0.010006518007934484,0.005911810789257288,0.012447713156498648,0.006561389192938805,0.38296936452388763,0.22959237918257713
1945,0.0005543224844338982,0.00013051155747234588,8.39808481032378e-05,5.844165258395151e-07,0.0003166343885823153,0.07632753625512123,0.010013876592703731,0.005912624881602824,0.012444633807911108,0.006560062407515943,0.38277990370988846,0.22955371998250484
1946,0.0005534143261215371,0.0001274640999326948,8.103560912786634e-05,5.780371310493138e-07,0.00031317804860009346,0.07647356949746609,0.010023451707881277,0.005925016710534692,0.012448250320288567,0.006572562619112432,0.383002407848835,0.22973798867315054
1947,0.0005525066472449337,0.00012495878036133945,7.678352903894847e-05,5.86309058192569e-07,0.00031765976927999873,0.07625266723334789,0.010008964382935488,0.005907729268074036,0.01243163866174552,0.006557358545251191,0.38198089599609375,0.22911678161472082
1948,0.0005515994487994699,0.00011606170573941199,7.313971900657634e-05,5.311034758648248e-07,0.00028774963448086055,0.07636114582419395,0.01001608136142269,0.005924967350438237,0.012445135879941466,0.00656291632913053,0.3828107938170433,0.22958596982061863
1949,0.0005506927317799987,0.00010785878157548723,6.83380831105751e-05,4.908521180624348e-07,0.0002659415677044308,0.07628108933568001,0.010010829638563258,0.005915827001444995,0.012439515610060813,0.006561365793459117,0.38246510177850723,0.22937309555709362
1950,0.0005497864971808476,9.994705806093407e-05,6.187580174810137e-05,4.655482523929777e-07,0.000252232078310044,0.0763829704374075,0.0100175126846736,0.005916398833505809,0.0124370749931258,0.00656866526696831,0.382315032184124,0.22934900131076574
1951,0.0005488807459958137,9.757643192642718e-05,6.146797659312142e-05,4.4668165699590645e-07,0.00024201024189096643,0.07630638219416142,0.010012489168571446,0.005914753535762429,0.012448690146066524,0.0065717016113922,0.3830294832587242,0.2296679327264428
1952,0.0005479754792181641,0.00010084620998895844,6.237930233510269e-05,4.7012888693132027e-07,0.0002547138228692347,0.07640921697020531,0.010019233197943468,0.005919360555708408,0.012449583339101011,0.006581029971130192,0.3830844461917877,0.2297468315809965
1953,0.0005470706978406343,0.000104118275885412,6.0138702792755794e-05,5.168674181987853e-07,0.0002800365546136163,0.0764412060379982,0.010021330513605478,0.005920256371609867,0.012456444600917512,0.006579112377949059,0.38350681960582733,0.22997401282191277
1954,0.0005461664028554295,0.00012150843349445495,6.377520253408875e-05,6.505059069183972e-07,0.00035244133869127836,0.07626831904053688,0.010009991593107273,0.005912361433729529,0.012435604893194582,0.00656378036364913,0.3822246789932251,0.229246499016881
1955,0.0005452625952542183,0.00011698825255734846,6.913655624884996e-05,5.69209063883136e-07,0.00030839503142487956,0.07630094885826111,0.010012132721670295,0.005920904688537121,0.012433785274053255,0.006557556102052331,0.3821128234267235,0.2292068861424923
1956,0.0005443592760281377,0.00011624771286733449,7.037910017970717e-05,5.532014206721669e-07,0.00029972215179441264,0.0764363519847393,0.010021012318427286,0.005921805393882096,0.012442263345093943,0.006559283589012921,0.38263408839702606,0.22953522019088268
1957,0.0005434564461677877,0.00010803968552863807,6.57791213143355e-05,5.114139689510466e-07,0.0002770819319266593,0.07632147893309593,0.01001347968641302,0.005906653474085033,0.012420001850518936,0.006542086135596037,0.38126613199710846,0.2287938054651022
1958,0.0005425541066632317,0.00010132298029930098,6.108453726483276e-05,4.84087802732347e-07,0.00026227674334222684,0.07632470317184925,0.010013691038700378,0.005915572983212769,0.012439136292199754,0.006558068795129657,0.38244179636240005,0.22938324976712465
1959,0.0005416522585039958,0.00010143803774553817,6.118044370850839e-05,4.84441548209702e-07,0.00026246840297972085,0.07631103321909904,0.010012794463792107,0.005911758402362466,0.01243473863614147,0.006564243114553392,0.3821714296936989,0.22924123145639896
1960,0.000540750902679067,0.00011162216469529085,6.53208142011863e-05,5.478588320784183e-07,0.00029682756576221436,0.07621659338474274,0.010006596627672728,0.005916062043979764,0.012434685096491427,0.006556675070896745,0.38216813653707504,0.2291923649609089
1961,0.0005398500401768922,0.00012746962647725013,6.684450795546582e-05,6.828589338425672e-07,0.0003699700810102513,0.07623728737235069,0.010007955151905678,0.005910080624744296,0.012442881293538322,0.0065755113027989864,0.38267210125923157,0.22945469431579113
1962,0.0005389496719853783,0.00015237473371598753,7.84818475949578e-05,8.267806954620482e-07,0.000447946265921928,0.07640033029019833,0.010018650678597888,0.005924121243879199,0.012453491127001746,0.006587745388969779,0.3833249881863594,0.22986265923827887
1963,0.000538049799091889,0.00018219118010165403,9.879498429654632e-05,9.519749113451326e-07,0.0005157759460416855,0.07616105116903782,0.010002949748501647,0.005912657012231648,0.012425125890600432,0.006558258552104235,0.38158077001571655,0.22887091059237719
1964,0.0005371504224832452,0.00017839577867562184,0.00010800997597470996,8.489157963254002e-07,0.00045993897401785944,0.07654473558068275,0.010028114488555182,0.0059322789311409,0.012428846282121644,0.006549032987095416,0.3818093314766884,0.22917703352868557
1965,0.0005362515431457239,0.00017732363448885735,0.00010797090999403736,8.393099300008089e-07,0.0004547345215542009,0.076186528429389,0.010004622585388935,0.00590390944853425,0.012452670082011992,0.006575870676897466,0.3832744285464287,0.22973047848790884
1966,0.0005353531620650562,0.0001755614293870167,0.00011476583085823222,7.72881268318315e-07,0.0004187438080407446,0.07648611813783646,0.010024274020655682,0.005921058706007898,0.012436113180411299,0.00655384233687073,0.3822559043765068,0.22937101125717163
1967,0.0005344552802264272,0.0001667836613705731,0.00010502531222300604,7.637879377853096e-07,0.0004138170479563996,0.0762453954666853,0.010008487132755067,0.0059082405641674995,0.012435656966163885,0.006560518639162183,0.38222786039114,0.22923662792891264
1968,0.0005335578986144742,0.00016783541741460795,0.00010719654073909624,7.574641323060405e-07,0.00041039090683625545,0.07638122886419296,0.010017398378817597,0.005913678323850036,0.012435058552688866,0.0065507503459230065,0.38219108432531357,0.22928615659475327
1969,0.0005326610182132867,0.0001497897301305784,9.774401587492321e-05,6.607150311310761e-07,0.0003579725816962309,0.0763668641448021,0.01001645655423386,0.005919678835198283,0.012446565103070045,0.006560922367498279,0.3828987255692482,0.22963279485702515
1970,0.0005317646400064038,0.0001407775716870674,8.875977664501988e-05,6.438750332904419e-07,0.0003488487363938475,0.07638019137084484,0.010017330284955406,0.005915017332881689,0.01244405526719026,0.006558605702593923,0.38274431228637695,0.2295622518286109
1971,0.0005308687649768139,0.00012856995044785435,8.205240465031238e-05,5.807356622256066e-07,0.00031464012317883316,0.07642610371112823,0.010020340590294111,0.005926088662818074,0.012448272092760773,0.006575062056072056,0.38300374895334244,0.22971492633223534
1972,0.0005299733941069541,0.00012468547583921463,8.159624621839612e-05,5.482553557811798e-07,0.0002970423847727943,0.07627253048121929,0.01001026798142007,0.00592030817642808,0.012428456247301517,0.006554724997840822,0.3817853555083275,0.2290289429947734
1973,0.0005290785283787081,0.00011204062820979743,7.262325743795373e-05,4.978076955097777e-07,0.0002697101053854567,0.07641325145959854,0.010019497984772622,0.0059206613805145025,0.012438029857990637,0.006564960000105202,0.38237376511096954,0.22939350828528404
1974,0.0005281841687734057,0.00011804985069829854,7.494002193197957e-05,5.361598773845344e-07,0.00029048915530438535,0.07634295336902142,0.010014888223882771,0.005914610810577869,0.012432751809594298,0.006553552346304059,0.3820492997765541,0.22919612657278776
1975,0.0005272903162718227,0.00012224828878970584,7.33089073037263e-05,5.869478094666647e-07,0.00031800580381968757,0.07634696736931801,0.010015151400161522,0.005916195223107934,0.012427906811633499,0.00655372254550457,0.3817516192793846,0.2290492933243513
1976,0.0005263969718541773,0.00012338428359726095,7.789311439410085e-05,5.635868731701521e-07,0.00030534895086020697,0.07624257914721966,0.0100083022058233,0.005912699969485402,0.012437849976355796,0.006558287073858082,0.3823627084493637,0.22930264379829168
1977,0.0005255041365001313,0.00011200116477994015,7.281394300662214e-05,4.960357173899865e-07,0.0002687500409592758,0.07642161287367344,0.0100200463263325,0.005918008740991354,0.012425713364077816,0.006544835516251624,0.38161683827638626,0.22901922557502985
1978,0.0005246118111887881,0.0001133867986027326,6.783337630622555e-05,5.455939309229052e-07,0.00029560047914856113,0.07638285309076309,0.010017505149061617,0.005913065397180617,0.01243690826084984,0.00655651418492198,0.382304809987545,0.22934383153915405
1979,0.0005237199968986919,0.00010358128611187567,6.656263644799765e-05,4.644847404478014e-07,0.0002516558761271881,0.07632647454738617,0.010013807385004677,0.005919823190197349,0.012427259722655681,0.006552552222274244,0.38171183317899704,0.2290191538631916
1980,0.0005228286946078261,9.58701084528002e-05,6.221611579348973e-05,4.25411403881526e-07,0.00023048607818054734,0.07652572728693485,0.010026869175922246,0.005922845797613263,0.012446143178516987,0.006557830260135233,0.3828727528452873,0.2296992400661111
1981,0.0005219379052936139,9.026086399899214e-05,5.836897412336839e-05,4.020489257072768e-07,0.00021782841395179275,0.076217170804739,0.010006634528528183,0.0059076647739857435,0.012436767706729968,0.006559005822055042,0.3822961524128914,0.2292566616088152
1982,0.0005210476299329137,9.089690911423531e-05,6.156892459330265e-05,3.842939957365843e-07,0.00020820883401029278,0.07637769356369972,0.010017166403829545,0.005919579998590052,0.012433241048097685,0.0065536509500816464,0.3820793703198433,0.2292285319417715
1983,0.0005201578695020225,9.75752918748185e-05,6.507875878014602e-05,4.200132472931273e-07,0.00022756140970159322,0.0763934850692749,0.010018202033006601,0.005916935275308788,0.012441696097835568,0.006567027769051492,0.38259920477867126,0.22949634492397308
1984,0.0005192686249766715,9.382141161040636e-05,5.9681800621547154e-05,4.252152496775352e-07,0.00023037984647089615,0.07644535414874554,0.010021602414542958,0.005918881623074412,0.012432595553528006,0.006551399594172835,0.3820396885275841,0.2292425213381648
1985,0.0005183798973320262,8.49558346089907e-05,5.632033025904093e-05,3.682159626094972e-07,0.00019949784837081097,0.07636584155261517,0.010016389180374183,0.005916513502597809,0.01243975059415942,0.0065580400405451655,0.38247956335544586,0.2294227024540305
1986,0.0005174916875426852,9.323035146735492e-05,5.634829494738369e-05,4.4437144808284756e-07,0.00024075856890704017,0.07627214677631855,0.010010242905083197,0.00591288844589144,0.012431330802001685,0.006557448417879641,0.38196197152137756,0.22911705914884806
1987,0.0005166039965826806,9.735714911585092e-05,6.0105710190327954e-05,4.5471545107034217e-07,0.0002463628998157219,0.07617917656898499,0.010004140037020692,0.00591001333668828,0.012437841932807293,0.006553702638484538,0.3823622092604637,0.22927069291472435
1988,0.0005157168254254726,9.161335992757813e-05,6.037881485099206e-05,3.996922259830171e-07,0.00021655153886968037,0.07642785273492336,0.010020455225642816,0.00591373723000288,0.012426955999291035,0.006545931799337268,0.38169320672750473,0.22906052973121405
1989,0.0005148301750439549,0.0001009174488899589,6.488118310699065e-05,4.523152679070108e-07,0.00024506250429112697,0.07634740881621838,0.010015180550731764,0.005914213601499796,0.012438951454632696,0.006547736353240907,0.38243041932582855,0.22938891407102346
1990,0.0005139440464104468,0.00011142411040054867,6.69940982334083e-05,5.336773725161947e-07,0.00028914415088365786,0.07651133835315704,0.010025926698872121,0.005916180671192706,0.012428574210343142,0.006549148936755955,0.3817925900220871,0.22915196418762207
1991,0.0005130584404966981,0.00010912879906754824,6.359306007652776e-05,5.376043841209821e-07,0.0002912717536673881,0.0762561559677124,0.010009193276841981,0.005914333974942565,0.0124226216801347,0.0065471428679302335,0.38142697513103485,0.22884156554937363
1992,0.000512173358273884,0.00011328611162753077,6.700319408992073e-05,5.507938372062426e-07,0.00029841777723049745,0.07628129050135612,0.010010842539408552,0.005909853149205446,0.012416740129954298,0.006542104762047529,0.38106589019298553,0.22867359034717083
1993,0.0005112888007126054,0.00011310321951896185,6.763206351934059e-05,5.444631607787187e-07,0.0002949878362414893,0.07636439241468906,0.01001629420243839,0.005918790469877422,0.012441850631417173,0.0065611309837549925,0.38260870426893234,0.2294865483418107
1994,0.000510404768782888,0.00010850588159883046,6.57932146168605e-05,5.156123084049113e-07,0.0002793565390675212,0.07626640237867832,0.010009866025613058,0.005914048640988767,0.012433726317391916,0.006550255231559277,0.3821091949939728,0.22918779868632555
1995,0.0005095212634541824,9.831375746216509e-05,6.352436435008713e-05,4.3830412721490575e-07,0.00023747131763229845,0.0764246080070734,0.010020242382246105,0.005920763476751745,0.01244940771549777,0.006565203191712499,0.3830736428499222,0.2297491254284978
1996,0.0005086382856953587,9.761593810253544e-05,6.269638925004983e-05,4.3797707327541957e-07,0.00023729412441753084,0.07636095210909843,0.010016068921342878,0.005913759465329349,0.012434903788418415,0.006548273842781782,0.3821815699338913,0.22927126102149487
1997,0.0005077558364747117,9.677753268988454e-05,5.991020498186117e-05,4.508098268019012e-07,0.00024424683579127304,0.07623440399765968,0.010007765580321093,0.00591408321633935,0.012433744750522027,0.0065528490813449025,0.3821103200316429,0.2291723620146513
1998,0.0005068739167599545,9.246256240658113e-05,5.9260015177642344e-05,4.15789020991042e-07,0.0002252727417726419,0.07629325240850449,0.010011627460971492,0.005912484368309379,0.012444569640622684,0.00656258943490684,0.3827759549021721,0.2295346036553383
1999,0.0005059925275182205,9.415281010660692e-05,6.178724652272649e-05,4.127294523925684e-07,0.00022361505762091838,0.07638995163142681,0.010017970439773176,0.005917022121138871,0.012419391258562033,0.006543040042743087,0.38122861832380295,0.22880928497761488
2000,0.0005051116697160611,9.406760364072397e-05,6.314054826361826e-05,4.019518620168583e-07,0.00021777581787318923,0.07636890560388565,0.010016590211007759,0.005918236565776169,0.012436943947595163,0.006555605214089155,0.3823070153594017,0.22933796048164368
2001,0.0005042313443194445,9.394929929840146e-05,6.095043204368267e-05,4.1702938702314896e-07,0.000225944761041319,0.07633179984986782,0.010014156597448975,0.005915612215176225,0.01244060538997182,0.0065560792572796345,0.38253212720155716,0.2294319635257125
2002,0.0005033515522937553,0.00010550330125624896,6.169689368107356e-05,5.181453328617636e-07,0.0002807289201882668,0.07641905546188354,0.010019878586561401,0.005922931828536093,0.012433143465280086,0.006554091931320727,0.3820733577013016,0.22924620658159256
2003,0.0005024722946037942,0.00013127335068929824,6.74233206154895e-05,7.136886033265455e-07,0.00038667346416332293,0.07641502656042576,0.010019614172876078,0.005913825123570859,0.012435969399400768,0.00655954924877733,0.38224706798791885,0.2293310472741723
2004,0.0005015935722137745,0.0001430694360351481,7.42683755561302e-05,7.72013596161969e-07,0.00041827366567304125,0.07634131424129009,0.010014780608401894,0.0059153547044843435,0.01245145587036279,0.006566012278199196,0.38319969177246094,0.22977050300687551
2005,0.000500715386087323,0.00015359803455794463,8.647237973491428e-05,7.790770446547413e-07,0.0004221006474836031,0.07625785283744335,0.010009304586992947,0.005912249442189932,0.012444321299866641,0.006570213474333286,0.3827606737613678,0.22950926329940557
2006,0.0004998377371874786,0.00015967711442499422,9.951716356226825e-05,7.388705682842556e-07,0.00040031690514297225,0.07663396373391151,0.010033957864404757,0.005928434198722243,0.01245544645970511,0.006571786478161812,0.3834453597664833,0.2300396617501974
2007,0.000498960626476691,0.00016477865392516833,0.00010226439508187468,7.656680729439813e-07,0.0004148356856603641,0.07640858180820942,0.010019191622961688,0.005911833606660366,0.012439183671007296,0.006570650381036103,0.38244470208883286,0.22942664194852114
2008,0.000498084054916819,0.00018138773157261312,0.00010574022962828167,8.93284394010152e-07,0.0004839777211600449,0.07631508447229862,0.01001305996587319,0.005909244995564222,0.012442346675631103,0.006559494999237359,0.38263922929763794,0.22947715688496828
2009,0.0004972080234691318,0.00017320016831945395,0.00010966458967232029,7.887520041549578e-07,0.0004273424729035469,0.07635863497853279,0.010015916733422376,0.005921074654906988,0.01244211773460517,0.006569126038812101,0.38262514770030975,0.22949189133942127
2010,0.0004963325330943047,0.00017004600704240147,0.00011429999221945764,7.254210565577068e-07,0.00039303004450630397,0.07650059089064598,0.010025222459198454,0.005925143021158874,0.012445084285117862,0.006566530326381326,0.3828076496720314,0.2296541202813387
2011,0.0004954575847524205,0.00015718423946964322,0.00010347160377932596,6.866697646046305e-07,0.0003720347613125341,0.07620706222951412,0.010005970924697771,0.005904408753849566,0.012438320734251626,0.006546029937453568,0.38239163160324097,0.22929934691637754
2012,0.000494583179402967,0.00015130426618270576,9.668314351074514e-05,6.825243090702315e-07,0.0003697887477756012,0.07643197290599346,0.010020725244341748,0.005915571935474873,0.012443706200304406,0.006555711384862661,0.3827228471636772,0.22957741003483534
2013,0.0004937093180048373,0.0001527116264696815,9.754560142027913e-05,6.891447412726848e-07,0.0003733757075679023,0.07636549323797226,0.010016366570985485,0.005915445392020047,0.012448724045614354,0.006575266248546541,0.38303156197071075,0.2296985276043415
2014,0.0004928360015163272,0.0001486501287217834,9.290202979173046e-05,6.859457712948824e-07,0.00037164251443755347,0.07621959038078785,0.010006793128872088,0.005908994353376329,0.012435134471319617,0.006550265941768885,0.38219577074050903,0.22920768056064844
2015,0.000491963230895135,0.00014348532613439602,9.248282003682107e-05,6.413769213509113e-07,0.00034749533188005444,0.07635975256562233,0.010015989921935305,0.005917036556638777,0.012437496786552942,0.006568091921508312,0.3823409751057625,0.2293503638356924
2016,0.0004910910070983616,0.0001416115428582998,9.243434487871127e-05,6.244425563295408e-07,0.00033832031294878107,0.07663102447986603,0.010033765249006354,0.005933377891778946,0.012418599743762318,0.006553839659318328,0.381180040538311,0.22890553250908852
2017,0.000490219331082507,0.00014570399434887804,8.609551241534064e-05,7.090087343897267e-07,0.00038413791116909124,0.07645412907004356,0.010022177593218598,0.00592507713008672,0.012433580314332428,0.0065546390833333135,0.3821002319455147,0.22927718050777912
2018,0.0004893482038034705,0.0001560061491545639,8.959002661867999e-05,7.782833364444741e-07,0.0004216706220177002,0.07640191353857517,0.010018754621340768,0.005917455186136067,0.012462855185836239,0.006593669415451586,0.3839016705751419,0.23015179205685854
2019,0.0004884776262165503,0.0001844164180511143,9.247392335964832e-05,1.0191780397406092e-06,0.000552186373170116,0.07618463784456253,0.010004498495953635,0.005906405858695507,0.012439455364511668,0.006550145917572081,0.38246141374111176,0.22932302579283714
2020,0.0004876075992764412,0.00017854623911262024,9.369728013552958e-05,9.559729612362844e-07,0.0005179420550120994,0.07651756517589092,0.010026334632681306,0.005922054406255484,0.012440819737699244,0.006565781543031335,0.3825453147292137,0.22953143995255232
2021,0.00048673812393723435,0.0001642334400457912,0.00010015315592681873,7.762234552899372e-07,0.000420554555603303,0.07640282809734344,0.01001881462622364,0.00592085113748908,0.012434036165900345,0.006567149423062801,0.3821282610297203,0.22926554456353188
2022,0.0004858692011524168,0.00013822040091326926,8.92870639290777e-05,6.163831258731989e-07,0.00033395373793609906,0.07647747173905373,0.010023707672779344,0.005920936353504658,0.012432373894784196,0.006555388798005879,0.3820260837674141,0.2292517777532339
2023,0.00048500083187486784,0.00012658478726734756,8.330974333148333e-05,5.531327094132621e-07,0.000299684950732626,0.07628149725496769,0.010010856257894817,0.005910939420573413,0.012428470004835511,0.006563090835697949,0.38178620487451553,0.2290338510647416
2024,0.0004841330170568617,0.00011612253547355067,7.66660677982145e-05,5.05630376679278e-07,0.00027394839980843244,0.07637615129351616,0.010017065440826202,0.005916266934946179,0.012451287431507934,0.006568845245055854,0.383189357817173,0.22978275455534458
2025,0.00048326575765006343,0.0001072683185157075,7.102186918928055e-05,4.655888776738948e-07,0.00025225410900020506,0.07645032741129398,0.010021928486279483,0.005923079210333526,0.012430749154537615,0.006548303295858204,0.3819262161850929,0.22918827179819345
2026,0.00048239905460552935,0.00010830163864739006,6.848715247542714e-05,4.938384758901293e-07,0.00026755957333080005,0.07639102451503277,0.01001804079892655,0.005917010479606688,0.012443468221118916,0.006556249340064824,0.38270819187164307,0.22954960819333792
2027,0.00048153290887370526,9.769813232196611e-05,6.3143313582259e-05,4.35436044554649e-07,0.0002359173977311002,0.07624245993793011,0.010008294481528221,0.005909465602599084,0.01242157073939742,0.00654539605602622,0.3813624382019043,0.2288024490699172
2028,0.0004806673214044271,8.779755535215372e-05,5.765610694652423e-05,3.8457911166744907e-07,0.00020836333987972466,0.07637994550168514,0.01001731421473642,0.00591053965035826,0.012444446859467473,0.006557182059623301,0.3827684074640274,0.22957417648285627
2029,0.00047980229314691645,8.249239499491523e-05,5.3553197631117655e-05,3.659112532972131e-07,0.00019824917944788467,0.0763641931116581,0.010016281399416403,0.005913974484428763,0.01242898312070596,0.006553524872288108,0.38181769847869873,0.2290909457951784
2030,0.00047893782504978367,7.380197848760872e-05,4.8439081638207426e-05,3.234679830654841e-07,0.00017525356452097185,0.07633744552731514,0.010014527049042701,0.005910696811042726,0.01242197665877325,0.006546295364387333,0.3813873752951622,0.22886241041123867
2031,0.0004780739180610239,7.00662931194529e-05,4.6960978806964704e-05,2.999055457308941e-07,0.00016248754673142685,0.07632728107273579,0.01001385988117716,0.005911641754209995,0.012434350102737086,0.006550942314788699,0.38214754313230515,0.22923741210252047
2032,0.00047721057312801694,6.729048095621692e-05,4.599698513629846e-05,2.8140576979751586e-07,0.00015246445582306478,0.07622289843857288,0.010007010620843986,0.005910816369578242,0.012436817580954326,0.0065557584166526794,0.3822992220520973,0.2292610602453351
2033,0.0004763477911975264,5.9954976677545346e-05,4.077936773683177e-05,2.5223048893963096e-07,0.00013665740925716818,0.07642947696149349,0.010020561691027245,0.005920191062614322,0.012439558746864567,0.006562725058756769,0.38246776908636093,0.2294486230239272
2034,0.0004754855732156984,5.1643551159941126e-05,3.41560255492368e-05,2.244270627116407e-07,0.00012159364996477962,0.07632074318826199,0.010013431275484649,0.005911861197091639,0.012435148367743268,0.006553411134518683,0.3821966201066971,0.22925868164747953
2035,0.0004746239201280604,4.8020002168414067e-05,3.200347930487624e-05,2.0687891311155227e-07,0.00011208609157620231,0.07640847936272621,0.010019185177916317,0.005919504561461508,0.012430605896809114,0.006550383637659252,0.38191741704940796,0.22916294820606709
2036,0.00047376283287952167,4.928975090479071e-05,3.2069813300950045e-05,2.1810708350500363e-07,0.00011816949927379028,0.07634788751602173,0.010015211971500626,0.00591472047381103,0.012436280069611593,0.006556358886882663,0.38226617872714996,0.22930703312158585
2037,0.00047290231241436866,4.9794557298810105e-05,3.2110603910950886e-05,2.224645703208239e-07,0.0001205303678943892,0.07637394592165947,0.010016920713307327,0.005916952155530453,0.012439594133554601,0.006560051464475691,0.38246992975473404,0.22942193783819675
2038,0.00047204235967626836,4.7472114601987414e-05,3.0772620561947406e-05,2.1090988777672237e-07,0.00011427008666942129,0.07632863894104958,0.010013949251190687,0.0059152377070859075,0.012431846872450145,0.006557110231369734,0.38199368864297867,0.22916116379201412
2039,0.00047118297560826437,4.737673521049146e-05,3.0777775123169704e-05,2.099916223130549e-07,0.00011377257396816276,0.07632547430694103,0.01001374162816507,0.005911081563681364,0.01244064048125777,0.00655619241297245,0.38253429532051086,0.22942988481372595
2040,0.00047032416115277644,4.828504938814149e-05,3.1212608405439823e-05,2.151637499281378e-07,0.00011657480899884831,0.07635367102921009,0.010015591101619975,0.005914192530326545,0.012425584101801225,0.0065509803825989366,0.38160891830921173,0.2289812946692109
2041,0.00046946591725159967,4.8676121195967426e-05,3.103379788171878e-05,2.200929509754701e-07,0.00011924541240659892,0.07632669433951378,0.01001382164437287,0.005913792294450104,0.012436390206481152,0.006556970300152898,0.38227295130491257,0.22929982282221317
2042,0.0004686082448459048,5.0276226829737425e-05,3.232259143715055e-05,2.253446309552487e-07,0.00012209076294311672,0.07631771266460419,0.010013232361333694,0.005915174726396799,0.012425871170560883,0.006548481644131243,0.38162653893232346,0.22897212579846382
2043,0.00046775114487623327,5.0110200618291856e-05,3.30481848322961e-05,2.1845547060195258e-07,0.00011835825944217504,0.07642691396176815,0.010020393506061426,0.005919701303355396,0.012428311499558092,0.006554417894221842,0.38177645206451416,0.22910168301314116
2044,0.00046689461828250184,5.309774360284791e-05,3.4746616847769474e-05,2.3348696043257178e-07,0.00012650224425669876,0.07635504566133022,0.010015681273449498,0.005915455752983689,0.012433286693770439,0.006551134865731001,0.3820821940898895,0.22921861987560987
2045,0.0004660386660039954,5.5964037755984464e-05,3.7589175917673856e-05,2.3895254042116676e-07,0.00012946347987963236,0.0762823224067688,0.010010910495699465,0.005913133034482598,0.0124373265498733,0.006557153887115419,0.3823305368423462,0.2293064296245575
2046,0.0004651832889793717,5.842890095664188e-05,3.743846309589571e-05,2.628123976222696e-07,0.000142390646487911,0.07642530836164951,0.0100202885819006,0.005919129471294582,0.01244180545576262,0.006563632283359766,0.3826059326529503,0.2295156205072999
2047,0.0004643284881466562,6.186172936395451e-05,3.900751016772119e-05,2.829084113642466e-07,0.00015327859364333563,0.07630009949207306,0.01001207721873016,0.005919509334489703,0.012450704963194796,0.006571574718691409,0.383153460919857,0.22972678020596504
2048,0.0004634742644432428,7.104205405994435e-05,4.6271799874375574e-05,3.139985391698019e-07,0.0001701230667094933,0.07639042101800442,0.010018001034717363,0.00591731583699584,0.012436620130507526,0.006554023129865527,0.3822871074080467,0.22933876421302557
2049,0.0004626206188058921,8.017945765459444e-05,5.7183421859008376e-05,3.177647833751962e-07,0.00017216358719451819,0.07636544480919838,0.01001636339295487,0.005915823276154697,0.012451907999820749,0.006571949808858335,0.38322752714157104,0.2297964859753847
2050,0.00046176755217073245,7.926850094008842e-05,5.111921859679569e-05,3.541290070074865e-07,0.00019186562531103846,0.07629700005054474,0.010011873190548066,0.005908169550821185,0.012436466848295588,0.0065584208350628614,0.3822776675224304,0.22928733378648758
2051,0.0004609150654732544,8.436415600954206e-05,5.3776990171172656e-05,3.815327307421512e-07,0.0002067128143607988,0.07631389051675797,0.01001298157854678,0.005909691913984716,0.012422722127666479,0.006538340821862221,0.3814331591129303,0.22887352481484413
2052,0.00046006315964831527,9.567867346049752e-05,5.8042656291945605e-05,4.5445673535482456e-07,0.00024622273394925287,0.0763087160885334,0.0100126421352666,0.005912455380894244,0.012431202768732382,0.006555617554113269,0.3819541111588478,0.2291314136236906
2053,0.00045921183563013394,9.907733692671172e-05,6.24298727416317e-05,4.534313795545586e-07,0.0002456671791151166,0.07647273689508438,0.010023397174989953,0.005922656157054007,0.01242748981560737,0.006549155688844621,0.38172597438097,0.2290993556380272
2054,0.0004583610943522915,9.94426218312583e-05,6.410663900169311e-05,4.444230441436048e-07,0.0002407865449640667,0.07649996876716614,0.010025181816264698,0.00592317630071193,0.012433462106190646,0.006564057664945722,0.3820929676294327,0.2292964681982994
2055,0.00045751093674773006,0.00011191735347892973,7.110511160135502e-05,5.078783384959706e-07,0.0002751663132585236,0.07648417726159096,0.01002414690819314,0.0059212472988292575,0.012428186947824814,0.0065491353161633015,0.3817687854170799,0.22912648133933544
2056,0.00045666136374875185,0.00011454831474111415,7.331453343795147e-05,5.158464819743358e-07,0.00027948342540184967,0.07629353739321232,0.010011646447316438,0.0059163953410461545,0.012434362976026268,0.006551358965225518,0.3821483328938484,0.22922093514353037
2057,0.00045581237628701727,0.00011209891226826585,7.227315836644266e-05,5.009303674086141e-07,0.00027140192560182186,0.07637657783925533,0.010017092951529595,0.005916206515394151,0.012431517801367269,0.006550706806592643,0.3819734677672386,0.22917502280324697
2058,0.00045496397529354597,0.00010955259631373337,7.230746587083559e-05,4.771781583201573e-07,0.00025853311035461957,0.07632960379123688,0.0100140124636455,0.005913292174227536,0.01243084968272395,0.006548242177814245,0.38193242996931076,0.22913101688027382
2059,0.0004541161616987132,0.00011446420785432565,7.226412185445952e-05,5.228253563416274e-07,0.0002832645459420746,0.07645934075117111,0.010022519254414894,0.005922890035435557,0.012435248860365785,0.006554775056429207,0.38220277428627014,0.22933105751872063
2060,0.00045326893643225064,0.00011229439405724406,7.18352671356115e-05,5.059672112395219e-07,0.0002741308999247849,0.07638636603951454,0.010017734937282797,0.005916879512369633,0.012445535915267028,0.006562046590261161,0.38283541053533554,0.22961088828742504
2061,0.0004524223004232447,0.00011739827050405438,7.362386190834513e-05,5.398637537012974e-07,0.0002924958935182076,0.07635636441409588,0.010015767539797453,0.0059142576064914465,0.012435273581133909,0.0065669011091813445,0.3822043165564537,0.2292803404852748
2062,0.0004515762546001356,0.00013327969281817786,7.853643228372675e-05,6.501578120321483e-07,0.0003522527204040671,0.07649828307330608,0.010025071317455593,0.005921084899455309,0.012457305990169386,0.006573830731213093,0.38355986028909683,0.23002907168120146
2063,0.0004507307998907157,0.0001328234798165795,8.184902571883867e-05,6.214911572044457e-07,0.0003367212812008802,0.07618990913033485,0.010004844488007219,0.0059134315233677626,0.012435070986407722,0.006549932528287172,0.38219182938337326,0.22919086925685406
2064,0.0004498859372221307,0.00013127025067660725,8.204398363886867e-05,6.057177408536063e-07,0.00032817530336615164,0.07641665637493134,0.010019721464131335,0.005913767614401877,0.012433176822011538,0.006553500541485846,0.3820754289627075,0.22924604266881943
2065,0.00044904166752087577,0.00013870433303964091,8.054895079112612e-05,6.853613392365787e-07,0.00037132584475330077,0.07634949870407581,0.010015317493708143,0.005920354858972132,0.012430938942877582,0.00655685062520206,0.3819378912448883,0.22914369497448206
2066,0.000448197991712796,0.0001295805850531906,8.137042095768265e-05,5.950974184543156e-07,0.0003224212214263389,0.07630938291549683,0.010012686008299573,0.005913066794164479,0.012440127407557991,0.006561627611517906,0.3825027123093605,0.22940604761242867
2067,0.0004473549107230855,0.0001251408916687069,8.094983786577359e-05,5.572304697665231e-07,0.0003019050991497352,0.07641726545989513,0.010019761312282958,0.005914491834118962,0.012436463191731202,0.0065491070272400975,0.3822774440050125,0.22934735473245382
2068,0.0004465124254762857,0.00012920472499899915,8.160362540365895e-05,5.899070423254216e-07,0.0003196091238351073,0.0762887354940176,0.010011331487359798,0.005913108354434371,0.012430829635683273,0.006550251971930265,0.3819311782717705,0.22910995688289404
2069,0.0004456705368962853,0.0001376115087623475,8.518213780916994e-05,6.410699242564988e-07,0.00034732897620415315,0.07634102366864681,0.010014761537183392,0.0059064553352072835,0.012446486769700131,0.0065549821592867374,0.3828939124941826,0.2296174680814147
2070,0.0004448292459063178,0.00012579504027598887,7.789325172780082e-05,5.858336091790761e-07,0.000317402193104499,0.07652209512889385,0.010026631342621687,0.005919794552028179,0.012441880894627989,0.006562753347679973,0.3826105669140816,0.2295663310214877
2071,0.0004439885534289627,0.000121469781788619,7.189401594587252e-05,5.902092006238036e-07,0.00031977283651940525,0.07642431557178497,0.010020223502954671,0.005918371025472879,0.012449365489486608,0.006560431909747422,0.38307104259729385,0.2297476790845394
2072,0.000443148460386142,0.0001130178047787922,6.731161715833878e-05,5.460407361823627e-07,0.000295842541163438,0.07627985253930092,0.010010748326514876,0.005911346059292555,0.012438986258118664,0.0065608040895313025,0.38243257999420166,0.2293562162667513
2073,0.0004423089676991208,0.00010912635434578988,7.064144756441237e-05,4.855445094875677e-07,0.0002630659728311002,0.07648150436580181,0.01002397170628987,0.005923125892877579,0.012448085929587988,0.00656076124869287,0.38299229741096497,0.2297369008883834
2074,0.0004414700762885056,0.0001139191590482369,7.334326437558047e-05,5.098281476989541e-07,0.0002762227250059368,0.07642835192382336,0.010020487900561415,0.005922229844145477,0.01245114367963366,0.00658688775729388,0.38318048417568207,0.2298044180497527
2075,0.0004406317870742438,0.0001198425766233413,7.317062136280583e-05,5.657674009285074e-07,0.0003065303899347782,0.07650764100253582,0.01002568448882416,0.005924510071054101,0.012430032117693135,0.006554094492457807,0.3818821832537651,0.22919491212815046
2076,0.00043979410097562193,0.00011240814410484745,7.613072466483572e-05,4.753041711325068e-07,0.0002575178123152,0.07642665319144726,0.010020376714638944,0.005915344692766666,0.012440185017913741,0.0065606554271653295,0.38250625878572464,0.22946645598858595
2077,0.00043895701891126656,0.0001147057719208533,7.302576136680727e-05,5.194315484402523e-07,0.00028142579776613275,0.07639717124402523,0.010018443788479289,0.005914829205721617,0.012447012879885115,0.00655993155669421,0.3829262778162956,0.22966172453016043
2078,0.0004381205417991394,0.0001103117342609039,6.813164600316668e-05,5.150134150255781e-07,0.00027903207956114784,0.0764547549188137,0.01002221852057886,0.005915159243158996,0.012421415660636169,0.006545574637129903,0.38135290145874023,0.22890382818877697
2079,0.0004372846705565413,9.920310094457818e-05,6.451580338762142e-05,4.3919184555818447e-07,0.00023795229208189994,0.07639349438250065,0.010018202759280372,0.005916821886785328,0.012432445440513635,0.0065545286051929,0.3820304796099663,0.22921198699623346
2080,0.00043644940610010715,9.581733456798247e-05,6.390108819687157e-05,4.124844821262741e-07,0.00022348231686919462,0.07640513405203819,0.010018965771574911,0.0059179962845519185,0.012428281056946534,0.006549925543367863,0.3817745968699455,0.22908986546099186
2081,0.0004356147493458068,9.221339587384136e-05,6.1032729490761994e-05,4.0040189475121224e-07,0.00021693604958272772,0.07637555338442326,0.010017025945129826,0.005912393098697066,0.012427669554465955,0.006546581513248384,0.38173701614141464,0.22905628476291895
2082,0.0004347807012089434,8.803626496955985e-05,5.672443512594327e-05,3.936604997534232e-07,0.00021328357797756325,0.07635197415947914,0.010015479679718345,0.00591485807672143,0.012439994785750414,0.0065650122705847025,0.38249457627534866,0.2294232752174139
2083,0.000433947262604154,8.238532382165431e-05,5.170898725737061e-05,3.7853869727655365e-07,0.00020509065780061064,0.0762840025126934,0.010011020605715624,0.005915278918109834,0.012452566954584052,0.006569773657247424,0.3832680732011795,0.22977603785693645
2084,0.0004331144344454049,8.278944915218744e-05,5.1915443009420414e-05,3.807439519221134e-07,0.00020628546644729795,0.07639282569289207,0.010018158728837956,0.005920627503655851,0.012440936998672181,0.0065652976045385,0.38255251199007034,0.2294726688414812
2085,0.0004322822176459953,9.063356264960021e-05,5.725351252294786e-05,4.13723753922568e-07,0.000224153755880252,0.07633444108068943,0.010014329882224412,0.005913987406529486,0.012435027541477076,0.006548332632519305,0.38218918442726135,0.2292618127539754
2086,0.0004314506131185526,9.555326641930151e-05,5.839467439727741e-05,4.507004778275814e-07,0.00024418763041467173,0.07623365893959999,0.010007716687354838,0.005905309342779219,0.012425919331880584,0.006542703369632363,0.38162951171398163,0.2289315853267908
2087,0.0004306196217750332,9.11222841750714e-05,5.924155357206473e-05,4.03556484229739e-07,0.00021864520294911927,0.07644392549991608,0.010021508665820699,0.005916268099099398,0.012428509521071862,0.0065453891875222325,0.38178862631320953,0.2291162759065628
2088,0.0004297892445267209,9.226516885973979e-05,6.158135511213914e-05,3.9682930719209253e-07,0.0002150004229406477,0.07620643638074398,0.010005930021775366,0.005911460379138589,0.012431253835874453,0.006550783873535693,0.3819572329521179,0.22908183466643095
2089,0.00042895948228422614,9.219988851327798e-05,6.169779135234421e-05,3.953671701140138e-07,0.0002142082694263081,0.07646253146231174,0.010022728238244996,0.005922941374592483,0.012453268233465927,0.006570710917003453,0.3833112418651581,0.2298868866637349
2090,0.00042813033595748474,8.462939331366215e-05,5.576255625783233e-05,3.693213290745234e-07,0.0002000967324420344,0.07629286870360374,0.010011602478883814,0.005909246276132762,0.012427003424536783,0.006546900607645512,0.3816961199045181,0.22899449430406094
2091,0.00042730180645575834,7.905232723715017e-05,5.1537472927520867e-05,3.490462106015002e-07,0.00018911174083768856,0.07639867626130581,0.01001854228650167,0.005911347805522382,0.012432014696811622,0.006546864868141711,0.3820040002465248,0.2292013382539153
2092,0.00042647389468762967,7.379027010756545e-05,4.9482503072795225e-05,3.156564876150014e-07,0.00017102133006119402,0.07638837397098541,0.010017866942830151,0.005915087880566716,0.01243393975966121,0.006556782638654113,0.38212230801582336,0.2292553409934044
2093,0.00042564660156100653,7.029387870716164e-05,4.7017380893521477e-05,3.015894307623057e-07,0.00016339986359525938,0.07639712281525135,0.010018440520325543,0.005918009206652641,0.012432386184877438,0.006560868117958307,0.382026843726635,0.22921198327094316
2094,0.000424819927983117,6.90402398504375e-05,4.647827472581412e-05,2.9400023482395454e-07,0.00015928809716569958,0.07650576904416084,0.010025561567254353,0.005924017052166164,0.012434850395761022,0.006553169223479927,0.38217828422784805,0.22934202663600445
2095,0.00042399387486050983,7.205094652817934e-05,4.584628891279863e-05,3.264506798217326e-07,0.00017686957198748132,0.07643693685531616,0.010021050618552912,0.005917326547205448,0.012435764621948358,0.006547100143507123,0.38223446905612946,0.2293357029557228
2096,0.0004231684430990534,7.333792291319696e-05,4.6849496129652834e-05,3.309210514501615e-07,0.00017929163004737347,0.07640862837433815,0.010019194890870433,0.005911895073950291,0.012427146723793884,0.006547278957441449,0.3817048966884613,0.22905676253139973
2097,0.00042234363360393586,6.781785714338184e-05,4.377780783215712e-05,3.026565664754344e-07,0.00016397804574808106,0.07625035010278225,0.010008812450465263,0.005912100896239281,0.012431666316073661,0.006549393758177757,0.38198260962963104,0.22911647986620665
2098,0.0004215194472796605,6.838552690169308e-05,4.40617477579508e-05,3.0579902077221277e-07,0.00016568063119848375,0.0763931144028902,0.01001817770280491,0.005910490988753736,0.012432382088181041,0.006554749328643084,0.3820265680551529,0.22920984122902155
2099,0.0004206958850300497,7.15003857294505e-05,4.7069712991287815e-05,3.123373808477936e-07,0.00016922307531785918,0.0763145424425602,0.010013024360118488,0.00591198424808681,0.012427860853473572,0.006552108679898083,0.3817487731575966,0.2290316578000784
2100,0.0004198729477582402,6.822408067819197e-05,4.447025435183605e-05,3.0129320727212416e-07,0.00016323937779816333,0.07643575221300125,0.010020973019804995,0.005916513386182487,0.012441232924193484,0.006563711096532643,0.3825707212090492,0.22950323671102524
2101,0.0004190506363666835,7.163023178691219e-05,4.534975778369699e-05,3.26233884351268e-07,0.00017675211893219966,0.07636275887489319,0.010016187056076015,0.005918422597460449,0.012429988069795641,0.006565184681676328,0.3818794786930084,0.2291211187839508
2102,0.000418228951757145,7.299751496248064e-05,4.6331183966685785e-05,3.3160620915850814e-07,0.0001796628366719233,0.07640819437801838,0.010019166478183746,0.005917461705394089,0.012452869322952418,0.0065696913516148925,0.3832866996526718,0.2298474470153451
2103,0.00041740789483070255,7.550285454271943e-05,4.5806423486283165e-05,3.5860114344643534e-07,0.00019428857740422245,0.07628708519041538,0.010011222925170756,0.005913507309742272,0.012442984501240999,0.006569047807715833,0.38267846405506134,0.22948277462273836
2104,0.0004165874664877453,7.396132014036993e-05,4.659040246224322e-05,3.3858699133304526e-07,0.00018344498494116124,0.07653839513659477,0.010027699099200281,0.005926738609559834,0.01243297302268957,0.006563283619470894,0.3820628970861435,0.22930064611136913
2105,0.0004157676676279744,7.305479721253505e-05,4.461089292817633e-05,3.4483546684782596e-07,0.00018683040525502292,0.07628174684941769,0.01001087279273407,0.0059072443982586265,0.012433891044236358,0.0065562117379158735,0.3821193352341652,0.22920054104179144
2106,0.0004149484991503993,7.119705969671486e-05,4.2770539494085824e-05,3.4127830694785644e-07,0.0001849031332312734,0.0763702429831028,0.010016678103892483,0.005914296954870224,0.012437871474541716,0.006569249089807272,0.38236403465270996,0.22936713881790638
2107,0.00041412996195333877,7.531373512392747e-05,4.448843401405611e-05,3.665863328450314e-07,0.00019861493183270795,0.0763784609735012,0.010017216703363311,0.005918116075918078,0.012441692296606913,0.006567737553268671,0.38259898126125336,0.22948872111737728
2108,0.0004133120569344191,8.42936169647146e-05,5.0495761570346076e-05,4.051066078147869e-07,0.0002194850330852205,0.07636972703039646,0.010016644145369355,0.005917221773415804,0.01243973962735873,0.0065597157226875424,0.38247888535261154,0.229424306191504
2109,0.0004124947849905737,8.705763957550516e-05,5.071291752756224e-05,4.290113047034083e-07,0.00023243651867232984,0.07637285441160202,0.010016849438321592,0.005916671245358884,0.012422135244882641,0.006546564749442041,0.3813971281051636,0.2288849912583828
2110,0.00041167814701804114,8.57443287713977e-05,4.973000409336237e-05,4.241480855426971e-07,0.0002298016233908129,0.07644428685307503,0.010021532715673352,0.005924950703047216,0.012431607349363204,0.006556734791956842,0.38197897374629974,0.22921163029968739
2111,0.000410862143912365,9.641467386245495e-05,5.195845392336196e-05,5.061677814666155e-07,0.0002742395481618587,0.07624633237719536,0.010008548562272181,0.005911211483180523,0.012430865925193052,0.0065527192782610655,0.38193340599536896,0.22908986918628216
2112,0.00041004677656839315,9.011016527438187e-05,5.327631629370444e-05,4.382565919058834e-07,0.00023744555346638663,0.07632563635706902,0.010013752072995787,0.005916445050388575,0.012428338868573098,0.006548534147441387,0.38177813589572906,0.22905188612639904
2113,0.00040923204588027575,8.680510381964268e-05,5.685558562618098e-05,3.8133038238186145e-07,0.00020660317750298418,0.07632362470030785,0.010013620285681044,0.005912118591368198,0.01243020084457397,0.006546501419506967,0.3818925470113754,0.22910808585584164
2114,0.0004084179527414649,8.060792060859967e-05,5.383988536777906e-05,3.4640368617999684e-07,0.0001876800542959245,0.07620601169764996,0.010005901753213505,0.00591196829918772,0.012425486751633864,0.00653818529099226,0.3816029205918312,0.22890446614474058
2115,0.0004076044980447134,7.806980738678249e-05,4.894583776149375e-05,3.5911254592235764e-07,0.00019456568224995863,0.07633453793823719,0.010014336148756025,0.005911639309488237,0.012429424067306554,0.006547023309394717,0.38184482604265213,0.22908968199044466
2116,0.00040679168268207405,7.739114016658277e-05,4.943254180034273e-05,3.492562061779836e-07,0.00018922552590083797,0.07638764195144176,0.010017819007041606,0.005914246779866517,0.012422787432768955,0.006548765697516501,0.38143714517354965,0.2289123935624957
2117,0.00040597950754489836,8.918790854295366e-05,4.93895890940621e-05,4.58440620576539e-07,0.00024838118224579375,0.07629254832863808,0.01001158149388199,0.005911511252634227,0.012437709871621731,0.006562218768522143,0.38235408812761307,0.22932331822812557
2118,0.0004051679735238365,9.049261871041381e-05,5.256986582935497e-05,4.4700171386580223e-07,0.0002421836206849548,0.07638878375291824,0.010017893634249356,0.005913796601817012,0.012434831525424538,0.006558115943334997,0.38217712193727493,0.2292829528450966
2119,0.0004043570815088348,8.549573067284655e-05,5.5897190804898855e-05,3.763224256658759e-07,0.0002038898810496903,0.07624094001948833,0.010008194610399706,0.005904098390601575,0.012431546333886974,0.006545434705913067,0.3819752261042595,0.2291080830618739
2120,0.0004035468323891356,9.292789081882802e-05,5.859347288605932e-05,4.2500433927727954e-07,0.00023026555936667137,0.07643875293433666,0.010021169692890004,0.005916067864745855,0.012426656513466368,0.006544069736264646,0.38167479634284973,0.2290567746385932
2121,0.0004027372270532766,9.432638216821942e-05,6.149679984446266e-05,4.164755758040428e-07,0.00022564470600627828,0.07635188288986683,0.010015473686329093,0.0059172079199925065,0.012424918445659896,0.006548914592713118,0.3815680593252182,0.22895997110754251
2122,0.0004019282663890893,9.063196466740919e-05,6.113479685154743e-05,3.850540100103217e-07,0.0002086206286548986,0.0763804093003273,0.010017344811684847,0.005915593123063445,0.01244645812528505,0.006560916313901544,0.3828921318054199,0.2296362705528736
2123,0.0004011199512836978,8.787530214249273e-05,5.65442730930954e-05,3.9350511649161035e-07,0.00021319940606190357,0.07643690332770348,0.01002104844035064,0.005917570204474032,0.012424748768641646,0.0065488244872540236,0.3815576210618019,0.2289972621947527
2124,0.00040031228262351975,8.31697043395252e-05,5.638721745526709e-05,3.512386843596005e-07,0.0001902996409626212,0.0763563271611929,0.01001576563286516,0.005916797439567745,0.012423957448752382,0.006542519549839199,0.3815090283751488,0.22893267776817083
2125,0.00039950526129426165,8.157278443832183e-05,5.662964895236655e-05,3.3471159177622667e-07,0.00018134532820113236,0.07618903554975986,0.01000478739923358,0.005906192120164633,0.012438642167275811,0.006555128144100308,0.3824114054441452,0.22930022049695253
2126,0.00039869888818092216,7.931142499728594e-05,5.2759845175387454e-05,3.424126742146427e-07,0.00018551773791841697,0.07634956575930119,0.010015321761794692,0.005915899411775172,0.012426849730953596,0.006547182914800942,0.38168663531541824,0.22901810053735971
2127,0.0003978931641677881,7.997225839062594e-05,4.853028053730668e-05,3.7973744682062716e-07,0.00020574016070895595,0.07633531652390957,0.01001438737069349,0.0059114767936989665,0.012431913885413705,0.006552053848281503,0.38199780881404877,0.22916656266897917
2128,0.00039708809013843456,8.128365516313352e-05,4.903798776467738e-05,3.8809153757313197e-07,0.00021026631384302163,0.07638754323124886,0.01001781256111315,0.005916669382713735,0.012417373850824375,0.006544263567775488,0.38110479712486267,0.22874617017805576
2129,0.00039628366697572355,8.617771891294979e-05,5.077582454759977e-05,4.2042643144668546e-07,0.00022778528636990814,0.07637938857078552,0.010017277534591987,0.005918289767578244,0.012425748351031295,0.006542703020386398,0.38161899894475937,0.22899919375777245
2130,0.00039547989556180485,8.056185197347077e-05,5.209156529417669e-05,3.5888617588852867e-07,0.00019444298959570006,0.07641110196709633,0.01001935710488993,0.00591638358309865,0.01243714636555721,0.006554673658683896,0.3823194280266762,0.22936526499688625
2131,0.0003946767767781109,8.002075264812447e-05,5.195883341002627e-05,3.5487249938626064e-07,0.00019226842505304376,0.07645165920257568,0.010022015787849588,0.005918867653235793,0.012433796538693712,0.006558038177900016,0.3821135237812996,0.22928259149193764
2132,0.0003938743115053612,7.553634304713341e-05,4.7795383807169856e-05,3.442260148034393e-07,0.0001865001777332509,0.07640088722109795,0.010018687353715005,0.005915519781410694,0.012424855054948369,0.00655090797226876,0.3815641403198242,0.22898251377046108
2133,0.00039307250062355607,6.920725218151347e-05,4.3046325345130754e-05,3.2087911527867163e-07,0.00017385095088684466,0.07634328119456768,0.010014909565212041,0.005914438748732209,0.012423574873996085,0.006548106437548995,0.3814855292439461,0.22891440521925688
2134,0.0003922713450119805,6.893975887578563e-05,4.126377780266921e-05,3.3157084011747884e-07,0.00017964367907552514,0.07630735822021961,0.010012553207763245,0.0059104698011651635,0.012440541640549096,0.006565828458406031,0.3825282081961632,0.2294177832081914
2135,0.0003914708455491995,7.207321550595225e-05,4.420685172590311e-05,3.3875991789500404e-07,0.00018353866289544385,0.07637849450111389,0.010017219154778177,0.0059189810417592525,0.012441771391163819,0.006567211006768048,0.38260383158922195,0.22949116304516792
2136,0.0003906710031130588,6.922098373252084e-05,4.4554388523465605e-05,3.0987200538845627e-07,0.0001678873604760156,0.07628791965544224,0.010011277706071032,0.005913798930123448,0.012431195452505735,0.0065529318526387215,0.3819536715745926,0.22912079561501741
2137,0.0003898718185806834,6.361590249071014e-05,4.149150390730938e-05,2.80758005288817e-07,0.00015211349000310292,0.07637923583388329,0.01001726772898607,0.0059125859988853335,0.012434478103599442,0.006553056882694364,0.3821554034948349,0.2292673196643591
2138,0.0003890732928284782,6.432912596210372e-05,4.0067320469461265e-05,2.978545836640478e-07,0.0001613763415662106,0.07628653571009636,0.01001118685864325,0.005912222433835268,0.012433573438394569,0.006552458740770817,0.38209979981184006,0.2291931677609682
2139,0.0003882754267321232,5.894714831811143e-05,3.7950142768750084e-05,2.6381743190029283e-07,0.00014293516096586245,0.07619296573102474,0.010005045568800228,0.00590770912822336,0.01243347410261271,0.0065576492343097925,0.3820936903357506,0.22914332803338766
2140,0.00038747822116657737,5.467758614940976e-05,3.6283291478866886e-05,2.3672163607102448e-07,0.0001282547609662288,0.07636823691427708,0.010016546536673873,0.005916165071539581,0.01243026830541793,0.006551401922479272,0.3818966969847679,0.2291324669495225
2141,0.00038668167700607397,5.409869891082053e-05,3.441957551331143e-05,2.451388363411411e-07,0.00013281518749863608,0.07633037306368351,0.010014063051486404,0.0059160408563911915,0.012430345423981944,0.006554984371177852,0.38190140575170517,0.22911588940769434
2142,0.00038588579512412164,5.210623021412175e-05,3.210703061995446e-05,2.438243953406527e-07,0.00013210302086008596,0.07630245760083199,0.010012231917648018,0.005914773675613105,0.01242866743840653,0.0065477287862449884,0.38179832696914673,0.22905039228498936
2143,0.00038509057639350203,4.538298571787891e-05,3.0269456374298898e-05,1.9534501483065014e-07,0.00010583710218270426,0.07639029622077942,0.010017993045542139,0.005915071116760373,0.0124328161841815,0.006556271691806614,0.38205326348543167,0.22922177985310555
2144,0.00038429602168627025,4.2495592879276956e-05,2.6866832968153176e-05,1.9381958171749147e-07,0.00010501062752155121,0.07626148499548435,0.010009543286302386,0.005910514271818101,0.012429589729228759,0.006547497236169875,0.38185498863458633,0.22905823681503534
2145,0.0003835021318737526,4.6773484427831136e-05,2.9670321055164095e-05,2.1260063931549666e-07,0.00011518613655425725,0.07629328407347202,0.01001162964122346,0.005913604865781963,0.012421536912184004,0.006543239811435342,0.38136038929224014,0.22882683668285608
2146,0.00038270890782654755,5.0954899734279024e-05,3.027164484592504e-05,2.467496438285366e-07,0.00013368791496759513,0.07641177996993065,0.010019401765479557,0.0059190173633396626,0.012438060130497829,0.00655593432020396,0.382375605404377,0.22939369268715382
2147,0.0003819163504145212,4.919575303574675e-05,3.079318730669911e-05,2.2666480337107942e-07,0.00012280601185921114,0.07629886828362942,0.01001199609849495,0.005914537003263831,0.01243402314598151,0.00655346701387316,0.38212744891643524,0.22921315860003233
2148,0.0003811244605068109,5.174766101845307e-05,3.302139919014735e-05,2.3376468227809255e-07,0.0001266527024199604,0.0763805378228426,0.01001735280137706,0.005915338406339288,0.012435064257573179,0.0065531050786376,0.3821914419531822,0.2292859898880124
2149,0.0003803332389718207,5.0094331072614295e-05,3.246228754960612e-05,2.2263463606009282e-07,0.00012062250198141555,0.07640272378921509,0.010018807999378283,0.005917368456721306,0.012439124008775749,0.006556280190125108,0.38244104385375977,0.22942188382148743
2150,0.0003795426866772221,5.1636474154292955e-05,3.21115973065389e-05,2.394554998730314e-07,0.0001297359758609673,0.07634046114981174,0.01001472475687372,0.005913273082114756,0.012447635122616124,0.006568500539287925,0.3829645812511444,0.22965252120047808
2151,0.0003787528044899522,5.528265364773688e-05,3.367911847362848e-05,2.6153176335697026e-07,0.00014169678888720227,0.07625993527472019,0.010009441156042208,0.005912092397920787,0.012437459785136053,0.006556971580721438,0.382338710129261,0.2292993227019906
2152,0.00037796359327621476,5.693864386557834e-05,3.6928901408828096e-05,2.5282147042560155e-07,0.00013697761005460052,0.0762613844126463,0.010009536471593273,0.005908595281653106,0.012441232193160848,0.006559619214385748,0.38257068395614624,0.22941603418439627
2153,0.00037717505390147513,5.997930088597059e-05,3.855140266750823e-05,2.6890366999765547e-07,0.00014569088352800463,0.0763496458530426,0.010015327028792606,0.005909395404160023,0.012442632626704649,0.006557442247867584,0.3826568126678467,0.22950322926044464
2154,0.00037638718723046464,5.952065816927643e-05,3.834129756796756e-05,2.662222815530413e-07,0.00014423809034269652,0.0764342863112688,0.010020877177715009,0.005915955523960292,0.012438223922495672,0.006552336271852255,0.3823857083916664,0.2294099973514676
2155,0.0003755999941271753,6.581202319466684e-05,3.926290082745254e-05,3.174784817261411e-07,0.00017200850879817153,0.07639751024544239,0.010018465848489195,0.005915799760259688,0.012432616621876207,0.006547489669173956,0.38204100728034973,0.22921925876289606
2156,0.00037481347545486075,7.159008964663371e-05,4.242483737471048e-05,3.474576395490203e-07,0.00018825108872988494,0.07637744955718517,0.010017150424141405,0.005911172833293676,0.012427836264324586,0.006550041143782437,0.381747268140316,0.2290623588487506
2157,0.00037402763207603526,7.770857473587967e-05,4.6974306087577133e-05,3.7033445998702064e-07,0.00020064563977939542,0.0763716958463192,0.010016772987390989,0.005918282316997647,0.012449777661831352,0.006564704584889114,0.3830963969230652,0.2297340463846922
2158,0.00037324246485247235,8.331141089001903e-05,4.485843692236813e-05,4.376617948054218e-07,0.00023712329857517034,0.07644908130168915,0.010021846719774135,0.005919707706198096,0.012443992851007871,0.006575517007149756,0.38274046778678894,0.22959477454423904
2159,0.000372457974645204,8.726688656679471e-05,5.071324699201796e-05,4.3093990775844304e-07,0.00023348143440671265,0.07630892470479012,0.010012655851287211,0.005915068439207971,0.01242548850833537,0.006547390832565725,0.38160306215286255,0.22895599342882633
2160,0.00037167416231452034,8.13086799098528e-05,4.74472781206714e-05,4.0006642265666414e-07,0.00021675427251466317,0.0763375274837017,0.01001453222564109,0.005914294975809753,0.012423663454350538,0.006548536359332502,0.38149094581604004,0.22891423664987087
2161,0.0003708910287199675,7.907015333330492e-05,4.872377348874579e-05,3.699838231341346e-07,0.0002004556681640679,0.0762633141130209,0.01000966295183837,0.005904761957935989,0.012432327367892583,0.006554310559295118,0.3820232227444649,0.22914326842874289
2162,0.0003701085747203475,7.696961984038353e-05,4.864370134782803e-05,3.511900921182587e-07,0.00019027328653464792,0.07640447095036507,0.01001892228915193,0.0059153345646336675,0.012434723422712443,0.006556298118084669,0.38217049837112427,0.22928748466074467
2163,0.0003693268011737171,7.304330210899934e-05,4.6083032657406875e-05,3.3386077902264333e-07,0.000180884374458401,0.0764128640294075,0.010019472840763523,0.005917271017096937,0.012442775307400305,0.0065685720182955265,0.38266557455062866,0.22953921929001808
2164,0.00036854570893738673,7.002311303949682e-05,4.3203983523198985e-05,3.272443862556429e-07,0.00017729962291923584,0.07630354911088943,0.010012303316342393,0.005913228844292462,0.01243508107965271,0.006550348713062704,0.3821924701333046,0.22924800962209702
2165,0.00036776529886791993,6.949396447453182e-05,4.680740426010743e-05,2.9575758553335163e-07,0.00016024019714677706,0.07633911445736885,0.010014636301946284,0.005915266694501042,0.012436095920927131,0.006556647713296115,0.38225485384464264,0.22929698415100574
2166,0.0003669855718211316,6.616083169319609e-05,4.296363658795599e-05,2.933755141043548e-07,0.00015894960870355135,0.07645354978740215,0.010022139569645438,0.005915799061767757,0.012435273142304134,0.0065556628396734595,0.3822042867541313,0.22932891827076674
2167,0.00036620652865208874,6.455930133597576e-05,4.150006043346366e-05,2.894010577847439e-07,0.0001567962572153192,0.07633320055902004,0.010014248326136536,0.005914364941418171,0.01242193902539189,0.006547377095557749,0.38138508051633835,0.2288591405376792
2168,0.0003654281702151074,6.096605397942767e-05,3.912510851478146e-05,2.737744466685399e-07,0.00014832982469670242,0.07640513405203819,0.010018965771574911,0.005913718487136066,0.012431581304424372,0.0065530522260814905,0.3819773495197296,0.2291912417858839
2169,0.0003646504973637531,6.110541266934888e-05,3.9946311289895675e-05,2.6899770233512754e-07,0.00014574181204807246,0.07634499855339527,0.010015022174026177,0.005920187453739345,0.012436731434441175,0.006564646610058844,0.3822939246892929,0.2293194616213441
2170,0.00036387351095083933,5.980923128845461e-05,3.759349624488095e-05,2.744062674864267e-07,0.00014867216395941796,0.0763675607740879,0.010016501863353634,0.005916688474826515,0.012439913194123306,0.0065610798774287105,0.38248956948518753,0.22942856512963772
2171,0.000363097211828427,6.693193017781596e-05,3.8509392197738634e-05,3.333766507296332e-07,0.00018062206981994677,0.07638623006641865,0.010017726130798557,0.005914763081818819,0.012443932480959855,0.0065632229670882225,0.38273676484823227,0.22956149745732546
2172,0.000362321600847823,6.519021826534299e-05,4.071980606568104e-05,3.009840447987244e-07,0.00016307186069752788,0.07635974884033203,0.010015989740326754,0.005913069238886237,0.012438266771296317,0.0065577185014262795,0.3823883384466171,0.22937404364347458
2173,0.0003615466788595806,6.204892383721017e-05,3.862458243020228e-05,2.8746308977645185e-07,0.00015574628287140513,0.07637919485569,0.010017264914412228,0.005911130225285888,0.012439205313118599,0.006550334743224084,0.3824460282921791,0.22941261157393456
2174,0.00036077244671349625,6.34652960798121e-05,3.934502342417545e-05,2.9521525579667696e-07,0.00015994638260963256,0.07637486420571804,0.010016981092357054,0.00591078051365912,0.012438954086832519,0.006553734419867396,0.3824305757880211,0.22940271999686956
2175,0.0003599989052586106,6.368407593981829e-05,4.121929669054225e-05,2.833968260063102e-07,0.0001535431838419754,0.0764279905706644,0.010020464211256052,0.005918315495364368,0.012440868864625424,0.006567187956534326,0.38254832476377487,0.22948815766721964
2176,0.00035922605534320645,6.209152343217283e-05,3.896116322721355e-05,2.853713052530793e-07,0.00015461295788554708,0.07642565481364727,0.010020311091674729,0.0059146968415006995,0.012442511142158818,0.006562330643646419,0.38264933973550797,0.22953749727457762
2177,0.0003584538978148089,6.514578399219317e-05,4.238221345076454e-05,2.8830062248630384e-07,0.0001562000552439713,0.07640318386256695,0.010018838047094027,0.005917201284319162,0.012430577362130775,0.006556407664902508,0.38191571086645126,0.2291594473645091
2178,0.00035768243352018265,5.976938291496481e-05,3.914827516382502e-05,2.625598458649847e-07,0.0001422538070983137,0.07641858421266079,0.010019847725042257,0.005917927832342684,0.01242574747269894,0.006543237483128905,0.3816189393401146,0.2290187617763877
2179,0.00035691166330533406,5.9426524330774555e-05,3.874646586154995e-05,2.623622705755224e-07,0.00014214675775292562,0.07634714618325233,0.010015163024075091,0.0059119348879903555,0.012427169996959541,0.006550479563884437,0.3817063495516777,0.22902674786746502
2180,0.00035614158801550584,5.7549887969798874e-05,3.7288851217454067e-05,2.5580490614629525e-07,0.0001385940304317046,0.07644891738891602,0.010021836192628414,0.0059206701116636395,0.012429981045531776,0.0065513483714312315,0.3818790540099144,0.2291639856994152
2181,0.000355372208495181,5.2571326932593365e-05,3.526984164636815e-05,2.2476602179466454e-07,0.0001217772655763838,0.07637486048042774,0.010016980456790005,0.00591493584215641,0.012439107630858206,0.006555279134772718,0.3824400007724762,0.22940743062645197
2182,0.00035460352558807804,4.969989799974428e-05,3.183463218192628e-05,2.2362844998013998e-07,0.0001211609592246532,0.07641823589801788,0.010019824669610043,0.00591710745356977,0.012430257622922568,0.006548377685248852,0.3818960413336754,0.22915713861584663
2183,0.0003538355401371521,5.538972231988737e-05,3.3899954246408015e-05,2.608894549283036e-07,0.00014134878847471555,0.07638154365122318,0.010017418897677316,0.005915205925703049,0.012437042816895724,0.006555588450282812,0.382313072681427,0.2293473081663251
2184,0.0003530682529845931,5.520613740372937e-05,3.455427963672264e-05,2.543643908836657e-07,0.00013781356528852484,0.07637920416891575,0.01001726573154665,0.005920097464695573,0.012444093710725258,0.006563481525518,0.38274671137332916,0.22956295777112246
2185,0.00035230166497182637,5.309929815666692e-05,3.405026188829652e-05,2.386423707534391e-07,0.00012929544027429074,0.07644184306263924,0.0100213722612248,0.005920424009673297,0.012438738098361478,0.006554504041559994,0.38241732120513916,0.2294295821338892
2186,0.00035153577693950854,5.627742598335317e-05,3.6193291407471406e-05,2.5215030596825727e-07,0.00013661395860253833,0.0765320211648941,0.010027281697193264,0.005920177674852312,0.012439651453929826,0.006556954933330417,0.38247349113225937,0.22950275614857674
2187,0.00035077058972753046,5.733480588787643e-05,3.6426655015020515e-05,2.601855308981271e-07,0.0001409674046044529,0.07641931995749474,0.01001989583266305,0.005915952264331281,0.012440149779123763,0.006558624794706702,0.3825041204690933,0.22946172021329403
2188,0.0003500061041750136,5.355272173801495e-05,3.4128740594496776e-05,2.422474203456204e-07,0.00013124864153724047,0.07631630636751652,0.010013140350848706,0.00591186189558357,0.012427095786147148,0.0065502566285431385,0.3817017748951912,0.22900904063135386
2189,0.00034924232112031,5.345941440282331e-05,3.335308508667367e-05,2.47112957652007e-07,0.0001338847268925747,0.07627007737755775,0.010010106892118153,0.005909675033763051,0.012429183180395362,0.006547625409439206,0.38183000683784485,0.2290500421077013
2190,0.00034847924140100147,5.1021550916630076e-05,3.230862193959183e-05,2.3232601886746806e-07,0.000125873265460541,0.07631980627775192,0.010013369785093724,0.005909517873078585,0.012436424285819552,0.006554458290338516,0.3822750300168991,0.22929741814732552
2191,0.00034771686585389843,4.7699136530354735e-05,3.0449624318862334e-05,2.153896385692633e-07,0.00011669718287521391,0.07637772150337696,0.010017168582875954,0.005917211645282805,0.012436488495134736,0.006551520200446248,0.38227900117635727,0.22932836133986712
2192,0.00034695519531503896,5.422138133326371e-05,3.152773660985986e-05,2.6762106664079965e-07,0.00014499595818051603,0.0763757973909378,0.010017041925016542,0.005914069712162018,0.01242510803026898,0.006545902579091489,0.3815796747803688,0.2289777360856533
2193,0.00034619423061968895,5.566186905525683e-05,3.419618815314607e-05,2.6121390117594956e-07,0.0001415245878888527,0.0764284748584032,0.010020496069274416,0.0059190315660089254,0.012439848856262202,0.006561418296769261,0.38248559832572937,0.2294570365920663
2194,0.0003454339726023384,5.721968318539439e-05,3.421448650442471e-05,2.754552310690883e-07,0.00014924046672604163,0.07638324797153473,0.010017530842751482,0.005919397925026715,0.012439960716193417,0.0065628435695543885,0.3824924826622009,0.22943786531686783
2195,0.0003446744220967043,5.8837953247348196e-05,3.733241305781121e-05,2.6737034453105935e-07,0.0001448601096853963,0.07650154642760754,0.010025285056251795,0.005915273679420352,0.012433369206676693,0.006554220919497311,0.38208724558353424,0.2292943960055709
2196,0.0003439155799357266,6.234198122001544e-05,3.848656547233986e-05,2.9118656730275916e-07,0.00015776363761688117,0.07635028846561909,0.01001536925548611,0.005915108602494001,0.01243544721023297,0.0065497675677761436,0.3822149783372879,0.2292826334014535
2197,0.0003431574469515688,5.915780388932035e-05,3.872924457937188e-05,2.600094637372763e-07,0.00014087203635426704,0.07636579684913158,0.010016386456354153,0.005913016735576093,0.012422575555995964,0.0065455405274406075,0.3814241290092468,0.2288949629291892
2198,0.00034240002397561644,5.497157803802111e-05,3.560091840881796e-05,2.444725719641383e-07,0.00013245421541796532,0.07627853937447071,0.010010662380324522,0.0059087228728458285,0.012429044734164868,0.006544009200297296,0.38182152062654495,0.22905003000050783
2199,0.00034164331183847744,5.522622086573392e-05,3.4504606446716934e-05,2.5491652966280753e-07,0.0001381126744490757,0.07633786648511887,0.01001455456671924,0.005912688211537898,0.012429916070902847,0.006550242425873876,0.38187503069639206,0.22910644859075546
2200,0.0003408873113699783,4.9918803370019305e-05,3.228531170407223e-05,2.223213133589752e-07,0.00012045276707794983,0.07634406164288521,0.010014960784216743,0.0059111692244187,0.012433289766069316,0.0065488944528624415,0.38208238035440445,0.22921322099864483
2201,0.00034013202339916703,4.532895422926231e-05,2.985542539590824e-05,1.9790312943968047e-07,0.00010722306569732609,0.07631389237940311,0.010012981941872999,0.005911554442718625,0.012424681570631485,0.006545047392137349,0.3815534636378288,0.22893367800861597
2202,0.00033937744875430946,4.399065460347629e-05,2.782913895771344e-05,2.00512270787101e-07,0.00010863671650440665,0.07634110562503338,0.010014766804475942,0.005912340129725635,0.012431490585672065,0.0065488968975842,0.3819717988371849,0.22915645223110914
2203,0.00033862358826288895,4.1562982005416416e-05,2.693416661259107e-05,1.8471580531809195e-07,0.00010007823857449694,0.07647365517914295,0.010023457515026936,0.005920378491282463,0.012431522922593577,0.006553796119987965,0.3819737732410431,0.22922371421009302
2204,0.00033787044275160615,3.8206403360163677e-05,2.4884153503990092e-05,1.6887434650669775e-07,9.149540073849494e-05,0.07640407420694828,0.010018896326696666,0.005913245026022196,0.012433936833815256,0.006548713776282966,0.38212213665246964,0.22926310542970896
2205,0.00033711801304637726,3.811315582424868e-05,2.5391842200406245e-05,1.642656206612969e-07,8.89984048626502e-05,0.07646972499787807,0.010023199819700486,0.005919353337958455,0.012440419696935908,0.006556932465173304,0.38252071291208267,0.22949521895498037
2206,0.0003363662999723335,3.828374110526056e-05,2.4825359105307143e-05,1.7002213503758412e-07,9.211726774083218e-05,0.0763840340077877,0.01001758241151319,0.005914756213314831,0.012438434655277351,0.006557942251674831,0.3823986351490021,0.2293913345783949
2207,0.00033561530435382105,4.04193003760156e-05,2.546521045587724e-05,1.8500635423635003e-07,0.000100235659374448,0.07635607570409775,0.010015749015296959,0.005913762142881751,0.012441973876786203,0.006554674822837114,0.3826163038611412,0.22948618978261948
2208,0.0003348650270143985,4.208674135952606e-05,2.8071160613762913e-05,1.8115509003990837e-07,9.814905979510513e-05,0.07638652250170708,0.010017745741103404,0.005913715111091733,0.012433847156302791,0.0065584073308855295,0.3821166455745697,0.2292515840381384
2209,0.0003341154687768367,4.161163747085084e-05,2.739237265814154e-05,1.8178196636853272e-07,9.848869376583025e-05,0.0765007808804512,0.010025235160081464,0.005922713200561702,0.01245256534777601,0.006568603217601776,0.38326796889305115,0.22988437488675117
2210,0.0003333666304631182,4.234169978190039e-05,2.7466550818644464e-05,1.879717625996591e-07,0.00010184229222431895,0.07636010274291039,0.010016012713782363,0.00591835321392864,0.012433486537916046,0.006555211613886058,0.38209448009729385,0.22922729142010212
2211,0.0003326185128944362,4.495087296163547e-05,2.9850604619241494e-05,1.9444955512426532e-07,0.00010535194314797991,0.0764634758234024,0.010022790124934617,0.005916620837524533,0.012432103217031238,0.0065498220501467586,0.38200943917036057,0.22923645749688148
2212,0.00033187111689119325,4.613179976331594e-05,2.9186879487497208e-05,2.102480110011129e-07,0.00011391148109396454,0.07643905282020569,0.010021189387213362,0.005918134585954249,0.01242874383513652,0.006551344529725611,0.3818030282855034,0.22912104055285454
2213,0.00033112444327300036,5.0012565225188155e-05,3.200278888471075e-05,2.2527246912318333e-07,0.00012205166603962425,0.07628576643764973,0.01001113643796509,0.005912275868467987,0.012432887727365758,0.006549290847033262,0.38205765187740326,0.2291717091575265
2214,0.00033037849285867736,5.378601963457186e-05,3.572528430595412e-05,2.32613422745942e-07,0.00012602895685631665,0.07638350501656532,0.010017547638944217,0.005914370995014906,0.012428365066664695,0.006544166593812406,0.3817797526717186,0.22908162884414196
2215,0.00032963326646625,7.061572250677273e-05,3.997193402938137e-05,3.565751152123653e-07,0.00019319087004987523,0.07641623541712761,0.010019693688332826,0.005918288487009704,0.012430372788518685,0.0065551347797736526,0.3819030895829201,0.22915966250002384
2216,0.00032888876491295047,6.719991188219865e-05,3.9316235643127584e-05,3.2989296094854126e-07,0.00017873460910777794,0.07630324736237526,0.010012283150350538,0.005911624059081078,0.012439701170367913,0.0065595293417572975,0.3824765235185623,0.2293898854404688
2217,0.000328144989015216,6.483595029749267e-05,4.0147085428543505e-05,3.019429328787737e-07,0.00016359140045096865,0.07638085260987282,0.010017373774288801,0.005914285429753363,0.01242393578007977,0.006544519099406898,0.38150767982006073,0.22894426621496677
2218,0.0003274019395886879,6.588603969248652e-05,4.222285110699886e-05,2.963086878082777e-07,0.00016053878607635852,0.0764827486127615,0.010024053183267944,0.005914762383326888,0.012435891730635392,0.006548021105118096,0.3822423219680786,0.22936253529042006
2219,0.0003266596174482108,6.273570170378662e-05,3.9266031762963394e-05,2.890653503229146e-07,0.00015661437737435335,0.0763927474617958,0.010018153463328794,0.005915647489018738,0.01242835072358228,0.0065446310909464955,0.38177888840436935,0.22908581793308258
2220,0.00032591802340783255,6.0280409570623306e-05,3.679238375298155e-05,2.846691113944644e-07,0.0001542325112495746,0.07640892453491688,0.010019214135200313,0.005911750253289938,0.012426438554679791,0.006549103069119155,0.38166139274835587,0.22903515864163637
2221,0.00032517715828080167,5.5513546385554946e-05,3.459664662841533e-05,2.5688856730710086e-07,0.00013918114109401358,0.07643061876296997,0.01002063657009577,0.005917211412452161,0.012433973114256437,0.006548413657583296,0.3821243718266487,0.22927749529480934
2222,0.0003244370228795674,5.406857985690294e-05,3.163106521242298e-05,2.6544807685269234e-07,0.00014381863411472295,0.07647119648754597,0.01002329618401005,0.00591831118799746,0.012427029625443701,0.006549656973220408,0.38169770687818527,0.22908445168286562
2223,0.0003236976180157793,5.4608251730314805e-05,3.20256357326798e-05,2.6751543824588e-07,0.00014493871276499704,0.07638982124626637,0.010017961815068763,0.005914196139201522,0.012423118492143797,0.006542513845488429,0.38145749270915985,0.2289236569777131
2224,0.0003229589445002852,6.446375687119144e-05,3.640658133008401e-05,3.2612369516016315e-07,0.0001766924483490584,0.07650851458311081,0.010025741730753043,0.005918946349993348,0.012433519601132655,0.006549761863425374,0.3820965141057968,0.2293025143444538
2225,0.00032222100314313086,6.691188491458888e-05,3.899451326105918e-05,3.296101169780741e-07,0.00017858137107396033,0.07625440880656242,0.010009078785109558,0.005907815298996866,0.012433667214155536,0.006545477895997465,0.3821055516600609,0.22917998023331165
2226,0.00032148379475356055,6.399775793397566e-05,4.027474187751068e-05,2.932651277376408e-07,0.0001588898157933727,0.07652739249169827,0.010026978385052076,0.005922477459535003,0.012442853664135545,0.006560979411005974,0.38267041742801666,0.22959890495985746
2227,0.0003207473201400124,6.438125069507805e-05,3.9527813214590424e-05,3.023187229445057e-07,0.00016379498811147641,0.07626263797283173,0.010009618792968867,0.005910331849008799,0.012436793887066226,0.006552934413775802,0.3822977840900421,0.22928021103143692
2228,0.0003200115801101219,6.579989349120297e-05,3.8513289155162056e-05,3.229007941030204e-07,0.00017494629810244078,0.07642067223787308,0.010019984513464362,0.005918165668845177,0.012452212283199123,0.00657647754997015,0.3832462653517723,0.2298334687948227
2229,0.0003192765754707181,8.37234515529417e-05,4.2730113136713044e-05,4.5717746921525304e-07,0.00024769679657765664,0.07636697217822075,0.010016463636634833,0.005914338398724794,0.012425758012683098,0.006546638440340757,0.3816195875406265,0.22899327985942364
2230,0.0003185423070278236,9.239902828994673e-05,4.8933356538327644e-05,4.914430018487792e-07,0.00026626170983945485,0.07643433660268784,0.010020880445074078,0.005918761831708252,0.012422786407803631,0.0065414682030677795,0.3814370855689049,0.22893571108579636
2231,0.0003178087755866534,8.705210348125547e-05,5.056463419350621e-05,4.300550067171116e-07,0.0002330019706278108,0.07631991617381573,0.01001337696050592,0.005918924347497523,0.012440599541414538,0.006561693036928773,0.3825317770242691,0.22942584659904242
2232,0.00031707598195161566,8.441541785941808e-05,5.033499496676086e-05,4.074175201651542e-07,0.00022073709897085791,0.0763823390007019,0.010017471102551266,0.005913589266128838,0.012436640168214308,0.006554768420755863,0.3822883293032646,0.22933533415198326
2233,0.00031634392692630716,8.288234494102653e-05,4.783025337928848e-05,4.11761639895758e-07,0.00022309070300252642,0.07648245058953762,0.01002403394822816,0.005915922694839537,0.012425188547953653,0.0065419444581493735,0.38158463686704636,0.229033543728292
2234,0.0003156126113135174,7.731304390290461e-05,4.630000444194593e-05,3.716625283090025e-07,0.0002013651937886607,0.0763620026409626,0.010016137386992103,0.005914877518080175,0.01243864128985393,0.006561881862580776,0.3824113607406616,0.2293866816908121
2235,0.00031488203591522213,7.43048231015564e-05,4.507578364609799e-05,3.529392209600246e-07,0.0001912209663714748,0.07647650688886642,0.0100236443399959,0.0059137537609785795,0.012431938759129216,0.006553092272952199,0.38199932873249054,0.22923791781067848
2236,0.0003141522015325879,6.216010797288618e-05,3.8594608440689626e-05,2.887104821880371e-07,0.00015642210109945154,0.07635091058909893,0.010015409938239631,0.005916280904784799,0.01243379068693371,0.006552009959705174,0.38211314380168915,0.22923202719539404
2237,0.0003134231089659674,5.50996435322304e-05,3.6083840655010135e-05,2.42089090107811e-07,0.00013116285254000104,0.07648916356265545,0.010024473532255489,0.005921826814301312,0.012431311926322568,0.006554947583936155,0.38196082413196564,0.22922499384731054
2238,0.0003126947590148999,4.993111838302866e-05,3.309899898340518e-05,2.1642765180018841e-07,0.00011725959075192804,0.07632585614919662,0.010013766877389358,0.005915521294809878,0.012434395598051672,0.006557004409842193,0.382150337100029,0.2292380966246128
2239,0.00031196715247811007,4.391791526359157e-05,2.925190790392662e-05,1.8933693191058865e-07,0.00010258194106427254,0.07626844383776188,0.010009999679527226,0.005910567590035498,0.012426121051124513,0.006548403529450297,0.3816419094800949,0.2289551766589284
2240,0.0003112402901535087,3.95121562632994e-05,2.6153227622671693e-05,1.715551745107291e-07,9.294786832469981e-05,0.07635963521897793,0.010015982112764625,0.005914953071624041,0.012435197663352443,0.006554415333084762,0.38219963014125824,0.22927963268011808
2241,0.0003105141728381883,3.7628954714818974e-05,2.4589178110545618e-05,1.6572304240014546e-07,8.978805362858111e-05,0.07640924490988255,0.010019235376540377,0.005914908018894494,0.012425973202071724,0.0065457799937576056,0.38163281977176666,0.2290210323408246
2242,0.0003097888013284262,3.3941897982003866e-05,2.241937124836113e-05,1.4771621259512813e-07,8.00320021880907e-05,0.07634424977004528,0.010014972771605547,0.00591206643730402,0.012429146300577669,0.006548919482156634,0.381827749311924,0.22908599954098463
2243,0.0003090641764196811,3.483790442260215e-05,2.1682484771190502e-05,1.614253921644604e-07,8.745958166400669e-05,0.07638304121792316,0.010017517133405726,0.005914941779337823,0.012443290903201747,0.006560053443536162,0.38269729912281036,0.22954017017036676
2244,0.0003083402989065931,3.4045679967675824e-05,2.0623211980819178e-05,1.6193472252012953e-07,8.773554964136565e-05,0.0764044038951397,0.01001891784104374,0.005914400680921972,0.012435700555167161,0.0065538773778826,0.38223057240247726,0.22931748814880848
2245,0.00030761716958298247,3.1810324230718834e-05,2.0118313045713876e-05,1.450331859054188e-07,7.85783681749308e-05,0.07635088637471199,0.010015408485286995,0.005912252585403621,0.012420737186595818,0.006540249451063573,0.3813112676143646,0.2288310769945383
2246,0.0003068947892418493,2.960751771752257e-05,1.8380505025561433e-05,1.375344198528694e-07,7.4515565756883e-05,0.07641676068305969,0.010019728271913338,0.005915904534049332,0.012430995571528,0.006548787234351039,0.38194138556718826,0.22917907312512398
2247,0.00030617315867537186,3.179366296990338e-05,1.8720533603300282e-05,1.5519903850957917e-07,8.408617804889218e-05,0.07640284113585949,0.010018815715567663,0.005916866124607623,0.012433300884858908,0.006560373120009899,0.38208305835723877,0.22924294974654913
2248,0.0003054522786749074,2.8598736321328033e-05,1.775086809630011e-05,1.3287332256695095e-07,7.199020615189511e-05,0.07631031610071659,0.010012747230388672,0.0059123237151652575,0.012428597773546081,0.006549458601512015,0.3817940428853035,0.22905217949301004
2249,0.0003047321500309882,2.7342264843355224e-05,1.7314062461082358e-05,1.2450277830922118e-07,6.74550728945178e-05,0.07641941122710705,0.010019901823407203,0.005914511741138995,0.012433242218501644,0.006549800978973508,0.38207945227622986,0.22924943175166845
2250,0.00030401277353332435,2.7835943910758942e-05,1.721737743309859e-05,1.297725384930004e-07,7.031020777503727e-05,0.0764346793293953,0.010020902771999202,0.005916373454965651,0.012440323340165923,0.006558738416060805,0.3825147822499275,0.2294747307896614
2251,0.0003032941499708001,2.6663578864827286e-05,1.7131137610704172e-05,1.1958995571603737e-07,6.479334274445137e-05,0.07639706693589687,0.01001843688904235,0.005915565066970885,0.012430459418098738,0.006552745355293155,0.38190843164920807,0.22915274929255247
2252,0.00030257628013147437,2.6302198989469616e-05,1.5910716911093914e-05,1.2526514803212763e-07,6.786812468817516e-05,0.07645443454384804,0.01002219764855349,0.005918180686421692,0.01243172294141077,0.006547597935423255,0.381986066699028,0.22922025062143803
2253,0.0003018591648025791,2.5934951622730296e-05,1.617818850263575e-05,1.19901259587607e-07,6.496200194305857e-05,0.07635528966784477,0.010015697346288545,0.00591223977971822,0.012432046447111647,0.006549330078996718,0.3820059522986412,0.229180620983243
2254,0.0003011428047705201,2.6070350259033148e-05,1.638474270748702e-05,1.1962586210501058e-07,6.481277841885458e-05,0.0764023270457983,0.01001878185506891,0.005916759138926864,0.012438951893332707,0.006559398490935564,0.38243044167757034,0.22941638436168432
2255,0.00030042720082087276,2.660627478690003e-05,1.5964837302817614e-05,1.2767174872863052e-07,6.917202176737192e-05,0.07634095102548599,0.010014756723965365,0.005910038016736507,0.012435106093311502,0.0065546350087970495,0.38219404965639114,0.22926750034093857
2256,0.0002997123537383855,2.6351583983341698e-05,1.6704800714251178e-05,1.1985830461469504e-07,6.493871478596702e-05,0.07642885111272335,0.010020520484610248,0.00591584132052958,0.012438791474331174,0.006556929205544293,0.3824205920100212,0.22942472156137228
2257,0.0002989982643069755,2.5773622382985195e-05,1.63747731676267e-05,1.1696108126457716e-07,6.336901788017713e-05,0.07636203989386559,0.010016140020276957,0.005912403925321996,0.012436766682916815,0.006553268409334123,0.3822961002588272,0.2293290700763464
2258,0.0002982849333097292,2.4840104856593825e-05,1.536472046836934e-05,1.158031404102644e-07,6.274164115893655e-05,0.0764545127749443,0.0100222029119379,0.0059173955814912915,0.012435137104327396,0.006554367835633457,0.3821958974003792,0.22932520508766174
2259,0.00029757236152890167,2.4033508452703245e-05,1.561648639381019e-05,1.0650062431949436e-07,5.770159464191238e-05,0.07636209204792976,0.010016143198378446,0.00591161020565778,0.012436553581687645,0.006551487022079527,0.3822830095887184,0.2293225508183241
2260,0.00029686054974591527,2.5763861231098417e-05,1.6032781331887236e-05,1.1939587007958608e-07,6.468817923632741e-05,0.07630783133208752,0.010012584364271567,0.005908574326895177,0.012428156651268523,0.006545291049405932,0.3817669376730919,0.2290373845025897
2261,0.00029614949874135843,2.690168548724614e-05,1.696317798405289e-05,1.2302739405001262e-07,6.665571254416136e-05,0.07645435445010662,0.010022192385166316,0.005917600821703672,0.012443430798916421,0.006558936787769198,0.3827059045433998,0.22958012949675322
2262,0.0002954392092949865,2.7490410502650775e-05,1.8279278947375133e-05,1.1874388805566127e-07,6.433493535951129e-05,0.07638581097126007,0.010017698984989146,0.005911950021982193,0.012434850542042589,0.006551822763867676,0.38217829167842865,0.22928205132484436
2263,0.0002947296821857187,2.7074796321358008e-05,1.771689557017453e-05,1.1906036778697171e-07,6.450639898503141e-05,0.07634490169584751,0.010015015998736927,0.005914179841056466,0.01243607763754913,0.006553924875333905,0.3822537362575531,0.2292993189767003
2264,0.0002940209181916383,2.7199824899071245e-05,1.7557564262915548e-05,1.2139051630555286e-07,6.576886630682566e-05,0.07638248801231384,0.01001748081716735,0.00591328099835664,0.012433667506746507,0.006553658400662243,0.38210558891296387,0.22924403846263885
2265,0.00029331291808999205,3.044184734335431e-05,1.8113863916369155e-05,1.47202662503787e-07,7.97537791186187e-05,0.0763664823025465,0.010016431493390201,0.005912150023505092,0.012436779407445721,0.0065566637786105275,0.3822968900203705,0.2293316861614585
2266,0.00029260568265718884,3.210100885553402e-05,2.0059518647030927e-05,1.481498648203683e-07,8.026696514207288e-05,0.0763373002409935,0.01001451742237893,0.005912609631195664,0.012436882080754346,0.006555351545102894,0.3823031857609749,0.2293202430009842
2267,0.00029189921266879894,3.359977017680649e-05,2.0580503019118623e-05,1.5813493270400159e-07,8.567683562432649e-05,0.076360197737813,0.01001601907006512,0.005916285910643637,0.01243597071581634,0.006556604406796396,0.382247157394886,0.2293036775663495
2268,0.0002911935088995533,3.929982790396025e-05,2.36083247955321e-05,1.8838434989731923e-07,0.00010206583601757302,0.07642656192183495,0.010020370814943284,0.005914259469136596,0.012432762197334331,0.006552581791765988,0.38204997032880783,0.2292382661253214
2269,0.000290488572123343,4.008987571069156e-05,2.642533706875838e-05,1.7487774961466585e-07,9.474802527620341e-05,0.07633456587791443,0.010014337874322012,0.005910726613365114,0.012434639602236047,0.006548902252689004,0.38216532766819,0.22924994677305222
2270,0.0002897844031132173,3.757658646463824e-05,2.3701551981503144e-05,1.717929976052801e-07,9.307671916758409e-05,0.0765562616288662,0.010028869582427737,0.0059216233203187585,0.012435594507829117,0.0065544258104637265,0.38222402334213257,0.22939014248549938
2271,0.00028908100264138397,3.7370556356108864e-05,2.3790076625118672e-05,1.6923807333313334e-07,9.169246868623304e-05,0.07631170190870762,0.01001283815449191,0.005912154447287321,0.012444852471174559,0.006558674736879766,0.3827933520078659,0.22955252695828676
2272,0.00028837837147920796,3.830493778878008e-05,2.5922326472027635e-05,1.6211899822593523e-07,8.783537850831635e-05,0.07633430138230324,0.010014320437009934,0.005910325446166098,0.012427440050317302,0.0065495779272168875,0.38172291964292526,0.22902861051261425
2273,0.00028767651039721034,3.790062464759103e-05,2.490170527380542e-05,1.6592285767558224e-07,8.989629895950202e-05,0.0763882752507925,0.010017860587719859,0.005915461340919137,0.012443541895751191,0.006559478817507625,0.3827127367258072,0.22955050598829985
2274,0.0002869754201650676,3.8008009369150386e-05,2.393175168435846e-05,1.7407487895582108e-07,9.431303533347091e-05,0.0763225108385086,0.010013547170674987,0.005911872256547213,0.01243658692927267,0.006556290667504072,0.3822850435972214,0.229303777217865
2275,0.0002862751015516117,3.8112835682113655e-05,2.498168566944514e-05,1.6729080343225178e-07,9.06374330043036e-05,0.07640841975808144,0.010019181183801611,0.005916209425777197,0.012434929680117675,0.00655440625268966,0.38218317180871964,0.22929579578340054
2276,0.0002855755553248275,3.5667350857693236e-05,2.2047743073017045e-05,1.663833266718484e-07,9.014577835841919e-05,0.07646451890468597,0.010022858726155723,0.005914635490626097,0.01242970446198677,0.006548554403707385,0.3818620592355728,0.2291632890701294
2277,0.0002848767822518534,3.593823998926382e-05,2.2587696548725944e-05,1.648968765977088e-07,8.934040761232609e-05,0.07642814889550209,0.010020474558315857,0.005913098691962659,0.012427270993211193,0.006544246105477214,0.38171251118183136,0.22907033003866673
2278,0.00028417878309897965,3.6607063293558895e-05,2.2768656663174625e-05,1.6973312266799212e-07,9.196068594974349e-05,0.07641162350773811,0.010019391508085323,0.005912841763347387,0.012433803853389843,0.006545368931256235,0.382113978266716,0.22926280088722706
2279,0.00028348155863164797,3.9580612792633474e-05,2.3779177354299463e-05,1.8971422033331464e-07,0.00010278635090799071,0.07637525908648968,0.010017006968981241,0.005913955741561949,0.012425211678392048,0.006543408497236669,0.38158605247735977,0.22898065578192472
2280,0.00028278510961445,3.970603665948147e-05,2.386054575254093e-05,1.9027092967860426e-07,0.00010308799710401217,0.0763075165450573,0.010012563381327643,0.005912689375691116,0.012437564500323302,0.00655726995319128,0.38234513998031616,0.22932632826268673
2281,0.00028208943681112857,4.339801216701744e-05,2.4805326575005893e-05,2.173674547023552e-07,0.00011776875408031628,0.07641470804810524,0.010019593295425537,0.005915136658586562,0.012436925519206676,0.006557298358529806,0.3823058754205704,0.2293602917343378
2282,0.00028139454098457286,4.304836829760461e-05,2.733594146775431e-05,1.9545757012906506e-07,0.00010589807288852171,0.07647119276225567,0.010023296093271964,0.005919046700000763,0.012442836414001115,0.006558341556228697,0.3826693445444107,0.2295702686533332
2283,0.00028070042289682237,4.240043608660926e-05,2.749512668742682e-05,1.8830282044746127e-07,0.00010202167140960228,0.07634581439197063,0.010015075571956775,0.005911983666010201,0.012428626020059673,0.006551695871166885,0.3817957788705826,0.2290707966312766
2284,0.00028000708330906226,4.1286915802629665e-05,2.550614681240404e-05,1.9271095741402178e-07,0.00010440998721605865,0.07636504992842674,0.010016337151463542,0.005911913118325174,0.012437439602498625,0.0065560550428926945,0.38233746588230133,0.22935125790536404
2285,0.00027931452298162455,4.280495727471134e-05,2.821704617872456e-05,1.8670614299054478e-07,0.00010115659824805334,0.07636832445859909,0.010016552166224482,0.005913184373639524,0.012435811574790744,0.006550870602950454,0.38223736733198166,0.22930284589529037
2286,0.0002786227426739862,4.348436777945608e-05,2.8339775440144876e-05,1.9207009227528715e-07,0.00010406273622720619,0.07649105042219162,0.010024597374429891,0.0059186359867453575,0.012427785475868789,0.006544711883179843,0.3817441388964653,0.22911759465932846
2287,0.0002779317431447699,4.571973977363086e-05,2.815177697357285e-05,2.1408729011795913e-07,0.0001159915855168947,0.07646281830966473,0.010022747385047564,0.005915587651543319,0.012437107023017606,0.0065528955310583115,0.3823170140385628,0.22938991617411375
2288,0.0002772415251517404,4.3579489101830404e-05,3.010271450420987e-05,1.799323525730756e-07,9.748658385433373e-05,0.07642779685556889,0.010020451504325885,0.005915167508646846,0.012435942924791357,0.006556023494340479,0.3822454661130905,0.2293366314843297
2289,0.00027655208945180735,4.41424926975742e-05,2.938042086952919e-05,1.904606259373054e-07,0.00010319077455278602,0.07645293138921261,0.010022099004958466,0.005918711074627936,0.012441147539291245,0.006557728280313313,0.3825654685497284,0.2295091999694705
2290,0.00027586343680102043,4.223247537993302e-05,2.651976853940141e-05,1.9395373485053824e-07,0.00010508329887670698,0.07644914090633392,0.010021850803577688,0.005916553200222552,0.012435603284194865,0.0065528800478205085,0.38222457468509674,0.22933685779571533
2291,0.0002751755679545726,4.082343889422191e-05,2.6386064632788475e-05,1.819374366718307e-07,9.857293434833991e-05,0.07641622051596642,0.010019692689854975,0.005915729328989983,0.012435433752967394,0.006548110977746546,0.38221414387226105,0.22931518219411373
2292,0.00027448848366679605,3.902347862094757e-05,2.466923092470097e-05,1.780015228547427e-07,9.644046667744988e-05,0.07637199386954308,0.010016792781155841,0.005910820094868541,0.012430945234962592,0.006545750773511827,0.38193829357624054,0.2291551437228918
2293,0.00027380218469116304,3.517055347401765e-05,2.252435024274746e-05,1.582798763166693e-07,8.575536548960372e-05,0.07640488632023335,0.010018949431646863,0.005915940040722489,0.012435777347502591,0.0065545294201001525,0.3822352737188339,0.22932008001953363
2294,0.0002731166717802842,3.250869315252203e-05,2.114575829637033e-05,1.4389264357816955e-07,7.796043018970522e-05,0.07647274434566498,0.010023397447201461,0.0059205356519669294,0.012434419589083005,0.006556706386618316,0.3821518197655678,0.22931228205561638
2295,0.00027243194568590926,3.657061552075902e-05,2.2898418478689564e-05,1.6843873495986372e-07,9.125939823206863e-05,0.07646247930824757,0.010022724880745041,0.005918251350522041,0.01243786284602258,0.006552423001267016,0.3823635131120682,0.22941299621015787
2296,0.0002717480071589233,3.4919078871098463e-05,2.117513326993503e-05,1.6592020291028575e-07,8.98948546819156e-05,0.07640954852104187,0.010019255346989962,0.005913103930652142,0.012426813429715492,0.006544633186422288,0.38168442249298096,0.2290469855070114
2297,0.0002710648569493496,3.412666615076887e-05,2.1417611947072146e-05,1.5681718590343507e-07,8.496287819070858e-05,0.07639243640005589,0.010018133399897834,0.005913174711167812,0.012438800979616822,0.006555494386702776,0.382421150803566,0.22940679360181093
2298,0.0002703824958063458,3.4050836802634876e-05,2.1799886098960997e-05,1.5329509661654583e-07,8.305463597935159e-05,0.07637951523065567,0.010017286069093027,0.0059129956644028425,0.012435956820311612,0.006554060964845121,0.38224630057811737,0.22931290790438652
2299,0.0002697009244782047,3.427522733545629e-05,2.242147456854582e-05,1.5077679993424908e-07,8.169023294612998e-05,0.07645034603774548,0.010021929575285042,0.005916102789342403,0.01243681129184028,0.006552485981956124,0.3822988197207451,0.22937458287924528
2300,0.00026902014371235264,3.19468208545004e-05,2.0831063238802017e-05,1.4103068846083033e-07,7.640984949830454e-05,0.07640461251139641,0.010018931820805686,0.005915113957598805,0.012437959660588999,0.006551159778609872,0.38236942887306213,0.22938702069222927
2301,0.0002683401542553494,2.9439699915201345e-05,1.9263601075181214e-05,1.2946595218110701e-07,7.014409197836358e-05,0.07638616114854813,0.010017721954524973,0.005912904511205852,0.012428049807751047,0.006548286066390574,0.3817603811621666,0.22907327115535736
2302,0.0002676609568528864,2.701614903344307e-05,1.7206085658472148e-05,1.2229036849831232e-07,6.625640139645839e-05,0.07641998492181301,0.010019939583166701,0.005915574147365987,0.012444725307845784,0.006559776607900858,0.38278554379940033,0.22960276436060667
2303,0.0002669825522497874,2.6292059374100063e-05,1.671005281878024e-05,1.192701795105222e-07,6.462008400376362e-05,0.07630149088799953,0.010012168330595886,0.005910201231017709,0.012436093141855406,0.006553396699018776,0.3822546824812889,0.22927808668464422
2304,0.0002663049411900059,2.6037921315946733e-05,1.6710020531718328e-05,1.1692510026861669e-07,6.334952331599197e-05,0.0763667169958353,0.010016446657024109,0.005913693341426551,0.012430211966126595,0.006550821592099965,0.38189322501420975,0.22912997100502253
2305,0.0002656281244166256,2.71735618753155e-05,1.696464659062258e-05,1.255255570598024e-07,6.80092200582294e-05,0.07642075046896935,0.01001998941493919,0.005914509762078524,0.012426195414141602,0.0065446015214547515,0.3816464692354202,0.22903360985219479
2306,0.00026495210267185924,3.0817988886155945e-05,1.7702496279525803e-05,1.5371097106253728e-07,8.327995738000027e-05,0.07638180255889893,0.010017435966431254,0.005913407076150179,0.012424985935184377,0.00654217426199466,0.3815721496939659,0.22897697612643242
2307,0.0002642768766970473,3.442916988660727e-05,1.9074269971497415e-05,1.7690943288073413e-07,9.584876852386515e-05,0.07640842534601688,0.010019181365352315,0.005913480767048895,0.012429152593570178,0.006548102246597409,0.3818281441926956,0.22911828476935625
2308,0.0002636024472326576,3.520125039813138e-05,1.921957232298155e-05,1.8296189008282226e-07,9.91279594018124e-05,0.07637746073305607,0.01001715115049142,0.005916414665989578,0.012432958977530696,0.006553521961905062,0.38206204026937485,0.22921975050121546
2309,0.0002629288150182854,3.719125652423827e-05,2.019160956479027e-05,1.9415033225556044e-07,0.00010518983981455676,0.07638422213494778,0.010017594668134058,0.005912313819862902,0.012445626823949828,0.006558468448929489,0.38284099102020264,0.2296126065775752
2310,0.0002622559807926507,3.894687824868015e-05,2.168309811168001e-05,1.9934078654415543e-07,0.00010800199561344925,0.0764699038118124,0.010023211706496862,0.005919719114899635,0.012437462125149868,0.006558410474099219,0.38233884423971176,0.22940437402576208
2311,0.0002615839452935986,3.8026568972782115e-05,2.3594517529090808e-05,1.767359085746989e-07,9.575477224643691e-05,0.07634928822517395,0.010015303599711674,0.0059160745004191995,0.012435511717140751,0.006554899970069528,0.38221894204616547,0.2292841151356697
2312,0.0002609127092580986,3.447736435191473e-05,2.2553092321686563e-05,1.516705374626781e-07,8.2174450653838e-05,0.0763771254569292,0.01001712935996809,0.005912424298003316,0.012433975747510144,0.006551229860633612,0.38212452828884125,0.22925082687288523
2313,0.00026024227342224334,3.195375415998569e-05,2.065215676338994e-05,1.4241554069371887e-07,7.716014033576357e-05,0.07636042311787605,0.010016034052715663,0.005910573992878199,0.01242853864592119,0.006543748662807047,0.3817904368042946,0.22907542996108532
2314,0.0002595726385212477,3.17797505431372e-05,2.110697266743955e-05,1.3745190008407349e-07,7.447086113643309e-05,0.07633503526449203,0.01001436866200202,0.005912235355935991,0.012427300852815343,0.006548598874360323,0.3817143738269806,0.2290247045457363
2315,0.0002589038052894484,3.2397061431765906e-05,2.102827943417651e-05,1.4372974721510445e-07,7.787218783050776e-05,0.07641539163887501,0.010019638227276029,0.005920171621255577,0.012431759813584648,0.006552260369062424,0.38198835402727127,0.22920187283307314
2316,0.00025823577446030345,3.190380789419578e-05,2.0339528077784053e-05,1.4426269689948867e-07,7.81609242039849e-05,0.07633943855762482,0.010014657734628759,0.005910933483392,0.012425128086541051,0.0065486758248880506,0.3815809115767479,0.22896017506718636
2317,0.0002575685467663904,3.114225489753153e-05,1.9435104604781372e-05,1.4391191749396626e-07,7.797085299898754e-05,0.07644536159932613,0.010021603049816884,0.0059166650753468275,0.012432426420216745,0.006548869539983571,0.38202933222055435,0.22923734690994024
2318,0.0002569021229394063,3.2359857073060994e-05,1.916318092298752e-05,1.5715619738898567e-07,8.514656019542599e-05,0.07647856324911118,0.010023779171200127,0.005916926893405616,0.012422831506197902,0.006543572642840445,0.38143985718488693,0.22895921021699905
2319,0.0002562365037101664,3.2390508408752794e-05,1.9420035187067697e-05,1.5554273957718578e-07,8.427239890806959e-05,0.07649361528456211,0.010024765398142843,0.005915267392992973,0.012437739559917409,0.006548646837472916,0.3823558986186981,0.22942475695163012
2320,0.000255571689808604,3.232072708669875e-05,1.980073591312248e-05,1.5208813675116062e-07,8.240069064413547e-05,0.07641193084418774,0.010019411387450446,0.005915581015869975,0.012430842366289493,0.006550177466124296,0.38193196803331375,0.22917194943875074
2321,0.00025490768196376857,3.0157156174936972e-05,1.852593243256706e-05,1.415331039034129e-07,7.668204762012465e-05,0.07637804746627808,0.01001718982855359,0.005915442015975714,0.012438530734201723,0.00655367795843631,0.3824045658111572,0.22939130663871765
2322,0.00025424448090382706,3.0070488151068275e-05,1.8485192981643195e-05,1.4103408529919648e-07,7.641166530447663e-05,0.07634606026113033,0.010015091918205142,0.005912169348448515,0.012428570258745728,0.006547202588990331,0.3817923665046692,0.22906921338289976
2323,0.00025358208735605975,2.8139058827036934e-05,1.6964223732429673e-05,1.344388351753878e-07,7.28383947716793e-05,0.07639500126242638,0.010018301441239153,0.005912973778322339,0.012429013122547143,0.006547561846673489,0.38181956857442856,0.22910728491842747
2324,0.00025292050204686297,2.7841647579407436e-05,1.6710838508515735e-05,1.3356487604809786e-07,7.236488136186381e-05,0.07635260000824928,0.010015520997683032,0.0059130636509507895,0.012424826360663149,0.0065464089857414365,0.38156237453222275,0.22895748727023602
2325,0.000252259725701746,2.6936232075058797e-05,1.7088006757148833e-05,1.2242460556421975e-07,6.632913027715404e-05,0.07645464316010475,0.010022211170000971,0.005917078698985279,0.01243290967304529,0.006550572346895933,0.3820590153336525,0.22925682924687862
2326,0.00025159975904533123,2.962042231047235e-05,1.8101761156685825e-05,1.39711435309664e-07,7.569506169602391e-05,0.07633848115801811,0.010014594707880771,0.005913370521739125,0.012426539849635009,0.0065450158435851336,0.3816676288843155,0.2290030550211668
2327,0.00025094060280135246,3.161310758059699e-05,2.0230472387083864e-05,1.4238510814834626e-07,7.714364801358897e-05,0.07637252658605576,0.01001682755634524,0.005912192049436271,0.012439866402984594,0.00655269727576524,0.3824866712093353,0.22942959889769554
2328,0.00025028225769265644,3.330015806568554e-05,2.2788870751355716e-05,1.390658725952676e-07,7.534530459452071e-05,0.07641170732676983,0.010019396954490648,0.005913657369092107,0.012433304981252568,0.006551222060807049,0.38208331167697906,0.22924750950187445
2329,0.000249624724441198,3.299143691037898e-05,2.1970522766423528e-05,1.422585649279995e-07,7.707508848397993e-05,0.07642975822091103,0.010020580569681515,0.005915469140745699,0.012432493283747157,0.006550382473506033,0.38203342258930206,0.22923159040510654
2330,0.00024896800376804395,3.086421327225253e-05,1.9537053162821394e-05,1.4059330277760296e-07,7.617285245942185e-05,0.0764194130897522,0.01001990209571367,0.005915602319873869,0.012436765074067406,0.006550921127200127,0.38229600340127945,0.22935770824551582
2331,0.0002483120963933686,2.9914010610809783e-05,1.9416229633861803e-05,1.327163072772919e-07,7.19051317901176e-05,0.07640497386455536,0.010018955332179509,0.005912192282266915,0.012434252236046035,0.006552214152179658,0.38214151561260223,0.2292732447385788
2332,0.0002476570030364548,2.9902595429120993e-05,1.8161179127673677e-05,1.4187683428090736e-07,7.686825711061829e-05,0.07636473327875137,0.01001631672118913,0.005913431872613728,0.012435134178763163,0.006552277598530054,0.38219573348760605,0.2292802333831787
2333,0.000247002724415693,2.9197129833846702e-05,1.8940275253953587e-05,1.2961442141801172e-07,7.022454565230873e-05,0.07652268931269646,0.01002667034694405,0.005918968585319817,0.012433641027235738,0.006549576646648347,0.38210396468639374,0.2293133269995451
2334,0.00024634926124857955,2.9152465117476822e-05,1.950069861322845e-05,1.2506471591677837e-07,6.775952942916774e-05,0.07642223872244358,0.010020087171630845,0.005915578571148217,0.01243246211982696,0.006551965605467558,0.38203150033950806,0.22922686953097582
2335,0.00024569661425171704,2.8161433874629438e-05,1.8337240362598095e-05,1.2450853104084558e-07,6.745820587639173e-05,0.0763863418251276,0.010017733847821248,0.005912448512390256,0.012427781816750125,0.006546035758219659,0.3817439377307892,0.2290651397779584
2336,0.00024504478414081346,2.8903024372084474e-05,1.859191803532667e-05,1.2947211569525052e-07,7.014744869593414e-05,0.0764568392187357,0.010022355458136768,0.0059164989506825805,0.012440291318555135,0.006555057014338672,0.38251280784606934,0.22948482353240252
2337,0.0002443937716306795,2.6642866146175948e-05,1.633647536891658e-05,1.2526569070914206e-07,6.78684280046582e-05,0.07639333978295326,0.01001819268222712,0.005915022222325206,0.01243022381934936,0.0065496438182890415,0.38189395517110825,0.22914364747703075
2338,0.00024374357743523097,2.307508566445904e-05,1.4596294363400375e-05,1.0518770876544181e-07,5.6990249731825315e-05,0.07650967687368393,0.010025817931862815,0.00591923575848341,0.012438227578542443,0.006555681931786239,0.38238590955734253,0.22944779321551323
2339,0.00024309420226748533,2.2810104042036983e-05,1.4281456856224395e-05,1.0506668779441952e-07,5.692469085261109e-05,0.07638715580105782,0.010017787231297778,0.005914534558542073,0.012427765277520325,0.006547976401634514,0.3817429095506668,0.2290650326758623
2340,0.00024244564683956188,2.3011456391941465e-05,1.4566597087650734e-05,1.0481974621612267e-07,5.679089258592285e-05,0.07639490067958832,0.010018294995621103,0.005914642824791372,0.01243040264067188,0.006549236713908613,0.3819049373269081,0.22914991900324821
2341,0.0002417979118626811,2.178099111915799e-05,1.3448185825382097e-05,1.0172137487884925e-07,5.51122091110301e-05,0.07637153379619122,0.010016762636507555,0.005914433277212083,0.012429936119416923,0.00654865859542042,0.38187630474567413,0.22912391927093267
2342,0.00024115099804716448,2.0992128270336252e-05,1.338787001259334e-05,9.488660168699425e-08,5.1409158686510636e-05,0.07643650285899639,0.010021022392645133,0.0059159137308597565,0.012436205620630665,0.006555073545314372,0.38226161152124405,0.22934905719012022
2343,0.00024050490610243137,2.1604532435048895e-05,1.4121184278792498e-05,9.512424004043396e-08,5.1537923582145595e-05,0.07647505961358547,0.010023549521542014,0.005918026901781559,0.012436279192023059,0.006556603591889143,0.3822661116719246,0.22937058564275503
2344,0.0002398596367370018,2.155733011477423e-05,1.398655484763367e-05,9.568259695669212e-08,5.184042902328656e-05,0.07644573599100113,0.010021627371702624,0.005916929105296731,0.01243418348021198,0.006551465135999024,0.38213731348514557,0.22929152473807335
2345,0.00023921519065849169,2.123506192219793e-05,1.3927970996974182e-05,9.314104998381367e-08,5.046342494097189e-05,0.07638929039239883,0.010017927043816714,0.0059123499086126685,0.012432585311956956,0.0065480489283800125,0.38203907757997513,0.22921418398618698
2346,0.00023857156857361606,2.1652508849001606e-05,1.3676503272108675e-05,9.885003526832747e-08,5.355652842808922e-05,0.07635224983096123,0.010015497750673324,0.005914033274166286,0.012431635881677384,0.006549385376274586,0.3819807395339012,0.22916649468243122
2347,0.00023792877118818502,2.2260967398324283e-05,1.3630429918976006e-05,1.0480540080237688e-07,5.678311640622269e-05,0.07641610130667686,0.010019684702028589,0.005913676344789565,0.012431915202258715,0.006549932179041207,0.38199786841869354,0.2292069848626852
2348,0.00023728679920710487,2.2334258460432466e-05,1.3535730090552534e-05,1.061809240532341e-07,5.75283695525286e-05,0.07644834741950035,0.010021798712269825,0.005914623849093914,0.012440117025968053,0.006556446896865964,0.38250208646059036,0.22947521694004536
2349,0.0002366456533343763,2.1147358438611263e-05,1.2871151739091147e-05,1.0013402018671513e-07,5.425218432719703e-05,0.07646581716835499,0.01002294366035037,0.005915938760153949,0.012433462398786444,0.006552348495461047,0.3820929676294327,0.22927939239889383
2350,0.0002360053342730951,2.0472379901548265e-05,1.2662198514590273e-05,9.544758050594737e-08,5.171310522200656e-05,0.07641217671334743,0.010019427635852004,0.005914513487368822,0.012436531349914619,0.0065537464106455445,0.3822816237807274,0.2293469002470374
2351,0.0002353658427254487,2.15561721006452e-05,1.2813091132102272e-05,1.0433542607657387e-07,5.652849426951434e-05,0.07648858241736889,0.010024435335935484,0.005918839247897267,0.012442347552791683,0.006563402363099158,0.3826392665505409,0.2295639244839549
2352,0.00023472717939271867,2.5455221589254506e-05,1.4162084141844389e-05,1.3035864743216052e-07,7.062776967359241e-05,0.07635318301618099,0.010015559318807812,0.0059134355979040265,0.012438933906619652,0.006553270970471203,0.3824293464422226,0.2293912647292018
2353,0.00023408934497527734,2.395349179096229e-05,1.506730143319146e-05,1.0981675746535302e-07,5.9498250720935175e-05,0.07635140605270863,0.010015442266381291,0.005912105669267476,0.012436317659595703,0.006556438049301505,0.3822684809565544,0.22930994350463152
2354,0.0002334523401725885,2.4659153837092163e-05,1.655774309483604e-05,1.0532528227358284e-07,5.706479510081408e-05,0.0764714889228344,0.010023315329727714,0.00591705203987658,0.012443778265585024,0.006557147251442075,0.3827272728085518,0.2295993808656931
2355,0.00023281616568320593,2.4038998162723146e-05,1.5414123993195972e-05,1.0804528516317191e-07,5.853849324921612e-05,0.07643568515777588,0.010020968844884565,0.005914876936003566,0.012439660373658344,0.0065564148826524615,0.38247402012348175,0.22945485264062881
2356,0.00023218082220477298,2.4297368781844852e-05,1.5726623246337113e-05,1.0812258999237656e-07,5.858034910488641e-05,0.07641457580029964,0.010019585125976525,0.005915492190979421,0.012434440361767865,0.006554118124768138,0.38215309381484985,0.22928383480757475
2357,0.0002315463104340215,2.5245717324651196e-05,1.6019005897760508e-05,1.1471585237288195e-07,6.215255871211411e-05,0.07648037187755108,0.01002389739653087,0.005918515264056623,0.012444060237083597,0.006558408378623426,0.382744625210762,0.22961249854415655
2358,0.0002309126310667718,2.4603472525086545e-05,1.534264021074705e-05,1.1378235464931663e-07,6.164680121401034e-05,0.0763410683721304,0.010014764443276175,0.005912766559049487,0.012436904604415234,0.006553374812938273,0.3823045641183853,0.22932281624525785
2359,0.00023027978479793086,2.3875017859609216e-05,1.4548510705481021e-05,1.1292270407636806e-07,6.118104465713259e-05,0.0763966254889965,0.010018407929511797,0.0059140061493963,0.012428907310852857,0.006548371049575508,0.38181306421756744,0.22910484485328197
2360,0.0002296477723214921,2.518124688322132e-05,1.5052109233693045e-05,1.212593523369776e-07,6.569779566234502e-05,0.07644378021359444,0.01002149922737219,0.005916050518862903,0.012434581234764321,0.006554128602147102,0.3821617513895035,0.22930276580154896
2361,0.0002290165943305349,2.7013634053218993e-05,1.681139121956221e-05,1.2518112768589162e-07,6.782260174986732e-05,0.0764748826622963,0.010023537907353944,0.0059158558724448085,0.012432748298243592,0.006547002703882754,0.382049098610878,0.22926199063658714
2362,0.00022838625151722308,2.6895377800428832e-05,1.6499506500622374e-05,1.2639239033163108e-07,6.847886174909945e-05,0.0764764528721571,0.010023640529127973,0.005915230372920632,0.012433063145414801,0.0065476729068905115,0.3820684403181076,0.22927244659513235
2363,0.00022775674457280474,2.7324593474986614e-05,1.801791870548186e-05,1.1914322106676423e-07,6.455128891502682e-05,0.07650717161595821,0.010025653645177065,0.005919365328736603,0.012441590832612833,0.006560603971593082,0.38259273767471313,0.22954995464533567
2364,0.0002271280741876119,2.854843387467554e-05,1.8594345817746216e-05,1.2618182987367277e-07,6.83647836012824e-05,0.07649115845561028,0.010024604451079363,0.0059161558747291565,0.012442764781831112,0.006556815002113581,0.3826649412512779,0.2295780498534441
2365,0.00022650024105105843,3.3452177376602776e-05,1.8925613176179468e-05,1.6899069255060795e-07,9.15584287213278e-05,0.07644258439540863,0.010021420815302426,0.005918788257986307,0.012436068568983667,0.0065558814676478505,0.38225317746400833,0.22934788092970848
2366,0.00022587324585164029,3.282462716924783e-05,1.99997032268584e-05,1.5526939867172018e-07,8.412432043769513e-05,0.07642517425119877,0.010020279505364467,0.005917176604270935,0.012439950919350741,0.006555935367941856,0.3824918791651726,0.22945852670818567
2367,0.00022524708927693462,3.2541854579903884e-05,2.0136740999987524e-05,1.5164811406620515e-07,8.216230571633787e-05,0.07645315863192081,0.010022114069268541,0.005918654263950884,0.012433512432566607,0.00655413547065109,0.3820960596203804,0.2292746091261506
2368,0.00022462177201359898,3.113308503088774e-05,1.9519580860105634e-05,1.432035765525086e-07,7.758709853078471e-05,0.07648635096848011,0.010024289353884476,0.005920124822296202,0.012441661886735868,0.006555394036695361,0.38259711116552353,0.22954173106700182
2369,0.00022399729474737037,3.0319816005430766e-05,1.992410932416533e-05,1.3271171672712967e-07,7.190263659140328e-05,0.07639930211007595,0.010018583501054992,0.00591196003369987,0.012432144770107035,0.006549378507770598,0.3820119947195053,0.22920564841479063
2370,0.00022337365816306432,3.2629124234517803e-05,2.1084148556838045e-05,1.4545890092421132e-07,7.880902285251068e-05,0.07645872794091702,0.010022479054246584,0.005916432128287852,0.012443668632639689,0.006558469962328672,0.38272054493427277,0.2295896364375949
2371,0.0002227508629445754,3.29338247411215e-05,2.142533003279823e-05,1.457519878123037e-07,7.896779698057799e-05,0.07650160230696201,0.010025288503614392,0.00591871258802712,0.012431514435988831,0.0065496733877807856,0.3819732517004013,0.22923742700368166
2372,0.00022212890977487483,3.1581923508383625e-05,2.0846326606260845e-05,1.3755056382791508e-07,7.452430691046175e-05,0.07644552551209927,0.010021613667960828,0.005917534348554909,0.012429945338795753,0.0065490014385432005,0.3818768486380577,0.2291611870750785
2373,0.00022150779933601022,3.28437058669806e-05,2.169721483369358e-05,1.4291301297930659e-07,7.742966636214987e-05,0.07647686824202538,0.010023668021785547,0.005915890447795391,0.012430382300241946,0.006546855438500643,0.381903700530529,0.2291902843862772
2374,0.00022088753230910555,3.295953001725138e-05,2.1554520117206266e-05,1.4503540946009252e-07,7.857956779844244e-05,0.07647398672997952,0.010023479201056756,0.005918166250921786,0.012431619054935918,0.006550988764502108,0.38197968155145645,0.22922683414071798
2375,0.00022026810937435948,3.064456052470632e-05,1.9401886333980656e-05,1.395641291423999e-07,7.561525535493274e-05,0.07644354738295078,0.010021483980628897,0.005915259942412376,0.012435177038210364,0.006552412756718695,0.38219837099313736,0.22932095918804407
2376,0.0002196495312110452,2.8766198056473513e-05,1.7935304754246317e-05,1.3305711199507186e-07,7.208977103800862e-05,0.07646203972399235,0.010022696024347709,0.005915836081840098,0.012435310442779719,0.006549110519699752,0.38220659643411636,0.22933431807905436
2377,0.00021903179849750999,2.733372696184233e-05,1.689999464815628e-05,1.2748095912229473e-07,6.906865269229456e-05,0.07650254108011723,0.010025350102340961,0.005919720744714141,0.012440048302548542,0.00655720301438123,0.3824978843331337,0.22950021270662546
2378,0.00021841491191117277,2.4718458575989644e-05,1.5240698814977804e-05,1.155961415477691e-07,6.262949705160281e-05,0.07646221108734608,0.010022707185794266,0.005916784284636378,0.012432951369729682,0.006547867902554572,0.38206157088279724,0.22926189098507166
2379,0.00021779887212852581,2.3830595296203683e-05,1.5156072947775101e-05,1.0802722139047205e-07,5.852868252986809e-05,0.0764227993786335,0.010020124113790621,0.005914832232519984,0.012434960252732703,0.00655352883040905,0.38218502700328827,0.22930391319096088
2380,0.0002171836798251323,2.25181759105908e-05,1.4418183809539187e-05,1.0136317252218419e-07,5.491814113156579e-05,0.07641113363206387,0.010019359465007373,0.005912664579227567,0.012441692442808037,0.006557195796631277,0.38259898126125336,0.2295050574466586
2381,0.00021656933567562576,2.1931302057964785e-05,1.4245967065562581e-05,9.721860827482942e-08,5.267264100439206e-05,0.07644113712012768,0.010021326157322137,0.005916122463531792,0.012434624388685854,0.006552209495566785,0.3821643888950348,0.22930276300758123
2382,0.00021595584035370973,2.1617430206788413e-05,1.3915205045123002e-05,9.67640159110772e-08,5.242632892077381e-05,0.07644249312579632,0.010021415006976555,0.00591604842338711,0.012440860969239657,0.006557593587785959,0.3825478255748749,0.2294951593503356
2383,0.00021534319453215785,2.1667206851816445e-05,1.3637664267207583e-05,9.927240807172666e-08,5.3785376167070353e-05,0.07644758000969887,0.010021748344981237,0.005916222115047276,0.012447325320353586,0.006561478367075324,0.3829454779624939,0.22969652898609638
2384,0.00021473139888281037,2.1657133061125933e-05,1.3811387646001094e-05,9.789690302852705e-08,5.304011369844375e-05,0.07649215869605541,0.010024669864487315,0.0059174500638619065,0.01243259833338155,0.006548608769662678,0.3820398822426796,0.2292660204693675
2385,0.00021412045407657695,2.058283394035243e-05,1.3075608649160131e-05,9.341477813507026e-08,5.061173283138487e-05,0.07643024623394012,0.010020611973518003,0.00591595598962158,0.01244129988660066,0.006555395317263901,0.3825748413801193,0.22950254380702972
2386,0.00021351036078343317,2.018822397076292e-05,1.2719452229248418e-05,9.240255627318561e-08,5.00633093452052e-05,0.07639102265238762,0.010018040435783802,0.005913309520110488,0.012436165397518392,0.0065536146285012364,0.3822591230273247,0.22932507283985615
2387,0.0002129011196724212,2.006563045142684e-05,1.2892059771729691e-05,8.999682288290956e-08,4.875991180597339e-05,0.07645597495138645,0.010022298469108692,0.005916354130022228,0.01244031178900076,0.006552903680130839,0.3825140818953514,0.22948502842336893
2388,0.0002122927314116487,1.9815834775727126e-05,1.3205040602315421e-05,8.538088414056233e-08,4.625900874088984e-05,0.07639876753091812,0.010018548368836283,0.0059140820521861315,0.012437765445713445,0.006554457591846585,0.38235750794410706,0.2293781377375126
2389,0.00021168519666828786,1.888270423933136e-05,1.218335182784358e-05,8.431240994255518e-08,4.568011195260624e-05,0.07649342529475689,0.01002475296883937,0.0059171722969040275,0.012439392340336093,0.006557067157700658,0.38245753943920135,0.22947548236697912
2390,0.00021107851610857478,1.746505267874454e-05,1.1320624253130518e-05,7.759890952030446e-08,4.204276569907961e-05,0.07647623866796494,0.010023626646668268,0.0059151253663003445,0.012433679649265734,0.0065503481309860945,0.38210634142160416,0.22929129004478455
2391,0.00021047269039780984,1.7200662739469408e-05,1.1027911796190892e-05,7.732004014826543e-08,4.189166452306381e-05,0.07650376297533512,0.010025430298054076,0.005918588954955339,0.012437748481017042,0.006554617430083454,0.3823564648628235,0.2294301139190793
2392,0.00020986772020035435,1.6041494916407828e-05,1.0283603899097216e-05,7.211768737747093e-08,3.9073058132998995e-05,0.07644481398165226,0.010021567020646315,0.005915693123824894,0.012438189994330379,0.006553089478984475,0.3823836073279381,0.22941421065479517
2393,0.00020926360617963286,1.537631180781318e-05,9.883217842343583e-06,6.893499682192328e-08,3.734868619176268e-05,0.07642090320587158,0.01001999976248929,0.005915568443015218,0.012434333425956285,0.006553423008881509,0.3821465075016022,0.22928370535373688
2394,0.00020866034899813025,1.482836580635194e-05,9.520732476175908e-06,6.655441575631471e-08,3.60588974217535e-05,0.07642063684761524,0.010019982153494145,0.005917383707128465,0.0124349865831543,0.006555049563758075,0.3821866661310196,0.22930365148931742
2395,0.00020805794931739216,1.5009948981514754e-05,9.493248740000126e-06,6.843307343018523e-08,3.707674841280095e-05,0.07644679211080074,0.010021696706903654,0.0059147553984075785,0.012434376873312128,0.006552606704644859,0.38214918971061707,0.2292979909107089
2396,0.00020745640779802323,1.4918443127953651e-05,9.091865820209932e-06,7.055195538896442e-08,3.822475059678254e-05,0.07645561173558235,0.010022274784082909,0.0059163374826312065,0.012435774275818278,0.006552685750648379,0.3822350725531578,0.22934534214437008
2397,0.0002068557250996884,1.4491597994492622e-05,9.297660710672062e-06,6.50934384172075e-08,3.526734610659332e-05,0.07648005709052086,0.01002387707239828,0.005916863912716508,0.012435360030297552,0.006550919380970299,0.3822096288204193,0.22934484295547009
2398,0.00020625590188110877,1.4963753812935465e-05,9.106293219929285e-06,7.086359921082419e-08,3.8393595332308905e-05,0.07641058042645454,0.010019323064672682,0.005916008609347045,0.012431661780182787,0.00655050715431571,0.38198231160640717,0.22919644601643085
2399,0.00020565693880006484,1.600462013584547e-05,9.920159072862589e-06,7.446063321481233e-08,4.034246285300469e-05,0.0764025840908289,0.010018798649164365,0.005912575172260404,0.012434301974071976,0.006549683050252497,0.38214457780122757,0.22927358094602823
2400,0.00020505883651339294,1.569461579720155e-05,1.00363470778575e-05,7.074196917145059e-08,3.832768970823963e-05,0.0764300748705864,0.010020600900500184,0.005915067857131362,0.01243644066727087,0.006553769926540554,0.3822760730981827,0.22935307398438454
2401,0.0002044615956769854,1.629472922104469e-05,9.852201117155346e-06,7.763967468932265e-08,4.206484004498634e-05,0.0764574334025383,0.010022394297607163,0.005917657166719437,0.012432982971334173,0.006550270016305149,0.38206351548433304,0.22926047444343567
2402,0.00020386521694579007,1.8089608943228086e-05,1.0625909624195629e-05,8.849164778723662e-08,4.7944404059308e-05,0.0764666423201561,0.010022997651264454,0.005916557391174138,0.012433708762004501,0.006548371980898082,0.3821081444621086,0.22928739339113235
2403,0.0002032697009738094,1.791809631868091e-05,1.0586874736873142e-05,8.719704203130618e-08,4.7242980826922576e-05,0.07645944878458977,0.01002252615104156,0.005917301634326577,0.012432810770876776,0.006550522288307548,0.3820529282093048,0.2292561884969473
2404,0.00020267504841409942,1.7458595664265886e-05,1.0771312133783795e-05,8.15948233423569e-08,4.4207728024048265e-05,0.07649466767907143,0.010024834530191885,0.005917787202633917,0.012433318440822232,0.006549777812324464,0.3820841312408447,0.22928939945995808
2405,0.0002020812599187699,1.8754546317722998e-05,1.1156151913382928e-05,9.071336970478683e-08,4.91481227982149e-05,0.07649349793791771,0.01002475777725787,0.0059170693857595325,0.012439084380027516,0.006556662265211344,0.3824385777115822,0.22946603782474995
2406,0.0002014883361389827,1.873667724794359e-05,1.1908818635220086e-05,8.499163151043376e-08,4.604810919772717e-05,0.0764712281525135,0.010023298089509655,0.005915830377489328,0.012437028045053127,0.00655625865329057,0.3823121562600136,0.22939169220626354
2407,0.00020089627772495132,1.8873921362683177e-05,1.24460259485204e-05,8.229208958709933e-08,4.4585499836102827e-05,0.07649761997163296,0.010025027589347488,0.005918126436881721,0.0124383678236853,0.0065530468709766865,0.38239452987909317,0.22944607492536306
2408,0.00020030508532594055,1.808858485219389e-05,1.1730962910405651e-05,8.032375742317299e-08,4.351907227828633e-05,0.0764123685657978,0.01001944016253466,0.005915200337767601,0.012437645814860591,0.006553569342941046,0.3823501393198967,0.22938125394284725
2409,0.00019971475959026512,1.8197760596194712e-05,1.1953406215070572e-05,7.968901583055299e-08,4.317517664276238e-05,0.07647120766341686,0.010023296909914704,0.005917715257965028,0.012432946541699701,0.006552608218044043,0.38206128776073456,0.2292662477120757
2410,0.00019912530116528973,1.9390684769859945e-05,1.2291892232951795e-05,8.819902630463616e-08,4.778585412168468e-05,0.07647531293332577,0.010023566216913788,0.005918976501561701,0.012438842364083515,0.006558622233569622,0.3824237063527107,0.22944950964301825
2411,0.00019853671069742764,1.9743631014534913e-05,1.256697476037516e-05,8.942528895161672e-08,4.845025318900298e-05,0.07642047479748726,0.010019971533621287,0.005916463560424745,0.012430310742637595,0.006551231141202152,0.38189928978681564,0.22915988229215145
2412,0.00019794898883214077,1.984447396807809e-05,1.2662471931434993e-05,8.965090136925369e-08,4.857247927247954e-05,0.07640293426811695,0.010018821525400451,0.005915248533710837,0.012436191579122615,0.006553367944434285,0.3822607547044754,0.22933184448629618
2413,0.00019736213621393805,2.0852538568760792e-05,1.2722201859105553e-05,9.85129187114353e-08,5.337388392945286e-05,0.07646260596811771,0.010022733229121228,0.005915545974858105,0.012433690621411465,0.0065537524642422795,0.3821070194244385,0.2292848126962781
2414,0.00019677615348637532,2.059827238554135e-05,1.2960622996160964e-05,9.440618509160004e-08,5.114886812407349e-05,0.0764557458460331,0.010022283677317544,0.005918305483646691,0.012436356419577072,0.006555149564519525,0.38227086514234543,0.22936330549418926
2415,0.00019619104129205454,2.096481966873398e-05,1.3736568632793933e-05,9.206019813134958e-08,4.987782335774682e-05,0.07651854678988457,0.010026398674151327,0.005920182098634541,0.012437738389936654,0.006554487510584295,0.38235583156347275,0.22943718917667866
2416,0.00019560680027262277,2.169461458834121e-05,1.3717059061946202e-05,9.89391963912567e-08,5.3604834647558164e-05,0.07646905072033405,0.010023155538991448,0.005916812689974904,0.012438045798595395,0.006552499835379422,0.38237473368644714,0.2294218922033906
2417,0.000195023431068772,2.2611881490774977e-05,1.4634524347911793e-05,1.0063073796473532e-07,5.4521306992683094e-05,0.0764510091394186,0.010021973316910475,0.005916327121667564,0.012440228298614636,0.006557406159117818,0.38250892609357834,0.22947996761649847
2418,0.0001944409343202383,2.2739166070095962e-05,1.4053567326755001e-05,1.0609449452303465e-07,5.748155876972305e-05,0.07651432976126671,0.010026122911935435,0.005918882670812309,0.01243870153934596,0.0065556097542867064,0.3824150562286377,0.2294646929949522
2419,0.00019385931066580065,2.1330170625333267e-05,1.3250173708456714e-05,9.9022851252073e-08,5.365015681491059e-05,0.0764281116425991,0.010020472198461054,0.005914106499403715,0.012435883978359116,0.006551984581165016,0.3822418376803398,0.22933497466146946
2420,0.00019327856074328076,2.3556416977044137e-05,1.3248801963072765e-05,1.1957804346707235e-07,6.478687510025338e-05,0.07644457556307316,0.010021551320236756,0.005916577065363526,0.012429142056464644,0.006544784875586629,0.3818274959921837,0.22913603577762842
2421,0.00019269868518954208,2.4311311562996707e-05,1.3499327394583815e-05,1.2469505383805313e-07,6.755924823664827e-05,0.07647900655865669,0.010023808296679662,0.005915926536545157,0.012435628589348097,0.006551629048772156,0.3822261244058609,0.2293525654822588
2422,0.0001921196846404892,2.3257798375198036e-05,1.418364348637624e-05,1.0992038612656074e-07,5.955441633886949e-05,0.07641859725117683,0.010019848360427432,0.005911761778406799,0.0124309442106699,0.006546142045408487,0.38193822652101517,0.229178411886096
2423,0.00019154155973106698,2.542923550663545e-05,1.4496136031993956e-05,1.2765258938784996e-07,6.916163079040416e-05,0.07643726840615273,0.01002107240054958,0.0059139024233445525,0.012435954041208803,0.006548176519572735,0.38224615901708603,0.22934171371161938
2424,0.000190964311095261,2.5581081786185678e-05,1.548759439629066e-05,1.21734114788552e-07,6.595502964046318e-05,0.07646374590694904,0.010022807910481471,0.005917407339438796,0.012432186761982676,0.006549330777488649,0.38201457262039185,0.22923915926367044
2425,0.00019038793936609422,2.5346539814563585e-05,1.565287857374642e-05,1.183493827383586e-07,6.412118318621651e-05,0.07648502476513386,0.010024202525764454,0.005918788374401629,0.012443970047828028,0.006558904540725052,0.3827390819787979,0.22961205337196589
2426,0.00018981244517562968,2.3546659349449328e-05,1.5138472804210323e-05,1.0553683171821149e-07,5.7179402574547566e-05,0.07644137553870678,0.010021341858084459,0.005914345383644104,0.012444548007840395,0.006559368106536567,0.38277463614940643,0.2296080058440566
2427,0.000189237829154967,2.2639311168859422e-05,1.3825554560753517e-05,1.0685636331331239e-07,5.789433612335415e-05,0.07647215947508812,0.010023359518993325,0.005917830625548959,0.012435153926308382,0.006551481084898114,0.38219696283340454,0.22933456115424633
2428,0.00018866409193424316,2.15036942563529e-05,1.289347846977762e-05,1.0325764954188799e-07,5.594455410573573e-05,0.07643581554293633,0.010020977376241852,0.005916199530474842,0.012436679365970722,0.006555218365974724,0.3822907283902168,0.22936327196657658
2429,0.00018809123414263116,2.1993517293594778e-05,1.3641178043144464e-05,1.022578559606302e-07,5.540287293115398e-05,0.07642482779920101,0.01002025699551938,0.005914013599976897,0.012442921202567354,0.00655714247841388,0.38267455995082855,0.22954969387501478
2430,0.0001875192564083405,2.109823947193945e-05,1.3192034032272204e-05,9.73116986990874e-08,5.2723059752679546e-05,0.07644860818982124,0.01002181559206126,0.005916896043345332,0.012437065340265518,0.006553775747306645,0.3823144733905792,0.22938154079020023
2431,0.00018694815935861375,2.0043422182425275e-05,1.2739387727833673e-05,9.091907360314622e-08,4.925955749968125e-05,0.0764523483812809,0.01002206107183641,0.005914299399591982,0.012440136326945246,0.006552656530402601,0.38250328600406647,0.22947781719267368
2432,0.00018637794361973004,1.8682340055420354e-05,1.1939988098674803e-05,8.426006115058726e-08,4.565174640447367e-05,0.07650942541658878,0.01002580124024069,0.00591952376998961,0.012433724854443912,0.006553317769430578,0.3821091204881668,0.2293092729523778
2433,0.00018580860981699983,1.845227143348893e-05,1.129058603055455e-05,8.693131325898662e-08,4.7099011680984404e-05,0.0764487199485302,0.010021822942929288,0.005915148067288101,0.012443908800618917,0.006556945736519992,0.38273531198501587,0.22959201596677303
2434,0.00018524015857476815,1.820537113417231e-05,1.1149730084980547e-05,8.569269205338514e-08,4.642793260245526e-05,0.07644530385732651,0.010021599328926174,0.005917213042266667,0.0124389943009272,0.006555357715114951,0.3824330344796181,0.2294391691684723
2435,0.00018467259051641114,1.7399493344782968e-05,1.0906266197707737e-05,8.005303264724262e-08,4.337239920459979e-05,0.07643800601363182,0.010021121137595646,0.005915674963034689,0.012437548266602018,0.0065519248601049185,0.3823441416025162,0.229391073808074
2436,0.0001841059062643369,1.6365407418561517e-05,1.0550988747581869e-05,7.313288974408749e-08,3.962308073823806e-05,0.07641579583287239,0.010019664913976703,0.005915489164181054,0.012434761017402261,0.006552929640747607,0.3821728006005287,0.22929429821670055
2437,0.00018354010643998394,1.5611634239576233e-05,9.698230201138358e-06,7.247241340380128e-08,3.926524846065149e-05,0.07645787671208382,0.010022423154873223,0.0059160004602745175,0.012439447760683758,0.006554857129231095,0.38246095925569534,0.22945941798388958
2438,0.00018297519166382185,1.421575240101447e-05,8.955386761044792e-06,6.507473826466992e-08,3.5257213198747195e-05,0.07646088488399982,0.010022620434711783,0.0059162183897569776,0.012439911585680835,0.006555996369570494,0.38248947262763977,0.2294751787558198
2439,0.00018241116255534798,1.4164928586524184e-05,9.132991067417606e-06,6.329447810315969e-08,3.4292678037672886e-05,0.07645142637193203,0.010022000541892152,0.00591521558817476,0.012438180342335414,0.0065523277735337615,0.38238299638032913,0.22941721137613058
2440,0.00018184801973309013,1.5112488426893833e-05,9.485936345754453e-06,6.943336128273359e-08,3.7618696069330326e-05,0.07650550082325935,0.010025544058745773,0.005918359034694731,0.012435556330566038,0.006551202735863626,0.38222167640924454,0.22936358861625195
2441,0.00018128576381460314,1.5223074456116592e-05,9.441616896310734e-06,7.078109387492759e-08,3.834890355847165e-05,0.07644451223313808,0.010021547417819002,0.00591752165928483,0.012435366173870066,0.006552686798386276,0.38221000134944916,0.22932725679129362
2442,0.00018072439541646964,1.388820533065882e-05,8.633593125750849e-06,6.442770073000759e-08,3.49066523313013e-05,0.07646027207374573,0.010022580144204736,0.005915786139667034,0.01243610294173714,0.006552999489940703,0.38225530087947845,0.2293577864766121
2443,0.00018016391515429864,1.2966068993591762e-05,8.215801585720328e-06,5.900219934851236e-08,3.196713851139066e-05,0.07643931545317173,0.01002120672181618,0.005914099630899727,0.012435570519064468,0.0065522086806595325,0.3822225481271744,0.22933093179017305
2444,0.00017960432364272632,1.2711067597592773e-05,8.106041434530198e-06,5.745923536970565e-08,3.1131171340348374e-05,0.07643366791307926,0.010020836335636758,0.005916499882005155,0.012432999503623038,0.00654926965944469,0.38206450641155243,0.22924908716231585
2445,0.00017904562149541217,1.358245776827971e-05,8.107931279255354e-06,6.548697650821111e-08,3.548056258750876e-05,0.07647899352014065,0.010023807298611671,0.0059166616993024945,0.012432034888256047,0.006547986180521548,0.3820052519440651,0.22924212273210287
2446,0.00017848780932504265,1.3941644908754824e-05,8.599894670169306e-06,6.516965966874011e-08,3.530864569256664e-05,0.07650967687368393,0.01002581756900176,0.005916953319683671,0.012433567147639579,0.006550170015543699,0.3820994049310684,0.22930454090237617
2447,0.00017793088774332636,1.436868029713878e-05,8.764531628457917e-06,6.789508999460736e-08,3.6785273550776765e-05,0.07646862789988518,0.010023127772709348,0.005916520953178406,0.012441181605598185,0.006557582528330386,0.38256755471229553,0.22951809130609035
2448,0.0001773748573609967,1.4930215002095792e-05,9.21115912433379e-06,6.977986055645147e-08,3.7806436921528075e-05,0.07645941153168678,0.010022523791669813,0.005916896276175976,0.012433408268446657,0.0065507652470842,0.38208965212106705,0.22927453182637691
2449,0.000176819718787809,1.3845905471043807e-05,8.670094302942744e-06,6.376784189576767e-08,3.4549149404483614e-05,0.076473543420434,0.010023450074620955,0.005916467518545687,0.012441167862120774,0.006556609063409269,0.3825667202472687,0.22952013183385134
2450,0.00017626547263254063,1.3557220086113375e-05,8.599786610830051e-06,6.162277266241745e-08,3.3386952736691455e-05,0.0764430370181799,0.010021450673674472,0.005913983914069831,0.012435358421266154,0.006552119506523013,0.38220953196287155,0.22932628449052572
2451,0.00017571211950299042,1.3282952522786218e-05,8.275035725091584e-06,6.148924547311196e-08,3.331461869038321e-05,0.07649917714297771,0.010025129923707996,0.005917958682402968,0.012439499086431955,0.006554642925038934,0.38246409595012665,0.22948163654655218
2452,0.00017515966000597856,1.465744514916878e-05,8.573642560349981e-06,7.196929519004414e-08,3.899265311702038e-05,0.076472919434309,0.01002340933376347,0.005917715840041637,0.012439879416787716,0.006560735986568034,0.382487490773201,0.229480205103755
2453,0.00017460809474734363,1.4819132331922447e-05,8.830051967834152e-06,7.156839898492251e-08,3.877545225350332e-05,0.07650329731404781,0.010025399725782091,0.00591862469445914,0.01243420805680909,0.006551612401381135,0.38213879615068436,0.22932104673236609
2454,0.00017405742433194526,1.482816622910832e-05,9.273436603507434e-06,6.837830923700494e-08,3.70470827419922e-05,0.07647204399108887,0.010023351534089115,0.005917457747273147,0.012432949760386563,0.006548212608322501,0.3820614442229271,0.22926674410700798
2455,0.00017350764936366092,1.6974336858766037e-05,9.632308604068385e-06,8.553489649898438e-08,4.6342448513314594e-05,0.07640220038592815,0.010018773412621104,0.005914027686230838,0.012434257356146127,0.0065512333530932665,0.3821418285369873,0.22927201446145773
2456,0.00017295877044538617,1.724096182442736e-05,1.0065849039619934e-05,8.479468327493578e-08,4.594141091729398e-05,0.07647403329610825,0.010023482286094842,0.005915759364143014,0.01243534803569485,0.006552043370902538,0.3822088986635208,0.22934146597981453
2457,0.00017241078817903415,1.6692177212007664e-05,1.032886763141505e-05,7.778837662897331e-08,4.2145413090111106e-05,0.07650318555533886,0.010025392196098422,0.0059167614672333,0.01243918820415535,0.006556839914992452,0.38244498521089554,0.2294740853831172
2458,0.00017186370316553444,1.797326808627986e-05,1.1014056610747502e-05,8.455236155668899e-08,4.581011171467253e-05,0.07652782276272774,0.010027006594193805,0.005919071612879634,0.012441624166696393,0.006558674271218479,0.3825947865843773,0.2295613046735525
2459,0.00017131751600483292,1.888000826966163e-05,1.0952579657441674e-05,9.337415285415318e-08,5.058972033111786e-05,0.07643862627446651,0.010021161796998341,0.005914158187806606,0.01244147006891312,0.00656083645299077,0.3825853019952774,0.22951196413487196
2460,0.0001707722272958909,2.1441346120809612e-05,1.181089709234584e-05,1.1067480176762956e-07,5.996314030198846e-05,0.07648253440856934,0.010024039210648374,0.0059171924367547035,0.012446295026236745,0.006560339708812535,0.38288209587335587,0.2296823151409626
2461,0.0001702278376366843,2.0784106254723156e-05,1.3178918095491099e-05,9.450950688716375e-08,5.1204857754783006e-05,0.07647260464727879,0.010023388554955017,0.005916013149544597,0.0124355564768393,0.0065516207832843065,0.38222169876098633,0.22934715170413256
2462,0.00016968434762420305,1.948164458553947e-05,1.25061899893808e-05,8.745631330242531e-08,4.738346183330577e-05,0.07647990435361862,0.010023867001049453,0.0059174803318455815,0.012438575336798706,0.006555974716320634,0.3824073001742363,0.22944360226392746
2463,0.0001691417578544505,1.894677177460835e-05,1.2176662892215973e-05,8.495306991207485e-08,4.6027206280996324e-05,0.07643751241266727,0.01002108846474179,0.005916463444009423,0.012434105507710328,0.0065505580278113484,0.38213253766298294,0.2292850250378251
2464,0.00016860006892244298,2.013101538977935e-05,1.231227480502639e-05,9.488073082764004e-08,5.1405977274043835e-05,0.07644828967750072,0.010021795082203437,0.005916452850215137,0.012438696274838875,0.006555557018145919,0.382414735853672,0.22943151276558638
2465,0.0001680592814222087,1.9598938024500967e-05,1.2150789700626774e-05,9.116264454434031e-08,4.939153018312936e-05,0.07643784396350384,0.010021110246656197,0.005913116037845612,0.012437805809898068,0.006550782825797796,0.38235998153686523,0.22939891275018454
2466,0.0001675193959467876,2.012089612435375e-05,1.2032838412778801e-05,9.685039481510671e-08,5.247312537903781e-05,0.07645964436233044,0.010022539399811051,0.005917384405620396,0.012431071075993944,0.00654810294508934,0.38194602727890015,0.2292028358206153
2467,0.00016698041308823035,1.8612103644954914e-05,1.1586208643166174e-05,8.622378455669377e-08,4.671568149205996e-05,0.0764803346246481,0.010023895128214543,0.0059173243353143334,0.012439365141869345,0.006556474836543202,0.38245587050914764,0.22946810256689787
2468,0.0001664423334375975,1.6628320508971228e-05,1.0505008731342969e-05,7.589864114976308e-08,4.112156534574751e-05,0.07651428505778313,0.0100261199184224,0.005918914568610489,0.012431851554590341,0.006551408558152616,0.38199397921562195,0.22925413213670254
2469,0.0001659051575849596,1.613334507055697e-05,1.0219305977443582e-05,7.344002428411045e-08,3.9789498259779066e-05,0.07646011933684349,0.010022570343786641,0.005917842034250498,0.012431987921149959,0.006548197357915342,0.3820023462176323,0.2292312327772379
2470,0.0001653688861193958,1.4940990524792142e-05,9.52012715060846e-06,6.759825033064715e-08,3.662444316887559e-05,0.0764815378934145,0.010023973974588866,0.005917352857068181,0.012436057452668597,0.006551547558046877,0.3822525069117546,0.22936702240258455
2471,0.0001648335196289933,1.4767983827823628e-05,9.35078128350142e-06,6.725189938272536e-08,3.643679258402699e-05,0.07650390081107616,0.010025439369926935,0.005918446695432067,0.012438608971438192,0.006555192754603922,0.38240935653448105,0.2294566286727786
2472,0.00016429905870084705,1.4098012798058335e-05,8.820050283020464e-06,6.498733240434262e-08,3.520986263083614e-05,0.07647480815649033,0.010023532916878373,0.005915671819821,0.012438328338768513,0.006554895197041333,0.38239212334156036,0.22943346574902534
2473,0.00016376550392105952,1.442229523718197e-05,9.183512759136647e-06,6.529661944476572e-08,3.537742531989352e-05,0.07651826739311218,0.010026380894974037,0.005919547867961228,0.012438879946324437,0.006553867598995566,0.38242601603269577,0.22947214171290398
2474,0.00016323285587473862,1.3291981872498582e-05,8.57225592199029e-06,5.937824876234288e-08,3.217088385554234e-05,0.07645252719521523,0.0100220725062376,0.0059160065138712525,0.012434565436003055,0.006552756996825337,0.3821607828140259,0.22930665500462055
2475,0.0001627011151459981,1.2398716080497252e-05,8.102833248813113e-06,5.460036400783963e-08,2.958224638405227e-05,0.07648555375635624,0.01002423718451906,0.005917989416047931,0.012440094508123478,0.006555535830557346,0.3825007230043411,0.22949313838034868
2476,0.0001621702823179571,1.2541301941837446e-05,7.76729814333521e-06,5.839344563440818e-08,3.1637317306376644e-05,0.07650228403508663,0.010025333319220276,0.0059172393521294,0.01243696881125064,0.006551791331730783,0.3823085203766823,0.22940540220588446
2477,0.00016164035797273875,1.2616866001735616e-05,7.739439496390332e-06,5.929645818802953e-08,3.212657168205624e-05,0.07646957598626614,0.010023190201366383,0.005916191032156348,0.012434756190074909,0.006551742786541581,0.38217250257730484,0.2293210392817855
2478,0.00016111134269146984,1.2272040180505428e-05,7.535651292300827e-06,5.761874399823341e-08,3.121759482382913e-05,0.07645801268517971,0.01002243241095983,0.005916507565416396,0.012438755500415118,0.006555334432050586,0.3824183717370033,0.22943819221109152
2479,0.00016058323705428127,1.2801293621578225e-05,8.22571570324726e-06,5.7408361175959044e-08,3.1103603191695584e-05,0.07649321109056473,0.010024739087920195,0.0059188633458688855,0.012441478256319635,0.0065562588861212134,0.3825858011841774,0.22953950613737106
2480,0.00016005604164030476,1.2735898849314253e-05,8.274865336943549e-06,5.644199507770509e-08,3.058003187561553e-05,0.07646797969937325,0.010023085487962047,0.005915994988754392,0.012437297006844544,0.006554159917868674,0.38232870399951935,0.2293983418494463
2481,0.0001595297570276752,1.3059120703928784e-05,7.956243933904261e-06,6.177720313083057e-08,3.3470626704001916e-05,0.07647101767361164,0.010023284388052051,0.00591891526710242,0.012434750046201024,0.006551727885380387,0.3821721151471138,0.22932156641036272
2482,0.00015900438379352818,1.2987160516786389e-05,7.83613148769291e-06,6.199988678012858e-08,3.359127549629193e-05,0.07646960765123367,0.010023192197625165,0.0059143215185031295,0.012436211617519895,0.006552483537234366,0.3822619542479515,0.2293657809495926
2483,0.0001584799225139997,1.2138241856973764e-05,7.5486440493932605e-06,5.628806265534081e-08,3.0496631779897143e-05,0.0765104852616787,0.010025870637291578,0.0059192676562815905,0.01243736384419058,0.00655423360876739,0.38233280926942825,0.22942164726555347
2484,0.00015795637376422574,1.1515040171161672e-05,7.232462877482249e-06,5.287112037066777e-08,2.8645348606914922e-05,0.07647625915706158,0.010023627916959498,0.0059165292186662555,0.012436025127538051,0.00655128201469779,0.38225050270557404,0.2293633809313178
2485,0.00015743373811834228,1.1250997545175778e-05,7.1192644952589035e-06,5.1270127032765345e-08,2.7777928949035413e-05,0.07648997008800507,0.010024526879841268,0.0059171258471906185,0.01243726146736548,0.006553820334374905,0.38232652842998505,0.22940824925899506
2486,0.00015691201614948257,1.0982648973367759e-05,6.886447920351202e-06,5.051248530563157e-08,2.7367452730686637e-05,0.07647384330630302,0.010023469673727258,0.005918291164562106,0.012435653601905601,0.006551395519636571,0.38222767412662506,0.22935075871646404
2487,0.00015639120842977938,1.0822500996710005e-05,6.889904312856743e-06,4.900903949334179e-08,2.6552887106845446e-05,0.0764868687838316,0.010024323105051022,0.005916604306548834,0.012437542124107357,0.006553946062922478,0.38234376907348633,0.22941531892865896
2488,0.00015587131553036196,1.085262272226828e-05,6.814484748929317e-06,4.984382107053875e-08,2.7005174160876777e-05,0.07645770534873009,0.010022411811618174,0.005917040165513754,0.012432962342518122,0.006551120197400451,0.38206223398447037,0.22925996966660023
2489,0.00015535233802135655,1.1794849683610664e-05,6.866227948876258e-06,5.815721415558528e-08,3.150933503093256e-05,0.07647454738616943,0.010023515949242851,0.0059161561075598,0.012435656234803465,0.006551667000167072,0.3822278305888176,0.22935118898749352
2490,0.00015483427647188587,1.1562677173060365e-05,6.764091182276388e-06,5.6768658662775806e-08,3.0757019999327895e-05,0.07650995999574661,0.01002583625632902,0.005917815840803087,0.01243525836835934,0.006551657221280038,0.3822033703327179,0.22935666516423225
2491,0.00015431713145006774,1.2305360144182487e-05,7.120170465668707e-06,6.099367566569924e-08,3.3046117891899485e-05,0.07645846344530582,0.01002246181259,0.005914318491704762,0.012435349937278977,0.006551717175170779,0.38220901787281036,0.2293337406590581
2492,0.0001538009035230148,1.1615273592724407e-05,7.1752752148768195e-06,5.421833870755677e-08,2.9375265967246378e-05,0.076516667380929,0.010026275942759628,0.005918328417465091,0.012441985134012916,0.006556635024026036,0.38261697441339493,0.22956682089716196
2493,0.00015328559325683517,1.1381101671759097e-05,7.23305907968097e-06,5.163066263413896e-08,2.7973271016890067e-05,0.07646293751895428,0.010022755188947123,0.0059159641386941075,0.012438219973963952,0.006555343396030366,0.3823854476213455,0.2294241925701499
2494,0.00015277120121662865,1.1029084589608829e-05,6.930395898052666e-06,5.061656871419018e-08,2.742383890108613e-05,0.07646391727030277,0.010022819253288238,0.005916209076531231,0.012438378206735197,0.006554374936968088,0.3823951780796051,0.22942954767495394
2495,0.00015225772796648992,1.1308846922020166e-05,6.937077728252916e-06,5.3149033174548777e-08,2.8795923185498395e-05,0.07653018459677696,0.010027161516296988,0.005919380579143763,0.012441081891938828,0.006556002306751907,0.38256142288446426,0.2295458037406206
2496,0.00015174517406950513,1.2316781067056581e-05,7.033741724171705e-06,6.173717048696403e-08,3.344893821122241e-05,0.0764632448554039,0.010022775061640657,0.005915872287005186,0.012436535737767707,0.006551703903824091,0.38228190690279007,0.22937257587909698
2497,0.00015123354008775248,1.3755482882515935e-05,8.020897524829707e-06,6.7726284580516e-08,3.669382363113982e-05,0.07653029263019562,0.010027168681839864,0.005918127717450261,0.012435113699794257,0.006549628684297204,0.38219450414180756,0.2293623983860016
2498,0.00015072282658230108,1.3897972564791417e-05,8.561022013964248e-06,6.505361893616168e-08,3.5245774142822484e-05,0.07646545954048634,0.010022920158332208,0.005915461108088493,0.012435537461300775,0.006549882004037499,0.3822205290198326,0.22934299428015947
2499,0.00015021303411321172,1.348448648741396e-05,8.407542367194765e-06,6.237085625748762e-08,3.379226245669997e-05,0.07646871544420719,0.010023133761521797,0.0059160159435123205,0.012438543749402287,0.006555304047651589,0.3824053630232811,0.22943703923374414
2500,0.00014970416323953323,1.2951404983141401e-05,7.905811997943601e-06,6.115547690477285e-08,3.313377555969055e-05,0.07648579962551594,0.01002425333436902,0.005916659138165414,0.012439692689342531,0.006553910207003355,0.38247600197792053,0.22948090080171824
2501,0.0001491962145193058,1.240407624436557e-05,7.76006993419287e-06,5.718040774205235e-08,3.098010085977876e-05,0.07645649276673794,0.010022332317726547,0.005915855523198843,0.012438372503370832,0.006554159335792065,0.38239482790231705,0.2294256603345275
2502,0.00014868918850955722,1.2900681952032755e-05,8.379522512313997e-06,5.719003914883558e-08,3.098531806244864e-05,0.07650761678814888,0.010025682674494605,0.005916890106163919,0.012436331262168962,0.006551242317073047,0.38226932287216187,0.22938846983015537
2503,0.00014818308576630365,1.3847202012584603e-05,9.32968788447397e-06,5.8910106792708916e-08,3.1917258070279786e-05,0.076505646109581,0.01002555376553928,0.005918754613958299,0.012436852536669778,0.006553342682309449,0.38230135291814804,0.22940349951386452
2504,0.00014767790684454865,1.408546370385011e-05,9.284639617135326e-06,6.144153430476251e-08,3.328875823171984e-05,0.0764950979501009,0.010024862563918432,0.005916869267821312,0.012436374410017942,0.006554258055984974,0.3822719603776932,0.22938352916389704
2505,0.0001471736522982831,1.318867259669787e-05,8.516671982761181e-06,5.8835225136277813e-08,3.18766743703236e-05,0.07646169140934944,0.010022673247698694,0.005916056572459638,0.012435123061612798,0.006551791215315461,0.3821950629353523,0.22932837717235088
2506,0.00014667032268048357,1.2544691685434373e-05,8.105851435402656e-06,5.592524177089331e-08,3.0300051889753377e-05,0.07651418261229992,0.010026113024267766,0.005918192211538553,0.012434137837831327,0.006549455691128969,0.38213448226451874,0.22932433243840933
2507,0.00014616791854311315,1.2103935887353146e-05,7.77612214619694e-06,5.429201643813997e-08,2.9415190056170104e-05,0.07647865265607834,0.01002378488742241,0.005917674396187067,0.012438522544855064,0.006554736406542361,0.38240405917167664,0.2294413559138775
2508,0.0001456664404371193,1.1803464474269276e-05,7.233378255477874e-06,5.5526113929005305e-08,3.0083808496783604e-05,0.07651199586689472,0.010025970060203239,0.005916211637668312,0.012436946141449115,0.00655191030818969,0.38230714201927185,0.2294095689430833
2509,0.0001451658889124345,1.2366420889975416e-05,7.441586689083124e-06,5.918421064343704e-08,3.206575695458014e-05,0.07648808509111404,0.010024403127524036,0.005917460424825549,0.012438261945329558,0.006553430343046784,0.38238803297281265,0.22943805903196335
2510,0.00014466626451797458,1.2724419377718732e-05,7.431431356508256e-06,6.256299744933358e-08,3.3896370155162e-05,0.07649626210331917,0.010024938771710888,0.005917217815294862,0.012440201686850158,0.006556852604262531,0.3825073093175888,0.229501785710454
2511,0.0001441675678016391,1.1762664939851675e-05,7.123895244376399e-06,5.595787566647914e-08,3.0317743267005426e-05,0.07647166028618813,0.01002332685343588,0.005916683352552354,0.012437399968383443,0.0065538722556084394,0.38233502954244614,0.22940334491431713
2512,0.00014366979931031007,1.0859779763450206e-05,6.910967613293906e-06,4.919755491883393e-08,2.6655026886146516e-05,0.07651085779070854,0.010025895039539113,0.00591777334921062,0.012441056159251842,0.006556431180797517,0.3825598284602165,0.22953534312546253
2513,0.0001431729595898516,1.1405102213757345e-05,7.08333908505665e-06,5.295751970280094e-08,2.8692154160125938e-05,0.07652650587260723,0.010026920515246049,0.005918580340221524,0.012441272984716197,0.006558872875757515,0.3825731724500656,0.22954983916133642
2514,0.00014267704918510967,1.2002676669453649e-05,7.008400615404753e-06,5.9025528242884207e-08,3.1979779350876925e-05,0.07649179175496101,0.010024645912886777,0.0059176761424168944,0.012440704668812209,0.006555103696882725,0.38253825157880783,0.22951502166688442
2515,0.00014218206863991062,1.2296109730414173e-05,7.0587634013463685e-06,6.136167551851202e-08,3.324549459193804e-05,0.07645963318645954,0.0100225384016167,0.005915543995797634,0.012436774434642871,0.006551788887009025,0.382296584546566,0.22937810886651278
2516,0.0001416880184970613,1.2148902385433757e-05,7.3576073020831245e-06,5.77968288784092e-08,3.131408129775082e-05,0.07648252695798874,0.010024038938454292,0.005917190108448267,0.012433832673250718,0.00655068876221776,0.3821157366037369,0.2292991317808628
2517,0.00014119489929834839,1.1207214015485079e-05,6.823089819363304e-06,5.305266581601131e-08,2.8743709890477476e-05,0.07651349157094955,0.010026067849295094,0.0059183824341744184,0.012438881701134467,0.006556112668476999,0.3824261203408241,0.22946980595588684
2518,0.00014070271158453742,1.1100229187377408e-05,6.889664405207441e-06,5.157384008747101e-08,2.794248769077967e-05,0.07652702368795872,0.010026954529670931,0.005920268129557371,0.012439001905032306,0.006556250038556755,0.38243354111909866,0.2294802824035287
2519,0.0001402114558953724,1.093205185043189e-05,6.724021204718156e-06,5.1244728904720205e-08,2.7764173523792124e-05,0.07649337686598301,0.01002474970274247,0.005917597562074661,0.012439175482090496,0.006554175517521799,0.38244420289993286,0.22946878988295794
2520,0.00013972113276957597,1.0669159337339806e-05,6.682625809162346e-06,4.9124223577834414e-08,2.6615291744747083e-05,0.0765013862401247,0.010025274714156892,0.00591659767087549,0.012439698684550728,0.006554536754265428,0.3824763894081116,0.22948888782411814
2521,0.0001392317427448471,1.1299420577870478e-05,6.935700298527081e-06,5.3072207517601555e-08,2.875430095627962e-05,0.0764671042561531,0.010023027958641717,0.00591764529235661,0.01244039703342284,0.0065571528393775225,0.38251930475234985,0.22949320450425148
2522,0.0001387432863578621,1.1206226531612629e-05,6.775367666023158e-06,5.339588904362813e-08,2.8929660857102135e-05,0.07647852227091789,0.010023776539922107,0.00591675762552768,0.01243710994811777,0.006553669809363782,0.3823172003030777,0.2293978612869978
2523,0.0001382557641442734,1.0820568775216088e-05,6.9189660791835195e-06,4.8776650940496324e-08,2.6426978365634568e-05,0.07646970450878143,0.010023198367877063,0.005916921654716134,0.012441222689732688,0.006555472384206951,0.3825700879096985,0.22951989620923996
2524,0.00013776917663870864,1.0330504380817729e-05,6.586511887007873e-06,4.670851350141447e-08,2.530647395815322e-05,0.07648286782205105,0.010024060986150917,0.005917275557294488,0.012439244064102203,0.006556102540344,0.3824484050273895,0.2294656364247203
2525,0.00013728352437477064,1.0386843030119053e-05,6.449688925158625e-06,4.823858446023621e-08,2.613545802887529e-05,0.07649928517639637,0.010025136818538696,0.00591759686358273,0.01243636212386602,0.006551653961651027,0.3822712153196335,0.22938525024801493
2526,0.00013679880788503723,1.0207227035152755e-05,6.302036013039469e-06,4.767108130465658e-08,2.5827990157267777e-05,0.07646978832781315,0.010023203812213818,0.00591712596360594,0.012437151191956845,0.006553512532263994,0.38231973350048065,0.2293947609141469
2527,0.00013631502770105865,9.819099716423807e-06,6.133651851314426e-06,4.533237718540306e-08,2.4560890551583725e-05,0.07648177444934845,0.010023989580472055,0.005915856105275452,0.012439433284152387,0.006554915453307331,0.3824600502848625,0.22947091236710548
2528,0.0001358321843533598,9.364771074160672e-06,5.872477316870572e-06,4.3067795552076404e-08,2.3333945250669785e-05,0.07652434147894382,0.010026778560467242,0.005918633192777634,0.01243932302799705,0.006554787163622677,0.3824532702565193,0.22948880586773157
2529,0.0001353502783714374,1.0335030651731358e-05,6.001345013828541e-06,5.1070479845094496e-08,2.7669771270666388e-05,0.07647955790162086,0.01002384413632806,0.005917988135479391,0.012445629893202451,0.006560258101671934,0.38284117728471756,0.2296603675931692
2530,0.0001348693102837605,1.1260736812346295e-05,6.417087945465028e-06,5.654405721422506e-08,3.063533142722008e-05,0.07653529942035675,0.010027496477275601,0.005918417242355645,0.012438170836575474,0.006552857696078718,0.382382407784462,0.22945885360240936
2531,0.00013438928061776934,1.181738235800367e-05,7.000867327633387e-06,5.737115560400241e-08,3.108344253632822e-05,0.07651185989379883,0.010025960988810569,0.005919098621234298,0.012441817297940357,0.006555525702424347,0.3826066702604294,0.2295592650771141
2532,0.00013391018989987582,1.1583768412037898e-05,7.014047525899514e-06,5.511790956980178e-08,2.9862651445000665e-05,0.07652945630252361,0.010027113806349314,0.00592008838430047,0.012440727916614696,0.006554732099175453,0.38253966718912125,0.22953456174582243
2533,0.000133432038655461,1.0707236469897907e-05,6.71400647433984e-06,4.924393781635672e-08,2.6680155428948638e-05,0.07650253549218178,0.010025349920901969,0.0059166812570765615,0.012438620085472987,0.006554184481501579,0.38241004198789597,0.22945628874003887
2534,0.00013295482740887705,1.061520094935986e-05,6.640489829123908e-06,4.893733751565321e-08,2.6514043952374777e-05,0.07648867927491665,0.010024441777605355,0.005916349240578711,0.012439485194868587,0.006554524297825992,0.382463239133358,0.22947595920413733
2535,0.00013247855668344386,1.0522409240820707e-05,6.6226390345036634e-06,4.821279175892812e-08,2.6121489440811274e-05,0.07649230398237705,0.01002467948140173,0.005917464266531169,0.012438124916340533,0.00655333639588207,0.38237959891557693,0.229435951448977
2536,0.00013200322700145128,1.0138189281860832e-05,6.3481329846126755e-06,4.669363584675068e-08,2.5298413788732432e-05,0.07651723735034466,0.010026313134249096,0.005917776725254953,0.012441256317215118,0.006555922795087099,0.382572203874588,0.22954472061246634
2537,0.00013152883888415643,9.87165014976199e-06,6.233908862895987e-06,4.507715734014539e-08,2.442261393298395e-05,0.07653300277888775,0.010027346004719,0.005918007809668779,0.012439879270565285,0.006552669918164611,0.3824874758720398,0.22951023932546377
2538,0.00013105539285178386,9.821920230024261e-06,6.299529729858477e-06,4.413375820355725e-08,2.391148063907167e-05,0.07652755454182625,0.010026988997503775,0.005917827133089304,0.012438783431391494,0.006553786690346897,0.3824200928211212,0.22947382368147373
2539,0.0001305828894235252,1.0104591694926057e-05,6.294273049434196e-06,4.6781218454583495e-08,2.5345865537929058e-05,0.07649687305092812,0.01002497878057002,0.005917535745538771,0.012440723530240195,0.006555740139447153,0.38253939151763916,0.22951813228428364
2540,0.00013011132911753891,9.854896688921144e-06,6.326213224383537e-06,4.424108279721395e-08,2.3969629410203197e-05,0.07652566395699978,0.01002686536627997,0.005917328409850597,0.012439437232298978,0.006553341168910265,0.3824602887034416,0.2294929763302207
2541,0.0001296407124509478,9.912253801758197e-06,6.170124265736376e-06,4.592277669246414e-08,2.488077097950736e-05,0.0764897670596838,0.010024513361517306,0.00591899233404547,0.012437343368892977,0.00655198993626982,0.3823315426707268,0.2294106548652053
2542,0.0001291710399398415,9.713484587337007e-06,6.109049223823604e-06,4.453933399872767e-08,2.4131224677148566e-05,0.0765342116355896,0.010027425096061002,0.005918643320910633,0.012440533452526175,0.006554811028763652,0.3825277015566826,0.2295309565961361
2543,0.0001287023120992733,9.75516223888917e-06,6.341977780266461e-06,4.3204288813214475e-08,2.340789842492086e-05,0.07652345858514309,0.010026720780215008,0.005918730050325394,0.012440601734623842,0.006556501612067223,0.38253189623355865,0.22952767740935087
2544,0.00012823452944326057,9.669924395439011e-06,6.050026655657348e-06,4.457309987770941e-08,2.4149514388227544e-05,0.07654204219579697,0.01002793826761809,0.00591940782032907,0.012439909977238154,0.006554424646310508,0.3824893459677696,0.2295156940817833
2545,0.0001277676924847845,9.950254366231093e-06,6.059373646394306e-06,4.70911232230975e-08,2.551377679083089e-05,0.07651565596461296,0.01002620954200126,0.005918533890508115,0.012438840316798648,0.006553732207976282,0.3824235796928406,0.22946961782872677
2546,0.0001273018017357891,1.0504389308607642e-05,6.406668177305619e-06,4.9640989097099464e-08,2.689527309485129e-05,0.07649794965982437,0.010025049362703166,0.005917317233979702,0.012439516194967627,0.006553633022122085,0.3824651464819908,0.2294815480709076
2547,0.00012683685770718033,1.0781462947306863e-05,6.423162375313041e-06,5.2076193357564193e-08,2.8214663302605913e-05,0.07654721848666668,0.010028277646610476,0.005920417490415275,0.012439915972341632,0.006553884828463197,0.38248971849679947,0.22951846849173307
2548,0.00012637286090882706,1.088094876422474e-05,6.8006808362497395e-06,5.0207155988246654e-08,2.7202019964533974e-05,0.07652836479246616,0.010027042059593788,0.005918545066379011,0.012439981187183058,0.006554553168825805,0.382493756711483,0.22951106075197458
2549,0.00012590981184955788,1.1375907831734366e-05,7.4494404600500275e-06,4.9985211525438444e-08,2.708177589738625e-05,0.07646794430911541,0.010023082947241937,0.005917464033700526,0.012440960246040524,0.0065547688864171505,0.38255394250154495,0.22951094340533018
2550,0.00012544771103716333,1.1079137323122268e-05,7.1926506564068404e-06,4.914228668440046e-08,2.6625083251019532e-05,0.07654543220996857,0.010028160017084438,0.005919290240854025,0.012440941092551519,0.006555367494001985,0.38255276530981064,0.2295490987598896
2551,0.0001249865589783934,1.0882406513701426e-05,6.852444698779436e-06,4.983844203998444e-08,2.7002252295460494e-05,0.07652658224105835,0.010026925322625101,0.0059196389047428966,0.012437879956808931,0.006552336155436933,0.38236454874277115,0.22944556549191475
2552,0.00012452635617895807,1.0259648206556449e-05,6.266225256013058e-06,4.841923684217875e-08,2.623333955398266e-05,0.07652263343334198,0.010026666537226225,0.005919308983720839,0.012438202132434628,0.0065550594590604305,0.3823843374848366,0.22945348545908928
2553,0.0001240671031435258,9.941511962097138e-06,6.179101518455354e-06,4.612651616220376e-08,2.4991152258735383e-05,0.0764943640679121,0.010024814480132257,0.005917001166380942,0.012440103573754118,0.006556978682056069,0.3825012594461441,0.2294978117570281
2554,0.0001236088003757244,9.606024946151592e-06,6.1268643776202225e-06,4.341613135672162e-08,2.352266631078237e-05,0.07649171352386475,0.010024640741510969,0.0059181234100833535,0.012441010395875873,0.006556345382705331,0.38255704939365387,0.2295243814587593
2555,0.00012315144837813838,9.414930445927894e-06,5.8711529220545344e-06,4.3540461680535714e-08,2.3590039859300305e-05,0.07648639567196369,0.010024292347944165,0.005916603608056903,0.012439886289240051,0.006554166437126696,0.3824879005551338,0.22948714811354876
2556,0.00012269504765231078,9.34078963155116e-06,5.720444022472293e-06,4.396892361313576e-08,2.3822170987841673e-05,0.07650143839418888,0.010025278070802899,0.005917750531807542,0.012438480281891049,0.006553252227604389,0.3824014589190483,0.2294514486566186
2557,0.00012223959869874076,9.32110242501949e-06,5.713206007840199e-06,4.384066931706343e-08,2.3752686956868274e-05,0.07651577703654766,0.010026217433917699,0.005917428759858012,0.01243722782908187,0.006550517398864031,0.3823244348168373,0.22942010592669249
2558,0.00012178510201688405,9.278628397169086e-06,5.816448748419134e-06,4.26864490421508e-08,2.3127345684770262e-05,0.07652923092246056,0.010027098840254316,0.00591881712898612,0.012437584829007463,0.006553934654220939,0.38234639912843704,0.2294378150254488
2559,0.00012133155810515186,9.466030917337775e-06,6.021942368761302e-06,4.2898804730739926e-08,2.32423836905582e-05,0.07649677991867065,0.010024972702136857,0.005917532253079116,0.012434153051976827,0.006551585276611149,0.38213542848825455,0.2293161042034626
2560,0.00012087896746091083,9.29824858530992e-06,5.949607583488614e-06,4.18844292582321e-08,2.2692811626257026e-05,0.07648111321032047,0.010023946119841629,0.005916436552070081,0.01243734190637043,0.006552132777869701,0.3823314756155014,0.22940629441291094
2561,0.00012042733058048168,8.660969541551822e-06,5.521461105217895e-06,3.9164215426268356e-08,2.121900274687505e-05,0.07651753909885883,0.010026332909180001,0.0059179021045565605,0.012441851801011228,0.006556742126122117,0.3826088011264801,0.22956317011266947
2562,0.00011997664795914025,8.550337554424914e-06,5.493273874890292e-06,3.8351335329700476e-08,2.0778591988346307e-05,0.07647939398884773,0.010023833520546829,0.005917919217608869,0.012437648886082696,0.006553043844178319,0.3823503404855728,0.22941486723721027
2563,0.00011952692009111493,9.024501707699528e-06,5.96858450307991e-06,3.9218039926680603e-08,2.1248170241960906e-05,0.07652221620082855,0.01002663923420613,0.005918445531278849,0.012438341354180859,0.0065526231192052364,0.38239292800426483,0.2294575721025467
2564,0.00011907814746958761,9.0066994857807e-06,5.820724965133195e-06,4.0145382573797406e-08,2.175059773890098e-05,0.07651046849787235,0.010025869820858478,0.005918916198424995,0.012439047090868686,0.006554856197908521,0.38243628293275833,0.22947337571531534
2565,0.00011863033058669244,8.468743601497408e-06,5.361343511367522e-06,3.857236618998172e-08,2.0898343336739345e-05,0.07649838365614414,0.01002507775871681,0.005916444933973253,0.012439063322633916,0.006553837796673179,0.3824373111128807,0.22946784738451242
2566,0.00011818346993351551,8.098352424212862e-06,5.1368026845466375e-06,3.681192306537184e-08,1.9944550672335026e-05,0.07650821097195148,0.01002572168250769,0.005917641334235668,0.012441184091119075,0.006555065046995878,0.38256773352622986,0.22953797224909067
2567,0.00011773756600009425,7.949847741883787e-06,5.02266635749038e-06,3.628410560896356e-08,1.965857290997519e-05,0.07648694328963757,0.010024328185861952,0.005915626417845488,0.012438918113386745,0.006553520215675235,0.382428377866745,0.22945766057819128
2568,0.00011729261927541692,8.012661282918998e-06,5.027436685622888e-06,3.6828565308510974e-08,1.9953559785790276e-05,0.07651698775589466,0.010026296715584169,0.005917066126130521,0.012438218072818603,0.006551494472660124,0.38238532841205597,0.22945115808397532
2569,0.00011684863024742248,8.06789827834109e-06,4.8950600728403515e-06,3.83156246730465e-08,2.0759249650836864e-05,0.07651347480714321,0.010026066760739024,0.0059175940696150064,0.012438989767708483,0.00655279029160738,0.3824327811598778,0.2294731279835105
2570,0.00011640559940299922,8.17424592014504e-06,4.876582210044944e-06,3.943350002089119e-08,2.1364899225773115e-05,0.07652407884597778,0.01002676141691066,0.00591803586576134,0.012438257996809908,0.006554180174134672,0.38238778710365295,0.22945593297481537
2571,0.00011596352722798471,7.968226356069863e-06,4.880107610460982e-06,3.750619770315211e-08,2.0320700514275813e-05,0.07653814181685448,0.01002768268280464,0.005919295595958829,0.012441526211021016,0.00655680091585964,0.3825887441635132,0.22956344299018383
2572,0.00011552241420716535,7.739375377013857e-06,4.80892470022809e-06,3.591976904804284e-08,1.9461177771518123e-05,0.07654890604317188,0.010028387838014276,0.005919946823269129,0.01244217621291787,0.0065566207049414515,0.3826287239789963,0.22958881501108408
2573,0.00011508226082427557,7.660971675704786e-06,4.771820385940373e-06,3.547015037241863e-08,1.9217576152641414e-05,0.07652224786579609,0.010026641320486036,0.005917693022638559,0.012442291999166171,0.006556477048434317,0.38263584673404694,0.2295790472999215
2574,0.0001146430675619975,8.091545652177956e-06,5.046463854796457e-06,3.741607390583823e-08,2.0271871790100704e-05,0.07653077505528927,0.010027200246448787,0.005918322596698999,0.012443881319672943,0.00655844749417156,0.38273363560438156,0.22963220532983541
2575,0.00011420483490196052,8.224685274171861e-06,5.102538437995463e-06,3.823077743270176e-08,2.0713271965178137e-05,0.07651760801672935,0.010026337353998552,0.005918457871302962,0.012438758425127627,0.006554058869369328,0.38241853564977646,0.2294680718332529
2576,0.00011376756332474053,8.268077323236867e-06,5.214658813201822e-06,3.780345059212209e-08,2.0481750652834307e-05,0.07652897201478481,0.010027082060060633,0.00591826462186873,0.01244076724770363,0.006553994142450392,0.38254206627607346,0.22953551914542913
2577,0.00011333125330985919,8.10953071095355e-06,5.132610738201038e-06,3.694604699955306e-08,2.0017209294564964e-05,0.07652752660214901,0.010026987183410264,0.005918795824982226,0.012442670051307704,0.006557795451954007,0.38265910744667053,0.22959331702440977
2578,0.0001128959053357842,8.462749121918023e-06,5.233929300629825e-06,3.945771198665682e-08,2.137802709967218e-05,0.07650929130613804,0.010025792622272735,0.005918707582168281,0.012442035279717273,0.006557528395205736,0.38262006640434265,0.22956467885524035
2579,0.00011246151987992777,9.111553140428441e-06,5.232952446476702e-06,4.545246223841559e-08,2.462595477936702e-05,0.07652254216372967,0.01002666073193914,0.005917428294196725,0.012441824900320123,0.006555130355991423,0.3826071247458458,0.22956483345478773
2580,0.00011202809741864674,9.398221834544529e-06,5.589790873727907e-06,4.546351606293797e-08,2.4631945166220248e-05,0.07652252912521362,0.010026659734155084,0.0059183158446103334,0.012439142287676114,0.006553742336109281,0.3824421539902687,0.22948234155774117
2581,0.00011159563842724245,9.395173890425212e-06,5.574174394951115e-06,4.55506892205193e-08,2.467917101967032e-05,0.07649482041597366,0.010024844419120556,0.005916667403653264,0.012439253569042009,0.006552950362674892,0.3824490010738373,0.22947191074490547
2582,0.00011116414337995862,9.076659182483127e-06,5.700607516700984e-06,4.167781275654647e-08,2.2580864310839388e-05,0.07653065584599972,0.010027192355305872,0.005918408161960542,0.012440642820673316,0.006556344102136791,0.3825344294309616,0.22953254263848066
2583,0.00011073361274998291,8.461291372441337e-06,5.368709736330857e-06,3.8449196160250665e-08,2.0831617632666166e-05,0.07655485905706882,0.010028777715408718,0.00591939059086144,0.012440011162499971,0.0065543766831979156,0.38249559700489044,0.22952522803097963
2584,0.00011030404700944472,8.546430649403192e-06,5.288760291932704e-06,3.98251758237933e-08,2.157711128347728e-05,0.07654549553990364,0.010028164461093152,0.005919644027017057,0.012438597418680971,0.006555281230248511,0.38240867108106613,0.2294770833104849
2585,0.0001098754466294157,8.403962624470296e-06,5.410782250692137e-06,3.760953148912449e-08,2.0376683607992163e-05,0.07652752660214901,0.010026987002000895,0.005918396636843681,0.012441844344847238,0.0065556548070162535,0.3826083317399025,0.22956792917102575
2586,0.00010944781207990843,8.209431626937658e-06,5.223287843136859e-06,3.719852970096582e-08,2.0154005710537604e-05,0.07652053609490395,0.010026528932876371,0.005917353322729468,0.0124404425066235,0.006554211839102209,0.3825221210718155,0.22952132858335972
2587,0.00010902114382987711,8.222344490604883e-06,5.149979017460282e-06,3.785892133123525e-08,2.0511805246314907e-05,0.07653879001736641,0.010027725220260592,0.005919115501455963,0.01243959106281276,0.006553596933372319,0.3824697360396385,0.22950426302850246
2588,0.0001085954423472153,8.540410988189251e-06,5.237760376530787e-06,4.014614662928295e-08,2.1751012695858662e-05,0.07651077955961227,0.010025889778092994,0.005918398499488831,0.012437373058063505,0.006552143604494631,0.382333368062973,0.22942207381129265
2589,0.00010817070809875735,8.601694389653858e-06,5.401953814043736e-06,3.949948368386913e-08,2.1400655782599642e-05,0.07650011405348778,0.010025191251246148,0.005917782313190401,0.012439745622544305,0.0065543093951419,0.3824792429804802,0.22948967851698399
2590,0.00010774694155027584,8.454081381614742e-06,5.370380364411176e-06,3.8370332688941744e-08,2.0788884967259946e-05,0.07655638456344604,0.010028877744313698,0.005918080685660243,0.012443436061420447,0.00655623443890363,0.3827062249183655,0.22963130474090576
2591,0.00010732414316648326,8.6683310769331e-06,5.381730858289302e-06,4.026375322041531e-08,2.1814731439917523e-05,0.07652397081255913,0.010026754341783526,0.005919205257669091,0.012442165394450741,0.006556685897521675,0.38262809067964554,0.22957603074610233
2592,0.00010690231341102966,8.534689925454586e-06,5.354132753154772e-06,3.923418234741405e-08,2.1256918330436747e-05,0.07651184126734734,0.010025959718814939,0.005916745983995497,0.012436922301548744,0.006551962695084512,0.38230565190315247,0.2294087465852499
2593,0.00010648145274650324,8.565126279336255e-06,5.429407252677265e-06,3.895933842201771e-08,2.1108000964886742e-05,0.07658039778470993,0.010030450234442993,0.00592155649792403,0.012441278394338942,0.006555938278324902,0.38257353752851486,0.2295769676566124
2594,0.00010606156163442901,8.102605789872541e-06,5.173699264560128e-06,3.657878799856462e-08,1.9818230839518947e-05,0.07653513178229332,0.01002748550256029,0.005918256123550236,0.012439914656343556,0.006555069703608751,0.3824896663427353,0.2295123990625143
2595,0.00010564264053526956,7.703397841396509e-06,4.9388183356313675e-06,3.4628765632760405e-08,1.8761714954962372e-05,0.07652019709348679,0.010026506981315643,0.005917690461501479,0.012442775307400305,0.006555505096912384,0.38266558200120926,0.22959288954734802
2596,0.00010522468990842255,7.63552952776081e-06,4.870579346061277e-06,3.45062245443728e-08,1.86953292313774e-05,0.07653119042515755,0.010027227275833777,0.005919917486608028,0.012440026223241694,0.006554967723786831,0.38249650597572327,0.2295138482004404
2597,0.00010480771021222276,7.649807713505652e-06,4.848108915211924e-06,3.480389731969069e-08,1.885660253719834e-05,0.07653630338609219,0.010027561962517308,0.005919067771174014,0.012440428177465665,0.0065554361790418625,0.38252121955156326,0.22952876146882772
2598,0.0001043917019039392,7.4125738080965675e-06,4.7340267030904215e-06,3.345681742761286e-08,1.812676134704816e-05,0.0765380710363388,0.010027678057185546,0.005918815964832902,0.012441051334367105,0.006556008942425251,0.38255954533815384,0.22954880818724632
2599,0.00010397666543977604,7.326191592937903e-06,4.574850379412965e-06,3.3834810841959495e-08,1.8331555565964663e-05,0.07651637122035027,0.010026256349138962,0.005918231210671365,0.012440762276494793,0.006555447820574045,0.3825417831540108,0.22952907718718052
2600,0.00010356260127487175,7.533444687624069e-06,4.627860619166313e-06,3.535609505167514e-08,1.9155780364599195e-05,0.07653278671205044,0.010027331945986259,0.005919001647271216,0.012438579138979904,0.006553362240083516,0.3824075311422348,0.22947015892714262
2601,0.00010314950986329827,7.858824830009326e-06,4.7390789745804796e-06,3.753778177184586e-08,2.0337807313808298e-05,0.076540507376194,0.010027837685159784,0.005919286049902439,0.01243688471339214,0.00655160378664732,0.3823033422231674,0.2294219247996807
2602,0.00010273739165806097,8.032905640220633e-06,4.8546254163284175e-06,3.829123051968253e-08,2.074602531365599e-05,0.0765337124466896,0.010027392806551778,0.005919237621128559,0.012442715223823177,0.0065561424707993865,0.382661871612072,0.2295977920293808
2603,0.0001023262471110983,8.300334513933194e-06,5.007637810194865e-06,3.962954742142699e-08,2.1471119680427364e-05,0.07653690502047539,0.010027601779511994,0.005920325522311032,0.012440758182556612,0.0065557463094592094,0.3825415298342705,0.22953921742737293
2604,0.00010191607667328041,8.676700787191294e-06,5.056474009279555e-06,4.27423227922219e-08,2.315760650617449e-05,0.07657128944993019,0.01002985385797472,0.005920935655012727,0.012444401985576328,0.006558733875863254,0.38276565819978714,0.22966847382485867
2605,0.00010150688079440956,8.493222367178532e-06,5.230233966813103e-06,3.9766228310256224e-08,2.1545175854953413e-05,0.0765378288924694,0.010027662366344097,0.0059192386688664556,0.012441790689574591,0.006554677500389516,0.38260503858327866,0.22957143373787403
2606,0.00010109865992321926,8.1371053681778e-06,5.135660359201211e-06,3.717800256541892e-08,2.014288509144535e-05,0.07653289660811424,0.010027338930004343,0.005918269860558212,0.012441991128116493,0.006555328029207885,0.38261735439300537,0.2295751255005598
2607,0.00010069141450737352,7.889754215284484e-06,4.972887523990721e-06,3.609703325135882e-08,1.955722007096483e-05,0.07654348760843277,0.010028032863184443,0.005918921786360443,0.012440888310646778,0.006554613122716546,0.3825495317578316,0.22954650968313217
2608,0.00010028514499346718,7.599548212056106e-06,4.81445039213213e-06,3.458856723259629e-08,1.873993903700466e-05,0.07656227238476276,0.01002926315914363,0.0059205477591603994,0.01244322146639567,0.006556756910867989,0.38269300013780594,0.22962763626128435
2609,9.987985182702414e-05,7.75776567252251e-06,4.793870374442122e-06,3.620061128639662e-08,1.961334646694013e-05,0.07653037831187248,0.010027173761208928,0.0059185711434111,0.012442792996184032,0.006557143060490489,0.3826666697859764,0.22959852404892445
2610,9.947553545249855e-05,7.987718362301166e-06,4.8461290305112925e-06,3.793694691722749e-08,2.0554074581013992e-05,0.07652602717280388,0.010026888949756532,0.0059192245826125145,0.01244216056999615,0.006554538500495255,0.38262779265642166,0.22957690991461277
2611,9.907219631327262e-05,7.907004061280531e-06,4.878295271737443e-06,3.6954578619408096e-08,2.0021838849970663e-05,0.07653697580099106,0.010027606495865357,0.005918931448832154,0.012438857280005954,0.006553636863827705,0.38242463022470474,0.2294808030128479
2612,9.866983485165715e-05,7.612110493937507e-06,4.733431794079479e-06,3.530265368922869e-08,1.9126824554405175e-05,0.07653030939400196,0.010027169498167208,0.0059191761538386345,0.012441295500427814,0.006555540487170219,0.38257456570863724,0.2295524375513196
2613,9.826845150889118e-05,7.79071635292894e-06,4.7916491325850075e-06,3.652110946994469e-08,1.9786984921665862e-05,0.07655270025134087,0.010028636421746865,0.005919057643041015,0.012443271168569959,0.006557288113981485,0.38269608467817307,0.22962439246475697
2614,9.786804672514023e-05,7.706535541274206e-06,4.765429991948622e-06,3.593781272570595e-08,1.947095694276868e-05,0.07652470469474792,0.010026802416267046,0.0059191458858549595,0.012440859214708807,0.006554918945766985,0.3825477436184883,0.22953622415661812
2615,9.746862093949733e-05,7.5298907802334725e-06,4.700338962493333e-06,3.4788198877144794e-08,1.8848097681711806e-05,0.076545599848032,0.010028171081755546,0.005919585935771465,0.01244509875507581,0.006558792432770133,0.38280850648880005,0.22967705316841602
2616,9.707017458998212e-05,7.590123630052403e-06,4.685745750521164e-06,3.545180116137914e-08,1.9207634409212915e-05,0.07652189023792744,0.010026618008551102,0.00591779185924679,0.01244119549526738,0.006556488806381822,0.3825684189796448,0.2295451546087861
2617,9.66727081135398e-05,7.396488598487849e-06,4.6414425298735296e-06,3.399190851016698e-08,1.841667221924581e-05,0.07654043287038803,0.010027832787521089,0.0059185337740927935,0.01244051532188481,0.006553908344358206,0.38252658396959305,0.22953350841999054
2618,9.627622194604116e-05,6.993034617153171e-06,4.412523225028053e-06,3.195868147898295e-08,1.7315079389845778e-05,0.07651646062731743,0.010026262426793912,0.005917708040215075,0.0124376023789239,0.006552762002684176,0.3823474869132042,0.2294319737702608
2619,9.58807165222814e-05,6.684234762133201e-06,4.228152775453964e-06,3.047008423351372e-08,1.6508562396211346e-05,0.0765527356415987,0.010028638416921544,0.005919721443206072,0.012441821830128853,0.006555056199431419,0.38260694593191147,0.22957984078675508
2620,9.548619227598126e-05,6.466077365985257e-06,4.106640560053165e-06,2.9353913300056433e-08,1.5903824362339947e-05,0.07653622888028622,0.010027557336842527,0.005918703507632017,0.01244071373399822,0.006555105093866587,0.3825387880206108,0.2295375084504485
2621,9.509264963978449e-05,6.417815939130378e-06,4.059735871919656e-06,2.925481379367767e-08,1.5850135582695657e-05,0.07655235193669796,0.010028613386519558,0.005920278490521014,0.012439858945630601,0.006554472725838423,0.3824862167239189,0.22951928433030844
2622,9.470008904525936e-05,6.458712164203462e-06,4.014025023479917e-06,2.996971004698423e-08,1.623746021550687e-05,0.07654011994600296,0.010027812017878553,0.005919652176089585,0.012442649146172218,0.006556665990501642,0.38265783339738846,0.2295989766716957
2623,9.430851092289643e-05,6.716195343869913e-06,4.20853506000185e-06,3.090987377163401e-08,1.6746836024594813e-05,0.0765184573829174,0.010026393050129267,0.005916825262829661,0.012442515235520226,0.006556373089551926,0.38264958560466766,0.22958402149379253
2624,9.391791570210932e-05,6.636002439108779e-06,4.13197953719191e-06,3.073500076666846e-08,1.665209339307694e-05,0.07655606046319008,0.010028856432708606,0.00591968628577888,0.012444629715246553,0.00655902992002666,0.38277963548898697,0.22966784797608852
2625,9.352830381123306e-05,6.741905735907494e-06,4.090737235173947e-06,3.201682874376388e-08,1.7346579113564076e-05,0.0765476617962122,0.010028306214868464,0.005919844727031887,0.012440963462654107,0.0065552531741559505,0.3825541362166405,0.22955089900642633
2626,9.313967567752537e-05,6.530803517534878e-06,4.109182512479492e-06,2.993247472105054e-08,1.621728699774394e-05,0.0765387061983347,0.010027719778378638,0.005918850307352841,0.012439978993864351,0.006554712192155421,0.38249359279870987,0.22951614949852228
2627,9.275203172716427e-05,6.460210158820701e-06,4.083542989974376e-06,2.9470289764077506e-08,1.5966878095241555e-05,0.07654966227710247,0.010028437446423864,0.00591943773906678,0.012443510174782436,0.006556605105288327,0.3827107846736908,0.22963022347539663
2628,9.236537238524939e-05,6.445363425200412e-06,4.038469413103485e-06,2.9666047063336975e-08,1.607293904726248e-05,0.07655814290046692,0.010028992644825546,0.005919726332649589,0.012439755273324771,0.0065545475808903575,0.38247984647750854,0.22951899468898773
2629,9.197969807579984e-05,6.360222869261634e-06,3.9160797769000055e-06,2.9783914778924725e-08,1.613679461343054e-05,0.07655099406838417,0.010028524509949796,0.005919221322983503,0.012443908215918571,0.006557976012118161,0.3827352896332741,0.22964314185082912
2630,9.159500922175454e-05,6.297348392081403e-06,3.940260228318948e-06,2.902514184555116e-08,1.5725700563962164e-05,0.07653782702982426,0.010027662003549785,0.00591879989951849,0.012443074551455073,0.006556007429026067,0.38268399238586426,0.22961090970784426
2631,9.121130624497216e-05,6.1171985805685836e-06,3.7654331919156903e-06,2.8653344918971868e-08,1.5524259652011096e-05,0.07653340511023998,0.010027372308101518,0.005918680573813617,0.012441889958957,0.006555322557687759,0.38261112570762634,0.22957226540893316
2632,9.082858956623022e-05,6.063103228370892e-06,3.748229218558663e-06,2.82811343232936e-08,1.5322598869715875e-05,0.07655144110321999,0.010028553621647656,0.00591896683908999,0.012437628557503232,0.0065522914519533515,0.38234907388687134,0.22945025749504566
2633,9.044685960522411e-05,6.314119815442609e-06,3.8722872375274164e-06,2.968175716322463e-08,1.6081449416560645e-05,0.07653464004397392,0.01002745321324558,0.0059188465820625424,0.012439532426120744,0.006553700543008745,0.3824661523103714,0.22950039617717266
2634,9.006611678056809e-05,6.2660795379088086e-06,3.897934220731258e-06,2.90490657084419e-08,1.5738660579245334e-05,0.07654198445379734,0.010027934276989729,0.0059191788313910365,0.012440228883487942,0.006553284707479179,0.3825089707970619,0.22952547762542963
2635,8.968636150979311e-05,6.3570150814484805e-06,3.928061005353811e-06,2.9665851442040037e-08,1.607283127214032e-05,0.07655537687242031,0.010028811814222771,0.005920869414694607,0.012442807322618538,0.006555483094416559,0.38266755640506744,0.22961146663874388
2636,8.930759420934726e-05,6.350143394229235e-06,3.9211663818150555e-06,2.965333834037409e-08,1.606605110282544e-05,0.07652973011136055,0.010027131584227073,0.005917762056924403,0.012437526621607345,0.006551707861945033,0.3823428153991699,0.22943627275526524
2637,8.892981529459512e-05,6.275950255485441e-06,3.90803248251359e-06,2.906561413773545e-08,1.5747620750516944e-05,0.07654912397265434,0.010028402258034318,0.00591891526710242,0.012439074436262758,0.00655418960377574,0.382437989115715,0.22949355654418468
2638,8.855302517981806e-05,6.543571970496487e-06,3.982500587085269e-06,3.0985583654441484e-08,1.678785690728546e-05,0.07654061540961266,0.01002784466882564,0.005919069051742554,0.012441532059142685,0.006555680767633021,0.38258910924196243,0.22956486232578754
2639,8.817722427821234e-05,6.639089377813434e-06,4.1318434824688666e-06,3.076449972549966e-08,1.6668072987613414e-05,0.07655342482030392,0.010028683852382914,0.005919086164794862,0.01244078230753004,0.0065553400199860334,0.38254301249980927,0.2295482186600566
2640,8.780241300189006e-05,6.7099346097165835e-06,4.197724678078885e-06,3.093189537839436e-08,1.675877376783319e-05,0.07655560225248337,0.010028826415009295,0.005919812596403062,0.012442795773759358,0.006556741078384221,0.38266684114933014,0.22961122170090675
2641,8.74285917618774e-05,6.669799745395721e-06,4.144426981156357e-06,3.095500855643252e-08,1.6771290404449246e-05,0.07653605751693249,0.010027546271494195,0.005918404553085566,0.01244410818183504,0.00655824295245111,0.3827475681900978,0.22964181285351515
2642,8.705576096811523e-05,6.9521511534276215e-06,4.321764180303944e-06,3.225144840079963e-08,1.7473698221692757e-05,0.07656974904239178,0.010029753022687729,0.0059203741839155555,0.012442946346651787,0.006556202075444162,0.3826761022210121,0.22962292563170195
2643,8.66839210294582e-05,7.2014794056940445e-06,4.4720606808823504e-06,3.344277754724345e-08,1.8119154219675693e-05,0.07654213532805443,0.010027944434949703,0.0059192245826125145,0.012442856441697328,0.00655735214240849,0.382670596241951,0.2296063657850027
2644,8.631307235367462e-05,7.081261799157801e-06,4.402855410035045e-06,3.284426586258604e-08,1.7794886389310705e-05,0.07654902711510658,0.010028395728216491,0.005918749840930104,0.012443297773769913,0.006555690313689411,0.3826977163553238,0.2296233717352152
2645,8.594321534744521e-05,6.926923020955655e-06,4.350495615312866e-06,3.180650698375587e-08,1.7232631932984077e-05,0.07651136629283428,0.010025928331728993,0.0059179411036893725,0.01244068215203128,0.006554569932632148,0.382536843419075,0.22952410485595465
2646,8.557435041636406e-05,6.966760679461004e-06,4.374185067490544e-06,3.199926645880424e-08,1.7337062729438912e-05,0.07654383219778538,0.010028055536965183,0.00591931922826916,0.012442472401350243,0.0065560758812353015,0.38264694809913635,0.22959539014846087
2647,8.520647796493633e-05,6.898487640683015e-06,4.3208135593886254e-06,3.176322926901065e-08,1.720918317005271e-05,0.0765651073306799,0.010029449059825416,0.005920563591644168,0.012443504766129924,0.0065558720380067825,0.38271044194698334,0.22963777463883162
2648,8.483959839657936e-05,6.67936575382555e-06,4.111726198630095e-06,3.128471337543459e-08,1.694992403145079e-05,0.0765835139900446,0.010030654338116974,0.0059214235516265035,0.012444765649456326,0.006558078224770725,0.3827880397439003,0.22968577686697245
2649,8.447371211362138e-05,6.606389803209822e-06,4.089183320843404e-06,3.077767429804368e-08,1.667521553372353e-05,0.07655035890638828,0.01002848288279576,0.005919718416407704,0.012440891819700024,0.0065557550406083465,0.3825497105717659,0.2295500347390771
2650,8.410881951730203e-05,6.336038268273114e-06,4.001425480737453e-06,2.893062533981805e-08,1.5674488622607896e-05,0.0765566136687994,0.010028892617066592,0.0059202422853559256,0.012442060133198459,0.0065562588861212134,0.3826216012239456,0.2295891074463725
2651,8.374492100777064e-05,6.2663762321335525e-06,3.946258601672525e-06,2.8695028797542932e-08,1.554684638449544e-05,0.07655804231762886,0.010028986387451927,0.005921026226133108,0.01244167972330386,0.006556829786859453,0.3825981765985489,0.22957810945808887
2652,8.338201698408613e-05,6.182989949365947e-06,3.8096138723631157e-06,2.893432360373538e-08,1.5676493603677955e-05,0.07653562724590302,0.010027517882470909,0.0059191357577219605,0.01244128321913562,0.0065556642366573215,0.38257381319999695,0.22955472022294998
2653,8.302010784421777e-05,6.358762902891613e-06,3.8993156437072685e-06,2.9894202002722636e-08,1.6196551086977706e-05,0.07654359750449657,0.010028040118799857,0.005919588031247258,0.012442247117503363,0.006556818028911948,0.38263309746980667,0.22958834748715162
2654,8.2659193985043e-05,6.34867515714177e-06,3.921976968968011e-06,2.9633807852036398e-08,1.605546731298091e-05,0.07655846513807774,0.010029014046827541,0.005919567192904651,0.01244009289970445,0.006553588667884469,0.38250061124563217,0.22952953819185495
2655,8.229927580234821e-05,6.463170592496681e-06,4.050808485089874e-06,2.9739283924357096e-08,1.6112618141050916e-05,0.0765213668346405,0.010026583630151265,0.005917966947890818,0.012438728885499696,0.00655253347940743,0.3824167251586914,0.22946904599666595
2656,8.194035369082796e-05,6.542229670003508e-06,4.033051510532459e-06,3.0599984990331563e-08,1.657894188156206e-05,0.07653321884572506,0.010027360154133344,0.005919260089285672,0.012442080162144232,0.006556150852702558,0.3826228231191635,0.2295780209824443
2657,8.158242804408425e-05,6.398705153287665e-06,3.926717681679293e-06,3.006050652842873e-08,1.628665472708235e-05,0.07653358951210976,0.010027384371353868,0.005918037029914558,0.012442294630659292,0.006555247702635825,0.38263601064682007,0.2295848000794649
2658,8.12254992546263e-05,6.1432629081537016e-06,3.8557128618776915e-06,2.8227359893939763e-08,1.529346263851039e-05,0.07653366960585117,0.010027389722716806,0.005918999086134136,0.012442289952448914,0.006557129789143801,0.3826357498764992,0.22958470974117517
2659,8.086956771387042e-05,6.148658343363422e-06,3.830810342719815e-06,2.8461001777557726e-08,1.5420049862768792e-05,0.07657653465867043,0.01003019725255698,0.005920831230469048,0.012443704884707169,0.006557227112352848,0.38272276520729065,0.22964964993298054
2660,8.051463381213917e-05,6.13526182746682e-06,3.835739619262313e-06,2.8300982779505546e-08,1.5333349779211858e-05,0.07653655298054218,0.010027578560509252,0.005918629351072013,0.012441044316349605,0.006554690771736205,0.382559135556221,0.2295478442683816
2661,8.016069793866094e-05,5.8469812245220965e-06,3.640254803372045e-06,2.7083792542015317e-08,1.4673886425953242e-05,0.0765486229211092,0.010028368974057383,0.005919122020713985,0.012442552075712295,0.006555965053848922,0.3826518580317497,0.22960024047642946
2662,7.980776048157035e-05,5.791256484144469e-06,3.58276504641708e-06,2.6993980717371358e-08,1.4625221695041546e-05,0.07653923332691193,0.010027754062185644,0.005919156363233924,0.012441629283762716,0.006555651314556599,0.38259507715702057,0.22956715524196625
2663,7.9455821827906e-05,5.659219198150822e-06,3.5609814972303866e-06,2.593628511959878e-08,1.4052169490241795e-05,0.07657052762806416,0.010029803712495585,0.005920400726608932,0.012441881040826896,0.0065559931099414825,0.38261057436466217,0.22959055099636316
2664,7.910488236361184e-05,5.568049516568863e-06,3.5126695934195595e-06,2.5451605933923815e-08,1.37895689817924e-05,0.0765415821224451,0.010027907975081268,0.0059192770859226584,0.012443627848937532,0.006557041080668569,0.3827180191874504,0.22962980065494776
2665,7.87549424735363e-05,5.523392104578306e-06,3.4942269024895722e-06,2.5175631579443802e-08,1.3640052429764182e-05,0.07655635848641396,0.010028875839874234,0.005919050076045096,0.012443134633297133,0.006557075306773186,0.3826877027750015,0.22962203063070774
2666,7.840600254143121e-05,5.467684189852662e-06,3.466174803179456e-06,2.4868636261388133e-08,1.3473721253376425e-05,0.07656948827207088,0.01002973597489514,0.0059201468247920275,0.012441902970643551,0.006555273779667914,0.3826119229197502,0.22959070559591055
2667,7.805806294995194e-05,5.414172193241029e-06,3.3770283209832996e-06,2.5032956374460014e-08,1.3562747483319981e-05,0.0765539612621069,0.010028718677028326,0.00591966207139194,0.01244074897119078,0.006554556544870138,0.3825409635901451,0.229547462426126
2668,7.771112408065721e-05,5.359450710784586e-06,3.331564926156716e-06,2.486359107489733e-08,1.3470993337705295e-05,0.07654347270727158,0.010028031956232147,0.005918997107073665,0.012441162598657319,0.00655510846991092,0.3825664073228836,0.2295549400150776
2669,7.736518631400779e-05,5.322312318867262e-06,3.310059071282012e-06,2.4679648880088223e-08,1.3371324996569456e-05,0.07655113190412521,0.010028533579023613,0.005919618997722864,0.01244186408174218,0.006555077503435314,0.3826095387339592,0.2295803353190422
2670,7.702025002936667e-05,5.38450976250715e-06,3.347991054170052e-06,2.4973591639110282e-08,1.3530583885312808e-05,0.0765596441924572,0.010029091129930825,0.0059200936229899526,0.012443456234331931,0.00655792246107012,0.38270746916532516,0.22963355667889118
2671,7.667631560499913e-05,5.39242910235771e-06,3.3541188599883753e-06,2.5001433034965714e-08,1.3545669332870602e-05,0.07655967772006989,0.010029093125015045,0.0059200183022767305,0.012442010718581208,0.006556251086294651,0.3826185539364815,0.22958911582827568
2672,7.633338341807129e-05,5.372100929434964e-06,3.3247411579395703e-06,2.503072005222151e-08,1.3561539560669189e-05,0.07654730416834354,0.010028282725417843,0.005919026909396052,0.012442314659227583,0.00655611592810601,0.38263723999261856,0.22959227208048105
2673,7.599145384465044e-05,5.458408907088597e-06,3.3932388561197513e-06,2.5321517771459412e-08,1.3719088713060046e-05,0.0765395313501358,0.010027773471484735,0.005919656483456492,0.012440891088647347,0.006554788094945252,0.3825496956706047,0.22954461351037025
2674,7.565052725970388e-05,5.4184402529244835e-06,3.376592047743543e-06,2.5075564402676775e-08,1.3585832505214057e-05,0.07655815035104752,0.010028993188944806,0.005919520393945277,0.012442052823356205,0.0065554059110581875,0.3826211541891098,0.22958965227007866
2675,7.531060403709997e-05,5.3542880493751e-06,3.341432801562405e-06,2.4743099347190878e-08,1.3405708898517332e-05,0.07656195387244225,0.010029242573831839,0.0059199698735028505,0.012442052384765532,0.006556485663168132,0.3826211094856262,0.22959153167903423
2676,7.497168454960576e-05,5.409048014826112e-06,3.3019786229715464e-06,2.5539744541447362e-08,1.3837325127497024e-05,0.07654321938753128,0.01002801544968603,0.005919301533140242,0.012442349453306063,0.006556294043548405,0.38263939321041107,0.22959130629897118
2677,7.463376916888841e-05,5.500615827713773e-06,3.372053825501098e-06,2.5867427311254687e-08,1.4014863666034216e-05,0.0765633825212717,0.010029336159578336,0.0059197647497057915,0.012443387967898102,0.0065568184945732355,0.3827032595872879,0.2296333210542798
2678,7.429685826551334e-05,5.478682538750945e-06,3.361313872574101e-06,2.5744304354979874e-08,1.3948156720289262e-05,0.07655150257050991,0.010028557884101,0.005919345538131893,0.01244257809768699,0.006555921281687915,0.38265345990657806,0.229602481238544
2679,7.396095220894478e-05,5.418084953134894e-06,3.3457252186508413e-06,2.5300165740205216e-08,1.3707523294215207e-05,0.07657087966799736,0.010029827107705114,0.005920382332988083,0.012443664101123828,0.006556746899150312,0.3827202543616295,0.22964556701481342
2680,7.362605136754458e-05,5.459826695641823e-06,3.3719443166546625e-06,2.5491814326095152e-08,1.3811355358939181e-05,0.0765781793743372,0.010030305156005564,0.005921111558564007,0.012442985670728475,0.006557396030984819,0.3826785311102867,0.22962835524231195
2681,7.329215610857296e-05,5.564405256563987e-06,3.437959662733192e-06,2.5969545403015104e-08,1.4070187205561524e-05,0.07654009014368057,0.01002781029463117,0.005919562769122422,0.012442753817687068,0.00655692582949996,0.3826642483472824,0.2296021692454815
2682,7.295926679818667e-05,5.5757985819582245e-06,3.4301132671998857e-06,2.613260874362311e-08,1.4158539556774485e-05,0.07657039351761341,0.010029795188645992,0.005920117604546249,0.012443164601017461,0.006556356325745583,0.38268954306840897,0.2296299682930112
2683,7.262738380144011e-05,5.756018879310432e-06,3.4779055937406156e-06,2.7442944250388734e-08,1.486847128262525e-05,0.07655502669513226,0.010028788688709935,0.005919264163821936,0.01244328564063633,0.0065571514423936605,0.3826969712972641,0.22962599899619818
2684,7.229650748228346e-05,5.736210795248553e-06,3.532293803232278e-06,2.6858604895707572e-08,1.4551877768553823e-05,0.07655027695000172,0.010028477441324946,0.005920327035710216,0.012441775046168157,0.006556459818966687,0.38260407745838165,0.22957717720419168
2685,7.1966638203563e-05,5.562641433698445e-06,3.4673775104465676e-06,2.5736076825211285e-08,1.3943696558271768e-05,0.07655515149235725,0.010028796669285096,0.00591901782900095,0.012441380007085865,0.006553981802426279,0.3825797513127327,0.22956745140254498
2686,7.16377763270209e-05,5.538211212297028e-06,3.4751388398035488e-06,2.5453315566359436e-08,1.3790500474897271e-05,0.07656513340771198,0.010029450510744015,0.00591982202604413,0.012441135696475994,0.006554888794198632,0.3825647383928299,0.22956493590027094
2687,7.13099222132947e-05,5.642313709586233e-06,3.5317046780392047e-06,2.599641901745997e-08,1.408474963682238e-05,0.0765563864260912,0.010028877835001282,0.0059196812799200416,0.012441402230194736,0.006555749336257577,0.38258111476898193,0.22956875059753656
2688,7.098307622191641e-05,5.518229585277368e-06,3.463686383042841e-06,2.535347298771029e-08,1.3736402024733252e-05,0.07654390297830105,0.0100280599810202,0.005919213057495654,0.012443261959064414,0.006556202773936093,0.3826955184340477,0.22961971070617437
2689,7.0657238711313e-05,5.571543056248629e-06,3.501496109947766e-06,2.556633416084253e-08,1.3851730216174474e-05,0.07656779699027538,0.010029624982175347,0.005919647519476712,0.012441827093313424,0.006556376232765615,0.38260725885629654,0.22958752792328596
2690,7.033241003880527e-05,5.449527947121169e-06,3.398187260472696e-06,2.520301833897065e-08,1.3654890494763094e-05,0.07658158801496029,0.010030528213236058,0.005920320632867515,0.01244283290549627,0.006556485313922167,0.3826691135764122,0.22962535079568624
2691,7.00085905606073e-05,5.495115573239673e-06,3.427706928960106e-06,2.5405798798061596e-08,1.3764749951405975e-05,0.07654576934874058,0.01002818223710832,0.005919325165450573,0.01244321912746493,0.006556688924320042,0.3826928809285164,0.22961932513862848
2692,6.968578063182708e-05,5.505818592155265e-06,3.449439006431021e-06,2.5344119358727824e-08,1.3731336196087796e-05,0.07655715383589268,0.010028928257171272,0.00592007371596992,0.012443604898910162,0.006557660060934722,0.3827166184782982,0.22963688615709543
2693,6.93639806064653e-05,5.462484267582113e-06,3.403407490054633e-06,2.5284054516738763e-08,1.3698790894522972e-05,0.0765671543776989,0.010029582996863927,0.005919474991969764,0.01244242883607047,0.006556144100613892,0.38264426589012146,0.22960571013391018
2694,6.904319083741504e-05,5.458859646978453e-06,3.4034659535109313e-06,2.5250169288781876e-08,1.3680433937679481e-05,0.07656319811940193,0.010029324007990044,0.0059192313347011805,0.012443020170559583,0.006556112668476999,0.38268065452575684,0.22962192632257938
2695,6.872341167646202e-05,5.477610358184393e-06,3.4168883615848245e-06,2.5324109920177307e-08,1.3720497690883349e-05,0.07656641118228436,0.010029534210255374,0.005920029478147626,0.012442706598662987,0.006556527339853346,0.3826613575220108,0.22961388435214758
2696,6.840464347428277e-05,5.330993815277907e-06,3.3142781177275538e-06,2.4728609493429587e-08,1.3397856378105644e-05,0.07658262737095356,0.010030596308174634,0.005920380004681647,0.01244221919430246,0.006556045147590339,0.3826313689351082,0.22960699815303087
2697,6.808688658044598e-05,5.258267236740721e-06,3.2773050122614222e-06,2.4330416625861773e-08,1.3182115708332276e-05,0.07657965831458569,0.01003040199609541,0.0059204366989433765,0.012443135510402168,0.006557251210324466,0.3826877400279045,0.2296336991712451
2698,6.777014134341081e-05,5.359829856388387e-06,3.3080609966873453e-06,2.5040625795114124e-08,1.3566905124662298e-05,0.07656854204833508,0.010029673949703138,0.005919720628298819,0.012443132001981657,0.006557160406373441,0.3826875314116478,0.22962803672999144
2699,6.745440811052749e-05,5.3611880161952286e-06,3.3646876573811824e-06,2.4635097406466855e-08,1.3347188996704062e-05,0.07655781134963036,0.010028971061404398,0.005919839022681117,0.01244340740998271,0.006556878099218011,0.382704459130764,0.22963113524019718
2700,6.71396872280361e-05,5.256463253999755e-06,3.3103408867418693e-06,2.4069867432530145e-08,1.3040952353549073e-05,0.07658381201326847,0.010030674013818087,0.005920448922552168,0.012442641982865965,0.006556258420459926,0.38265736401081085,0.22962058801203966
2701,6.68259790410669e-05,5.242312653308545e-06,3.2712684827629346e-06,2.4227744921390126e-08,1.3126488852321927e-05,0.07657821476459503,0.010030306969498984,0.005920273019000888,0.012444400816221952,0.006557439221069217,0.38276559114456177,0.2296719029545784
2702,6.651328389363913e-05,5.3357107390183955e-06,3.2838730135154037e-06,2.4996614778061144e-08,1.3543061129439593e-05,0.0765758529305458,0.010030152912063868,0.005920713068917394,0.012443805308229694,0.006558022927492857,0.3827289491891861,0.22965240105986595
2703,6.620160212866148e-05,5.342672096730894e-06,3.3154343554997467e-06,2.4827843891905843e-08,1.3451622521643003e-05,0.07655612006783485,0.010028860332282284,0.005920205847360194,0.012445019097017875,0.006558263790793717,0.38280361890792847,0.22967986948788166
2704,6.589093408793098e-05,5.432028274299228e-06,3.3554912022282224e-06,2.5356748589722145e-08,1.3738176335209573e-05,0.0765572190284729,0.010028932338091205,0.005919358925893903,0.012441786888374837,0.006556391133926809,0.38260479271411896,0.22958100587129593
2705,6.558128011213357e-05,5.509290502914155e-06,3.4397447308265328e-06,2.5447732365790898e-08,1.3787472937565326e-05,0.07658222690224648,0.010030570013246485,0.005921924253925681,0.012444676342309469,0.006558885797858238,0.38278254121541977,0.22968238405883312
2706,6.527264054084284e-05,5.4780972220669355e-06,3.477677594787565e-06,2.487980321763672e-08,1.3479774793268007e-05,0.07654469460248947,0.010028112039803727,0.005919158807955682,0.012441711156537671,0.006555791245773435,0.3826001286506653,0.22957241162657738
2707,6.496501571251936e-05,5.548801283339344e-06,3.4703930538171335e-06,2.5586086915829753e-08,1.386243349088545e-05,0.07657255604863167,0.010029936828696111,0.005919691291637719,0.012442698996821929,0.006555871688760817,0.382660873234272,0.22961671464145184
2708,6.465840596451208e-05,5.493908560083582e-06,3.4645068467398232e-06,2.5122960267687233e-08,1.3611514646072465e-05,0.07656596228480339,0.010029504920039949,0.005920361494645476,0.01244309618679902,0.006556444452144206,0.3826853036880493,0.22962563298642635
2709,6.435281163305597e-05,5.502051408257103e-06,3.4584677877091963e-06,2.5242696710670032e-08,1.367638526517112e-05,0.07656378857791424,0.010029362095008583,0.005920508177950978,0.012443039759404162,0.006556949811056256,0.38268183916807175,0.229622813872993
2710,6.404823305327245e-05,5.6679588738006714e-06,3.4992265085520557e-06,2.6472866676563456e-08,1.4342887652674108e-05,0.07658612914383411,0.010030825887170827,0.005919984774664044,0.012442589500557629,0.006555248633958399,0.3826541602611542,0.22962014470249414
2711,6.374467055916967e-05,5.695077817335914e-06,3.4940377844350223e-06,2.6761447502465785e-08,1.4499237295240164e-05,0.07657694444060326,0.010030224092514835,0.005920391529798508,0.012442967251287953,0.006555422325618565,0.3826773837208748,0.22962716408073902
2712,6.34421244836411e-05,5.643093516027875e-06,3.4918430600328065e-06,2.6297912736339413e-08,1.424809477157396e-05,0.07658772729337215,0.010030930791779809,0.00592086766846478,0.012443840098140188,0.006557398592121899,0.382731094956398,0.22965941112488508
2713,6.31405951584652e-05,5.945308828358975e-06,3.6660898246054785e-06,2.7800481694484347e-08,1.5062184445469029e-05,0.07656492292881012,0.010029436999056441,0.005919541232287884,0.012445617616187421,0.006559062050655484,0.38284042477607727,0.2297026738524437
2714,6.284008291430624e-05,5.963679285514445e-06,3.625506252546984e-06,2.8269646623613198e-08,1.531637093421523e-05,0.07657807320356369,0.010030298083378098,0.005920163239352405,0.012445450706043432,0.0065590968588367105,0.3828301578760147,0.2297041155397892
2715,6.254058808071248e-05,5.91830826124351e-06,3.5443431727344432e-06,2.845014501762222e-08,1.541416799000217e-05,0.07659653574228287,0.01003150706754101,0.005921204574406147,0.012444508542532583,0.006557444343343377,0.38277219235897064,0.22968436405062675
2716,6.22421109861169e-05,5.829944569768486e-06,3.513322141657227e-06,2.7863692575458288e-08,1.5096433969574719e-05,0.0765763707458973,0.01003018664349978,0.005920020048506558,0.012444552685201915,0.006557356449775398,0.3827749043703079,0.2296756375581026
2717,6.194465195783637e-05,5.758027725732973e-06,3.5244343479234885e-06,2.7117968759426958e-08,1.4692400498006464e-05,0.07657751254737377,0.010030261450714997,0.0059203277342021465,0.012444589080861174,0.006557086016982794,0.3827771544456482,0.22967733349651098
2718,6.164821132207085e-05,5.680366740534737e-06,3.4900766081591428e-06,2.665492915276957e-08,1.4441526673181215e-05,0.07657074183225632,0.01002981803980092,0.005920019932091236,0.012443830158175686,0.006557318149134517,0.38273047655820847,0.2296506091952324
2719,6.135278940390382e-05,5.490768955951353e-06,3.4170133034194805e-06,2.544462840425865e-08,1.3785791225018329e-05,0.07657854445278645,0.010030329094092296,0.005920501076616347,0.012442759519043178,0.006556477979756892,0.38266461342573166,0.22962157893925905
2720,6.1058386527302e-05,5.404575205147921e-06,3.323466131632813e-06,2.533982712549232e-08,1.3729010674978781e-05,0.07656831108033657,0.010029658715386778,0.0059206523001194,0.01244329411921285,0.006556042819283903,0.3826974853873253,0.22963289823383093
2721,6.0765003015114e-05,5.3762032337090204e-06,3.321391261579265e-06,2.5093312872037643e-08,1.3595450582215562e-05,0.07657149992883205,0.010029867459779362,0.005920295719988644,0.012443495702977203,0.006556303473189473,0.38270988315343857,0.2296406915411353
2722,6.0472639189070765e-05,5.350498724965291e-06,3.299930440903154e-06,2.501453899572681e-08,1.3552771690683585e-05,0.07658128254115582,0.010030508355903262,0.005920894676819444,0.012440977060147788,0.006555807078257203,0.38255497068166733,0.22956812661141157
2723,6.0181295369785425e-05,5.328544915528255e-06,3.3042908000879834e-06,2.4779743368341656e-08,1.3425560780433443e-05,0.07658952102065086,0.010031047844806457,0.005920890253037214,0.01244359525111532,0.006557573797181249,0.38271601498126984,0.22965276800096035
2724,5.989097187675182e-05,5.31346546495115e-06,3.3509317631796876e-06,2.4296247791433245e-08,1.3163599930976488e-05,0.07659696787595749,0.010031535445274992,0.005921744974330068,0.012445545707713324,0.00655799952801317,0.3828359991312027,0.2297164835035801
2725,5.960166902834532e-05,5.312537808777051e-06,3.340477348956483e-06,2.436486001844429e-08,1.3200778994360007e-05,0.07659385167062283,0.010031331268863158,0.005920331226661801,0.012445429659421515,0.006557623390108347,0.38282887637615204,0.22971136402338743
2726,5.9313387141822126e-05,5.2952397595618095e-06,3.280387375070859e-06,2.4648862839704577e-08,1.3354649240682193e-05,0.0765656977891922,0.010029487509097363,0.005919377901591361,0.012443508566804908,0.006555692874826491,0.38271068781614304,0.22963819280266762
2727,5.902612653331858e-05,5.2645848143129115e-06,3.2089275663338412e-06,2.4893536898495938e-08,1.3487213379903551e-05,0.07657185383141041,0.010029890764161772,0.0059200613759458065,0.012443575224608205,0.006556713487952948,0.38271479308605194,0.22964332345873117
2728,5.8739887517851184e-05,5.149052554997979e-06,3.1546690593131643e-06,2.4227923334230184e-08,1.3126586225098436e-05,0.07657249830663204,0.010029933110897055,0.005920363590121269,0.012441635424239527,0.006555160623975098,0.3825954720377922,0.22958398517221212
2729,5.845467040931595e-05,5.169782042457882e-06,3.1381266012431297e-06,2.4541357723784074e-08,1.3296403551521507e-05,0.076588099822402,0.01003095490971112,0.005920571740716696,0.012444339424962926,0.006556261912919581,0.38276179879903793,0.22967494931071997
2730,5.817047552048873e-05,5.282958767338641e-06,3.1546358627565496e-06,2.546393551572379e-08,1.3796249902497948e-05,0.0765732154250145,0.010029979991335512,0.005920229130424559,0.012443468952020188,0.006556780659593642,0.38270825147628784,0.22964073345065117
2731,5.788730316302368e-05,5.186938352608195e-06,3.149941136371126e-06,2.4612468507712038e-08,1.333492667754399e-05,0.07659177668392658,0.010031195541835212,0.005921034142374992,0.012443464128071,0.006556439329870045,0.38270796835422516,0.22964987251907587
2732,5.760515364745437e-05,5.115141192391093e-06,3.108118164618645e-06,2.4258648756436685e-08,1.3143232820311823e-05,0.07659090496599674,0.010031138421695236,0.00592121051158756,0.012443056424516317,0.006556057254783809,0.38268285244703293,0.22963687870651484
2733,5.732402728319215e-05,5.1064972694803146e-06,3.0693252313085395e-06,2.446527680444177e-08,1.3255185251637158e-05,0.07658397033810616,0.010030684259674813,0.005921046948060393,0.012443713801530164,0.006556724547408521,0.38272329419851303,0.2296536322683096
2734,5.704392437852671e-05,4.960861843983366e-06,3.0515465141434106e-06,2.3252537506568416e-08,1.2598122765439257e-05,0.07659569196403027,0.010031451853125671,0.0059218688402324915,0.012443336073463368,0.006556641077622771,0.3827000707387924,0.22964788135141134
2735,5.676484524062485e-05,5.006241593719096e-06,3.089331713113097e-06,2.339235594117639e-08,1.2673880632974033e-05,0.07658448442816734,0.01003071807999485,0.005920736817643046,0.012444520966809652,0.006557323737069964,0.3827729746699333,0.22967872954905033
2736,5.6486790175531493e-05,4.951358249627447e-06,3.086246522343572e-06,2.2908647201447252e-08,1.241180490296756e-05,0.07658479921519756,0.010030738480937053,0.005920681753195822,0.012443680034511007,0.006557260057888925,0.3827212527394295,0.22965302597731352
2737,5.620975948816773e-05,4.7861383905001276e-06,2.9937532275425838e-06,2.2066761973249527e-08,1.195567864442637e-05,0.07658847980201244,0.01003097939025879,0.00592032540589571,0.012443944613462753,0.0065572342136874795,0.38273751735687256,0.2296629985794425
2738,5.593375348233212e-05,4.7126681579356955e-06,2.92210461338982e-06,2.1917709036589628e-08,1.1874922108745523e-05,0.07658838666975498,0.010030973587467707,0.005921155330725014,0.012444006299017422,0.006557230721227825,0.3827413097023964,0.2296648481860757
2739,5.565877246069882e-05,4.634001669501231e-06,2.893090012889843e-06,2.140594301813792e-08,1.159764795488627e-05,0.07659200020134449,0.010031210229818635,0.005920796887949109,0.012443843314009356,0.006556619191542268,0.38273125886917114,0.22966162953525782
2740,5.53848167248183e-05,4.605050634154395e-06,2.869148488571227e-06,2.1315516574027527e-08,1.1548658790161426e-05,0.07657933793962002,0.010030381141098875,0.005920305498875678,0.012444686427764046,0.006557829212397337,0.3827831372618675,0.22968123760074377
2741,5.5111886575116315e-05,4.6216103157803445e-06,2.861911525542382e-06,2.152177114300713e-08,1.1660404936719715e-05,0.0765914935618639,0.010031176683158298,0.005921134608797729,0.01244314764368214,0.006556192529387772,0.3826884776353836,0.22963998559862375
2742,5.4839982310894676e-05,4.612978202089835e-06,2.8522358377358614e-06,2.1513541059725583e-08,1.1655947218969231e-05,0.07659236900508404,0.010031234165745537,0.005921414005570114,0.012443658400182175,0.006557073560543358,0.38271990418434143,0.22965613659471273
2743,5.4569104230329546e-05,4.547213450223353e-06,2.816893086787786e-06,2.1167559094426025e-08,1.1468494705013654e-05,0.07658223621547222,0.010030571010641568,0.00592027953825891,0.012443533124984509,0.0065570969600230455,0.3827122077345848,0.22964722197502851
2744,5.4299252630472046e-05,4.5401120871702005e-06,2.8068309489981402e-06,2.1176313591553253e-08,1.1473236611436732e-05,0.07658669352531433,0.010030862789781526,0.0059213017811998725,0.012443376858121831,0.006557320826686919,0.3827025815844536,0.22964463755488396
2745,5.403042780724754e-05,4.55053454118115e-06,2.813471894569375e-06,2.1223466595277074e-08,1.1498784715513466e-05,0.07658128254115582,0.01003050826523042,0.005920157884247601,0.012443248656433259,0.006556179258041084,0.38269469887018204,0.22963799070566893
2746,5.3762630055455194e-05,4.536490408213467e-06,2.818901194245882e-06,2.1053776055879325e-08,1.1406847079342697e-05,0.07659891620278358,0.010031662917428491,0.00592127931304276,0.012443585603312997,0.006557123269885778,0.3827154189348221,0.22965716756880283
2747,5.349585966876817e-05,4.5455379478198665e-06,2.802268681989517e-06,2.126006637404032e-08,1.1518614655869897e-05,0.07657830230891705,0.010030313135374155,0.005920405732467771,0.01244375356171231,0.006556234206072986,0.3827257677912712,0.22965203505009413
2748,5.3230116939733095e-05,4.505878479221792e-06,2.7632888190964877e-06,2.118184994071015e-08,1.1476236977614462e-05,0.07658603973686695,0.010030819993620918,0.005920708761550486,0.012443823287901465,0.006556857726536691,0.38273003697395325,0.2296580383554101
2749,5.2965402159769237e-05,4.495335730325678e-06,2.752525560367758e-06,2.1164014207819548e-08,1.146657587014488e-05,0.07658811844885349,0.010030956088405525,0.00592101423535496,0.012444052928416237,0.006557463319040835,0.3827441930770874,0.22966615576297045
2750,5.2701715619169095e-05,4.49945520131223e-06,2.777427255296061e-06,2.1018190854427132e-08,1.138756633167759e-05,0.0765985269099474,0.010031637803910443,0.005921715754084289,0.012445097878109141,0.006558225490152836,0.38280846923589706,0.22970349807292223
2751,5.243905760709692e-05,4.478315219103024e-06,2.7689187334090093e-06,2.0885915108515007e-08,1.131590079239686e-05,0.07658680900931358,0.010030870224689119,0.005920520983636379,0.01244357990233538,0.006556814070791006,0.38271506130695343,0.2296509351581335
2752,5.217742841158968e-05,4.475439581597129e-06,2.7509113351698034e-06,2.0992327709468128e-08,1.1373552126769937e-05,0.0766029916703701,0.010031929733342661,0.005921692121773958,0.012443913770570752,0.006557262153364718,0.38273561745882034,0.22966930456459522
2753,5.1916828319555675e-05,4.458302015564186e-06,2.7462194793770323e-06,2.086880723783935e-08,1.1306631847673998e-05,0.07659082673490047,0.01003113334433372,0.0059211995685473084,0.01244398729639099,0.006557324901223183,0.3827401399612427,0.22966548334807158
2754,5.165725761677504e-05,4.511820719699244e-06,2.809659022773303e-06,2.0894343033539542e-08,1.1320466825281983e-05,0.07658536732196808,0.010030775746551023,0.005920658586546779,0.012444008637800208,0.00655758788343519,0.38274145126342773,0.2296634092926979
2755,5.13987165878987e-05,4.459629053599201e-06,2.7563774125383134e-06,2.0806060208045096e-08,1.1272635504155915e-05,0.07658787071704865,0.010030939949347022,0.0059210367035120726,0.012444353164937682,0.006557266926392913,0.382762648165226,0.2296752594411373
2756,5.114120551644888e-05,4.41511984661247e-06,2.724869673897956e-06,2.0627918040361237e-08,1.1176120324307703e-05,0.07658432610332966,0.010030707471488506,0.005920462659560144,0.012444474777669887,0.006557525717653334,0.3827701136469841,0.22967721987515688
2757,5.088472468481785e-05,4.383978520650089e-06,2.708737497414404e-06,2.0459634875180654e-08,1.1084942229899752e-05,0.07659363374114037,0.01003131712505017,0.005920882569625974,0.012443547889104869,0.00655675504822284,0.38271310180425644,0.2296533677726984
2758,5.0629274374268205e-05,4.385785899785333e-06,2.6973722526690835e-06,2.056022091467824e-08,1.1139440204033235e-05,0.07658492214977741,0.010030746731973003,0.005920701310969889,0.01244381086292781,0.006556719308719039,0.38272929936647415,0.22965711075812578
2759,5.037485486493258e-05,4.416321360167785e-06,2.7104386504106515e-06,2.0745553497292235e-08,1.1239851914979226e-05,0.07659131102263927,0.010031164987134128,0.005921160685829818,0.012444591419534435,0.0065574320033192635,0.38277731090784073,0.22968431096524
2760,5.01214664358133e-05,4.4573951498705355e-06,2.750916053173569e-06,2.0825765723042622e-08,1.1283311380339e-05,0.07660721056163311,0.010032206151859917,0.005921432632021606,0.012444753810084181,0.006557361222803593,0.3827873095870018,0.22969726007431746
2761,4.986910936478186e-05,4.427526022254824e-06,2.735992396196707e-06,2.0660295696472986e-08,1.1193660441222164e-05,0.07659348100423813,0.010031307242502336,0.0059207555605098605,0.012445258215821318,0.006557507906109095,0.3828183263540268,0.22970590367913246
2762,4.961778392857835e-05,4.443134628218104e-06,2.723014915773092e-06,2.090015072120366e-08,1.1323613108515929e-05,0.07659650035202503,0.010031504891609212,0.005920926108956337,0.01244390046863639,0.006557013373821974,0.3827347904443741,0.22966564539819956
2763,4.936749040281238e-05,4.459300996018101e-06,2.7499714576606493e-06,2.0850325521681867e-08,1.1296618566802863e-05,0.07658282853662968,0.010030609455612861,0.00592018524184823,0.012444117829232215,0.006557447835803032,0.38274817913770676,0.22966550383716822
2764,4.9118229061961286e-05,4.448509159260539e-06,2.728338927227014e-06,2.091043788121638e-08,1.1329189419484464e-05,0.0765915010124445,0.01003117768049306,0.005920830648392439,0.012444938853798139,0.006557690212503076,0.3827986493706703,0.2296950751915574
2765,4.8870000179370724e-05,4.4108847419011e-06,2.708255792072123e-06,2.0711495074543507e-08,1.1221400370686752e-05,0.07659465819597244,0.010031384217319333,0.005921391304582357,0.012444070030691132,0.006556977983564138,0.3827452287077904,0.2296699434518814
2766,4.86228040272541e-05,4.386318309457238e-06,2.690254916615231e-06,2.0617678675449724e-08,1.1170571610819024e-05,0.076601043343544,0.010031802173918391,0.005921177682466805,0.012443518068487288,0.006555990199558437,0.3827112764120102,0.2296561598777771
2767,4.8376640876692365e-05,4.3854933124976014e-06,2.7010995466980603e-06,2.0530001698659817e-08,1.1123067992002689e-05,0.0765945240855217,0.010031375241487703,0.005920874420553446,0.01244413858572805,0.006556640146300197,0.38274943828582764,0.22967198118567467
2768,4.813151099763336e-05,4.355384660925665e-06,2.689250621301653e-06,2.0339623263421203e-08,1.1019920009402995e-05,0.07660143822431564,0.01003182819363413,0.005921555683016777,0.012444153056785649,0.006557281012646854,0.38275033980607986,0.22967588901519775
2769,4.788741465889226e-05,4.389620400502281e-06,2.70058086471181e-06,2.0571918390999144e-08,1.11457785010316e-05,0.07659603655338287,0.010031474609842701,0.005921202362515032,0.01244491283675972,0.006558225373737514,0.3827970549464226,0.22969654574990273
2770,4.7644352128150714e-05,4.3691428288639145e-06,2.7008612306644864e-06,2.0380872101100067e-08,1.104226905113137e-05,0.07659342885017395,0.010031303797208142,0.005920866969972849,0.012444394384770924,0.006557267741300166,0.38276516646146774,0.22967929765582085
2771,4.740232367195628e-05,4.3904354072310525e-06,2.7024142070786183e-06,2.0565903091629423e-08,1.1142519582563182e-05,0.07659592106938362,0.0100314669940547,0.005921029835008085,0.012444662895023984,0.006557249114848673,0.3827816918492317,0.22968880645930767
2772,4.7161329555723204e-05,4.459281001345516e-06,2.704351956595019e-06,2.1186947751772323e-08,1.1478996725600155e-05,0.07660032249987125,0.010031755301995366,0.005921315983869135,0.012443448048226866,0.006556579493917525,0.38270696997642517,0.2296536462381482
2773,4.69213700437308e-05,4.452290255585467e-06,2.710478497647273e-06,2.1077198042451784e-08,1.141953697469944e-05,0.07660372741520405,0.010031978236322856,0.005921342759393156,0.012445697562722714,0.006558160064741969,0.38284535706043243,0.22972454223781824
2774,4.668244539912419e-05,4.447388960215903e-06,2.7258587778078436e-06,2.0918420218229983e-08,1.1333509064570535e-05,0.07659284211695194,0.010031265354897925,0.005921271862462163,0.01244464988622311,0.00655750185251236,0.38278089463710785,0.2296868683770299
2775,4.644455588391357e-05,4.380378129553719e-06,2.700624975204846e-06,2.0486298601962716e-08,1.1099390462732117e-05,0.07660522311925888,0.010032075876190484,0.005921689444221556,0.012445768739553262,0.0065587934805080295,0.3828497380018234,0.22972748056054115
2776,4.620770175897387e-05,4.3822602151522005e-06,2.68665732505724e-06,2.0606787165533547e-08,1.1164671661845205e-05,0.07659916207194328,0.010031679055323877,0.005921454983763397,0.01244385793158601,0.0065567983547225595,0.38273217529058456,0.22966566868126392
2777,4.597188328404477e-05,4.404283515668794e-06,2.6959298651263452e-06,2.07415754571727e-08,1.1237697378874145e-05,0.07659286819398403,0.01003126707755177,0.00592115439940244,0.01244426063907011,0.006556973326951265,0.38275694847106934,0.22967490833252668
2778,4.573710071773024e-05,4.383597826063124e-06,2.7106411266686337e-06,2.044206420803718e-08,1.1075424026785186e-05,0.07660160027444363,0.010031838710294508,0.005921463714912534,0.012444651055554083,0.00655764399562031,0.3827809691429138,0.22969128470867872
2779,4.550335431749792e-05,4.333117900046091e-06,2.6554142493750987e-06,2.0383941867763156e-08,1.1043932346410656e-05,0.07659953832626343,0.010031703715428478,0.0059217878151685,0.012445126964137378,0.006557548535056412,0.38281022757291794,0.22970488294959068
2780,4.5270644339679463e-05,4.323849580600836e-06,2.6520128670881604e-06,2.032351703595836e-08,1.1011196193067008e-05,0.07660405524075031,0.010031999813274196,0.005921500152908266,0.012444584842014769,0.0065574225736781955,0.3827769011259079,0.2296904781833291
2781,4.5038971039470035e-05,4.301703029341297e-06,2.6454958685917518e-06,2.0167252867686614e-08,1.0926531473387513e-05,0.0766032412648201,0.01003194632410807,0.005921681062318385,0.012446360353800314,0.006558917812071741,0.3828861340880394,0.22974468767642975
2782,4.480833467092763e-05,4.359896081496117e-06,2.6734796989558163e-06,2.049768998979573e-08,1.1105561355861937e-05,0.07659553177654743,0.01003144142672413,0.0059209095779806376,0.012444224534793009,0.0065570862498134375,0.38275475054979324,0.22967514116317034
2783,4.457873548697356e-05,4.341883823144599e-06,2.669555883016983e-06,2.0360428787391527e-08,1.1031194901534036e-05,0.07659733854234219,0.01003155938042591,0.005921429255977273,0.012444198370089485,0.006556674255989492,0.3827531188726425,0.22967522870749235
2784,4.43501737393911e-05,4.301655707195096e-06,2.645397799483362e-06,2.0167539582782723e-08,1.0926686627499294e-05,0.07660757564008236,0.010032229994753365,0.005921800504438579,0.01244509027772875,0.006557808141224086,0.38280799984931946,0.2297077877447009
2785,4.4122649678826614e-05,4.2957021832989994e-06,2.6447335130797e-06,2.0117498555904945e-08,1.0899576295742008e-05,0.07660008035600185,0.010031739436207786,0.00592105882242322,0.012445459621615595,0.006557305343449116,0.3828307092189789,0.22971539478749037
2786,4.389616355478769e-05,4.288010785558072e-06,2.653259443263778e-06,1.998357457289046e-08,1.0827015813674734e-05,0.07659650035202503,0.010031505163600712,0.005921123316511512,0.012443518507026298,0.006556304404512048,0.3827112913131714,0.2296538958325982
2787,4.3670715615644684e-05,4.282758510498752e-06,2.621101714339602e-06,2.0172517822825142e-08,1.0929385211966292e-05,0.07660333625972271,0.010031952398315865,0.005921447416767478,0.012445889461542547,0.006559015368111432,0.38285717368125916,0.22973025497049093
2788,4.344630610862849e-05,4.308101921424168e-06,2.64460626908658e-06,2.0232873154668596e-08,1.0962084502352809e-05,0.07659383304417133,0.010031330180878251,0.005921505042351782,0.012444303759425745,0.006556888925842941,0.38275961577892303,0.22967672441154718
2789,4.322293527983186e-05,4.321025826925506e-06,2.660835505707837e-06,2.023232292813759e-08,1.0961786671259688e-05,0.07658926956355572,0.010031031161886897,0.005920862196944654,0.012443657961648093,0.006556134321726859,0.38271988183259964,0.22965457569807768
2790,4.3000603374208156e-05,4.303980432496246e-06,2.640622028593498e-06,2.0224251939815474e-08,1.0957413735468435e-05,0.07659319788217545,0.010031288474701208,0.0059210252948105335,0.012444534121913028,0.006556441658176482,0.3827737718820572,0.22968348488211632
2791,4.277931063557162e-05,4.302677908185615e-06,2.6378350526101713e-06,2.0232805431064094e-08,1.0962049088902859e-05,0.07660001330077648,0.010031734993782767,0.005921294097788632,0.012444540699459503,0.00655686785466969,0.3827741965651512,0.22968710493296385
2792,4.25590573065968e-05,4.362579574035408e-06,2.669062197924177e-06,2.0555067981042896e-08,1.1136648879528366e-05,0.07660280726850033,0.010031917856876255,0.005921294912695885,0.012445127402619697,0.006557941669598222,0.3828102573752403,0.22970653232187033
2793,4.2339843628818695e-05,4.40243324817402e-06,2.6713679517342825e-06,2.0905837505580394e-08,1.1326693936553056e-05,0.07659144140779972,0.010031173872487068,0.005921098403632641,0.012443961423537582,0.006556190783157945,0.38273855298757553,0.22966499719768763
2794,4.212166984263195e-05,4.463820360456339e-06,2.710650932158387e-06,2.1182330334212907e-08,1.1476497775220196e-05,0.07660054042935371,0.010031769354529124,0.005921278614550829,0.012443459742661023,0.006556090200319886,0.3827076926827431,0.2296541165560484
2795,4.1904536187290474e-05,4.454988840052465e-06,2.71068822144116e-06,2.1100552416442042e-08,1.1432190945015464e-05,0.07659071870148182,0.01003112636295744,0.0059209298342466354,0.012444282710864034,0.006556888925842941,0.3827582895755768,0.2296745041385293
2796,4.168844290090838e-05,4.420199644528111e-06,2.7086279601462593e-06,2.0794712618510403e-08,1.1266486126260133e-05,0.07659827545285225,0.010031621121972006,0.005921142525039613,0.012444957270320545,0.006557370885275304,0.38279980421066284,0.22969903983175755
2797,4.1473390220458364e-05,4.423627146366016e-06,2.7185147359887196e-06,2.075334387674488e-08,1.1244076318916996e-05,0.07660023681819439,0.010031749590314727,0.00592110282741487,0.012446077557514278,0.00655818753875792,0.382868729531765,0.2297344831749797
2798,4.125937838177186e-05,4.337285560040982e-06,2.681830736150914e-06,2.022736977913553e-08,1.0959104486119031e-05,0.07659711875021458,0.010031545599588416,0.005921224481426179,0.012445479498933818,0.006557979271747172,0.3828319311141968,0.22971452493220568
2799,4.10464076195394e-05,4.338890050803457e-06,2.6933218464364472e-06,2.0157339686299736e-08,1.0921162299837306e-05,0.07660096883773804,0.010031797368876397,0.005921075586229563,0.012445387858386331,0.0065572463208809495,0.3828263059258461,0.22971363738179207
2800,4.083447816730937e-05,4.30295582987128e-06,2.644825173092613e-06,2.0183765658821073e-08,1.0935478258033982e-05,0.07660159096121788,0.010031838166329587,0.005921468953602016,0.012445148888234335,0.006558099412359297,0.382811576128006,0.22970658354461193
2801,4.0623590257488334e-05,4.324107990782977e-06,2.6441557707812535e-06,2.0383906784715577e-08,1.104391617445799e-05,0.07660011388361454,0.010031741430765318,0.005921500269323587,0.012444045035050666,0.006556392530910671,0.3827436715364456,0.22967189271003008
2802,4.041374412134078e-05,4.29669385937359e-06,2.6240256545406737e-06,2.027953666106086e-08,1.0987366096060214e-05,0.0766091775149107,0.010032334703367417,0.005921877454966307,0.012446202222508801,0.006558802095241845,0.3828764036297798,0.22974279057234526
2803,4.0204939988988736e-05,4.253122540376353e-06,2.6102905508196272e-06,1.997883930515698e-08,1.082445024280787e-05,0.07659930363297462,0.010031688665518908,0.005921327276155353,0.01244516087339101,0.006557915010489523,0.38281233608722687,0.22970581986010075
2804,3.999717808941152e-05,4.243075579779543e-06,2.6133133701478073e-06,1.9863805711395344e-08,1.0762123849872296e-05,0.07659799791872501,0.010031602808072864,0.005921447416767478,0.012444249383901845,0.0065570711158216,0.3827562630176544,0.22967713046818972
2805,3.979045865044576e-05,4.213328651303527e-06,2.574919150788446e-06,1.9872736789494638e-08,1.0766966113351373e-05,0.0766106341034174,0.010032430254690113,0.005921724135987461,0.012445785693317349,0.006558242253959179,0.3828507587313652,0.2297306964173913
2806,3.95847818987844e-05,4.197997100163775e-06,2.5946687713940264e-06,1.9585443711278572e-08,1.0611309477326358e-05,0.0766067374497652,0.01003217541892127,0.005921647418290377,0.012444984895053057,0.006557360058650374,0.38280150294303894,0.22970412019640207
2807,3.938014805997717e-05,4.1923180873482124e-06,2.5936349743460596e-06,1.9540666973405507e-08,1.0587050041976909e-05,0.07660135813057423,0.010031822844638844,0.005921138916164637,0.012445386981440033,0.006557208718731999,0.3828262388706207,0.22971379850059748
2808,3.9176557358430316e-05,4.237959856823181e-06,2.5948988451318655e-06,1.995254084175002e-08,1.0810203235678273e-05,0.07660359144210815,0.010031968898384149,0.005921362666413188,0.012444792251461292,0.006556703126989305,0.38278965651988983,0.229696623980999
2809,3.897401001740602e-05,4.249436813097418e-06,2.5831632797235216e-06,2.0145103030166922e-08,1.091453069079762e-05,0.07660458236932755,0.01003203426377257,0.005921729141846299,0.012445611331520279,0.006558079971000552,0.3828400671482086,0.22972232475876808
2810,3.877250625902213e-05,4.247597814810433e-06,2.5876502576238636e-06,2.0095002162268116e-08,1.0887387418279104e-05,0.0765980314463377,0.010031605165309283,0.005921715404838324,0.012444387514808199,0.006556779728271067,0.3827647566795349,0.2296813940629363
2811,3.85720463042525e-05,4.222470650461219e-06,2.5885052536978037e-06,1.9856802646600613e-08,1.0758331711713254e-05,0.07660889625549316,0.010032316481427411,0.005921850795857608,0.012445627116259635,0.006558519438840449,0.382841020822525,0.2297249585390091
2812,3.837263037292571e-05,4.2115667895359366e-06,2.5866369242066867e-06,1.9769967884997186e-08,1.0711285710840457e-05,0.07661812379956245,0.010032920960760278,0.005921673495322466,0.012445138510833257,0.006557241315022111,0.38281094282865524,0.22971453331410885
2813,3.8174258683725906e-05,4.1816767861746484e-06,2.5503891549760738e-06,1.9761739522561328e-08,1.070682665726963e-05,0.07661198638379574,0.010032519096659472,0.005921782227233052,0.012446427142476155,0.006558227119967341,0.3828902170062065,0.22975110169500113
2814,3.797693145419206e-05,4.191709166434521e-06,2.5753703596365085e-06,1.9669892548090928e-08,1.0657064024144347e-05,0.07661079429090023,0.010032440680063997,0.005921668955124915,0.012445140118600187,0.00655729603022337,0.3828110545873642,0.2297109244391322
2815,3.778064890071765e-05,4.1776942225624225e-06,2.559085217512802e-06,1.9660785333108777e-08,1.0652130214339195e-05,0.07661481946706772,0.010032704574398504,0.005921855219639838,0.012445319748706572,0.006557775777764618,0.38282211124897003,0.22971846535801888
2816,3.758541123855054e-05,4.132454009209141e-06,2.5431023260580332e-06,1.936128368740242e-08,1.048986061391588e-05,0.07660262659192085,0.010031905980395791,0.005921123665757477,0.012445190690072175,0.006557713379152119,0.3828141614794731,0.22970839403569698
2817,3.739121868179265e-05,4.1080962205342075e-06,2.529193864120316e-06,1.9239177861951617e-08,1.042370536197268e-05,0.07661158218979836,0.010032492625461091,0.005921752541325986,0.012444921752717214,0.006557345041073859,0.38279761373996735,0.22970459796488285
2818,3.719807144340011e-05,4.091295039643228e-06,2.51667324846494e-06,1.9176564614031832e-08,1.0389781493813643e-05,0.07660928182303905,0.010032341955871644,0.005921859992668033,0.012445288763063663,0.006557448185048997,0.382820188999176,0.22971473541110754
2819,3.700596973518233e-05,4.068565175430194e-06,2.506076555164327e-06,1.9045036714349095e-08,1.0318519400698278e-05,0.07660660333931446,0.010032166443797532,0.005921516800299287,0.012444755271735672,0.006557145505212247,0.38278739154338837,0.2296969974413514
2820,3.681491376780258e-05,4.068046308702833e-06,2.505554036247304e-06,1.9044104904164527e-08,1.0318014972199308e-05,0.0765992496162653,0.010031684767044675,0.00592226255685091,0.0124461009414302,0.006558144115842879,0.3828701674938202,0.22973470855504274
2821,3.662490375077713e-05,4.109787440143009e-06,2.5172342219548227e-06,1.9343078694333826e-08,1.0479999644985583e-05,0.07660922035574913,0.010032337695026046,0.0059215513756498694,0.01244499556490687,0.006557136424817145,0.38280216604471207,0.2297056932002306
2822,3.643593989247533e-05,4.078573141441666e-06,2.4921806627276055e-06,1.9239988269248443e-08,1.042414294261107e-05,0.07661222293972969,0.010032534507941431,0.005921837408095598,0.012445318871755474,0.006558130262419581,0.38282205164432526,0.22971713729202747
2823,3.6248022400119e-05,4.046284601599837e-06,2.486876255147763e-06,1.89811719675248e-08,1.0283917617925908e-05,0.07661190629005432,0.010032513657377836,0.005921927862800658,0.012445203259828123,0.006557503016665578,0.3828149512410164,0.22971342876553535
2824,3.606115147978284e-05,4.0422906693038385e-06,2.495815294878412e-06,1.8878313690073867e-08,1.0228191797523323e-05,0.07660717703402042,0.010032204066737263,0.005921902833506465,0.012445734831955803,0.006557743763551116,0.3828476518392563,0.22972741443663836
2825,3.587532733639366e-05,4.069421777330717e-06,2.5188691381572426e-06,1.8958497494114823e-08,1.027163210665094e-05,0.07660876773297787,0.010032307959712767,0.00592171389143914,0.012445190982392225,0.006557855871506035,0.3828141838312149,0.22971147578209639
2826,3.569055017373053e-05,4.078702730225814e-06,2.514204808790055e-06,1.907858004912555e-08,1.0336694231227739e-05,0.0766152162104845,0.010032730319815601,0.005921530188061297,0.012444951716134118,0.006557185552082956,0.3827994465827942,0.22970733139663935
2827,3.550682019442419e-05,4.103217776219026e-06,2.5191638854948906e-06,1.9268208306666423e-08,1.0439433026476763e-05,0.07659604214131832,0.010031474791170916,0.0059211436891928315,0.012445551553946247,0.0065578727517277,0.38283634185791016,0.22971619199961424
2828,3.532413759995731e-05,4.161301916383309e-06,2.527726053358492e-06,1.97410262026132e-08,1.0695604913735224e-05,0.07662821374833584,0.010033581241195905,0.005922512267716229,0.012445710424274588,0.006557842367328703,0.3828461319208145,0.22973717283457518
2829,3.5142502590663284e-05,4.1859018011791704e-06,2.533156873596454e-06,1.9927952732423648e-08,1.0796881241503797e-05,0.07661373727023602,0.01003263332089265,0.005921880481764674,0.012444452706216618,0.006556923035532236,0.38276876509189606,0.22969125118106604
2830,3.4961915365727525e-05,4.1616387420617684e-06,2.5331620179258607e-06,1.9704002152121092e-08,1.0675544928062664e-05,0.07662269286811352,0.010033220014078493,0.0059223860735073686,0.012446803753749515,0.006559041561558843,0.38291341066360474,0.22976805176585913
2831,3.478237612318584e-05,4.189509468233155e-06,2.5635972775717164e-06,1.9736509315748663e-08,1.069315763402301e-05,0.07660034857690334,0.010031756752580407,0.005921411560848355,0.01244524257677349,0.006557493703439832,0.3828173503279686,0.22970884945243597
2832,3.460388505992531e-05,4.141676797075888e-06,2.549754981373553e-06,1.9397278394617246e-08,1.050936327828822e-05,0.0766160786151886,0.010032786796326616,0.00592177698854357,0.012445879230910901,0.0065586918499320745,0.3828565329313278,0.2297363057732582
2833,3.442644237168321e-05,4.106725981500858e-06,2.517253065548175e-06,1.93146897919938e-08,1.0464617332672788e-05,0.0766222681850195,0.01003319218500066,0.005922099691815674,0.01244616816994375,0.006557749002240598,0.3828742876648903,0.2297482779249549
2834,3.425004825304698e-05,4.081650843090756e-06,2.5132686403139815e-06,1.911270308685431e-08,1.0355179455245889e-05,0.07661503180861473,0.010032718172338301,0.005922039388678968,0.012446348369798674,0.006558663793839514,0.3828853964805603,0.22975021414458752
2835,3.407470289745459e-05,4.046391495649004e-06,2.479285967638134e-06,1.9038191911846525e-08,1.0314813494005648e-05,0.07661918178200722,0.010032989945963218,0.005922103184275329,0.012446798492669348,0.006558682187460363,0.3829130604863167,0.22976612113416195
2836,3.390040649719365e-05,4.056552512565759e-06,2.4956137139042767e-06,1.901142293592173e-08,1.0300307792476815e-05,0.07661284320056438,0.01003257503043456,0.00592185347341001,0.012445809516239928,0.0065578335197642446,0.3828522339463234,0.2297325385734439
2837,3.372715924340142e-05,4.0375691696681315e-06,2.4869718373565775e-06,1.8900034093327633e-08,1.0239958015745287e-05,0.07661905325949192,0.010032981424820595,0.005921904696151614,0.012445948214435744,0.006557972636073828,0.3828607648611069,0.2297399090602994
2838,3.3554961326065035e-05,4.058994349520617e-06,2.500403155636377e-06,1.899859541909521e-08,1.029335871294279e-05,0.07660021632909775,0.01003174813972865,0.005921251140534878,0.012446287865028832,0.006558101740665734,0.38288164138793945,0.2297409288585186
2839,3.33838129340205e-05,4.039016900492243e-06,2.4789790700197045e-06,1.897240381465437e-08,1.0279167895532737e-05,0.07661556825041771,0.010032753436242972,0.005921894568018615,0.012445909922780609,0.006558011984452605,0.38285841047763824,0.22973698936402798
2840,3.3213714254952934e-05,4.0432456387407e-06,2.469499222002014e-06,1.9081418778377213e-08,1.033823102147835e-05,0.07660936564207077,0.010032347304590152,0.005921424017287791,0.012445157073220631,0.006557513726875186,0.38281210511922836,0.22971073538064957
2841,3.304466547539638e-05,4.028988371373998e-06,2.459420016975855e-06,1.9024255282218405e-08,1.0307261590014605e-05,0.07661671377718449,0.010032828496275181,0.005921824951656163,0.012446597546970667,0.006558048888109624,0.3829007148742676,0.22975871432572603
2842,3.2876666780733724e-05,4.0676462447208905e-06,2.4989910798467463e-06,1.9088864711136466e-08,1.0342266904217468e-05,0.07661839760839939,0.010032938818998919,0.005922045442275703,0.012446463678799247,0.00655817543156445,0.3828924894332886,0.22975544352084398
2843,3.2709718355195927e-05,4.082920668224688e-06,2.5172253970140446e-06,1.909520874754378e-08,1.03457012698982e-05,0.07662499137222767,0.010033370307894368,0.005922581534832716,0.012446165539269612,0.006558671593666077,0.38287411630153656,0.22974955383688211
2844,3.254382038186261e-05,4.062739918708758e-06,2.5061441135676432e-06,1.8990776562421985e-08,1.028912294032125e-05,0.07661412842571735,0.010032659157146,0.005922006675973535,0.012445649770248727,0.006557436543516815,0.38284241408109665,0.229728271253407
2845,3.23789730426611e-05,4.057478648178403e-06,2.4943069547589403e-06,1.9029613940180212e-08,1.0310164839211211e-05,0.07661164551973343,0.010032496704931148,0.00592167885042727,0.01244539428932396,0.006557881482876837,0.38282669335603714,0.22971916943788528
2846,3.221517651836676e-05,4.006111424814662e-06,2.467764858238297e-06,1.8751527275373547e-08,1.0159497577433285e-05,0.07661921717226505,0.010032992484174516,0.005921992706134915,0.012446073465324474,0.006558026070706546,0.3828684613108635,0.22974383924156427
2847,3.2052430988602545e-05,4.019833014012875e-06,2.469686478434596e-06,1.8863967277127358e-08,1.022041882947633e-05,0.07662544026970863,0.010033399768119103,0.00592244416475296,0.012445196390311912,0.0065576923079788685,0.3828145042061806,0.2297199722379446
2848,3.18907366318388e-05,4.009340301536213e-06,2.470638690965643e-06,1.8760108133619724e-08,1.0164146146962594e-05,0.0766216591000557,0.010033152208893842,0.005922208423726261,0.01244696406948716,0.006558586028404534,0.38292326778173447,0.22977246344089508
2849,3.173009362539337e-05,3.988654867725927e-06,2.4425190474630654e-06,1.8776814325605073e-08,1.0173197750873442e-05,0.07662040367722511,0.0100330701712597,0.005921851727180183,0.012445674616511932,0.006557316868565977,0.3828439563512802,0.22973218001425266
2850,3.157050214543115e-05,3.9662542263840805e-06,2.432962887155554e-06,1.8640637977629382e-08,1.0099419029074852e-05,0.07662116922438145,0.010033120119114617,0.005922030541114509,0.012445908607416317,0.00655801419634372,0.3828583359718323,0.22973975259810686
2851,3.141196236696334e-05,3.922609110418307e-06,2.3932094137535387e-06,1.8531350620687448e-08,1.0040207513384303e-05,0.07661054842174053,0.010032424634049264,0.005921692703850567,0.012446366491943028,0.006558405584655702,0.38288648426532745,0.229748516343534
2852,3.1254474463848536e-05,3.936449786579033e-06,2.4150245252485547e-06,1.8498022724688923e-08,1.0022150377153594e-05,0.07662256434559822,0.010033211402482851,0.005922258831560612,0.01244665088923606,0.00655891839414835,0.3829040005803108,0.22976328246295452
2853,3.109803860879141e-05,3.90765725910569e-06,2.3953492984674085e-06,1.8377566635141562e-08,9.956888732176594e-06,0.07662328705191612,0.010033258811491407,0.005921975593082607,0.012446412527916886,0.006558162742294371,0.3828893303871155,0.2297563087195158
2854,3.0942654973343156e-05,3.898962717130416e-06,2.3975915723895014e-06,1.8280774449763726e-08,9.904446727659888e-06,0.07662106119096279,0.010033113048471497,0.005922013195231557,0.012446091734018548,0.006557795568369329,0.3828696087002754,0.2297453349456191
2855,3.078832372790108e-05,3.89154820368276e-06,2.3884150905928436e-06,1.828010148807735e-08,9.904080002343107e-06,0.07661555148661137,0.010032752076454602,0.005921782925724983,0.01244629648770724,0.006557994172908366,0.3828821927309036,0.2297488721087575
2856,3.0635045041708015e-05,3.9019518567329214e-06,2.396754751998742e-06,1.8314537941765963e-08,9.922739621970322e-06,0.07662531919777393,0.010033391700558468,0.005922149284742773,0.012446950332394539,0.006558934110216796,0.382922425866127,0.22977387253195047
2857,3.0482819082853006e-05,3.918007521974687e-06,2.402351952923709e-06,1.842138630525625e-08,9.98062944290723e-06,0.0766281932592392,0.010033580244100055,0.005922093638218939,0.012445945291412788,0.006557860877364874,0.38286059349775314,0.22974439337849617
2858,3.033164601827043e-05,3.905811411186733e-06,2.396904250190346e-06,1.8349054720090407e-08,9.94143954358151e-06,0.07661583460867405,0.010032770841517843,0.0059218378737568855,0.012446166416161053,0.006558144581504166,0.38287417590618134,0.2297450052574277
2859,3.018152601374022e-05,3.932677316242916e-06,2.4131639264624027e-06,1.847694669487865e-08,1.0010730704834714e-05,0.07662861607968807,0.01003360761887741,0.005922772455960512,0.012446429188513082,0.006558512221090496,0.38289035111665726,0.22975948359817266
2860,3.0032459233887205e-05,3.949142609371847e-06,2.412631999959558e-06,1.863282461656013e-08,1.0095184734382201e-05,0.0766280647367239,0.010033571632813591,0.005922382231801748,0.012446532659084852,0.006558182183653116,0.38289671391248703,0.22976238932460546
2861,2.9884445842181557e-05,3.93619221483732e-06,2.4017351591965053e-06,1.859376086432718e-08,1.007402008212921e-05,0.07662608288228512,0.010033441828105434,0.005922551499679685,0.012446077265215051,0.0065581813687458634,0.3828687146306038,0.22974739875644445
2862,2.9737486000937916e-05,3.931217733565973e-06,2.4162420970696985e-06,1.844074942747298e-08,9.991119895857992e-06,0.07662554085254669,0.010033406294680263,0.0059220659313723445,0.012446314609927137,0.006558302673511207,0.38288332521915436,0.22975443303585052
2863,2.9591579871315836e-05,3.910381082050662e-06,2.395600915860996e-06,1.84008479564568e-08,9.969501292061977e-06,0.07661155238747597,0.01003249026843319,0.005921627627685666,0.0124460556350532,0.006558080320246518,0.38286738842725754,0.22973947040736675
2864,2.9446727613319336e-05,3.933660664756644e-06,2.403238795523066e-06,1.855929293581582e-08,1.0055347814841298e-05,0.07662519998848438,0.010033383995578772,0.005922317272052169,0.012446061042597188,0.006558347959071398,0.3828677088022232,0.2297464543953538
2865,2.9302929385796592e-05,3.913094261065453e-06,2.4023828615327147e-06,1.837581592445403e-08,9.955939447081619e-06,0.07662221044301987,0.010033188105813384,0.005921984207816422,0.01244609027252401,0.006557681714184582,0.38286951929330826,0.22974586486816406
2866,2.916018534644024e-05,3.92975061913603e-06,2.4082471838937636e-06,1.8486238539949795e-08,1.0015764047466291e-05,0.07662457413971424,0.010033343113763988,0.005922309239394963,0.012445868854118785,0.0065577252535149455,0.3828559070825577,0.22974024061113596
2867,2.9018495651786225e-05,3.911874955520034e-06,2.396785845348859e-06,1.8405884150141105e-08,9.972231339361315e-06,0.07661746814846992,0.010032877901424708,0.005922110634855926,0.012446428896222113,0.0065586918499320745,0.38289034366607666,0.2297539059072733
2868,2.8877860457214948e-05,3.891227450480983e-06,2.386892361982973e-06,1.8288381586906155e-08,9.908567392358236e-06,0.07663222588598728,0.010033844017820849,0.005922574549913406,0.012445969698633408,0.006558047607541084,0.3828621059656143,0.2297471659258008
2869,2.873827991695e-05,3.893952296607495e-06,2.387822625848912e-06,1.8306657689759476e-08,9.918470652792166e-06,0.07663348875939846,0.010033927136831435,0.005922701908275485,0.012447395757205623,0.006559050176292658,0.3829498142004013,0.22979165147989988
2870,2.8599754184058678e-05,3.912185576382399e-06,2.4058775380808584e-06,1.8341629715035168e-08,9.93741770116685e-06,0.07662647031247616,0.010033467118400264,0.005922218901105225,0.012445616300792234,0.006557893939316273,0.3828403577208519,0.22973341401666403
2871,2.8462283410451262e-05,3.928970599531567e-06,2.398865191821642e-06,1.8548302394005844e-08,1.0049391732991353e-05,0.0766234677284956,0.010033270323778992,0.005922451964579523,0.012447309976173196,0.006558588822372258,0.3829445466399193,0.22978400718420744
2872,2.832586774688163e-05,3.933581737669556e-06,2.4254691339820056e-06,1.8394444245561914e-08,9.966031598196423e-06,0.07662919536232948,0.010033645508346678,0.005922450451180339,0.012446825528752111,0.006558451917953789,0.382914736866951,0.22977196611464024
2873,2.8190507342945988e-05,3.913808725997114e-06,2.403728899480484e-06,1.837247326497149e-08,9.954127904165944e-06,0.07661993056535721,0.010033038897067874,0.005921825184486806,0.01244642816549466,0.006558311288245022,0.3828903138637543,0.22975512221455574
2874,2.8056202347083598e-05,3.905243900703681e-06,2.378064152708248e-06,1.848291242279032e-08,1.001396276478772e-05,0.07661743089556694,0.010032875363184422,0.005921990727074444,0.012444990010737534,0.0065573155879974365,0.3828018233180046,0.22970962710678577
2875,2.792295290657659e-05,3.95595955637873e-06,2.3916591729289394e-06,1.8850568772599274e-08,1.0213160351213446e-05,0.07662368938326836,0.010033284918077338,0.005922380252741277,0.012447347971251974,0.006558979162946343,0.3829468935728073,0.22978529147803783
2876,2.7790759167549093e-05,3.926402712295385e-06,2.383151098683811e-06,1.8640617716059182e-08,1.00994086267292e-05,0.07663178630173206,0.010033815012115288,0.005922562908381224,0.012447111376931675,0.0065590268932282925,0.3829323500394821,0.2297820681706071
2877,2.765962127496797e-05,3.930377530991791e-06,2.401355665426763e-06,1.8542900825924136e-08,1.00464648369325e-05,0.07662739790976048,0.010033528032397102,0.005922533804550767,0.012446362399848221,0.0065586831187829375,0.38288626819849014,0.2297568330541253
2878,2.7529539372641772e-05,3.895931428132826e-06,2.3993873341510152e-06,1.8239544263831675e-08,9.882107576686394e-06,0.07662271335721016,0.01003322128315512,0.0059221829287707806,0.012446270911948781,0.006557931308634579,0.38288064301013947,0.2297516781836748
2879,2.740051360322135e-05,3.870132047723018e-06,2.3738404735240692e-06,1.8190062178735644e-08,9.855297946614883e-06,0.07662393152713776,0.010033300962716239,0.005921945092268288,0.01244665512737885,0.0065580857917666435,0.3829042613506317,0.22976409643888474
2880,2.7272544108199237e-05,3.862222015982297e-06,2.3681799348196364e-06,1.8158854309113792e-08,9.838390354843796e-06,0.07663111202418804,0.010033770778252868,0.005922532873228192,0.012447256344460757,0.006558506516739726,0.38294126093387604,0.22978618647903204
2881,2.714563102790985e-05,3.844755369186714e-06,2.35519777902482e-06,1.8093506193306297e-08,9.80298551667147e-06,0.07662628032267094,0.010033454609230143,0.00592209049500525,0.012446957931639139,0.00655831687618047,0.382922887802124,0.22977458406239748
2882,2.7019774501528734e-05,3.822474710091228e-06,2.3371544060069027e-06,1.802110083382047e-08,9.763755571157162e-06,0.07663176953792572,0.01003381437761454,0.005922609008848667,0.012447109184869387,0.006558877765201032,0.3829321935772896,0.22978198155760765
2883,2.689497466707311e-05,3.829494261253785e-06,2.3430132642943136e-06,1.8042625837821902e-08,9.775417936452868e-06,0.07662765122950077,0.010033544529874271,0.005922250100411475,0.012447495712552168,0.006559036555700004,0.38295598328113556,0.22979181725531816
2884,2.6771231661401225e-05,3.8474407659805365e-06,2.341007885320323e-06,1.822304973586597e-08,9.873171848084894e-06,0.07662434130907059,0.010033327703724056,0.005921892239712179,0.012445838015995378,0.00655748147983104,0.38285399228334427,0.22973916679620743
2885,2.6648545620212558e-05,3.841522527636698e-06,2.327988219974486e-06,1.8264556811420363e-08,9.895659616177e-06,0.07663395442068577,0.010033957139271368,0.0059225307777523994,0.01244787974404917,0.006559112924151123,0.3829796016216278,0.2298067780211568
2886,2.652691667804729e-05,3.837923514993236e-06,2.3388649594835442e-06,1.815103867208734e-08,9.834157140176103e-06,0.07663485407829285,0.010034016146829573,0.005922384560108185,0.012446270911948781,0.006558045977726579,0.3828806057572365,0.22975772991776466
2887,2.6406344968286525e-05,3.850515568615265e-06,2.3493649550232476e-06,1.8189730277562433e-08,9.855117838242222e-06,0.07662078365683556,0.010033094827945111,0.005921857198700309,0.012446434742040192,0.006557792075909674,0.3828907012939453,0.22975574247539043
2888,2.6286830623152062e-05,3.829785427456045e-06,2.3480901347738836e-06,1.800782928329525e-08,9.756566271335032e-06,0.07662827335298061,0.010033585229578314,0.005922503536567092,0.012447224925230324,0.006558753666467965,0.38293930888175964,0.22978379111737013
2889,2.6168373773705753e-05,3.834630092569569e-06,2.33953915795837e-06,1.8115670297191855e-08,9.814993575218978e-06,0.07663685083389282,0.01003414675986788,0.005922706564888358,0.0124467287831472,0.006558323511853814,0.38290878385305405,0.22977281734347343
2890,2.605097454985015e-05,3.843175150564093e-06,2.3422177548582113e-06,1.81747538685606e-08,9.847004264429415e-06,0.076634107157588,0.010033967109850881,0.005922692362219095,0.012447216741603798,0.006558490800671279,0.38293879479169846,0.22978645097464323
2891,2.5934633080328083e-05,3.8082404500983102e-06,2.332966012374982e-06,1.7920658623715724e-08,9.709337831509401e-06,0.07663010060787201,0.010033704789669437,0.0059222233248874545,0.01244642465800229,0.006557955057360232,0.38289009034633636,0.2297600954771042
2892,2.5819349492721992e-05,3.813169897171065e-06,2.3339045753800747e-06,1.795922188740917e-08,9.730230743798529e-06,0.07663525454699993,0.010034042160804158,0.005922375479713082,0.012446719283915842,0.0065583811374381185,0.3829082176089287,0.2297717360779643
2893,2.5705123913454596e-05,3.826533870210369e-06,2.3399323083594936e-06,1.8038052496116563e-08,9.772939733920794e-06,0.07663030177354813,0.010033718023678376,0.0059222906129434705,0.012446334778173094,0.006558112450875342,0.38288456201553345,0.2297574318945408
2894,2.559195646778823e-05,3.798408997113256e-06,2.3224540797173177e-06,1.7907537730454948e-08,9.702228084051967e-06,0.07663285173475742,0.010033884988237091,0.005922735785134137,0.01244725254493013,0.006558772292919457,0.38294103741645813,0.22978694457560778
2895,2.5479847279824962e-05,3.7903529488403365e-06,2.308816156926241e-06,1.7933877050069214e-08,9.716499448586546e-06,0.07663223892450333,0.010033844833605105,0.005922602373175323,0.012446273834895265,0.0065579290967434645,0.3828808143734932,0.22975652664899826
2896,2.5368796472505948e-05,3.8020229879975886e-06,2.3177748573743884e-06,1.7975435917527705e-08,9.739015183640731e-06,0.07661768049001694,0.010032891589780893,0.005921827745623887,0.012446939664216405,0.006558110471814871,0.3829217776656151,0.229769729077816
2897,2.525880416761239e-05,3.8109185709345184e-06,2.3249625513699357e-06,1.800446491895258e-08,9.754742535506011e-06,0.07663704268634319,0.010034159449454827,0.005922655807808042,0.012446518629227226,0.006558353314176202,0.3828958496451378,0.2297664461657405
2898,2.5149870485764145e-05,3.794115983168922e-06,2.3087294493961963e-06,1.7969247978477654e-08,9.73566162087991e-06,0.07663172855973244,0.010033811658325174,0.0059226582525298,0.012447302231008291,0.006558424676768482,0.3829440772533417,0.22978790290653706
2899,2.504199554642048e-05,3.7869719164973503e-06,2.3167691978187577e-06,1.7843959698726763e-08,9.667782478572917e-06,0.07663453184068203,0.01003399484613814,0.0059225778095424175,0.012446742666626142,0.006558847846463323,0.3829096481204033,0.22977208998054266
2900,2.4935179467879313e-05,3.7718963596944377e-06,2.313060761593988e-06,1.77322138639191e-08,9.607238439457433e-06,0.07663121446967125,0.010033777576502602,0.005922605283558369,0.012447171147014652,0.006558702327311039,0.3829360157251358,0.22978361509740353
2901,2.482942236727764e-05,3.7518435931360727e-06,2.293699736810595e-06,1.7690095388545046e-08,9.584418847907727e-06,0.07663360238075256,0.010033934116259004,0.00592253333888948,0.01244702690918564,0.006558461464010179,0.3829271122813225,0.22978035733103752
2902,2.4724724360591117e-05,3.778808164156544e-06,2.2960023500218085e-06,1.7921942319087947e-08,9.710031037002409e-06,0.07663371600210667,0.010033941730174451,0.005922365817241371,0.012446776717619453,0.006558316643349826,0.38291173428297043,0.22977272514253855
2903,2.4621085562633944e-05,3.7873877687388813e-06,2.2978806342166536e-06,1.7987250744422312e-08,9.74541612208668e-06,0.07663555257022381,0.010034061648580657,0.005922516342252493,0.012446551511681135,0.006558166700415313,0.38289788365364075,0.22976671811193228
2904,2.451850608705875e-05,3.783197342954736e-06,2.305348139941543e-06,1.7893447279426766e-08,9.694593870790413e-06,0.07663608156144619,0.01003409654520214,0.0059225240256637335,0.012447003527009315,0.006558479042723775,0.38292569667100906,0.22978088911622763
2905,2.4416986046356607e-05,3.7499941356600175e-06,2.300511930286575e-06,1.762273460492736e-08,9.547922559249855e-06,0.07664361596107483,0.01003458961695957,0.005922918324358761,0.012447462394192503,0.006558986147865653,0.382953941822052,0.22979877889156342
2906,2.4316525551856485e-05,3.7558200887133353e-06,2.29930977013737e-06,1.7685374997800096e-08,9.581860808793863e-06,0.07662826962769032,0.0100335849576432,0.005922353593632579,0.012446357430874149,0.006558056804351509,0.38288596272468567,0.229757116176188
2907,2.4217124713725792e-05,3.750567884708289e-06,2.289264244836886e-06,1.7711067834547123e-08,9.595782103133388e-06,0.07663213461637497,0.01003383803540094,0.005922519019804895,0.012447438136032433,0.006558988243341446,0.3829524293541908,0.2297922819852829
2908,2.4118783640969717e-05,3.743390550425829e-06,2.283808640868301e-06,1.7685111541876353e-08,9.581717847595428e-06,0.07664165645837784,0.010034461184976898,0.005922902375459671,0.012446853149338181,0.006558437366038561,0.3829164505004883,0.22977905347943306
2909,2.402150244143125e-05,3.7422821890231717e-06,2.282946610421277e-06,1.7681245578771154e-08,9.5796240486834e-06,0.07663261704146862,0.010033869488386901,0.005922790965996683,0.012447859139920319,0.00655903946608305,0.3829783573746681,0.22980548720806837
2910,2.3925281221791163e-05,3.7341534095958195e-06,2.284317382361678e-06,1.7596107626527413e-08,9.53349731958042e-06,0.07663284800946712,0.010033884716310101,0.005922694923356175,0.012446932503379379,0.006558755179867148,0.38292133063077927,0.2297770893201232
2911,2.3830120087567806e-05,3.755201419153309e-06,2.2975501750011063e-06,1.7692657616752427e-08,9.585806054701607e-06,0.07663274742662907,0.01003387819006013,0.005922689801082015,0.01244770321962693,0.006558978115208447,0.3829687461256981,0.22980074677616358
2912,2.3736019143117214e-05,3.7349187351765067e-06,2.280181718106178e-06,1.763370510721174e-08,9.553866448186454e-06,0.07663581520318985,0.010034078960945705,0.0059226175071671605,0.012446652496807632,0.0065584322437644005,0.3829040974378586,0.22976995632052422
2913,2.364297849163234e-05,3.726436020201618e-06,2.268531794413775e-06,1.764143231497428e-08,9.55805262492504e-06,0.07663246616721153,0.0100338596989955,0.005922493175603449,0.01244798159516386,0.0065591661259531975,0.3829858675599098,0.22980916686356068
2914,2.355099823514372e-05,3.7240231733903784e-06,2.2796941294700446e-06,1.753675415994138e-08,9.50133906485462e-06,0.07662985101342201,0.01003368856438808,0.0059224487049505115,0.0124466636036601,0.006558311521075666,0.3829047828912735,0.22976731695234776
2915,2.3460078474519244e-05,3.7126222736105774e-06,2.2682160789599948e-06,1.7516281314300386e-08,9.490246611676412e-06,0.07664213702082634,0.010034492817283283,0.005922740325331688,0.012447265404875266,0.006558815366588533,0.3829418048262596,0.22979197092354298
2916,2.3370219309463305e-05,3.7221105628759688e-06,2.266857251242982e-06,1.761387685705884e-08,9.543123496769113e-06,0.07663292624056339,0.010033889973563933,0.005922334035858512,0.012447739021554011,0.006559355882927775,0.382970966398716,0.22980194631963968
2917,2.3281420838517432e-05,3.7371176091482994e-06,2.271269536890941e-06,1.7719795575299457e-08,9.600509713436622e-06,0.07663826458156109,0.010034239212205313,0.005922628799453378,0.01244675932678043,0.006558270892128348,0.38291066884994507,0.22977446671575308
2918,2.3193683159060405e-05,3.7152646257254673e-06,2.264860860634599e-06,1.756543804853905e-08,9.516879316606719e-06,0.07664259895682335,0.01003452318057814,0.005923016928136349,0.012447201835698798,0.006558727938681841,0.3829379230737686,0.22979026101529598
2919,2.3107006367306965e-05,3.695240820889012e-06,2.25389995733849e-06,1.746156869097959e-08,9.46060379192204e-06,0.07663513161242008,0.010034034275041983,0.005922519136220217,0.012447111230794202,0.006558463908731937,0.38293232023715973,0.2297837259247899
2920,2.3021390558308993e-05,3.685565502564714e-06,2.2507029484586383e-06,1.7395881901638433e-08,9.425015065289699e-06,0.07663539424538612,0.010034051224890959,0.005922383861616254,0.012447246114952579,0.006558326305821538,0.3829406276345253,0.2297880109399557
2921,2.293683582595487e-05,3.675322332696851e-06,2.248773753876776e-06,1.7315596734235328e-08,9.38151640639262e-06,0.07664350606501102,0.010034582366079842,0.005922951037064195,0.012447744428366702,0.006559222121722996,0.38297128677368164,0.22980739641934633
2922,2.2853342262968932e-05,3.6923427302326672e-06,2.2512699899834843e-06,1.7454237666303385e-08,9.456633165427775e-06,0.07663659751415253,0.010034130082100632,0.00592270097695291,0.012447309830038054,0.006558916415087879,0.3829445317387581,0.2297905646264553
2923,2.2770909960912333e-05,3.6928077804532222e-06,2.2553961827043167e-06,1.742807065330254e-08,9.442454114605425e-06,0.07664104178547859,0.01003442112328816,0.005922816693782806,0.012447056282982401,0.006558367400430143,0.3829289451241493,0.22978499345481396
2924,2.268953901018208e-05,3.688672137514004e-06,2.2545634834614248e-06,1.7396050544515873e-08,9.425106469507227e-06,0.07663852162659168,0.010034256071069133,0.00592270924244076,0.01244777920726787,0.006559154135175049,0.38297343999147415,0.22980598080903292
2925,2.260922950001146e-05,3.6866371715404966e-06,2.2512995201395825e-06,1.7401368734848432e-08,9.42798743608364e-06,0.0766371563076973,0.010034166610000377,0.005922730197198689,0.012447036408182226,0.006558563327416778,0.38292771577835083,0.22978243604302406
2926,2.2529981518469603e-05,3.693263550985648e-06,2.25907898254718e-06,1.740508537295682e-08,9.430001654209264e-06,0.07663914188742638,0.010034296858525731,0.005922639509662986,0.012447749981307021,0.006558800349012017,0.3829716444015503,0.22980539314448833
2927,2.245179515246193e-05,3.6857736063211632e-06,2.2567745645574178e-06,1.735297533445035e-08,9.401769290207085e-06,0.07664729282259941,0.010034830161924507,0.005923058954067528,0.01244788398177357,0.006559119094163179,0.3829798772931099,0.22981358505785465
2928,2.237467048772895e-05,3.704440715068813e-06,2.259878456811748e-06,1.7502330640351005e-08,9.482689392825705e-06,0.07663402892649174,0.010033962215203994,0.005922922515310347,0.012447345486961905,0.0065581066301092505,0.3829467296600342,0.22979037929326296
2929,2.2298607608847563e-05,3.7269013830609765e-06,2.2769232828068198e-06,1.758377271565692e-08,9.526813300908543e-06,0.07664323970675468,0.010034564873310932,0.005923127057030797,0.012447668148251581,0.006558884168043733,0.3829666078090668,0.22980492375791073
2930,2.222360659923009e-05,3.711926822802525e-06,2.26287123439306e-06,1.7549323494403524e-08,9.508148991699272e-06,0.07663890346884727,0.010034281359311755,0.005922758369706571,0.01244752610817091,0.006558957044035196,0.3829578533768654,0.22979837842285633
2931,2.214966754112415e-05,3.71371042717783e-06,2.2577055744932295e-06,1.760392076555206e-08,9.537729397379735e-06,0.07664407603442669,0.010034619526783065,0.005923135206103325,0.012446803461467341,0.006558375782333314,0.38291338831186295,0.22977873217314482
2932,2.207679051561323e-05,3.759119707069658e-06,2.2636426422195655e-06,1.7979151001323856e-08,9.741027838572336e-06,0.07664326392114162,0.010034566686034516,0.005923051270656288,0.012448028355798215,0.00655914715025574,0.3829887807369232,0.22981602232903242
2933,2.200497560261568e-05,3.774282163249154e-06,2.2839173965394366e-06,1.796939436138345e-08,9.735741116401186e-06,0.0766446590423584,0.010034657684337561,0.005923192598856986,0.012447842188980233,0.006558882421813905,0.38297729194164276,0.22981097549200058
2934,2.193422288088539e-05,3.7628334439432365e-06,2.284873616531513e-06,1.7856675527117005e-08,9.674672440951326e-06,0.07663926854729652,0.01003430510663569,0.005922964541241527,0.012448199176747693,0.006559664732776582,0.3829992711544037,0.2298192698508501
2935,2.1864532428011547e-05,3.715104710977357e-06,2.2590289319168733e-06,1.7607017233078892e-08,9.539407471947925e-06,0.07663801871240139,0.010034223169066665,0.005922477343119681,0.012447189414097663,0.006558535387739539,0.38293711841106415,0.22978756856173277
2936,2.179590432041812e-05,3.6876011080266835e-06,2.247933181820372e-06,1.743511468532688e-08,9.446272429158853e-06,0.07664175517857075,0.010034467982758888,0.005922742420807481,0.012447691090787466,0.006559026776812971,0.382968008518219,0.22980488184839487
2937,2.1728338633364384e-05,3.706849540208168e-06,2.2630166895964976e-06,1.7501392779450953e-08,9.482180757913738e-06,0.07663514465093613,0.010034035272092715,0.0059229296166449785,0.012447040792332052,0.0065581954549998045,0.3829279839992523,0.22978156432509422
2938,2.1661835440944382e-05,3.7017544229911437e-06,2.2680000739683237e-06,1.741758437479035e-08,9.436771563287039e-06,0.07663903571665287,0.010034289879350471,0.0059226329904049635,0.01244784701123278,0.006558925495482981,0.38297760486602783,0.22980832029134035
2939,2.1596394816086828e-05,3.694097657103157e-06,2.260779666585222e-06,1.7400226537400698e-08,9.427369406012076e-06,0.07664884999394417,0.01003493221505448,0.0059232406783849,0.012447482998978082,0.006558901630342007,0.3829552084207535,0.22980202920734882
2940,2.1532016830555636e-05,3.701172545333975e-06,2.2595353570409316e-06,1.74747045722512e-08,9.467720985867345e-06,0.0766556691378355,0.010035378843896173,0.005923535441979766,0.012448210720593851,0.006559675792232156,0.3829999789595604,0.22982782404869795
2941,2.1468701554949054e-05,3.679388271393691e-06,2.240437751765967e-06,1.7414662045744933e-08,9.435190179374331e-06,0.07664245739579201,0.010034513754371062,0.0059225751319900155,0.012447514125291615,0.00655852141790092,0.3829571157693863,0.22979978658258915
2942,2.1406449058700003e-05,3.6786729538107465e-06,2.2479267585140406e-06,1.73527702762577e-08,9.401657393937057e-06,0.07664262130856514,0.010034524449489953,0.005922728800214827,0.012447513979158869,0.006558776483871043,0.3829571083188057,0.22979986481368542
2943,2.1345259410075956e-05,3.6435127128697786e-06,2.220575382239076e-06,1.723022224897619e-08,9.335261609066947e-06,0.07664473913609982,0.010034662941186429,0.005922919837757945,0.012447897279451114,0.006559227127581835,0.38298071175813675,0.22981272544711828
2944,2.128513267617905e-05,3.648803584610505e-06,2.226744562960903e-06,1.723350445681504e-08,9.337039386991819e-06,0.0766503494232893,0.010035030641868038,0.005923148593865335,0.012447964498263069,0.006558914086781442,0.38298480212688446,0.22981757577508688
2945,2.122606892294544e-05,3.65316043371422e-06,2.227503927088037e-06,1.7268104501866333e-08,9.355785948628181e-06,0.07664242200553417,0.010034511579091248,0.0059228086611256,0.012447994746610026,0.006559074739925563,0.3829866796731949,0.22981455083936453
2946,2.1168068215145827e-05,3.6495204511766133e-06,2.2241993704597007e-06,1.7258909190687177e-08,9.350804276664348e-06,0.07664555124938488,0.01003471623460223,0.005922909709624946,0.012447053652495965,0.006558386143296957,0.3829287812113762,0.22978716623038054
2947,2.1111130616385053e-05,3.659989118887097e-06,2.2234999974557468e-06,1.7360685500289463e-08,9.405945235130275e-06,0.07664414867758751,0.010034624602380627,0.005923039163462818,0.012447869222796145,0.006559294299222529,0.38297898322343826,0.22981156595051289
2948,2.105525618910229e-05,3.6503704166079842e-06,2.2223450031333414e-06,1.7280442576872446e-08,9.362471558915786e-06,0.07665003277361393,0.010035009705858695,0.005923174670897424,0.012447393272925092,0.006558923400007188,0.38294968008995056,0.22979985643178225
2949,2.1000444994570725e-05,3.63848617723761e-06,2.214565306246641e-06,1.7228206361519227e-08,9.334169476460374e-06,0.07664802670478821,0.010034878469618947,0.005923116463236511,0.012448133566583287,0.006559243076480925,0.38299524039030075,0.22982163354754448
2950,2.0946697092897355e-05,3.6469666611083085e-06,2.216269912480584e-06,1.7293882714763953e-08,9.369753314558693e-06,0.0766425933688879,0.01003452272739531,0.00592292076908052,0.012448285682271102,0.006559317233040929,0.3830045759677887,0.2298235846683383
2951,2.0894012543023403e-05,3.6555813522909375e-06,2.2237327073071356e-06,1.7318290412848825e-08,9.382975690641615e-06,0.0766424760222435,0.01003451502328407,0.0059230736223980784,0.0124481379503467,0.006558990105986595,0.38299551606178284,0.22981899604201317
2952,2.0842391402724113e-05,3.671733807664168e-06,2.2302471265334134e-06,1.7419258535600335e-08,9.4376801200724e-06,0.07665156200528145,0.01003510967264386,0.005923394695855677,0.01244899070909686,0.006560164620168507,0.38304799050092697,0.2298497762531042
2953,2.0791833728608204e-05,3.656816403463381e-06,2.228355164390905e-06,1.729556109442143e-08,9.37066113237961e-06,0.07665109075605869,0.010035079039228937,0.005923140794038773,0.012447930158263183,0.006559152388945222,0.3829827085137367,0.2298168996348977
2954,2.0742339576118407e-05,3.634371267935421e-06,2.2215434611894125e-06,1.713871289332758e-08,9.28568229596749e-06,0.07664713822305202,0.01003482046410416,0.005923158721998334,0.012448214519832019,0.006559442495927215,0.3830001875758171,0.22982366289943457
2955,2.0693908999531265e-05,3.634870907376353e-06,2.223553707381143e-06,1.7128482077133356e-08,9.280139465772663e-06,0.07664630189538002,0.010034765539823295,0.005922942305915058,0.012448487185204903,0.006559339119121432,0.38301700353622437,0.2298316527158022
2956,2.0646542051956575e-05,3.6361809065965645e-06,2.221017204817599e-06,1.7159297149849095e-08,9.296835173699947e-06,0.07664038985967636,0.010034378251665806,0.005922961980104446,0.012447866446352892,0.006559259025380015,0.38297879695892334,0.22980959340929985
2957,2.0600238785338263e-05,3.6618583152403517e-06,2.2388235123571576e-06,1.7264803531258366e-08,9.353996887284666e-06,0.0766415186226368,0.010034452121260414,0.005922898766584694,0.012448586839547577,0.006559463567100465,0.38302312791347504,0.22983232326805592
2958,2.0554999250453405e-05,3.65939916946445e-06,2.2310894678412296e-06,1.729920673376739e-08,9.372637748583657e-06,0.0766485370695591,0.010034911641372015,0.005923164077103138,0.012448033324105294,0.0065591183956712484,0.3829890638589859,0.2298188004642725
2959,2.0510823496912668e-05,3.6440364965528715e-06,2.2211053902765343e-06,1.7231144122664688e-08,9.335760495332579e-06,0.07664663530886173,0.010034787473318044,0.005923102726228535,0.012448225333041992,0.006559449364431202,0.383000873029232,0.22982375416904688
2960,2.0467711573160298e-05,3.655849539541123e-06,2.2342992522794702e-06,1.724275261461017e-08,9.342050475424912e-06,0.07664192281663418,0.010034478859200495,0.005922775017097592,0.012447566586836403,0.006558433175086975,0.38296032696962357,0.22980112489312887
2961,2.042566352647381e-05,3.6275252881523556e-06,2.2087750934929318e-06,1.7169801025396225e-08,9.302525768362102e-06,0.07664724811911583,0.01003482717100895,0.005923068732954562,0.012448199907371185,0.0065596181666478515,0.38299931585788727,0.22982328198850155
2962,2.0384679402963874e-05,3.620786245051022e-06,2.2065489844180775e-06,1.7124046014505012e-08,9.277735131263398e-06,0.07664880156517029,0.010034929133536444,0.005923077231273055,0.012447846718975102,0.006558803026564419,0.38297756761312485,0.22981318458914757
2963,2.0344759247574737e-05,3.602983326800313e-06,2.198614005521904e-06,1.7018331910367834e-08,9.220460469805403e-06,0.07664863392710686,0.010034918257582872,0.005922995042055845,0.01244785314864241,0.006559069384820759,0.3829779848456383,0.22981330938637257
2964,2.0305903104083808e-05,3.614494346493302e-06,2.206442516694551e-06,1.7066765667372863e-08,9.246701182519246e-06,0.07665351405739784,0.010035237643176575,0.005923362681642175,0.012449319318320865,0.006560227717272937,0.38306819647550583,0.22986085526645184
2965,2.0268111015101432e-05,3.610948255072799e-06,2.202965234232579e-06,1.7059714529921166e-08,9.242880167903422e-06,0.07665228098630905,0.010035156800791914,0.005923400982283056,0.012447431413883327,0.006558737251907587,0.3829520270228386,0.22980215400457382
2966,2.0231383022071325e-05,3.6079498073604555e-06,2.204842985520372e-06,1.701817886612389e-08,9.22037679629284e-06,0.0766491200774908,0.010034949979081177,0.005923221702687442,0.012448000445565717,0.006559269619174302,0.38298702985048294,0.22981807496398687
2967,2.0195719165270357e-05,3.597768781560262e-06,2.1995471612967776e-06,1.6963319027230028e-08,9.190654765234285e-06,0.07665039226412773,0.010035033542090996,0.005923166288994253,0.012448181203396289,0.006558908615261316,0.38299816846847534,0.22982428036630154
2968,2.0161119483808233e-05,3.603054679501838e-06,2.197947715387727e-06,1.702390822755362e-08,9.223482152265206e-06,0.0766514502465725,0.010035102694033892,0.005923350225202739,0.012447754219075598,0.006558977533131838,0.3829719200730324,0.22981168515980244
2969,2.0127584015627693e-05,3.605883946988797e-06,2.2064945000010994e-06,1.6986919593175998e-08,9.203441265981382e-06,0.0766537319868803,0.0100352519627239,0.005923350458033383,0.012447811501874805,0.0065586824202910066,0.3829754367470741,0.22981458436697721
2970,2.009511279750454e-05,3.6075106493171916e-06,2.1941297205785304e-06,1.709321684195686e-08,9.261034250584999e-06,0.07664958760142326,0.010034980522257644,0.005923303426243365,0.012447965959537559,0.006558881374076009,0.3829849138855934,0.22981725074350834
2971,2.0063705865047498e-05,3.6095884468068107e-06,2.1961809864023962e-06,1.7097249171982298e-08,9.263217833677118e-06,0.07664746232330799,0.01003484167240939,0.005923233809880912,0.012448721999954601,0.0065594862680882215,0.3830314427614212,0.2298394525423646
2972,2.003336325269803e-05,3.600610128273729e-06,2.183280770395868e-06,1.7109632044487455e-08,9.269927090826968e-06,0.07665720023214817,0.01003547889763216,0.005923412041738629,0.012448542126700707,0.0065595488995313644,0.3830203637480736,0.22983878199011087
2973,2.0004084993730634e-05,3.604363300269142e-06,2.1868956423531927e-06,1.711758157441068e-08,9.2742336619267e-06,0.07665276899933815,0.010035188702797284,0.005923002492636442,0.012448288312497195,0.006559111177921295,0.38300473988056183,0.22982875443995
2974,1.9975871120252434e-05,3.6051963263616926e-06,2.207099150552949e-06,1.697611196060933e-08,9.197584489584187e-06,0.07665212452411652,0.010035146650132573,0.0059235189110040665,0.012448590492550846,0.006559204892255366,0.38302335143089294,0.22983773797750473
2975,1.9948721663203377e-05,3.598527641202054e-06,2.1979169915198327e-06,1.6982358796990837e-08,9.200969998346409e-06,0.07664681039750576,0.010034798711949672,0.0059229666367173195,0.012448025141010228,0.006559190922416747,0.3829885721206665,0.22981769125908613
2976,1.992263665235624e-05,3.5971353469221867e-06,2.191213042124218e-06,1.7019004205920396e-08,9.220824267686112e-06,0.0766540952026844,0.010035275617121248,0.005923186312429607,0.012448509395626023,0.00655934726819396,0.3830183818936348,0.2298362385481596
2977,1.9897616116316317e-05,3.6038651103353914e-06,2.1987094740438806e-06,1.7025764575961944e-08,9.22448734286263e-06,0.0766463465988636,0.010034768258854172,0.005923019256442785,0.012448040776562192,0.006558642955496907,0.3829895332455635,0.22981793992221355
2978,1.9873660082521832e-05,3.5953864312432415e-06,2.1990805620930587e-06,1.6944778191696486e-08,9.18060953836175e-06,0.07664591819047928,0.010034740252800841,0.005923196207731962,0.012447779061138238,0.006559198489412665,0.38297339528799057,0.22980965673923492
2979,1.985076857724352e-05,3.5773697533159066e-06,2.179600642193691e-06,1.6922329038049355e-08,9.168445643581435e-06,0.0766576025635004,0.010035505179698102,0.0059236601227894425,0.01244911271486783,0.00656023679766804,0.3830554932355881,0.22985654789954424
2980,1.982894162558462e-05,3.5892365417566907e-06,2.1838960932996088e-06,1.700013047001292e-08,9.210598136633052e-06,0.07665099576115608,0.010035072785650492,0.005923264077864587,0.012448584355504742,0.00655951933003962,0.3830229863524437,0.2298369910567999
2981,1.9808179251481104e-05,3.5964238236374513e-06,2.1903224904917806e-06,1.701901075623624e-08,9.220828729894492e-06,0.07665009796619415,0.010035014056201896,0.005923029268160462,0.012448043552966562,0.006559222703799605,0.38298968225717545,0.2298198901116848
2982,1.9788481477701547e-05,3.5950214680724457e-06,2.1944611745539078e-06,1.697551499368899e-08,9.197262357929503e-06,0.07666386850178242,0.010035915352262986,0.005923814256675541,0.012448566528829854,0.006559291039593518,0.38302186876535416,0.2298428686335683
2983,1.9769848325846825e-05,3.6402335155116816e-06,2.2126392522636706e-06,1.725855269807397e-08,9.350610326919195e-06,0.07665137946605682,0.010035097890572263,0.005923338700085878,0.012447821438660083,0.006559227127581835,0.3829760253429413,0.22981370240449905
2984,1.9752279816350534e-05,3.656356241776848e-06,2.2305686044887807e-06,1.7274971730874e-08,9.359506776718263e-06,0.0766571406275034,0.010035475000630316,0.00592353125102818,0.012448914144385648,0.006559398025274277,0.3830432668328285,0.22985020373016596
2985,1.9735775968478668e-05,3.6555140923155705e-06,2.225054743121291e-06,1.7307909661035126e-08,9.377351290140723e-06,0.07665617391467094,0.010035411470224036,0.005923414370045066,0.012448514948225112,0.006559630157426,0.38301870226860046,0.2298374380916357
2986,1.972033680032973e-05,3.616495007463527e-06,2.205747534844704e-06,1.7090358683802265e-08,9.259484443191468e-06,0.07665974088013172,0.010035645017257093,0.005923757911659777,0.01244890333177398,0.006559999892488122,0.3830426186323166,0.22985117975622416
2987,1.970596232883484e-05,3.6141990449323202e-06,2.2014558282990038e-06,1.71008582294796e-08,9.265171655670201e-06,0.07665713876485825,0.01003547481937438,0.005923726130276918,0.012449107016421313,0.00656036869622767,0.3830551356077194,0.22985613718628883
2988,1.9692652569757085e-05,3.616955325469462e-06,2.1929780729124104e-06,1.7188881040741677e-08,9.31286371042006e-06,0.07665049657225609,0.010035040067589587,0.00592298386618495,0.012448047498382233,0.00655882409773767,0.38298993557691574,0.22982021607458591
2989,1.9680407537692386e-05,3.590199909808689e-06,2.183420896528787e-06,1.7012528608084665e-08,9.217315579235219e-06,0.0766583550721407,0.010035554571670284,0.005923860240727663,0.012449266425825617,0.006560016539879143,0.38306494802236557,0.22986165154725313
2990,1.966922724606895e-05,3.6015070321582243e-06,2.193949079298818e-06,1.7039145427943936e-08,9.23173851674619e-06,0.0766546968370676,0.010035315131622334,0.00592331460211426,0.01244876189025913,0.00655963912140578,0.3830339014530182,0.2298442991450429
2991,1.9659111707147285e-05,3.605342101309361e-06,2.2057403867847825e-06,1.698748874900957e-08,9.203748447816906e-06,0.07665143720805645,0.010035101606457875,0.005923252087086439,0.012448460298852633,0.006559253437444568,0.38301534950733185,0.22983339335769415
2992,1.96500609320204e-05,3.62060320924229e-06,2.200065587487643e-06,1.7170222410545222e-08,9.302753454676349e-06,0.07665300369262695,0.010035204291240296,0.005923455231823027,0.012448747716795603,0.0065597331849858165,0.38303303718566895,0.22984302043914795
2993,1.9642074930613485e-05,3.633864466223713e-06,2.2048171786082094e-06,1.7257521911506757e-08,9.350053488788035e-06,0.07666672766208649,0.010036102489059496,0.005924179335124791,0.012449930780161983,0.0065607145661488175,0.3831058442592621,0.22988628596067429
2994,1.9635153711684136e-05,3.6374079854795127e-06,2.2143411868569274e-06,1.7219913217569882e-08,9.329675236813273e-06,0.07665656134486198,0.010035436846183486,0.005923457210883498,0.012447913791932032,0.006559256697073579,0.38298170268535614,0.22981913201510906
2995,1.9629297282822455e-05,3.6228349244993296e-06,2.2095900220620024e-06,1.7120501571987745e-08,9.275814193188126e-06,0.07664896920323372,0.010034940281376623,0.0059232659405097365,0.012448943952077287,0.00655962445307523,0.38304510712623596,0.22984703816473484
2996,1.9624505650450622e-05,3.6341748597124024e-06,2.211592722289879e-06,1.7210364300357384e-08,9.324503054131128e-06,0.07665488123893738,0.010035327094697484,0.00592362426687032,0.01244844948584676,0.006559403496794403,0.38301465660333633,0.22983476892113686
2997,1.9620778819823213e-05,3.6383968335940153e-06,2.217309578611548e-06,1.720712072827979e-08,9.32274551246337e-06,0.07665735855698586,0.01003548922921112,0.005923571065068245,0.012448857451128111,0.006559397093951702,0.38303976505994797,0.2298485618084669
2998,1.9618116795027315e-05,3.629551386552521e-06,2.2051569530390225e-06,1.721521436515161e-08,9.327128992708822e-06,0.07665830664336681,0.010035551399716073,0.005923627759329975,0.01244977620076951,0.006560872541740537,0.3830963224172592,0.22987731453031301
2999,1.961651957898209e-05,3.7004508897098276e-06,2.2161258073083445e-06,1.7788531425644294e-08,9.6377507361467e-06,0.07665560953319073,0.01003537476559773,0.005923483520746231,0.012448556008157285,0.006559768575243652,0.383021242916584,0.22983842622488737
3000,1.9615987173439097e-05,3.699759730579899e-06,2.2191619137856833e-06,1.775973906825712e-08,9.622150656696249e-06,0.07665758952498436,0.010035504545304217,0.005923354183323681,0.012448027917418085,0.0065583508694544435,0.38298871368169785,0.2298231516033411
