epoch,learning_rate,train_loss,train_price_mse_std,train_delta_mse_std,train_delta_mse_weighted,val_price_mse_std,val_price_rmse,val_price_mae,val_delta_rmse,val_delta_mae,val_diff_mse_weighted,val_balanced_score
1,0.001961598184938367,0.9060034900903702,0.9391080588102341,0.0015129849198274314,0.7735850363969803,0.8040061593055725,0.03213093035273115,0.025206346064805984,0.016022818392060097,0.010819880990311503,0.6280310600996017,0.7160186097025871
2,0.0019615965877223217,0.6693647503852844,0.6704137176275253,0.0013009434624109417,0.665168821811676,0.4507467672228813,0.024058022744391783,0.018649933394044638,0.016983957599610102,0.012131596449762583,0.7056366354227066,0.578191701322794
3,0.0019615939256975258,0.5022140443325043,0.3999688997864723,0.001782122883014381,0.9111945629119873,0.32145045697689056,0.020316581992199895,0.016597640234977007,0.017875165032620297,0.013289975235238671,0.7816340178251266,0.5515422374010086
4,0.0019615901988668982,0.40001219511032104,0.29457754641771317,0.001607187878107652,0.8217507749795914,0.2696837782859802,0.018608913974407188,0.014546298189088702,0.017863210665057437,0.014472685288637877,0.7805889397859573,0.5251363590359688
5,0.0019615854072345265,0.34700556099414825,0.25120803713798523,0.0014281235344242305,0.7301956564188004,0.2075454369187355,0.016324888087053527,0.013018931495025754,0.017070260919399154,0.013043130980804563,0.7128261923789978,0.46018581464886665
6,0.0019615795508056647,0.28296443074941635,0.18826676160097122,0.001294266723562032,0.6617550551891327,0.16489725559949875,0.014551250974022746,0.01159112248569727,0.015698631147019908,0.010247101308777928,0.6028745025396347,0.3838858790695667
7,0.0019615726295867356,0.24743814766407013,0.1533956080675125,0.0012196590541861951,0.623608335852623,0.14121520519256592,0.013465868109677646,0.01041224505752325,0.01561289906372517,0.010120806749910116,0.596307709813118,0.36876145750284195
8,0.001961564643585329,0.22104449570178986,0.13250191137194633,0.0011250104871578515,0.5752147883176804,0.12616146355867386,0.012727906494526913,0.00954795116558671,0.015203781995850388,0.009229679591953754,0.5654661506414413,0.3458138071000576
9,0.001961555592810202,0.2101113721728325,0.12139745615422726,0.0011049678141716868,0.5649670362472534,0.11712814308702946,0.012263776790743782,0.008997425902634859,0.015090561366309652,0.009615778690204024,0.5570756047964096,0.33710187394171953
10,0.0019615454772712805,0.20181307941675186,0.11194831319153309,0.0010977412457577884,0.5612721145153046,0.114497359842062,0.012125268339138526,0.008814694825559855,0.0149184302094986,0.009841143153607845,0.5444394499063492,0.3294684048742056
11,0.001961534296979657,0.196100864559412,0.11085310019552708,0.0010504493257030845,0.5370918959379196,0.11331234686076641,0.012062358219453164,0.008650633739307523,0.014741661290996888,0.009365469217300415,0.531613752245903,0.3224630495533347
12,0.0019615220519475928,0.19316329807043076,0.10916910506784916,0.001034897126373835,0.529140055179596,0.11032587848603725,0.01190233871505942,0.008423523977398872,0.014658988316936222,0.009863658808171749,0.5256677567958832,0.3179968176409602
13,0.001961508742188515,0.19107278436422348,0.1069813035428524,0.0010315695981262252,0.5274387001991272,0.1089196689426899,0.0118262419966297,0.008374975761398673,0.014928707479642596,0.009122704388573766,0.5451898276805878,0.32705474831163883
14,0.0019614943677170203,0.19412144273519516,0.1052187830209732,0.0010751711379271,0.5497320592403412,0.10816439427435398,0.011785167800947762,0.008347483584657311,0.014496303475954226,0.008998459670692682,0.514064833521843,0.31111461389809847
15,0.0019614789285488715,0.18998665362596512,0.1039742473512888,0.0010444731160532683,0.5340362638235092,0.106381481513381,0.01168763464825847,0.008315852843225002,0.014527286898124327,0.010136481607332826,0.5162646323442459,0.31132305692881346
16,0.001961462424701,0.1861899383366108,0.10294968076050282,0.0010153604089282453,0.519150972366333,0.10370755568146706,0.011539814210586235,0.008208260871469975,0.014788599795915975,0.01092122821137309,0.5350045412778854,0.31935604847967625
17,0.0019614448561915037,0.181840468198061,0.10132136940956116,0.0009855653333943337,0.5039168670773506,0.10298367217183113,0.011499469444965696,0.008164379512891173,0.01412203735686756,0.009218276711180806,0.487863190472126,0.29542343132197857
18,0.001961426223039649,0.17789333313703537,0.09985878318548203,0.0009584082727087662,0.49003151804208755,0.10179391130805016,0.011432850243725295,0.008127418579533696,0.014110006866382242,0.009632395347580314,0.48703233897686005,0.2944131251424551
19,0.0019614065252658696,0.17672882974147797,0.09875193610787392,0.0009556797158438712,0.48863639682531357,0.1007897537201643,0.011376320441196637,0.008093865821138024,0.0139999094710702,0.00905842729844153,0.47946155071258545,0.2901256522163749
20,0.001961385762891766,0.17308387905359268,0.09669443964958191,0.0009361318807350472,0.47864164412021637,0.09919382818043232,0.0112858933931158,0.007956500863656402,0.013840173143007083,0.00936020421795547,0.4685828536748886,0.28388834092766047
21,0.0019613639359401074,0.17082076519727707,0.096162348985672,0.0009181633649859577,0.46945440024137497,0.09758252836763859,0.011193854084709843,0.007918767165392637,0.013973170735141035,0.009999631671234965,0.4776318371295929,0.28760718274861574
22,0.0019613410444348288,0.17615914717316628,0.09471421502530575,0.0009816967649385333,0.5019388645887375,0.10318128392100334,0.011510497074388903,0.008257898734882474,0.014089265723968026,0.00827142084017396,0.4856015294790268,0.29439140670001507
23,0.0019613170884010345,0.17243710905313492,0.09603087417781353,0.000934998199227266,0.4780620187520981,0.095625726506114,0.0110810520129704,0.007904377300292253,0.013498512989858406,0.008697131182998419,0.4457334131002426,0.2706795698031783
24,0.0019612920678649943,0.16744892671704292,0.09368954785168171,0.0009045353071996942,0.4624864310026169,0.10017643868923187,0.011341654394513477,0.007898427546024323,0.014398460246236715,0.010807953076437116,0.5071488469839096,0.30366264283657074
25,0.0019612659828541473,0.17086904495954514,0.09330446831882,0.0009409933118149638,0.4811273217201233,0.09390285611152649,0.01098077562541514,0.007783828652463853,0.014410462110711186,0.008226273814216256,0.5079946592450142,0.30094875767827034
26,0.0019612388333970984,0.16889334097504616,0.09001601673662663,0.0009473992249695584,0.4844026118516922,0.09170690551400185,0.010851621394705852,0.007709940546192229,0.014410054644193872,0.010802358156070113,0.507965937256813,0.29983642138540745
27,0.0019612106195236205,0.1621132493019104,0.08873535133898258,0.0008911153272492811,0.4556248337030411,0.09038755856454372,0.01077327983392799,0.007531085051596165,0.013086956405071218,0.008716611424461007,0.4189677909016609,0.2546776747331023
28,0.001961181341264653,0.15604102984070778,0.0871265958994627,0.0008443205297226086,0.431698776781559,0.09166789054870605,0.010849312886393991,0.007635363028384745,0.013362645352091128,0.007823303923942149,0.4368056282401085,0.2642367593944073
29,0.0019611509986523037,0.1672959104180336,0.08696307614445686,0.0009556617005728185,0.48862723261117935,0.08720660582184792,0.010582013360439537,0.007404730306006968,0.016662438054770138,0.013386111706495285,0.6791729927062988,0.38318979926407337
30,0.0019611195917198466,0.1738261878490448,0.08403721451759338,0.0010424114298075438,0.5329820737242699,0.08857303112745285,0.0106645953905544,0.007490862742997706,0.012969720080703073,0.007857542601414025,0.4114949628710747,0.25003399699926376
31,0.0019610871205017234,0.15673156082630157,0.08435777761042118,0.0008727343665668741,0.44622667878866196,0.08727111481130123,0.010585926501727638,0.0073993775295093656,0.015134217551682953,0.008955319877713919,0.5603034198284149,0.3237872673198581
32,0.0019610535850335432,0.16340649873018265,0.08251093327999115,0.0009524571942165494,0.48698875308036804,0.08575255423784256,0.010493422251306742,0.0072079646633937955,0.013547868472163474,0.007721224217675626,0.44899892061948776,0.26737573742866516
33,0.0019610189853520813,0.15687047317624092,0.08121132105588913,0.0008987082546809688,0.4595070704817772,0.08351803757250309,0.010355802340525548,0.00709237833507359,0.012788866456645209,0.008591953432187438,0.4000989645719528,0.24180850107222795
34,0.0019609833214952804,0.14819348230957985,0.07993717305362225,0.0008238235604949296,0.42121872305870056,0.08193316124379635,0.010257073765373607,0.007018587552011013,0.013071498253980924,0.00932195782661438,0.4179786145687103,0.24995588790625334
35,0.0019609465935022503,0.144908357411623,0.07877897843718529,0.0008007589785847813,0.40942586213350296,0.08241505920886993,0.01028719330252979,0.006970550282858312,0.012836654400820198,0.00899136089719832,0.40309464931488037,0.24275485426187515
36,0.001960908801413268,0.14676876366138458,0.07875174470245838,0.0008191650413209572,0.4188368320465088,0.08080467768013477,0.010186192203846598,0.006901960703544319,0.012859636154646605,0.007532088318839669,0.4045392647385597,0.24267197120934725
37,0.0019608699452697774,0.14456158503890038,0.07646751403808594,0.0008154509414453059,0.41693782806396484,0.07970004342496395,0.010116327668906981,0.006933413096703589,0.013096856018763385,0.007688966579735279,0.4196018874645233,0.24965096544474363
38,0.001960830025114388,0.14032205939292908,0.07620661705732346,0.0007760334701742977,0.39678380638360977,0.07994493842124939,0.010131858109685468,0.00700337637681514,0.01230445164547158,0.007946779252961278,0.3703632205724716,0.2251540794968605
39,0.0019607890409908783,0.13796167820692062,0.07572013325989246,0.000756757115595974,0.38692786544561386,0.07931051403284073,0.010091575864872877,0.006858521490357816,0.01222346034739367,0.007862625177949667,0.36550363153219223,0.22240707278251648
40,0.001960746992944192,0.13551192730665207,0.07398487441241741,0.0007463762449333444,0.3816201314330101,0.07550389692187309,0.00984641848328785,0.0067534149857237935,0.01236145085430977,0.007499426370486617,0.3738025054335594,0.22465320117771626
41,0.0019607038810204396,0.13371353596448898,0.07250628620386124,0.0007403570343740284,0.3785425201058388,0.07458779588341713,0.009786502307499648,0.006683602812699974,0.012103102955051234,0.008049126015976071,0.358341246843338,0.21646452136337757
42,0.001960659705266899,0.12986496835947037,0.07152699679136276,0.0007103828975232318,0.3632168397307396,0.07782883383333683,0.00999686626437629,0.006872081547044218,0.012296190839508198,0.00759256083983928,0.3698660731315613,0.22384745348244905
43,0.0019606144657320144,0.13785573840141296,0.07349590957164764,0.0007731217629043385,0.39529503881931305,0.08388419076800346,0.010378477990636003,0.007273558992892504,0.012933341783977552,0.008070050040259957,0.4091898277401924,0.24653700925409794
44,0.0019605681624653964,0.1377052329480648,0.07437610067427158,0.0007647639722563326,0.3910217359662056,0.07628907449543476,0.009897483657811778,0.0068002709886059165,0.012896907136504297,0.009377660462632775,0.40688762068748474,0.24158834759145975
45,0.001960520795517822,0.15180403366684914,0.07323155924677849,0.0009115909197134897,0.466093935072422,0.07329574972391129,0.009701368690270605,0.006578987464308739,0.012132895325696478,0.007533270516432822,0.36010757088661194,0.2167016603052616
46,0.0019604723649412348,0.13420730084180832,0.07206795178353786,0.0007486148533644155,0.38276471197605133,0.07188841328024864,0.009607780150682222,0.006563401315361261,0.01200572411614339,0.007793155964463949,0.3525981828570366,0.21224329806864262
47,0.0019604228707887452,0.12817393615841866,0.07003635540604591,0.0007055078895064071,0.3607242628931999,0.07374349609017372,0.009730955325161479,0.00669551023747772,0.012113614113043361,0.007289263070560992,0.3589639291167259,0.21635371260344982
48,0.00196037231311463,0.12647003680467606,0.06935935653746128,0.0006941417086636648,0.35491275042295456,0.07173045165836811,0.009597218456222849,0.006540332920849323,0.011999304428619127,0.007359630079008639,0.35222117602825165,0.21197581384330988
49,0.0019603206919743305,0.1265545692294836,0.06919890642166138,0.0006962235638638958,0.35597720742225647,0.07015146128833294,0.00949100014475272,0.006529618403874338,0.01229585577093385,0.008463186211884022,0.3698459342122078,0.21999869775027037
50,0.0019602680074244563,0.12747922539710999,0.06744321901351213,0.0007190009637270123,0.3676232248544693,0.07021538726985455,0.009495323260718495,0.0065180351957678795,0.01279077137369155,0.007751538651064038,0.4002181738615036,0.23521678056567907
51,0.001960214259522783,0.12616033852100372,0.06686606630682945,0.0007106187840690836,0.3633374348282814,0.06922726146876812,0.009428273849225094,0.006425684434361756,0.011877838226885722,0.007715146755799651,0.34512636065483093,0.20717681106179953
52,0.0019601594483282516,0.12331892177462578,0.06646145693957806,0.0006859977438580245,0.350748747587204,0.06878170743584633,0.009397884343501547,0.006431555491872132,0.012111940606025818,0.00817663362249732,0.3588647395372391,0.2138232234865427
53,0.0019601035739009688,0.12351549044251442,0.06602044776082039,0.0006913701654411852,0.35349565744400024,0.06755532138049603,0.00931372487142129,0.006348353927023709,0.0118898978136198,0.007387724821455777,0.34582754224538803,0.20669143181294203
54,0.0019600466363022084,0.12379864230751991,0.06567526515573263,0.0006968395318835974,0.35629214346408844,0.06701933406293392,0.009276703272062262,0.0063909279415383935,0.012438303770312586,0.008616665378212929,0.378464937210083,0.22274213563650846
55,0.001959988635594409,0.12573744542896748,0.06501517817378044,0.0007209632021840662,0.36862652003765106,0.06971445493400097,0.0094613919826645,0.006535382359288633,0.013632247136726894,0.008480975404381752,0.454609215259552,0.2621618350967765
56,0.0019599295718411756,0.13099037110805511,0.0652132285758853,0.0007707823679083958,0.3940989226102829,0.0665554590523243,0.009244543209201575,0.006342278909869492,0.011894094094503989,0.007769720396026969,0.34607169032096863,0.20631357468664646
57,0.001959869445107279,0.12024758011102676,0.06436864007264376,0.00067233553272672,0.3437633216381073,0.06594484858214855,0.009202038417674323,0.00621005124412477,0.011748224837613279,0.007469669682905078,0.337635301053524,0.20179007481783628
58,0.001959808255458655,0.12099679745733738,0.06414212472736835,0.0006814343214500695,0.3484155014157295,0.06675031781196594,0.009258066323654694,0.006269913516007364,0.012214683131209767,0.008307688171043992,0.3649789020419121,0.215864609926939
59,0.001959746002962406,0.13053142093122005,0.06373005732893944,0.0007778974686516449,0.3977368324995041,0.06703398376703262,0.009277717349880895,0.006366888759657741,0.012513278705943851,0.007437986903823912,0.38304127007722855,0.22503762692213058
60,0.0019596826876868,0.12685251608490944,0.06421917490661144,0.0007380947790807113,0.37738585472106934,0.06582624278962612,0.009193759433146131,0.006204837118275464,0.01203353356984211,0.007212520809844136,0.3542335480451584,0.21002989541739225
61,0.0019596183097012687,0.12055078521370888,0.06322556640952826,0.0006842431321274489,0.3498516380786896,0.06541487202048302,0.009164987119778738,0.006154231494292617,0.01247606830005006,0.008626500377431512,0.3807665854692459,0.22309072874486446
62,0.0019595528690764114,0.1259225346148014,0.06385446898639202,0.000731853666366078,0.37419478595256805,0.06568826362490654,0.00918411916111978,0.006136727752164006,0.012127326689807035,0.0071551871951669455,0.3597770780324936,0.21273267082870007
63,0.0019594863658839914,0.1268913894891739,0.06383442413061857,0.0007414849242195487,0.37911921739578247,0.06572899781167507,0.009186966102471895,0.006131208385340869,0.012017316774913137,0.007080451468937099,0.3532794192433357,0.2095042085275054
64,0.001959418800196938,0.12540357746183872,0.06391211971640587,0.0007263277802849188,0.371369406580925,0.0648694047704339,0.00912669559500916,0.006086049135774374,0.012113625975736954,0.008175506955012679,0.35896462947130203,0.21191701712086797
65,0.0019593501720893444,0.12583799101412296,0.06358148902654648,0.0007331625238293782,0.37486399710178375,0.06726597808301449,0.009293757759911234,0.006192772532813251,0.012636828136256242,0.007435619831085205,0.3906424939632416,0.22895423602312803
66,0.0019592804816364706,0.12645433470606804,0.06335161998867989,0.0007409881363855675,0.37886518239974976,0.06516977772116661,0.009147801429692681,0.006086091627366841,0.01245201332390549,0.00735533342231065,0.37929970026016235,0.22223473899066448
67,0.0019592097289147406,0.1244499459862709,0.06267121713608503,0.0007267100299941376,0.3715648502111435,0.0646494459360838,0.009111209369797275,0.00598794617690146,0.011958075060174407,0.007876516901887953,0.34980490058660507,0.20722717326134443
68,0.001959137914001743,0.11756009608507156,0.06244621146470308,0.0006610941927647218,0.3380156382918358,0.06352108158171177,0.009031347538478476,0.005995397572405636,0.011811263146396606,0.007580720935948193,0.3412683457136154,0.2023947136476636
69,0.001959065036976232,0.11808005347847939,0.06191698834300041,0.0006703190883854404,0.342732310295105,0.06370077561587095,0.009044112845747836,0.005959630711004138,0.011656025194879509,0.007031720248050988,0.3323565870523453,0.19802868133410811
70,0.001958991097918126,0.11673626489937305,0.06210583075881004,0.0006557007582159713,0.33525798469781876,0.06513902451843023,0.009145642718646759,0.006261546164751053,0.011690863756344004,0.007303281337954104,0.33434631675481796,0.1997426706366241
71,0.001958916096908509,0.11709556728601456,0.06144123710691929,0.0006644136301474646,0.33971287310123444,0.06281714234501123,0.00898116548190965,0.005898253293707967,0.011666617345853144,0.007243759115226567,0.33296091854572296,0.1978890304453671
72,0.0019588400340296275,0.11841350235044956,0.06199453305453062,0.0006729732267558575,0.3440893739461899,0.06346574798226357,0.009027413175139306,0.006120588979683816,0.011648804444919017,0.007181235589087009,0.33194492012262344,0.1977053340524435
73,0.0019587629093648948,0.11808779276907444,0.062057578936219215,0.0006692948518320918,0.3422086238861084,0.0668021347373724,0.009261658782832222,0.0061893806559965014,0.011748413884743633,0.007379945134744048,0.33764617145061493,0.20222415309399366
74,0.0019586847229988874,0.11669286340475082,0.06269952282309532,0.0006506316858576611,0.33266621083021164,0.06467985734343529,0.009113351686884433,0.0062280468409881,0.011670734620871745,0.007144341943785548,0.3331959545612335,0.1989379059523344
75,0.0019586054750173458,0.11594980210065842,0.061027226969599724,0.0006564479990629479,0.3356400728225708,0.062260279431939125,0.008941268546573428,0.005929218605160713,0.011789073179269308,0.007442307425662875,0.33998727053403854,0.20112377498298883
76,0.0019585251655071753,0.11808733828365803,0.06139730289578438,0.0006744559505023062,0.3448474779725075,0.0641326755285263,0.009074721519961785,0.0060867308638989925,0.012025928270052865,0.007058334769681096,0.353785939514637,0.20895930752158165
77,0.001958443794556445,0.1219554990530014,0.06281291972845793,0.0007012081623543054,0.358525812625885,0.06159147899597883,0.008893115628547738,0.005830231122672558,0.012074244207616384,0.007991445250809193,0.3566344082355499,0.20911294361576438
78,0.001958361362254389,0.12241338565945625,0.06349397357553244,0.0007003577775321901,0.3580910265445709,0.06469188071787357,0.00911419883313317,0.006082057952880859,0.011780157138949978,0.007164930459111929,0.3394732102751732,0.20208254549652338
79,0.001958277868691403,0.12066598050296307,0.06148155406117439,0.0006990134716033936,0.3574036732316017,0.06377353519201279,0.009049276239699346,0.005944643751718104,0.012676052180522533,0.007414004998281598,0.39307133853435516,0.22842243686318398
80,0.001958193313959049,0.12239126488566399,0.06057083047926426,0.0007230099145090207,0.3696729764342308,0.06212407723069191,0.008931483035296086,0.005708245444111526,0.011616843975696168,0.006927957874722779,0.33012593537569046,0.19612500630319118
81,0.001958107698150051,0.11848800629377365,0.06012059189379215,0.0006883621535962448,0.35195767134428024,0.06188979186117649,0.008914625735794943,0.005925886216573417,0.012567870545810572,0.008613849058747292,0.3863907605409622,0.22414027620106936
82,0.001958021021358298,0.12138018570840359,0.060150520876049995,0.0007164107373682782,0.3662988394498825,0.062057447619736195,0.008926692472587717,0.005834589363075793,0.011943542851356981,0.007895461982116103,0.3489551991224289,0.20550632337108254
83,0.0019579332836788406,0.12129496410489082,0.06073006708174944,0.0007110434089554474,0.36355455219745636,0.06377038080245256,0.009049053016030012,0.0059144466649740934,0.01224196382918789,0.007108453311957419,0.3666110187768936,0.2151906997896731
84,0.001957844485207895,0.11985794454813004,0.06075236853212118,0.000696816248819232,0.35628022998571396,0.0629570223391056,0.008991159318136883,0.0058266345877200365,0.012352083552182817,0.0072184051387012005,0.3732362240552902,0.21809662319719791
85,0.001957754626042839,0.11873027868568897,0.060743218287825584,0.0006858603155706078,0.3506785035133362,0.06168062146753073,0.008899548611639703,0.005771969095803797,0.01171154369372822,0.006864600814878941,0.33553019911050797,0.19860541028901935
86,0.0019576637062822142,0.114416329190135,0.05958954431116581,0.0006526994693558663,0.33372344821691513,0.062246077693998814,0.008940248961362965,0.006139874109067023,0.01161412711577345,0.007089315447956324,0.3299715518951416,0.1961088147945702
87,0.001957571726025726,0.11286756210029125,0.05932858493179083,0.0006395955133484676,0.3270234540104866,0.06095223780721426,0.008846845522582247,0.005748647963628173,0.011580538024974928,0.006970198708586395,0.3280656933784485,0.19450896559283137
88,0.001957478685374241,0.11332254111766815,0.05878837965428829,0.0006482709577539936,0.3314591720700264,0.06058002356439829,0.008819791682387711,0.00572186429053545,0.011628991680651148,0.007028306368738413,0.33081671595573425,0.19569836976006627
89,0.0019573845844297905,0.11166511103510857,0.0584137262776494,0.0006349938921630383,0.3246706426143646,0.06067386921495199,0.008826620721924125,0.0058572564739733934,0.011797708812375275,0.006940882536582649,0.3404855579137802,0.2005797135643661
90,0.001957289423295567,0.11395805329084396,0.05850863270461559,0.0006566742376890033,0.33575573563575745,0.061745342798531055,0.008904216499996356,0.005828738445416093,0.01159620801694253,0.006869552191346884,0.3289541080594063,0.19534972542896867
91,0.001957193202075927,0.11254453659057617,0.05880007240921259,0.0006405713356798515,0.3275223672389984,0.06044069118797779,0.008809643294705575,0.005712551181204617,0.0115525434732989,0.006985905463807285,0.32648149877786636,0.19346109498292208
92,0.001957095920876389,0.11121010035276413,0.0583773972466588,0.0006308285228442401,0.32254090160131454,0.05995392892509699,0.008774097064545882,0.005829850328154862,0.011752093272584418,0.007644099765457213,0.337857685983181,0.198905807454139
93,0.001956997579803633,0.11280679516494274,0.057839373126626015,0.0006506517383968458,0.3326764702796936,0.059907189570367336,0.008770676242041014,0.0057153282687067986,0.01157368588886592,0.0070607500383630395,0.32767757773399353,0.19379238365218043
94,0.001956898178965502,0.11400915868580341,0.058133434504270554,0.0006601092172786593,0.3375120460987091,0.06097172852605581,0.00884825979256077,0.005872184061445296,0.013318332767701245,0.007723372662439942,0.4339133948087692,0.24744256166741252
95,0.0019567977184710024,0.1261276639997959,0.05937250517308712,0.0007689230842515826,0.3931482806801796,0.06000517960637808,0.008777846565911993,0.005613162647932768,0.01251181814124362,0.008693770039826632,0.3829518333077431,0.22147850645706058
96,0.0019566961984303004,0.12039477005600929,0.05915966536849737,0.0007145259733079001,0.3653351813554764,0.059665088541805744,0.008752936135758588,0.005607242230325937,0.012697643028291164,0.008572077378630638,0.39441151171922684,0.2270383001305163
97,0.001956593618954725,0.11569842882454395,0.058840591460466385,0.0006710964516969398,0.3431297764182091,0.06135269720107317,0.008875859927516924,0.005677007720805705,0.0119618105461609,0.007754371501505375,0.3500234857201576,0.2056880914606154
98,0.001956489980156768,0.11447291821241379,0.05953131802380085,0.0006537084409501404,0.33423931896686554,0.061160177923738956,0.008861923230088976,0.005843596416525543,0.011552141644757707,0.006798757240176201,0.32645879685878754,0.19380948739126325
99,0.0019563852821500812,0.11224165558815002,0.05941911321133375,0.0006327666342258453,0.3235318213701248,0.06089532095938921,0.008842713876757467,0.005683005903847516,0.011554263840543286,0.0067542585311457515,0.3265787288546562,0.19373702490702271
100,0.0019562795250494796,0.11277015507221222,0.058509270660579205,0.0006450527143897489,0.3298136815428734,0.060860401019454,0.008840178200545602,0.005931836785748601,0.011786401266846559,0.007516067707911134,0.33983319252729416,0.20034679677337408
101,0.0019561727089709383,0.11449063196778297,0.05836565140634775,0.0006630009011132643,0.33899054676294327,0.05928584188222885,0.008725073913241652,0.005625298363156617,0.012068357465085293,0.007840460748411715,0.35628675669431686,0.20778629928827286
102,0.0019560648340315946,0.11818627081811428,0.0594960767775774,0.0006902971072122455,0.35294702649116516,0.06316772662103176,0.009006192647616524,0.006021679029799998,0.011536691822467771,0.0069121093256399035,0.325586162507534,0.1943769445642829
103,0.0019559559003497463,0.11524232104420662,0.059820725582540035,0.0006589683471247554,0.33692868798971176,0.06175147369503975,0.008904658559706033,0.005951474537141621,0.011731618003950343,0.006696674739941955,0.33668142557144165,0.1992164496332407
104,0.001955845908044853,0.11324824765324593,0.05881746485829353,0.0006473169487435371,0.3309713676571846,0.05928877927362919,0.008725290102658647,0.005619384464807808,0.011672659632878857,0.006775524117983878,0.33330586552619934,0.19629732239991426
105,0.001955734857237534,0.11045385897159576,0.057293979451060295,0.0006319090898614377,0.32309337705373764,0.059450993314385414,0.008737218084273335,0.005595797556452453,0.011614772680082333,0.007111637038178742,0.33000822365283966,0.19472960848361254
106,0.0019556227480495712,0.11018727719783783,0.057586533948779106,0.0006270133890211582,0.3205902427434921,0.059233264066278934,0.008721204217298056,0.005710589583031833,0.011513216901835991,0.006916640675626695,0.32426249980926514,0.19174788193777204
107,0.001955509580603905,0.10980170220136642,0.057853893376886845,0.0006211512809386477,0.31759293377399445,0.060995541512966156,0.008849987489738115,0.005956648732535541,0.011611114164411171,0.0067149962997063994,0.3298003673553467,0.19539795443415642
108,0.0019553953550246377,0.11059258319437504,0.058382902294397354,0.0006247467244975269,0.31943129748106003,0.06041979417204857,0.008808120188114476,0.005789968301542103,0.01156687010910607,0.006842374103143811,0.32729173451662064,0.1938557643443346
109,0.001955280071437032,0.11129337176680565,0.05811566952615976,0.0006336903898045421,0.324004165828228,0.05819443240761757,0.008644389554363528,0.005533064249902964,0.011964288819600724,0.007699372130446136,0.35016852617263794,0.20418147929012775
110,0.00195516372996751,0.1137285903096199,0.05849969107657671,0.0006545002106577158,0.3346441686153412,0.05996109452098608,0.008774621552206945,0.00567234237678349,0.011676349961913848,0.0070574283599853516,0.3335166573524475,0.1967388759367168
111,0.0019550463307436545,0.11447727680206299,0.0586017407476902,0.0006610233394894749,0.33797942847013474,0.059799037873744965,0.008762755798132205,0.0056619110982865095,0.013018733947483143,0.00759979838039726,0.4146110266447067,0.23720503225922585
112,0.0019549278738942083,0.11942972987890244,0.05797659698873758,0.0007143442053347826,0.36524224281311035,0.05949796084314585,0.008740668337653554,0.00563652825076133,0.011800754584724188,0.006843297393061221,0.3406613916158676,0.20007967622950673
113,0.0019548083595490734,0.11355330422520638,0.0574821000918746,0.0006607469258597121,0.3378380984067917,0.058979881927371025,0.008702530478385373,0.005604043719358742,0.011521931411934305,0.007275174604728818,0.3247535526752472,0.1918667173013091
114,0.001954687787839313,0.11432861164212227,0.05734389089047909,0.000669409942929633,0.3422674685716629,0.058305030688643456,0.008652599882537752,0.005473024793900549,0.012503579846431535,0.00831651408225298,0.382447712123394,0.22037637140601873
115,0.001954566158897148,0.11431718617677689,0.05762443318963051,0.000667103537125513,0.341088205575943,0.05917476210743189,0.008716895955526379,0.005601714365184307,0.012302284240190368,0.008265815675258636,0.3702327609062195,0.21470376150682569
116,0.0019544434728559594,0.11466387286782265,0.057305870577692986,0.0006729859451297671,0.3440958634018898,0.05890869628638029,0.008697277304403842,0.005573407514020801,0.012902659892789874,0.008964436128735542,0.40725068002939224,0.23307968815788627
117,0.0019543197298502878,0.11702282726764679,0.057810960337519646,0.0006921028543729335,0.35387028753757477,0.05874126683920622,0.008684908894980664,0.005660964990966022,0.012577783472780777,0.008591725025326014,0.38700053840875626,0.22287090262398124
118,0.001954194930015832,0.11359096318483353,0.05750752706080675,0.0006609162664972246,0.33792468905448914,0.058837657794356346,0.008692031523763575,0.005471508018672466,0.012124699913581989,0.008021199842914939,0.35962124913930893,0.20922945346683264
119,0.0019540690734894508,0.1129087507724762,0.057146189734339714,0.0006570717669092119,0.33595898747444153,0.059267484582960606,0.008723722972896919,0.005626155762001872,0.011934806832848272,0.007980436086654663,0.3484449088573456,0.2038561967201531
120,0.001953942160409162,0.11165708862245083,0.057598480954766273,0.0006412933580577374,0.3278915286064148,0.05826888419687748,0.008649917526350227,0.00546348444186151,0.011991173351554982,0.007784537971019745,0.35174399614334106,0.20500644017010927
121,0.00195381419091414,0.11378115974366665,0.05702570267021656,0.0006665456166956574,0.34080296754837036,0.05830800626426935,0.008652820825778064,0.00550912891048938,0.011697660470852815,0.007510624942369759,0.3347351923584938,0.19652159931138158
122,0.0019536851651447197,0.11321810819208622,0.05726561322808266,0.0006591626879526302,0.3370280787348747,0.05827398598194122,0.008650296144844003,0.00552185729611665,0.012118731561649537,0.008112696232274175,0.3592672720551491,0.20877062901854515
123,0.0019535550832423935,0.11242173239588737,0.05677855294197798,0.0006551852566190064,0.3349944204092026,0.05910488776862621,0.008711748013294591,0.005616572103463113,0.011786932765657645,0.0073823489947244525,0.3398638293147087,0.19948435854166746
124,0.0019534239453498125,0.11184190213680267,0.05733868293464184,0.0006451330700656399,0.3298547714948654,0.0586806358769536,0.008680425772197577,0.0055094254203140736,0.011673843750281852,0.007366322446614504,0.3333735093474388,0.1960270726121962
125,0.001953291751610785,0.1088703814893961,0.05725906416773796,0.0006166973034851253,0.3153156340122223,0.05827411450445652,0.008650305502325333,0.005471456795930862,0.011450968107028269,0.006903480738401413,0.32076556980609894,0.18951984215527773
126,0.0019531585021702784,0.10957314446568489,0.05784102529287338,0.0006190168351167813,0.3165016174316406,0.059709083288908005,0.00875616259274429,0.005789429880678654,0.011809040496215664,0.007653136970475316,0.34113994240760803,0.20042451284825802
127,0.0019530241971744162,0.12070616334676743,0.057767413556575775,0.0007284630119102076,0.37246114015579224,0.05892685055732727,0.00869861750491901,0.005511456402018666,0.01186657070701622,0.006924471468664706,0.34447190165519714,0.2016993761062622
128,0.0019528888367704802,0.11645562201738358,0.057742309756577015,0.0006870931974845007,0.3513088747859001,0.05898302234709263,0.008702762381262217,0.005516085424460471,0.01145287558107888,0.006830611149780452,0.3208724483847618,0.18992773536592722
129,0.0019527524211069105,0.1152363047003746,0.05765934754163027,0.0006758184463251382,0.34554412215948105,0.05860171653330326,0.008674586668422362,0.005647802259773016,0.011586832269969859,0.007093282649293542,0.3284223899245262,0.19351205322891474
130,0.0019526149503333032,0.11127831786870956,0.05729457922279835,0.0006399667618097737,0.32721325010061264,0.05848066322505474,0.008665622326728852,0.0055041484301909804,0.011772483177106698,0.007607257459312677,0.33903105556964874,0.19875585939735174
131,0.001952476424600412,0.10953791067004204,0.05730699934065342,0.0006228501151781529,0.3184615522623062,0.058706462383270264,0.008682335826345198,0.005599088384769857,0.011592866873105527,0.007247971836477518,0.3287646025419235,0.1937355324625969
132,0.001952336844060147,0.10971380211412907,0.057116986252367496,0.000626056658802554,0.3201010599732399,0.05854172632098198,0.008670145413181961,0.00563765550032258,0.011488105852812952,0.007210962940007448,0.3228495568037033,0.19069564156234264
133,0.0019521962088655759,0.10838252305984497,0.05648460052907467,0.0006179853371577337,0.3159742131829262,0.05828671623021364,0.008651240883958976,0.005487051093950868,0.01163045113006811,0.007343677803874016,0.33089976757764816,0.1945932419039309
134,0.001952054519170922,0.10794187895953655,0.05635455157607794,0.0006146936502773315,0.31429119408130646,0.058061666786670685,0.008634523442593052,0.005499999620951712,0.011735218956727777,0.0070375443901866674,0.3368881270289421,0.1974748969078064
135,0.0019519117751315652,0.1094817016273737,0.05631543509662151,0.000630057678790763,0.3221467584371567,0.05902948137372732,0.008706189204248945,0.005704871495254338,0.011423235166609797,0.0070793695049360394,0.31921374052762985,0.1891216109506786
136,0.0019517679769040426,0.10857599042356014,0.05667243618518114,0.0006184077501529828,0.3161901980638504,0.059144229628145695,0.008714646994563056,0.005681766429916024,0.0117067115946072,0.007395152817480266,0.33525339514017105,0.19719881238415837
137,0.001951623124646046,0.11018678545951843,0.05725887045264244,0.0006295719795161858,0.3218984305858612,0.0579310143366456,0.00862480295717074,0.00547311850823462,0.011501209454685905,0.0071511262794956565,0.32358648627996445,0.19075875030830503
138,0.0019514772185164238,0.11135364510118961,0.057287631556391716,0.0006407577748177573,0.32761769741773605,0.05863984860479832,0.00867740824133317,0.005539327627047896,0.011611620789642238,0.007297815405763686,0.3298291265964508,0.19423448760062456
139,0.0019513302586751805,0.1081636305898428,0.056802480481565,0.0006133579445304349,0.31360822916030884,0.057596657425165176,0.0085998771120943,0.005431392346508801,0.011422972105834867,0.007113577798008919,0.3191990330815315,0.18839784525334835
140,0.0019511822452834748,0.10779341496527195,0.056584037840366364,0.0006114465504651889,0.31263092905282974,0.059012340381741524,0.008704924873335736,0.005613843561150134,0.011365166141878717,0.006852335762232542,0.3159765899181366,0.18749446514993906
141,0.0019510331785036214,0.10887845419347286,0.05688358657062054,0.000619713740888983,0.3168579339981079,0.05795625224709511,0.008626681363435496,0.005484577966853976,0.011437011753907655,0.007142317481338978,0.31998416781425476,0.18897021003067493
142,0.0019508830584990912,0.10834249295294285,0.05696993134915829,0.0006137970340205356,0.31383273750543594,0.059585316106677055,0.008747082634136242,0.005673955311067402,0.011378742236458224,0.006710694986395538,0.31673192977905273,0.1881586229428649
143,0.0019507318854345085,0.10957356728613377,0.05742648337036371,0.0006222640076885,0.31816188246011734,0.058431816287338734,0.008662002535031289,0.00559307006187737,0.011467413979729139,0.007133012870326638,0.32168760895729065,0.1900597126223147
144,0.0019505796594756536,0.10784956440329552,0.05687678325921297,0.0006097053847042844,0.3117406889796257,0.05812587030231953,0.00863929599669073,0.005524991312995553,0.011434844890672232,0.00696251739282161,0.31986290216445923,0.18899438623338938
145,0.0019504263807894604,0.1076699011027813,0.05706449504941702,0.0006064799235900864,0.3100915253162384,0.058672575280070305,0.008679829475164609,0.0056547257117927074,0.011350203986643211,0.007093426655046642,0.31514518707990646,0.18690888117998838
146,0.0019502720495440185,0.107245784252882,0.0571161275729537,0.0006019284919602796,0.3077644035220146,0.058370575308799744,0.008657461957641222,0.005655569490045309,0.011362209802759241,0.006775532383471727,0.31581221520900726,0.1870913952589035
147,0.0019501166659085703,0.10736138001084328,0.057205392979085445,0.0006023605383234099,0.3079852983355522,0.05973023176193237,0.00875771311721159,0.005543354200199246,0.011630506495135983,0.006656513782218099,0.33090290427207947,0.19531656801700592
148,0.001949960230053513,0.10927341505885124,0.05687584448605776,0.0006236366025405005,0.318863682448864,0.058363981544971466,0.008656973130968484,0.005448504816740751,0.01134923933768125,0.006771359941922128,0.315091609954834,0.18672779574990273
149,0.001949802742150398,0.1082671657204628,0.056942532770335674,0.0006132747366791591,0.3135656788945198,0.05829064827412367,0.00865153271662701,0.005511178285814822,0.011418013901305982,0.007167508127167821,0.3189219981431961,0.1886063232086599
150,0.0019496442023719304,0.10668037459254265,0.05714229680597782,0.000596194586250931,0.30483266711235046,0.05783073231577873,0.008617334737095613,0.0054249734384939075,0.01167164402289385,0.007247108966112137,0.3332478851079941,0.1955393087118864
151,0.001949484610891968,0.10825656726956367,0.05637533217668533,0.0006176084571052343,0.31578151136636734,0.05809532105922699,0.008637025250279763,0.0055225169053301215,0.011597448561928932,0.0070258850464597344,0.3290244936943054,0.1935599073767662
152,0.0019493239678855228,0.10851695016026497,0.05682506691664457,0.0006166363455122337,0.31528446823358536,0.05761100072413683,0.008600947726375558,0.005392667488195002,0.011494577311628538,0.0072985084261745214,0.3232133984565735,0.19041219959035516
153,0.001949162273528759,0.10863316990435123,0.05626905057579279,0.0006221227231435478,0.31808963418006897,0.05761978588998318,0.00860160373431051,0.0054594591492787,0.011942758485850073,0.007916353992186487,0.3489093706011772,0.2032645782455802
154,0.0019489995279989949,0.10977077856659889,0.05666961055248976,0.0006301137764239684,0.32217544317245483,0.05758223310112953,0.00859880022985861,0.005465209484100342,0.011676028574939618,0.007307711406610906,0.3334983065724373,0.1955402698367834
155,0.0019488357314747004,0.10816929489374161,0.05639845132827759,0.0006165741215227172,0.3152526542544365,0.058759626001119614,0.0086862659766314,0.005436734762042761,0.011455442203998637,0.006971879280172288,0.32101626694202423,0.18988794647157192
156,0.0019486708841354988,0.10690768249332905,0.05628456547856331,0.0006051277450751513,0.30940014868974686,0.05831046402454376,0.008653003294153026,0.005418450804427266,0.011548330979295238,0.007381655159406364,0.32624344527721405,0.1922769546508789
157,0.0019485049861621656,0.10626895911991596,0.05613856669515371,0.0006000238208798692,0.3067905232310295,0.05755010154098272,0.008596400821004407,0.005433968035504222,0.011336657255415598,0.006935809622518718,0.31439337879419327,0.185971740167588
158,0.0019483380377366278,0.10605078190565109,0.05557843949645758,0.0006022722227498889,0.30794014036655426,0.05780410021543503,0.008615350310368584,0.005535861593671143,0.011309250372609233,0.00676461320836097,0.31287505477666855,0.1853395774960518
159,0.0019481700390419653,0.10498450882732868,0.05589311197400093,0.0005893833003938198,0.30135007947683334,0.05791435856372118,0.008623562763419504,0.0054392823949456215,0.0113145700583477,0.006952875992283225,0.313169501721859,0.18554193014279008
160,0.0019480009902624088,0.10530020482838154,0.05617478862404823,0.0005902669799979776,0.3018018752336502,0.05820861738175154,0.008645442874109897,0.005508530070073903,0.011342872104439383,0.0068835841957479715,0.3147381693124771,0.18647339334711432
161,0.0019478308915833412,0.10573390685021877,0.05636016093194485,0.0005930579063715413,0.30322887748479843,0.05865453649312258,0.00867849496674868,0.005478933220729232,0.011357111196018184,0.0066943231504410505,0.31552888453006744,0.187091710511595
162,0.0019476597431912967,0.1066225990653038,0.05622691661119461,0.0006027908530086279,0.30820532888174057,0.05812775902450085,0.008639436220745079,0.005439532804302871,0.01170624311439017,0.006840692134574056,0.33522656559944153,0.1966771623119712
163,0.0019474875452739604,0.10855447873473167,0.05615179426968098,0.0006222705269465223,0.31816521286964417,0.05826269555836916,0.008649458030938549,0.005405952455475926,0.011385914268720002,0.006555437110364437,0.31713133305311203,0.1876970143057406
164,0.0019473142980201681,0.10516716726124287,0.05591127183288336,0.0005910274776397273,0.30219073593616486,0.05775131285190582,0.00861141567735664,0.005535872187465429,0.011258557782718493,0.006680483929812908,0.3100765123963356,0.1839139126241207
165,0.001947140001619907,0.10511024668812752,0.05570222157984972,0.0005921062984270975,0.3027423396706581,0.05788165330886841,0.008621127520590086,0.005491096409969032,0.011317531127099396,0.006904246867634356,0.3133334293961525,0.18560754135251045
166,0.0019469646562643146,0.10488239862024784,0.05569836962968111,0.0005899083043914288,0.3016185015439987,0.057819850742816925,0.008616523921777081,0.005388311459682882,0.01129719085146906,0.006706405547447503,0.3122081831097603,0.1850140169262886
167,0.0019467882621456785,0.10461428388953209,0.05600287485867739,0.000584904191782698,0.2990599125623703,0.0578518882393837,0.00861891086958768,0.005377542693167925,0.011353896589278099,0.007062182645313442,0.3153502643108368,0.18660107627511024
168,0.0019466108194574362,0.10442614927887917,0.05585679970681667,0.000584207198699005,0.29870354384183884,0.057346366345882416,0.008581171143868294,0.005390711594372988,0.011385482594774144,0.00707211357075721,0.31710729748010635,0.18722683191299438
169,0.0019464323283941757,0.10441016219556332,0.05552095826715231,0.0005866782448720187,0.2999669760465622,0.05841960944235325,0.008661097823266259,0.005528292735107243,0.011455035381326823,0.0071898039896041155,0.32099346816539764,0.18970653880387545
170,0.001946252789151634,0.10644148662686348,0.05604012403637171,0.0006024810863891616,0.30804692953824997,0.05776734184473753,0.00861261052261946,0.0053599560633301735,0.011477091418080548,0.0072192462394014,0.3222307711839676,0.18999905651435256
171,0.0019460722019266983,0.10576562583446503,0.05606746766716242,0.0005956578388577327,0.3045582249760628,0.05838831886649132,0.00865877785996749,0.005403547897003591,0.01159247224800852,0.007439789827913046,0.32874221354722977,0.19356526620686054
172,0.0019458905669174043,0.1085237767547369,0.056820809841156006,0.0006167364190332592,0.3153356462717056,0.05794504005461931,0.0086258466487144,0.005339978728443384,0.011364407001644403,0.007002522819675505,0.3159343898296356,0.18693971494212747
173,0.001945707884322937,0.1090305708348751,0.05666728690266609,0.0006228933780221269,0.3184836879372597,0.05863640084862709,0.00867715302086803,0.005434677237644792,0.011244510794438403,0.006676745368167758,0.30930323898792267,0.18396981991827488
174,0.0019455241543436307,0.10611273534595966,0.05553249642252922,0.0006032375094946474,0.3084336891770363,0.05908812303096056,0.008710512576509495,0.005558410543017089,0.011249422743438525,0.006603176472708583,0.30957354605197906,0.1843308345414698
175,0.0019453393771809676,0.10577818751335144,0.05619744211435318,0.0005947639147052541,0.3041011542081833,0.057964940555393696,0.008627328351477928,0.005360318697057664,0.011304223139633226,0.0068863381166011095,0.31259699165821075,0.18528096610680223
176,0.0019451535530375784,0.10613146610558033,0.056731509976089,0.0005940404953435063,0.3037312775850296,0.06026680860668421,0.008796961946469579,0.0055745483841747046,0.011256127420546273,0.006881166715174913,0.30994264781475067,0.18510472821071744
177,0.001944966682117242,0.10714544169604778,0.05725168064236641,0.0005998867709422484,0.30672046542167664,0.058111097663640976,0.008638198127904702,0.005378814064897597,0.011274519434707427,0.006877110688947141,0.31095635145902634,0.18453372456133366
178,0.001944778764624886,0.10597084648907185,0.05610845144838095,0.0005973441293463111,0.3054204285144806,0.057709298096597195,0.008608282566372607,0.005304235382936895,0.011473155151449858,0.00705884606577456,0.32200978696346283,0.18985954253003
179,0.0019445898007665844,0.1055009476840496,0.05553647130727768,0.0005972237122477964,0.305358849465847,0.05771985184401274,0.008609069648549196,0.0053407237865030766,0.011227050842936258,0.006721685989759862,0.30834343284368515,0.18303164234384894
180,0.0019443997907495588,0.10506141185760498,0.055354139767587185,0.0005943519063293934,0.30389049649238586,0.058323007076978683,0.008653933654866053,0.005530477152206004,0.011320405617281837,0.006616166210733354,0.3134925961494446,0.18590780161321163
181,0.0019442087347821791,0.10590921528637409,0.05568365752696991,0.0006000646972097456,0.3068114444613457,0.058135311119258404,0.008639997515267103,0.005414081388153136,0.0113349853826803,0.006750358268618584,0.31430064141750336,0.18621797626838088
182,0.0019440166330739615,0.10451030358672142,0.055777499452233315,0.000585650559514761,0.29944152757525444,0.05845219362527132,0.00866351248758206,0.005383408744819462,0.011477707922601,0.006834466359578073,0.3222654014825821,0.1903587975539267
183,0.001943823485835569,0.10511129535734653,0.055917009711265564,0.0005904362769797444,0.30188843607902527,0.058214351534843445,0.008645868920853585,0.00538732681889087,0.011454214228790987,0.006621919572353363,0.32094745337963104,0.18958090245723724
184,0.001943629293278811,0.10601285845041275,0.055625260807573795,0.0006015350809320807,0.30756324529647827,0.05905546061694622,0.008708104678278915,0.005423140130005777,0.011923790702645893,0.006884100963361561,0.34780193865299225,0.20342869963496923
185,0.0019434340556166438,0.10903133451938629,0.05610876716673374,0.0006272702594287694,0.3207215741276741,0.05856835562735796,0.008672116881739385,0.005403223563916981,0.012216989657341219,0.007132712402381003,0.36511676013469696,0.21184255788102746
186,0.0019432377730631695,0.10885993763804436,0.05668972712010145,0.0006210492283571512,0.3175407648086548,0.059801348485052586,0.00876292507952777,0.005527185159735382,0.01168886004349008,0.006890110904350877,0.3342317193746567,0.19701653392985463
187,0.0019430404458336357,0.10659562796354294,0.05689653754234314,0.0005972885119263083,0.30539198219776154,0.058994502760469913,0.008703609260234465,0.0054845818085595965,0.011357707947810457,0.006541276816278696,0.31556202471256256,0.18727826373651624
188,0.0019428420741444358,0.10464339517056942,0.05627544783055782,0.0005830564768984914,0.29811517149209976,0.058583568781614304,0.008673243278943163,0.0054269577376544476,0.011417789751709177,0.006660104263573885,0.3189094662666321,0.1887465175241232
189,0.001942642658213109,0.10473081842064857,0.0563019122928381,0.0005837043427163735,0.2984464354813099,0.05879591312259436,0.008688947578985388,0.005477270227856934,0.011662957781279869,0.006870671641081572,0.3327520489692688,0.19577398104593158
190,0.0019424421982583394,0.10709335096180439,0.056435112841427326,0.0006057655700715259,0.309726282954216,0.05839446559548378,0.008659233604845476,0.005321252043358982,0.011868845572593415,0.006814010092057288,0.3446039780974388,0.2014992218464613
191,0.0019422406944999556,0.11011055111885071,0.05608352366834879,0.0006380215199897066,0.3262186571955681,0.05929009988903999,0.008725387042171726,0.005594041896983981,0.011764349793866731,0.006622819462791085,0.3385627716779709,0.19892643578350544
192,0.0019420381471589312,0.10824368894100189,0.0561122614890337,0.0006195405294420198,0.3167693689465523,0.058596907183527946,0.008674230814195305,0.005390616832301021,0.01165915806060432,0.006948349764570594,0.3325352668762207,0.19556608702987432
193,0.0019418345564573844,0.10613671690225601,0.05637935549020767,0.0005968468758510426,0.3051661550998688,0.059812694787979126,0.00876375649328121,0.005569057306274772,0.01137814291091523,0.006742865196429193,0.3166985809803009,0.18825563788414001
194,0.0019416299226185773,0.105539221316576,0.05697188712656498,0.0005863683763891459,0.2998085469007492,0.058303672820329666,0.008652499079251861,0.005581988021731377,0.011418629931583898,0.006664892425760627,0.3189563974738121,0.18863003514707088
195,0.0019414242458669158,0.10615922696888447,0.056273821741342545,0.0005978926201350987,0.3057008534669876,0.05984948389232159,0.00876645111828893,0.005498087033629417,0.011815776314328284,0.006933874450623989,0.3415292277932167,0.20068935584276915
196,0.00194121752642795,0.10748110339045525,0.05650105234235525,0.000609041569987312,0.3114013001322746,0.059073640033602715,0.008709444987935123,0.005500479252077639,0.011206154995564908,0.006549727404490113,0.3071967139840126,0.18313517700880766
197,0.0019410097645283727,0.10379977338016033,0.056087493896484375,0.000576277103391476,0.2946488931775093,0.05857029836624861,0.008672260979813148,0.005398893146775663,0.011221547509482179,0.006666709785349667,0.3080412298440933,0.18330576410517097
198,0.0019408009603960206,0.10363981314003468,0.055842299945652485,0.0005766310059698299,0.2948298677802086,0.05799524299800396,0.008629582678819903,0.005339628318324685,0.011337970639461101,0.006759294890798628,0.3144662082195282,0.18623072560876608
199,0.0019405911142598732,0.10417124815285206,0.05558671522885561,0.000583827422815375,0.2985093742609024,0.05790577456355095,0.008622924036242437,0.005370906786993146,0.01119959191413968,0.00670768553391099,0.3068369999527931,0.18237138725817204
200,0.0019403802263500522,0.10411706194281578,0.055912657640874386,0.0005807476118206978,0.29693467542529106,0.0590500682592392,0.008707707266162696,0.005734483129344881,0.01161296933269016,0.006797865964472294,0.32990577071905136,0.19447791948914528
201,0.001940168296897822,0.10660858638584614,0.05705203302204609,0.0005961987626506016,0.3048347905278206,0.059090381488204,0.008710678905553226,0.005565879167988896,0.011219776774297065,0.006917981314472854,0.30794401466846466,0.18351719807833433
202,0.0019399553261355894,0.10532168485224247,0.0567161850631237,0.0005862414982402697,0.2997436746954918,0.05838305037468672,0.008658387007329519,0.005491631221957505,0.011460589120985791,0.007107405923306942,0.3213047981262207,0.1898439242504537
203,0.0019397413142969032,0.10485424101352692,0.05609471816569567,0.000586532216402702,0.299892321228981,0.058511802926659584,0.008667928811290623,0.005554020986892283,0.01128559666839955,0.006792187690734863,0.31156767904758453,0.18503974098712206
204,0.0019395262616164531,0.10325467400252819,0.05584151577204466,0.0005728708201786503,0.292907290160656,0.05877998564392328,0.008687770665279556,0.0057262181071564555,0.011202060522917626,0.0066484794951975346,0.30697228014469147,0.18287613289430737
205,0.001939310168330071,0.10324753634631634,0.05620743427425623,0.000569938390981406,0.291407935321331,0.058935027569532394,0.008699220773479763,0.005639536422677338,0.011251241355788885,0.006834757048636675,0.30967361479997635,0.18430432118475437
206,0.0019390930346747295,0.10337481461465359,0.05601198785007,0.0005727121024392545,0.2928261235356331,0.05860045924782753,0.008674493355084308,0.0057041196851059794,0.01116121180377532,0.006653221673332155,0.3047375977039337,0.18166902847588062
207,0.0019388748608885425,0.10329024493694305,0.05609828233718872,0.0005712099809898064,0.2920580878853798,0.0584487235173583,0.008663255807916478,0.005391544662415981,0.011140258753856566,0.0065844893688336015,0.3035944998264313,0.1810216116718948
208,0.0019386556472107644,0.1031003687530756,0.05601569823920727,0.0005699992616428062,0.2914390489459038,0.05819076392799616,0.008644117155847873,0.005345379235222936,0.011205548306032724,0.006706153741106391,0.3071634769439697,0.18267712043598294
209,0.0019384353938817897,0.10234075784683228,0.05573047511279583,0.0005648023361572996,0.28878188133239746,0.05831480212509632,0.008653324916828097,0.005388248944655061,0.011198037163276492,0.006835087784565985,0.3067518174648285,0.1825333097949624
210,0.001938214101143153,0.10385843738913536,0.05659797415137291,0.0005728570831706747,0.2929002717137337,0.058993454091250896,0.008703532037148477,0.005430199787952006,0.011767466186450063,0.007580265984870493,0.3387421518564224,0.19886780297383666
211,0.0019379917692375294,0.10685519129037857,0.05744713358581066,0.0005955193628324196,0.3044874146580696,0.05859007779508829,0.00867372500215753,0.005471493001095951,0.01122928210136275,0.006743965437635779,0.30846601724624634,0.18352804752066731
212,0.0019377683984087327,0.10294841229915619,0.05643149372190237,0.0005652603867929429,0.28901609033346176,0.05813015624880791,0.008639614339910827,0.005370876402594149,0.011224232340187242,0.006764096789993346,0.30818864703178406,0.18315940164029598
213,0.0019375439889017165,0.10293528810143471,0.05594652704894543,0.0005689260287908837,0.29089032858610153,0.05818611662834883,0.008643772252712277,0.005477803177200258,0.011290518614593167,0.0068351259687915444,0.3118394985795021,0.18501280760392547
214,0.0019373185409625735,0.10267140902578831,0.05587328877300024,0.0005669185193255544,0.2898638844490051,0.058261800557374954,0.008649391680728404,0.005403401679359376,0.011174442192308965,0.006605057045817375,0.30546049028635025,0.1818611454218626
215,0.0019370920548385346,0.10377775877714157,0.057037703692913055,0.0005686281074304134,0.29073798656463623,0.06011718884110451,0.008786035283780844,0.005518117221072316,0.011346828879412543,0.006713187089189887,0.31495778262615204,0.18753748573362827
216,0.0019368645307779701,0.1038429643958807,0.0565687520429492,0.0005729343974962831,0.29293979704380035,0.05834566242992878,0.00865561429364515,0.005453353398479521,0.011202313670312476,0.006542622926644981,0.30698616057634354,0.18266591150313616
217,0.0019366359690303875,0.10233781114220619,0.0560366977006197,0.0005623778415611014,0.2875422537326813,0.05909914802759886,0.008711325292918827,0.0056615263456478715,0.011276067027749167,0.006555001134984195,0.3110417127609253,0.18507043039426208
218,0.0019364063698464333,0.10242941230535507,0.055892981588840485,0.000564397982088849,0.2885751277208328,0.05944476742297411,0.0087367604736959,0.005552374408580363,0.011143949919292809,0.006592271733097732,0.3037957027554512,0.18162023508921266
219,0.0019361757334778909,0.10457305796444416,0.05683584790676832,0.0005779844796052203,0.2955218777060509,0.05821684002876282,0.008646053639781248,0.005400042748078704,0.011272903535728603,0.006868682918138802,0.31086722761392593,0.18454203382134438
220,0.0019359440601776816,0.10287479870021343,0.056027489714324474,0.0005677010922227055,0.2902640178799629,0.05904809106141329,0.008707561456801512,0.0054396846098825336,0.01133373328232684,0.007087953272275627,0.3142312094569206,0.18663965025916696
221,0.001935711350199863,0.10248378664255142,0.056134652346372604,0.0005630390223814175,0.2878803163766861,0.058263981714844704,0.00864955340190211,0.0054183395113796,0.011361071657664104,0.006980881094932556,0.31574896723032,0.18700647447258234
222,0.0019354776037996309,0.10266204178333282,0.0557003365829587,0.0005681799812009558,0.29050886631011963,0.058352140709757805,0.008656094896538857,0.005383904092013836,0.011419219645492749,0.0071556129259988666,0.3189893439412117,0.18867074232548475
223,0.0019352428212333164,0.1031505074352026,0.05556213948875666,0.0005740378546761349,0.2935039848089218,0.058830865658819675,0.008691529991542832,0.005436231498606503,0.011274380039270724,0.006906795664690435,0.3109486326575279,0.1848897491581738
224,0.0019350070027583871,0.10345976240932941,0.05656710546463728,0.0005691999685950577,0.2910303846001625,0.059117915108799934,0.008712708219128886,0.005451095523312688,0.011120219575957565,0.006554434192366898,0.3025032728910446,0.18081059399992228
225,0.0019347701486334475,0.10356371477246284,0.056375935673713684,0.0005717120802728459,0.292314812541008,0.059506114572286606,0.008741267351526067,0.00548936240375042,0.011136559341599217,0.006545800832100213,0.3033928871154785,0.18144950084388256
226,0.001934532259118237,0.10180947929620743,0.056495241820812225,0.0005536239623324946,0.28306642174720764,0.05816806200891733,0.008642430598035687,0.005402740905992687,0.011103919080435875,0.006642103893682361,0.3016170561313629,0.17989255907014012
227,0.0019342933344736303,0.10383942723274231,0.056690637953579426,0.0005719463224522769,0.29243458062410355,0.060495929792523384,0.008813668265298596,0.0056749810464680195,0.011342999272452728,0.006784281809814274,0.3147452175617218,0.1876205736771226
228,0.001934053374961638,0.10557344742119312,0.05678556766360998,0.000588160750339739,0.30072496831417084,0.05891277827322483,0.008697578572118206,0.005407892633229494,0.011342519618684868,0.007024517864920199,0.3147186040878296,0.1868156911805272
229,0.0019338123808454047,0.10437732562422752,0.056344980373978615,0.0005799106584163383,0.29650671035051346,0.059027841314673424,0.008706068232586487,0.0054639679146930575,0.011829744337567094,0.007645883597433567,0.3423371762037277,0.20068250875920057
230,0.0019335703523892104,0.10437738336622715,0.05623328220099211,0.0005807849956909195,0.2969537824392319,0.05790126044303179,0.008622587567465478,0.005379616864956915,0.011358372089602886,0.007040724507533014,0.31559891998767853,0.18675009021535516
231,0.0019333272898584687,0.10242687724530697,0.05647207144647837,0.0005598427960649133,0.28624609112739563,0.06037441734224558,0.00880481195487479,0.0055312683107331395,0.01123416265866381,0.0068125182297080755,0.3087342157959938,0.1845543165691197
232,0.0019330831935197275,0.10289408266544342,0.05694229528307915,0.0005607329367194325,0.2867012247443199,0.057992029935121536,0.008629343855740138,0.005406246287748218,0.011291876187502332,0.007052713539451361,0.31191448122262955,0.18495325557887554
233,0.0019328380636406688,0.1025934349745512,0.05627871956676245,0.0005629842344205827,0.28785228729248047,0.05893146712332964,0.008698958142465118,0.005491974530741572,0.011261275463475834,0.0067975870333611965,0.3102262243628502,0.18457884574308991
234,0.0019325919004901067,0.10494449734687805,0.05636650789529085,0.000585288624279201,0.29925646632909775,0.05854843556880951,0.008670642098515311,0.005375809618271887,0.011309849167228573,0.0067232135916128755,0.31290823221206665,0.18572833389043808
235,0.0019323447043379902,0.10659502632915974,0.05644821561872959,0.0006007899937685579,0.30718226730823517,0.058892518281936646,0.008696083110786089,0.0055432949448004365,0.011708365032308128,0.006703390157781541,0.33534806966781616,0.1971202939748764
236,0.0019320964754553996,0.10443807207047939,0.056359343230724335,0.0005803922686027363,0.2967529743909836,0.05895175039768219,0.008700454991242708,0.00546343601308763,0.011132951586439042,0.006374207092449069,0.30319634079933167,0.18107404559850693
237,0.0019318472141145486,0.10224553011357784,0.056398456916213036,0.0005586453044088557,0.2856338173151016,0.06065682880580425,0.008825380961022946,0.005578872747719288,0.011206844349798835,0.006624631816521287,0.307234525680542,0.18394567724317312
238,0.0019315969205887826,0.1013997495174408,0.05712017882615328,0.0005447281728265807,0.27851802483201027,0.05903212632983923,0.008706384134323958,0.005453236284665763,0.011244682751314673,0.006517112604342401,0.30931270122528076,0.18417241377756
239,0.0019313455951525795,0.10399335063993931,0.055889167822897434,0.0005797215999336913,0.29641006886959076,0.05914075765758753,0.008714391299213517,0.005452037556096911,0.01125265297061798,0.006424466846510768,0.30975133925676346,0.1844460484571755
240,0.0019310932380815478,0.10366594046354294,0.05650070123374462,0.0005717356834793463,0.292326882481575,0.058744593523442745,0.008685154986481968,0.005460870917886496,0.011143017693010224,0.006472788634710014,0.3037448823451996,0.18124473793432117
241,0.0019308398496524284,0.10613040626049042,0.056219274178147316,0.0005980374844511971,0.3057749345898628,0.05886800307780504,0.008694272840214522,0.005483144661411643,0.011223290412961716,0.006808452890254557,0.3081369176506996,0.18350246036425233
242,0.001930585430143093,0.10535426437854767,0.05651482194662094,0.0005881354009034112,0.3007120192050934,0.06063286028802395,0.008823637107592215,0.005563718848861754,0.011196769423521718,0.006653153570368886,0.3066823408007622,0.18365760054439306
243,0.0019303299798325434,0.10603921115398407,0.056693182326853275,0.0005934381915722042,0.30342331528663635,0.05861349031329155,0.008675457893962395,0.0053946428233757615,0.011563184481947215,0.007140742498449981,0.32708321511745453,0.19284835271537304
244,0.0019300734990009122,0.10376081988215446,0.05640485696494579,0.0005734133301302791,0.29318466782569885,0.058957397006452084,0.008700871863461815,0.00543525256216526,0.011244781912457105,0.0069217931013554335,0.3093181699514389,0.1841377834789455
245,0.0019298159879294625,0.10263309441506863,0.05625934433192015,0.0005635236448142678,0.2881280928850174,0.05870192963629961,0.008682000298224931,0.005411114078015089,0.011325468550125,0.006649549352005124,0.31377308815717697,0.1862375088967383
246,0.0019295574469005863,0.10190536268055439,0.05619972664862871,0.0005568735068663955,0.28472788631916046,0.05874807666987181,0.008685412275544386,0.005465352674946189,0.011089408688512842,0.006543298135511577,0.30082929134368896,0.17978868400678039
247,0.0019292978761978055,0.10236222855746746,0.05669031757861376,0.0005575032264459878,0.2850498780608177,0.05917531345039606,0.008716936751194707,0.005405168398283422,0.011427570815730011,0.006792838801629841,0.3194561004638672,0.18931570695713162
248,0.0019290372761057717,0.10216967947781086,0.056799374520778656,0.0005547671171370894,0.2836508974432945,0.058715663850307465,0.008683015956430956,0.005425004521384835,0.011061600605075902,0.006343955406919122,0.2993224486708641,0.17901905626058578
249,0.0019287756469102645,0.10154801607131958,0.056156862527132034,0.0005537143588298932,0.28311264514923096,0.06002989783883095,0.008779654314424654,0.0055489527294412255,0.011049621358500907,0.006345799891278148,0.298674501478672,0.1793521996587515
250,0.0019285129888981921,0.10065550543367863,0.05695499014109373,0.0005387424607761204,0.27545755356550217,0.05967056006193161,0.008753337416879631,0.005465140333399177,0.011038532419080644,0.006458351854234934,0.2980753034353256,0.17887293174862862
251,0.0019282493023575918,0.10043612495064735,0.05697575770318508,0.0005364347016438842,0.27427759021520615,0.05906892195343971,0.008709097137141427,0.005433438345789909,0.011236684539364553,0.006502542179077864,0.3088728338479996,0.18397087790071964
252,0.001927984587577628,0.10207012481987476,0.05632186494767666,0.0005575292452704161,0.28506316617131233,0.061137900687754154,0.008860309234311175,0.0056367742363363504,0.011987304529687293,0.006760275806300342,0.35151708871126175,0.20632749469950795
253,0.0019277188448485931,0.10491798259317875,0.05712587386369705,0.0005790885916212574,0.2960864156484604,0.06146681495010853,0.008884110737787524,0.005655645160004497,0.011618157938064772,0.006799061899073422,0.3302006348967552,0.19583372492343187
254,0.001927452074461906,0.10465582087635994,0.05790725350379944,0.0005704119976144284,0.29165007919073105,0.0601310059428215,0.008787044713241496,0.005485376459546387,0.012007286690437742,0.007167261093854904,0.3526899665594101,0.2064104862511158
255,0.0019271842767101136,0.10516166314482689,0.057296170853078365,0.0005801392471767031,0.2966236211359501,0.059884050861001015,0.008768982288144113,0.00551437446847558,0.011828020670752653,0.006696430034935474,0.3422374129295349,0.20106073189526796
256,0.001926915451886889,0.10411984100937843,0.05613313429057598,0.000579049956286326,0.29606666415929794,0.05901136435568333,0.008704852990470864,0.005438124411739409,0.01157094663359325,0.006690685753710568,0.32752250880002975,0.19326693657785654
257,0.0019266456002870315,0.10296755284070969,0.057372525334358215,0.000558085652301088,0.2853476516902447,0.06171148270368576,0.008901774664362967,0.005641761817969382,0.01161878151715601,0.0069345468655228615,0.3302360847592354,0.19597378373146057
258,0.0019263747222064665,0.10388931259512901,0.05732158664613962,0.0005674980566254817,0.290160208940506,0.058649917133152485,0.00867815321156738,0.005407178192399442,0.011498916433377105,0.006566758383996785,0.3234574645757675,0.19105369085446
259,0.0019261028179422448,0.1029514167457819,0.05665987264364958,0.0005635030684061348,0.28811758384108543,0.06090294010937214,0.008843267102728536,0.0057314669247716665,0.011908172037759544,0.006683266605250537,0.3468914031982422,0.20389717165380716
260,0.001925829887792543,0.10568355955183506,0.057652016170322895,0.0005824590771226212,0.2978097200393677,0.06163329631090164,0.008896133805926286,0.005755042657256126,0.011535260879101105,0.006829706486314535,0.325505368411541,0.1935693323612213
261,0.0019255559320566626,0.1021769717335701,0.057848406955599785,0.0005466315633384511,0.27949122339487076,0.0587600190192461,0.008686295084547751,0.005560193210840225,0.011017443549559228,0.006352217518724501,0.2969374656677246,0.17784874234348536
262,0.0019252809510350293,0.10003325343132019,0.05680015403777361,0.0005338687624316663,0.272965632379055,0.06036905478686094,0.008804420973909276,0.0055481280433014035,0.011156403192422868,0.006434704759158194,0.3044750764966011,0.18242206564173102
263,0.0019250049450291935,0.10019618645310402,0.05693806242197752,0.0005343832017388195,0.2732286751270294,0.05864747893065214,0.008677972739279855,0.005424792529083788,0.011059656403377012,0.0065085021778941154,0.29921723157167435,0.17893235525116324
264,0.0019247279143418297,0.09851608611643314,0.056194862350821495,0.0005237676596152596,0.267800971865654,0.05908504780381918,0.008710285891951825,0.005408903118222952,0.010984324729567086,0.006364062894135714,0.2951549291610718,0.17711998848244548
265,0.0019244498592767363,0.09911350160837173,0.05625808518379927,0.0005291152629069984,0.2705351561307907,0.05914183706045151,0.008714470722123308,0.00548988429363817,0.011022117884126601,0.006269764038734138,0.29718948155641556,0.17816565930843353
266,0.0019241707801388346,0.10018177703022957,0.056170569732785225,0.0005402465976658277,0.27622660622000694,0.058327728882431984,0.008654284143271709,0.005390808102674782,0.010966946639006912,0.006246078060939908,0.29422178119421005,0.17627475503832102
267,0.0019238906772341688,0.09947745501995087,0.055893502198159695,0.0005355265166144818,0.27381324768066406,0.058737811632454395,0.008684653371319411,0.005459437728859484,0.011220114148214064,0.006761896307580173,0.307962529361248,0.1833501704968512
268,0.0019236095508699067,0.10059193149209023,0.05620254762470722,0.0005440073291538283,0.27814945578575134,0.0586780421435833,0.008680233612067465,0.0055332452757284045,0.011007110737357793,0.006481230957433581,0.29638076573610306,0.17752940393984318
269,0.0019233274013543374,0.10006904788315296,0.056525276042521,0.0005363692762330174,0.27424413710832596,0.05878401454538107,0.008688068389369162,0.005407505435869098,0.011219305066077694,0.006560429814271629,0.30791811645030975,0.1833510654978454
270,0.0019230442289968725,0.09979595616459846,0.05614537186920643,0.0005366707482608035,0.2743982747197151,0.05864972807466984,0.008678139377587568,0.005439864355139434,0.011183789657212586,0.00671207660343498,0.30597174912691116,0.1823107386007905
271,0.0019227600341080453,0.09951407834887505,0.05653999466449022,0.0005308270337991416,0.27141040563583374,0.05911484081298113,0.008712481591698256,0.005424728966318071,0.010959145823932637,0.006401807069778442,0.2938033416867256,0.17645909124985337
272,0.0019224748169995103,0.09810414724051952,0.056748075410723686,0.0005154113678145222,0.2635284326970577,0.05919766053557396,0.008718582712812253,0.005412263795733452,0.010966604628166586,0.006210139719769359,0.29420340806245804,0.176700534299016
273,0.0019221885779840428,0.09883853979408741,0.05613488517701626,0.0005273902061162516,0.26965315267443657,0.060040686279535294,0.008780443229364497,0.0054757194593548775,0.010989705616292809,0.006250362726859748,0.29544419050216675,0.17774243839085102
274,0.0019219013173755392,0.09874055348336697,0.0561631852760911,0.0005262105842120945,0.2690500319004059,0.05855230428278446,0.008670928663043911,0.0054062335984781384,0.010923177964594851,0.006457422743551433,0.29187799245119095,0.1752151483669877
275,0.001921613035489016,0.09952490590512753,0.05594948120415211,0.0005355526664061472,0.27382660284638405,0.05882968194782734,0.008691442615454386,0.005418598651885986,0.01147025963081238,0.007142997928895056,0.32184726744890213,0.19033847469836473
276,0.0019213237326406096,0.10037597641348839,0.056296889670193195,0.000541157482075505,0.27669232338666916,0.06057340744882822,0.008819310203138923,0.0055262461537495255,0.01138050454066543,0.006986173335462809,0.31683002412319183,0.18870171578601003
277,0.0019210334091475758,0.09939340874552727,0.05592362768948078,0.0005344689634512179,0.273272518068552,0.05905805341899395,0.008708295805636807,0.00546636339277029,0.011065843211853879,0.006564265699125826,0.2995521053671837,0.17930507939308882
278,0.0019207420653282908,0.09735850989818573,0.055997966788709164,0.0005139880522619933,0.2628006748855114,0.05884068179875612,0.008692254917596258,0.0053824897622689605,0.010932191942816048,0.006211412255652249,0.29235992580652237,0.17560030380263925
279,0.0019204497015022474,0.09640445187687874,0.05601734109222889,0.0005045066864113323,0.25795289501547813,0.05852008797228336,0.00866854292384718,0.005371001665480435,0.010947014500599738,0.006224914453923702,0.2931532561779022,0.1758366720750928
280,0.0019201563179900595,0.09826395660638809,0.055673930794000626,0.0005253774434095249,0.26862405985593796,0.0587539654225111,0.00868584756573172,0.005402857903391123,0.01112821192041394,0.0067608889658004045,0.3029382452368736,0.18084610532969236
281,0.001919861915113458,0.09801235236227512,0.05574760306626558,0.000522340640600305,0.26707133650779724,0.05852972622960806,0.008669256448480144,0.005386071745306253,0.011106138798640695,0.006635455065406859,0.3017376661300659,0.180133696179837
282,0.0019195664931952912,0.09784919768571854,0.05576415453106165,0.0005206156929489225,0.2661893740296364,0.05832299869507551,0.008653933129385522,0.005369690828956664,0.01106256493191926,0.00650677306111902,0.29937461763620377,0.17884880816563964
283,0.0019192700525595256,0.09742830134928226,0.05609759036451578,0.0005138911583344452,0.26275113597512245,0.05887207109481096,0.008694573165985176,0.005367320729419589,0.010979509555653114,0.006297882064245641,0.2948962226510048,0.17688414687290788
284,0.001918972593531245,0.09698180109262466,0.056141242384910583,0.0005091833154438064,0.2603440284729004,0.059031679295003414,0.008706351123964413,0.005506626213900745,0.01085509970042653,0.006193052162416279,0.288251094520092,0.1736413869075477
285,0.0019186741164366492,0.09762775339186192,0.05634997971355915,0.0005138670749147423,0.26273882761597633,0.06002486310899258,0.008779286040075574,0.0054788291454315186,0.011040759763920625,0.00643509638030082,0.29819561541080475,0.17911023925989866
286,0.0019183746216030557,0.0982421487569809,0.05693243909627199,0.0005153185629751533,0.263480968773365,0.05891640391200781,0.008697846263934703,0.005429052514955401,0.010884661030019746,0.006279162364080548,0.28982318937778473,0.17436979664489627
287,0.0019180741093588966,0.09795114025473595,0.05584516562521458,0.0005209788214415312,0.2663750387728214,0.058984250761568546,0.0087028528833674,0.0054560210555791855,0.010965144576386796,0.006048670969903469,0.2941250652074814,0.17655465798452497
288,0.0019177725800337208,0.09712391719222069,0.05603382550179958,0.000511413389176596,0.2614842653274536,0.059620555490255356,0.008749668989555502,0.0055165409576147795,0.010884977708211898,0.006133973482064903,0.28984007239341736,0.17473031394183636
289,0.001917470033958192,0.09652932360768318,0.05592809244990349,0.0005064260476501659,0.25893424451351166,0.059794788248836994,0.008762444627355299,0.005578125827014446,0.010950400546208721,0.00622181745711714,0.29333463311195374,0.17656471068039536
290,0.001917166471464089,0.09641662053763866,0.05632184259593487,0.0005022434779675677,0.2567957118153572,0.058564065024256706,0.008671799417054381,0.005327511113137007,0.010922096826516183,0.006330855656415224,0.2918202131986618,0.17519213911145926
291,0.0019168618928843057,0.09644247964024544,0.05600829795002937,0.0005049493192927912,0.2581792064011097,0.05836778227239847,0.008657254895166862,0.005409872974269092,0.011046616057421575,0.006418416392989457,0.2985120490193367,0.1784399156458676
292,0.0019165562985528496,0.09659427590668201,0.05574812088161707,0.0005084691438241862,0.25997888669371605,0.059324839152395725,0.008727943042368014,0.005456383689306676,0.011027050459982982,0.006526752724312246,0.2974555492401123,0.17839019419625401
293,0.0019162496888048422,0.0958720650523901,0.05542268790304661,0.0005039525422034785,0.257669560611248,0.05962551198899746,0.008750032793635783,0.005547906970605254,0.011093091275924307,0.006430661655031145,0.30102911591529846,0.18032731395214796
294,0.001915942063976519,0.09647508896887302,0.056558769196271896,0.0005009617379982956,0.2561403587460518,0.059340937063097954,0.008729126938498678,0.005454477621242404,0.01083806859779302,0.006088386871851981,0.28734729439020157,0.17334411572664976
295,0.0019156334244052281,0.0969654992222786,0.057155562564730644,0.0005010886234231293,0.2562052421271801,0.06193932052701712,0.00891819224808439,0.005599849973805249,0.01087964717925735,0.006177085335366428,0.28955627232789993,0.17574779642745852
296,0.0019153237704294306,0.09646857902407646,0.057350668124854565,0.0004947028573951684,0.25294022634625435,0.05854665767401457,0.008670510456071461,0.005374048836529255,0.010926220380990084,0.006338920095004141,0.2920406013727188,0.1752936295233667
297,0.0019150131023887,0.09631590358912945,0.05624103546142578,0.0005018907540943474,0.25661537051200867,0.05936720222234726,0.008731058630540963,0.005453286343254149,0.010958455661010828,0.006016661645844579,0.2937663570046425,0.17656677961349487
298,0.0019147014206237223,0.09588959068059921,0.056551575660705566,0.0004952924064127728,0.2532416433095932,0.05885812919586897,0.008693543374653454,0.005442729219794273,0.010860545030952445,0.00608820712659508,0.288540355861187,0.17369924252852798
299,0.0019143887254762946,0.09589098207652569,0.055514857172966,0.0005034165078541264,0.257395476102829,0.05847347807139158,0.0086650898769867,0.005356508423574269,0.010904965523745903,0.006048674811609089,0.29090549796819687,0.17468948801979423
300,0.0019140750172893255,0.09576644003391266,0.05569512862712145,0.0005007882937206887,0.2560516819357872,0.0595865473151207,0.008747173301539629,0.005546018132008612,0.011161897415116077,0.0062365393387153745,0.30477501451969147,0.18218078091740608
301,0.001913760296406834,0.09740345180034637,0.05689927842468023,0.0005073763604741544,0.25942013412714005,0.058567545376718044,0.008672056997483343,0.005396337015554309,0.010971611152820249,0.006181736825965345,0.2944721132516861,0.17651982931420207
302,0.0019134445631739507,0.09710309095680714,0.05683960113674402,0.0005049059691373259,0.25815704092383385,0.06037063617259264,0.008804536359001384,0.005449962103739381,0.01096378437369257,0.005995899671688676,0.2940521016716957,0.17721136892214417
303,0.0019131278179369156,0.09709673747420311,0.05679509975016117,0.0005051920015830547,0.25830327719449997,0.05882323160767555,0.008690965955577288,0.005321738892234862,0.011294943536923258,0.006743056932464242,0.3120839521288872,0.18545359186828136
304,0.0019128100610430788,0.09752428159117699,0.056365421041846275,0.0005127344629727304,0.26215972006320953,0.0585622563958168,0.008671665379912152,0.005400402122177184,0.01106660088973321,0.006078083417378366,0.29959312081336975,0.17907768860459328
305,0.0019124912928408996,0.0983488243073225,0.056062448769807816,0.0005231679460848682,0.2674943245947361,0.06040073838084936,0.008806731176878439,0.005539069650694728,0.011289736731887242,0.006208543200045824,0.31179631501436234,0.18609852669760585
306,0.0019121715136799463,0.10076689347624779,0.0569798918440938,0.0005396369233494624,0.27591488137841225,0.06042605917900801,0.008808576776041193,0.005463531240820885,0.011570111697473733,0.0068659038515761495,0.3274752125144005,0.19395063584670424
307,0.001911850723910896,0.10011988691985607,0.055931675247848034,0.0005415103223640472,0.27687274292111397,0.059056930243968964,0.00870821308873778,0.005490697920322418,0.01135895724529461,0.0063315199222415686,0.3156314343214035,0.18734418228268623
308,0.0019115289238855345,0.09980904683470726,0.05575617682188749,0.0005398435023380443,0.27602051943540573,0.05896924529224634,0.00870174610131511,0.00549409375526011,0.011852467599335732,0.006643806817010045,0.3436535820364952,0.20131141366437078
309,0.0019112061139567541,0.10092229209840298,0.058070434257388115,0.0005326249956851825,0.2723297029733658,0.06354562565684319,0.0090330921710778,0.005854801391251385,0.01128850700584751,0.0066480248933658,0.3117283880710602,0.18763700686395168
310,0.0019108822944785566,0.09935412928462029,0.05769170168787241,0.0005202527972869575,0.2660038396716118,0.06010401155799627,0.00878507242926315,0.005785321234725416,0.011081533956088074,0.006176407216116786,0.3004021644592285,0.1802530880086124
311,0.0019105574658060485,0.09795696288347244,0.05763558764010668,0.0005070288461865857,0.2592424564063549,0.0596868684515357,0.008754533254364838,0.005533571587875485,0.011204646449021497,0.006193942506797612,0.30711401253938675,0.18340044049546123
312,0.001910231628295445,0.09952298179268837,0.058197056874632835,0.0005179504660191014,0.264826662838459,0.0652289055287838,0.009151950471554185,0.00581498711835593,0.010951053926999263,0.0063023807015269995,0.2933696508407593,0.17929927818477154
313,0.0019099047823040668,0.09900658391416073,0.058775126934051514,0.0005083782380097546,0.25993241369724274,0.0618446571752429,0.008911374697929639,0.005776353180408478,0.01098555894980395,0.0062343551544472575,0.2952212691307068,0.17853296315297484
314,0.0019095769281903404,0.09704908728599548,0.05743781756609678,0.0004996978677809238,0.2554941624403,0.05877228733152151,0.008687201883406562,0.005530862254090607,0.01096066235323258,0.006361947627738118,0.29388467222452164,0.17632847977802157
315,0.0019092480663137983,0.09616195596754551,0.056678228080272675,0.0004969650035491213,0.2540968582034111,0.059649054892361164,0.00875175982512205,0.00550601608119905,0.010974003415383777,0.006255673477426171,0.29460053890943527,0.17712479690089822
316,0.0019089181970350778,0.0961493719369173,0.05713202990591526,0.0004932917945552617,0.25221874192357063,0.061642483808100224,0.008896796569622556,0.005694381659850478,0.010862279377638567,0.006183083634823561,0.28863251954317093,0.17513750167563558
317,0.0019085873207159213,0.09648507833480835,0.057462881319224834,0.0004939863065374084,0.2525738514959812,0.05934643838554621,0.008729531501992375,0.0054281261982396245,0.010886796632920748,0.006222202442586422,0.28993693739175797,0.1746416878886521
318,0.0019082554377191745,0.0963677205145359,0.05650799721479416,0.0005003090191166848,0.2558066174387932,0.0583061957731843,0.008652686284419541,0.0053041946375742555,0.010931316289043137,0.006245587719604373,0.2923130914568901,0.1753096436150372
319,0.0019079225484087885,0.09480106458067894,0.05558831803500652,0.0004921834552078508,0.2516520544886589,0.05979997292160988,0.008762824092307634,0.005488807801157236,0.01094828565727094,0.006078129750676453,0.2932213321328163,0.1765106525272131
320,0.001907588653149817,0.09516610018908978,0.05608921218663454,0.0004918345075566322,0.25147363916039467,0.06063940096646547,0.00882411299114843,0.005528707872144878,0.010923736144340538,0.006194167188368738,0.29190783202648163,0.17627361649647355
321,0.001907253752308417,0.09476451389491558,0.05534669663757086,0.0004937162811984308,0.2524357847869396,0.060253546573221684,0.00879599387731986,0.005476015154272318,0.01130187405760532,0.006177980452775955,0.3124670758843422,0.18636031122878194
322,0.0019069178462518483,0.0992081817239523,0.05666250828653574,0.0005268771928967908,0.26939086616039276,0.060304658487439156,0.00879972371313602,0.005467928713187575,0.011019117957793862,0.006305248709395528,0.29702772200107574,0.17866619024425745
323,0.001906580935348473,0.09719787165522575,0.05591018497943878,0.0005131038778927177,0.26234861463308334,0.06007109954953194,0.008782666746928154,0.005433551035821438,0.011197870337965453,0.006246197852306068,0.30674267560243607,0.183406887575984
324,0.0019062430199677557,0.09723083861172199,0.05614174157381058,0.0005116147367516533,0.2615872174501419,0.06100568640977144,0.008850723380133397,0.0056342382449656725,0.011525967174318093,0.006393006187863648,0.32498108595609665,0.19299338618293405
325,0.0019059041004802616,0.10022806562483311,0.05635230056941509,0.000539277505595237,0.2757311165332794,0.05960971862077713,0.008748873765111262,0.005461496184580028,0.011526270651720105,0.006658730795606971,0.3249981924891472,0.19230395555496216
326,0.0019055641772576573,0.09933706559240818,0.05614827945828438,0.0005321605131030083,0.27209220826625824,0.0595801267772913,0.00874670186237144,0.005523735890164971,0.010936899553202178,0.006023241439834237,0.2926117703318596,0.17609594855457544
327,0.001905223250672711,0.096432413905859,0.055700176395475864,0.0005072613712400198,0.25936134532094,0.058778597973287106,0.008687668281009314,0.005396201740950346,0.010955062806824055,0.006102064624428749,0.2935844734311104,0.17618153570219874
328,0.0019048813210992901,0.09487378410995007,0.055350275710225105,0.00049475680134492,0.25296781584620476,0.059064093977212906,0.008708741126551433,0.005427162395790219,0.010938885610460405,0.006072803633287549,0.2927180528640747,0.1758910734206438
329,0.0019045383889123625,0.09433749318122864,0.055640315636992455,0.00048724334192229435,0.24912618100643158,0.05885403882712126,0.008693241443993279,0.005384148797020316,0.011033462124964703,0.006213032640516758,0.29780156165361404,0.17832780024036765
330,0.001904194454487995,0.09390534833073616,0.05537730362266302,0.00048507498286198825,0.24801751971244812,0.05884220730513334,0.008692367606358116,0.005424338974989951,0.010879766804438359,0.006061946623958647,0.2895626276731491,0.17420241748914123
331,0.001903849518203354,0.09399418532848358,0.055513372644782066,0.0004848792523262091,0.24791742861270905,0.058626726269721985,0.008676437315391137,0.005443170899525285,0.010879409680503207,0.006082192645408213,0.28954362869262695,0.17408517748117447
332,0.0019035035804367043,0.09321572631597519,0.055249935016036034,0.0004793275802512653,0.24507887288928032,0.05909429304301739,0.00871096728523202,0.005389144760556519,0.010919602739712535,0.006105568376369774,0.2916869670152664,0.1753906300291419
333,0.0019031566415674095,0.09315730072557926,0.054997289553284645,0.00048073272046167403,0.2457973249256611,0.05831220094114542,0.008653132259975072,0.0053522964008152485,0.010929593812738744,0.0062410549726337194,0.29222096502780914,0.17526658298447728
334,0.0019028087019759303,0.09406803362071514,0.05527359154075384,0.00048747727123554796,0.2492457926273346,0.0580111350864172,0.008630765103494375,0.005337496870197356,0.010981071310572658,0.006291551515460014,0.29498011618852615,0.17649562563747168
335,0.001902459762043825,0.09487004019320011,0.055749984458088875,0.0004915931931464002,0.2513502538204193,0.058716087602078915,0.008683047170117,0.005458052270114422,0.011064176121440306,0.006436167866922915,0.29946184158325195,0.17908896459266543
336,0.0019021098221537497,0.09447724185883999,0.05567333661019802,0.0004883516230620444,0.2496928572654724,0.0588967427611351,0.00869639498275581,0.005402731127105653,0.01114342725536295,0.00655111821833998,0.30376720428466797,0.18133197352290154
337,0.0019017588826894555,0.09611509926617146,0.055219114758074284,0.0005079218099126592,0.2596990242600441,0.05887302849441767,0.008694643878590215,0.005393495201133192,0.011281020865654426,0.006807078025303781,0.31131505221128464,0.18509404035285115
338,0.0019014069440357914,0.0960650835186243,0.05559972021728754,0.0005044551362516358,0.2579265385866165,0.05852639954537153,0.008669010115485794,0.005509994807653129,0.011107251480122685,0.006328598246909678,0.30179814249277115,0.18016227101907134
339,0.0019010540065787004,0.09495663829147816,0.05548328533768654,0.0004945265391143039,0.2528500519692898,0.05945692677050829,0.008737653604018496,0.005477546714246273,0.01087554209326489,0.006107175024226308,0.28933779895305634,0.1743973628617823
340,0.0019007000707052225,0.09338254667818546,0.055475275963544846,0.0004791960454895161,0.24501162767410278,0.058856600895524025,0.008693430910369747,0.005300966091454029,0.011032914525021158,0.006129125831648707,0.29777198284864426,0.17831429187208414
341,0.0019003451368034912,0.09317170456051826,0.055037736892700195,0.00048055717343231663,0.24570756405591965,0.05842909310013056,0.008661800831134613,0.005382276722230017,0.011026931607808238,0.0064086924539878964,0.29744911193847656,0.17793910251930356
342,0.0018999892052627356,0.09458699636161327,0.05478605628013611,0.0004963663159287535,0.2537907361984253,0.05802177358418703,0.008631556352311413,0.005285531049594283,0.011045958284084693,0.00623499508947134,0.2984764948487282,0.1782491342164576
343,0.0018996322764732775,0.09485743381083012,0.05504802521318197,0.0004969614819856361,0.25409505888819695,0.05850652977824211,0.008667538686097669,0.0053613632917404175,0.010981149413193933,0.006269190111197531,0.2949843183159828,0.17674542404711246
344,0.0018992743508265337,0.09469773061573505,0.05578129459172487,0.000489663245389238,0.25036347284913063,0.05914038326591253,0.008714363746287259,0.005418699351139367,0.011249916067861679,0.006685269181616604,0.30960066616535187,0.1843705247156322
345,0.001898915428715013,0.09561642445623875,0.05636266618967056,0.0004940989892929792,0.25263145565986633,0.058845783583819866,0.008692631796660197,0.0053239824483171105,0.011110165394563177,0.006384833250194788,0.301956482231617,0.18040113290771842
346,0.0018985555105323184,0.09383787401020527,0.05475581157952547,0.0004892772558378056,0.2501661144196987,0.05876750312745571,0.008686848221124699,0.005452857818454504,0.011122307168929214,0.006487901555374265,0.3026168420910835,0.18069217260926962
347,0.0018981945966731438,0.09485548362135887,0.05500102788209915,0.0004973100876668468,0.25427328795194626,0.05820873845368624,0.008645451921246586,0.0053016230231150985,0.01111236839631211,0.006259032525122166,0.3020762577652931,0.18014249810948968
348,0.0018978326875332754,0.09324792958796024,0.05501130688935518,0.0004815093634533696,0.24619441479444504,0.05796316545456648,0.008627195942687519,0.0052865000907331705,0.011152919122619882,0.006596027757041156,0.3042849153280258,0.18112404039129615
349,0.0018974697835095907,0.09445357881486416,0.05467857141047716,0.0004959025245625526,0.2535536028444767,0.05899448320269585,0.008703607692790277,0.005543407169170678,0.011026493963427593,0.006214031018316746,0.2974255383014679,0.17821001075208187
350,0.0018971058850000592,0.09418057091534138,0.05554868094623089,0.00048642567708157003,0.248708114027977,0.05840730480849743,0.008660185665574863,0.005363323842175305,0.011080128366873611,0.0062078440096229315,0.30032598227262497,0.1793666435405612
351,0.0018967409924037398,0.09357120282948017,0.05517050437629223,0.0004834252322325483,0.2471739836037159,0.060566470958292484,0.008818805080570254,0.0055065450724214315,0.010959683583094685,0.006330346222966909,0.2938321754336357,0.1771993231959641
352,0.0018963751061207821,0.09370224922895432,0.05592998117208481,0.0004787651414517313,0.24479131400585175,0.05983848311007023,0.008765645380554778,0.0054511650232598186,0.011038032778323829,0.00605362537316978,0.29804833233356476,0.1789434077218175
353,0.0018960082265524248,0.09339793957769871,0.05571257881820202,0.000477490080811549,0.24413936585187912,0.058525935746729374,0.008668975913673395,0.005408156663179398,0.010957784461606909,0.006269821897149086,0.29373035579919815,0.17612814577296376
354,0.001895640354100997,0.09339872002601624,0.055210444144904613,0.0004814260464627296,0.24615181237459183,0.058361330069601536,0.008656776457905498,0.005374218104407191,0.011485086132352808,0.006778507959097624,0.3226798474788666,0.19052058877423406
355,0.0018952714891699158,0.09414227865636349,0.05512780975550413,0.0004893438162980601,0.25020015984773636,0.059996042400598526,0.008777178136169432,0.005600701901130378,0.010924657111871013,0.006097348756156862,0.2919570505619049,0.17597654648125172
356,0.0018949016321636867,0.09257360175251961,0.05527240876108408,0.00047287239431170747,0.24177837371826172,0.05845553148537874,0.008663760131634142,0.005402659415267408,0.01110624329128221,0.006272302125580609,0.30174335837364197,0.18009944492951035
357,0.001894530783487903,0.09282098896801472,0.05514208506792784,0.0004763111937791109,0.2435365989804268,0.05858298297971487,0.008673199656190376,0.005515838973224163,0.01111623172141023,0.006575334817171097,0.3022863268852234,0.18043465493246913
358,0.0018941589435492463,0.09292398579418659,0.05496271699666977,0.0004787216166732833,0.24476904049515724,0.05851764976978302,0.00866836204163447,0.005417495500296354,0.011089773647992546,0.006256957422010601,0.3008490949869156,0.1796833723783493
359,0.0018937861127554842,0.0930661242455244,0.05454318504780531,0.0004833936982322484,0.24715787544846535,0.058203558437526226,0.008645067409587755,0.00543166184797883,0.011286256350493216,0.006780164665542543,0.3116040900349617,0.18490382423624396
360,0.0018934122915154714,0.09193401783704758,0.05409488547593355,0.0004758299546665512,0.24329055473208427,0.05859455280005932,0.00867405613202895,0.005310215288773179,0.011105790591926732,0.0061628351686522365,0.3017187565565109,0.18015665467828512
361,0.001893037480239149,0.09315694123506546,0.05464186146855354,0.0004835098661715165,0.24721726402640343,0.05820639245212078,0.008645277814802912,0.005402745911851525,0.011046559824231323,0.00622861715964973,0.29850900918245316,0.17835770081728697
362,0.0018926616793375436,0.09303097054362297,0.05498418025672436,0.0004795999266207218,0.24521812796592712,0.05885338317602873,0.008693193109005338,0.005353303044103086,0.011144754352710378,0.0063531603664159775,0.3038395717740059,0.1813464774750173
363,0.0018922848892227665,0.09313334710896015,0.054283108562231064,0.00048608572251396254,0.24853429570794106,0.05811731889843941,0.00863866011731212,0.005365821649320424,0.011007864030357995,0.006018878659233451,0.2964213266968727,0.17726932279765606
364,0.0018919071103080144,0.09206975251436234,0.05383723508566618,0.00047917293704813346,0.24499981850385666,0.05902069713920355,0.008705541077378321,0.005468716379255056,0.011256123461347292,0.0064226381946355104,0.30994240939617157,0.18448155326768756
365,0.0018915283430075685,0.09353637881577015,0.05386937316507101,0.0004932636875309981,0.25220438092947006,0.058750661090016365,0.00868560348339872,0.005300240125507116,0.01127768844122149,0.006145355058833957,0.31113117933273315,0.18494092021137476
366,0.0018911485877367935,0.09409642033278942,0.054121844470500946,0.0004967652930645272,0.25399472936987877,0.05801890138536692,0.008631342767588744,0.005287510924972594,0.01154451937111773,0.0065498026087880135,0.32602812349796295,0.19202351244166493
367,0.0018907678449121374,0.09445022232830524,0.0543232262134552,0.0004986496132914908,0.2549581900238991,0.05811586417257786,0.008638552413239109,0.0053321277955546975,0.011081352409131854,0.006049615680240095,0.30039235949516296,0.1792541118338704
368,0.0018903861149511315,0.09304884076118469,0.05481094028800726,0.00048112998047145084,0.24600044265389442,0.05917073506861925,0.008716599424752022,0.005416852072812617,0.01100079739286509,0.006124130915850401,0.296040877699852,0.17760580638423562
369,0.0018900033982723898,0.09219357743859291,0.05420183856040239,0.00047753142280271277,0.2441605180501938,0.058298167772591114,0.008652090703559547,0.0052952144760638475,0.011109351497810262,0.0062908719992265105,0.30191226303577423,0.18010521540418267
370,0.0018896196952956073,0.09186725877225399,0.053909300826489925,0.00047662895667599514,0.2436990812420845,0.05840322840958834,0.008659883412074607,0.005305436556227505,0.011126014262868342,0.00608654273673892,0.3028186112642288,0.18061091983690858
371,0.0018892350064415619,0.09065231308341026,0.053675759583711624,0.00046657501661684364,0.23855853080749512,0.058088669553399086,0.008636530738654911,0.005303688929416239,0.011049169878744783,0.006073280470445752,0.2986500784754753,0.1783693740144372
372,0.0018888493321321121,0.09176463074982166,0.05402748100459576,0.0004747008060803637,0.24271322414278984,0.05871464777737856,0.008682940959330638,0.005337475799024105,0.01146992390546291,0.006320130079984665,0.3218284323811531,0.19027154007926583
373,0.0018884626727901973,0.09272969886660576,0.05345990043133497,0.0004885785674559884,0.249808881431818,0.058148750104010105,0.008640996112503069,0.0053219267865642905,0.011058689108904077,0.0060819193022325635,0.29916489869356155,0.17865682439878583
374,0.0018880750288398362,0.09182590804994106,0.053682612255215645,0.0004779980445164256,0.2443990781903267,0.057923546992242336,0.008624247001210346,0.00530234701000154,0.011007511475490925,0.00604477699380368,0.29640235751867294,0.17716295225545764
375,0.0018876864007061284,0.09235892817378044,0.05336024612188339,0.000485732416564133,0.24835364893078804,0.059095134027302265,0.008711028990143473,0.005474894191138446,0.011147045898428727,0.006251535029150546,0.3039645329117775,0.18152983346953988
376,0.0018872967888152524,0.09346103481948376,0.05421370826661587,0.0004898331098956987,0.25045033171772957,0.05783145409077406,0.008617388352498204,0.005320259719155729,0.011194451739849866,0.006589218508452177,0.3065554052591324,0.18219342967495322
377,0.0018869061935944652,0.09307371824979782,0.05385337583720684,0.0004888645125902258,0.24995508790016174,0.05774442292749882,0.008610901739410691,0.00527945370413363,0.011093376506732425,0.006266413722187281,0.30104459822177887,0.17939451057463884
378,0.0018865146154721023,0.09186101704835892,0.053733584471046925,0.00047794256533961743,0.2443707399070263,0.05865980964154005,0.008678885123414849,0.005312216468155384,0.011390972996167622,0.006552173639647663,0.31741320341825485,0.18803650652989745
379,0.001886122054877577,0.09198272787034512,0.05361111834645271,0.0004800909009645693,0.24546916410326958,0.05755249410867691,0.00859657940866473,0.00533906405325979,0.0112349850803046,0.006589154829271138,0.30877940356731415,0.18316594883799553
380,0.0018857285122413805,0.09185444936156273,0.053325570188462734,0.0004810703612747602,0.2459699511528015,0.05803942773491144,0.008632869566201802,0.005313038942404091,0.011164076033520454,0.006462996010668576,0.3048940449953079,0.18146673636510968
381,0.0018853339879950804,0.09137832932174206,0.053437660448253155,0.0004755374538945034,0.24314100295305252,0.05761316232383251,0.008601109406736024,0.00530900526791811,0.011248787259250664,0.006501703639514744,0.3095385506749153,0.1835758564993739
382,0.0018849384825713206,0.0908399373292923,0.05273056775331497,0.0004758042487083003,0.243277408182621,0.05821063555777073,0.008645592887037132,0.0053896609460935,0.011476908520652883,0.006749682943336666,0.32222050428390503,0.19021556992083788
383,0.0018845419964038219,0.09151549264788628,0.05315580312162638,0.0004790837920154445,0.24495424330234528,0.05781301949173212,0.008616014933114542,0.005312252440489829,0.011329936014305753,0.006637225043959916,0.31402067095041275,0.18591684522107244
384,0.0018841445299273797,0.09074610471725464,0.05285856872797012,0.00047388524399138987,0.2422962412238121,0.058451272547245026,0.008663444565318474,0.0052629862911999226,0.011243456914726136,0.006346558569930494,0.3092452734708786,0.1838482730090618
385,0.0018837460835778646,0.08927839994430542,0.05291546415537596,0.00045908740867162123,0.23473013937473297,0.05807959754019976,0.008635856320689387,0.005338409915566444,0.011065011095367734,0.006071445066481829,0.2995070442557335,0.17879332089796662
386,0.0018833466577922217,0.08968272246420383,0.05363253690302372,0.0004574314516503364,0.23388345539569855,0.05798692535609007,0.008628964107109212,0.0053694359958171844,0.01115173009403458,0.00623132404871285,0.3042200356721878,0.18110348051413894
387,0.0018829462530084707,0.08908557146787643,0.05242896359413862,0.00046100768668111414,0.2357119768857956,0.05762783996760845,0.008602204819513638,0.00525182974524796,0.011245439297981849,0.006556575419381261,0.3093543201684952,0.18349108006805182
388,0.0018825448696657046,0.088663624599576,0.052524092607200146,0.00045613726251758635,0.23322173207998276,0.05713889468461275,0.008565634292409639,0.005255522904917598,0.011212214812793598,0.0063145821914076805,0.3075290396809578,0.18233396718278527
389,0.0018821425082040893,0.08937017619609833,0.052214739844202995,0.0004654667791328393,0.23799190297722816,0.05792099051177502,0.008624056753118085,0.005389025085605681,0.011245649332967638,0.006262725801207125,0.3093658685684204,0.1836434295400977
390,0.0018817391690648633,0.08851758390665054,0.05238769669085741,0.0004557761931209825,0.23303712904453278,0.057281273417174816,0.008576299541076884,0.005262528080493212,0.011133463959053113,0.0060794313903898,0.30322426557540894,0.18025276949629188
391,0.001881334852690338,0.0891742892563343,0.05200013238936663,0.00046523017226718366,0.23787090182304382,0.05791351944208145,0.008623500538116023,0.005414587794803083,0.011409213002953037,0.006304789101704955,0.31843052059412,0.18817202001810074
392,0.001880929559523895,0.089765390381217,0.05248080659657717,0.00046725012362003326,0.2389037124812603,0.058343568816781044,0.00865545920052741,0.005444607697427273,0.011218217767534924,0.006177400471642613,0.3078584223985672,0.18310099560767412
393,0.0018805232900099885,0.08869819901883602,0.051980466581881046,0.0004607282971846871,0.23556911945343018,0.057391961105167866,0.008584581771600782,0.005365496384911239,0.011157316040842621,0.0061645860550925136,0.30452489852905273,0.1809584298171103
394,0.0018801160445941427,0.08775689825415611,0.0519035579636693,0.0004521249284152873,0.23117023706436157,0.057206970639526844,0.008570735335202037,0.0052059340523555875,0.011213629150567526,0.0062396739376708865,0.30760663747787476,0.1824068040587008
395,0.0018797078237229525,0.08708757720887661,0.05184134189039469,0.0004460663694771938,0.22807251289486885,0.05699983984231949,0.008555205152038909,0.005235048709437251,0.011176606647432462,0.006143412785604596,0.3055788278579712,0.18128933385014534
396,0.0018792986278440814,0.08766131661832333,0.05167209915816784,0.0004530010119196959,0.23161817714571953,0.05785382818430662,0.008619055224060276,0.005284501239657402,0.011134305091087765,0.006035165744833648,0.3032700791954994,0.18056195368990302
397,0.0018788884574062635,0.08804118819534779,0.05219684075564146,0.00045261061313794926,0.23141856491565704,0.0567883150652051,0.008539316454771134,0.005277919117361307,0.011290830192571658,0.006217417889274657,0.3118567019701004,0.18432250851765275
398,0.0018784773128593009,0.0869568195194006,0.05127149820327759,0.0004492457373999059,0.22969810292124748,0.056823862716555595,0.008541988610143906,0.005225191940553486,0.011373784581785677,0.006674183066934347,0.3164559677243233,0.18663991522043943
399,0.0018780651946540634,0.08908522129058838,0.051829248666763306,0.0004656960445572622,0.23810910433530807,0.057331157848238945,0.008580033507340728,0.005225028144195676,0.011680959793263524,0.006863030954264104,0.33378005027770996,0.19555560406297445
400,0.00187765210324249,0.09076769277453423,0.05146184843033552,0.00048502326535526663,0.24799106642603874,0.05728988163173199,0.008576943861183394,0.005335581721737981,0.011224005617165115,0.006448686122894287,0.3081761971116066,0.1827330393716693
401,0.0018772380390775858,0.08753150142729282,0.051802387461066246,0.0004507122721406631,0.2304479517042637,0.05674697272479534,0.008536207489803804,0.005261191981844604,0.011373666554128706,0.006325534894131124,0.3164494186639786,0.18659819569438696
402,0.0018768230026134226,0.08930668979883194,0.052217078395187855,0.0004648276881198399,0.2376651167869568,0.05781092494726181,0.008615858810491553,0.005409886594861746,0.011313902059118013,0.006161992787383497,0.31313250958919525,0.18547171726822853
403,0.001876406994305139,0.0882409755140543,0.051756784319877625,0.0004580069944495335,0.23417771980166435,0.057556514628231525,0.00859687965609649,0.005308621097356081,0.011244853654108771,0.00617492594756186,0.3093220964074135,0.1834393055178225
404,0.0018759900146089392,0.0887112207710743,0.05211854726076126,0.00045977538684383035,0.23508190736174583,0.05801347829401493,0.008630939291941541,0.00529326219111681,0.01134546770122805,0.006278345943428576,0.31488221883773804,0.18644784856587648
405,0.0018755720639820922,0.08817693404853344,0.0522651607170701,0.0004534036052064039,0.23182402178645134,0.058255077339708805,0.008648892407988764,0.005333382403478026,0.011327619242014406,0.006314993370324373,0.31389228254556656,0.18607367994263768
406,0.001875153142882933,0.09025304205715656,0.05250787176191807,0.00047180716501316056,0.2412337176501751,0.058837421238422394,0.008692014258895814,0.005508465808816254,0.011438894999258252,0.006337990867905319,0.32008954882621765,0.18946348503232002
407,0.0018747332517708587,0.09101802855730057,0.05301366560161114,0.00047533110046060756,0.2430354841053486,0.057750582695007324,0.008611361179842097,0.005274526192806661,0.011353978535569843,0.0064260142389684916,0.3153548091650009,0.18655269593000412
408,0.0018743123911063322,0.09178647212684155,0.052273823879659176,0.000488633661007043,0.24983705207705498,0.059700642712414265,0.008755543614917276,0.005286910687573254,0.011596516871564209,0.006734103779308498,0.32897163927555084,0.19433614099398255
409,0.0018738905613508788,0.08911512978374958,0.05212940834462643,0.000463640273665078,0.23705800622701645,0.057235436514019966,0.008572867583086445,0.005361443036235869,0.011350114240406547,0.006400373647920787,0.3151402100920677,0.18618782330304384
410,0.0018734677629670862,0.08856585063040257,0.05085960682481527,0.00046820283023407683,0.2393908090889454,0.05800126027315855,0.008630030480627757,0.005346557125449181,0.011420635344307468,0.006254729465581477,0.31906845420598984,0.1885348572395742
411,0.0018730439964186048,0.08982067368924618,0.05134711228311062,0.00047665994497947395,0.24371491000056267,0.05833054520189762,0.008654492958251742,0.005406192853115499,0.011687729740040322,0.006446166662499309,0.33416707813739777,0.1962488116696477
412,0.0018726192621701465,0.09018896147608757,0.05173737742006779,0.0004772082684212364,0.2439952790737152,0.05706134811043739,0.00855981973492349,0.005309380474500358,0.011319013701173752,0.006135191535577178,0.3134155198931694,0.1852384340018034
413,0.0018721935606874848,0.08631892129778862,0.0513482391834259,0.00044240727584110573,0.2262016348540783,0.056647563353180885,0.008528727593584376,0.005289357155561447,0.011309079799605146,0.006356315454468131,0.31286562979221344,0.18475659657269716
414,0.0018717668924374535,0.086935143917799,0.05109432619065046,0.00045041978592053056,0.23029840365052223,0.0573734175413847,0.00858319483770513,0.0052486666245386004,0.011379409386620628,0.006405650172382593,0.3167690709233284,0.18707124423235655
415,0.0018713392578879463,0.0874938853085041,0.05174127407371998,0.0004508225101744756,0.23050431534647942,0.05673282966017723,0.008535143886119105,0.005205857683904469,0.01126803507693895,0.005994900828227401,0.3105987533926964,0.1836657915264368
416,0.0018709106575079174,0.08588487096130848,0.050205767154693604,0.00044710053043672815,0.22860127314925194,0.05619644280523062,0.008494699679099499,0.0052591884741559625,0.011298057709731068,0.006251982995308936,0.3122560605406761,0.18422625167295337
417,0.0018704810917673793,0.08536453731358051,0.05024580471217632,0.0004416989249875769,0.22583944723010063,0.056753323413431644,0.008536685120026312,0.005182377179153264,0.011615342883050142,0.006555024883709848,0.3300406336784363,0.19339697854593396
418,0.0018700505611374035,0.0878418292850256,0.05059513822197914,0.00046319159446284175,0.23682858422398567,0.05663168057799339,0.008527531660357301,0.005269356886856258,0.011356567429495213,0.006698625977151096,0.3154986500740051,0.18606516532599926
419,0.0018696190660901196,0.08687459863722324,0.050374616868793964,0.00045545816101366654,0.23287451267242432,0.05645797960460186,0.008514443819576402,0.005246387096121907,0.01172848696808407,0.006694250740110874,0.33650174736976624,0.19647986348718405
420,0.0018691866070987154,0.0897657461464405,0.0499324444681406,0.0004871900746366009,0.24909895285964012,0.057270679622888565,0.00857550658763115,0.005386027041822672,0.011547266785803877,0.006977906217798591,0.3261833041906357,0.19172699190676212
421,0.0018687531846374346,0.0873863659799099,0.050473242066800594,0.0004596912258421071,0.2350388653576374,0.057931127957999706,0.008624811393252227,0.00535802380181849,0.011632649890327237,0.006537989247590303,0.3310248851776123,0.194478006567806
422,0.001868318799181578,0.08778507076203823,0.05124752689152956,0.0004575327257043682,0.23393523320555687,0.056424607522785664,0.008511926925518372,0.005274644936434925,0.01144989867705602,0.006371372030116618,0.3207056596875191,0.18856513360515237
423,0.001867883451207503,0.0873803086578846,0.05088495649397373,0.00045641104225069284,0.23336170241236687,0.05834931321442127,0.008655885384697245,0.005220205523073673,0.011389098756273032,0.006327688577584922,0.3173087537288666,0.18782903347164392
424,0.0018674471411926218,0.08731187134981155,0.05172368511557579,0.00044918018829775974,0.2296646051108837,0.05697284173220396,0.008553178982834963,0.005311327520757914,0.011210584659872291,0.00616929039824754,0.3074396252632141,0.18220623349770904
425,0.001867009869615402,0.08550086989998817,0.05087747238576412,0.0004380904501886107,0.2239944525063038,0.05740140099078417,0.00858528776097142,0.005291758105158806,0.011546348060323074,0.006226876052096486,0.3261314183473587,0.19176640966907144
426,0.001866571636955365,0.08572782576084137,0.05024940241128206,0.00044522339157992974,0.2276415079832077,0.057905678637325764,0.008622916653055932,0.005375825450755656,0.011403739518252635,0.006227684556506574,0.31812506914138794,0.18801537388935685
427,0.001866132443693087,0.08737477660179138,0.0501205250620842,0.0004623372369678691,0.23639177531003952,0.05692167207598686,0.008549336693639878,0.005246937973424792,0.011553199878653003,0.006303662899881601,0.32651858776807785,0.19172012992203236
428,0.0018656922903101975,0.08735744096338749,0.050417772494256496,0.0004598422965500504,0.235116109251976,0.05706779658794403,0.008560303378628039,0.005266350228339434,0.011746419988836517,0.006440751953050494,0.33753155171871185,0.19729967415332794
429,0.0018652511772893781,0.08770454302430153,0.0501361982896924,0.00046543947246391326,0.23797792196273804,0.05731354560703039,0.00857871527991555,0.00533995870500803,0.011567598979593922,0.006396965007297695,0.3273329958319664,0.1923232707194984
430,0.0018648091051143639,0.08615002408623695,0.049934715032577515,0.0004518139612628147,0.23101124167442322,0.056830999441444874,0.00854252489990248,0.00530585739761591,0.01144164241963769,0.006282700225710869,0.32024332135915756,0.18853716040030122
431,0.0018643660742699406,0.0873104128986597,0.05042771063745022,0.00045930466149002314,0.2348412200808525,0.057375538162887096,0.008583353779619789,0.0053074301686137915,0.011382561176219767,0.006175706861540675,0.31694456189870834,0.18716005003079772
432,0.0018639220852419462,0.08740990236401558,0.050434594973921776,0.0004602237095241435,0.2353111319243908,0.05745298881083727,0.008589144781396723,0.005301562254317105,0.011703625184626473,0.006576501880772412,0.33507663756608963,0.19626481318846345
433,0.001863477138517269,0.08962333016097546,0.05174393951892853,0.00047162562259472907,0.24114088714122772,0.05877027288079262,0.008687052903093274,0.0054181789746508,0.011346501445245447,0.006501749507151544,0.31493959575891495,0.18685493431985378
434,0.0018630312345838476,0.08830313198268414,0.05162495467811823,0.00045964616583660245,0.2350158356130123,0.05866836663335562,0.008679518160613433,0.0053905193926766515,0.01169827452531619,0.00676963641308248,0.3347703292965889,0.19671934796497226
435,0.0018625843739306705,0.08815403655171394,0.05088075716048479,0.00046401016152231023,0.23724713921546936,0.05706048384308815,0.008559755239948027,0.005253316136077046,0.011343764174813092,0.006189387408085167,0.3147876635193825,0.1859240736812353
436,0.0018621365570477752,0.08810810558497906,0.05072327796369791,0.0004647930254577659,0.2376474104821682,0.057896838523447514,0.008622258680279198,0.005352543434128165,0.011407997032844125,0.0065960625652223825,0.31836264580488205,0.18812974216416478
437,0.001861687784426248,0.08783118613064289,0.05190054513514042,0.0004528749705059454,0.23155373707413673,0.058968751691281796,0.008701709624231948,0.005341970012523234,0.011466027932229205,0.006234329892322421,0.32160984724760056,0.19028929946944118
438,0.0018612380565582228,0.0857640914618969,0.05077585857361555,0.0004414594732224941,0.22571702301502228,0.05892881751060486,0.008698762418654547,0.0055259051732718945,0.01144609481448618,0.006635993835516274,0.32049258798360825,0.18971070274710655
439,0.0018607873739368813,0.08541569672524929,0.050526129081845284,0.00044000623165629804,0.22497396916151047,0.057471612468361855,0.00859053678936788,0.005276455660350621,0.011398082594172259,0.006312312791123986,0.3178095370531082,0.18764057476073503
440,0.0018603357370564524,0.08361575938761234,0.04971413314342499,0.0004287570045562461,0.2192222699522972,0.05756781715899706,0.008597723741657242,0.005401474656537175,0.01166825916104793,0.006437380914576352,0.3330546244978905,0.19531122082844377
441,0.0018598831464122112,0.08612347394227982,0.050596234388649464,0.0004463791265152395,0.22823242470622063,0.05754838511347771,0.008596272802685299,0.005269825574941933,0.011611385181894793,0.0064305991400033236,0.3298157528042793,0.19368206895887852
442,0.0018594296025004793,0.08463683538138866,0.05019588954746723,0.0004349732116679661,0.22240060567855835,0.05829253327101469,0.008651672426981089,0.005402184324339032,0.011443327878250923,0.0061912203673273325,0.3203376606106758,0.18931509694084525
443,0.0018589751058186224,0.08451875485479832,0.05030290689319372,0.0004329812654759735,0.22138213366270065,0.058402336202561855,0.008659817036717456,0.00545240193605423,0.011443234014153045,0.006151840556412935,0.320332407951355,0.18936737207695842
444,0.0018585196568650523,0.08455737121403217,0.05068407021462917,0.00043037693831138313,0.22005056217312813,0.05787961930036545,0.008620976132462129,0.005244350642897189,0.011619119829643218,0.006304908310994506,0.33025529980659485,0.19406745955348015
445,0.0018580632561392247,0.08587287552654743,0.05070282146334648,0.00044309468648862094,0.22655309364199638,0.05754092149436474,0.008595715424675777,0.005473604192957282,0.011681868399283498,0.006880591157823801,0.3338320106267929,0.19568646606057882
446,0.0018576059041416387,0.08576561510562897,0.05053453240543604,0.0004433623398654163,0.22668995708227158,0.05882063414901495,0.008690773923848665,0.005494241719134152,0.0116346617202324,0.006425937404856086,0.33113938570022583,0.1949800099246204
447,0.0018571476013738372,0.08533952385187149,0.05030613485723734,0.0004409823741298169,0.2254730723798275,0.057226551696658134,0.0085722021613816,0.005388866877183318,0.011511109893547597,0.0064272284507751465,0.32414381206035614,0.19068518187850714
448,0.001856688348338405,0.08501400426030159,0.050679576583206654,0.0004348775473772548,0.22235170006752014,0.05958080757409334,0.008746751669341957,0.005225669941864908,0.011692592552120434,0.00630083866417408,0.33444519340991974,0.19701300049200654
449,0.0018562281455389695,0.0860599186271429,0.051696171052753925,0.0004371525355963968,0.22351489961147308,0.05690296832472086,0.008547932337184849,0.005347962607629597,0.011584418333617612,0.006337721715681255,0.3282855749130249,0.19259427161887288
450,0.0018557669934801998,0.08390006050467491,0.05010796058923006,0.00042845616553677246,0.2190684676170349,0.05740748532116413,0.008585742851795836,0.00530261464882642,0.011575741437028166,0.006314455880783498,0.32779398560523987,0.192600735463202
451,0.0018553048926678052,0.08300256729125977,0.05002503003925085,0.0004203283169772476,0.21491270512342453,0.05963084101676941,0.008750423502372302,0.005478267092257738,0.011564454207980407,0.006391176022589207,0.32715505361557007,0.19339294731616974
452,0.0018548418436085362,0.08532079495489597,0.05124827288091183,0.0004334286131779663,0.22161085903644562,0.05992994736880064,0.008772341875946311,0.005420634290203452,0.011731062290967823,0.006301041110418737,0.3366495445370674,0.19828974595293403
453,0.0018543778468101827,0.08571867644786835,0.05064943991601467,0.0004420043478603475,0.22599561139941216,0.058302938006818295,0.008652444630273185,0.005445995135232806,0.012202584827762755,0.0070496880216524005,0.36425625532865524,0.21127959666773677
454,0.0018539129027815742,0.0908270925283432,0.050177459605038166,0.0004956522388965823,0.25342562422156334,0.05924787186086178,0.008722279334014014,0.00534367433283478,0.012230460660051734,0.006993739400058985,0.36592237651348114,0.21258512418717146
455,0.0018534470120325787,0.0907545443624258,0.0517973443493247,0.00048226999933831394,0.24658332020044327,0.057763244956731796,0.00861230490977889,0.005369942053221166,0.012130439352778912,0.006745636113919318,0.35996177047491074,0.20886250771582127
456,0.0018529801750741027,0.09044887311756611,0.05076575931161642,0.000487351200717967,0.2491813227534294,0.057495745830237865,0.00859234033613376,0.005272037000395358,0.011446533260587513,0.0061188675463199615,0.3205171674489975,0.18900645663961768
457,0.00185251239241809,0.08786730095744133,0.05094926059246063,0.0004606702859746292,0.23553944751620293,0.057850828394293785,0.008618831726855097,0.00543147383723408,0.011828963036626748,0.006737649557180703,0.3422919511795044,0.2000713897868991
458,0.0018520436645775215,0.08613614551723003,0.050684562884271145,0.00044581204565474764,0.22794247791171074,0.05870705097913742,0.00868237908893991,0.005369816441088915,0.011732121130973753,0.0067558708833530545,0.3367103189229965,0.19770868495106697
459,0.0018515739920664151,0.08649902604520321,0.05134785734117031,0.0004441715427674353,0.22710369527339935,0.0626836959272623,0.008971620866579938,0.00584663893096149,0.011492547765086009,0.006386001012288034,0.3230992630124092,0.19289147946983576
460,0.0018511033753998243,0.08500644750893116,0.05105083528906107,0.0004318992359912954,0.22082888707518578,0.05914376117289066,0.008714612554402161,0.005354469642043114,0.011549437204968116,0.006405190797522664,0.32630593329668045,0.19272484723478556
461,0.0018506318150938378,0.08348320610821247,0.05060338880866766,0.0004205038712825626,0.21500247716903687,0.05639644432812929,0.008509802386485408,0.00528496562037617,0.011495054260034188,0.006340383901260793,0.3232402205467224,0.18981833243742585
462,0.001850159311665579,0.08292518928647041,0.04968117456883192,0.00042226171353831887,0.21590124815702438,0.058162812143564224,0.008642040689913658,0.00540869846008718,0.011362772189103656,0.006195510970428586,0.31584349274635315,0.1870031524449587
463,0.0018496858656332068,0.0840422660112381,0.049503850750625134,0.00043457285937620327,0.22219591587781906,0.05745976511389017,0.008589651126973803,0.0051841806853190064,0.01176611927272112,0.006385058863088489,0.33866462111473083,0.1980621931143105
464,0.001849211477515912,0.08259288407862186,0.04870406445115805,0.0004266562100383453,0.2181481570005417,0.056941401213407516,0.008550818358766558,0.005246430751867592,0.011661761016095718,0.0062630686443299055,0.3326837569475174,0.19481257908046246
465,0.0018487361478339193,0.08184410817921162,0.04868375975638628,0.0004194927532807924,0.21448549255728722,0.05728829279541969,0.008576825096138985,0.005262847524136305,0.011584192693179358,0.006301463930867612,0.3282727673649788,0.19278053008019924
466,0.001848259877108486,0.08285719342529774,0.04913156293332577,0.0004258964618202299,0.21775969490408897,0.056651921942830086,0.008529055502104758,0.0051427221624180675,0.011568978439809497,0.006314077181741595,0.32741107046604156,0.19203149620443583
467,0.001847782665861902,0.08392289467155933,0.04922921862453222,0.0004355540295364335,0.22269758954644203,0.05814844276756048,0.00864097306196552,0.005212294403463602,0.011624422580824929,0.006339499959722161,0.33055681735277176,0.19435263006016612
468,0.0018473045146174874,0.08373466320335865,0.04978870786726475,0.0004293363163014874,0.2195184826850891,0.05820340570062399,0.008645055837152351,0.005334116751328111,0.011530350171558606,0.0063150725327432156,0.3252282962203026,0.19171585096046329
469,0.0018468254238995937,0.0838041864335537,0.04885052051395178,0.00043735586223192513,0.22361885383725166,0.05789503827691078,0.008622124505893468,0.005366292782127857,0.012028874368934895,0.007084813667461276,0.3539592772722244,0.2059271577745676
470,0.001846345394233603,0.087938716635108,0.0506178205832839,0.0004639615799533203,0.23722228407859802,0.06037136074155569,0.008804589144336183,0.005381859256885946,0.012113522965124034,0.00711377349216491,0.35895852744579315,0.20966494409367442
471,0.0018458644261459259,0.09139562770724297,0.05211488530039787,0.0004860550398007035,0.24851859733462334,0.058167027309536934,0.008642353880661697,0.005449829972349107,0.011601822428027197,0.006579548702575266,0.32927272468805313,0.19371987599879503
472,0.0018453825201640035,0.08660930767655373,0.05018702242523432,0.00045433149352902547,0.23229844868183136,0.05816597584635019,0.008642275794514478,0.005469313822686672,0.011772678015070995,0.006478596362285316,0.3390422686934471,0.19860412226989865
473,0.0018448996768163045,0.08576605282723904,0.050394224002957344,0.0004444642472662963,0.22725335508584976,0.05810215137898922,0.00863753310615152,0.005303148296661675,0.011598932053776491,0.006239222479052842,0.32910868525505066,0.19360541831701994
474,0.001844415896632326,0.08327692374587059,0.04949204996228218,0.0004271808793419041,0.21841641515493393,0.05718704964965582,0.008569242785632187,0.00529710145201534,0.011588487272417312,0.006345011410303414,0.32851622998714447,0.19285163981840014
475,0.0018439311801425923,0.08175622299313545,0.04837213736027479,0.00042107120680157095,0.2152925543487072,0.05728633888065815,0.008576678970461786,0.0051633433904498816,0.011824808404382962,0.006471554865129292,0.34205155074596405,0.1996689448133111
476,0.0018434455278786546,0.08132057264447212,0.048572163097560406,0.0004152461187914014,0.2123142071068287,0.05768970958888531,0.00860682136087725,0.005263713421300054,0.011569745696313104,0.006233063992112875,0.32745450735092163,0.19257210846990347
477,0.00184295894037309,0.08164424449205399,0.049370975233614445,0.0004121620222576894,0.21073732152581215,0.05732646305114031,0.008579681681814265,0.005331059102900326,0.011668047145868126,0.0062816927675157785,0.33304253220558167,0.195184497628361
478,0.001842471418159501,0.0813885610550642,0.04884304665029049,0.00041379182221135125,0.2115706205368042,0.056970130652189255,0.008552975350584259,0.005195101723074913,0.011913697147239392,0.006619175779633224,0.34721336513757706,0.20209174789488316
479,0.0018419829617725158,0.08275466039776802,0.04959087446331978,0.0004213005377096124,0.2154098115861416,0.05835180543363094,0.008656070100015758,0.005210631061345339,0.011696875634643344,0.006439913064241409,0.33469028770923615,0.19652104657143354
480,0.0018414935717477867,0.0820493008941412,0.05020141415297985,0.0004096263801329769,0.20944083854556084,0.05855514667928219,0.008671139174948665,0.005412648431956768,0.01165956914968608,0.006376790814101696,0.3325587287545204,0.1955569377169013
481,0.0018410032486219905,0.08328161761164665,0.04985788557678461,0.0004243647708790377,0.21697654947638512,0.05694740079343319,0.008551268902550816,0.0051523816073313355,0.01180627896642992,0.006663279025815427,0.3409803956747055,0.19896389823406935
482,0.0018405119929328256,0.08332949317991734,0.04960703756660223,0.00042679541365941986,0.2182193174958229,0.058628665283322334,0.008676580922425297,0.00529526243917644,0.011838104456438101,0.006628563045524061,0.3428211882710457,0.200724926777184
483,0.0018400198052190145,0.08350958488881588,0.04947502538561821,0.0004295892795198597,0.219647828489542,0.05750096682459116,0.008592730276746377,0.0053789683151990175,0.011720411516906304,0.006439105258323252,0.3360385075211525,0.19676973717287183
484,0.0018395266860203015,0.08121144585311413,0.04889818001538515,0.0004116284617339261,0.2104644998908043,0.05772715527564287,0.008609614225036233,0.0053626676090061665,0.01170604344133577,0.006482791155576706,0.33521510660648346,0.19647113094106317
485,0.0018390326358774525,0.08250939473509789,0.049495293758809566,0.0004196497829980217,0.21456578373908997,0.05745707452297211,0.008589450371194492,0.005374111933633685,0.011789441320249262,0.006511118961498141,0.3400085121393204,0.19873279333114624
486,0.0018385376553322532,0.08066362515091896,0.049075521528720856,0.00040488390368409455,0.20701603591442108,0.05865853652358055,0.008678790808342392,0.005281888879835606,0.011669024877909866,0.0062987320125103,0.3330983445048332,0.1958784405142069
487,0.0018380417449275113,0.08015616238117218,0.04913017712533474,0.00039949385973159224,0.20426011085510254,0.05706767179071903,0.008560294241500224,0.00536286155693233,0.011822758157756751,0.006618527928367257,0.3419329524040222,0.19950031209737062
488,0.001837544905207053,0.08218736201524734,0.049255832098424435,0.0004183739874861203,0.2139134742319584,0.05745762027800083,0.008589491242740922,0.005278968368656933,0.011560661761913683,0.006151937996037304,0.32694048434495926,0.19219905231148005
489,0.001837047136715724,0.08098014630377293,0.04891023226082325,0.00040927228110376745,0.20925980061292648,0.05869083385914564,0.00868117980768566,0.005368226557038724,0.011842008198064543,0.006619930500164628,0.3430473357439041,0.20086908480152488
490,0.0018365484399993886,0.08093880116939545,0.04866791237145662,0.0004107636705157347,0.21002234518527985,0.05733164120465517,0.008580069547706874,0.005187563598155975,0.011903416549567974,0.006576934712938964,0.34661439806222916,0.20197301963344216
491,0.0018360488156049287,0.08103880286216736,0.04825082514435053,0.00041500458610244095,0.21219071373343468,0.05917933210730553,0.00871723264449661,0.005560943158343434,0.011580522317668124,0.006459578988142312,0.32806481420993805,0.1936220731586218
492,0.0018355482640802438,0.08165113069117069,0.04965853225439787,0.00040997973701450974,0.20962151885032654,0.058353849686682224,0.008656221820002393,0.005291936453431845,0.011799208132984865,0.006494129658676684,0.3405720889568329,0.19946296932175756
493,0.00183504678597425,0.08070457726716995,0.04941419046372175,0.00040263487608172,0.20586611330509186,0.057391456328332424,0.008584544055048745,0.0052451411029323936,0.01154194103696908,0.0062934678280726075,0.3258825093507767,0.19163698283955455
494,0.0018345443818368794,0.07935279607772827,0.04850802104920149,0.00039650498365517706,0.2027318961918354,0.05724780913442373,0.008573793910084742,0.005342800868675113,0.011720357352530948,0.006332750082947314,0.3360354080796242,0.19664160860702395
495,0.0018340410522190802,0.07867690548300743,0.04844360612332821,0.0003903992910636589,0.19961009174585342,0.057906847447156906,0.008623003985200021,0.005181175307370722,0.011776107778635189,0.006568815908394754,0.33923986554145813,0.19857335649430752
496,0.0018335367976728145,0.07959673926234245,0.04881498031318188,0.0003964890420320444,0.20272376760840416,0.057217033579945564,0.008571489046123442,0.005228051450103521,0.011822917550370042,0.006639374420046806,0.3419421464204788,0.1995795900002122
497,0.0018330316187510592,0.08020824566483498,0.04838582780212164,0.00040582637302577496,0.20749790966510773,0.05818770918995142,0.008643890097918336,0.005319932941347361,0.012267773420716449,0.007163909147493541,0.3681584969162941,0.21317310305312276
498,0.0018325255160078057,0.07986607030034065,0.04843680281192064,0.0004020814230898395,0.2055831253528595,0.057659732177853584,0.008604584852524558,0.005267197033390403,0.011894644484583865,0.006704160012304783,0.3461037278175354,0.2018817299976945
499,0.0018320184899980572,0.07917347364127636,0.04852091148495674,0.00039465051668230444,0.20178372785449028,0.05718507803976536,0.008569095257017417,0.005237914505414665,0.011908545050724088,0.0068191648460924625,0.346913143992424,0.20204911101609468
500,0.0018315105412778298,0.07912370190024376,0.04825692996382713,0.000396228970203083,0.20259078592061996,0.05719162244349718,0.008569585594116132,0.005183742381632328,0.012095024062539653,0.00684315781109035,0.35786300897598267,0.20752731570973992
501,0.0018310016704041515,0.07942617870867252,0.047639510594308376,0.00040401711157755926,0.20657284557819366,0.05728432163596153,0.008576527646109618,0.005222006817348301,0.011976539752709438,0.006756528164260089,0.3508860170841217,0.20408516936004162
502,0.001830491877935062,0.07947860471904278,0.04805691260844469,0.00040126434760168195,0.20516536384820938,0.05708054918795824,0.008561260066936966,0.005321689881384373,0.011877483392839231,0.006544052390381694,0.34510575979948044,0.20109315449371934
503,0.0018299811644296106,0.08017944544553757,0.04867825750261545,0.0004032569704577327,0.20618417859077454,0.0585103128105402,0.008667818637853953,0.0052022000309079885,0.011950511694909965,0.0067359155509620905,0.3493625298142433,0.20393642131239176
504,0.0018294695304478577,0.07951759733259678,0.04896087944507599,0.00039457371894968674,0.2017444707453251,0.05915819853544235,0.00871567617074801,0.005448254058137536,0.011774297007739165,0.006515718181617558,0.33913554251194,0.19914687052369118
505,0.001828956976550873,0.07887331582605839,0.04897112399339676,0.00038819309702375904,0.19848207011818886,0.057134488597512245,0.008565304067822632,0.005225212196819484,0.01197776095252436,0.00674374948721379,0.35095757991075516,0.2040460342541337
506,0.0018284435033007343,0.0781473908573389,0.047988468781113625,0.0003887817802024074,0.19878306984901428,0.057115484960377216,0.008563879390347634,0.005153442732989788,0.011991074750030447,0.006563809351064265,0.35173819959163666,0.20442684227600694
507,0.001827929111260528,0.07792512141168118,0.0476906169205904,0.00038893838063813746,0.19886313378810883,0.05829462315887213,0.0086518277982241,0.0053426072699949145,0.011775280901680342,0.006526861805468798,0.339192233979702,0.19874342856928706
508,0.001827413800994348,0.07931516133248806,0.04799780063331127,0.0004001285196864046,0.20458460599184036,0.05750053748488426,0.008592698311596538,0.005225007422268391,0.012025706829766104,0.006811175728216767,0.3537729009985924,0.20563671924173832
509,0.0018268975730672955,0.08066526614129543,0.04832100961357355,0.00041080268420046195,0.21004228293895721,0.05959766637533903,0.008747989265883145,0.0052289527375251055,0.011941173301057921,0.006521224044263363,0.34881676733493805,0.20420721685513854
510,0.0018263804280454774,0.079334681853652,0.048988073132932186,0.00039257224125321954,0.2007211185991764,0.05844232626259327,0.008662781586665036,0.0054007042199373245,0.011867091870907528,0.006557566463015974,0.34450215101242065,0.20147223863750696
511,0.0018258623664960066,0.0795322023332119,0.048785584047436714,0.00039608791121281683,0.20251866430044174,0.05808082688599825,0.008635947734579751,0.005338826566003263,0.011732491834182908,0.006343952496536076,0.33673159033060074,0.1974062086082995
512,0.0018253433889870011,0.08001438900828362,0.04820503853261471,0.0004053450029459782,0.20725178718566895,0.0574137344956398,0.008586210099888211,0.005267371656373143,0.012064819909821028,0.006696426891721785,0.3560778871178627,0.20674581080675125
513,0.001824823496087584,0.07879947125911713,0.048058643005788326,0.0003946095093851909,0.20176276937127113,0.058095323853194714,0.008637025460883452,0.005196903250180185,0.011710570288287467,0.006384696229360998,0.3354744240641594,0.19678487395867705
514,0.0018243026883678806,0.07989051751792431,0.048450762405991554,0.00040221127710537985,0.20564952865242958,0.058093493804335594,0.00863688951513385,0.005404499126598239,0.011927856416120479,0.0067183495266363025,0.3480391874909401,0.20306634064763784
515,0.001823780966399021,0.07845320552587509,0.04753904603421688,0.000395288341678679,0.20210984349250793,0.058068654499948025,0.00863504282082248,0.0052178994519636035,0.011964786115409708,0.0066452514147385955,0.3501976355910301,0.20413314504548907
516,0.0018232583307531372,0.07833096571266651,0.04799054469913244,0.00039056073728716,0.19969263672828674,0.05809067841619253,0.00863668016923718,0.005245166947133839,0.011886841675972136,0.006465113023295999,0.3456497937440872,0.20187023608013988
517,0.0018227347820033632,0.07766163162887096,0.04767302796244621,0.00038649931229883805,0.19761603698134422,0.05791286565363407,0.008623451917693535,0.005328645813278854,0.011929339226860248,0.006741893943399191,0.34812572598457336,0.20301929581910372
518,0.0018222103207238347,0.07758282497525215,0.04760925658047199,0.0003862275698338635,0.1974770948290825,0.057989262975752354,0.00862913780492096,0.0051751709543168545,0.012115970656827318,0.006766475737094879,0.35910362005233765,0.208546441514045
519,0.0018216849474896875,0.07772481627762318,0.04749572277069092,0.0003885042970068753,0.19864118844270706,0.05798671953380108,0.008628948507862784,0.005254795425571501,0.011891434154023665,0.006561541464179754,0.3459169343113899,0.2019518269225955
520,0.001821158662877058,0.07770908623933792,0.04710107762366533,0.0003914379049092531,0.20014112070202827,0.0573890246450901,0.008584362250467782,0.005279350909404457,0.011920115939072735,0.006485053454525769,0.34758760780096054,0.20248831622302532
521,0.0018206314674630816,0.07698633335530758,0.04817027039825916,0.00037600547511829063,0.1922505721449852,0.05728426855057478,0.008576523828502085,0.0051914394134655595,0.011797495577320934,0.00651799188926816,0.3404732570052147,0.19887876277789474
522,0.0018201033618258928,0.07592935301363468,0.0473046088591218,0.000372441514628008,0.19042832404375076,0.05739633459597826,0.008584909135835823,0.005250236019492149,0.01196123039879665,0.006712276488542557,0.34998954832553864,0.20369294146075845
523,0.001819574346544624,0.07663535885512829,0.0471993749961257,0.00038016885082470253,0.1943792924284935,0.05755194555968046,0.008596538570818412,0.005251253372989595,0.012247038637530858,0.007186017581261694,0.3669150322675705,0.21223348891362548
524,0.0018190444221994058,0.07804981619119644,0.04741607513278723,0.00039230559195857495,0.2005847729742527,0.057349455542862415,0.008581402192955277,0.005306219216436148,0.01220559111683186,0.006982683553360403,0.36443573981523514,0.21089259767904878
525,0.0018185135893713648,0.07728688418865204,0.047807471826672554,0.0003817828692262992,0.19520453736186028,0.057211204431951046,0.0085710526170592,0.005222682724706829,0.011957151997418269,0.006680382881313562,0.34975090622901917,0.2034810553304851
526,0.0018179818486426245,0.07621098682284355,0.04722078610211611,0.00037585137761197984,0.19217177107930183,0.058366596698760986,0.008657167068085796,0.005280635436065495,0.012151908843077335,0.006595666753128171,0.3612370789051056,0.2098018378019333
527,0.0018174492005963035,0.07724228501319885,0.04834902659058571,0.00037711000913986936,0.19281531497836113,0.057655299082398415,0.008604254114474501,0.005256461328826845,0.011946226362527165,0.006406940054148436,0.34911202639341354,0.20338366273790598
528,0.0018169156458165156,0.07895120419561863,0.048415967263281345,0.00039329790888587013,0.20109213143587112,0.058942198753356934,0.008699750088887152,0.005458213039673865,0.011909098744166197,0.006528167403303087,0.3469453975558281,0.20294379815459251
529,0.0018163811848883695,0.07876280136406422,0.048777710646390915,0.00038862554356455803,0.19870316982269287,0.05933480802923441,0.008728676301665274,0.005450057564303279,0.01195173053178773,0.00671829900238663,0.3494338020682335,0.20438430504873395
530,0.0018158458183979674,0.07752195559442043,0.048749517649412155,0.00037671176687581465,0.1926116906106472,0.057237960398197174,0.00857305642103636,0.0053629177855327725,0.012071770124350716,0.006826271419413388,0.35648827254772186,0.20686311647295952
531,0.0018153095469324034,0.07860945723950863,0.04801447596400976,0.00039309692510869354,0.20098937675356865,0.05807545408606529,0.008635548476244244,0.005299146054312587,0.01211673870547177,0.0072279199957847595,0.35914914309978485,0.20861229859292507
532,0.0018147723710797655,0.08011257275938988,0.047392526641488075,0.00041266161133535206,0.2109927497804165,0.057274467311799526,0.008575790073992071,0.005258483812212944,0.012426099093455626,0.007061487529426813,0.3777225837111473,0.21749852551147342
533,0.0018142342914291329,0.08003487810492516,0.04784300737082958,0.0004083775929757394,0.20880234986543655,0.05798863060772419,0.008629090902640413,0.005269109271466732,0.012255622592667648,0.007113347062841058,0.36742956936359406,0.21270909998565912
534,0.0018136953085705755,0.0793142169713974,0.04761469829827547,0.0004031163625768386,0.20611229166388512,0.05782163701951504,0.008616656916763318,0.005399536341428757,0.011859716191377566,0.00660198531113565,0.3440740630030632,0.20094785001128912
535,0.0018131554230951545,0.07661395706236362,0.0478495629504323,0.0003748729795916006,0.19167152792215347,0.05898490734398365,0.008702901373715523,0.005331614753231406,0.011836681367672578,0.006333685014396906,0.3427387773990631,0.20086184237152338
536,0.00181261463559492,0.07685017585754395,0.046971388161182404,0.0003840531426249072,0.19636531919240952,0.05967479385435581,0.00875364818410307,0.005493718781508505,0.012387606199124058,0.006888413685373962,0.3753860369324684,0.2175304153934121
537,0.0018120729466629126,0.07819145917892456,0.04768009204417467,0.00039162525354186073,0.20023691281676292,0.059678022749722004,0.008753884862671674,0.005338194314390421,0.012583078892861959,0.007068234612233937,0.3873264789581299,0.22350225085392594
538,0.0018115303568931602,0.07910696044564247,0.04787431377917528,0.00039905855373945087,0.20403753966093063,0.05976342596113682,0.008760146209001528,0.005462163942866027,0.012170924640473275,0.00675701629370451,0.36236853152513504,0.21106597874313593
539,0.001810986866880679,0.07732172682881355,0.04837998654693365,0.00037764467560919,0.19308869168162346,0.05899545457214117,0.00870367937694909,0.00546367175411433,0.011940386951824313,0.00645914429333061,0.3487708270549774,0.2038831408135593
540,0.0018104424772214722,0.07540666125714779,0.04700784385204315,0.00036965173785574734,0.1890019290149212,0.05898428801447153,0.008702855600506121,0.005332804401405156,0.012033418536502617,0.006577612599357963,0.3542267754673958,0.20660553174093366
541,0.0018098971885125302,0.0751534029841423,0.0473142359405756,0.0003647781486506574,0.18651006370782852,0.05782102979719639,0.008616611740918842,0.005269736051559448,0.01204727373097424,0.006439632619731128,0.3550429493188858,0.2064319895580411
542,0.0018093510013518289,0.073877964168787,0.046875348314642906,0.0003557390737114474,0.1818884126842022,0.05859461426734924,0.00867406085038099,0.0053478695917874575,0.01219124578023448,0.0066806834656745195,0.3635796010494232,0.21108710765838623
543,0.0018088039163383293,0.07528018020093441,0.047071320936083794,0.00036791830643778667,0.18811561539769173,0.05810211878269911,0.008637530473759755,0.0052700183587148786,0.012146717468242358,0.006797134294174612,0.3609285280108452,0.20951532339677215
544,0.0018082559340719772,0.07474731095135212,0.04704998712986708,0.0003628742342698388,0.18553660064935684,0.05756378918886185,0.008597422994768974,0.0051732367137447,0.012258587681722206,0.006884679198265076,0.36760736256837845,0.21258557587862015
545,0.0018077070551537028,0.07573468424379826,0.046909285709261894,0.00037363055162131786,0.19103628024458885,0.058560412377119064,0.008671528928392788,0.005423682508990169,0.012073789234915457,0.006775050424039364,0.3566075265407562,0.20758396945893764
546,0.0018071572801854183,0.07535760290920734,0.046915361657738686,0.00036989551881561056,0.18912656605243683,0.058884017169475555,0.008695455149520363,0.0052771170157939196,0.012188741870664994,0.00660219881683588,0.36343027651309967,0.2111571468412876
547,0.00180660660977002,0.07482802495360374,0.04727200232446194,0.0003619266572059132,0.18505210801959038,0.05859195813536644,0.00867386425020478,0.005315746646374464,0.012361868606539591,0.007148982957005501,0.3738277927041054,0.2162098754197359
548,0.001806055044511385,0.07623320817947388,0.0473503191024065,0.00037505532236536965,0.19176476076245308,0.057791534811258316,0.00861441377665185,0.005250938353128731,0.012156776754844164,0.006793601554818451,0.3615265488624573,0.2096590418368578
549,0.0018055025850143727,0.07399499230086803,0.04679101426154375,0.000357543263817206,0.18281089141964912,0.05833870265632868,0.008655098146433927,0.0053166106808930635,0.012109009609602903,0.006799313006922603,0.35869109630584717,0.20851489948108792
550,0.001804949231884823,0.07301963120698929,0.046761234290897846,0.0003482381289359182,0.17805320769548416,0.057999725453555584,0.008629916134764075,0.0052353417268022895,0.012120499279225693,0.0066295473370701075,0.3593720942735672,0.2086859098635614
551,0.0018043949857295546,0.07327650859951973,0.04632499907165766,0.00035416297032497823,0.18108254671096802,0.05799033958464861,0.008629217907102754,0.0053265782771632075,0.011974081028842216,0.006581919849850237,0.3507419526576996,0.2043661461211741
552,0.001803839847156367,0.07303505577147007,0.04590544383972883,0.0003550840192474425,0.18155349418520927,0.058002942241728306,0.008630155679706802,0.005277466028928757,0.012095388154999623,0.006537376786582172,0.3578845486044884,0.20794374542310834
553,0.0018032838167740372,0.07453889213502407,0.04625945724546909,0.00036702061333926395,0.18765663728117943,0.05918447859585285,0.008717611782235422,0.005416409578174353,0.012240586504313497,0.006640116684138775,0.36652854830026627,0.21285651344805956
554,0.001802726895192321,0.07584718428552151,0.047423286363482475,0.0003707094947458245,0.1895427517592907,0.059051983058452606,0.008707848059704454,0.005247969413176179,0.012039405762703745,0.00647235254291445,0.3545793518424034,0.206815667450428
555,0.0018021690830219515,0.07317198626697063,0.046496810391545296,0.0003517966761137359,0.17987267300486565,0.058509391732513905,0.00866775043454852,0.005357440677471459,0.01214458197360015,0.0064835764933377504,0.3608016073703766,0.20965549955144525
556,0.0018016103808746375,0.07367573492228985,0.0467308321967721,0.0003548920576577075,0.1814553402364254,0.05969526991248131,0.008755149706595567,0.00536726089194417,0.01208010368799328,0.006657785037532449,0.356980636715889,0.20833795331418514
557,0.0018010507893630647,0.07555334083735943,0.04775125440210104,0.00036527025076793507,0.18676167353987694,0.059515390545129776,0.008741948826860564,0.005494652432389557,0.012180110482627503,0.006640623905695975,0.3629157319664955,0.21121556125581264
558,0.001800490309100894,0.07559231296181679,0.0482056001201272,0.0003620969146140851,0.18513915315270424,0.060094368644058704,0.008784367587227906,0.0054318312322720885,0.012209927692107207,0.006737641058862209,0.3646947368979454,0.21239455277100205
559,0.0017999289407027604,0.0738387405872345,0.047275809571146965,0.0003522226179484278,0.18009046465158463,0.05886367708444595,0.008693953360034402,0.005510373623110354,0.012039213428293508,0.0066071473993361,0.3545680120587349,0.20671584457159042
560,0.0017993666847842735,0.07304364070296288,0.04666682053357363,0.00034921153564937413,0.17855091020464897,0.059080992825329304,0.008709986943323889,0.005307441111654043,0.012212218732095307,0.006557878339663148,0.3648316264152527,0.211956309620291
561,0.0017988035419620155,0.07327375747263432,0.046583316288888454,0.0003521151447785087,0.180035512894392,0.057764388620853424,0.008612390343071373,0.005263251485303044,0.012149846572463976,0.006592476856894791,0.3611144945025444,0.2094394415616989
562,0.0017982395128535418,0.07354743964970112,0.04647821839898825,0.0003556136944098398,0.18182431533932686,0.05909648258239031,0.008711128698509764,0.0052749988390132785,0.012105608500245684,0.0066957162925973535,0.35848962515592575,0.20879305386915803
563,0.0017976745980773793,0.07441861182451248,0.047142818570137024,0.0003589336120057851,0.18352177366614342,0.058896384201943874,0.008696368523227459,0.0053281590808182955,0.012140157778438625,0.00657902704551816,0.3605387806892395,0.2097175824455917
564,0.0017971087982530263,0.07425610534846783,0.04679776821285486,0.00036004385765409097,0.18408944457769394,0.059308016672730446,0.008726705104201442,0.00533689244184643,0.012173871958423572,0.006717189564369619,0.36254405975341797,0.2109260382130742
565,0.001796542114000952,0.07521125860512257,0.047206057235598564,0.0003661902228486724,0.18723206222057343,0.05878940224647522,0.008688466804449768,0.005342487711459398,0.012243835131943747,0.0066484385170042515,0.36672308295965195,0.21275624260306358
566,0.0017959745459425953,0.07265198603272438,0.046232073567807674,0.00034878269070759416,0.1783316396176815,0.05841425247490406,0.008660700669476074,0.005343628930859268,0.012233682090522505,0.006809757789596915,0.36611517518758774,0.2122647138312459
567,0.0017954060947003633,0.07424098625779152,0.046527703292667866,0.0003620088173192926,0.18509411439299583,0.05968337692320347,0.008754277373426026,0.0053349442314356565,0.012209168783436614,0.006574912229552865,0.3646494150161743,0.2121663959696889
568,0.0017948367608976335,0.07278334721922874,0.04601610731333494,0.0003517568184179254,0.17985229194164276,0.059589684009552,0.008747403397049764,0.005586963496170938,0.01223652004735904,0.0067073749378323555,0.3662850633263588,0.2129373736679554
569,0.0017942665451587494,0.07343565300107002,0.046430233865976334,0.00035489592846715823,0.18145731464028358,0.059892840683460236,0.00876962614117628,0.005322394194081426,0.012470742172282393,0.0068646196741610765,0.3804415538907051,0.22016719728708267
570,0.0017936954481090229,0.07332358323037624,0.04664023872464895,0.00035215708339819685,0.18005695566534996,0.05929430481046438,0.008725696407522323,0.005359300295822322,0.012254526604418227,0.006537744076922536,0.367363840341568,0.2133290725760162
571,0.001793123470374732,0.07267087325453758,0.04674238711595535,0.00034497508022468537,0.1763848066329956,0.059747166000306606,0.008758954564427157,0.005293843802064657,0.012326459790462051,0.0067612152779474854,0.3716892898082733,0.21571822790428996
572,0.00179255061258312,0.07298532500863075,0.046427519991993904,0.0003505134300212376,0.17921654880046844,0.06003420241177082,0.008779969122359874,0.00543995201587677,0.012269534935287646,0.006829720688983798,0.36826422810554504,0.21414921525865793
573,0.0017919768753623963,0.0741388350725174,0.04662153869867325,0.00036027576425112784,0.1842080056667328,0.05928896274417639,0.008725303444935117,0.005319264251738787,0.012395819291067952,0.006796683883294463,0.3758839815855026,0.2175864721648395
574,0.0017914022593417335,0.07432720810174942,0.04641493409872055,0.00036373419425217435,0.1859762966632843,0.058458092622458935,0.008663949927794762,0.005274356924928725,0.012447057452087306,0.006834067753516138,0.378997839987278,0.21872796630486846
575,0.001790826765151269,0.07299995608627796,0.04548967257142067,0.0003579934636945836,0.18304107710719109,0.058608212508261204,0.008675067163798065,0.005309524713084102,0.012239537767135655,0.006908884388394654,0.3664657399058342,0.2125369762070477
576,0.0017902503934221024,0.07303964532911777,0.04526643734425306,0.0003601280404836871,0.18413247913122177,0.059472509659826756,0.008738798925665588,0.005291865672916174,0.012441693758618071,0.006954883807338774,0.3786712661385536,0.2190718878991902
577,0.001789673144786296,0.07349474728107452,0.04614261910319328,0.00035772389674093574,0.1829032525420189,0.059350947849452496,0.008729863223816177,0.005439380533061922,0.012635856480204637,0.007294798153452575,0.3905824199318886,0.22496668389067054
578,0.0017890950198768743,0.07300355471670628,0.045837328769266605,0.00035530883906176314,0.18166843801736832,0.05829632841050625,0.008651954258684898,0.005283180275000632,0.012469769390284572,0.00688622088637203,0.3803821876645088,0.21933925803750753
579,0.0017885160193278212,0.07188990339636803,0.0458618002012372,0.0003442269880906679,0.17600231245160103,0.059727258048951626,0.008757495028010721,0.005365592776797712,0.012456417001599315,0.006826639408245683,0.3795680105686188,0.2196476343087852
580,0.0017879361437740824,0.07127747870981693,0.04559117555618286,0.00034035523276543245,0.17402269318699837,0.05825347080826759,0.008648773369036841,0.005266493535600603,0.012144245268320933,0.006510710110887885,0.36078162491321564,0.20951754786074162
581,0.0017873553938515625,0.0708333607763052,0.046018132008612156,0.0003326719888718799,0.17009427025914192,0.06020907498896122,0.008792747384890137,0.005458068568259478,0.01251449157048716,0.006821714458055794,0.3831155002117157,0.22166228760033846
582,0.001786773770197125,0.07019276916980743,0.04542623274028301,0.00033103815076174214,0.16925890371203423,0.058878461830317974,0.008695045130352014,0.005314152454957366,0.012246133939340192,0.0065664456924423575,0.3668608292937279,0.21286964556202292
583,0.0017861912734485912,0.0702555812895298,0.045657298527657986,0.00032984474091790617,0.16864871606230736,0.06009291019290686,0.00878426104845729,0.005483426270075142,0.012331439937838206,0.00670753070153296,0.3719896823167801,0.21604129625484347
584,0.0017856079042447403,0.07030351832509041,0.045787583105266094,0.0003292942565167323,0.16836724802851677,0.05983022041618824,0.008765040250417555,0.005237712641246617,0.012318884722548313,0.006625151494517922,0.37123261392116547,0.21553141716867685
585,0.0017850236632253086,0.06930943578481674,0.04527348279953003,0.00032359502802137285,0.1654532514512539,0.058980777859687805,0.008702596841489187,0.005310750566422939,0.012524935598092438,0.006815896602347493,0.38375526666641235,0.22136802226305008
586,0.0017844385510309877,0.06884939223527908,0.04564425814896822,0.00031619555375073105,0.16166992112994194,0.05994933471083641,0.008773761106470577,0.005337299895472825,0.01242616994339452,0.006670212838798761,0.3777268975973129,0.21883811615407467
587,0.001783852568303425,0.06937418505549431,0.04532728157937527,0.0003238073186366819,0.16556179150938988,0.05941034387797117,0.008734230587247982,0.005433920421637595,0.01242707748952767,0.006722572259604931,0.37778207659721375,0.21859621023759246
588,0.0017832657156852223,0.07031851448118687,0.045274331234395504,0.00033345619158353657,0.17049524188041687,0.06014347821474075,0.008787956226118923,0.005295886192470789,0.01248449492811883,0.006812353152781725,0.3812811002135277,0.22071228921413422
589,0.0017826779938199353,0.07129794731736183,0.045415546745061874,0.0003419293716433458,0.17482754588127136,0.0607594083994627,0.008832840289899125,0.0055742275435477495,0.012434277836525412,0.0068774528335779905,0.37821999192237854,0.21948970016092062
590,0.0017820894033520733,0.07350053638219833,0.046959600411355495,0.00035138909152010456,0.1796642765402794,0.06062711030244827,0.00882321861394695,0.005307877319864929,0.012719032046463684,0.007251376868225634,0.39574136584997177,0.22818423807621002
591,0.0017814999449270981,0.07187564205378294,0.045874630101025105,0.00034398714342387393,0.17587967589497566,0.061556752771139145,0.008890608137663706,0.005629135295748711,0.012715352928963244,0.00733644503634423,0.3955124542117119,0.22853460349142551
592,0.0017809096191914228,0.07553577050566673,0.04726682975888252,0.00036888821341563016,0.18861152976751328,0.05941193364560604,0.008734347420232895,0.0053063975647091866,0.012568036553811604,0.007193685625679791,0.3864009901881218,0.22290646191686392
593,0.0017803184267924117,0.07527125999331474,0.04582301713526249,0.000377596850739792,0.19306423515081406,0.05904745031148195,0.008707513932449186,0.005342365708202124,0.012839871500637784,0.007306101033464074,0.40329670906066895,0.23117207968607545
594,0.0017797263683783802,0.07385860569775105,0.046386970207095146,0.00035937049688072875,0.1837451420724392,0.06016872823238373,0.008789800697360045,0.005507585359737277,0.012159741264401225,0.006521638133563101,0.36170290410518646,0.2109358161687851
595,0.0017791334445985932,0.07210257463157177,0.04652921576052904,0.0003410853460081853,0.17439600080251694,0.059645919129252434,0.008751529844151267,0.005407321848906577,0.012449096934548012,0.006727836211211979,0.3791220337152481,0.21938397642225027
596,0.0017785396561032635,0.07097653672099113,0.04674373473972082,0.0003283955520601012,0.1679077409207821,0.06086766812950373,0.008840705969154379,0.005404584109783173,0.012294499130665966,0.006713822018355131,0.3697643205523491,0.2153159943409264
597,0.0017779450035435539,0.06899288110435009,0.046238820999860764,0.000312947369820904,0.16000912338495255,0.059278118424117565,0.00872450537413572,0.005526462919078767,0.012526255518938644,0.006771988817490637,0.38383614271879196,0.22155713057145476
598,0.001777349487571573,0.06750988028943539,0.04533910285681486,0.00030548369977623224,0.15619298443198204,0.059413970448076725,0.00873449705163966,0.005361520918086171,0.012407939844691093,0.00671200139913708,0.3766194060444832,0.21801668824627995
599,0.0017767531088403777,0.06764906272292137,0.045228549279272556,0.00030770967714488506,0.15733110904693604,0.060135879553854465,0.00878740107045432,0.005301564116962254,0.01257835398271774,0.00691801228094846,0.38703564554452896,0.2235857625491917
600,0.00177615586800397,0.06661610119044781,0.04422785248607397,0.0003054369444726035,0.1561690792441368,0.059784719720482826,0.008761706720257072,0.005375601467676461,0.012622343436012514,0.0068921539932489395,0.3897475004196167,0.22476611007004976
601,0.0017755577657172983,0.06685799732804298,0.04475695174187422,0.00030366321152541786,0.15526217222213745,0.05982659664005041,0.00876477461082524,0.0052879758877679706,0.012680985546186492,0.006973784533329308,0.3933773338794708,0.22660196525976062
602,0.0017749588026362542,0.0672944076359272,0.04466911684721708,0.00030861807317705825,0.15779556706547737,0.061099568381905556,0.008857531036094117,0.005440901266410947,0.01281680704708275,0.0071108684642240405,0.4018491357564926,0.23147435206919909
603,0.0017743589794176748,0.06893463991582394,0.04471165221184492,0.00032432520674774423,0.16582658514380455,0.0594018055126071,0.008733602661279871,0.005311321816407144,0.012694629607265494,0.0068457231391221285,0.39422430843114853,0.2268130569718778
604,0.0017737582967193397,0.0680282823741436,0.04474739730358124,0.0003151822747895494,0.16115183383226395,0.06017120648175478,0.008789981667317513,0.005372041137889028,0.012878955388042302,0.007089832448400557,0.4057556763291359,0.23296344140544534
605,0.001773156755199971,0.06783667206764221,0.04419873375445604,0.00031760079582454637,0.1623884253203869,0.059740642085671425,0.008758476178966133,0.005333972512744367,0.012563328573001728,0.006973805138841271,0.3861115276813507,0.22292608488351107
606,0.0017725543555192327,0.06634379364550114,0.044192287139594555,0.00030305227846838534,0.15494980663061142,0.062050586566329,0.008926198826852,0.005633516702800989,0.012811988876341602,0.006957708043046296,0.40154705941677094,0.23179882299154997
607,0.00177195109833773,0.06728776916861534,0.04524678457528353,0.000304033856082242,0.1554516963660717,0.06094485055655241,0.008846309484168155,0.005336086265742779,0.012725297627413456,0.006938511040061712,0.39613135904073715,0.22853810479864478
608,0.0017713469843170086,0.06581448018550873,0.04450060334056616,0.00029546408040914685,0.1510699838399887,0.060078052803874016,0.0087831751904177,0.005343510303646326,0.012700446631244998,0.006821791175752878,0.3945856913924217,0.22733187209814787
609,0.0017707420141195532,0.06603342667222023,0.0439233873039484,0.0003021208831341937,0.15447358042001724,0.06068606115877628,0.008827507542364192,0.005423995899036527,0.012569327057363393,0.00682879111263901,0.38648030906915665,0.22358318511396646
610,0.001770136188408788,0.0676926663145423,0.04420801158994436,0.00031611994927516207,0.161631278693676,0.06127782817929983,0.008870442617194732,0.0054662119364365935,0.012551393871650532,0.0068036336451768875,0.38537830114364624,0.22332806466147304
611,0.0017695295078490754,0.06799899786710739,0.045035408809781075,0.0003126427036477253,0.15985335037112236,0.060551274567842484,0.008817698515586768,0.0055138899479061365,0.012858484845438953,0.0070328249130398035,0.4044668599963188,0.23250906728208065
612,0.0017689219731057144,0.0660021398216486,0.0446216044947505,0.0002963526130770333,0.15152427554130554,0.06019321456551552,0.008791588918515357,0.005290772765874863,0.013216333169453073,0.007417205022647977,0.4272925332188606,0.24374287389218807
613,0.0017683135848449419,0.06662827357649803,0.04445049725472927,0.00030381423130165786,0.15533937886357307,0.06147177144885063,0.00888446893433674,0.005455960868857801,0.012807776194571442,0.0071531489957123995,0.40128304064273834,0.2313774060457945
614,0.0017677043437339297,0.06635952182114124,0.04410313069820404,0.0003039036237169057,0.1553850807249546,0.06090443953871727,0.008843375810288755,0.005476984544657171,0.012948190409027217,0.00714828388299793,0.41012994945049286,0.23551719449460506
615,0.001767094250440786,0.06877232529222965,0.04465455748140812,0.0003231845621485263,0.16524338349699974,0.06089264899492264,0.008842519997781934,0.0054220560705289245,0.013158129426123178,0.007427811506204307,0.4235372841358185,0.24221496656537056
616,0.0017664833056345523,0.06733349338173866,0.04349669348448515,0.00031817242052056827,0.16268068552017212,0.05985267926007509,0.008766685480066674,0.005371184088289738,0.012806327911635522,0.007072509033605456,0.4011923000216484,0.23052248964086175
617,0.0017658715099852051,0.06585809215903282,0.04388879518955946,0.0003006768965860829,0.15373527258634567,0.060567378997802734,0.008818871290606798,0.005462717730551958,0.01273453638198132,0.006972098140977323,0.3967067748308182,0.22863707691431046
618,0.0017652588641636528,0.06739976070821285,0.04380362294614315,0.00031641927489545196,0.16178429871797562,0.06101142521947622,0.008851139751280797,0.00538142304867506,0.01281277241554447,0.006950772018171847,0.40159616619348526,0.23130379570648074
619,0.001764645368841737,0.07273268885910511,0.04500196222215891,0.0003591953354771249,0.18365559354424477,0.06110064219683409,0.008857608867484408,0.005723254871554673,0.012912807295432338,0.007105606608092785,0.40789153426885605,0.23449608823284507
620,0.0017640310246922301,0.0712766945362091,0.04465746600180864,0.00034765215968945995,0.17775360122323036,0.062170080840587616,0.008934789562638884,0.005543192499317229,0.012611784354754803,0.006871993420645595,0.3890956863760948,0.22563288360834122
621,0.0017634158323888364,0.07021250575780869,0.04543913062661886,0.0003311302571091801,0.16930599510669708,0.06110790651291609,0.00885813559757236,0.005371181410737336,0.01268331598211794,0.006836572545580566,0.3935219645500183,0.2273149355314672
622,0.0017627997926061895,0.06669022236019373,0.044784706085920334,0.0003018054412677884,0.15431229397654533,0.06090083438903093,0.008843114169395172,0.005390146863646805,0.012759172004848298,0.007031222339719534,0.39824314415454865,0.2295719892717898
623,0.0017621829060198524,0.06431923247873783,0.0436154380440712,0.0002877668448491022,0.14713439717888832,0.059667314402759075,0.008753099476643166,0.005326076177880168,0.0133031486727771,0.007482908549718559,0.4329245686531067,0.24629594152793288
624,0.001761565173306317,0.06555998511612415,0.04314126819372177,0.00030360981327248737,0.15523486211895943,0.060749806463718414,0.00883214224623328,0.005409025587141514,0.01296556496121819,0.00715576543007046,0.4112313538789749,0.23599058017134666
625,0.0017609465951430028,0.0629913005977869,0.04286103788763285,0.0002806828051689081,0.14351234957575798,0.06192838028073311,0.008917404810627794,0.005600375006906688,0.012971540664572817,0.00718263303861022,0.4116104990243912,0.23676943965256214
626,0.0017603271722082567,0.06464491691440344,0.043866255320608616,0.00028898952587042004,0.1477595530450344,0.061168341897428036,0.00886251476675287,0.005428991164080799,0.013124130676049823,0.007466996205039322,0.4213513806462288,0.2412598612718284
627,0.0017597069051813522,0.0633447989821434,0.04295851197093725,0.00028337712137727067,0.144889947026968,0.06149992626160383,0.008886503184076437,0.005498556885868311,0.013399473165398836,0.007523764972575009,0.43921661376953125,0.25035827001556754
628,0.0017590857947424876,0.06499569676816463,0.04315283615142107,0.00029800108313793316,0.15236713737249374,0.06251887418329716,0.008959818165373112,0.005485639208927751,0.013420293382685194,0.007730143028311431,0.44058261066675186,0.2515507424250245
629,0.0017584638415727868,0.06656630150973797,0.044158484786748886,0.0003054926564800553,0.15619756281375885,0.061394227668643,0.008878863586306183,0.005488031194545329,0.013204515074888273,0.007298890617676079,0.4265286922454834,0.2439614599570632
630,0.001757841046354298,0.06500774063169956,0.04371729586273432,0.000293702949420549,0.1501695066690445,0.0607529217377305,0.008832368789536952,0.005529486923478544,0.012886033106152883,0.007147563970647752,0.4062017723917961,0.2334773470647633
631,0.0017572174097699922,0.06319944094866514,0.04351429734379053,0.0002776075998554006,0.14194001257419586,0.06196271814405918,0.008919876525029418,0.005522796884179115,0.013022675995406187,0.0070961222518235445,0.41486213356256485,0.23841242585331202
632,0.0017565929325037634,0.062214283272624016,0.04313553776592016,0.00027093683456769213,0.13852926343679428,0.06199545878916979,0.008922232979632646,0.00536296411883086,0.013068736671551586,0.007156221312470734,0.41780202835798264,0.2398987435735762
633,0.0017559676152404278,0.06300177983939648,0.04392256587743759,0.00027248069091001526,0.13931863009929657,0.06272356491535902,0.008974473500513886,0.005496400757692754,0.01312486024011199,0.007034368580207229,0.42139821499586105,0.24206088995561004
634,0.0017553414586657223,0.06367470696568489,0.04397068452090025,0.00027868484903592616,0.14249079674482346,0.06305819470435381,0.008998381264609685,0.005690751131623983,0.012850651253987147,0.007028874009847641,0.40397416055202484,0.23351617762818933
635,0.001754714463466304,0.06369788013398647,0.043343549594283104,0.0002838176296791062,0.1451151818037033,0.0616858908906579,0.008899928668957406,0.005436733248643577,0.012874407731443306,0.006870714365504682,0.4054691717028618,0.23357753129675984
636,0.0017540866303297504,0.0632857820019126,0.0432552732527256,0.00028047835803590715,0.14340781420469284,0.06205403432250023,0.008926446926727994,0.00551623257342726,0.013205815970049174,0.007329529267735779,0.4266127422451973,0.24433338828384876
637,0.0017534579599445576,0.061762625351548195,0.043015627190470695,0.0002674581410246901,0.13675060495734215,0.06221896316856146,0.008938301426780643,0.005401998641900718,0.013291300339455643,0.007320432690903544,0.43215373158454895,0.2471863473765552
638,0.0017528284530001397,0.06269356235861778,0.043300711549818516,0.00027433151626610197,0.14026495441794395,0.06318628508597612,0.009007515662220477,0.005512865958735347,0.013213746261839791,0.0071688067400828,0.4271252751350403,0.2451557801105082
639,0.0017521981101868275,0.06138911284506321,0.042570685967803,0.0002672864211490378,0.13666281662881374,0.061969928443431854,0.008920395398122526,0.0054657511645928025,0.013133701317681481,0.007134225219488144,0.42196614295244217,0.241968035697937
640,0.0017515669321958702,0.061819990165531635,0.04213194828480482,0.0002749323430180084,0.14057214930653572,0.06275868695229292,0.008976985731062965,0.005431065801531076,0.013265682140731424,0.007223708205856383,0.4304894506931305,0.2466240688227117
641,0.0017509349197194315,0.0628660237416625,0.042818826623260975,0.0002797879424178973,0.14305481128394604,0.061783164739608765,0.008906943376651244,0.00536562642082572,0.01311174504392927,0.007088353275321424,0.420556478202343,0.24116982147097588
642,0.0017503020734505902,0.06139069236814976,0.04267134144902229,0.00026651441658032127,0.13626809604465961,0.06208529695868492,0.008928695405870744,0.005447383504360914,0.01313766923570565,0.007064144592732191,0.4222211539745331,0.242153225466609
643,0.0017496683940833406,0.06160193309187889,0.043085371144115925,0.0002653411211213097,0.1356681864708662,0.0635735159739852,0.009035074335806732,0.005563165061175823,0.013312745561228707,0.0073000427801162004,0.4335494115948677,0.24856146378442645
644,0.0017490338823125894,0.061084809713065624,0.04249775595963001,0.00026488116054679267,0.13543301448225975,0.06405077408999205,0.009068924882064792,0.005548156448639929,0.01310345054188796,0.007185284281149507,0.4200245514512062,0.24203766277059913
645,0.0017483985388341563,0.06234842911362648,0.043109262362122536,0.00027245421006227843,0.13930509611964226,0.06382929906249046,0.009053232043708254,0.005771781550720334,0.013423137121651302,0.00725249876268208,0.44076934456825256,0.2522993218153715
646,0.001747762364344774,0.0616750568151474,0.0431351512670517,0.0002656667238625232,0.13583466783165932,0.06248960457742214,0.008957720355063287,0.005558151751756668,0.013042913251816881,0.007168727228417993,0.4161525145173073,0.2393210595473647
647,0.0017471253595420849,0.06102253310382366,0.042044649831950665,0.0002678169257706031,0.1369340568780899,0.06311403308063745,0.009002364181181482,0.005605081329122186,0.013624236544582356,0.0074894631979987025,0.4540751054883003,0.2585945692844689
648,0.0017464875251246438,0.06224906351417303,0.04212393891066313,0.0002791909209918231,0.14274955540895462,0.06443538889288902,0.00909611313410734,0.005472814780659974,0.01314355935745821,0.007152806269004941,0.42259981483221054,0.24351760186254978
649,0.0017458488617919134,0.06190367601811886,0.04171874839812517,0.0002789832651615143,0.14264338091015816,0.06250221282243729,0.008958623943731911,0.0055949261877685785,0.01337165854828975,0.0073860856937244534,0.4373950883746147,0.249948650598526
650,0.0017452093702442673,0.06266817636787891,0.04290188290178776,0.0002772034131339751,0.1417333483695984,0.06376088317483664,0.009048378889336602,0.005715524661354721,0.013348525001473332,0.007402522023767233,0.43588297069072723,0.24982192693278193
651,0.0017445690511829859,0.06189353112131357,0.041944682598114014,0.00027711653092410415,0.14168892055749893,0.062492684461176395,0.00895794118430501,0.005506360321305692,0.013336662970134378,0.007205059053376317,0.43510862439870834,0.24880065442994237
652,0.0017439279053102577,0.0605587512254715,0.041977730579674244,0.000263805082795443,0.1348828226327896,0.06476503983139992,0.009119351067736212,0.005503705702722073,0.01321496145848311,0.007156725390814245,0.42720382660627365,0.24598443321883678
653,0.0017432859333291774,0.06091666221618652,0.041895829141139984,0.0002679458921193145,0.13699999824166298,0.06243640556931496,0.008953906714414874,0.00560845120344311,0.013290011233675828,0.007229373208247125,0.43206991255283356,0.24725315906107426
654,0.0017426431359437462,0.05966329388320446,0.04183577839285135,0.0002561589026299771,0.130973344668746,0.0636693425476551,0.009041881299250458,0.005535876844078302,0.013171508612170368,0.007227021153084934,0.4243990406394005,0.2440341915935278
655,0.0017419995138588708,0.06033412739634514,0.04236663691699505,0.000258565996773541,0.13220408372581005,0.0640473011881113,0.009068678874870749,0.005647688522003591,0.013186846217098123,0.007206511218100786,0.4253879711031914,0.24471763614565134
656,0.001741355067780361,0.05981049221009016,0.04271638300269842,0.0002507092140149325,0.12818693183362484,0.06635290756821632,0.009230465271476815,0.005650075851008296,0.013435624524629118,0.0072460033698007464,0.4415898099541664,0.25397135876119137
657,0.001740709798414931,0.06105138920247555,0.043873993679881096,0.00025378773352713324,0.1297609694302082,0.06698428653180599,0.009274277427381983,0.005694104125723243,0.013391534821266041,0.007383908028714359,0.43869636952877045,0.2528403280302882
658,0.0017400637064701981,0.06064406968653202,0.043912373483181,0.00024950426086434163,0.12757084891200066,0.0645205294713378,0.009102120280058034,0.005466374452225864,0.013271575206202958,0.007199177285656333,0.43087200820446014,0.24769626883789897
659,0.0017394167926546814,0.05879766307771206,0.04193877708166838,0.00024688807388884015,0.12623319402337074,0.06611181609332561,0.009213680779273868,0.005784915178082883,0.013436366281577005,0.007371545536443591,0.4416385591030121,0.25387518759816885
660,0.0017387690576778007,0.05999345798045397,0.042394133284687996,0.00025501947311568074,0.13039075583219528,0.06526582781225443,0.009154540072314725,0.005558155011385679,0.01342207643125795,0.007273189956322312,0.44069967418909073,0.2529827510006726
661,0.0017381205022498772,0.06005385238677263,0.04171872604638338,0.0002608939648780506,0.13339435681700706,0.06575193628668785,0.009188568845331707,0.005923175252974033,0.013416838424587503,0.007465940783731639,0.4403557851910591,0.2530538607388735
662,0.0017374711270821315,0.0610044589266181,0.04303153231739998,0.0002599195759103168,0.13289617002010345,0.06614017114043236,0.009215656274800654,0.00569774501491338,0.013664481625842856,0.0075420362409204245,0.4567616730928421,0.26145092211663723
663,0.0017368209328866829,0.0611386988312006,0.04194742254912853,0.0002697135496418923,0.13790380582213402,0.06614033505320549,0.00921566782154353,0.005622120224870741,0.013376398464963486,0.007374802487902343,0.43770521879196167,0.2519227769225836
664,0.0017361699203765491,0.062397994101047516,0.04313443414866924,0.0002727419887378346,0.13945223204791546,0.06459048949182034,0.00910705395066349,0.005735930521041155,0.01347072921999537,0.0074401304591447115,0.4439004063606262,0.2542454479262233
665,0.0017355180902656456,0.06044771708548069,0.041252764873206615,0.0002683908969629556,0.13722752779722214,0.06566963344812393,0.009182816638538094,0.005595904658548534,0.013234418842820521,0.007284173043444753,0.42846277356147766,0.2470662035048008
666,0.001734865443268783,0.059825094416737556,0.04208804853260517,0.0002557675979915075,0.13077327236533165,0.06497610360383987,0.009134198409538961,0.005554803065024316,0.013503658025589263,0.007462901412509382,0.4460732787847519,0.2555246911942959
667,0.0017342119801016696,0.05817938223481178,0.04138576611876488,0.0002451682084938511,0.12535383738577366,0.06390757486224174,0.00905878140346196,0.005451571079902351,0.01315585115991537,0.007194473873823881,0.42339063435792923,0.2436491046100855
668,0.0017335577014809078,0.05730446893721819,0.04120759852230549,0.00023800626513548195,0.12169194966554642,0.06498924270272255,0.009135121976773566,0.005629775696434081,0.01351765077539141,0.007375474669970572,0.4469982013106346,0.2559937220066786
669,0.001732902608123994,0.056633214466273785,0.04084243904799223,0.00023429876455338672,0.11979631148278713,0.06396040413528681,0.009062524517515332,0.005514279357157648,0.013351881973594873,0.007255312171764672,0.4361022263765335,0.25003131525591016
670,0.0017322467007493188,0.05623607989400625,0.04020123276859522,0.00023543147108284757,0.12037546187639236,0.06517910771071911,0.009148456300397824,0.005671243532560766,0.013539190366354986,0.007442903588525951,0.4484238773584366,0.25680149253457785
671,0.0017315899800761645,0.05541687645018101,0.04016472492367029,0.00022770605210098438,0.11642547883093357,0.06509300321340561,0.009142411654829501,0.005528934998437762,0.013424510189422386,0.0073109581135213375,0.44085951149463654,0.2529762573540211
672,0.0017309324468247063,0.05470237508416176,0.0396914454177022,0.0002244214920210652,0.1147460900247097,0.0640809265896678,0.009071059338631723,0.005517166689969599,0.013453525731894199,0.007279004668816924,0.44276731461286545,0.2534241206012666
673,0.0017302741017160101,0.054126095958054066,0.03960631974041462,0.00021945196567685343,0.11220519244670868,0.06410960108041763,0.00907308854191862,0.005537853576242924,0.013575718131376624,0.00745790358632803,0.450846791267395,0.2574781961739063
674,0.0017296149454720316,0.05375850573182106,0.039409990422427654,0.0002173932225559838,0.11115255765616894,0.06467911414802074,0.009113299492356284,0.005562074133194983,0.01367597712662972,0.007447803625836968,0.45753053575754166,0.2611048249527812
675,0.0017289549788156167,0.05474747158586979,0.040019324980676174,0.00022229738897294737,0.11366005055606365,0.06657030433416367,0.009245574192863532,0.0056614408968016505,0.013694425275878852,0.007406668039038777,0.4587657302618027,0.26266801729798317
676,0.0017282942024704996,0.05404294654726982,0.039669450372457504,0.00021814496722072363,0.11153692565858364,0.06607456132769585,0.009211084107914151,0.005529347923584282,0.013558193189828541,0.007386391866020858,0.4496835172176361,0.257879039272666
677,0.0017276326171613027,0.055250427685678005,0.04014332965016365,0.0002262457273900509,0.1156788170337677,0.06679123640060425,0.00926090349599382,0.005874537164345384,0.013663897225024561,0.007481475826352835,0.45672259479761124,0.26175691559910774
678,0.0017269702236135357,0.054656144231557846,0.03997944574803114,0.00022171630189404823,0.11336293444037437,0.06516013294458389,0.009147124836482574,0.005595384631305933,0.013509747807999201,0.007305295672267675,0.44647568464279175,0.2558179087936878
679,0.0017263070225535938,0.05477816145867109,0.03896629624068737,0.00023083559790393338,0.11802561022341251,0.0661455299705267,0.009216029710844887,0.005577571457251906,0.014126043269067155,0.00798796582967043,0.4881399944424629,0.2771427622064948
680,0.0017256430147087585,0.06293167173862457,0.04102853685617447,0.00029443578387144953,0.1505442149937153,0.06527232751250267,0.009154996172362267,0.005537733901292086,0.01376692400802158,0.007634005509316921,0.46363601833581924,0.26445417292416096
681,0.0017249782008071962,0.06543038319796324,0.042985157109797,0.00030356367278727703,0.15521127730607986,0.06657284870743752,0.009245750471689969,0.006092221941798925,0.01391192910044158,0.008170153014361858,0.4734542816877365,0.270013565197587
682,0.0017243125815779561,0.06543481908738613,0.04209844954311848,0.00031054399732965976,0.1587802954018116,0.06462440267205238,0.009109444454335092,0.005710172816179693,0.013461381441331669,0.007460971944965422,0.4432845562696457,0.25395447947084904
683,0.0017236461577509721,0.059283009730279446,0.0411049984395504,0.00025815717526711524,0.1319950520992279,0.0661386027932167,0.009215547024132801,0.005812154617160559,0.013828681939888962,0.007633197703398764,0.46780505031347275,0.2669718265533447
684,0.0017229789300570592,0.059724302031099796,0.04138270765542984,0.0002603000102681108,0.13309068605303764,0.06776659935712814,0.00932827737034846,0.00595213973429054,0.013274101512163867,0.0073878474067896605,0.4310360625386238,0.24940133094787598
685,0.0017223108992279143,0.05915903486311436,0.041092646308243275,0.0002570414435467683,0.13142458721995354,0.06551497057080269,0.009171996638406685,0.00567616883199662,0.013281409249727144,0.007223681779578328,0.4315107837319374,0.24851287715137005
686,0.001721642065996115,0.05683404300361872,0.040342867374420166,0.00024017093528527766,0.12279873341321945,0.06598877348005772,0.009205102818641306,0.005674887099303305,0.013745638723540853,0.007448781398124993,0.4622034579515457,0.2640961157158017
687,0.0017209724310951193,0.055744074285030365,0.04070125799626112,0.00022670830730930902,0.11591533944010735,0.06885371543467045,0.009402802014678122,0.005839805235154927,0.013637412410727029,0.007589281536638737,0.45495378226041794,0.2619037488475442
688,0.001720301995259264,0.05626931972801685,0.04083756543695927,0.00023077833247953095,0.11799632757902145,0.06865752674639225,0.009389396789237765,0.005778188002295792,0.013711030272362871,0.007488979259505868,0.45987893640995026,0.26426823157817125
689,0.001719630759223764,0.05543807987123728,0.04124721512198448,0.00021944483160041273,0.11220154166221619,0.06657117232680321,0.009245634395608509,0.005578273208811879,0.01359291202985264,0.007466685026884079,0.4519894942641258,0.2592803332954645
690,0.001718958723724712,0.055270892567932606,0.0405825013294816,0.0002230100981250871,0.11402445286512375,0.06853822991251945,0.009381235742381673,0.005896140355616808,0.013522317457386614,0.007358465460129082,0.44730689376592636,0.2579225618392229
691,0.001718285889499077,0.056406875140964985,0.04071371629834175,0.0002330924035049975,0.11917950958013535,0.06803023628890514,0.009346405137648362,0.00579297449439764,0.013873249850860291,0.007707193493843079,0.4708252623677254,0.26942774932831526
692,0.001717612257284705,0.05572144966572523,0.04018411319702864,0.0002305327870999463,0.11787078529596329,0.0664118193089962,0.009234561907382257,0.005692843813449144,0.013605410327919084,0.007394715212285519,0.4528210610151291,0.25961644016206264
693,0.0017169378278203153,0.05460322182625532,0.03931023832410574,0.0002264341528643854,0.11577515676617622,0.0656100157648325,0.009178647165622809,0.0055805445881560445,0.01348099873095682,0.007516396348364651,0.44457749277353287,0.2550937542691827
694,0.0017162626018455034,0.053597863763570786,0.03921436704695225,0.00021735269911005162,0.11113184317946434,0.06645991839468479,0.009237905367965371,0.005735176266171038,0.013550127005180166,0.007436510408297181,0.44914861768484116,0.257804268039763
695,0.001715586580100737,0.053561966866254807,0.03891402203589678,0.0002193513500969857,0.11215374618768692,0.06818420998752117,0.009356975834868896,0.005863217869773507,0.013811771802178562,0.007584954495541751,0.46666164696216583,0.2674229284748435
696,0.001714909763327357,0.054283308796584606,0.03947307076305151,0.00022203181288205087,0.11352425813674927,0.06679515168070793,0.009261174840690167,0.005716101266443729,0.013723599138451344,0.0074509254191070795,0.4607224687933922,0.26375881023705006
697,0.0017142321522675753,0.05253091640770435,0.03815700113773346,0.00021519101937883534,0.11002657562494278,0.06690452620387077,0.009268754155855053,0.005739574320614338,0.013657080386707243,0.007535519660450518,0.45626699924468994,0.26158576272428036
698,0.0017135537476644764,0.05313979182392359,0.037699658423662186,0.0002247231313958764,0.11490032076835632,0.06549740210175514,0.009170766774286692,0.005648210528306663,0.013787602421066053,0.007529815542511642,0.46502987295389175,0.26526363752782345
699,0.0017128745502620133,0.05106897186487913,0.0381431570276618,0.00020100288384128362,0.10277222655713558,0.06732722744345665,0.009297987907378779,0.0057850711746141315,0.013891079325907503,0.007585709914565086,0.4720362052321434,0.2696817163378
700,0.0017121945608050103,0.05222369451075792,0.0390107287093997,0.0002055077493423596,0.10507555119693279,0.06818220764398575,0.00935683858796777,0.005909945000894368,0.013666474923535813,0.007540510967373848,0.4568949565291405,0.2625385820865631
701,0.0017115137800391578,0.05141293443739414,0.03853117022663355,0.00020133100770181045,0.10293999128043652,0.06784027442336082,0.009333346996443613,0.006043103872798383,0.013698292386408404,0.007517242571339011,0.4590248614549637,0.26343256793916225
702,0.0017108322087110168,0.0502783739939332,0.03772530518472195,0.00019654055722639896,0.1004906427115202,0.06780320964753628,0.009330797078345913,0.0057944414438679814,0.013905405613459706,0.007618027739226818,0.4730103760957718,0.27040679287165403
703,0.001710149847568013,0.05003689043223858,0.03750952333211899,0.0001958671709871851,0.10014635138213634,0.06720747612416744,0.009289715522797889,0.005788161186501384,0.01375873257215704,0.007504162262193859,0.4630844444036484,0.2651459602639079
704,0.0017094666973584392,0.04926400724798441,0.036627612076699734,0.00019520851492416114,0.09980958141386509,0.06852270290255547,0.009380173129014015,0.005886252736672759,0.014121087774282724,0.007741746143437922,0.4877975881099701,0.2781601455062628
705,0.0017087827588314535,0.04923886340111494,0.0373852513730526,0.00018903545787907206,0.09665330871939659,0.06745962984859943,0.009307126012273778,0.005598079296760261,0.014092691615164991,0.007838794612325728,0.4858377203345299,0.27664867509156466
706,0.0017080980327370786,0.04879383742809296,0.03691244311630726,0.00018838240066543221,0.09631940536201,0.06727140955626965,0.009294132950699785,0.005634316359646618,0.01426047327761584,0.007813659030944109,0.49747494608163834,0.282373177818954
707,0.0017074125198262,0.04798373207449913,0.03654386010020971,0.0001833438509493135,0.09374321065843105,0.06893200054764748,0.00940814634418439,0.005699432222172618,0.013927471340595661,0.007613046560436487,0.4745127409696579,0.2717223707586527
708,0.001706726220850567,0.04864329006522894,0.03654850088059902,0.0001897574111353606,0.09702244214713573,0.06823170743882656,0.009360234565810848,0.005760406726039946,0.014072482971596665,0.007726241950877011,0.48444534093141556,0.27633852418512106
709,0.0017060391365627905,0.04860470723360777,0.03646339289844036,0.00019004592468263581,0.09716996178030968,0.06826497614383698,0.009362516226589008,0.005671457503922284,0.014049675811500116,0.007762969005852938,0.48287637531757355,0.27557067573070526
710,0.0017053512677163427,0.04879519809037447,0.036846600472927094,0.00018891081708716229,0.09658958576619625,0.0682627446949482,0.009362363226495321,0.0056366827338933945,0.014350703520615992,0.008014068473130465,0.5037902146577835,0.28602647967636585
711,0.001704662615065556,0.05204910971224308,0.03733350150287151,0.0002169218350900337,0.1109115369617939,0.06713065877556801,0.009284404703542266,0.005768425413407385,0.014028017823653918,0.007802805630490184,0.48138875514268875,0.2742597069591284
712,0.0017039731793656225,0.04995560646057129,0.036670953035354614,0.00020163263616268523,0.10309421829879284,0.0679011233150959,0.009337531936483094,0.005636206828057766,0.013851348835820915,0.0076037648832425475,0.46933989226818085,0.2686205077916384
713,0.001703282961372593,0.048456753604114056,0.0363784097135067,0.0001892639193101786,0.09677012450993061,0.06763149611651897,0.009318974087353188,0.005676703178323805,0.014141826363115253,0.007800452294759452,0.4892314076423645,0.27843145187944174
714,0.0017025919618433767,0.0479324646294117,0.035618049558252096,0.0001900853712868411,0.0971901249140501,0.06806180998682976,0.009348573916425153,0.005658230395056307,0.014103428097119373,0.007783796871080995,0.4865782707929611,0.27732004038989544
715,0.0017019001815357384,0.04726598598062992,0.03597801364958286,0.00018075173647957854,0.09241786785423756,0.06923267804086208,0.009428642626193418,0.005733510246500373,0.014116325115497845,0.00789897539652884,0.48746858537197113,0.2783506317064166
716,0.0017012076212083007,0.04750504530966282,0.03607029467821121,0.0001823675775085576,0.0932440459728241,0.06882461905479431,0.00940081524777851,0.005669814418070018,0.01419113219966772,0.007845585350878537,0.49264880269765854,0.2807367108762264
717,0.0017005142816205404,0.04690351337194443,0.035949028097093105,0.00017743385978974402,0.09072144888341427,0.06899950094521046,0.00941275129925894,0.005636397749185562,0.014043628075465494,0.007685785996727645,0.48246075212955475,0.2757301265373826
718,0.00169982016353279,0.0457988353446126,0.035817407071590424,0.0001676608808338642,0.08572454936802387,0.07012010738253593,0.009488878775558714,0.005894798901863396,0.014139302648231463,0.007795041427016258,0.4890568032860756,0.27958845533430576
719,0.0016991252677062345,0.04590664803981781,0.035176463425159454,0.0001737294405756984,0.08882738649845123,0.06939140520989895,0.009439444777959636,0.005729994620196521,0.014222960377434781,0.00793734285980463,0.4948611184954643,0.28212626185268164
720,0.0016984295949029127,0.04672690946608782,0.03529299236834049,0.0001808391825761646,0.0924625750631094,0.06842409446835518,0.009373421364576317,0.005805992055684328,0.014158551072734083,0.007742904592305422,0.49038928002119064,0.2794066872447729
721,0.001697733145885715,0.047754266299307346,0.03633242752403021,0.00018275398906553164,0.09344161674380302,0.07107697986066341,0.009553403130798773,0.005839396733790636,0.014222150036628007,0.007848704350180924,0.4948047325015068,0.2829408561810851
722,0.0016970359214183832,0.04610753525048494,0.03522180812433362,0.00017533916616230272,0.08965043537318707,0.06966054439544678,0.009457733164341026,0.00575156684499234,0.01448093789230389,0.007880611112341285,0.5129756331443787,0.2913180887699127
723,0.0016963379222655094,0.0456427838653326,0.034919675439596176,0.00017315800141659565,0.08853521011769772,0.07103542052209377,0.00955060942618147,0.005832343595102429,0.014414138381843558,0.007997745415195823,0.508253887295723,0.28964465390890837
724,0.0016956391491925351,0.047130828723311424,0.03517118003219366,0.00018574207570054568,0.09496941976249218,0.06891864724457264,0.009407234982739767,0.005681587150320411,0.014724972703172832,0.008225605357438326,0.5304107964038849,0.29966472182422876
725,0.0016949396029657512,0.04584971256554127,0.034572407603263855,0.00017789833145798184,0.09095892682671547,0.0708133913576603,0.009535672127663104,0.005815227283164859,0.01422525954487483,0.007927655708044767,0.49502111971378326,0.2829172555357218
726,0.001694239284352295,0.04486329294741154,0.034289716742932796,0.0001704636524664238,0.0871575977653265,0.06873279623687267,0.009394541861727385,0.005693777464330196,0.014646170733821193,0.007987570716068149,0.5247488617897034,0.296740829013288
727,0.0016935381941201525,0.04378338158130646,0.03431015135720372,0.00015974326379364356,0.08167629316449165,0.0709039457142353,0.009541767132189051,0.005796297802589834,0.014239166579157985,0.007811137591488659,0.49598949402570724,0.2834467198699713
728,0.0016928363330381546,0.04442142881453037,0.034141539596021175,0.00016730185234337114,0.08554097823798656,0.07015658915042877,0.009491346744923438,0.005781199317425489,0.01454407775360177,0.008071407908573747,0.5174586996436119,0.29380764439702034
729,0.0016921337018759785,0.04397843964397907,0.03424794692546129,0.00016213738854276016,0.0829004030674696,0.07127763330936432,0.009566878200104894,0.005759395775385201,0.014336682773979809,0.007898320676758885,0.5028062611818314,0.28704194724559784
730,0.0016914303014041452,0.043282464146614075,0.034080423414707184,0.00015664201055187732,0.08009062707424164,0.07010631076991558,0.009487945452911623,0.005792238167487085,0.014517919404081673,0.007879078388214111,0.5155990198254585,0.29285266529768705
731,0.0016907261323940196,0.04337794706225395,0.033819588366895914,0.00015961630560923368,0.0816113781183958,0.07208662293851376,0.009621016468032659,0.005777037818916142,0.014415921151821073,0.00796364014968276,0.5083796232938766,0.2902331231161952
732,0.0016900211956178092,0.044048226438462734,0.033875441178679466,0.00016573405082453974,0.08473936282098293,0.07061591558158398,0.009522366654802245,0.005800697719678283,0.0145400866817573,0.007954136934131384,0.5171747580170631,0.29389533679932356
733,0.0016893154918485637,0.04340675473213196,0.03412697184830904,0.00015749329395475797,0.08052588626742363,0.07159866765141487,0.009588398656095305,0.005832242895849049,0.01430812041177696,0.007993928855285048,0.5008048266172409,0.2862017471343279
734,0.0016886090218601738,0.04361187294125557,0.03431701101362705,0.00015801241897861473,0.08079131692647934,0.07177643477916718,0.009600294462591301,0.005815257900394499,0.014343328171434067,0.00785036152228713,0.5032725110650063,0.2875244729220867
735,0.0016879017864273708,0.04228530824184418,0.03354667034000158,0.00015106642968021333,0.07723985612392426,0.07257505878806114,0.009653555914092974,0.005815724260173738,0.014367660482547558,0.00790627533569932,0.5049814879894257,0.2887782733887434
736,0.0016871937863257246,0.04159117955714464,0.033249663189053535,0.00014660207671113312,0.07495724223554134,0.0723434891551733,0.009638142632671048,0.005893396562896669,0.014591618825329835,0.007996930973604321,0.5208471566438675,0.2965953228995204
737,0.001686485022331644,0.0423966133967042,0.03356775175780058,0.00015198997425613925,0.0777120552957058,0.07403807900846004,0.009750371900894105,0.005883028963580728,0.014549096591205082,0.008007955038920045,0.5178159028291702,0.29592699091881514
738,0.0016857754952223762,0.04190549813210964,0.033629738725721836,0.00014670239033875987,0.07500853203237057,0.07221254147589207,0.00962941556940285,0.005892470479011536,0.014583942120649732,0.008109051967039704,0.5202992632985115,0.2962559023872018
739,0.0016850652057760042,0.04216809943318367,0.03349862899631262,0.00015029609130579047,0.07684597745537758,0.07282168231904507,0.009669944186277353,0.0059531006263569,0.014323663257472398,0.007880964316427708,0.5018934532999992,0.28735756780952215
740,0.0016843541547714475,0.041287271305918694,0.03302309475839138,0.0001454026387364138,0.07434396632015705,0.07244046404957771,0.009644599975600446,0.005918512004427612,0.014710109744382622,0.008184442529454827,0.5293405205011368,0.30089049227535725
741,0.001683642342988461,0.041143931448459625,0.03247885778546333,0.00014825862308498472,0.0758042261004448,0.07179469987750053,0.009601515817767584,0.005825602915138006,0.014551997363951626,0.007957535097375512,0.5180224031209946,0.29490855149924755
742,0.0016829297712076332,0.040612151846289635,0.03241717768833041,0.0001435408485122025,0.07339204289019108,0.07369131036102772,0.009727511779876194,0.005875010043382645,0.014539346686435814,0.008008024422451854,0.5171221494674683,0.295406729914248
743,0.0016822164402103869,0.04089196026325226,0.03275504894554615,0.00014363387526827864,0.07343960739672184,0.0735112689435482,0.009715620929999794,0.0059947725385427475,0.014467383216137856,0.008108004927635193,0.512015737593174,0.2927635032683611
744,0.001681502350778977,0.04134815838187933,0.033094028010964394,0.00014544315308739897,0.07436468079686165,0.074018944054842,0.009749112007504121,0.006133936112746596,0.014525814832275627,0.008034767815843225,0.5161599740386009,0.29508945904672146
745,0.0016807875036964897,0.04171114135533571,0.033003018237650394,0.00014970476695452817,0.07654363475739956,0.07565990276634693,0.009856585637636174,0.006098922458477318,0.014583012387172732,0.008104430278763175,0.5202328860759735,0.2979463944211602
746,0.0016800718997468426,0.04198529850691557,0.03347339807078242,0.00014870585073367693,0.07603289559483528,0.07249810919165611,0.009648436694311676,0.005837504053488374,0.01498651376314172,0.008334120502695441,0.5494201183319092,0.31095911376178265
747,0.0016793555397147833,0.04149399884045124,0.0327257988974452,0.00014975004523876123,0.07656678929924965,0.07521168515086174,0.009827346603780563,0.006011841120198369,0.014974619868189187,0.008437302662059665,0.5485484153032303,0.311880050227046
748,0.001678638424385888,0.044298699125647545,0.03326635994017124,0.00017294840654358268,0.08842804841697216,0.07552905939519405,0.009848059265397757,0.005917051457799971,0.015181293751519453,0.00856393063440919,0.5637945979833603,0.31966182868927717
749,0.0016779205545465622,0.04272753465920687,0.03303510649129748,0.00015939307922963053,0.08149724453687668,0.07399304211139679,0.009747405957208707,0.005875991191715002,0.014507557131561979,0.008081959327682853,0.5148632451891899,0.29442814365029335
750,0.001677201930984038,0.04227480944246054,0.03237146558240056,0.00016015769506338984,0.08188818581402302,0.07640014961361885,0.009904686250244538,0.006095794728025794,0.014556251967969162,0.008214680710807443,0.5183253735303879,0.29736276157200336
751,0.0016764825544863743,0.04257770627737045,0.033462499268352985,0.0001545842969790101,0.07903852872550488,0.07490080781280994,0.009807015691344213,0.006028534029610455,0.014253879474756594,0.007882623467594385,0.49701499938964844,0.2859579036012292
752,0.0016757624258424552,0.04184863530099392,0.03238773997873068,0.00015586279550916515,0.07969221845269203,0.07312160916626453,0.009689837258550058,0.005923844175413251,0.014712157835366682,0.008130371104925871,0.5294879674911499,0.3013047883287072
753,0.0016750415458419905,0.03985655400902033,0.03122692508623004,0.00014546345119015314,0.07437506318092346,0.07372621260583401,0.009729814903202212,0.00585417915135622,0.014633326509821206,0.008110123220831156,0.5238289088010788,0.2987775607034564
754,0.0016743199152755134,0.040850020945072174,0.03186489501968026,0.00015018762860563584,0.0767905218526721,0.07608132995665073,0.00988399812149285,0.006015312625095248,0.01502538373330531,0.008645998314023018,0.5522738397121429,0.31417758483439684
755,0.0016735975349343802,0.0412805350497365,0.03130031004548073,0.00015881452418398112,0.08120143041014671,0.07485049031674862,0.009803721134632864,0.005904775811359286,0.014865192581685187,0.008212966611608863,0.5405606478452682,0.30770556908100843
756,0.0016728744056107696,0.04034088831394911,0.031247143633663654,0.0001500416074122768,0.07671586330980062,0.0754452608525753,0.009842594533842713,0.005962145980447531,0.014636940343351513,0.008125523803755641,0.5240876823663712,0.29976647160947323
757,0.0016721505280976813,0.03976651094853878,0.03129527112469077,0.00014404822650249116,0.07365146279335022,0.07505965977907181,0.009817409400042805,0.0058555606519803405,0.014697597263680117,0.008115706266835332,0.5284403860569,0.3017500229179859
758,0.0016714259031889362,0.04061257466673851,0.03112887591123581,0.00015362368139903992,0.07854736782610416,0.07318800687789917,0.009694235510370536,0.0058623229851946235,0.01482494954834502,0.008351412834599614,0.5376377701759338,0.3054128885269165
759,0.001670700531679174,0.040914890356361866,0.030454168561846018,0.00016185843196581118,0.08275777194648981,0.07564187236130238,0.00985541121181236,0.005986376432701945,0.015238101047744465,0.008760711876675487,0.5680218487977982,0.32183186057955027
760,0.001669974414363854,0.04054013732820749,0.030062489211559296,0.00016125790352816693,0.08245072327554226,0.07506152614951134,0.00981753150013193,0.005911434884183109,0.014633060495617072,0.008186161052435637,0.5238098651170731,0.2994356956332922
761,0.0016692475520392522,0.03898513317108154,0.03058892861008644,0.00014193299284670502,0.07256995141506195,0.07606256194412708,0.009882779006638568,0.0061367417220026255,0.014510823722357475,0.0080816016998142,0.5150951594114304,0.2955788606777787
762,0.0016685199455024628,0.037291135638952255,0.03013994311913848,0.00012887982666143216,0.06589590385556221,0.07624343037605286,0.009894522378522348,0.006080530467443168,0.014561820617917836,0.00806698715314269,0.5187220424413681,0.2974827364087105
763,0.0016677915955513954,0.038245624862611294,0.030650452245026827,0.00013421998301055282,0.06862631253898144,0.07602186128497124,0.00988013422143369,0.006070559727959335,0.014740466570216349,0.008216549409553409,0.5315275639295578,0.3037747126072645
764,0.001667062502984775,0.03697515372186899,0.03018009290099144,0.00012547572259791195,0.06415539607405663,0.07664349302649498,0.009920447262927963,0.0058956044958904386,0.014904438756975837,0.008338754996657372,0.5434187054634094,0.3100310992449522
765,0.0016663326686021406,0.03575306758284569,0.02942970348522067,0.00011939536307181697,0.06104652304202318,0.0760880783200264,0.009884436756242659,0.005999985965900123,0.014824481448665452,0.008326499722898006,0.5376038402318954,0.3068459592759609
766,0.0016656020932038459,0.03536608535796404,0.02914962312206626,0.00011780219028878491,0.06023193709552288,0.07786702364683151,0.009999318366078097,0.006180599797517061,0.014682766182696606,0.008200399577617645,0.5273744761943817,0.3026207499206066
767,0.0016648707775910557,0.034455014392733574,0.028984616976231337,0.00011018365694326349,0.05633660312741995,0.07733114063739777,0.009964851251560656,0.006096367258578539,0.014843270022896825,0.00824218150228262,0.5389674007892609,0.3081492707133293
768,0.0016641387225657476,0.034008103888481855,0.028265081346035004,0.00011144239215354901,0.05698018986731768,0.07784250751137733,0.009997744254308489,0.006128837470896542,0.014820001299916126,0.008271558908745646,0.5372789353132248,0.30756072141230106
769,0.0016634059289307097,0.03348846361041069,0.02810873556882143,0.00010758393909782171,0.05500737205147743,0.07746410556137562,0.009973414565087747,0.005965463002212346,0.014904541639264786,0.008347062161192298,0.5434262156486511,0.31044516060501337
770,0.0016626723974895396,0.03414743114262819,0.028519924264401197,0.00011081118827860337,0.0566574577242136,0.07845618389546871,0.010037075906611402,0.006007855059579015,0.015001363081159014,0.008323324611410499,0.5505094528198242,0.31448281835764647
771,0.001661938129046645,0.03398862387984991,0.02867710031569004,0.00010802858560055029,0.05523471999913454,0.0776514783501625,0.009985469233616987,0.0059960464714095,0.014830630597163818,0.008280393667519093,0.5380499213933945,0.3078506998717785
772,0.0016612031244072412,0.03324394207447767,0.027767843566834927,0.00010785963422677014,0.05514833517372608,0.08184325881302357,0.010251444690717015,0.006198452785611153,0.015190152532761469,0.00838014273904264,0.5644527971744537,0.32314802799373865
773,0.001660467384377351,0.03366685472428799,0.02815446024760604,0.00010897071479121223,0.055716427974402905,0.0781482681632042,0.010017360155519942,0.006031520548276603,0.014920029832330413,0.008340432541444898,0.544556200504303,0.3113522343337536
774,0.001659730909763803,0.03417851682752371,0.028090219479054213,0.00011447686119936407,0.058531707152724266,0.07995875738561153,0.010132734006841341,0.006038557505235076,0.014915137884909672,0.008370011113584042,0.5441991537809372,0.31207895558327436
775,0.0016589937013742322,0.03411099035292864,0.02789195580407977,0.00011536757847352419,0.05898712947964668,0.08118844777345657,0.01021035238627978,0.006125446641817689,0.015278956675313999,0.008395826211199164,0.5710718482732773,0.32613014802336693
776,0.0016582557600170783,0.03426377568393946,0.028341404628008604,0.0001133455334638711,0.05795326270163059,0.07749184221029282,0.009975200125190705,0.006002205656841397,0.015272359773794267,0.00861649145372212,0.5705787837505341,0.32403531298041344
777,0.0016575170865015842,0.03472889680415392,0.028090125881135464,0.0001198597838083515,0.06128397770226002,0.08164167031645775,0.010238811527847861,0.006223705364391208,0.014987967766143119,0.008512303233146667,0.5495267510414124,0.31558421067893505
778,0.0016567776816377958,0.035330817103385925,0.02814914844930172,0.0001252842448593583,0.06405748799443245,0.07986188493669033,0.010126593860971155,0.006200393312610686,0.014843162916951027,0.008318504551425576,0.5389596521854401,0.3094107685610652
779,0.0016560375462365616,0.03425053786486387,0.028489730786532164,0.00011205569171579555,0.05729376897215843,0.08035040087997913,0.0101575188405845,0.0061224313685670495,0.015415748363355075,0.008546991739422083,0.5813431441783905,0.3308467725291848
780,0.0016552966811095306,0.03350005857646465,0.026889749336987734,0.00011723375246219803,0.05994129553437233,0.07856357656419277,0.010043942605660602,0.00603514991234988,0.015174720441258,0.008464613929390907,0.5633064359426498,0.3209350062534213
781,0.0016545550870691523,0.03570043854415417,0.027848542667925358,0.00013125049554219004,0.06710801925510168,0.08175293914973736,0.010245786692071438,0.006105919019319117,0.014851800233002319,0.00843651476316154,0.5395870804786682,0.3106700098142028
782,0.0016538127649286753,0.036967298947274685,0.02839844301342964,0.00013933718219050206,0.07124272175133228,0.07851050049066544,0.010040549880547282,0.006094327778555453,0.014962876987822957,0.008662826847285032,0.5476883798837662,0.3130994401872158
783,0.0016530697155021472,0.03636179585009813,0.02713652979582548,0.00014328817815112416,0.07326285447925329,0.0824487917125225,0.010289298403597807,0.006179316784255207,0.01526604360742682,0.008500568103045225,0.5701069086790085,0.3262778501957655
784,0.0016523259396044128,0.034675994887948036,0.02749414788559079,0.00012400492596498225,0.06340337730944157,0.0788032878190279,0.010059253979976989,0.00609773094765842,0.015319380383312445,0.008570331381633878,0.5740976333618164,0.32645046059042215
785,0.001651581438051113,0.03403478395193815,0.027339611668139696,0.00011894346971530467,0.06081547122448683,0.07970953360199928,0.010116930095275253,0.006031677476130426,0.015264579151234997,0.008433920331299305,0.5699975490570068,0.32485354132950306
786,0.0016508362116586857,0.03214257676154375,0.026118403766304255,0.00010999328515026718,0.05623926594853401,0.0802434403449297,0.010150755763190028,0.006138794939033687,0.015106379382691014,0.008503897581249475,0.5582440495491028,0.31924374494701624
787,0.0016500902612443626,0.031447175424546,0.025803684256970882,0.00010565504271653481,0.05402113404124975,0.08045576699078083,0.010164177021461789,0.00615923956502229,0.014906139335693876,0.008321585599333048,0.5435427278280258,0.3119992474094033
788,0.00164934358762617,0.03072353033348918,0.025778382550925016,9.877643060463015e-05,0.050504119135439396,0.07924050651490688,0.010087121126373982,0.006095023127272725,0.014881769395068436,0.008403488202020526,0.5417669266462326,0.31050371658056974
789,0.0016485961916229267,0.030405697412788868,0.025697896722704172,9.629798478272278e-05,0.04923689644783735,0.0819847360253334,0.010260301466113479,0.006112755974754691,0.01514188196294895,0.008490729378536344,0.5608710646629333,0.3214279003441334
790,0.0016478480740542449,0.02939407294616103,0.02530023455619812,8.951626114139799e-05,0.04576941952109337,0.08148608542978764,0.010229050968471523,0.006128050503320992,0.01518752168229318,0.0085268490947783,0.5642572641372681,0.32287167478352785
791,0.0016470992357405267,0.02883867919445038,0.02472612028941512,8.857648572302423e-05,0.04528891388326883,0.08227217942476273,0.010278272097750861,0.006244475021958351,0.015443234399670923,0.008579163579270244,0.583418071269989,0.33284512534737587
792,0.0016463496775029646,0.0290088695473969,0.02492298185825348,8.870068268151954e-05,0.045352415181696415,0.08154841884970665,0.010232963010891325,0.00617107015568763,0.015233270764832272,0.00847144890576601,0.5676617622375488,0.32460509054362774
793,0.001645599400163542,0.028758470434695482,0.024592232424765825,8.883955524652265e-05,0.0454234192147851,0.08353650569915771,0.010356947422810799,0.006217590067535639,0.01516704204212302,0.008470537140965462,0.5627365708351135,0.3231365382671356
794,0.0016448484045450294,0.028229061979800463,0.024312925059348345,8.584753231843933e-05,0.04389360826462507,0.08249889314174652,0.010292424275868848,0.006258018664084375,0.01526972986421592,0.008530416758731008,0.570382297039032,0.32644059509038925
795,0.001644096691470986,0.028219050727784634,0.024622671771794558,8.332640936714597e-05,0.04260456468909979,0.08437949605286121,0.010409073688233057,0.006290642195381224,0.015503820446285886,0.008760103024542332,0.5880046933889389,0.33619209472090006
796,0.0016433442617657572,0.028193384874612093,0.023960886523127556,8.825272561807651e-05,0.045123377814888954,0.08571790717542171,0.010491302019454434,0.006339508690871298,0.015149749974354946,0.00853867526166141,0.5614540874958038,0.3235859973356128
797,0.0016425911162544742,0.028444199822843075,0.024071040097624063,8.984368469100446e-05,0.0459368322044611,0.08337018638849258,0.010346631845871753,0.006221912102773786,0.015201696996015018,0.008507291786372662,0.565311074256897,0.3243406303226948
798,0.0016418372557630537,0.028062551748007536,0.024064875673502684,8.615976366854738e-05,0.04405325371772051,0.08480653911828995,0.010435380306231798,0.006239424925297499,0.015483929388865269,0.008583027170971036,0.586496889591217,0.3356517143547535
799,0.001641082681118196,0.02853073598816991,0.023947844747453928,9.165372102870606e-05,0.04686229582875967,0.08718613907694817,0.010580771522040273,0.006374186836183071,0.015361085832671166,0.008623349713161588,0.5772277265787125,0.3322069328278303
800,0.0016403273931473849,0.029030011035501957,0.023858947213739157,9.723162111185957e-05,0.049714263528585434,0.0830791424959898,0.010328556314561596,0.006240368238650262,0.015238275806082672,0.008616614155471325,0.5680348575115204,0.3255570000037551
801,0.001639571392678886,0.03012798586860299,0.02409933926537633,0.00010608812590362504,0.05424256809055805,0.08622520975768566,0.010522301684024134,0.006276624626480043,0.01583596232011035,0.008877242915332317,0.6134684979915619,0.3498468538746238
802,0.0016388146805417466,0.030362994875758886,0.025082063861191273,0.00010069819290947635,0.051486711017787457,0.08341219462454319,0.010349238353799717,0.006248138728551567,0.015173737717519465,0.008534742053598166,0.5632335096597672,0.32332285214215517
803,0.0016380572575657943,0.0282601872459054,0.02389445574954152,8.9425673650112e-05,0.045723105780780315,0.08679683320224285,0.01055712238977674,0.006391774979420006,0.015447848900308987,0.008813286432996392,0.5837667286396027,0.33528178092092276
804,0.0016372991245816367,0.029450354166328907,0.02389463782310486,0.0001010629566735588,0.05167321488261223,0.08471027761697769,0.010429455837808303,0.006283024791628122,0.015079255588237216,0.00842502131126821,0.5562411993741989,0.3204757384955883
805,0.0016365402824206588,0.029134123120456934,0.02484904369339347,9.050398148247041e-05,0.04627443756908178,0.08768014051020145,0.0106107045601308,0.006471453700214624,0.015555916954087578,0.008687611669301987,0.591962993144989,0.33982156682759523
806,0.0016357807319150248,0.030484639573842287,0.02546861581504345,9.886369480227586e-05,0.0505487360060215,0.0861667525023222,0.010518734167850284,0.006257375353015959,0.01523393955987722,0.008495494024828076,0.5677116364240646,0.3269391944631934
807,0.0016350204738976746,0.030134286731481552,0.025250068865716457,9.714732186694164e-05,0.049671159125864506,0.0877448320388794,0.010614618434425257,0.006378507241606712,0.015471741513198134,0.008590781595557928,0.5855739116668701,0.33665937185287476
808,0.0016342595092023243,0.028918951749801636,0.024964248295873404,8.749853623157833e-05,0.04473776277154684,0.08648582361638546,0.01053819138501269,0.006371293682605028,0.01507487565165201,0.008556016720831394,0.5559180974960327,0.3212019605562091
809,0.001633497838663465,0.028717318549752235,0.02440107148140669,8.993262599688023e-05,0.04598230496048927,0.08645387552678585,0.010536244604277118,0.0063875948544591665,0.015235528263240474,0.008565290831029415,0.5678300559520721,0.327141965739429
810,0.001632735463116362,0.02906101057305932,0.024421075824648142,9.313711234426592e-05,0.04762074816972017,0.08618609979748726,0.010519914771242514,0.006516213295981288,0.015228821533337222,0.008539698785170913,0.5673302263021469,0.3267581630498171
811,0.0016319723833970537,0.02847909927368164,0.024147629272192717,8.958580292528495e-05,0.04580497648566961,0.08699225075542927,0.010568999996307839,0.006474828580394387,0.01514180868366809,0.008477291790768504,0.56086565554142,0.3239289531484246
812,0.00163120860034235,0.028592768125236034,0.025014696642756462,8.39141048345482e-05,0.0429050512611866,0.08827133290469646,0.010646416346550551,0.006421858328394592,0.01528250270200554,0.008645111229270697,0.5713369250297546,0.32980412896722555
813,0.001630444114789833,0.027898103930056095,0.023991734255105257,8.51238364703022e-05,0.04352358356118202,0.08795266039669514,0.010627181670735855,0.0064200900960713625,0.015306943963424928,0.0085487668402493,0.5731658637523651,0.3305592620745301
814,0.0016296789275778549,0.0273109613917768,0.023463210090994835,8.35169012134429e-05,0.04270196333527565,0.08642912656068802,0.0105347367348808,0.0062971186125651,0.015263414397160866,0.008547269506379962,0.5699105858802795,0.3281698562204838
815,0.0016289130395455373,0.02773586753755808,0.024059795774519444,8.300484114442952e-05,0.04244014713913202,0.08807964436709881,0.01063485055334335,0.006348298396915197,0.015574513161317853,0.008737237891182303,0.5933791697025299,0.34072940703481436
816,0.0016281464515327702,0.026859273202717304,0.022734849248081446,8.479795178573113e-05,0.04335696157068014,0.0869912151247263,0.010568937091339938,0.006412043585442007,0.015326019474455315,0.008701890241354704,0.5745953321456909,0.3307932736352086
817,0.0016273791643802115,0.027466983534395695,0.022227770648896694,9.470778968534432e-05,0.04842383228242397,0.08645433187484741,0.01053627214050484,0.006397491320967674,0.015275731098780812,0.008661958621814847,0.5708307176828384,0.3286425247788429
818,0.0016266111789292855,0.02589636715129018,0.022199750877916813,7.956785520946141e-05,0.040682826191186905,0.08529948443174362,0.010465664617563748,0.0062686222372576594,0.015542267302914909,0.00867197709158063,0.5909246206283569,0.3381120525300503
819,0.0016258424960221825,0.024169716518372297,0.021109594963490963,7.121141607058235e-05,0.03641020134091377,0.08682703599333763,0.010558959117488227,0.006333629135042429,0.015103954933277208,0.008507373742759228,0.5580648481845856,0.3224459420889616
820,0.0016250731165018577,0.024014534894376993,0.021050745155662298,7.015427945589181e-05,0.03586969245225191,0.08755393698811531,0.010603065647933972,0.006443584454245865,0.015333324184426771,0.008633211255073547,0.5751431733369827,0.331348555162549
821,0.0016243030412120298,0.023738825228065252,0.021047154441475868,6.748619216523366e-05,0.03450550511479378,0.08845782279968262,0.010657657173884127,0.006441776407882571,0.015337252107627486,0.00862529524601996,0.5754378736019135,0.33194784820079803
822,0.0016235322709971807,0.023259724490344524,0.020520074758678675,6.692451279377565e-05,0.03421832015737891,0.08854540064930916,0.010662931500293923,0.006401545600965619,0.015344385983409451,0.008653202094137669,0.5759733468294144,0.33225937373936176
823,0.0016227608067025546,0.023256247863173485,0.0206464733928442,6.590166776732076e-05,0.0336953429505229,0.08938904292881489,0.01071360808618157,0.006477685179561377,0.01532258881742576,0.00867943256162107,0.5743381232023239,0.3318635830655694
824,0.001621988649174157,0.02311692200601101,0.020410839468240738,6.63826158415759e-05,0.03394124936312437,0.08967410027980804,0.010730677128820029,0.006489151739515364,0.015414043233639972,0.008700965670868754,0.5812145620584488,0.3354443311691284
825,0.0016212157992587524,0.023827260360121727,0.02063380554318428,7.158473454182968e-05,0.036601077765226364,0.08987927436828613,0.01074294599312603,0.0064036615658551455,0.015630194752278698,0.0087377754971385,0.5976296067237854,0.34375444054603577
826,0.0016204422578038667,0.024091107305139303,0.020845919847488403,7.250547787407413e-05,0.03707185201346874,0.08950603380799294,0.01072061681626366,0.006411114358343184,0.015430231764744558,0.008720303187146783,0.5824360549449921,0.3359710443764925
827,0.0016196680256577824,0.024460837244987488,0.020719467662274837,7.711036050750408e-05,0.03942631743848324,0.0890486091375351,0.010693187489744812,0.006430989946238697,0.015287798604432223,0.008629739983007312,0.5717329680919647,0.3303907886147499
828,0.00161889310366954,0.02387313637882471,0.020385208539664745,7.397819263132988e-05,0.037824846804142,0.09149673208594322,0.010839179178112291,0.006579814245924354,0.015941036338742335,0.009021740173920989,0.6216363906860352,0.3565665613859892
829,0.0016181174926889362,0.02412287425249815,0.020206004846841097,7.78223457018612e-05,0.03979035187512636,0.08913303352892399,0.010698255231686993,0.006382716121152043,0.015356925927837632,0.008674716111272573,0.5769151300191879,0.33302408177405596
830,0.001617341193566524,0.023295778781175613,0.02034576004371047,6.864079477963969e-05,0.03509585000574589,0.09114356338977814,0.010818240081639586,0.00651779118925333,0.015361702527790276,0.008712154580280185,0.5772740542888641,0.33420880883932114
831,0.00161656420715361,0.02400618139654398,0.020907566882669926,7.119270230759867e-05,0.0364006357267499,0.08894772082567215,0.010687128506876047,0.006406183587387204,0.015710724286914758,0.008808574639260769,0.6038036793470383,0.3463757000863552
832,0.0016157865343022558,0.023879424668848515,0.019810241647064686,7.853778515709564e-05,0.04015615489333868,0.09361621737480164,0.010964003205347577,0.006613917765207589,0.015468733583502415,0.008897649589926004,0.5853462666273117,0.33948124200105667
833,0.0016150081758652744,0.024958102963864803,0.020194088108837605,8.608330972492695e-05,0.044014161452651024,0.0889914333820343,0.010689754002807037,0.006453941692598164,0.015490353638512486,0.00867330003529787,0.5869836658239365,0.3379875496029854
834,0.0016142291326962318,0.023560647387057543,0.019894500263035297,7.476126847905107e-05,0.03822523169219494,0.09066128730773926,0.010789580153257924,0.00655512057710439,0.015982839526157706,0.009018342243507504,0.6249009817838669,0.35778113454580307
835,0.001613449405649444,0.023621835745871067,0.020550649613142014,7.022641875664704e-05,0.03590657655149698,0.09329134225845337,0.010944962693038737,0.006619186955504119,0.01526712738137357,0.008638361003249884,0.5701879113912582,0.3317396268248558
836,0.001612668995579977,0.02332273731008172,0.02042415225878358,6.82911486364901e-05,0.034917077049613,0.09208519011735916,0.010873979316992553,0.006527994759380817,0.015347694079514992,0.00868604052811861,0.5762216746807098,0.3341534323990345
837,0.0016118879033436466,0.024160821456462145,0.020680368412286043,7.448236283380538e-05,0.03808262757956982,0.08858020044863224,0.010665026651333221,0.006377853220328689,0.015293716748303985,0.00863360264338553,0.5721757411956787,0.3303779708221555
838,0.001611106129797016,0.023617363534867764,0.020127670373767614,7.349175666604424e-05,0.03757613245397806,0.09583958238363266,0.011093435536049842,0.006724489154294133,0.01600314925002369,0.0090148882009089,0.6264901906251907,0.3611648865044117
839,0.0016103236757973962,0.02528811013326049,0.02128696395084262,8.076062658801675e-05,0.04129268880933523,0.0910008866339922,0.010809769606527936,0.00662736629601568,0.015399379474599054,0.008763640886172652,0.5801092386245728,0.3355550626292825
840,0.0016095405422028434,0.023349172435700893,0.019650886300951242,7.459909829776734e-05,0.038142315577715635,0.09325728937983513,0.010942965188773385,0.006572082289494574,0.015400694340930969,0.008774093352258205,0.5802083015441895,0.3367327954620123
841,0.00160875672987216,0.02266164915636182,0.019553807098418474,6.863525413791649e-05,0.03509301785379648,0.08831156231462955,0.010648842291167096,0.006372625124640763,0.015223634635999024,0.008557133842259645,0.5669438540935516,0.3276277082040906
842,0.0016079722396648917,0.022469717543572187,0.019438860472291708,6.76576055411715e-05,0.03459314815700054,0.09090376645326614,0.010803999256653114,0.006406488944776356,0.015635555769774174,0.008805147837847471,0.5980396568775177,0.3444717116653919
843,0.0016071870724413291,0.021896955091506243,0.018717401660978794,6.770067193428986e-05,0.03461516834795475,0.09184348583221436,0.01085969910989161,0.006518474314361811,0.015614722385632737,0.008848138153553009,0.5964469909667969,0.3441452383995056
844,0.0016064012290625035,0.02131378883495927,0.018827486550435424,6.113663494033972e-05,0.03125899564474821,0.0900379866361618,0.010752426660482222,0.006509015103802085,0.015147115589062458,0.00861780857667327,0.5612588673830032,0.3256484270095825
845,0.0016056147103901887,0.020396831911057234,0.018276942893862724,5.647670514008496e-05,0.028876385651528835,0.0941556766629219,0.010995547578705332,0.006595842773094773,0.015761548740313262,0.008920497493818402,0.6077166050672531,0.3509361408650875
846,0.0016048275172868994,0.02051763329654932,0.018070073798298836,5.9276418141962495e-05,0.030307868495583534,0.08955921232700348,0.010723801003579602,0.00644973071757704,0.015357542908443976,0.00869455374777317,0.5769614428281784,0.33326032757759094
847,0.0016040396506158887,0.019953344017267227,0.01804334484040737,5.396731648943387e-05,0.027593341190367937,0.09491164796054363,0.011039600671387564,0.006653685471974313,0.015597048826359415,0.00879800389520824,0.5950975865125656,0.3450046172365546
848,0.0016032511112411495,0.01941212546080351,0.017556708306074142,5.248178604233544e-05,0.026833792682737112,0.09216516837477684,0.010878700831674444,0.006599208223633468,0.015360399363152838,0.008722309721633792,0.577176108956337,0.3346706386655569
849,0.0016024619000274117,0.019945410545915365,0.017962880432605743,5.451923243526835e-05,0.027875532861799,0.09473202005028725,0.011029148926022539,0.006640092353336513,0.01560041084903942,0.008827188285067677,0.5953541696071625,0.34504309482872486
850,0.001601672017840142,0.0190580440685153,0.0171825191937387,5.194658206164604e-05,0.02656014496460557,0.0928047988563776,0.01091638443609059,0.006568828132003546,0.015324334747720558,0.008739805081859231,0.5744690150022507,0.33363690692931414
851,0.0016008814655455433,0.019642917905002832,0.017718634568154812,5.347192745830398e-05,0.027340050786733627,0.0959333386272192,0.011098860547107795,0.0065912059508264065,0.01565095373002269,0.008823194308206439,0.5992181450128555,0.34757574182003736
852,0.001600090244010553,0.019220486748963594,0.017309396993368864,5.2542519370035734e-05,0.026864845771342516,0.0926557146012783,0.010907613045468313,0.006564843934029341,0.015617262169480601,0.008932468248531222,0.5966410487890244,0.34464838169515133
853,0.0015992983541028426,0.01960453949868679,0.017659573582932353,5.355866960599087e-05,0.02738440129905939,0.09682877361774445,0.011150538410140621,0.006639832747168839,0.015995530325899024,0.009060048265382648,0.6258937418460846,0.3613612577319145
854,0.0015985057966908167,0.020379062741994858,0.0180415166541934,5.8144736613030545e-05,0.029729245230555534,0.09201297163963318,0.010869714703917848,0.006493923254311085,0.015163868591630872,0.008695314405485988,0.562501072883606,0.32725702226161957
855,0.0015977125726436112,0.021085322834551334,0.01758439000695944,6.862750160507858e-05,0.035089053213596344,0.09646680392324924,0.01112967681160156,0.006686391541734338,0.016069385177634808,0.009036221774294972,0.6316868513822556,0.3640768276527524
856,0.0015969186828310939,0.020734910387545824,0.01722665852867067,6.799941911594942e-05,0.03476791828870773,0.09506349265575409,0.011048427963193082,0.0066609353525564075,0.015499409328466556,0.008811965584754944,0.587670162320137,0.34136682748794556
857,0.001596124128123862,0.019753322936594486,0.017123351572081447,5.920862349739764e-05,0.030273206997662783,0.09323705732822418,0.010941777699309088,0.006623232387937605,0.015521941064169861,0.008947930531576276,0.5893800109624863,0.3413085341453552
858,0.0015953289093932424,0.01899428991600871,0.01678144885227084,5.446079194371123e-05,0.027845654170960188,0.09503977745771408,0.011047050023116138,0.0066418043570593,0.015635583341554474,0.008902821224182844,0.598041757941246,0.34654076769948006
859,0.0015945330275112899,0.018321523442864418,0.016548817045986652,4.970171175955329e-05,0.025412349496036768,0.09525283798575401,0.011059425484106893,0.006644891458563507,0.015775027680704247,0.008954382268711925,0.6087564527988434,0.3520046453922987
860,0.0015937364833507866,0.0182668031193316,0.01644054870121181,5.001360477763228e-05,0.02557181939482689,0.09601751901209354,0.01110372897140696,0.006648634443990886,0.015719549115660522,0.008952723583206534,0.6044821739196777,0.35024984646588564
861,0.0015929392777852406,0.01805460872128606,0.016459472477436066,4.779050141223706e-05,0.024435152765363455,0.09561428427696228,0.01108038873238594,0.006638988037593663,0.015514553281009674,0.008815552340820432,0.5888191014528275,0.34221669286489487
862,0.0015921414116888857,0.017654363065958023,0.016055236104875803,4.7038910452101845e-05,0.024050866719335318,0.09599631652235985,0.011102503054494008,0.006689182366244495,0.015551800859719588,0.008860988076776266,0.5916498005390167,0.3438230585306883
863,0.00159134288593668,0.017812128644436598,0.01629674737341702,4.66923111162032e-05,0.023873649537563324,0.09788506664335728,0.011211192942711837,0.006730309454724193,0.015766502951300044,0.008970076218247414,0.608098715543747,0.3529918910935521
864,0.001590543701404305,0.01752395275980234,0.01607856247574091,4.558113869279623e-05,0.023305511567741632,0.09623503871262074,0.011116299138263397,0.006661445251666009,0.0156593091595162,0.009014734765514731,0.5998581051826477,0.3480465719476342
865,0.0015897438589681644,0.017202511429786682,0.015511997509747744,4.6870125515852123e-05,0.023964567109942436,0.095962043851614,0.01110052078991975,0.006640754290856421,0.016079057577723474,0.009152289479970932,0.6324475556612015,0.36420479975640774
866,0.0015889433595053831,0.017817487474530935,0.015603424049913883,5.2168750698911026e-05,0.02667374024167657,0.09780365414917469,0.011206530112110865,0.006757886963896453,0.015561471884353018,0.008940622676163912,0.5923858433961868,0.34509474877268076
867,0.0015881422038938075,0.018273479770869017,0.015511364908888936,5.734813112212578e-05,0.029321941547095776,0.09788686409592628,0.011211295969478917,0.006752969580702484,0.015734869967696706,0.00890993233770132,0.6056610494852066,0.35177395679056644
868,0.0015873403930120027,0.018503079190850258,0.01593743753619492,5.626011170534184e-05,0.02876564208418131,0.09840958379209042,0.011241190686183624,0.006711002439260483,0.015587497432717921,0.008910759817808867,0.59436896443367,0.34638927411288023
869,0.0015865379277392527,0.01882356684654951,0.016384821850806475,5.589418833551463e-05,0.02857854589819908,0.09986758418381214,0.011324156928660595,0.006825900520198047,0.01584773683459903,0.009028903674334288,0.6143811196088791,0.3571243518963456
870,0.0015857348089555591,0.017630270682275295,0.01559091079980135,5.043584224040387e-05,0.025787706952542067,0.09516686387360096,0.011054433554442787,0.006663836888037622,0.01583630530170067,0.009046670980751514,0.6134950518608093,0.35433095786720514
871,0.0015849310375416399,0.017268169205635786,0.014983852626755834,5.164399499335559e-05,0.026405433658510447,0.09804153069853783,0.011220149733194363,0.006663559935986996,0.015820035703910253,0.009057058952748775,0.6122351735830307,0.35513835214078426
872,0.0015841266143789294,0.016914463602006435,0.014878321206197143,4.901069405605085e-05,0.02505903411656618,0.09805866703391075,0.01122113018065145,0.006719786091707647,0.015470717575270628,0.008809574414044619,0.5854964405298233,0.341777553781867
873,0.0015833215403495756,0.016559161245822906,0.01451357756741345,4.83896410514717e-05,0.02474149176850915,0.0978737324476242,0.011210543852306807,0.006768113584257662,0.01579064282414115,0.008936058264225721,0.6099622398614883,0.3539179861545563
874,0.0015825158163364414,0.01632310193963349,0.01439956366084516,4.697316944657359e-05,0.024017253424972296,0.0980655588209629,0.011221524653653527,0.006712747272104025,0.015399725565106912,0.008801400195807219,0.5801353305578232,0.33910044468939304
875,0.001581709443223102,0.016011883271858096,0.014310514321550727,4.4626410272030625e-05,0.02281735884025693,0.09868872910737991,0.011257122508930413,0.006730206310749054,0.015805580469572714,0.008958093589171767,0.6111168265342712,0.3549027778208256
876,0.001580902421893844,0.015490422490984201,0.014068894321098924,4.141726458328776e-05,0.021176534239202738,0.09798181056976318,0.011216732087288421,0.006724665756337345,0.015547268340564377,0.008876882959157228,0.5913049727678299,0.34464339166879654
877,0.0015800947532336657,0.015723087824881077,0.01377283874899149,4.600861848302884e-05,0.023524080868810415,0.09971828199923038,0.011315689089743251,0.006765272235497832,0.0158300525891141,0.008990725269541144,0.6130107194185257,0.35636450070887804
878,0.0015792864381282742,0.015462002716958523,0.013889269437640905,4.254459508956643e-05,0.02175293629989028,0.09877128526568413,0.011261829968771843,0.006729224696755409,0.01584355499402654,0.009022421203553677,0.6140568554401398,0.35641407035291195
879,0.0015784774774640867,0.015633513452485204,0.014324555406346917,4.081645965925418e-05,0.020869343541562557,0.09899605996906757,0.011274637048266603,0.006760692922398448,0.015572573347396212,0.008944030152633786,0.5932313501834869,0.34611370507627726
880,0.0015776678721282275,0.015858701430261135,0.014111700467765331,4.468379665922839e-05,0.0228467034175992,0.10261504910886288,0.011478870315980041,0.006846163189038634,0.01593324592390536,0.009034695802256465,0.6210289150476456,0.3618219820782542
881,0.0015768576230085285,0.015535666607320309,0.013973871245980263,4.260309742676327e-05,0.021782847121357918,0.09909658879041672,0.011280360071122689,0.006811819854192436,0.015590628406203467,0.008993180468678474,0.5946077406406403,0.3468521647155285
882,0.0015760467309935268,0.015499816741794348,0.014043966075405478,4.170415286353091e-05,0.021323218010365963,0.10068000294268131,0.011370124514788821,0.006798913353122771,0.01585167831880453,0.00900013349018991,0.6146867275238037,0.3576833652332425
883,0.0015752351969724647,0.01499493489973247,0.01377705205231905,3.8855019738548435e-05,0.019866465125232935,0.1017173770815134,0.01142855145396628,0.006856621126644313,0.015706746620782128,0.008979570586234331,0.6034979671239853,0.35260767210274935
884,0.0015744230218352894,0.015680266078561544,0.014353148872032762,4.104996332898736e-05,0.0209887339733541,0.10163990780711174,0.011424198503328523,0.0068604639964178205,0.01571281050600296,0.00898250937461853,0.6039640009403229,0.3528019543737173
885,0.00157361020647265,0.016407659277319908,0.014904346317052841,4.3851026021002326e-05,0.022420908324420452,0.10314001701772213,0.011508194839427797,0.00685173599049449,0.015686788429549302,0.008963559521362185,0.6019652336835861,0.3525526253506541
886,0.0015727967517758985,0.016712059266865253,0.01467795018106699,4.859891487285495e-05,0.024848492350429296,0.09864869341254234,0.011254838910555084,0.0067477443953976035,0.015887525573318847,0.009120457107201219,0.6174700111150742,0.35805935226380825
887,0.0015719826586370873,0.01650403067469597,0.014250768814235926,4.990654269931838e-05,0.025517079047858715,0.10134565271437168,0.01140764950927974,0.006779711926355958,0.015598878432161206,0.008947416907176375,0.5952371805906296,0.34829141665250063
888,0.0015711679279489699,0.018852127250283957,0.014641136163845658,6.981474507483654e-05,0.03569608647376299,0.10183462873101234,0.011435136629129757,0.006852796650491655,0.01581377172730562,0.009018592070788145,0.6117503941059113,0.3567925114184618
889,0.001570352560604998,0.017511645797640085,0.014305301010608673,5.933343527431134e-05,0.030337023083120584,0.09994717873632908,0.01132866890501779,0.0068131969310343266,0.015964357199918913,0.0090248619671911,0.6234566122293472,0.36170189548283815
890,0.0015695365574993222,0.01843264512717724,0.013924692058935761,7.131752317945939e-05,0.036464455537498,0.0987387616187334,0.011259975588287134,0.006712616654112935,0.015207086468680735,0.008790600812062621,0.5657119899988174,0.3322253758087754
891,0.0015687199195267894,0.01853227848187089,0.013723064213991165,7.386923334706808e-05,0.0377691388130188,0.09945684112608433,0.011300845727969815,0.006737230345606804,0.01588962406711985,0.00896419445052743,0.6176331341266632,0.35854498762637377
892,0.0015679026475829442,0.018228332977741957,0.014084967784583569,6.806567944295239e-05,0.03480179514735937,0.10000827349722385,0.011332130642404998,0.0068311914801597595,0.015922266725095724,0.009249260183423758,0.620173379778862,0.3600908266380429
893,0.0015670847425640246,0.01962598552927375,0.014271850930526853,8.027135118027218e-05,0.04104252252727747,0.10102915577590466,0.011389823192306758,0.006848775432445109,0.015699099715476665,0.009086688049137592,0.6029104590415955,0.35196980740875006
894,0.001566266205366964,0.017249128315597773,0.013788625597953796,6.080834191379836e-05,0.031091137789189816,0.09941128268837929,0.011298257187201732,0.006755800335668027,0.015495779235740626,0.008926795097067952,0.5873948931694031,0.3434030879288912
895,0.0015654470368893889,0.01773844100534916,0.014272153843194246,6.18105923422263e-05,0.03160358686000109,0.09773728251457214,0.011202727234923262,0.006750564672984183,0.015702992672682943,0.00899950903840363,0.6032095402479172,0.35047341138124466
896,0.0015646272380296178,0.01661743503063917,0.013428657548502088,5.74470977880992e-05,0.029372544027864933,0.09785823337733746,0.011209656352422609,0.006718936609104276,0.0158871593102309,0.008977953344583511,0.6174415498971939,0.3576498916372657
897,0.0015638068096866609,0.017722579650580883,0.013298542471602559,6.927228241693228e-05,0.03541872696951032,0.09994562156498432,0.011328580593841979,0.006753550958819687,0.015282208113988604,0.008818065281957388,0.5713149011135101,0.3356302613392472
898,0.0015629857527602183,0.016398102045059204,0.013655643677338958,5.3526460760622285e-05,0.02736793365329504,0.09892046079039574,0.011270331092060605,0.006739888805896044,0.015405482637992044,0.008855002233758569,0.5805691778659821,0.3397448193281889
899,0.0015621640681506798,0.017148731974884868,0.01335466606542468,6.322153149085352e-05,0.03232499537989497,0.10094582103192806,0.011385124717954437,0.0067959403386339545,0.01571788573861925,0.008967777248471975,0.6043542921543121,0.3526500565931201
900,0.001561341756759123,0.01648432295769453,0.01327940309420228,5.7313036450068466e-05,0.02930399915203452,0.09676255658268929,0.011146725079382821,0.006697376258671284,0.015783544924735608,0.009019569028168917,0.6094139963388443,0.3530882764607668
901,0.0015605188194873134,0.015879124868661165,0.013598952442407608,4.889487081527477e-05,0.024999814108014107,0.10414779372513294,0.011564281343419778,0.007009762921370566,0.015820727983989633,0.009090471547096968,0.6122887134552002,0.35821825359016657
902,0.0015596952572377025,0.015082251047715545,0.013097137678414583,4.50280185759766e-05,0.023022702895104885,0.10087041556835175,0.011380871513177166,0.006802315707318485,0.015392404860832617,0.008841178612783551,0.5795838534832001,0.3402271345257759
903,0.0015588710709134276,0.014545109122991562,0.012884448980912566,4.143919886701042e-05,0.021187747828662395,0.10025965981185436,0.011346364136502439,0.006793171283788979,0.01558774074074882,0.008968890644609928,0.5943875312805176,0.34732359554618597
904,0.0015580462614183093,0.013844672590494156,0.012743741739541292,3.569038199202623e-05,0.01824839459732175,0.10157297179102898,0.011420436252356392,0.006785298814065754,0.015551455229431103,0.008930278941988945,0.5916234701871872,0.3465982209891081
905,0.0015572208296568534,0.013782158493995667,0.012344580376520753,3.8201783354452346e-05,0.019532468169927597,0.10266531072556973,0.01148168112582498,0.0068747373297810555,0.015644253592767117,0.008924879599362612,0.5987052172422409,0.3506852639839053
906,0.0015563947765342462,0.014127447037026286,0.01247657835483551,4.054572855238803e-05,0.020730921532958746,0.10367724299430847,0.01153812716023075,0.006899221334606409,0.01554035729123063,0.008879332803189754,0.5907794088125229,0.3472283259034157
907,0.0015555681029563568,0.01345418905839324,0.012357300380244851,3.489504706521984e-05,0.017841742374002934,0.1009648647159338,0.011386198474422425,0.0067927909549325705,0.01546883353583461,0.008848966332152486,0.5853538662195206,0.3431593654677272
908,0.0015547408098297336,0.013253648299723864,0.011581928934901953,3.8999861772026634e-05,0.019940522499382496,0.10332842729985714,0.011518701531285572,0.006875901133753359,0.01563139454929283,0.008942491840571165,0.5977213680744171,0.3505248976871371
909,0.0015539128980616049,0.01280863513238728,0.011539330938830972,3.4981312637683004e-05,0.017885849811136723,0.10197989828884602,0.011443290205538682,0.0068673796486109495,0.015746046142022928,0.009058960480615497,0.606521725654602,0.35425081197172403
910,0.001553084368559878,0.013212077086791396,0.01152997207827866,3.899980765709188e-05,0.019940495491027832,0.10389043763279915,0.011549984411628742,0.006880881497636437,0.015813486231060225,0.009122078772634268,0.6117282956838608,0.35780936665832996
911,0.001552255222233137,0.013173992978408933,0.011162645183503628,4.1501069063087925e-05,0.021219382993876934,0.10302970930933952,0.011502039429307139,0.006837565801106393,0.015676698568542043,0.008978392230346799,0.6011911332607269,0.3521104212850332
912,0.0015514254599906423,0.012505701510235667,0.011074092937633395,3.565858060028404e-05,0.018232134636491537,0.10245054960250854,0.011469665563111802,0.006827836274169385,0.015507584369614044,0.008886163821443915,0.5882902145385742,0.3453703820705414
913,0.00155059508274233,0.012129158480092883,0.011009063571691513,3.248508892284008e-05,0.016609537415206432,0.10406799614429474,0.011559850158141592,0.006884208531118929,0.015686843392964576,0.008948399685323238,0.6019694954156876,0.35301874577999115
914,0.0015497640913988107,0.012123441090807319,0.01087595010176301,3.3470556445536204e-05,0.017113404348492622,0.10448380559682846,0.011582921204873536,0.0068980795331299305,0.015466821312215169,0.008880287874490023,0.5852015763521194,0.34484269097447395
915,0.001548932486871368,0.011972373817116022,0.010869287885725498,3.204538097634213e-05,0.01638471568003297,0.10481880232691765,0.011601474987709035,0.006944191642105579,0.015695595309557244,0.009003540500998497,0.6026413291692734,0.3537300657480955
916,0.0015481002700719582,0.01164627680554986,0.010643594665452838,3.062211362703238e-05,0.01565700233913958,0.10464208945631981,0.011591691431292657,0.006948743597604334,0.01580542510370249,0.009063092526048422,0.6111047863960266,0.3578734379261732
917,0.0015472674419132093,0.011631221743300557,0.01070308405905962,3.000949209308601e-05,0.015343771083280444,0.10561151057481766,0.011645261431532886,0.006935371784493327,0.015855315036262356,0.009043789934366941,0.6149687767028809,0.36029014363884926
918,0.0015464340033084193,0.011665612924844027,0.010907103074714541,2.874971187338815e-05,0.014699649065732956,0.10546291619539261,0.011637065859584857,0.0069590285420417786,0.015560237938515652,0.008959387196227908,0.5922919064760208,0.3488774113357067
919,0.0015455999551715566,0.011635056464001536,0.010694026248529553,3.0117853384581394e-05,0.015399175928905606,0.10742564871907234,0.011744853683059792,0.007007357198745012,0.015687933808762017,0.00894086854532361,0.6020531505346298,0.3547393996268511
920,0.001544765298417256,0.011606340296566486,0.010575424181297421,3.076488701481139e-05,0.015730002894997597,0.10664821974933147,0.0117022780730891,0.006982020800933242,0.015588109371436043,0.008978240191936493,0.594415619969368,0.3505319198593497
921,0.0015439300339608218,0.011315687792375684,0.010298471199348569,3.0089255233178847e-05,0.015384553698822856,0.10487809963524342,0.011604756284595105,0.006932657212018967,0.01572851517420147,0.008977917954325676,0.6051719635725021,0.3550250316038728
922,0.0015430941627182237,0.01079613110050559,0.010111917275935411,2.6467937459528912e-05,0.013532984536141157,0.10593749955296516,0.011663219952066897,0.0069133995566517115,0.015664122797748575,0.008989150635898113,0.6002269685268402,0.3530822340399027
923,0.0015422576856060966,0.010545269818976521,0.009834111668169498,2.6188096398982452e-05,0.013389901723712683,0.10654943995177746,0.011696857439876435,0.006973066134378314,0.015777813164598753,0.009068673010915518,0.6089714914560318,0.35776046570390463
924,0.0015414206035417408,0.010580634232610464,0.009917395887896419,2.5882372483465588e-05,0.013233586447313428,0.10744243487715721,0.011745771129344227,0.007029779255390167,0.015821456219361,0.009057105286046863,0.6123451441526413,0.35989378951489925
925,0.0015405829174431195,0.01038981624878943,0.009699779096990824,2.5718823508213973e-05,0.013149964390322566,0.10678981617093086,0.011710044177657981,0.006982017774134874,0.015778963233798512,0.009060298558324575,0.6090602576732635,0.3579250369220972
926,0.0015397446282288578,0.010608214186504483,0.009825007524341345,2.687485039132298e-05,0.013741037342697382,0.10793161764740944,0.011772479932355173,0.00699469936080277,0.015524987425843198,0.008925351314246655,0.589611366391182,0.3487714920192957
927,0.0015389057368182426,0.010796681279316545,0.009780753869563341,2.9064090085739736e-05,0.01486038975417614,0.10889856703579426,0.011825096367332184,0.007064689765684307,0.0159961836259466,0.009130437858402729,0.6259448528289795,0.3674217099323869
928,0.0015380662441312211,0.010697958059608936,0.009804359171539545,2.7914001293538604e-05,0.01427235221490264,0.10662296414375305,0.01170089225310774,0.006950350129045546,0.01562677662963651,0.008955659344792366,0.5973682552576065,0.3519956097006798
929,0.0015372261510884005,0.01056096120737493,0.009781742468476295,2.675124005691032e-05,0.013677835464477539,0.1097048744559288,0.011868793618192822,0.007083410979248583,0.0159565476199216,0.00913419434800744,0.6228467375040054,0.3662758059799671
930,0.0015363854586110455,0.010497084353119135,0.009646311867982149,2.7186089027964044e-05,0.013900172663852572,0.10685877129435539,0.011713824441524903,0.006988393724896014,0.015585191827682933,0.008937432896345854,0.594193160533905,0.3505259659141302
931,0.0015355441676210783,0.010421602288261056,0.009925574529916048,2.4263210434583016e-05,0.012405712623149157,0.11057333275675774,0.011915679538782089,0.007076703943312168,0.01577642849733464,0.009065635967999697,0.6088646203279495,0.35971897654235363
932,0.0015347022790410778,0.01088411035016179,0.009886250598356128,2.909373733928078e-05,0.014875548426061869,0.10800658538937569,0.011776567919088248,0.0070366275031119585,0.015801121322335732,0.009070999687537551,0.6107720732688904,0.35938932932913303
933,0.0015338597937942782,0.010502866003662348,0.009723082650452852,2.664203566382639e-05,0.013621999649330974,0.10886990278959274,0.011823540484095188,0.007056338479742408,0.015836644370639613,0.009044305887073278,0.6135213375091553,0.361195620149374
934,0.0015330167128045679,0.010240261908620596,0.009533686563372612,2.5555704269208945e-05,0.013066562125459313,0.10765920206904411,0.011757613753711548,0.007066510152071714,0.015675433891216846,0.009045955259352922,0.6010941565036774,0.35437667928636074
935,0.0015321730369964879,0.009844169253483415,0.009108159458264709,2.5011298930621706e-05,0.012788208667188883,0.1102672666311264,0.011899176779106192,0.00708477187436074,0.015995350649493124,0.009142274502664804,0.6258796900510788,0.3680734783411026
936,0.001531328767295233,0.010164197767153382,0.009113661712035537,2.8097827453166246e-05,0.01436634175479412,0.10834032483398914,0.011794748308738083,0.0070277065970003605,0.015549421878880138,0.008989660767838359,0.5914687514305115,0.3499045381322503
937,0.001530483904626648,0.009892608970403671,0.008944435510784388,2.6765838811115827e-05,0.01368530048057437,0.10965191759169102,0.01186592841767612,0.0070601432817056775,0.01581376655115043,0.00907475408166647,0.6117500066757202,0.3607009621337056
938,0.0015296384499172283,0.010062243789434433,0.008907532785087824,2.8713408937619533e-05,0.014681087108328938,0.10902734473347664,0.011832086393505126,0.007052662200294435,0.015872754318259102,0.009078225120902061,0.6163223385810852,0.3626748416572809
939,0.001528792404094119,0.01026252075098455,0.008796588517725468,3.153986881443416e-05,0.01612624851986766,0.1093662716448307,0.011850462967838173,0.007043192279525101,0.015740761699168666,0.009097052039578557,0.6061147302389145,0.3577405009418726
940,0.001527945768085113,0.009585848543792963,0.008620638051070273,2.629916343721561e-05,0.01344669028185308,0.1104528158903122,0.011909184125222603,0.007099845912307501,0.015925944202928945,0.00914908410049975,0.6204598993062973,0.36545635759830475
941,0.0015270985428186504,0.010089514777064323,0.008762553450651467,3.0114299079286866e-05,0.015397358452901244,0.10953447595238686,0.011859572631079915,0.007050746586173773,0.015629481929160898,0.00899984291754663,0.5975751280784607,0.3535548020154238
942,0.0015262507292238177,0.010600827168673277,0.009165942668914795,3.195863882865524e-05,0.016340364003553987,0.10910366103053093,0.01183622679144396,0.007057719165459275,0.015678991297533623,0.009046353865414858,0.6013669967651367,0.3552353288978338
943,0.0015254023282303465,0.010537299327552319,0.009380022529512644,2.9662595807167236e-05,0.015166404424235225,0.11024843528866768,0.01189816078279614,0.007068060105666518,0.015878015681962777,0.009080064250156283,0.6167310327291489,0.36348973400890827
944,0.0015245533407686122,0.01041653985157609,0.009603810962289572,2.673093649718794e-05,0.013667454244568944,0.10876648686826229,0.011817923047756107,0.007051496999338269,0.015707065209298304,0.009010115871205926,0.6035224497318268,0.35614446830004454
945,0.001523703767769634,0.010004591662436724,0.009340179851278663,2.4764924091869034e-05,0.012662237510085106,0.11029822565615177,0.011900847037704715,0.007087340927682817,0.015802432689233113,0.009045347571372986,0.6108734160661697,0.36058582086116076
946,0.0015228536101650726,0.00935688242316246,0.00864386826287955,2.387836184425396e-05,0.012208940926939249,0.11040696315467358,0.011906712103574978,0.007067086757160723,0.015856255632631763,0.009096673224121332,0.6150417625904083,0.36272436287254095
947,0.00152200286888723,0.009159555076621473,0.008447600994259119,2.348412908759201e-05,0.012007370823994279,0.10945736803114414,0.01185539711889524,0.007030380074866116,0.015665054321289062,0.00902380677871406,0.6002983599901199,0.35487786401063204
948,0.0015211515448690486,0.009511189302429557,0.00848743598908186,2.661113830981776e-05,0.013606202322989702,0.11190877109766006,0.011987418791612449,0.007096403860487044,0.01602898773862592,0.009144636802375317,0.62851482629776,0.37021179869771004
949,0.0015202996390441096,0.009585772408172488,0.008768456522375345,2.5142001959466143e-05,0.012855036649852991,0.11059081368148327,0.011916621383604914,0.007060731644742191,0.015706967120392767,0.009007646003738046,0.6035148948431015,0.3570528542622924
950,0.0015194471523466316,0.009606722742319107,0.008832099149003625,2.4848979137459537e-05,0.012705215252935886,0.1121495719999075,0.01200030898169848,0.007113452418707311,0.015944242889190382,0.009138097986578941,0.6218865066766739,0.3670180393382907
951,0.0015185940857114716,0.009288734989240766,0.008381622843444347,2.5263546831411077e-05,0.012917182641103864,0.10920870676636696,0.011841923254300692,0.0070645102532580495,0.015742728277885417,0.009035469265654683,0.6062661409378052,0.35773742385208607
952,0.0015177404400741213,0.008949670009315014,0.008195991278626025,2.3400057216349524e-05,0.011964384699240327,0.11200283281505108,0.01199245555263386,0.007088403915986419,0.015862972523402574,0.009056857321411371,0.6155629456043243,0.3637828892096877
953,0.0015168862163707077,0.008610938210040331,0.007955829380080104,2.1966423901176313e-05,0.011231372598558664,0.11011799797415733,0.011891120109938742,0.007069399347528815,0.015966290883699847,0.009181977482512593,0.6236076205968857,0.3668628092855215
954,0.0015160314155379922,0.008809864521026611,0.007909105974249542,2.4277261218230706e-05,0.012412897311151028,0.11259042657911777,0.012023871925155935,0.007178492145612836,0.01563939127028046,0.00898428214713931,0.598333090543747,0.35546175856143236
955,0.0015151760385133687,0.008807729696854949,0.007972219376824796,2.3762635009916266e-05,0.012149769812822342,0.11270917393267155,0.012030211066987708,0.007142484886571765,0.015989391072291144,0.009150810539722443,0.6254134178161621,0.36906129587441683
956,0.0015143200862348626,0.008303706767037511,0.007604519138112664,2.1710375222028233e-05,0.011100455187261105,0.111122727394104,0.01194524497577707,0.007073397981002927,0.01584981511876229,0.00910072191618383,0.614542230963707,0.3628324791789055
957,0.0015134635596411306,0.008172755362465978,0.007652521249838173,2.0054265405633487e-05,0.010253690415993333,0.1120516937226057,0.01199507110293248,0.007155763567425311,0.015810522493957126,0.009088859427720308,0.6114990711212158,0.36177538242191076
958,0.0015126064596714594,0.00800480565521866,0.0074778691632673144,1.977822194021428e-05,0.010112551040947437,0.11158547922968864,0.011970091040749272,0.007130548590794206,0.01590461102386878,0.009093550965189934,0.6187987476587296,0.3651921134442091
959,0.0015117487872657641,0.007831380004063249,0.007403879659250379,1.8661123249330558e-05,0.009541380917653441,0.11297557502985,0.01204442017963108,0.0071891676634550095,0.015800083962313055,0.00910223787650466,0.6106918901205063,0.36183373257517815
960,0.001510890543364588,0.0076693984447047114,0.0072451409650966525,1.8318948150408687e-05,0.009366427548229694,0.11124381050467491,0.011951750925852964,0.007087136036716402,0.01582324849677712,0.00908128172159195,0.6124838292598724,0.3618638198822737
961,0.0015100317289090997,0.007716860971413553,0.007129126926884055,1.969069035112625e-05,0.010067795868963003,0.11306089721620083,0.01204896724027836,0.0071825922932475805,0.016064210610167946,0.0092416328843683,0.6312800943851471,0.37217049580067396
962,0.0015091723448410958,0.007873824564740062,0.007142794551327825,2.1118717540957732e-05,0.010797942522913218,0.11297943256795406,0.012044625720737894,0.007163458503782749,0.01576348722400193,0.00913669727742672,0.6078660786151886,0.36042275559157133
963,0.0015083123921029954,0.00794628297444433,0.007140637142583728,2.1844170532858698e-05,0.011168865021318197,0.11443009600043297,0.012121705975864056,0.007214792654849589,0.015999712576894556,0.009209646610543132,0.626221090555191,0.370325593277812
964,0.0015074518716378428,0.008315942715853453,0.007141818990930915,2.544984545238549e-05,0.013012436218559742,0.11402688920497894,0.012100330968011145,0.007203253568150103,0.015760772495274907,0.00907482230104506,0.6076567620038986,0.3608418256044388
965,0.0015065907843893037,0.008310091099701822,0.007307557389140129,2.4096012111840537e-05,0.01232022512704134,0.11430949158966541,0.012115316365884107,0.007271595299243927,0.01582250666340568,0.009135478641837835,0.6124264150857925,0.363367953337729
966,0.0015057291313016659,0.008645992376841605,0.007586146122775972,2.520133739380981e-05,0.012885375181213021,0.11361371167004108,0.012078388038977704,0.007165681105107069,0.015827993545293496,0.009056453127413988,0.6128512322902679,0.3632324719801545
967,0.001504866913319838,0.008244449971243739,0.007223512628115714,2.4111605853249785e-05,0.012328197713941336,0.11360915564000607,0.012078146175061614,0.007207868271507323,0.01586304900736581,0.009182140696793795,0.6155689060688019,0.364589030854404
968,0.0015040041313893473,0.008510211016982794,0.007119038375094533,2.7527823476702906e-05,0.014074900886043906,0.11292644590139389,0.012041800846843125,0.007147309253923595,0.015750609460380437,0.009082257049158216,0.6068733483552933,0.3598998971283436
969,0.0015031407864563406,0.008320671506226063,0.007273716037161648,2.446422831781092e-05,0.012508492916822433,0.11454376019537449,0.012127724759288533,0.007219827501103282,0.016013865812218666,0.009217861574143171,0.6273294389247894,0.37093659956008196
970,0.0015022768794675807,0.008143136976286769,0.007058401824906468,2.4412562197539955e-05,0.012482076417654753,0.11339223943650723,0.012066609996878547,0.007166258525103331,0.01569175894094921,0.009097275324165821,0.6023467779159546,0.3578695086762309
971,0.0015014124113704478,0.008031031116843224,0.006807720172218978,2.527741980884457e-05,0.012924275361001492,0.11229483038187027,0.012008077747570341,0.0071524534141644835,0.015957744765481674,0.009162855800241232,0.6229401975870132,0.36761751398444176
972,0.0015005473831129375,0.007961784722283483,0.006734501104801893,2.517306211302639e-05,0.012870918028056622,0.113970210775733,0.012097323330777501,0.0072397098410874605,0.015833370880518324,0.009109102888032794,0.6132677495479584,0.3636189801618457
973,0.001499681795643659,0.007729659671895206,0.006795997149311006,2.2422004803956952e-05,0.01146430941298604,0.11242208257317543,0.012014879567012502,0.007162380847148597,0.015871969988657905,0.009115849388763309,0.616261437535286,0.3643417600542307
974,0.0014988156499118352,0.00727223395369947,0.00640218541957438,2.1029698928032303e-05,0.010752427391707897,0.11500521749258041,0.012152129181146205,0.007234286051243544,0.015960257316380625,0.009166346862912178,0.6231364011764526,0.3690708093345165
975,0.001497948946867301,0.007241278421133757,0.006467601051554084,2.021522232098505e-05,0.01033598743379116,0.11275027506053448,0.012032404351368351,0.007167498464696109,0.015654990654902695,0.00905906455591321,0.5995272845029831,0.3561387797817588
976,0.001497081687460503,0.0075797796016559005,0.006555919302627444,2.2834502942714607e-05,0.011675219517201185,0.11526139825582504,0.012165656902481527,0.007266669068485498,0.015864065853561964,0.009089102735742927,0.6156478226184845,0.36545461043715477
977,0.0014962138726424968,0.007387852179817855,0.006369779468514025,2.2413854367187014e-05,0.01146014197729528,0.11456445977091789,0.012128820657764031,0.007238662103191018,0.015815652284898857,0.009169070981442928,0.6118959188461304,0.36323018930852413
978,0.0014953455033649477,0.007088197395205498,0.0062002071645110846,2.0810120076930616e-05,0.010640157153829932,0.11285081878304482,0.012037768026786947,0.007142021553590894,0.01577446727309619,0.009042011108249426,0.60871322453022,0.3607820216566324
979,0.00149447658058013,0.006982057122513652,0.0062617751536890864,1.9290508134872653e-05,0.009863183833658695,0.11615522392094135,0.012212736316521951,0.007256671437062323,0.01595543794012303,0.009167881216853857,0.6227601170539856,0.3694576704874635
980,0.0014936071052409235,0.007260474609211087,0.006749535212293267,1.819730368879391e-05,0.009304231498390436,0.1144292876124382,0.012121663058481684,0.007211552932858467,0.0157801263600685,0.009115526918321848,0.6091500371694565,0.36178966239094734
981,0.0014927370783008142,0.0073591991094872355,0.006798837101086974,1.8777036984829465e-05,0.009600647259503603,0.11485995352268219,0.01214445211550805,0.007234282558783889,0.015978302004022303,0.009224554756656289,0.6245462447404861,0.36970309913158417
982,0.0014918665007138939,0.007040601340122521,0.006378466729074717,1.8950110643345397e-05,0.009689139667898417,0.11523915641009808,0.01216448297698188,0.007227660971693695,0.015864030996584483,0.009144852869212627,0.6156451404094696,0.36544214840978384
983,0.0014909953734348574,0.006857567117549479,0.006390740512870252,1.706418652247521e-05,0.008724872022867203,0.11609497293829918,0.012209568505053016,0.007281549158506095,0.01578811791247093,0.009130808990448713,0.6097671836614609,0.36293107829988003
984,0.0014901236974190024,0.006694807321764529,0.006125726271420717,1.754582262947224e-05,0.008971130941063166,0.11558139324188232,0.012182532402882603,0.007224522880278528,0.0158630542821083,0.009138532914221287,0.6155692785978317,0.365575335919857
985,0.0014892514736222291,0.006697830744087696,0.006244963617064059,1.6642567970848177e-05,0.008509299368597567,0.11650273017585278,0.01223099130346583,0.007281904807314277,0.015781129876635047,0.009063934441655874,0.6092275530099869,0.3628651415929198
986,0.0014883787030010372,0.006834067869931459,0.006341867265291512,1.7216736523550935e-05,0.008802870172075927,0.116239283233881,0.012217154626511876,0.007292659021914005,0.015922098674429366,0.009165463270619512,0.620160311460495,0.368199797347188
987,0.0014875053865125271,0.006812714971601963,0.0062876754673197865,1.7431880678486777e-05,0.008912872988730669,0.11633232049643993,0.0122220426884457,0.007280353223904967,0.015951348877983915,0.009164253016933799,0.622440978884697,0.36938664969056845
988,0.0014866315251143973,0.00716469541657716,0.006618391489610076,1.8286643353349064e-05,0.009349910309538245,0.11773599497973919,0.01229555782590972,0.007345752790570259,0.01588999920235823,0.009199820458889008,0.6176622807979584,0.3676991378888488
989,0.0014857571197649437,0.007165867602452636,0.0065070801647379994,1.9168920971424086e-05,0.009801017120480537,0.11663750931620598,0.012238064449463622,0.007302861427888274,0.016053786448629984,0.009270024485886097,0.6304610818624496,0.3735492955893278
990,0.0014848821714230594,0.007066061487421393,0.005915386136621237,2.2821876427769894e-05,0.011668763123452663,0.11633752658963203,0.012222316529987025,0.007277452968992293,0.015685642502839027,0.009145667543634772,0.6018773019313812,0.35910741426050663
991,0.0014840066810482323,0.0075217075645923615,0.006219490780495107,2.4898577976273373e-05,0.012730574468150735,0.11597622185945511,0.01220332297981982,0.007266879198141396,0.015873042759359985,0.009140680311247706,0.6163447797298431,0.3661605007946491
992,0.001483130649600545,0.00692923623137176,0.005957709741778672,2.1152746285224566e-05,0.010815341491252184,0.11591186001896858,0.01219993593718022,0.007264246698468924,0.015804728700581583,0.009085767436772585,0.611051008105278,0.3634814340621233
993,0.0014822540780406732,0.006767814629711211,0.005767256487160921,2.1064156953798374e-05,0.010770045453682542,0.11620048061013222,0.012215115135453281,0.0073286398546770215,0.015906533559587845,0.009138714289292693,0.6189484298229218,0.367574455216527
994,0.0014813769673298854,0.006660722312517464,0.0054771105060353875,2.22867788579606e-05,0.011395169422030449,0.1155930608510971,0.012183147101879439,0.007236765348352492,0.015839140301087906,0.00914245774038136,0.6137146800756454,0.3646538704633713
995,0.001480499318430041,0.006966480519622564,0.0056339281145483255,2.4049981220741756e-05,0.012296689674258232,0.11657838895916939,0.012234962218556304,0.007291270769201219,0.016002296289144423,0.009187588468194008,0.6264233738183975,0.37150088138878345
996,0.0014796211323035897,0.007498622988350689,0.005590804619714618,2.959119501610985e-05,0.015129896812140942,0.11639166250824928,0.01222516024983712,0.007285511237569153,0.01573307629356483,0.009197010891512036,0.6055229902267456,0.36095732636749744
997,0.0014787424099135698,0.00814662640914321,0.0054915681248530746,3.6704400827147765e-05,0.01876686024479568,0.11461316794157028,0.012131398260955684,0.0072059608064591885,0.016014091170019583,0.009199565509334207,0.6273471564054489,0.3709801621735096
998,0.0014778631522236086,0.00705297919921577,0.00559683027677238,2.5186080620187568e-05,0.012877573957666755,0.11664117500185966,0.012238256482761101,0.007271537207998335,0.015845788339128364,0.00915007945150137,0.6142300367355347,0.36543560586869717
999,0.0014769833601979197,0.006575456471182406,0.005610699765384197,2.040786012003082e-05,0.010434483177959919,0.11508620716631413,0.012156407617935584,0.007304568076506257,0.01574798953714936,0.009079503128305078,0.6066714525222778,0.360878829844296
1000,0.0014761030348013032,0.006441331934183836,0.005561987403780222,1.94773369912582e-05,0.009958709124475718,0.11608618311583996,0.01220910635834265,0.007284238818101585,0.015690373519331398,0.00908814836293459,0.6022404283285141,0.35916330572217703
1001,0.0014752221769991434,0.0063801639480516315,0.005645951139740646,1.8222305243398296e-05,0.009317014832049608,0.11742895469069481,0.012279514497612323,0.007315426366403699,0.01585842215332585,0.009125265991315246,0.6152098774909973,0.36631941609084606
1002,0.0014743407877574094,0.00646537053398788,0.005649972124956548,1.902408575915615e-05,0.009726963005959988,0.11797363124787807,0.01230796037679156,0.007355438428930938,0.015622549731014651,0.009099408984184265,0.5970451235771179,0.357509377412498
1003,0.0014734588680426525,0.006649106973782182,0.005420524044893682,2.2615880880039185e-05,0.011563437525182962,0.11499971523880959,0.012151838340039049,0.007258909870870411,0.016035086195150344,0.009170270524919033,0.6289931982755661,0.37199645675718784
1004,0.0014725764188220053,0.006850811070762575,0.005915829678997397,2.071345898002619e-05,0.010590735357254744,0.11745712347328663,0.012280987434173562,0.00729807373136282,0.015880347270047196,0.009184087160974741,0.6169121861457825,0.36718465480953455
1005,0.001471693441063182,0.0065288691548630595,0.0055968191009014845,2.0060870610905113e-05,0.010257068555802107,0.11712311021983624,0.012263513367825081,0.007294736336916685,0.015762439193784256,0.00907734944485128,0.6077852994203568,0.3624542048200965
1006,0.0014708099357344756,0.005984567338600755,0.0053999616065993905,1.6278181647066958e-05,0.008322990033775568,0.1167575865983963,0.012244362224592489,0.0073064174503088,0.01583684985299151,0.009159764042124152,0.6135372668504715,0.3651474267244339
1007,0.0014699259038047586,0.005641619791276753,0.005181949585676193,1.463004014112812e-05,0.007480299333110452,0.11843406781554222,0.012331955320972547,0.007330831605941057,0.015819687310348763,0.009113105712458491,0.6122081875801086,0.36532112769782543
1008,0.00146904134624348,0.005483750603161752,0.004969622241333127,1.4747319028174388e-05,0.007540263584814966,0.11768890172243118,0.01229309869009995,0.007371920277364552,0.01594926683105144,0.009248317452147603,0.6222784668207169,0.369983684271574
1009,0.0014681562640206655,0.005568533670157194,0.004960172576829791,1.565034426675993e-05,0.008001977577805519,0.1164180301129818,0.012226544370795862,0.007292586844414473,0.015703506981061193,0.009078073082491755,0.6032490581274033,0.35983354412019253
1010,0.001467270658106917,0.005647756042890251,0.004919649800285697,1.6742081243137363e-05,0.008560180431231856,0.11901631206274033,0.012362231019809933,0.007372113293968141,0.01599880304000212,0.009246330708265305,0.6261499226093292,0.3725831173360348
1011,0.0014663845294734094,0.005400444497354329,0.004755861824378371,1.5604961845383514e-05,0.007978774956427515,0.11760087497532368,0.012288500601821996,0.007335611269809306,0.01579934184720211,0.00912926415912807,0.6106344759464264,0.36411767546087503
1012,0.0014654978790918911,0.005109547637403011,0.0045686670346185565,1.4224738833945594e-05,0.007273069815710187,0.11736318282783031,0.012276075279055736,0.007321149227209389,0.0158372101585385,0.009141760179772973,0.6135651618242264,0.36546417232602835
1013,0.0014646107079346836,0.004931262927129865,0.0045100373681634665,1.2939957741764374e-05,0.006616165046580136,0.11900788359344006,0.012361793415123012,0.00734953791834414,0.015796170138376312,0.009117462672293186,0.6103893220424652,0.36469860281795263
1014,0.0014637230169746783,0.005087575409561396,0.004576729726977646,1.394679611621541e-05,0.007130958256311715,0.11814468167722225,0.01231687979843801,0.007337687071412802,0.01567084926227973,0.009043103083968163,0.6007425636053085,0.3594436226412654
1015,0.0014628348071853375,0.005113617051392794,0.00451594078913331,1.4677022363684955e-05,0.007504321285523474,0.11976697109639645,0.012401155301987194,0.007411928498186171,0.01589640421161108,0.00921998405829072,0.6181603223085403,0.3689636467024684
1016,0.0014619460795406922,0.0050223133293911815,0.004465062054805458,1.4182195855028112e-05,0.0072513180784881115,0.11877777613699436,0.012349836428044974,0.00735546974465251,0.015843957395943166,0.0091088623739779,0.6140881031751633,0.3664329396560788
1017,0.0014610568350153412,0.004923416534438729,0.004473285167478025,1.3150748372936505e-05,0.006723941769450903,0.11978873796761036,0.012402282039092691,0.007408959325402975,0.015961370421868234,0.009203619323670864,0.6232233196496964,0.37150602880865335
1018,0.0014601670745844498,0.004940942861139774,0.0043739378452301025,1.4099356576480204e-05,0.007208962691947818,0.119972825050354,0.012411808277851764,0.007396371103823185,0.015940509154070796,0.009177309460937977,0.6215952932834625,0.37078405916690826
1019,0.00145927679922375,0.004885088419541717,0.004373557865619659,1.3556126305047655e-05,0.00693121028598398,0.11934983544051647,0.01237954076556389,0.007422985974699259,0.015820176438935664,0.009185623843222857,0.6122460514307022,0.36579794343560934
1020,0.0014583860099095373,0.0050014391308650374,0.0045252315467223525,1.3507346466212766e-05,0.006906269118189812,0.12012556754052639,0.012419706590802325,0.00740720855537802,0.015872567865858816,0.009167711483314633,0.6163078844547272,0.3682167259976268
1021,0.001457494707618672,0.004911994095891714,0.0044855899177491665,1.294278467867116e-05,0.006617610226385295,0.12124696187674999,0.012477542379460487,0.007466880953870714,0.01600788847015022,0.009284100029617548,0.6268612444400787,0.37405410315841436
1022,0.0014566028933285756,0.005051255575381219,0.004440236487425864,1.4659440466857632e-05,0.007495331694371998,0.1193075180053711,0.012377345507048717,0.007392006111331284,0.015810886735816796,0.009160084649920464,0.6115271896123886,0.36541735380887985
1023,0.0014557105680172322,0.0053520421497523785,0.004326826776377857,1.848807823989773e-05,0.009452903410419822,0.1211820375174284,0.012474201067439565,0.007474760408513248,0.016112061792164508,0.009332290850579739,0.63504658639431,0.3781143119558692
1024,0.0014548177326631862,0.005116994958370924,0.004426491446793079,1.54098393068125e-05,0.007879008655436337,0.11823383718729019,0.012321526199553038,0.007354266010224819,0.015773056825840487,0.009095926536247134,0.6086043864488602,0.3634191118180752
1025,0.0014539243882455406,0.004912381642498076,0.004440477176103741,1.329950009676395e-05,0.006799998343922198,0.12070740759372711,0.012449748440561903,0.007415814674459398,0.015931372396608596,0.009189540287479758,0.6208829134702682,0.3707951605319977
1026,0.0014530305357439571,0.004831709316931665,0.004409701679833233,1.2751368103636196e-05,0.0065197397489100695,0.12046780623495579,0.012437385928223783,0.007421464542858303,0.01592051244465792,0.00921232788823545,0.6200367361307144,0.3702522711828351
1027,0.0014521361761386552,0.00479930907022208,0.00436500197974965,1.2784222008122015e-05,0.006536537664942443,0.12021205201745033,0.012424176622323268,0.007410216145217419,0.015811753128329057,0.009114808635786176,0.6115942746400833,0.3659031633287668
1028,0.0014512413104104094,0.00478449568618089,0.004376780823804438,1.2547211326818797e-05,0.006415354902856052,0.12174247018992901,0.01250301276231848,0.007448246353305876,0.015789113663183096,0.009180156048387289,0.6098441332578659,0.36579330172389746
1029,0.0014503459395405493,0.004986151470802724,0.00431834754999727,1.4976350257711601e-05,0.007657366688363254,0.12104423902928829,0.012467106505509296,0.007468257565051317,0.015987966705244258,0.009211242431774735,0.6253020018339157,0.373173120431602
1030,0.0014494500645109596,0.005127658136188984,0.004438262665644288,1.5422025626321556e-05,0.00788523955270648,0.12064795568585396,0.012446682163773023,0.0074014386627823114,0.015815308740398642,0.009154540719464421,0.6118693351745605,0.36625864543020725
1031,0.0014485536863040767,0.005056465161032975,0.004291721270419657,1.587225528965064e-05,0.008115440490655601,0.12118734046816826,0.012474473893886605,0.007436784449964762,0.01606787960090114,0.009249940514564514,0.631568506360054,0.37637792341411114
1032,0.001447656805902889,0.005894580273889005,0.004332213313318789,2.375144617872138e-05,0.0121440488146618,0.11997588910162449,0.01241196670077873,0.0074291370110586286,0.015627033177729056,0.009079414419829845,0.5973879098892212,0.35868189949542284
1033,0.0014467594242909363,0.006224410841241479,0.004580552456900477,2.5034055397554766e-05,0.012799843912944198,0.12063409946858883,0.012445967214068227,0.007438279339112341,0.01627274358136542,0.009361863369122148,0.6477760523557663,0.38420507591217756
1034,0.0014458615424523074,0.006588936783373356,0.004442651174031198,2.9677601560251787e-05,0.015174077358096838,0.12071077153086662,0.012449921721687199,0.007428040145896375,0.015802902438769122,0.00928567536175251,0.6109097748994827,0.3658102732151747
1035,0.0014449631613716394,0.007995905121788383,0.004556365660391748,4.254679834048147e-05,0.02175406157039106,0.11933470331132412,0.01237875566628132,0.007490127696655691,0.016984099828404493,0.009878636104986072,0.7056484669446945,0.4124915851280093
1036,0.001444064282034118,0.009001299273222685,0.005266175256110728,4.682559028879041e-05,0.023941794876009226,0.1166891660541296,0.012240773742818655,0.007324820035137236,0.015535961464772582,0.009063445962965488,0.5904452204704285,0.35356719326227903
1037,0.001443164905425474,0.007404896547086537,0.005199544946663082,3.1735557058709674e-05,0.016226302832365036,0.11934235133230686,0.012379152262990073,0.0074272105703130364,0.01575200078536354,0.009194296086207032,0.606980562210083,0.36316145677119493
1038,0.0014422650325319846,0.0063646865310147405,0.00479840999469161,2.4701469101273688e-05,0.012629793025553226,0.11968680657446384,0.012397004470904948,0.007447976502589881,0.015908815918832045,0.009207582799717784,0.6191259771585464,0.36940639186650515
1039,0.0014413646643404708,0.006574128055945039,0.005108267185278237,2.4325518552359426e-05,0.012437571305781603,0.11719072610139847,0.012267052788874536,0.007372644846327603,0.01562081337696775,0.00907674035988748,0.5969124138355255,0.357051569968462
1040,0.0014404638018382962,0.005742941750213504,0.004597862018272281,2.0190329450997524e-05,0.010323259979486465,0.12009246274828911,0.012417995381510474,0.007428869139403105,0.015664920437058482,0.009088685270398855,0.6002880930900574,0.36019027791917324
1041,0.001439562446013367,0.0055144691141322255,0.004687360138632357,1.7255919374292716e-05,0.008822904201224446,0.11680258065462112,0.012246721384372298,0.0073952339589595795,0.015754424339825168,0.009099193383008242,0.6071673631668091,0.3619849719107151
1042,0.0014386605978541312,0.005119252717122436,0.004274891398381442,1.6617922028672183e-05,0.008496697759255767,0.1192715372890234,0.012375479106199799,0.007427977747283876,0.015716199963508554,0.009131796890869737,0.6042246073484421,0.36174807231873274
1043,0.0014377582583495752,0.005406981916166842,0.004233288811519742,1.975710711121792e-05,0.010101754451170564,0.11952710710465908,0.012388731231978388,0.007392889121547341,0.015739166092796204,0.009105161298066378,0.6059918403625488,0.36275947373360395
1044,0.0014368554284892251,0.004971084534190595,0.004010147473309189,1.7240132365259342e-05,0.008814832661300898,0.11731510609388351,0.01227356066488718,0.007387843448668718,0.015742855145495793,0.009106911020353436,0.6062759310007095,0.3617955185472965
1045,0.0014359521092631442,0.004618233419023454,0.00400725583313033,1.3812206134389271e-05,0.007062143180519342,0.12001358158886433,0.012413916119150749,0.00743991369381547,0.01567602951716813,0.009116557659581304,0.6011397987604141,0.3605766901746392
1046,0.0014350483016619335,0.004326340509578586,0.0038048888090997934,1.2540938541860669e-05,0.006412147311493754,0.11971515044569969,0.01239847195890146,0.007409287733025849,0.01572923912121684,0.009106015553697944,0.6052276641130447,0.3624714072793722
1047,0.0014341440066767282,0.004262902890332043,0.0038144461577758193,1.1845806511701085e-05,0.00605672865640372,0.11868274211883545,0.012344894939866454,0.007398557965643704,0.01579405657883639,0.009186460170894861,0.610226035118103,0.36445438861846924
1048,0.001433239225299199,0.004313306882977486,0.0038200002745725214,1.2295261512917932e-05,0.006286533665843308,0.12109187431633472,0.012469559478801753,0.00747567240614444,0.015796111985587908,0.009119057562202215,0.6103848367929459,0.3657383555546403
1049,0.0014323339585215493,0.004343770444393158,0.0038246335461735725,1.255691881851817e-05,0.0064203180372715,0.12144866585731506,0.012487916803631604,0.0074907554080709815,0.015742620474276388,0.009157405700534582,0.606257900595665,0.36385328322649
1050,0.0014314282073365151,0.00423201487865299,0.0038395614828914404,1.1347271083650412e-05,0.005801828694529831,0.11983070895075798,0.012404454554523929,0.007424431620165706,0.015644336959603353,0.009070970118045807,0.5987115502357483,0.35927112959325314
1051,0.0014305219727373643,0.004231508355587721,0.003799377358518541,1.1656686183414422e-05,0.005960031761787832,0.12157142907381058,0.012494226655385113,0.007469649892300367,0.015886713806609536,0.009202658198773861,0.6174068599939346,0.3694891445338726
1052,0.0014296152557178932,0.004016930179204792,0.0036473660729825497,1.0747536634880817e-05,0.00549518596380949,0.12086517550051212,0.012457881725363523,0.00744483049493283,0.01574349963565437,0.009132792707532644,0.6063255667686462,0.3635953711345792
1053,0.0014287080572724293,0.0038718244759365916,0.0034640032681636512,1.0763032378235948e-05,0.005503108957782388,0.12135880067944527,0.0124832953233794,0.007474030135199428,0.01580608395958403,0.009155738167464733,0.6111557483673096,0.3662572745233774
1054,0.001427800378395826,0.0038590008043684065,0.0035034356988035142,1.0329140877729515e-05,0.005281261052004993,0.12247759662568569,0.01254070470491092,0.007531188661232591,0.01590305793570365,0.009239237057045102,0.618677943944931,0.37057777028530836
1055,0.001426892220083465,0.0037562233628705144,0.003325829515233636,1.0713528354244772e-05,0.0054777979385107756,0.12230760976672173,0.012531998873577565,0.007471977034583688,0.015658902477169473,0.0091210613027215,0.5998269468545914,0.36106727831065655
1056,0.001425983583331253,0.004073488642461598,0.003392585727851838,1.329383167103515e-05,0.006797099951654673,0.1213263776153326,0.0124816280995379,0.007466806215234101,0.016052015605693214,0.00926763447932899,0.6303219944238663,0.37582418601959944
1057,0.0014250744691356218,0.0040979834157042205,0.003356737201102078,1.3813820487484918e-05,0.00706296821590513,0.12185277231037617,0.012508674884802997,0.007480295142158866,0.015679009047732978,0.009108413709327579,0.601368322968483,0.36161054763942957
1058,0.0014241648784935265,0.0039187956135720015,0.003291522152721882,1.2571726301757735e-05,0.006427889340557158,0.12053609453141689,0.012440910242213336,0.0074326032772660255,0.015974654114902266,0.00921167153865099,0.6242610812187195,0.3723985878750682
1059,0.0014232548124024445,0.004102700622752309,0.003388322831597179,1.36128471694974e-05,0.006960211438126862,0.121745765209198,0.01250318166820325,0.007447417126968503,0.015787208628802618,0.009139869594946504,0.6096969544887543,0.36572135984897614
1060,0.0014223442718603752,0.0041787358350120485,0.0034225790295749903,1.4088404441281455e-05,0.007203362765721977,0.12190895155072212,0.012511558341446708,0.007487765862606466,0.015921239886126093,0.009223794797435403,0.6200933903455734,0.3710011709481478
1061,0.001421433257865838,0.004027035785838962,0.003275135066360235,1.3758411341768806e-05,0.007034638314507902,0.12267062067985535,0.012550582999601287,0.007515301345847547,0.01576240480447262,0.009180150693282485,0.607782632112503,0.3652266263961792
1062,0.0014205217714178715,0.004073183285072446,0.003152150078676641,1.5171832046689815e-05,0.0077573157614097,0.12192635238170624,0.012512451553281454,0.007504654233343899,0.015811891176130455,0.009152378421276808,0.6116049140691757,0.366765633225441
1063,0.0014196098135160317,0.0039926046738401055,0.0032602876890450716,1.3537863651436055e-05,0.006921872613020241,0.12099866755306721,0.012464759725183546,0.007449286873452365,0.01581811748946553,0.009146659402176738,0.6120866686105728,0.36654266808182
1064,0.001418697385160393,0.0036172824911773205,0.0030955891706980765,1.1156044820381794e-05,0.005704055191017687,0.1220807246863842,0.01252037005940629,0.007517695310525596,0.015812463026310678,0.009185647359117866,0.6116491556167603,0.3668649401515722
1065,0.0014177844873515446,0.0036302036605775356,0.003145958937238902,1.088834665097238e-05,0.005567181739024818,0.12242694944143295,0.012538111579764288,0.00748718751128763,0.01583726861983871,0.009175315732136369,0.6135696917772293,0.36799832060933113
1066,0.001416871121090591,0.0035925680422224104,0.0030882663559168577,1.0971650453939219e-05,0.005609774845652282,0.12316138111054897,0.012575663031461461,0.007545068860054016,0.015696292846268996,0.009141426533460617,0.6026948690414429,0.3629281250759959
1067,0.00141595728737915,0.003778998157940805,0.0031367731862701476,1.2415278661137563e-05,0.006347898161038756,0.12270260974764824,0.01255221903778906,0.007501250714994967,0.01597156391521678,0.00925400573760271,0.6240195780992508,0.3733610939234495
1068,0.0014150429872193527,0.0036612115800380707,0.0031313099316321313,1.1306177839287557e-05,0.005780817591585219,0.1229277178645134,0.012563727885414886,0.007536167511716485,0.01577847109836811,0.009171053301542997,0.6090222597122192,0.3659749887883663
1069,0.0014141282216138414,0.0034901860635727644,0.0030586254433728755,1.0202339353782008e-05,0.005216428078711033,0.12284472957253456,0.012559486678103953,0.0075223983731120825,0.015838683685010256,0.009177373489364982,0.6136793196201324,0.3682620245963335
1070,0.0014132129915657684,0.0032828825060278177,0.0030089605133980513,8.563648407289293e-06,0.00437857024371624,0.12221202626824379,0.012527101362737197,0.0074920650804415345,0.015820390298587336,0.009184574242681265,0.6122625768184662,0.367237301543355
1071,0.0014122972980787957,0.0033614374115131795,0.002984747407026589,9.521265155854053e-06,0.004868196789175272,0.12369873188436031,0.012603066716293932,0.007547713466919959,0.01587165390799923,0.009200696367770433,0.6162369251251221,0.3699678285047412
1072,0.0014113811421570936,0.003242167760618031,0.0029614329687319696,8.537315920875699e-06,0.004365106578916311,0.1226307675242424,0.012548543776313006,0.0075176284881308675,0.015773900964443168,0.009149629855528474,0.6086695194244385,0.36565014347434044
1073,0.0014104645248053393,0.0031549750710837543,0.0029034665785729885,8.138139378388587e-06,0.004161008633673191,0.12344065867364407,0.012589913202313015,0.007518775295466185,0.015796733691140503,0.009186492068693042,0.6104329079389572,0.36693678330630064
1074,0.001409547447028716,0.0030983827309682965,0.0027797550428658724,8.552545978091075e-06,0.004372893075924367,0.12349710799753666,0.0125927914908303,0.007555992226116359,0.015882461715491496,0.009219021536409855,0.6170764714479446,0.37028678972274065
1075,0.0014086299098329126,0.003007284423802048,0.0027450451743789017,7.93323454217898e-06,0.004056241479702294,0.12404752150177956,0.01262082270948593,0.0075394343584775925,0.01578380065339524,0.009174287784844637,0.6094337552785873,0.36674063839018345
1076,0.0014077119142241205,0.0028795761172659695,0.002671153924893588,7.262438202815247e-06,0.00371326447930187,0.12343541719019413,0.012589645622694262,0.007528311922214925,0.01577302914840011,0.009153543505817652,0.6086022257804871,0.3660188214853406
1077,0.0014067934612090344,0.002818985376507044,0.0025657701189629734,7.494361625504098e-06,0.0038318464066833258,0.12352013029158115,0.012593965067020619,0.007540419697761536,0.01589012935859393,0.009204169968143106,0.6176724135875702,0.37059627193957567
1078,0.001405874551794851,0.0029199840500950813,0.002665918436832726,7.698547278778278e-06,0.003936246212106198,0.12440873496234417,0.012639184415789189,0.007574042538180947,0.015754425840791536,0.009205242851749063,0.6071674674749374,0.3657881012186408
1079,0.001404955186989267,0.003066374163608998,0.0026006846455857158,9.640443295211298e-06,0.004929131944663823,0.12383163347840309,0.01260983508874081,0.007549611618742347,0.01598375953083584,0.00923330057412386,0.6249729543924332,0.37440229393541813
1080,0.0014040353678004783,0.0030946789775043726,0.0026466037379577756,9.557999874232337e-06,0.004886979702860117,0.12439711950719357,0.012638594487568546,0.007565122214145958,0.01574687370835523,0.009214643621817231,0.6065855175256729,0.36549131851643324
1081,0.00140311509523718,0.0031249173334799707,0.002594310150016099,1.026280870064511e-05,0.005247345776297152,0.12360095418989658,0.012598084645324683,0.007547190063633025,0.015914380484194097,0.009220494190230966,0.619559183716774,0.3715800689533353
1082,0.0014021943703085636,0.003097731911111623,0.002669365087058395,9.409787935510394e-06,0.00481119891628623,0.12411470152437687,0.012624239763952105,0.007574686082080007,0.015803926377603857,0.009243784006685019,0.6109889149665833,0.36755180824548006
1083,0.0014012731940243163,0.0032758963643573225,0.0026300338213331997,1.1459766028565355e-05,0.005859346594661474,0.12427423521876335,0.012632350411875822,0.007552316063083708,0.015881922393144052,0.009195462567731738,0.6170345395803452,0.37065438739955425
1084,0.001400351567394622,0.003094361338298768,0.002656331635080278,9.47879061641288e-06,0.004846479743719101,0.12407455779612064,0.012622197885394327,0.007562741870060563,0.015785582110916876,0.009195276536047459,0.6095712780952454,0.366822917945683
1085,0.0013994294914301563,0.0030182103510014713,0.0026714287232607603,8.615998467575992e-06,0.00440533651271835,0.12417586520314217,0.012627349787911088,0.0075641992734745145,0.015860250165092717,0.009194540325552225,0.6153517067432404,0.36976378597319126
1086,0.0013985069671420887,0.0029852206353098154,0.0026225235196761787,8.675988283357583e-06,0.004436009097844362,0.12523694895207882,0.012681185503139989,0.007581108249723911,0.015834272343866796,0.009230618365108967,0.6133375614881516,0.3692872552201152
1087,0.0013975839955420806,0.002920535276643932,0.0025708232424221933,8.44789065013174e-06,0.004319383355323225,0.12358003295958042,0.01259701845260433,0.007544288062490523,0.015913912996569288,0.009230098221451044,0.6195227801799774,0.3715514065697789
1088,0.0013966605776422835,0.0028233572957105935,0.0024725820985622704,8.266145755442267e-06,0.004226457793265581,0.124355623498559,0.012636486121846997,0.007540391408838332,0.01599770174900306,0.009275545831769705,0.626063734292984,0.3752096788957715
1089,0.001395736714455338,0.00289561680983752,0.002576745057012886,8.157884280990402e-06,0.004171103937551379,0.12479289062321186,0.012658683612236191,0.007579267490655184,0.01591761914480722,0.00927843526005745,0.619811400771141,0.37230214569717646
1090,0.0013948124069943738,0.0029019127832725644,0.0025083470391109586,8.754546115596895e-06,0.004476175643503666,0.12446599826216698,0.012642093068869414,0.007594798575155437,0.015919923794845674,0.009243404725566506,0.6199909150600433,0.37222845666110516
1091,0.0013938876562730068,0.0028552551520988345,0.0024320448865182698,8.895209020920447e-06,0.004548095865175128,0.1255186591297388,0.012695440018912088,0.0076235366286709905,0.015776095974626703,0.009239668259397149,0.6088389456272125,0.36717880237847567
1092,0.0013929624633053398,0.0029763156780973077,0.002417172712739557,1.0195413324254332e-05,0.005212886957451701,0.12465102411806583,0.012651486039431573,0.007592391222715378,0.015904046833152656,0.009204383241012692,0.6187548637390137,0.37170294392853975
1093,0.0013920368291059607,0.0029473844333551824,0.002428884676191956,9.820868854149012e-06,0.005021383287385106,0.1250719390809536,0.012672828372758245,0.0076076219556853175,0.01582340311286592,0.009238386293873191,0.6124957650899887,0.36878385208547115
1094,0.0013911107546899404,0.0030613726121373475,0.0025133105227723718,1.0275081194777158e-05,0.005253620911389589,0.12580859661102295,0.012710094442959686,0.0076361470855772495,0.015860789880317742,0.009215999394655228,0.6153935939073563,0.3706010952591896
1095,0.0013901842410728332,0.002866883878596127,0.0024600718752481043,8.789664661890129e-06,0.0044941314845345914,0.1253351829946041,0.0126861578803926,0.00763417559210211,0.015869686456609806,0.0092152482829988,0.6160841584205627,0.3707096707075834
1096,0.0013892572892706748,0.0027859688852913678,0.002434825466480106,8.195902864827076e-06,0.004190542735159397,0.12457812204957008,0.012647785979105066,0.0075897081987932324,0.015789957749773577,0.009168360847979784,0.6099093109369278,0.36724371649324894
1097,0.0013883299002999817,0.0027121708262711763,0.0023468451108783484,8.162518952303799e-06,0.0041734735132195055,0.12546483054757118,0.01269271785672384,0.007595276925712824,0.01599496240510095,0.009311438538134098,0.6258493065834045,0.37565706856548786
1098,0.0013874020751777495,0.0027489177882671356,0.0023161889985203743,8.761699177739501e-06,0.004479832656215876,0.12481186538934708,0.012659645613634316,0.007590794935822487,0.01584687573819193,0.009199881926178932,0.6143143028020859,0.3695630840957165
1099,0.0013864738149214518,0.00271729682572186,0.002348101756069809,8.20281502456055e-06,0.0041940766968764365,0.12569366954267025,0.012704287850038028,0.00760868052020669,0.01587626006367419,0.009250805713236332,0.6165946424007416,0.3711441559717059
1100,0.0013855451205490405,0.002716978080570698,0.002302377368323505,8.557411092624534e-06,0.004375380696728826,0.12488038092851639,0.012663120279703535,0.00759133358951658,0.01596300102057382,0.00928399059921503,0.623350664973259,0.3741155229508877
1101,0.0013846159930789425,0.002529453777242452,0.002155618800316006,7.871729167163721e-06,0.004024793510325253,0.12525276839733124,0.012681986303443471,0.007601479301229119,0.015866100496910427,0.009267388144508004,0.6158057749271393,0.37052927166223526
1102,0.0013836864335300602,0.0025694657233543694,0.002247257565613836,7.546096412625047e-06,0.0038582984125241637,0.1253045927733183,0.012684609671135614,0.007601785357110202,0.015918438477035998,0.009254309115931392,0.6198752075433731,0.3725899001583457
1103,0.0013827564429217693,0.002550803474150598,0.0022555487230420113,7.298733976313088e-06,0.003731822653207928,0.12532908096909523,0.012685848884561018,0.007612598594278097,0.01588646923801466,0.009282651823014021,0.6173879057168961,0.37135849334299564
1104,0.0013818260222739189,0.0023825104581192136,0.0021328824223019183,6.612635047531512e-06,0.0033810221939347684,0.12605489417910576,0.012722529239371203,0.00761044304817915,0.015929328276572677,0.009251384995877743,0.6207236051559448,0.3733892496675253
1105,0.001380895172606829,0.002255355822853744,0.002040773571934551,6.089773251005681e-06,0.003113684360869229,0.12570194900035858,0.012704705783164037,0.007607973297126591,0.01589355482025996,0.00926993484608829,0.6179387718439102,0.3718203604221344
1106,0.0013799638949412905,0.0023100502439774573,0.0020646657794713974,6.437719207497139e-06,0.003291587985586375,0.12588046677410603,0.012713724148312146,0.007624102523550391,0.015985315360850287,0.009275324875488877,0.6250945776700974,0.3754875222221017
1107,0.0013790321902985635,0.002781087183393538,0.002228609169833362,9.761442697708844e-06,0.004990999063011259,0.1263980269432068,0.01273983346727572,0.007649963372386992,0.015882112858829796,0.009256613906472921,0.6170493513345718,0.3717236891388893
1108,0.0013781000597003765,0.0028870193054899573,0.0024102431489154696,9.376392313242832e-06,0.004794123815372586,0.12638890743255615,0.012739374279534883,0.007625653292052448,0.015912168883648083,0.009264328982681036,0.6193869858980179,0.372887946665287
1109,0.001377167504168925,0.003067086450755596,0.0022816723212599754,1.2143117032792361e-05,0.006208742735907435,0.12504875659942627,0.012671653631110232,0.007607632549479604,0.015871048202853896,0.009235200472176075,0.6161898821592331,0.3706193193793297
1110,0.00137623452472687,0.002760044822935015,0.002278214495163411,9.167595294456987e-06,0.00468736607581377,0.12598100677132607,0.012718800505994323,0.007633156608790159,0.01583260240768412,0.00922314659692347,0.6132081896066666,0.3695945981889963
1111,0.0013753011223973386,0.0027719796635210514,0.002255933213746175,9.458617455493368e-06,0.0048361654044128954,0.12550750188529491,0.012694875487270232,0.007619947311468422,0.01599407375168047,0.009287090040743351,0.625779777765274,0.3756436398252845
1112,0.0013743672982039206,0.0028279716498218477,0.0023607127950526774,9.186449460685253e-06,0.004697006545029581,0.12518608197569847,0.012678610206544837,0.007585017592646182,0.015806594338232033,0.009184147231280804,0.6111952215433121,0.36819065175950527
1113,0.0013734330531706685,0.0027480581193231046,0.0024038609699346125,8.067414455581456e-06,0.004124846484046429,0.126176280900836,0.012728653767174384,0.007616925984621048,0.015989473208438184,0.009301361627876759,0.6254198104143143,0.37579804565757513
1114,0.0013724983883220967,0.0024210643605329096,0.002105534862494096,7.203601626315503e-06,0.0036831818288192153,0.12586014345288277,0.012712697844965565,0.007623305777087808,0.015891083347217932,0.009240351850166917,0.6177465915679932,0.37180336751043797
1115,0.0013715633046831798,0.0023937514051795006,0.0020782883802894503,7.149663701966347e-06,0.00365560338832438,0.12601998820900917,0.012720767965170555,0.007644657627679408,0.015911743285593805,0.009263694053515792,0.6193538904190063,0.37268693931400776
1116,0.001370627803279352,0.0023248132201842964,0.002075639204122126,6.496238142972288e-06,0.003321508760564029,0.12620005942881107,0.01272985311308542,0.00761531013995409,0.015814641067288075,0.009205472655594349,0.6118177026510239,0.36900888103991747
1117,0.0013696918851365048,0.0023040497908368707,0.0020083712588530034,6.819445047767658e-06,0.0034867635113187134,0.12672702968120575,0.012756403268117923,0.007651547552086413,0.015978656957005608,0.009281200356781483,0.6245739609003067,0.3756504952907562
1118,0.0013687555512809872,0.002324148954357952,0.0020428176794666797,6.746513804500864e-06,0.003449473879300058,0.12504279613494873,0.012671351889809414,0.007616359973326325,0.015838352239642,0.009231408825144172,0.6136536747217178,0.3693482354283333
1119,0.0013678188027396042,0.00236428901553154,0.0020782117499038577,6.862148097752652e-06,0.0035085975541733205,0.12606068886816502,0.012722821903542991,0.007626241655088961,0.0159595114797342,0.009289423236623406,0.6230781972408295,0.37456944305449724
1120,0.0013668816405396156,0.002284238114953041,0.0020236312120687217,6.506323529720248e-06,0.003326665551867336,0.12812897190451622,0.012826769235857549,0.00770548265427351,0.015860651225949454,0.009262905456125736,0.6153828203678131,0.37175589613616467
1121,0.0013659440657087343,0.0025826460914686322,0.00210585625609383,8.78120340530586e-06,0.004489805083721876,0.12671802937984467,0.012755950380828482,0.007629503961652517,0.015959900130624247,0.009261357132345438,0.6231085062026978,0.3749132677912712
1122,0.0013650060792751268,0.00237023871159181,0.0020695654675364494,6.987973165450967e-06,0.0035729316296055913,0.12518665194511414,0.012678638613404307,0.007614384172484279,0.01591659429165647,0.009269032161682844,0.6197315901517868,0.37245912104845047
1123,0.0013640676822674093,0.0023138707620091736,0.0020854127360507846,6.312771347438684e-06,0.003227702691219747,0.12718190252780914,0.012779276548861669,0.007675107568502426,0.01588418687427226,0.009263083804398775,0.6172105222940445,0.3721962124109268
1124,0.0013631288757146498,0.002310643729288131,0.0020984717120882124,6.179051183607953e-06,0.0031593317398801446,0.12785768136382103,0.012813183261126213,0.007682888419367373,0.01592492114199097,0.00929716369137168,0.6203801929950714,0.3741189371794462
1125,0.0013621896606463644,0.002348419395275414,0.0020653802203014493,6.807343083892192e-06,0.0034805757459253073,0.12604416720569134,0.012721988357675382,0.007651285966858268,0.015919441844458152,0.00927103916183114,0.6199533343315125,0.3729987507686019
1126,0.001361250038092518,0.0023352878633886576,0.0020317203307058662,6.942259233255754e-06,0.003549558052327484,0.12579643912613392,0.012709480183859397,0.0076296596089378,0.015964637947237747,0.009316883282735944,0.6234785318374634,0.37463748548179865
1127,0.0013603100090835215,0.002401895879302174,0.002059988910332322,7.372470236077788e-06,0.003769523580558598,0.12679493986070156,0.012759820366169706,0.0076734747271984816,0.015958792735586553,0.009313241578638554,0.6230220198631287,0.3749084798619151
1128,0.0013593695746502322,0.0022990916040726006,0.0020366853568702936,6.549450972670456e-06,0.003348716418258846,0.12647375650703907,0.012743649539492636,0.00764317053835839,0.015938238523334067,0.009276490891352296,0.6214181780815125,0.37394596729427576
1129,0.0013584287358239517,0.0024541629827581346,0.0019399712909944355,8.822518339002272e-06,0.004510929633397609,0.12777737900614738,0.012809158848726047,0.007679437752813101,0.016051249781392107,0.009338996605947614,0.6302618980407715,0.37901963852345943
1130,0.0013574874936364255,0.0024289750144816935,0.0019698320247698575,8.342596629518084e-06,0.004265546624083072,0.12604396231472492,0.012721977920133923,0.007623025216162205,0.015831928225587842,0.009273009141907096,0.6131559610366821,0.3695999616757035
1131,0.0013565458491198404,0.002544890157878399,0.002058558806311339,8.782004897511797e-06,0.004490214982070029,0.12651973590254784,0.012745966234750803,0.007653837208636105,0.016181976151066958,0.009399216622114182,0.6405697762966156,0.3835447560995817
1132,0.0013556038033068255,0.003340965253300965,0.002080749429296702,1.639325728319818e-05,0.008381827734410763,0.12662475928664207,0.012751255148252224,0.007710240664891899,0.01575228774240203,0.00923073966987431,0.6070026755332947,0.3668137174099684
1133,0.0013546613572304495,0.003512622613925487,0.0020708697848021984,1.814919551179628e-05,0.009279633406549692,0.1256814543157816,0.01270367030326389,0.0076543770264834166,0.015826456384905235,0.009266952751204371,0.6127322018146515,0.36920682806521654
1134,0.0013537185119242197,0.003082124690990895,0.0021632022690027952,1.3216997103882022e-05,0.006757814437150955,0.12615298852324486,0.01272747874729519,0.007704300689511001,0.01590887720412489,0.009268561843782663,0.6191307604312897,0.37264187447726727
1135,0.0013527752684220824,0.0030383419361896813,0.00236575334565714,1.120423848988139e-05,0.005728696007281542,0.1265243049710989,0.012746195997366705,0.007662514923140407,0.01589467580125572,0.009290571790188551,0.6180258989334106,0.37227510195225477
1136,0.001351831627758419,0.002868342853616923,0.0022317602997645736,1.059006876857893e-05,0.005414673127233982,0.12641529738903046,0.01274070410804223,0.0076718577183783054,0.016070280985454755,0.009318883996456861,0.6317573040723801,0.37908630073070526
1137,0.0013508875909680471,0.0032462524832226336,0.0022964582894928753,1.3779517303191824e-05,0.007045429432764649,0.12537922896444798,0.012688386729004691,0.007655933266505599,0.01578587202960855,0.00928116450086236,0.6095937192440033,0.36748647410422564
1138,0.0013499431590862196,0.0036398859811015427,0.0024034298257902265,1.67920134117594e-05,0.008585710427723825,0.125434972345829,0.012691207139424945,0.007632252876646817,0.015828303947378903,0.009203834226354957,0.6128752678632736,0.3691551201045513
1139,0.0013489983331486212,0.0029512266628444195,0.0023282658657990396,1.0645606607795344e-05,0.0054430695017799735,0.12724648788571358,0.012782520754498835,0.007656055735424161,0.015896122144761184,0.009293830255046487,0.618138387799263,0.3726924378424883
1140,0.0013480531141913696,0.0026178676052950323,0.002153581444872543,8.752270673539897e-06,0.0044750121887773275,0.12563127651810646,0.012701134366950619,0.007642856100574136,0.01578195352862816,0.009212941862642765,0.6092911064624786,0.36746119149029255
1141,0.0013471075032510135,0.002586629707366228,0.002080713660689071,9.016855642585142e-06,0.0046102937194518745,0.12616386823356152,0.012728027541668425,0.007675690809264779,0.015933034720694413,0.009298078948631883,0.62101249396801,0.37358818110078573
1142,0.0013461615013645306,0.002420484262984246,0.0019341466249898076,8.538740758012864e-06,0.004365834640339017,0.12727706134319305,0.012784056394841177,0.007677902700379491,0.015819613491321955,0.009209665935486555,0.612202450633049,0.36973975598812103
1143,0.0013452151095693285,0.0026225230540148914,0.0019706574094016105,1.0228854307570145e-05,0.0052299852250143886,0.12669564597308636,0.012754823939340014,0.007646151119843125,0.016108286554911217,0.009386901510879397,0.6347490102052689,0.3807223280891776
1144,0.001344268328903242,0.0026288075605407357,0.00193038274301216,1.060539000263816e-05,0.005422506597824395,0.12461056001484394,0.012649432309579363,0.0076025971211493015,0.01580802963949302,0.009233643068000674,0.6113062500953674,0.3679584050551057
1145,0.0013433211604045316,0.0025927055394276977,0.002026566246058792,9.499879752183915e-06,0.004857262480072677,0.12595007941126823,0.012717239249720172,0.007629021303728223,0.015912660427804298,0.009281254140660167,0.6194252818822861,0.37268768064677715
1146,0.001342373605111884,0.002613596327137202,0.0022313654189929366,8.10197866485396e-06,0.004142519552260637,0.12727589532732964,0.012783997915252877,0.007703318842686713,0.015806270966074856,0.009215058758854866,0.6111702173948288,0.3692230563610792
1147,0.0013414256640644094,0.002658206853084266,0.002265589195303619,8.270487001027504e-06,0.0042286773095838726,0.1252073086798191,0.012679684744928322,0.007607717183418572,0.015984984907574367,0.009296225849539042,0.6250687688589096,0.37513803876936436
1148,0.0013404773383016422,0.002326013520359993,0.001958802458830178,7.422017688440974e-06,0.00379485753364861,0.12684768810868263,0.012762474483512485,0.007653001346625388,0.015732790026680116,0.009192271623760462,0.6055009365081787,0.36617431230843067
1149,0.0013395286288635372,0.002277732943184674,0.001882794254925102,7.544510481238831e-06,0.0038574874051846564,0.1256116908043623,0.012700143712097333,0.0076185360085219145,0.015906136514561797,0.009248868562281132,0.6189174801111221,0.3722645854577422
1150,0.001338579536790471,0.002434382156934589,0.0019245084840804338,8.750050142225518e-06,0.0044738767319358885,0.1267290785908699,0.012756506363324057,0.007651337655261159,0.015691534286293718,0.00915972120128572,0.6023295223712921,0.364529300481081
1151,0.0013376300631232389,0.0026359138428233564,0.0019819572335109115,1.0271402629769e-05,0.005251740221865475,0.1271783672273159,0.012779099193240977,0.007665403536520898,0.015857685062495148,0.009253367315977812,0.6151527017354965,0.3711655344814062
1152,0.0013366802089030555,0.00218379613943398,0.001777721627149731,7.447906682500616e-06,0.003808094304986298,0.12551787868142128,0.012695400760417192,0.007621117518283427,0.015758608478643025,0.009196419967338443,0.6074899137020111,0.3665038961917162
1153,0.0013357299751715528,0.0021380138932727277,0.001787562039680779,6.923216460563708e-06,0.0035398215404711664,0.12728560715913773,0.01278448537926275,0.007666250574402511,0.01589690001922065,0.009263029554858804,0.6181988716125488,0.3727422393858433
1154,0.001334779362970778,0.0021023167646490037,0.001797641540179029,6.4952766933856765e-06,0.003321017255075276,0.12605275586247444,0.01272242172255708,0.007647437741979957,0.015826740382938617,0.009267499903216958,0.6127541959285736,0.369403475895524
1155,0.0013338283733431943,0.0021553627448156476,0.0017812647565733641,7.14213592800661e-06,0.0036517545231617987,0.12606707215309143,0.012723144012213557,0.007646541227586567,0.015985010397326402,0.009323939448222518,0.6250707507133484,0.3755689114332199
1156,0.0013328770073316781,0.00206722374423407,0.0017428000865038484,6.581138563888089e-06,0.003364918287843466,0.12663046270608902,0.012751542160428625,0.0076542997267097235,0.015865220103698584,0.009300872683525085,0.6157373785972595,0.37118392065167427
1157,0.0013319252659795193,0.0022217981750145555,0.0017360816127620637,8.1452891436129e-06,0.004164664074778557,0.1260037086904049,0.01271994658296337,0.007649394450709224,0.01580431586209938,0.009251519339159131,0.6110190451145172,0.36851137690246105
1158,0.0013309731503304185,0.002254870254546404,0.0017437970673199743,8.408343546761898e-06,0.0042991628288291395,0.12649626843631268,0.012744783533941767,0.007657992420718074,0.015907379763036616,0.009288125205785036,0.6190142184495926,0.37275524344295263
1159,0.0013300206614284878,0.002768413571175188,0.0017016804777085781,1.3759795479018067e-05,0.007035345828626305,0.12679021432995796,0.012759583008163135,0.007664987468160689,0.015741330124477006,0.00917913787998259,0.606158435344696,0.366474324837327
1160,0.0013290678003182476,0.003351125866174698,0.0016955926548689604,1.950579280673992e-05,0.009973258653189987,0.12635640799999237,0.012737736432237776,0.007633121684193611,0.015867445584699665,0.009248629678040743,0.6159101724624634,0.3711332902312279
1161,0.0013281145680446272,0.003935327345971018,0.0018254475435242057,2.4202840450016083e-05,0.012374846264719963,0.12461193278431892,0.012649502196226164,0.007594583323225379,0.01584163859404936,0.009220832493156195,0.6139083206653595,0.3692601267248392
1162,0.0013271609656529625,0.003466978552751243,0.001854467496741563,1.9395807157707168e-05,0.009917022660374641,0.1248876191675663,0.012663487142809923,0.007601559162139893,0.016194288051396173,0.009412864223122597,0.6415448486804962,0.38321623392403126
1163,0.0013262069941889956,0.003721049171872437,0.0020897897775284946,2.003939357564377e-05,0.010246086632832885,0.12504475004971027,0.012671451083389476,0.007638456067070365,0.015624628397873907,0.009285869542509317,0.5972040593624115,0.3611244047060609
1164,0.001325252654698873,0.00543400808237493,0.0024027713225223124,3.434196764828812e-05,0.017558954539708793,0.1257013939321041,0.012704678150463,0.007672839914448559,0.016414513344759893,0.009568826528266072,0.6591122299432755,0.3924068119376898
1165,0.0013242979482291453,0.005118650617077947,0.0027751251473091543,2.834506040017004e-05,0.014492752030491829,0.12509244494140148,0.012673867090119468,0.007654209737665951,0.015748741579636724,0.00920462072826922,0.6067293882369995,0.3659109165892005
1166,0.001323342875826765,0.003940754511859268,0.0026655099354684353,1.7683905070953188e-05,0.009041732177138329,0.12305073253810406,0.012570012560875851,0.007550585316494107,0.015501368741614339,0.00908849504776299,0.5878187119960785,0.3554347222670913
1167,0.001322387438539086,0.0035506293061189353,0.0025967832189053297,1.4406518630494247e-05,0.007366013713181019,0.1245306171476841,0.012645374195515504,0.007598979980684817,0.015951796681563307,0.009282996412366629,0.622475877404213,0.3735032472759485
1168,0.0013214316374138627,0.0033776280470192432,0.002493579813744873,1.352211711491691e-05,0.0069138213293626904,0.12461119890213013,0.012649464664556437,0.007601318648084998,0.01572697557737043,0.009133114013820887,0.6050534844398499,0.36483234167099
1169,0.0013204754734992474,0.0032427310361526906,0.0025213189655914903,1.1985941682723933e-05,0.006128379027359188,0.1241865586489439,0.012627893282741083,0.007598831900395453,0.015755404440425166,0.009160900255665183,0.6072428971529007,0.3657147279009223
1170,0.0013195189478437922,0.00292124564293772,0.002297274593729526,1.059487249222002e-05,0.005417129606939852,0.12276864796876907,0.012555596523408492,0.007532337796874344,0.015697308790873582,0.009148195153102279,0.6027729213237762,0.36277078464627266
1171,0.001318562061496444,0.002644923282787204,0.002117845928296447,9.296416237702942e-06,0.004753232351504266,0.1239672601222992,0.0126167388134451,0.0075762803899124265,0.015712721251135868,0.009158716537058353,0.6039572060108185,0.36396223306655884
1172,0.0013176048155065462,0.00224290817277506,0.0018686885014176369,7.314310778383515e-06,0.003739787091035396,0.12498759292066097,0.012668554626961169,0.007616723538376391,0.01575015050866646,0.009207111550495028,0.6068380028009415,0.3659127978608012
1173,0.0013166472109238363,0.002195746696088463,0.0017503720591776073,7.778733561281115e-06,0.0039772450109012425,0.12405875697731972,0.012621394300481413,0.0076101713348180056,0.015702897801797323,0.00916686886921525,0.603202223777771,0.36363049037754536
1174,0.0013156892487984457,0.002226463402621448,0.0018407746974844486,7.371872811745561e-06,0.003769218339584768,0.12589455023407936,0.012714435629943748,0.007673692307434976,0.015796517783946883,0.00923832692205906,0.6104162335395813,0.36815539188683033
1175,0.001314730930180897,0.0020718000596389174,0.0018421323329675943,5.848791147400334e-06,0.0029904707334935665,0.12456485442817211,0.012647112170078016,0.007592237903736532,0.015730123077789943,0.009168761316686869,0.6052957028150558,0.364930278621614
1176,0.0013137722561221037,0.0019569782307371497,0.001706399314571172,5.787814870927832e-06,0.0029592937789857388,0.12452460266649723,0.012645068518582426,0.007620610762387514,0.015777612793126183,0.00921955332159996,0.608955979347229,0.3667402910068631
1177,0.0013128132276733699,0.0018657090840861201,0.0016304821474477649,5.489207751452341e-06,0.0028066166560165584,0.12559318356215954,0.012699207982877464,0.007636272697709501,0.015770937169955934,0.009193724021315575,0.6084408462047577,0.3670170148834586
1178,0.001311853845886388,0.0017628188943490386,0.0014661873574368656,5.768355435975536e-06,0.0029493446345441043,0.12578653171658516,0.012708979680998246,0.007626869482919574,0.015702501399783835,0.009164185728877783,0.6031717956066132,0.36447916366159916
1179,0.001310894111813237,0.0017608428315725178,0.0015345557476393878,5.214170641920646e-06,0.002665991021785885,0.12548191659152508,0.01269358184141199,0.007631625165231526,0.015805816852937662,0.009216464823111892,0.6111350804567337,0.3683084985241294
1180,0.0013099340265063837,0.0016318013076670468,0.0014379389176610857,4.708124265562219e-06,0.002407250925898552,0.12547734752297401,0.012693350696518566,0.0076213417341932654,0.015688530351472083,0.009154720231890678,0.6020989269018173,0.36378813721239567
1181,0.0013089735910186793,0.0016001295007299632,0.001413493970176205,4.5896420033386676e-06,0.0023466713028028607,0.12670304626226425,0.01275519586569685,0.007668455713428557,0.015800257685435453,0.009217234794050455,0.6107052713632584,0.3687041588127613
1182,0.0013080128064033583,0.0015209192060865462,0.001345320197287947,4.348380798546714e-06,0.0022233151830732822,0.12579074688255787,0.012709192508043633,0.007639341871254146,0.01573832691020578,0.009184748865664005,0.6059271842241287,0.3658589655533433
1183,0.00130705167371404,0.0014738905883859843,0.0013158273068256676,4.1192152480107325e-06,0.0021061434235889465,0.12579710222780704,0.012709513387813001,0.0076672128634527326,0.015842416617702963,0.009248178219422698,0.6139686554670334,0.3698828788474202
1184,0.0013060901940047233,0.0015663330268580467,0.0014237132272683084,4.179197389930778e-06,0.002136812108801678,0.12680147215723991,0.012760149238705132,0.007670484599657357,0.015734380268129306,0.009185552364215255,0.6056233644485474,0.36621241830289364
1185,0.001305128368329789,0.001551140536321327,0.0013663338031619787,4.479522033307148e-06,0.00229036743985489,0.12678726576268673,0.012759434603706672,0.007656635832972825,0.01591768313880086,0.00928974081762135,0.6198163628578186,0.37330181431025267
1186,0.001304166197743997,0.001510255184257403,0.0013217151281423867,4.428764555086673e-06,0.0022644151467829943,0.12605647556483746,0.012722609161520617,0.007645921432413161,0.015753069139758664,0.009194170357659459,0.607062891125679,0.36655968334525824
1187,0.0013032036833024849,0.001459026796510443,0.001291455642785877,4.1645271835477615e-06,0.002129311324097216,0.1265763882547617,0.012748819136206214,0.00767366134095937,0.015906248813440105,0.009286768035963178,0.6189261972904205,0.3727512927725911
1188,0.001302240826060768,0.0014666647475678474,0.0012585983495227993,4.4962692982153385e-06,0.0022989301942288876,0.1267771925777197,0.012758927934179534,0.007670738501474261,0.01573017164539277,0.009179830551147461,0.6052994132041931,0.3660383028909564
1189,0.0013012776270747378,0.0014100908592808992,0.0012556747533380985,3.965902635627572e-06,0.0020277551375329494,0.12665661610662937,0.012752859166771763,0.007665857556276023,0.015860441923221717,0.009242422878742218,0.6153665632009506,0.37101158965379
1190,0.0013003140874006595,0.0014836424379609525,0.001261577766854316,4.638986411009682e-06,0.0023719009768683463,0.12683280184864998,0.012761725342824817,0.007671763189136982,0.01571185680714231,0.009222427848726511,0.6038907170295715,0.36536175943911076
1191,0.0012993502080951725,0.0014591511280741543,0.0012237438932061195,4.695467907822604e-06,0.002400779922027141,0.1264605838805437,0.012742985795485997,0.007679252536036074,0.01576542039268874,0.009186656447127461,0.6080151945352554,0.36723788920789957
1192,0.001298385990215289,0.001343194569926709,0.0012031921942252666,3.722304256825737e-06,0.0019032039563171566,0.12738719210028648,0.012789586131641198,0.0076892857905477285,0.01580085873658498,0.009235912235453725,0.6107517331838608,0.36906946264207363
1193,0.001297421434818392,0.0012645265378523618,0.0011233789555262774,3.5774036746261118e-06,0.001829116721637547,0.12709908187389374,0.012775115017713027,0.007697162567637861,0.01584194321736602,0.009250446921214461,0.6139319539070129,0.37051551789045334
1194,0.0012964565429622345,0.0013143740070518106,0.0011826449626823887,3.6012124837725423e-06,0.001841290039010346,0.1262798886746168,0.012733878591049907,0.007655331282876432,0.01584535510351341,0.009245709050446749,0.6141964048147202,0.3702381467446685
1195,0.001295491315704939,0.0012983152701053768,0.0011742764909286052,3.509641999244195e-06,0.0017944703286048025,0.12741204723715782,0.01279083408862382,0.007696106098592281,0.015820588518607636,0.009254091652110219,0.612277939915657,0.36984499357640743
1196,0.0012945257541049952,0.0012465484905987978,0.001134282341809012,3.316295874356001e-06,0.0016956128529272974,0.1275106929242611,0.012795784043070248,0.007687241421081126,0.015819768487884,0.009241814957931638,0.6122144609689713,0.3698625769466162
1197,0.0012935598592212604,0.0012999354512430727,0.0012020230642519891,3.3084176607189875e-06,0.0016915848245844245,0.1274076085537672,0.012790610816375189,0.007688539568334818,0.015914440605077844,0.009302889229729772,0.6195638626813889,0.37348573561757803
1198,0.0012925936321129562,0.001310335035668686,0.0012041189474985003,3.3937192256416893e-06,0.0017351993301417679,0.12608792074024677,0.012724196062681803,0.007630215957760811,0.015784608608880254,0.009227689821273088,0.6094961613416672,0.367792041040957
1199,0.0012916270738396692,0.0013691219210159034,0.0011845000553876162,4.1220820889975585e-06,0.0021076093544252217,0.12797417491674423,0.012819018713687041,0.007703747367486358,0.01591884961279954,0.009296810254454613,0.6199072301387787,0.37394070252776146
1200,0.0012906601854613493,0.0014017238863743842,0.001170052244560793,4.553926828521071e-06,0.0023284102499019355,0.12737241946160793,0.012788844695090621,0.007683120435103774,0.01572972343010717,0.009245896246284246,0.6052649319171906,0.36631867568939924
1201,0.001289692968038308,0.0016359925793949515,0.0011467621370684355,7.027054948594014e-06,0.003592914086766541,0.12691191583871841,0.012765705005360464,0.00769494182895869,0.016115309260726268,0.009406198747456074,0.6353025585412979,0.38110723719000816
1202,0.0012887254226312177,0.0018214492301922292,0.0011867587745655328,8.527741329089622e-06,0.004360210848972201,0.12680913135409355,0.012760534694468001,0.007662353804334998,0.01565996196656313,0.00920787756331265,0.5999080836772919,0.3633586075156927
1203,0.001287757550301111,0.0017593152879271656,0.0011571917857509106,8.151440852088854e-06,0.004167809325736016,0.12759288027882576,0.01279990759021496,0.007692847168073058,0.01607742460724494,0.009380298899486661,0.6323191225528717,0.37995600141584873
1204,0.001286789352109378,0.0016464603831991553,0.0011676519352477044,6.9659946575484355e-06,0.0035616938257589936,0.12728066369891167,0.01278423738106901,0.007674716995097697,0.015847849317744595,0.009275983553379774,0.6143897771835327,0.3708352204412222
1205,0.001285820829117767,0.0013386980281211436,0.0011453994666226208,4.130459046791657e-06,0.0021118922159075737,0.12660254538059235,0.012750136138491464,0.0076665563974529505,0.01591252759806672,0.009335896698758006,0.6194149255752563,0.37300873547792435
1206,0.0012848519823883823,0.0012967615039087832,0.0010893221478909254,4.159065724707034e-06,0.0021265188697725534,0.12766573205590248,0.012803561132244002,0.00772241223603487,0.01582248838441308,0.009295879630371928,0.6124249994754791,0.3700453657656908
1207,0.0012838828129836828,0.0013147863501217216,0.0010861525515792891,4.3601280026450695e-06,0.002229321573395282,0.12702871672809124,0.012771578245234377,0.007691336912102997,0.01588553604141542,0.009320560609921813,0.6173153519630432,0.3721720343455672
1208,0.0012829133219664822,0.0013543982640840113,0.0011400867078918964,4.325555323703156e-06,0.002211644488852471,0.12772253155708313,0.012806408873226524,0.007700630812905729,0.015861816274875748,0.009286937769502401,0.615473210811615,0.37159787118434906
1209,0.0012819435103999454,0.0014275882858783007,0.0011406797275412828,5.03664477946586e-06,0.002575222490122542,0.12739941105246544,0.012790199672375826,0.007679297239519656,0.01591677325716501,0.009322612080723047,0.619745522737503,0.37357246689498425
1210,0.0012809733793475906,0.001471479976316914,0.0011842175445053726,5.125256961946434e-06,0.0026205296744592488,0.12788880243897438,0.012814742196644632,0.007697985856793821,0.015865538146940132,0.009295755997300148,0.6157620996236801,0.37182545103132725
1211,0.0012800029298732848,0.0015262415108736604,0.001335894805379212,4.474164143175585e-06,0.0022876279545016587,0.12710027396678925,0.012775174677041293,0.007706488715484738,0.0159193315811166,0.00934419734403491,0.6199447810649872,0.3735225275158882
1212,0.001279032163041245,0.0014450788439717144,0.0012367397139314562,4.456185479284613e-06,0.0022784353350289166,0.12811116129159927,0.012825877916662823,0.007714208215475082,0.0158595035249307,0.00928243133239448,0.6152937710285187,0.371702466160059
1213,0.001278061079916036,0.0014198312710504979,0.0012110126845072955,4.410556471157179e-06,0.002255105471704155,0.12770731560885906,0.012805646251557935,0.007731552701443434,0.01590686941626324,0.00930359773337841,0.618974506855011,0.373340911231935
1214,0.00127708968156257,0.0013503285881597549,0.0011997524998150766,3.818977461378381e-06,0.0019526327669154853,0.1273870225995779,0.012789577740407197,0.00770525133702904,0.01577213860083442,0.009229420917108655,0.608533501625061,0.36796026211231947
1215,0.0012761179690461038,0.0014657481224276125,0.001266149600269273,4.428230226949381e-06,0.0022641420364379883,0.12784282118082047,0.012812438647047711,0.007695056963711977,0.015884064341958565,0.009274309501051903,0.6172009706497192,0.37252189591526985
1216,0.0012751459434322395,0.0015188964898698032,0.0011677754810079932,5.717575390917773e-06,0.0029233804089017212,0.12723609618842602,0.01278199934614473,0.007695451960898936,0.015833918519590123,0.00925038568675518,0.6133101433515549,0.37027311976999044
1217,0.0012741736057869226,0.0013286889588925987,0.0011058382951887324,4.342076010743767e-06,0.002220091613708064,0.12843214347958565,0.012841935426722474,0.007723581395111978,0.01591839276923576,0.009325819555670023,0.6198716461658478,0.3741518948227167
1218,0.0012732009571764403,0.0012704596447292715,0.0010908271942753345,3.890084485647094e-06,0.0019889894174411893,0.12746219709515572,0.012793350822579978,0.007712486432865262,0.015816483109583144,0.009264132706448436,0.6119601875543594,0.3697111923247576
1219,0.0012722279986674212,0.0012888274795841426,0.001123656751587987,3.8128708297335834e-06,0.0019495102169457823,0.1276751607656479,0.012804034071282304,0.007722456590272486,0.015847434159149947,0.009287104709073901,0.6143576055765152,0.37101638317108154
1220,0.0012712547313268332,0.0012346008443273604,0.001062982075382024,3.757258468795044e-06,0.0019210758910048753,0.12777408212423325,0.01280899326756821,0.007686767494305968,0.015900545726980114,0.009285396430641413,0.6184825003147125,0.3731282912194729
1221,0.001270281156221984,0.0012569469108711928,0.0010496334434719756,4.0802107150739175e-06,0.0020862006349489093,0.12751780822873116,0.012796141843131806,0.007704265066422522,0.015835725123205385,0.009279313497245312,0.6134501099586487,0.3704839590936899
1222,0.0012693072744205172,0.0011122795986011624,0.0009446535841561854,3.486784521555819e-06,0.0017827833944465965,0.12824014015495777,0.012832332305718843,0.0077089115511626005,0.01595204982699358,0.009337250841781497,0.6224956810474396,0.3753679106011987
1223,0.0012683330869904146,0.001072646031389013,0.0009373070060973987,3.156680520532973e-06,0.001614002074347809,0.12724807485938072,0.012782600728462228,0.007698234752751887,0.015767842692050164,0.009237500838935375,0.6082020848989487,0.3677250798791647
1224,0.001267358594999991,0.0010774892725748941,0.0009620211931178346,3.0106974122645624e-06,0.0015393613721244037,0.12833384610712528,0.012837019988744229,0.007737677777186036,0.015910803340023018,0.009315126575529575,0.6192806959152222,0.3738072710111737
1225,0.0012663837995178977,0.0010539441282162443,0.0009458403219468892,2.9070354798932385e-06,0.001486359309637919,0.12780296057462692,0.012810440823194462,0.0076943798922002316,0.015874840098031213,0.009288881439715624,0.6164843291044235,0.3721436448395252
1226,0.0012654087016131163,0.0010221386764897034,0.0008779512427281588,3.12712109007407e-06,0.0015988884551916271,0.12850389257073402,0.012845522214195035,0.007731566554866731,0.015865187656967667,0.009294043993577361,0.6157349050045013,0.3721193987876177
1227,0.0012644333023549615,0.000992382352706045,0.0008647323265904561,2.939547016467259e-06,0.001502982311649248,0.12852033972740173,0.012846344062976613,0.007728494354523718,0.015867998467204096,0.00929555925540626,0.6159530580043793,0.3722366988658905
1228,0.001263457602813079,0.0010751922091003507,0.0009803540306165814,2.844812684088538e-06,0.001454544806620106,0.12804404087364674,0.012822517291907335,0.007705434458330274,0.015915797722166045,0.009322591358795762,0.6196695417165756,0.3738567912951112
1229,0.001262481604057442,0.0010876084270421416,0.0009943901968654245,2.856422952390858e-06,0.0014604811440221965,0.1280270591378212,0.012821667102770674,0.007706610020250082,0.015820681419015294,0.009273488307371736,0.6122851222753525,0.37015609070658684
1230,0.001261505307158353,0.0010536790359765291,0.0009100655879592523,3.1843178476265166e-06,0.0016281329735647887,0.1289235632866621,0.012866480066056177,0.007731126504950225,0.01591563703201047,0.00931067462079227,0.6196570247411728,0.37429029401391745
1231,0.0012605287131864415,0.0009787405579118058,0.0008734423900023103,2.7380024221201893e-06,0.0013999331276863813,0.12880652956664562,0.012860639275541244,0.007728575728833675,0.01582712516858277,0.009281005011871457,0.6127839684486389,0.37079524900764227
1232,0.0012595518232126623,0.0009824211010709405,0.0008671964169479907,2.8228583346390224e-06,0.001443319721147418,0.1285870037972927,0.01284967495743643,0.0077194260666146874,0.015866903344498175,0.00928904116153717,0.615868091583252,0.37222754769027233
1233,0.001258574638308295,0.0009645414975238964,0.0008520479022990912,2.7665232664730866e-06,0.001414515805663541,0.12804385274648666,0.012822507929210313,0.007711834157817066,0.015906024443607687,0.00933170528151095,0.6189087480306625,0.3734763003885746
1234,0.001257597159544943,0.0009355773945571855,0.0008493567729601637,2.5043358391485526e-06,0.0012804600119125098,0.128787811845541,0.012859704757482405,0.007723193499259651,0.01587623955510906,0.009309328394010663,0.616593062877655,0.372690437361598
1235,0.0012566193879945315,0.0009137317392742261,0.0008124073210638016,2.5797703528951388e-06,0.0013190294557716697,0.1284551154822111,0.012843083828904863,0.0077236160868778825,0.01586121007937096,0.009281515376642346,0.6154262274503708,0.37194067146629095
1236,0.0012556413247293064,0.000882545587955974,0.0008147031476255506,2.2568382860299607e-06,0.0011539151601027697,0.1287241354584694,0.012856524737424612,0.00773053546436131,0.015922422550233472,0.00933620985597372,0.620185524225235,0.3744548298418522
1237,0.001254662970821835,0.0008839645888656378,0.0008096297679003328,2.3104049660105375e-06,0.0011813037272077054,0.12903714179992676,0.012872146654640634,0.00774309947155416,0.01586730630066598,0.00930309621617198,0.6158993244171143,0.3724682331085205
1238,0.0012536843273450013,0.0008974276424851269,0.0007961914816405624,2.5471923663644702e-06,0.0013023723440710455,0.12858427315950394,0.012849538918347822,0.007728148601017892,0.01591599383967394,0.009314359165728092,0.6196848154067993,0.3741345442831516
1239,0.0012527053953720081,0.0008973821677500382,0.0008051792392507195,2.476433792253374e-06,0.0012661937798839062,0.12898335605859756,0.01286946398980392,0.007733787060715258,0.01588804856267915,0.00930387550033629,0.6175106465816498,0.3732470013201237
1240,0.001251726175976375,0.0008974192023742944,0.0007907194085419178,2.5899186653077777e-06,0.0013242182321846485,0.12847692146897316,0.01284417392280079,0.007715129293501377,0.015868790787728793,0.0092934793792665,0.6160145848989487,0.3722457531839609
1241,0.0012507466702319358,0.0008980018756119534,0.0008069300674833357,2.468796708399168e-06,0.0012622889480553567,0.12925660982728004,0.012883088741713589,0.007764182519167662,0.015919406080369913,0.009319555014371872,0.6199505478143692,0.3746035788208246
1242,0.001249766879212838,0.0009055225527845323,0.0007916575268609449,2.661822747995757e-06,0.0013609826564788818,0.1293998323380947,0.012890224304934477,0.007738127838820219,0.015839619182580516,0.009297762298956513,0.6137518584728241,0.3715758454054594
1243,0.0012487868039935434,0.0009248559508705512,0.0008318173640873283,2.5367046418978134e-06,0.0012970101670362055,0.12901445478200912,0.012871014695366145,0.00774003635160625,0.015968702761032925,0.009344286052510142,0.6237960010766983,0.3764052279293537
1244,0.0012478064456488242,0.0010052064462797716,0.0009166551753878593,2.658749679085304e-06,0.0013594114570878446,0.12859083339571953,0.012849866202460525,0.007726997951976955,0.01586519270169344,0.009299121331423521,0.6157352775335312,0.37216305546462536
1245,0.0012468258052537639,0.0009459943976253271,0.0008709108078619465,2.437581315462012e-06,0.001246328727575019,0.12981305830180645,0.012910789216874352,0.007760185399092734,0.015917391049837103,0.009338976815342903,0.619793638586998,0.3748033484444022
1246,0.0012458448838837542,0.0010075723694171757,0.0009281666862079874,2.591828888398595e-06,0.0013251949567347765,0.12941652163863182,0.012891055297713935,0.007748235599137843,0.01585435683022589,0.009294831193983555,0.6148944646120071,0.3721554931253195
1247,0.0012448636826144967,0.0011427454592194408,0.0010256379173370078,3.151152554892178e-06,0.0016111754812300205,0.12860430032014847,0.012850539288697772,0.007744348258711398,0.015938671174359167,0.009331360924988985,0.6214519441127777,0.3750281222164631
1248,0.001243882202521998,0.0011161722359247506,0.0009567655943101272,3.4300961715416634e-06,0.0017537987732794136,0.1287921518087387,0.012859921596616631,0.0077471244148910046,0.015866739063840965,0.00932024628855288,0.6158553063869476,0.37232372909784317
1249,0.0012429004446825717,0.0011730786936823279,0.00092923897318542,4.201934189040912e-06,0.002148437371943146,0.12876852229237556,0.012858741172369155,0.00773419498000294,0.01605985510093138,0.009380728472024202,0.6309378445148468,0.3798531834036112
1250,0.0012419184101728356,0.0013737202098127455,0.0009331964392913505,6.133056785984081e-06,0.0031358152627944946,0.1283560786396265,0.012838131992197965,0.007729695294983685,0.015772039071350937,0.009251886513084173,0.6085258424282074,0.36844096053391695
1251,0.0012409361000697112,0.0013725376047659665,0.0009408900368725881,6.0613036794165964e-06,0.003099127672612667,0.12953495234251022,0.012896952269464043,0.0077597093768417835,0.015907950810573605,0.009327888255938888,0.619058683514595,0.3742968179285526
1252,0.0012399535154504215,0.0014685362402815372,0.0009706503187771887,6.767256593320781e-06,0.003460079780779779,0.12921125255525112,0.012880828059025006,0.007779570878483355,0.015935872372984175,0.009343576384708285,0.6212337166070938,0.37522248458117247
1253,0.0012389706573924914,0.0013258635299280286,0.0009897438430925831,5.2226805564714596e-06,0.0026703422772698104,0.1277896985411644,0.0128097757120035,0.0077117240289226174,0.015840709072072207,0.009293742710724473,0.6138362884521484,0.3708129934966564
1254,0.001237987526973745,0.0011523101420607418,0.0009440293215448037,3.883129068071867e-06,0.001985433278605342,0.12830719351768494,0.012835687101310913,0.00772894371766597,0.01589683330979642,0.009325451217591763,0.618193656206131,0.37325042486190796
1255,0.0012370041252723059,0.0011460555251687765,0.0009417655819561332,3.839675059680303e-06,0.001963215268915519,0.1290128491818905,0.012870935129440396,0.007761960267089307,0.01586280086314995,0.009322208352386951,0.6155496388673782,0.37228124402463436
1256,0.001236020453366594,0.001211959432112053,0.000983115955023095,4.160658477303514e-06,0.0021273332240525633,0.12937450408935547,0.012888962402964426,0.007736229454167187,0.015918978961822195,0.009307019645348191,0.6199173182249069,0.3746459111571312
1257,0.0012350365123353262,0.0013128049322403967,0.0010544482502155006,4.58878162135079e-06,0.0023462314857169986,0.12823576293885708,0.012832113582847377,0.007719343644566834,0.015822731527775597,0.00930701824836433,0.612443819642067,0.370339791290462
1258,0.001234052303257515,0.001199702441226691,0.000969237502431497,4.149371193307161e-06,0.002121562196407467,0.12929022125899792,0.01288476331150473,0.0077705837320536375,0.015933097967787455,0.009329958353191614,0.6210174262523651,0.3751538237556815
1259,0.0012330678272124659,0.001148322582594119,0.0009298908553319052,3.954743874601263e-06,0.0020220495644025505,0.1288083903491497,0.012860731917418725,0.0077541141072288156,0.01579990471120442,0.00929023022763431,0.6106779873371124,0.36974318884313107
1260,0.0012320830852797775,0.001223036990268156,0.0009152658458333462,4.799793998699897e-06,0.002454121597111225,0.1285034529864788,0.012845499840595017,0.007730672718025744,0.015896099830942794,0.009323492180556059,0.6181366592645645,0.37332005612552166
1261,0.0012310980785393405,0.0011656548012979329,0.0009379184630233794,4.0614337422084645e-06,0.002076599979773164,0.12865804880857468,0.01285322406364865,0.007722602691501379,0.015964017425253586,0.009351335233077407,0.6234300434589386,0.37604404613375664
1262,0.0012301128080713353,0.0010648148891050369,0.000903155334526673,3.3472763334430056e-06,0.0017114531947299838,0.12866278365254402,0.012853460824575653,0.007740322849713266,0.015887063707191222,0.009340557968243957,0.6174340695142746,0.3730484265834093
1263,0.0012291272749562316,0.0011199421423953027,0.0009451639489270747,3.5577247103901755e-06,0.0018190547707490623,0.12927404046058655,0.012883957325778779,0.007772015524096787,0.01592843367744748,0.009375022258609533,0.62065389752388,0.3749639689922333
1264,0.0012281414802747875,0.0011782290821429342,0.0009606666426407173,4.006434039638407e-06,0.002048478665528819,0.1286948248744011,0.012855061429148754,0.007744122762233019,0.015874894066609635,0.009329843800514936,0.6164885312318802,0.37259167805314064
1265,0.0012271554251080477,0.001209957670653239,0.0009963761986000463,4.037345149754401e-06,0.0020642835297621787,0.1286468170583248,0.01285266377340742,0.007719870074652135,0.015946313842915612,0.009364505298435688,0.6220480501651764,0.3753474336117506
1266,0.0012261691105373428,0.00124659069115296,0.0010391572723165154,4.06089458238057e-06,0.0020763242209795862,0.12783227674663067,0.012811909937682367,0.007703248178586364,0.015937197990045362,0.009333080844953656,0.621337041258812,0.3745846590027213
1267,0.0012251825376442876,0.001321985269896686,0.0009562173654558137,5.447040393846692e-06,0.0027850568876601756,0.12913541495800018,0.012877047695237263,0.007765776244923472,0.015981268886148283,0.009367058519273996,0.6247782409191132,0.37695682793855667
1268,0.0012241957075107798,0.0012234486057423055,0.0008974930533440784,4.94285995955579e-06,0.0025272707571275532,0.12868407368659973,0.0128545244259605,0.007743031717836857,0.015765711951277416,0.009276418713852763,0.6080377101898193,0.36836089193820953
1269,0.0012232086212190002,0.001255964074516669,0.0008737233438296244,5.446786531138059e-06,0.002784926851745695,0.12866225093603134,0.012853434785332693,0.007728343247435987,0.016020775267081393,0.0093874242156744,0.627870962023735,0.3782666064798832
1270,0.0012222212798514095,0.0013303701998665929,0.0009220817591995001,5.796088316856185e-06,0.002963524020742625,0.12856049090623856,0.012848350603094102,0.007733910926617682,0.015725856291162327,0.00927283801138401,0.6049673557281494,0.366763923317194
1271,0.0012212336844907485,0.0016896443848963827,0.0010612362530082464,8.220808581427264e-06,0.004203277116175741,0.12874929420650005,0.012857781334731725,0.007735711522400379,0.01625355595322314,0.009515134617686272,0.6462493687868118,0.38749933149665594
1272,0.0012202458362200375,0.0036886981106363237,0.0012112788972444832,2.659583060449222e-05,0.013598374556750059,0.12758350558578968,0.012799437340999403,0.007700076210312545,0.015656279871602136,0.009275129530578852,0.5996260195970535,0.3636047625914216
1273,0.0012192577361225725,0.003622887481469661,0.0013715445820707828,2.4698467996131512e-05,0.01262825878802687,0.12805637158453465,0.012823134647387553,0.007729307981207967,0.016188698123756264,0.009458941873162985,0.6411020755767822,0.38457922358065844
1274,0.0012182693852819263,0.0031205490231513977,0.0015721356612630188,1.8216803482573596e-05,0.009314201888628304,0.12852515652775764,0.012846584348939219,0.007716416264884174,0.015713634497808136,0.009255850221961737,0.6040273904800415,0.3662762735038996
1275,0.0012172807847819472,0.002870089199859649,0.0016404242196585983,1.5233309341056156e-05,0.007788749178871512,0.1269291155040264,0.01276657017727165,0.007653724285773933,0.016100860408826752,0.009386018151417375,0.6341638714075089,0.38054649345576763
1276,0.0012162919357067564,0.003214768075849861,0.0015461637231055647,1.9341360484759207e-05,0.009889184730127454,0.12495655938982964,0.012666981864454736,0.007624393212608993,0.015763127310447402,0.009254822507500648,0.6078383326530457,0.36639744602143764
1277,0.0012153028391407488,0.0029273953987285495,0.0015907001215964556,1.6182711988221854e-05,0.008274176390841603,0.12688294239342213,0.0127642481011833,0.007695192587561905,0.01566301655610535,0.009236209327355027,0.6001421809196472,0.36351256165653467
1278,0.0012143134961685894,0.0030882919090799987,0.0017571526695974171,1.64539283105114e-05,0.00841284857597202,0.1269206367433071,0.012766143868005368,0.007721112808212638,0.016099780108783206,0.009449287317693233,0.634078785777092,0.38049971126019955
1279,0.0012133239078752146,0.0033339119981974363,0.002066258603008464,1.6437649492218043e-05,0.008404525462538004,0.12556302547454834,0.012697683569136286,0.0076535174157470465,0.015574728875936163,0.00915194721892476,0.5933956056833267,0.35947931557893753
1280,0.001212334075345829,0.0028578765341080725,0.0018702756497077644,1.3315696605786798e-05,0.006808279547840357,0.12638201750814915,0.012739026879304291,0.0076657484751194715,0.015662992748870657,0.009173748549073935,0.6001403778791428,0.36326119769364595
1281,0.0012113439996659053,0.0028070987318642437,0.0019296857062727213,1.2354361160760163e-05,0.006316751125268638,0.12651210837066174,0.012745581480126502,0.007660400937311351,0.016039475421277906,0.009383848635479808,0.6293375939130783,0.37792485114187
1282,0.001210353681921183,0.0030183042399585247,0.0018145735084544867,1.5320299098675605e-05,0.007833226933144033,0.1246884036809206,0.01265338288752509,0.00761739956215024,0.01578554028198566,0.009230074705556035,0.6095680892467499,0.36712824646383524
1283,0.0012093631231976669,0.00237960007507354,0.001727180351736024,9.758078704180662e-06,0.004989278852008283,0.12507364153862,0.012672914780295346,0.007631770451553166,0.015548350879479707,0.009164662100374699,0.5913873165845871,0.35823047906160355
1284,0.001208372324581626,0.0023006686533335596,0.0015063108294270933,1.0714119412114087e-05,0.005478100152686238,0.12555351294577122,0.012697202800815502,0.007654755376279354,0.015925753918798115,0.009338211035355926,0.6204450875520706,0.3729993002489209
1285,0.0012073812871595928,0.0020174391684122384,0.0014956473314668983,8.027828471313114e-06,0.00410460663260892,0.12519722804427147,0.012679174458147943,0.007623351295478642,0.015667782152015995,0.009167860494926572,0.600507453083992,0.36285234056413174
1286,0.0012063900120183608,0.0017861712258309126,0.0013347828353289515,7.024728233773203e-06,0.0035917243803851306,0.12562655843794346,0.012700895339333563,0.00766056589782238,0.01575342293246397,0.009241497376933694,0.607090175151825,0.3663583667948842
1287,0.0012053985002449853,0.0016536288894712925,0.0013419364404398948,5.672627139574615e-06,0.0029003986855968833,0.12601015903055668,0.012720272053427413,0.007688155863434076,0.015718468415070984,0.009180939756333828,0.6043991148471832,0.36520463693886995
1288,0.00120440675292678,0.0015954386908560991,0.0012604068033397198,5.741407676396193e-06,0.002935565949883312,0.1259891800582409,0.01271921295686809,0.007656689616851509,0.015753036115621583,0.009275898104533553,0.6070603728294373,0.3665247764438391
1289,0.001203414771151318,0.0016420305182691664,0.0012795636721421033,6.0471626284197555e-06,0.0030918976990506053,0.12552781775593758,0.012695903374603034,0.007650128682143986,0.015723670347751892,0.009195537539198995,0.6047991663217545,0.365163492038846
1290,0.0012024225560064285,0.0016810934175737202,0.0012925504997838289,6.327561550278915e-06,0.0032352650305256248,0.12776114977896214,0.012808345265150801,0.007768393261358142,0.015723553505686206,0.009247652254998684,0.6047901958227158,0.36627567280083895
1291,0.0012014301085801972,0.0016075206804089248,0.0013266390596982092,5.3414072453961126e-06,0.0027310469304211438,0.12644226849079132,0.01274206320526341,0.007686109398491681,0.015696607591013906,0.00919158454053104,0.6027190685272217,0.3645806685090065
1292,0.0012004374299609646,0.001539996563224122,0.0012671141885221004,5.14676321472507e-06,0.0026315259165130556,0.12555588223040104,0.01269732256482916,0.007667045458219945,0.015686237509234945,0.009226168971508741,0.6019229590892792,0.3637394206598401
1293,0.001199444521237324,0.0014909332967363298,0.0012018888664897531,5.1772436790997745e-06,0.0026471104938536882,0.12713043577969074,0.012776690699365583,0.007722065201960504,0.015730542141884896,0.009188853204250336,0.6053279042243958,0.36622917000204325
1294,0.0011984513834981218,0.001401288784109056,0.0011108205508207902,5.013056124880677e-06,0.002563161659054458,0.1272018849849701,0.012780280141720472,0.007673279498703778,0.015716266629475943,0.009200981352478266,0.6042297631502151,0.3657158240675926
1295,0.0011974580178324558,0.001340214308584109,0.0010395173158030957,4.973627369508904e-06,0.002543002017773688,0.12665711902081966,0.012752884412938254,0.007673459593206644,0.01576756547784617,0.009195154532790184,0.6081806719303131,0.3674188954755664
1296,0.001196464425329673,0.0013203493144828826,0.0009557781449984759,5.4344782256521285e-06,0.002778633905109018,0.1264916229993105,0.012744549749510463,0.007669165730476379,0.015676994097751962,0.00920542562380433,0.601213812828064,0.36385271791368723
1297,0.0011954706070793687,0.001251041394425556,0.0009334029600722715,4.931759804094327e-06,0.0025215952191501856,0.12640640884637833,0.012740255945357168,0.0076829587342217565,0.015756489996064865,0.009194518206641078,0.6073265820741653,0.36686649546027184
1298,0.0011944765641713872,0.001137889630626887,0.000876451056683436,4.27079157816479e-06,0.002183643897296861,0.12681718170642853,0.012760939952153607,0.007670012884773314,0.01570655924000355,0.009201530599966645,0.6034835577011108,0.3651503697037697
1299,0.0011934822976958181,0.001071007311111316,0.0008445065177511424,3.866655731599167e-06,0.00197701042634435,0.12679730169475079,0.01275993925734932,0.007673262385651469,0.015703317708270024,0.009189927484840155,0.6032344847917557,0.36501589324325323
1300,0.001192487808742997,0.0010493454174138606,0.0008436546922894195,3.661486800865532e-06,0.0018721080850809813,0.126087861135602,0.012724193203578408,0.007662533782422543,0.01576452156912156,0.009217076003551483,0.6079459190368652,0.3670168900862336
1301,0.0011914930984035022,0.0010182278347201645,0.0008535522792953998,3.279755674157059e-06,0.001676930027315393,0.1272270232439041,0.012781543238700387,0.007675871369428933,0.01569162505272597,0.009201591368764639,0.602336511015892,0.36478176712989807
1302,0.0011904981677681563,0.0009943948243744671,0.0007856293814256787,3.5780682310360135e-06,0.0018294565670657903,0.1272691022604704,0.012783656850134445,0.007686022319830954,0.015896620478544232,0.009297719225287437,0.6181771904230118,0.3727231463417411
1303,0.001189503017928022,0.0009711154707474634,0.0007751718512736261,3.432230073485698e-06,0.001754889904987067,0.12687540985643864,0.012763869313060686,0.007676952751353383,0.01565768097268391,0.009182234993204474,0.599733367562294,0.3633043887093663
1304,0.0011885076499744038,0.0010112427844433114,0.000859354084241204,3.166059343584493e-06,0.0016187974251806736,0.12726197205483913,0.012783298700622302,0.007689589750953019,0.015827519713563176,0.009264517575502396,0.6128145456314087,0.3700382588431239
1305,0.001187512064998844,0.000994006884866394,0.0007985012489371002,3.473575077350688e-06,0.0017760292976163328,0.12679504975676537,0.012759826496077754,0.007681722054257989,0.015612609544747308,0.00917693879455328,0.5962856411933899,0.36154034547507763
1306,0.0011865162640931242,0.0010770499502541497,0.0007224346918519586,4.880743972535129e-06,0.002495510852895677,0.1276797279715538,0.012804262791915726,0.007709688623435795,0.01589584133165572,0.009294560644775629,0.6181165874004364,0.3728981576859951
1307,0.0011855202483492624,0.0010633063793648034,0.000735918540158309,4.640857355298067e-06,0.0023728577070869505,0.12710590474307537,0.012775457734687457,0.007677175919525325,0.015673386566271978,0.00920085096731782,0.6009370982646942,0.3640215015038848
1308,0.001184524018859511,0.001008508785162121,0.0007626161386724561,3.896127225289092e-06,0.0019920793420169502,0.12696493230760098,0.012768371148322025,0.007688317913562059,0.015821640514851316,0.009258228354156017,0.6123593598604202,0.3696621460840106
1309,0.0011835275767163589,0.0010233378125121817,0.0007217343372758478,4.360969569461304e-06,0.0022297516698017716,0.12779098749160767,0.012809840463884429,0.0077057137386873364,0.015766155913002424,0.009229637449607253,0.6080719530582428,0.36793147027492523
1310,0.001182530923012526,0.0009605994273442775,0.0007272555376403034,3.7042544249743514e-06,0.0018939750152640045,0.12743359059095383,0.012791915268464352,0.007692462066188455,0.015694865290689485,0.009201437700539827,0.6025852859020233,0.36500943824648857
1311,0.0011815340588409659,0.000980118493316695,0.0007388118101516739,3.804724542533222e-06,0.0019453451968729496,0.12764013558626175,0.012802277758451611,0.007722172769717872,0.01591913870412938,0.009322339203208685,0.6199297159910202,0.373784925788641
1312,0.0011805369852948627,0.001139495347160846,0.0007970414735609666,4.907733853087848e-06,0.002509310783352703,0.1269250437617302,0.012766365715880683,0.00767215876840055,0.01559659725189756,0.009159180335700512,0.5950631350278854,0.3609940893948078
1313,0.001179539703467629,0.001148609328083694,0.0007491952856071293,5.371171880597103e-06,0.002746265410678461,0.12751763686537743,0.012796132603287847,0.007695812149904668,0.01591566400429783,0.009313608286902308,0.6196591705083847,0.37358840368688107
1314,0.001178542214452907,0.0010406142537249252,0.0007163930858951062,4.571702106659359e-06,0.002337498910492286,0.1274685002863407,0.012793667174522464,0.007701637572608888,0.015659789010192954,0.00919712195172906,0.5998948812484741,0.3636816907674074
1315,0.001177544519344566,0.0010538763890508562,0.0007374841952696443,4.5363927938524284e-06,0.002319445164175704,0.12689581140875816,0.012764895349680831,0.007682731142267585,0.015778778439839297,0.009243240114301443,0.6090460121631622,0.3679709117859602
1316,0.0011765466192367004,0.0009681169467512518,0.0007620642718393356,3.5054510476584255e-06,0.001792327529983595,0.12802067771553993,0.012821347327408323,0.007729833829216659,0.015695937302272048,0.00921574141830206,0.6026676148176193,0.36534414626657963
1317,0.0011755485152236305,0.0009501047607045621,0.0007858921453589574,3.142897924135468e-06,0.0016069551056716591,0.12697007320821285,0.012768629711634573,0.007693595136515796,0.015717357665809912,0.009216469945386052,0.6043136715888977,0.3656418723985553
1318,0.0011745502083998999,0.0008529235346941277,0.0007098151108948514,2.787726600672613e-06,0.0014253570407163352,0.1283247023820877,0.012836562577100988,0.007712948019616306,0.015804103856658355,0.009261736879125237,0.611002653837204,0.36966367810964584
1319,0.0011735516998602738,0.0008516269735991955,0.0007100763614289463,2.7730039846574073e-06,0.001417829334968701,0.12760010175406933,0.012800269822391316,0.0076970867812633514,0.015702129083227132,0.009215241996571422,0.6031431704759598,0.36537163611501455
1320,0.0011725529906997398,0.0008615129045210779,0.0007106801349436864,2.8649557748394727e-06,0.0014648439537268132,0.1274415012449026,0.012792312137937458,0.007703029667027295,0.015868043517739128,0.009288660483434796,0.6159566193819046,0.3716990603134036
1321,0.0011715540820135045,0.0008610499207861722,0.0006448133499361575,3.3757193023120635e-06,0.00172599614597857,0.1279263272881508,0.012816621837278604,0.007724320632405579,0.015655342016481253,0.009202491026371717,0.5995541960000992,0.363740261644125
1322,0.0011705549748969937,0.0008477390219923109,0.0006679688376607373,3.064400573293824e-06,0.0015668196429032832,0.12694870866835117,0.012767555677991404,0.007681067450903356,0.01579035287784738,0.009248205460608006,0.6099398732185364,0.3684442909434438
1323,0.0011695556704458517,0.0008064918802119792,0.0006373263749992475,2.9007660486968234e-06,0.0014831538137514144,0.12807616218924522,0.012824125446477768,0.0077110870042815804,0.015732030977999526,0.00923714810051024,0.6054425239562988,0.366759343072772
1324,0.0011685561697559375,0.00089373676746618,0.0006166503590065986,3.915691593192605e-06,0.002002082474064082,0.12775320000946522,0.012807946762177702,0.007715654675848782,0.015944444360970107,0.009333373513072729,0.621902272105217,0.3748277360573411
1325,0.0011675564739233263,0.0009139915637206286,0.0006483356846729293,3.865882263198728e-06,0.001976614905288443,0.12800805270671844,0.012820715414220602,0.007700827089138329,0.015692830816996933,0.009217309765517712,0.6024291068315506,0.3652185797691345
1326,0.0011665565840443073,0.0008054782374529168,0.0006393871153704822,2.874732331292762e-06,0.00146984271123074,0.12770414352416992,0.01280548715917422,0.007701364695094526,0.015803401985562408,0.009259768296033144,0.6109483689069748,0.36932625621557236
1327,0.0011655565012153827,0.0007757548009976745,0.0006280473171500489,2.672779146450921e-06,0.0013665845908690244,0.12717739678919315,0.012779049943169677,0.007682877709157765,0.01581385374038283,0.009271812159568071,0.6117566972970963,0.3694670470431447
1328,0.001164556226533265,0.0007720342400716618,0.0006068121147109196,2.802523567879689e-06,0.0014329226687550545,0.12829888612031937,0.012835271590772707,0.007729466073215008,0.015783991496418914,0.009270385839045048,0.6094484925270081,0.3688736893236637
1329,0.0011635557610948789,0.0007763002067804337,0.0006415768148144707,2.5722683858475648e-06,0.0013151936582289636,0.12757705338299274,0.012799113599403958,0.007713872822932899,0.01580086714031755,0.00926721328869462,0.6107524186372757,0.3691647360101342
1330,0.0011625551059973574,0.0007758872088743374,0.0006479811709141359,2.518126734685211e-06,0.0012875113170593977,0.12765285186469555,0.012802915554334094,0.007711386540904641,0.015718424671690066,0.009227974340319633,0.604395717382431,0.3660242846235633
1331,0.0011615542623380408,0.0007578262011520565,0.0006168740801513195,2.5848654559013085e-06,0.0013216346560511738,0.12762584909796715,0.012801560928318979,0.007699993439018726,0.01585933675902318,0.009305614745244384,0.6152808368206024,0.3714533429592848
1332,0.0011605532312144776,0.0007417513697873801,0.0006042017921572551,2.526807350022864e-06,0.0012919497094117105,0.12895024940371513,0.012867812308333495,0.00773992040194571,0.01577401016869177,0.009242487605661154,0.6086779683828354,0.36881410889327526
1333,0.0011595520137244208,0.0007808636728441343,0.0006410510395653546,2.6210080932287383e-06,0.0013401141914073378,0.1275671161711216,0.012798615180509603,0.007701598922722042,0.01583533078266676,0.00929705030284822,0.6134195178747177,0.37049331702291965
1334,0.0011585506109658284,0.0007354760891757905,0.0006047896313248202,2.460842267737462e-06,0.0012582219205796719,0.12819455936551094,0.012830051904700332,0.007731279940344393,0.015774190636569107,0.009261551313102245,0.6086918711662292,0.3684432152658701
1335,0.0011575490240368607,0.0007396804576274008,0.0006376826640916988,2.24462678488635e-06,0.0011476715153548867,0.12792504206299782,0.012816557971208323,0.007729165721684694,0.0158544535483335,0.009297383716329932,0.6149019598960876,0.37141350097954273
1336,0.0011565472540358815,0.0007423893839586526,0.0006483299803221598,2.187821024790537e-06,0.0011186269694007933,0.1288218516856432,0.012861404293581692,0.007734650047495961,0.015693446993768678,0.009219438536092639,0.6024763733148575,0.36564911250025034
1337,0.0011555453020614538,0.0006876827101223171,0.0005680096874129958,2.2812068039002042e-06,0.0011663747282000259,0.12769519723951817,0.012805038706879487,0.007698343833908439,0.01585505828127279,0.009300658479332924,0.6149488985538483,0.3713220478966832
1338,0.0011545431692123406,0.0006301386456470937,0.0005257189404801466,2.049331243370034e-06,0.001047817393555306,0.12808962538838387,0.012824799600004233,0.007708206307142973,0.015739527363246224,0.009228602983057499,0.6060196459293365,0.3670546356588602
1339,0.0011535408565875043,0.0006288340518949553,0.0005342139338608831,1.970115249605442e-06,0.0010073144803754985,0.12831727042794228,0.012836191024419876,0.007730517303571105,0.015819290960225166,0.009284403175115585,0.6121775358915329,0.3702474031597376
1340,0.0011525383652861026,0.0006755927461199462,0.0005706976517103612,2.1419499205421744e-06,0.0010951730073429644,0.12864504382014275,0.012852574894610364,0.0077322827419266105,0.015754634473725646,0.009243843844160438,0.6071835458278656,0.3679142948240042
1341,0.0011515356964074907,0.000677766656735912,0.0005757649050792679,2.1235662757135287e-06,0.0010857736051548272,0.12802361324429512,0.012821494589635107,0.007725173840299249,0.015897923968035646,0.009326450759544969,0.6182785183191299,0.37315106578171253
1342,0.0011505328510512181,0.0007002435741014779,0.0005563106969930232,2.495564046967047e-06,0.0012759750534314662,0.12839757092297077,0.012840206822661649,0.00771969323977828,0.015733816216147216,0.009258018340915442,0.6055799573659897,0.36698876414448023
1343,0.0011495298303170272,0.0007280885183718055,0.0005325118036125787,2.9540451009779645e-06,0.0015103952318895608,0.12834101170301437,0.012837378481520313,0.007727496442385018,0.015929863367634634,0.009348828345537186,0.6207652986049652,0.3745531551539898
1344,0.0011485266353048534,0.0008425019768765196,0.0005990126956021413,3.5526476267477847e-06,0.0018164590583182871,0.1279523056000471,0.012817923358463594,0.0077119688503444195,0.01576717370114687,0.009261631174013019,0.6081504672765732,0.36805138643831015
1345,0.0011475232671148234,0.000739067341783084,0.0005716110754292458,2.7555248038879654e-06,0.00140889230533503,0.12811721675097942,0.012826180702683562,0.007723463815636933,0.015837574935147314,0.009301329962909222,0.6135933995246887,0.37085530813783407
1346,0.0011465197268472529,0.000675433489959687,0.0005570442008320242,2.24720650976451e-06,0.0011489905591588467,0.12840905413031578,0.012840781255546312,0.007723455899395049,0.015749952788053957,0.009251411771401763,0.6068226993083954,0.3676158767193556
1347,0.0011455160156026468,0.0006168132385937497,0.0005062031341367401,2.0716983044621884e-06,0.0010592536418698728,0.12797546572983265,0.012819083560776622,0.0077207532012835145,0.015871927355955894,0.009312085807323456,0.6162581741809845,0.3721168199554086
1348,0.0011445121344816987,0.0006606323004234582,0.0005419785884441808,2.220326791757543e-06,0.0011352469737175852,0.12814240902662277,0.012827441974197447,0.007715193671174347,0.0157744089249869,0.00926436297595501,0.6087087094783783,0.36842555925250053
1349,0.0011435080845852857,0.000649740090011619,0.0005255288342596032,2.2425018357807858e-06,0.001146585025708191,0.1284638661891222,0.012843521038907325,0.007730173063464463,0.01585515614235569,0.00930549344047904,0.6149564832448959,0.37171017471700907
1350,0.0011425038670144726,0.0006140421755844727,0.0005006959254387766,2.0876840380879003e-06,0.001067427103407681,0.12865684367716312,0.012853164342032672,0.007759752101264894,0.01574781535293466,0.009266135981306434,0.6066580414772034,0.36765744257718325
1351,0.0011414994828705073,0.0006208432023413479,0.0004911908181384206,2.228552375527215e-06,0.0011394526954973117,0.12813020683825016,0.012826831065727089,0.007712047663517296,0.01584533960599455,0.009297174867242575,0.6141952574253082,0.3711627321317792
1352,0.001140494933254819,0.0006370386254275218,0.0005226467619650066,2.140840848596781e-06,0.0010946061374852434,0.128779212012887,0.012859275594757073,0.007723684888333082,0.015829339228207968,0.009292291710153222,0.6129554063081741,0.37086730916053057
1353,0.0011394902192690209,0.0006668019632343203,0.0005632203683489934,2.114480736281621e-06,0.0010811282554641366,0.12804935686290264,0.012822783842186578,0.00771489308681339,0.01581091745323999,0.009268679888918996,0.6115296185016632,0.3697894876822829
1354,0.0011384853420149039,0.0006606575479963794,0.0005745260205003433,1.9659476890865335e-06,0.0010051836434286088,0.12866612523794174,0.012853627814118992,0.007754020858556032,0.015821948857215575,0.00929669663310051,0.6123832166194916,0.37052467092871666
1355,0.00113748030259444,0.0006938545848242939,0.0005598326824838296,2.405532313787262e-06,0.0012299420195631683,0.12883806228637695,0.01286221324818315,0.007749404292553663,0.015766807872595524,0.009259483776986599,0.608122244477272,0.3684801533818245
1356,0.001136475102109778,0.0006351865740725771,0.0005093484214739874,2.2267655594987446e-06,0.00113853914081119,0.12848663702607155,0.012844659386317198,0.007730094017460942,0.015801976163562402,0.00927835307084024,0.6108381450176239,0.3696623910218477
1357,0.0011354697416632426,0.0006487251812359318,0.0005244632629910484,2.2409131474887545e-06,0.0011457727523520589,0.12885757349431515,0.012863187037581464,0.007731125224381685,0.015795854844058228,0.009264721535146236,0.6103650033473969,0.369611288420856
1358,0.0011344642223573358,0.0006518267473438755,0.0005372436571633443,2.1712596094403125e-06,0.0011101590935140848,0.12803510576486588,0.0128220698608339,0.007718960870988667,0.015793723160383636,0.009268844034522772,0.6102002114057541,0.36911765858531
1359,0.001133458545294733,0.0006330978794721887,0.0005181754822842777,2.13728418430037e-06,0.0010927874245680869,0.1287546418607235,0.01285804885158319,0.007744390866719186,0.015766729306605495,0.009261028841137886,0.6081161797046661,0.3684354107826948
1360,0.0011324527115782815,0.0006188382976688445,0.0005158700660103932,2.0158744860054867e-06,0.0010307112388545647,0.12818638235330582,0.012829642733547468,0.007722273119725287,0.01573974463002923,0.009228705195710063,0.6060364097356796,0.3671113960444927
1361,0.0011314467223110013,0.0006255539192352444,0.0005117074542795308,2.114112135132018e-06,0.0010809397208504379,0.1290849782526493,0.012874532204891027,0.007784179178997874,0.01589473302123781,0.009332604939118028,0.6180303692817688,0.37355767376720905
1362,0.0011304405785960842,0.000624994034296833,0.000510399324411992,2.1188707819419506e-06,0.0010833728301804513,0.12810958735644817,0.012825798779840759,0.0077123206574469805,0.01573436153993959,0.009246956091374159,0.6056218892335892,0.3668657382950187
1363,0.0011294342815368888,0.0006575719744432718,0.0005289746623020619,2.292132592174312e-06,0.0011719610483851284,0.12865637615323067,0.012853140991088403,0.007748936302959919,0.015854036956410068,0.009300333680585027,0.6148696839809418,0.3717630300670862
1364,0.001128427832236944,0.000569521143916063,0.00047929830907378346,1.819709609662823e-06,0.0009304124832851812,0.12871825136244297,0.012856231862714685,0.007745418464764953,0.015772294525251494,0.009267918765544891,0.6085455566644669,0.3686319040134549
1365,0.0011274212317999445,0.0005644929187837988,0.0004699052151408978,1.8440229041516432e-06,0.0009428437915630639,0.128171781077981,0.012828911835760537,0.007721440750174224,0.015847429912240554,0.0093080410733819,0.6143572479486465,0.37126451451331377
1366,0.0011264144813297509,0.0005461983528221026,0.00046649490104755387,1.691798786396248e-06,0.0008650120726088062,0.12886514328420162,0.01286356473941798,0.007748447358608246,0.01580689906152722,0.009291206253692508,0.6112187802791595,0.3700419617816806
1367,0.0011254075819303894,0.0005181204251130112,0.00045774487807648256,1.4856769325888308e-06,0.0007596225768793374,0.12913435697555542,0.012876994723279288,0.007763598463498056,0.015792712381501393,0.009281317703425884,0.6101220995187759,0.3696282282471657
1368,0.0011244005347060477,0.0005299124168232083,0.000450659055786673,1.656425439477971e-06,0.0008469257591059431,0.1289843302220106,0.01286951246984868,0.007745872368104756,0.01591469594485567,0.009333654772490263,0.6195837706327438,0.3742840504273772
1369,0.0011233933407610768,0.0005433689002529718,0.0004440551783773117,1.8396808059151226e-06,0.0009406237222719938,0.128690330311656,0.01285483686690816,0.007732930593192577,0.015722182571046326,0.009253086522221565,0.6046847403049469,0.36668753530830145
1370,0.001122386001199989,0.0005469142197398469,0.00045582361053675413,1.7822833058289689e-06,0.0009112765837926418,0.12905540503561497,0.012873057519873303,0.007745149661786854,0.01585712551128548,0.009311284171417356,0.6151092648506165,0.3720823349431157
1371,0.0011213785171274547,0.0005209114024182782,0.0004426135419635102,1.6313461799200013e-06,0.0008341028587892652,0.12898150086402893,0.012869371128100379,0.007749316748231649,0.01580895279855877,0.009296798147261143,0.6113775968551636,0.37017954885959625
1372,0.0011203708896483041,0.0004809873644262552,0.0004194628636469133,1.4220403272702242e-06,0.0007270853093359619,0.12878641486167908,0.012859635164499904,0.007735980325378478,0.015812731861222288,0.009293920127674937,0.6116699725389481,0.37022819370031357
1373,0.0011193631198675247,0.0004999413722543977,0.0004279154818505049,1.541265703508543e-06,0.0007880449265940115,0.1286534108221531,0.012852992817744277,0.007742523215711117,0.01583347013935148,0.009304462000727654,0.613275408744812,0.37096440978348255
1374,0.001118355208890259,0.0005069672770332545,0.00043254095362499356,1.5737862781861622e-06,0.0008046725415624678,0.12863801792263985,0.012852224043802919,0.00773878232575953,0.015841177456918563,0.009299871744588017,0.6138726025819778,0.37125531025230885
1375,0.0011173471578218054,0.0005113454826641828,0.00042505734745645896,1.6751468479014875e-06,0.0008564980089431629,0.1289670094847679,0.012868648140779409,0.0077330098720267415,0.015756116184539728,0.00926609244197607,0.6072977781295776,0.3681323938071728
1376,0.001116338967767615,0.0005989582277834415,0.0004378957237349823,2.4314778954703797e-06,0.0012432080402504653,0.12874246761202812,0.012857440529157787,0.007740215631201863,0.01587122298296488,0.009307194733992219,0.6162034273147583,0.3724729474633932
1377,0.0011153306398332923,0.0005536137687158771,0.0004159545715083368,2.159703456072748e-06,0.0011042504920624197,0.12880787253379822,0.01286070631721091,0.0077493281569331884,0.015750068510349196,0.009267256828024983,0.6068316549062729,0.36781976372003555
1378,0.0011143221751245924,0.0005410625162767246,0.00042299061897210777,1.981919808713428e-06,0.0010133501345990226,0.12894360534846783,0.012867480250238627,0.007760562701150775,0.015883953947550638,0.00933174998499453,0.617192417383194,0.3730680113658309
1379,0.0011133135747474203,0.0006129959365352988,0.00043806096800835803,2.5674613652881817e-06,0.0013127357960911468,0.12886779196560383,0.012863697660675806,0.00773909455165267,0.015803085684495795,0.009284080704674125,0.6109239012002945,0.36989584658294916
1380,0.00111230483980783,0.0005434980994323269,0.00042597375431796536,1.9823996524337417e-06,0.001013595494441688,0.12913192622363567,0.012876873946400288,0.007743710768409073,0.01581961567600215,0.009287397842854261,0.6122026145458221,0.3706672703847289
1381,0.0011112959714120233,0.0005814041214762256,0.0004689402849180624,2.01694663815033e-06,0.0010312593803973868,0.12883715517818928,0.012862168134746907,0.007744669099338353,0.015807509065851155,0.009286390617489815,0.6112659722566605,0.37005156371742487
1382,0.0011102869706663481,0.0005830471782246605,0.0004912383883493021,1.8585710677143652e-06,0.0009502822940703481,0.12850558385252953,0.01284560632725406,0.007738263113424182,0.015785133740483813,0.00929254456423223,0.6095367521047592,0.36902116797864437
1383,0.001109277838677297,0.0005631676831399091,0.0004455324888112955,2.0217368046360207e-06,0.0010337084822822362,0.12896441295742989,0.012868518521749861,0.007735930266790092,0.01588393127308557,0.009313444839790463,0.6171906143426895,0.3730775136500597
1384,0.0011082685765515074,0.0005702150519937277,0.00044827072269981727,2.069231555879014e-06,0.0010579923546174541,0.12898138351738453,0.01286936505037039,0.00774571078363806,0.01577278523885691,0.00927167129702866,0.6085834056138992,0.3687823945656419
1385,0.0011072591853957586,0.0006083751650294289,0.0004733168680104427,2.2464588198545243e-06,0.0011486081930343062,0.12912246212363243,0.012876401563727019,0.007750057498924434,0.01583977432789183,0.009290211368352175,0.6137638837099075,0.37144317291677
1386,0.0011062496663169722,0.0006274713668972254,0.0004313756217015907,2.761317773547489e-06,0.0014118542894721031,0.12866340205073357,0.012853491816866722,0.007756342878565192,0.015825295629318743,0.009303935337811708,0.6126423180103302,0.3706528600305319
1387,0.001105240020422209,0.0005554608651436865,0.00043801127321785316,2.005211513278482e-06,0.0010252591600874439,0.12926753237843513,0.012883632460733018,0.007745743379928172,0.01575349729258343,0.009265236090868711,0.6070958822965622,0.36818170733749866
1388,0.0011042302488186704,0.0005466577640618198,0.00042751642467919737,2.001229660208992e-06,0.001023223128868267,0.12884168326854706,0.012862394266022608,0.007756039733067155,0.015873229435371592,0.009311217349022627,0.6163592487573624,0.3726004660129547
1389,0.0011032203526136943,0.0005558855918934569,0.0004447226892807521,1.956860131713256e-06,0.001000537260551937,0.12880175188183784,0.012860400666594586,0.007739381515420973,0.015747708508215663,0.009262356907129288,0.6066498309373856,0.3677257914096117
1390,0.0011022103329147554,0.0005981998838251457,0.00042585632763803005,2.518249175409437e-06,0.0012875740067102015,0.1289970763027668,0.012870147781837184,0.007763948058709502,0.01586391197777495,0.009316578274592757,0.615635871887207,0.3723164740949869
1391,0.0011012001908294645,0.0005636405112454668,0.0004330717565608211,2.12384364317586e-06,0.0010859153990168124,0.12872475013136864,0.012856555722329745,0.007741344743408263,0.015797868105412862,0.00926062511280179,0.610520601272583,0.3696226757019758
1392,0.0011001899274655663,0.0006159489348647185,0.0004716785333584994,2.3333404328695906e-06,0.001193030591821298,0.12922651693224907,0.012881588771498635,0.007747862720862031,0.015805487135147903,0.009300591656938195,0.6111095994710922,0.37016805820167065
1393,0.001099179543930938,0.0006172872672323138,0.000508869081386365,2.055477580142906e-06,0.0010509600397199392,0.12852761149406433,0.01284670739286894,0.007745251641608775,0.015815279411680778,0.009281225968152285,0.6118670701980591,0.3701973408460617
1394,0.0010981690413335897,0.0006196425674716011,0.0004912394215352833,2.2164310280459176e-06,0.0011332550930092111,0.1293480060994625,0.012887642509288757,0.007767514791339636,0.0157909405981663,0.009274337673559785,0.6099852472543716,0.3696666266769171
1395,0.0010971584207816615,0.0005802680389024317,0.0004670778798754327,2.020406810743225e-06,0.0010330285149393603,0.12911568954586983,0.012876064076377591,0.007749923970550299,0.015829437018468107,0.009297896875068545,0.6129630357027054,0.3710393626242876
1396,0.0010961476833834217,0.0005908438324695453,0.00047656690003350377,2.0495935189046577e-06,0.001047951591317542,0.12872852385044098,0.01285674445981946,0.007739934371784329,0.015830537950322444,0.009305235231295228,0.613048329949379,0.37088842689991
1397,0.001095136830247269,0.0005648732621921226,0.0004579893939080648,1.940962334856522e-06,0.000992408677120693,0.12890326976776123,0.012865467503592886,0.007736659958027303,0.015877582982012767,0.009313600836321712,0.6166973859071732,0.3728003278374672
1398,0.0010941258624817265,0.0005729644253733568,0.00047887057007756084,1.856727493532162e-06,0.0009493397228652611,0.1287054680287838,0.012855592608652074,0.007732387166470289,0.015748076628534235,0.009270792361348867,0.6066781431436539,0.36769180558621883
1399,0.0010931147811954454,0.0005722021596739069,0.0004432038258528337,2.1283032651808753e-06,0.0010881955677177757,0.129038505256176,0.012872214766867476,0.007742857793346047,0.015809184299021218,0.009276583092287183,0.611395537853241,0.3702170215547085
1400,0.0010921035874972003,0.0005629216466331854,0.000464090597233735,1.8741463350124832e-06,0.0009582458442309871,0.12940304353833199,0.012890384185954737,0.007767043891362846,0.015824593778569446,0.009311862522736192,0.6125879734754562,0.3709955085068941
1401,0.0010910922824958881,0.0006139275210443884,0.0005049795508966781,2.053050934591738e-06,0.0010497194016352296,0.1296789851039648,0.012904120481746467,0.007767954841256142,0.015822834761983474,0.009288796689361334,0.6124517917633057,0.37106538843363523
1402,0.0010900808673005296,0.0006618041516048834,0.0005239358288235962,2.3729394627025613e-06,0.0012132773117627949,0.1292884685099125,0.012884676065877464,0.007750931894406676,0.015960407300103324,0.009376735659316182,0.6231480985879898,0.37621828354895115
1403,0.0010890693430202656,0.0007919820782262832,0.0005457170773297548,3.4755553883769608e-06,0.0017770419362932444,0.12858257070183754,0.012849453556977223,0.007732359576039016,0.015822878561594225,0.009292894741520286,0.612455204129219,0.3705188874155283
1404,0.0010880577107643557,0.0008315568411489949,0.0005486964946612716,3.839249927750643e-06,0.0019629981834441423,0.12858800403773785,0.012849725210845772,0.007738610729575157,0.015786939935363082,0.009283278603106737,0.6096762120723724,0.36913210805505514
1405,0.0010870459716421795,0.0009027964260894805,0.0005334295274224132,4.655342479509272e-06,0.0023802637588232756,0.1287110634148121,0.012855872480765756,0.007745720213279128,0.015834344486287892,0.009299382101744413,0.6133431196212769,0.37102709151804447
1406,0.001086034126763233,0.0007312204252230003,0.0005177406783332117,3.1002306286609382e-06,0.0015851393109187484,0.12935693748295307,0.012888087522763235,0.00776030367705971,0.015759858402145048,0.009267308749258518,0.6075862795114517,0.3684716084972024
1407,0.0010850221772371273,0.000713510176865384,0.0005309505213517696,2.8236971729711513e-06,0.0014437487116083503,0.1286589838564396,0.012853271048232069,0.0077560137724503875,0.015870210263076327,0.009302834048867226,0.6161248236894608,0.3723919037729502
1408,0.00108401012417359,0.0007325840269913897,0.0005401792441261932,2.9380229875641817e-06,0.0015022030274849385,0.1278817281126976,0.01281438789686663,0.00772880925796926,0.015775123616801,0.009279145393520594,0.6087639182806015,0.36832282319664955
1409,0.0010829979686824609,0.0007036998867988586,0.0005000331002520397,2.9696365686504578e-06,0.001518366945674643,0.12891807407140732,0.012866206503908961,0.007741214707493782,0.01588394890878342,0.009325099643319845,0.6171920001506805,0.37305503711104393
1410,0.0010819857118736927,0.0007698220433667302,0.0005127190161147155,3.5170030514564132e-06,0.0017982340941671282,0.12828688882291317,0.012834671400883192,0.007740036817267537,0.015734641073195336,0.009248321410268545,0.6056434065103531,0.36696514766663313
1411,0.0010809733548573497,0.0007819944730727002,0.0005798158526886255,3.1111232488001406e-06,0.0015907087945379317,0.12910124100744724,0.01287534358403943,0.00776688486803323,0.015803354563826293,0.009301956510171294,0.6109447032213211,0.3700229721143842
1412,0.0010799608987436043,0.0007569843292003497,0.0006110450340202078,2.622234660520917e-06,0.0013407413789536804,0.12957089021801949,0.012898741099968743,0.007783613633364439,0.015856746042198156,0.009308631299063563,0.6150798052549362,0.37232534773647785
1413,0.0010789483446427396,0.0007562577084172517,0.0006221642397576943,2.5281409534727572e-06,0.0012926315539516509,0.1287087332457304,0.01285575603319976,0.007723432732746005,0.015722275821528874,0.009238736471161246,0.6046918779611588,0.3667003056034446
1414,0.0010779356936651456,0.0007203462882898748,0.0005247912922641262,2.938733075552591e-06,0.0015025661559775472,0.12885264120995998,0.0128629411224128,0.007737597916275263,0.015885604057841795,0.009328537387773395,0.617320641875267,0.3730866415426135
1415,0.0010769229469213177,0.0007799590966897085,0.0005614574474748224,3.2348416425520554e-06,0.001653965620789677,0.1276254653930664,0.012801541745989976,0.007715030340477824,0.015744707203766636,0.00925507303327322,0.6064186245203018,0.3670220449566841
1416,0.001075910105521857,0.0007542208040831611,0.000573428078496363,2.8894966703774116e-06,0.001477391633670777,0.12965388223528862,0.012902871498825285,0.007778212544508278,0.015732113879690212,0.009265959961339831,0.6054488867521286,0.3675513844937086
1417,0.0010748971705774684,0.0007686183380428702,0.0005697834276361391,3.0588034292122757e-06,0.0015639578632544726,0.1290405709296465,0.012872317641082846,0.007748754695057869,0.01584923532004028,0.009301640326157212,0.6144972443580627,0.3717689076438546
1418,0.0010738841431989588,0.0007873660506447777,0.0005685803043888882,3.2515505949959334e-06,0.0016625089920125902,0.1290175337344408,0.012871168738122852,0.007753345533274114,0.015765576268172835,0.009284603875130415,0.6080272197723389,0.36852237675338984
1419,0.0010728710244972373,0.0009059797012014315,0.0006207063779584132,4.003684580311528e-06,0.002047072979621589,0.12840484827756882,0.012840570751188678,0.007737117353826761,0.01574142360819447,0.009258394129574299,0.6061656475067139,0.36728524789214134
1420,0.0010718578155833134,0.0009178400214295834,0.0006027135823387653,4.260429136593302e-06,0.0021783456904813647,0.12865722365677357,0.01285318358883969,0.007742336951196194,0.015956609861848926,0.009356611873954535,0.6228516399860382,0.3757544318214059
1421,0.0010708445175682936,0.0010025427618529648,0.0007046492100926116,4.291273853596067e-06,0.0021941167360637337,0.12873148918151855,0.012856892589926595,0.007761062355712056,0.015674003507436557,0.009239556035026908,0.6009844392538071,0.3648579642176628
1422,0.0010698311315633844,0.0012185217055957764,0.0006833958759671077,6.569612537532521e-06,0.00335902493679896,0.12862835638225079,0.012851741555227154,0.007760792272165418,0.01586922269579866,0.00932473549619317,0.6160481423139572,0.372338249348104
1423,0.0010688176586798872,0.0012382011773297563,0.0006593877187697217,6.949880457796098e-06,0.0035534549970179796,0.12836994417011738,0.012838825245301846,0.007742735906504095,0.015813534657659847,0.009313995484262705,0.611732080578804,0.3700510123744607
1424,0.0010678041000291997,0.0011834259785246104,0.0007375118439085782,5.80304833874834e-06,0.00296708254609257,0.12857064977288246,0.012848858418163444,0.007761306827887893,0.015788906868335006,0.0092660344671458,0.6098281592130661,0.3691994044929743
1425,0.0010667904567228132,0.0010089564602822065,0.0007065698009682819,4.338969461059605e-06,0.002218503155745566,0.12768252566456795,0.012804402863528675,0.007713184226304293,0.015686396954590596,0.009209552314132452,0.6019351780414581,0.36480885185301304
1426,0.0010657767298723117,0.0009368121100123972,0.0007056700414977968,3.6405047580956307e-06,0.0018613801803439856,0.1288214735686779,0.012861385200507084,0.007754435064271092,0.015823292065329744,0.009305864805355668,0.6124872118234634,0.37065434269607067
1427,0.001064762920589371,0.0009147721721092239,0.0007006697414908558,3.4640941635188938e-06,0.001771181938238442,0.1279942225664854,0.012820022884452132,0.007736411993391812,0.01568915585634629,0.009230585303157568,0.6021469235420227,0.36507057305425406
1428,0.0010637490299857573,0.0009232024021912366,0.0007140518573578447,3.441842522988736e-06,0.0017598046688362956,0.12886333279311657,0.01286347452186689,0.007748976582661271,0.01587808453252214,0.009324024897068739,0.6167363822460175,0.372799857519567
1429,0.0010627350591733262,0.0009056600538315251,0.0006800572882639244,3.536242445534299e-06,0.0018080711597576737,0.12742481008172035,0.012791473877132151,0.007690364494919777,0.015608844493604258,0.009180059190839529,0.5959980487823486,0.3617114294320345
1430,0.0010617210092640204,0.0011184173490619287,0.000737178444978781,5.1699336154342745e-06,0.0026433729217387736,0.12837734818458557,0.012839195730028442,0.007753317593596876,0.015767268300652438,0.0092579685151577,0.6081577986478806,0.36826757341623306
1431,0.0010607068813698706,0.000978951939032413,0.0006962895422475412,4.125978648517048e-06,0.002109601453412324,0.12853052839636803,0.012846853090083422,0.007767496048472822,0.015760649349707227,0.009264573454856873,0.607647255063057,0.3680888917297125
1432,0.0010596926766029923,0.0009448098571738228,0.0006763720011804253,3.947921015878819e-06,0.0020185612665954977,0.1287955492734909,0.012860090765378763,0.007736090337857604,0.01565196959593469,0.009185470640659332,0.5992959141731262,0.36404573172330856
1433,0.001058678396075585,0.001074373081792146,0.0006632822623942047,5.31733007846924e-06,0.00271873630117625,0.12905669398605824,0.01287312223604904,0.007762586697936058,0.015938142541918533,0.009360874770209193,0.6214106976985931,0.3752336958423257
1434,0.0010576640408999321,0.0010092093143612146,0.000605417022597976,5.132783883254888e-06,0.002624378423206508,0.12779484689235687,0.012810034149574453,0.007712642545811832,0.0156192644449712,0.00921000074595213,0.5967940539121628,0.3622944504022598
1435,0.0010566496121883983,0.0010483455553185195,0.0006203648954397067,5.398558300839795e-06,0.002760268107522279,0.12758881226181984,0.012799703661353037,0.0076949914218857884,0.015889654746806633,0.009323710575699806,0.6176355183124542,0.37261216528713703
1436,0.001055635111053429,0.0010793949477374554,0.0007004145300015807,5.075944613963657e-06,0.002595316560473293,0.12885061651468277,0.012862840011591966,0.007740935543552041,0.015735103136095982,0.00927417236380279,0.6056789755821228,0.3672647960484028
1437,0.0010546205386075486,0.0010019314067903906,0.0006581188063137233,4.64931440546934e-06,0.002377181692281738,0.127960292622447,0.012818323254143851,0.0077324428129941225,0.015786692092719982,0.009265118278563023,0.6096570789813995,0.3688086858019233
1438,0.001053605895963361,0.0008955388329923153,0.0006564075738424435,3.6222837707100553e-06,0.0018520638986956328,0.12835870683193207,0.01283826319318436,0.0077449397649616,0.01577754200535785,0.009297822136431932,0.6089505255222321,0.36865461617708206
1439,0.001052591184233546,0.0008251604303950444,0.000642789265839383,3.04058943356722e-06,0.0015546449867542833,0.12791994959115982,0.012816302503744628,0.007718589855358005,0.015689715137455186,0.009258933598175645,0.6021898984909058,0.3650549240410328
1440,0.001051576404530859,0.0008466902072541416,0.0005965837772237137,3.6126070881437045e-06,0.0018471158691681921,0.12835905700922012,0.01283828076211314,0.007740770699456334,0.015735136082269438,0.009254982927814126,0.6056815832853317,0.3670203201472759
1441,0.001050561557968131,0.0008044276619330049,0.000579737257794477,3.3311135325675423e-06,0.001703189278487116,0.12829457223415375,0.012835055610677928,0.0077601607190445065,0.015772446757662668,0.009263130836188793,0.6085573434829712,0.36842595785856247
1442,0.0010495466456582653,0.0008397819037782028,0.0005912576307309791,3.586717582493293e-06,0.0018338789232075214,0.12859288603067398,0.012849969255593917,0.007724235998466611,0.015734390441457587,0.009260672144591808,0.6056241542100906,0.3671085201203823
1443,0.0010485316687142375,0.0008917821105569601,0.0006522680923808366,3.6179311564410455e-06,0.001849838183261454,0.126939220353961,0.012767078253211576,0.007708574878051877,0.015748628273121724,0.009259662358090281,0.6067206561565399,0.36682993825525045
1444,0.001047516628249095,0.0009067592473002151,0.0006217032132553868,4.003509218364343e-06,0.0020469832234084606,0.12904855236411095,0.012872715846984701,0.007757104933261871,0.01569996416672214,0.009232719196006656,0.6029768586158752,0.3660127054899931
1445,0.0010465015253759535,0.0009781903645489365,0.0005948094185441732,4.912434519610542e-06,0.002511714061256498,0.12838732823729515,0.012839694840350293,0.007740605855360627,0.01588923667373959,0.00932608568109572,0.6176029741764069,0.372995151206851
1446,0.0010454863612079977,0.0010501523793209344,0.0006461276789195836,5.214678481024748e-06,0.0026662509771995246,0.12793715298175812,0.012817164544109009,0.00774978450499475,0.01562699639523033,0.00922674685716629,0.5973850637674332,0.36266110837459564
1447,0.0010444711368584802,0.0011147018522024155,0.0007080019568093121,5.361853936847183e-06,0.002741501317359507,0.128020241856575,0.012821325762855489,0.007740328554064035,0.01593012599644975,0.009336218936368823,0.6207857578992844,0.3744029998779297
1448,0.0010434558534407183,0.0012718872021650895,0.0008006798598216847,6.1739356738144124e-06,0.003156716615194455,0.12866234593093395,0.012853439313900476,0.00774148921482265,0.015624831196871527,0.009229091228917241,0.5972195118665695,0.36294092889875174
1449,0.001042440512068095,0.0016652504418743774,0.0007552127790404484,1.03763541119406e-05,0.005305401136865839,0.12706167995929718,0.012773235392630299,0.007713397033512592,0.0159923354237618,0.009370828280225396,0.6256437450647354,0.3763527125120163
1450,0.0010414251138540572,0.0018716820632107556,0.0007450454140780494,1.2474599657252838e-05,0.006378228717949241,0.12808846682310104,0.012824741731704208,0.0077322423458099365,0.015571713155080253,0.009184005903080106,0.5931658297777176,0.3606271483004093
1451,0.0010404096599121125,0.0016984030953608453,0.0008382954692933708,1.0050579703602125e-05,0.005138833541423082,0.12662620842456818,0.012751327900458857,0.0076992769027128816,0.01598683212657638,0.009386674733832479,0.6252132654190063,0.37591973692178726
1452,0.001039394151355831,0.0021905752073507756,0.0010197635710937902,1.3443884881780832e-05,0.006873821723274887,0.12684408389031887,0.012762293331186345,0.007701722905039787,0.015450714559947168,0.009142934577539563,0.5839833617210388,0.35541372280567884
1453,0.001038378589298843,0.002399690798483789,0.0010504690289963037,1.5248620002239477e-05,0.0077965776436030865,0.1273538488894701,0.012787912469283087,0.00769376871176064,0.016144097411958616,0.00945271272212267,0.6375744342803955,0.3824641415849328
1454,0.001037362974854836,0.0023681340680923313,0.001040006143739447,1.5021880017229705e-05,0.007680645794607699,0.12598030641674995,0.012718765038026976,0.0076758627546951175,0.015423381138551948,0.009090513922274113,0.5819189697504044,0.35394963808357716
1455,0.0010363473091375562,0.0023099060636013746,0.0011538967373780906,1.35614711780363e-05,0.0069339427864179015,0.12661129422485828,0.01275057710625518,0.0077254504431039095,0.01567449219208999,0.009221813874319196,0.6010219007730484,0.36381659749895334
1456,0.0010353315932608053,0.002185837656725198,0.0012286962883081287,1.176302544081409e-05,0.0060144029557704926,0.12704455852508545,0.012772374659852146,0.0077129199635237455,0.015678128822461026,0.009200493572279811,0.6013008505105972,0.36417270451784134
1457,0.0010343158283384402,0.0019558012718334794,0.0010029793629655614,1.1279326599833439e-05,0.005767088616266847,0.12617886066436768,0.012728783810141373,0.007663029478862882,0.015555857201559126,0.009147346951067448,0.5919584482908249,0.3590686544775963
1458,0.0010333000154843725,0.0016473625728394836,0.0009568773530190811,8.623756912129465e-06,0.004409303306601942,0.12611587718129158,0.012725606380069983,0.00764672621153295,0.01593924566564123,0.009306278312578797,0.6214967370033264,0.373806307092309
1459,0.0010322841558125647,0.001859848911408335,0.000841286382637918,1.1605966392380651e-05,0.005934098793659359,0.12559557147324085,0.012699329160331639,0.007653379696421325,0.015493890730147179,0.009136585984379053,0.5872517377138138,0.3564236545935273
1460,0.0010312682504370317,0.002046982175670564,0.0009091215761145577,1.2905261428386439e-05,0.006598424632102251,0.12665527313947678,0.012752790987609137,0.007671638042666018,0.01559304811185922,0.00914589804597199,0.5947923511266708,0.3607238121330738
1461,0.0010302523004718388,0.0021093687682878226,0.0009116343862842768,1.3495684015651932e-05,0.006900305976159871,0.12574650160968304,0.01270695685896212,0.00769150082487613,0.01596716490665531,0.009388113161548972,0.6236758828163147,0.37471119221299887
1462,0.001029236307031099,0.002294772944878787,0.0010195614013355225,1.446442161068262e-05,0.007395619060844183,0.12547129578888416,0.012693044311989098,0.00763282272964716,0.015488973102414533,0.009128138422966003,0.5868790298700333,0.3561751628294587
1463,0.0010282202712289736,0.0018185729859396815,0.0010162524704355747,9.833526405600423e-06,0.005027854989748448,0.12515054643154144,0.012676810114827354,0.007653039530850947,0.015593410434569186,0.0091588927898556,0.5948199927806854,0.35998526960611343
1464,0.0010272041941796714,0.0018697213963605464,0.0011489152675494552,9.29585598896665e-06,0.004752945504151285,0.1259009912610054,0.012714760526170123,0.007655592286027968,0.01573193732284435,0.00919558247551322,0.6054353266954422,0.3656681589782238
1465,0.0010261880769974444,0.0017804679227992892,0.0011474562343209982,8.434456731265527e-06,0.0043125145602971315,0.1251741163432598,0.01267800417838004,0.007640297641046345,0.015466952089420425,0.009105566656216979,0.5852114409208298,0.3551927786320448
1466,0.0010251719207965905,0.0020562892023008317,0.0011732313723769039,1.0930081771221012e-05,0.0055885204346850514,0.12504483200609684,0.012671455246344745,0.007626743288710713,0.015617190421946732,0.009143044473603368,0.5966355502605438,0.36084019113332033
1467,0.001024155726691449,0.0017889158916659653,0.0011202082387171686,8.730237254894746e-06,0.0044637463870458305,0.12516199797391891,0.012677390373167698,0.0076315493788570166,0.015861061565966627,0.009265255182981491,0.6154146790504456,0.37028833851218224
1468,0.0010231394957964015,0.0016852737462613732,0.0009513862314634025,9.037450354298926e-06,0.004620823776349425,0.12506483122706413,0.0126724683828581,0.007620463729836047,0.015459931482619293,0.00910012423992157,0.5846803039312363,0.3548725675791502
1469,0.00102212322922587,0.001595049601746723,0.0009277510253014043,8.340047997990041e-06,0.004264243762008846,0.12572802416980267,0.012706023492568485,0.0076638865284621716,0.015741192613426304,0.009231369476765394,0.6061478853225708,0.36593795474618673
1470,0.0010211069280943149,0.0013276259414851665,0.0008850255399011075,6.059151814952202e-06,0.0030980276060290635,0.1264247912913561,0.012741182521087543,0.007677764748223126,0.015696004170190157,0.009194186655804515,0.60267274081707,0.36454876605421305
1471,0.0010200905935162353,0.0012851244246121496,0.0008185585174942389,6.1635141719307285e-06,0.0031513879366684705,0.1259008776396513,0.012714754517596636,0.007653772714547813,0.01543242556234472,0.009084036806598306,0.5826016515493393,0.3542512645944953
1472,0.0010190742266061672,0.0012837769754696637,0.0007045312086120248,7.042400625323353e-06,0.003600760013796389,0.12536419183015823,0.012687626045451999,0.007644693949259818,0.015654768958420523,0.009178076637908816,0.5995102971792221,0.36243724450469017
1473,0.0010180578284786808,0.0010766169871203601,0.0006903388857608661,5.127602946686238e-06,0.002621729363454506,0.1257485244423151,0.012707059639598294,0.007654598681256175,0.015655952813789144,0.009172830730676651,0.5996010154485703,0.3626747699454427
1474,0.001017041400248381,0.000970590248471126,0.0006911188247613609,4.084660417902342e-06,0.002088475681375712,0.12615690007805824,0.012727675830080908,0.007650608429685235,0.015579832977685535,0.009137599729001522,0.5937845855951309,0.3599707428365946
1475,0.0010160249430299073,0.000922306309803389,0.0006780899711884558,3.7144176872061507e-06,0.001899171678815037,0.1257257666438818,0.012705909680166572,0.007642259472049773,0.01565057611930522,0.009160816436633468,0.5991891920566559,0.36245747935026884
1476,0.0010150084579379284,0.0008276902954094112,0.0005824698164360598,3.5372226534491347e-06,0.0018085722404066473,0.12596304900944233,0.012717894039564968,0.007658636663109064,0.01569422378711965,0.009198530344292521,0.6025360673666,0.3642495581880212
1477,0.0010139919460871454,0.0007218565588118508,0.0004757550050271675,3.337124610425235e-06,0.0017062626720871776,0.12590944580733776,0.012715187127630357,0.007648957660421729,0.015577210722222642,0.009137575048953295,0.5935847461223602,0.359747095964849
1478,0.001012975408592288,0.0007417873712256551,0.0004773602413479239,3.5194706811125798e-06,0.0017994957161135972,0.12633137963712215,0.012736474275106924,0.0076707558473572135,0.015594589499910322,0.009159026900306344,0.5949099659919739,0.360620672814548
1479,0.001011958846568114,0.0006313027115538716,0.00047406236990354955,2.464836256876879e-06,0.001260264019947499,0.12651192024350166,0.012745572346344436,0.00768971408251673,0.015688085236523302,0.009206043090671301,0.6020648032426834,0.36428836174309254
1480,0.0010109422611294088,0.0006196468166308478,0.00045069797488395125,2.5336379110285634e-06,0.001295442139962688,0.12647191807627678,0.012743557188364741,0.007670286460779607,0.01564049162342471,0.009189660660922527,0.5984172970056534,0.3624446075409651
1481,0.0010099256533909829,0.000548390751646366,0.00040455467387801036,2.1978113409204525e-06,0.0011237349535804242,0.12677483074367046,0.01275880889100871,0.007678171503357589,0.015604175487108785,0.009169885190203786,0.595641553401947,0.36120819207280874
1482,0.0010089090244676708,0.0005657289002556354,0.00039585662307217717,2.4354091578970838e-06,0.0012452179798856378,0.1262767631560564,0.012733720887588049,0.007661048672161996,0.015730638233651086,0.009236304555088282,0.6053353101015091,0.36580603662878275
1483,0.0010078923754743313,0.0005523600120795891,0.00039387979632010683,2.3201395151772886e-06,0.0011862809042213485,0.12664508819580078,0.01275227863378815,0.007686100201681256,0.015707898071757716,0.009216868784278631,0.6035864651203156,0.36511577665805817
1484,0.0010068757075258447,0.0005613429821096361,0.000408069186960347,2.2969771009684337e-06,0.0011744381044991314,0.12698187120258808,0.01276922346145235,0.007686237222515047,0.015547743927572457,0.009152486687526107,0.5913411378860474,0.3591615045443177
1485,0.0010058590217371117,0.0005627565551549196,0.00039211578405229375,2.4356075130071986e-06,0.0012453195522539318,0.12632627226412296,0.012736216915656316,0.007672809413634241,0.015675839564496034,0.009187988238409162,0.6011252552270889,0.36372576374560595
1486,0.001004842319223053,0.00047429517144337296,0.0003682604947243817,1.7571655632764305e-06,0.0008984338492155075,0.12618509493768215,0.01272909848004368,0.007677674293518066,0.01568521609283074,0.009217386832460761,0.6018445789813995,0.36401483695954084
1487,0.0010038256010986078,0.0004857857129536569,0.00039761821244610474,1.6398595334976562e-06,0.0008384556422242895,0.12712878733873367,0.012776607698665968,0.007679153699427843,0.015599070138264746,0.009155686711892486,0.5952518433332443,0.361190315335989
1488,0.001002808868478732,0.000499325389682781,0.00035161378764314577,2.1321683618680254e-06,0.0010901718051172793,0.12713157013058662,0.012776747931094809,0.007697300752624869,0.015756448551678782,0.00924125057645142,0.6073233634233475,0.36722746677696705
1489,0.0010017921224783975,0.0005091632701805793,0.00035613706859294325,2.1929869546966074e-06,0.0011212680983589962,0.12668738700449467,0.012754407933705931,0.007670393213629723,0.015634391428444444,0.009176908526569605,0.5979505777359009,0.3623189823701978
1490,0.0010007753642125913,0.0004481156647671014,0.00034599274658830836,1.675360834951789e-06,0.0008566073083784431,0.12648278661072254,0.01274410443396746,0.007676633889786899,0.015627569074948045,0.009193708887323737,0.5974288433790207,0.3619558149948716
1491,0.0009997585947963132,0.0004615723737515509,0.000362000813765917,1.6817194534723967e-06,0.000859858570038341,0.1273432895541191,0.012787382603605376,0.007714561885222793,0.015670531562557096,0.009199876338243484,0.6007182151079178,0.36403075233101845
1492,0.0009987418153445755,0.0004460705677047372,0.00038675047107972205,1.3365040842927556e-06,0.0006833508959971368,0.12695913761854172,0.012768080098064839,0.007690623635426164,0.015644225338633955,0.009196327067911625,0.5987030565738678,0.36283109709620476
1493,0.0009977250269724016,0.00040895550046116114,0.000336198449076619,1.3690346349903848e-06,0.0006999837059993297,0.12675991468131542,0.01275805867962677,0.007680270471610129,0.01565949861575211,0.009190422249957919,0.5998726040124893,0.36331625934690237
1494,0.0009967082307948249,0.0003868562343996018,0.00032569510585744865,1.2350951976713986e-06,0.0006315007340162992,0.12680036015808582,0.012760093358057173,0.007688922807574272,0.015703560380132518,0.00922768795862794,0.603253185749054,0.3650267729535699
1495,0.0009956914279268866,0.0004012292265542783,0.00033676860766718164,1.2890183995750704e-06,0.0006590716366190463,0.12718674167990685,0.012779519661555685,0.007701643626205623,0.015652791212503604,0.0091880913823843,0.5993588268756866,0.36327278427779675
1496,0.0009946746194836363,0.0003740602114703506,0.0003151697092107497,1.1923047225081973e-06,0.0006096221768530086,0.12720046564936638,0.012780209262269875,0.007705672760494053,0.015639653077840935,0.00919858063571155,0.5983531326055527,0.3627767991274595
1497,0.0009936578065801286,0.0003501101673464291,0.00028143682357040234,1.2219967260307385e-06,0.000624803542450536,0.1273350641131401,0.012786969222007848,0.0076992628164589405,0.015657699792591327,0.009185916744172573,0.5997348129749298,0.36353493854403496
1498,0.0009926409903314238,0.0003423693560762331,0.00027894021332031116,1.1658304117645457e-06,0.0005960858979960904,0.12718245573341846,0.012779304589613271,0.00769896199926734,0.015692858519970907,0.009226195747032762,0.6024311780929565,0.3648068169131875
1499,0.000991624171852586,0.00032731502869864926,0.00027027605392504483,1.086395201355117e-06,0.0005554708914132789,0.1268518753349781,0.012762685135777036,0.007683806354179978,0.015635159521856547,0.009176825871691108,0.5980093330144882,0.36243060417473316
1500,0.00099060735225868,0.00032922648097155616,0.0002650580499903299,1.145909109823151e-06,0.0005859001757926308,0.127639502286911,0.012802246073844654,0.007708915043622255,0.015696658811763353,0.009224174544215202,0.6027230322360992,0.3651812672615051
1501,0.0009895905326647743,0.0003161539862048812,0.00025723555518197827,1.0792696230055299e-06,0.0005518276520888321,0.1274704523384571,0.012793764993225133,0.007696729036979377,0.015675081703526463,0.00919801089912653,0.6010670810937881,0.3642687667161226
1502,0.0009885737141859363,0.0003110465913778171,0.00025702850325615145,1.030944090985031e-06,0.0005271189074846916,0.12719108536839485,0.012779738145891614,0.0077012128895148635,0.015655401505491724,0.00920389243401587,0.5995587855577469,0.36337493546307087
1503,0.0009875568979372312,0.00029844952950952575,0.00024349106752197258,1.0136635353319434e-06,0.0005182833774597384,0.12732971273362637,0.012786700218064542,0.007693703402765095,0.015705199446379752,0.009216651553288102,0.6033791154623032,0.36535441409796476
1504,0.0009865400850337235,0.00029578039539046586,0.0002389678338658996,1.0229481404167018e-06,0.0005230306342127733,0.1271259505301714,0.0127764653291434,0.007700148154981434,0.015691171794936207,0.009225470013916492,0.6023017317056656,0.3647138411179185
1505,0.0009855232765904733,0.00028830729570472613,0.00023370977578451857,9.910034037829973e-07,0.0005066973390057683,0.12754099071025848,0.012797304446570451,0.007704038871452212,0.015687573089424298,0.009215399855747819,0.6020254492759705,0.36478321999311447
1506,0.0009845064737225352,0.00028654447669396177,0.00023472318935091607,9.65836605359982e-07,0.0004938296333421022,0.1276222039014101,0.012801378623986307,0.0077197334030643106,0.015697835684121326,0.009237937862053514,0.6028133928775787,0.3652177983894944
1507,0.0009834896775449582,0.00030759820219827816,0.00024660735653014854,1.0787492499275686e-06,0.0005515615339390934,0.12758385203778744,0.012799454678992553,0.007702254457399249,0.015661628591947478,0.009209290845319629,0.6000358462333679,0.3638098491355777
1508,0.000982472889172785,0.0003051058665732853,0.00024326897255377844,1.0804935897112955e-06,0.0005524534135474823,0.12743042781949043,0.012791756289707254,0.007703139097429812,0.01573323526424211,0.009241340216249228,0.6055352538824081,0.3664828408509493
1509,0.0009814561097210473,0.0003090895843342878,0.0002531881327740848,1.0418505809184353e-06,0.0005326953687472269,0.1276114545762539,0.012800839226671893,0.007701616617850959,0.01566843750836046,0.009208490373566747,0.6005576997995377,0.3640845771878958
1510,0.0009804393403047694,0.00030295220494735986,0.0002525853269617073,9.865488124205513e-07,0.0005044197023380548,0.12768010795116425,0.012804282254290323,0.007712221355177462,0.015711445233124958,0.009239156730473042,0.603859081864357,0.3657695949077606
1511,0.000979422582038963,0.0003178492042934522,0.00026462875030119903,1.0380087047678899e-06,0.0005307309402269311,0.1274060569703579,0.012790533452342906,0.007705124793574214,0.01572639552941132,0.009231498232111335,0.6050088554620743,0.3662074562162161
1512,0.0009784058360386284,0.00032118417584570125,0.00025995131727540866,1.1072143593082728e-06,0.000566115602850914,0.12749830074608326,0.012795162809026863,0.0077059457544237375,0.015674317539267395,0.009221747983247042,0.6010084897279739,0.3642533952370286
1513,0.000977389103418753,0.0003022646269528195,0.00024263168234028853,1.0576947033769102e-06,0.0005407963690231554,0.12779587507247925,0.012810085268476329,0.007715459796600044,0.015672379400579448,0.009217601269483566,0.6008598804473877,0.36432787775993347
1514,0.0009763723852943076,0.0002982708247145638,0.00024094314721878618,1.0318488818938931e-06,0.0005275815055938438,0.12775229662656784,0.012807900889514391,0.007716585765592754,0.015737430931406653,0.009248117916285992,0.6058582216501236,0.3668052591383457
1515,0.0009753556827802488,0.00029659326537512243,0.00023824432355468161,1.0365576059712112e-06,0.0005299890253809281,0.12748711183667183,0.01279460139790197,0.007710333913564682,0.015671963075687932,0.009210023330524564,0.6008279472589493,0.36415752954781055
1516,0.000974338996991516,0.0003013208697666414,0.0002509510959498584,9.833808718440196e-07,0.0005027999504818581,0.1277717500925064,0.012808876393815715,0.00770611094776541,0.015704137912499364,0.009220915613695979,0.603297546505928,0.3655346482992172
1517,0.000973322329043029,0.00030439636611845344,0.0002566044895502273,9.692284521634065e-07,0.00049556383601157,0.12783066555857658,0.012811829152831494,0.007714868406765163,0.015710078915320013,0.009236130863428116,0.603754073381424,0.36579236947000027
1518,0.0009723056800496893,0.00027974061958957464,0.00023961161787156016,8.610581261336847e-07,0.00044025667739333585,0.12744036130607128,0.012792254833646911,0.007710633217357099,0.01568027065258823,0.009218131192028522,0.6014651358127594,0.36445274855941534
1519,0.0009712890511263777,0.0003010539439856075,0.00025969487614929676,9.123660333898442e-07,0.0004664902517106384,0.12788193114101887,0.012814398117189745,0.007715839194133878,0.01567506882270641,0.009218105114996433,0.6010661274194717,0.3644740292802453
1520,0.0009702724433879516,0.00030730118669453077,0.00025346254551550373,1.0222150876870728e-06,0.0005226556677371264,0.1277249027043581,0.012806527900039706,0.007713811006397009,0.01571466760996106,0.009223834611475468,0.6041068136692047,0.3659158581867814
1521,0.0009692558579492463,0.00028598494100151584,0.0002355693286517635,9.537452569929883e-07,0.00048764738312456757,0.1276292335242033,0.01280173072620017,0.007709059631451964,0.015687153689139536,0.009223590604960918,0.6019932478666306,0.3648112406954169
1522,0.0009682392959250726,0.000273676763754338,0.00022881088079884648,8.862560321176716e-07,0.0004531403028522618,0.12776914797723293,0.012808746169921682,0.007710609002970159,0.015725394187903696,0.009236344369128346,0.6049318015575409,0.3663504747673869
1523,0.000967222758430215,0.00028014768759021536,0.00023829621568438597,8.753294054031358e-07,0.0004475535388337448,0.12787898629903793,0.012814250205607782,0.00771764328237623,0.015703886214783018,0.009236779296770692,0.603278174996376,0.365578580647707
1524,0.0009662062465794318,0.0002820999907271471,0.00023508605590905063,9.195348837920392e-07,0.00047015568270580843,0.12776507250964642,0.012808541671712715,0.007710600970312953,0.015733957259940735,0.009245769819244742,0.6055907905101776,0.366677931509912
1525,0.000965189761487453,0.0002917284655268304,0.0002369779977016151,9.98891152903525e-07,0.0005107303077238612,0.12775446102023125,0.012808010103108376,0.007717523258179426,0.015699959764061962,0.009226931491866708,0.6029765456914902,0.3653655033558607
1526,0.0009641733042689787,0.0002693005990295205,0.00021954662952339277,9.159378748790914e-07,0.0004683164515881799,0.12794200330972672,0.012817407505829048,0.007726880139671266,0.01570000100998786,0.009239241247996688,0.6029796749353409,0.3654608391225338
1527,0.0009631568760386795,0.0002826434065354988,0.00022852813708595932,9.761532169250131e-07,0.0004991044334019534,0.12791451811790466,0.012816030283365393,0.0077316464157775044,0.015723232127684526,0.009235466597601771,0.604765459895134,0.3663399890065193
1528,0.0009621404779111929,0.0002955472773464862,0.00022632058971794322,1.1196109994671133e-06,0.0005724540169467218,0.12789443507790565,0.012815024522267281,0.007715788786299527,0.015641646323644905,0.009196189465001225,0.5985056608915329,0.3632000479847193
1529,0.0009611241110011244,0.00028524768276838586,0.00022897410599398427,9.981316111407068e-07,0.0005103419680381194,0.12776713073253632,0.012808644631288522,0.0077207054710015655,0.015744389954600868,0.00924642663449049,0.6063941568136215,0.3670806437730789
1530,0.000960107776423045,0.00027893312653759494,0.0002214910382463131,9.949230843631085e-07,0.0005087014360469766,0.12803049571812153,0.012821839187985658,0.007726085023023188,0.015690645953125467,0.009223476983606815,0.6022613197565079,0.3651459077373147
1531,0.0009590914752914901,0.0002696686133276671,0.00023016295017441735,8.364825987428048e-07,0.0004276912804925814,0.12771003134548664,0.012805782614885144,0.007713643368333578,0.015685893333662253,0.009215489029884338,0.6018965691328049,0.36480330023914576
1532,0.0009580752087209586,0.0002845824092219118,0.00023841631264076568,9.177572479757146e-07,0.0004692467482527718,0.12802550941705704,0.012821589642390021,0.007719693472608924,0.015711007135180068,0.00924145639874041,0.6038254201412201,0.36592546477913857
1533,0.0009570589778259108,0.00028313862276263535,0.00023285671341000125,9.47132434703235e-07,0.0004842662383452989,0.12771202437579632,0.012805882187605755,0.007723964750766754,0.015671268054265077,0.009206093614920974,0.6007746756076813,0.3642433499917388
1534,0.0009560427837207694,0.0002714011316129472,0.0002203116164309904,9.304942523158388e-07,0.0004757591523230076,0.12790932692587376,0.012815770121572305,0.007737400010228157,0.015710267759303686,0.009236665675416589,0.6037685871124268,0.36583895701915026
1535,0.0009550266275199154,0.0002730533160502091,0.00022176227139425464,9.353022960567614e-07,0.00047821748012211174,0.12772687524557114,0.012806626898825621,0.007710606907494366,0.01571562241143312,0.009238926926627755,0.6041802167892456,0.36595354601740837
1536,0.0009540105103376884,0.0002809060097206384,0.00023475768466596492,9.10427957023785e-07,0.0004654993099393323,0.12788023799657822,0.0128143130895312,0.007713952451013029,0.01569380352142328,0.00922373728826642,0.602503776550293,0.3651920072734356
1537,0.0009529944332883859,0.000273517616733443,0.00022920565606909804,8.816112426757172e-07,0.0004507654230110347,0.12842132151126862,0.012841394191717962,0.0077408007346093655,0.015731143197220472,0.009245679713785648,0.6053742170333862,0.3668977692723274
1538,0.0009519783974862609,0.0002922070198110305,0.0002428930856694933,9.57295810621872e-07,0.0004894627272733487,0.1276843547821045,0.0128044950599306,0.0077212919713929296,0.01568585436991402,0.00921433256007731,0.6018935441970825,0.3647889494895935
1539,0.0009509624040455211,0.00028680306422756985,0.00024181597837014124,9.128766293997614e-07,0.0004667513712774962,0.12811166793107986,0.012825903019101147,0.007727016345597804,0.015713743194821713,0.009243716485798359,0.6040357053279877,0.36607368662953377
1540,0.0009499464540803279,0.0002895148099923972,0.0002537301515985746,8.461878309162785e-07,0.0004326534763094969,0.12822034023702145,0.012831341856815691,0.007731912308372557,0.0156911473348724,0.00922751915641129,0.602299839258194,0.3652600897476077
1541,0.0009489305487047952,0.00027413035058998503,0.00023289995442610234,8.587018101025023e-07,0.00043905191705562174,0.12788431718945503,0.012814517495638018,0.007722485112026334,0.015698591635538852,0.00922612682916224,0.6028715074062347,0.3653779122978449
1542,0.0009479146890329874,0.00028319504053797573,0.00023346326997852884,9.429389251636167e-07,0.00048212211549980566,0.1279854904860258,0.012819585724397325,0.007728409254923463,0.015700046890160153,0.00923113338649273,0.6029832661151886,0.3654843783006072
1543,0.0009468988761789197,0.0002716568415053189,0.00022807329514762387,8.722734747834693e-07,0.0004459909978322685,0.12767860852181911,0.0128042069617281,0.007723834365606308,0.015714417701439488,0.009242762578651309,0.6040876060724258,0.3658831072971225
1544,0.0009458831112565548,0.00027637464518193156,0.00023514697386417538,8.630699426248611e-07,0.0004412853086250834,0.1279342584311962,0.012817019360929648,0.007726100040599704,0.01570978806104077,0.009232535026967525,0.6037316918373108,0.3658329751342535
1545,0.0009448673953798037,0.00031189284345600754,0.0002752473592408933,8.96689186902222e-07,0.0004584747657645494,0.12803086638450623,0.012821857772483224,0.007729731849394739,0.01567439854128358,0.009220458567142487,0.601014718413353,0.3645227923989296
1546,0.0009438517296625242,0.000300033985695336,0.0002364153551752679,1.0845127889069772e-06,0.0005545084422919899,0.12828930094838142,0.01283479200799973,0.007739728549495339,0.01573771006339912,0.009248932357877493,0.6058797240257263,0.36708451248705387
1547,0.0009428361152185171,0.00031148593552643433,0.00025054077559616417,1.0859956489639444e-06,0.0005552665825234726,0.1279432214796543,0.01281746838745433,0.007722450187429786,0.015704072816652065,0.009238395374268293,0.6032925099134445,0.3656178656965494
1548,0.0009418205531615286,0.0002952776339952834,0.00023636196056031622,1.0384179773836877e-06,0.000530940254975576,0.12814961373806,0.012827802578053223,0.0077302728313952684,0.015709332316754726,0.009239844977855682,0.6036967188119888,0.3659231662750244
1549,0.0009408050446052477,0.00029916202765889466,0.00023526982840849087,1.0849477405372454e-06,0.0005547307882807218,0.12804201990365982,0.012822416429765912,0.007725560455583036,0.015727750946054834,0.009245842229574919,0.60511314868927,0.3665775842964649
1550,0.000939789590663303,0.0002854209451470524,0.0002297721803188324,9.935825744378235e-07,0.0005080160044599324,0.1279537621885538,0.012817996016093774,0.007719856803305447,0.015716412691770147,0.009244441287592053,0.6042409986257553,0.36609738040715456
1551,0.0009387741924492646,0.00026330319815315306,0.0002113898990501184,9.211007778731073e-07,0.0004709563436335884,0.12811529636383057,0.012826085116674386,0.007730014040134847,0.01571651986498312,0.009244614280760288,0.6042492687702179,0.36618228256702423
1552,0.0009377588510766418,0.0002682183294382412,0.00021608485985780135,9.324363787754919e-07,0.0004767522041220218,0.12823835015296936,0.012832242719095888,0.007732881582342088,0.015729598653765123,0.009255632059648633,0.6052553355693817,0.36674684286117554
1553,0.0009367435676588799,0.00026323767451685853,0.0002093901130137965,9.361049677636402e-07,0.00047862788051133975,0.12802040204405785,0.012821333849567051,0.007724581169895828,0.01571761620728947,0.009238259866833687,0.6043335646390915,0.36617698334157467
1554,0.0009357283433093625,0.0002928067042375915,0.00021909194038016722,1.1493621343561244e-06,0.0005876657232875004,0.12792005762457848,0.012816308038926978,0.007721749017946422,0.015743424535075736,0.009268640773370862,0.6063197702169418,0.36711991392076015
1555,0.0009347131791414068,0.00027555617270991206,0.00021375726646510884,1.0224029836081172e-06,0.0005227517904131673,0.12808308936655521,0.012824472385371679,0.007722258567810059,0.015749963875256796,0.009261864004656672,0.606823593378067,0.3674533413723111
1556,0.0009336980762682651,0.00027426763699622825,0.0002171840751543641,9.829932849925171e-07,0.0005026018916396424,0.12813725508749485,0.012827183745545815,0.007722982671111822,0.015691809597927136,0.009242061525583267,0.6023506671190262,0.3652439611032605
1557,0.0009326830358031227,0.0002981390352942981,0.00023359394617727958,1.0880545744385017e-06,0.0005563193262787536,0.12831957265734673,0.012836306090701823,0.007734772167168558,0.015783187082048768,0.009277596836909652,0.6093863695859909,0.3688529711216688
1558,0.000931668058859095,0.0002809472680382896,0.00021095371994306333,1.097055417176307e-06,0.0005609214131254703,0.1279607880860567,0.01281834851328176,0.0077240284299477935,0.01569089577655342,0.00924098351970315,0.6022805273532867,0.3651206577196717
1559,0.0009306531465492292,0.00027219750700169243,0.00020522658815025352,1.056295872103874e-06,0.0005400811933213845,0.1279323548078537,0.012816923990438855,0.007730336859822273,0.015763878861541132,0.00927624455653131,0.6078963279724121,0.3679143413901329
1560,0.0009296382999865013,0.00027608951131696813,0.00020004549151053652,1.134888691467495e-06,0.0005802655359730124,0.12833207100629807,0.01283693114333433,0.007726676180027425,0.015694263077793997,0.009235526667907834,0.6025390177965164,0.36543554440140724
1561,0.0009286235202838144,0.00026658520800992846,0.00020835718169109896,9.769214841526264e-07,0.0004994972987333313,0.1281654927879572,0.012828597487282134,0.007728885859251022,0.01575278323619323,0.009261469123885036,0.6070408523082733,0.36760317254811525
1562,0.000927608808553999,0.0002773539017653093,0.00020899229275528342,1.0772602649922192e-06,0.0005508003087015823,0.12814709171652794,0.012827675807739115,0.007733499631285667,0.015702850655734985,0.009242674801498652,0.6031986176967621,0.365672854706645
1563,0.0009265941659098117,0.0002879678286262788,0.00021573889171122573,1.1282741638751759e-06,0.0005768835253547877,0.1279995497316122,0.012820289628476951,0.007722269976511598,0.015788939587031727,0.009276656899601221,0.6098306477069855,0.36891509871929884
1564,0.0009255795934639315,0.0002932127899839543,0.00020854081958532333,1.2358772494280856e-06,0.0006319006424746476,0.1281324438750744,0.01282694337977356,0.0077265516156330705,0.01564436265556791,0.009215745609253645,0.5987135618925095,0.3634230028837919
1565,0.0009245650923289623,0.0003362819625181146,0.00022355247347149998,1.539613037948584e-06,0.0007871998677728698,0.12830489501357079,0.01283557231290937,0.0077406123746186495,0.015789774351692737,0.009274740470573306,0.6098951697349548,0.3691000323742628
1566,0.0009235506636174282,0.0003429651405895129,0.0002396454001427628,1.4790691125199373e-06,0.0007562440732726827,0.1281193532049656,0.012826287775186223,0.007722592446953058,0.015630729377377126,0.009204472415149212,0.5976705104112625,0.36289493180811405
1567,0.0009225363084417751,0.0003733510820893571,0.0002489852013241034,1.7031475181283895e-06,0.0008708145323907956,0.12753166817128658,0.012796836944570143,0.007722982787527144,0.01577004581218699,0.009262389969080687,0.6083720475435257,0.36795185785740614
1568,0.0009215220279143682,0.0003485761335468851,0.00023149294429458678,1.5977180112258793e-06,0.0008169088687282056,0.1281771920621395,0.012829182648525912,0.0077171927550807595,0.01565221445845317,0.009216573322191834,0.5993146598339081,0.3637459259480238
1569,0.0009205078231474896,0.00033632523991400376,0.00022607487335335463,1.520302902235926e-06,0.0007773266843287274,0.12826997600495815,0.01283382527678987,0.0077389818616211414,0.015752052749802382,0.009260031394660473,0.606984555721283,0.36762726586312056
1570,0.0009194936952533398,0.0003111358164460398,0.00021910692521487363,1.3284860358453443e-06,0.0006792513013351709,0.1281467080116272,0.01282765680626416,0.007735102670267224,0.0156887785853994,0.009242388652637601,0.6021179556846619,0.36513233184814453
1571,0.0009184796453440344,0.00031419955485034734,0.00024280001525767148,1.173089913208969e-06,0.0005997976259095594,0.12777068093419075,0.012808822997918974,0.007719224784523249,0.015762561632972617,0.009272974450141191,0.6077947169542313,0.367782698944211
1572,0.0009174656745316031,0.0003194707751390524,0.0002527891701902263,1.1464899358770708e-06,0.0005861971585545689,0.12827546149492264,0.01283409924568938,0.007726512383669615,0.015700982538365982,0.009231095900759101,0.6030551046133041,0.3656652830541134
1573,0.0009164517839279893,0.0003095245992881246,0.0002343339001527056,1.1936059536310495e-06,0.0006102873740019277,0.12805690802633762,0.012823161599270456,0.007731822086498141,0.015744798587901256,0.009267194895073771,0.6064256727695465,0.36724129039794207
1574,0.0009154379746450489,0.00030006129964021966,0.00022949281628825702,1.1389366534331202e-06,0.0005823352112201974,0.1282131802290678,0.012830983478909402,0.0077365918550640345,0.015712823008589772,0.009253193158656359,0.6039650142192841,0.36608909722417593
1575,0.0009144242477945472,0.0003176990576321259,0.0002542839283705689,1.1174706315841831e-06,0.0005713596037821844,0.12805629149079323,0.012823130817378544,0.007725545670837164,0.015734964414608924,0.009259415557608008,0.605668306350708,0.3668622989207506
1576,0.0009134106044881605,0.0002978609991259873,0.00024143130212905817,1.0240222536594956e-06,0.0005235797871137038,0.1282759327441454,0.012834123056471147,0.007728547556325793,0.01572412521374215,0.009245648747310042,0.60483418405056,0.3665550583973527
1577,0.000912397045837473,0.00031541298812953755,0.00026454181715962477,1.014864849935293e-06,0.0005188976210774854,0.12807706743478775,0.012824171261105076,0.007724441587924957,0.015742317973176285,0.009251603856682777,0.6062345951795578,0.3671558313071728
1578,0.0009113835729539758,0.00032975300564430654,0.00027011278871214017,1.1115136970829553e-06,0.0005683138806489296,0.12805450521409512,0.012823041308323702,0.007735223509371281,0.01569572522362819,0.009242056403309107,0.6026513129472733,0.3653529090806842
1579,0.0009103701869490664,0.000322829611832276,0.0002291280688950792,1.3644425962411333e-06,0.0006976357544772327,0.12805152125656605,0.012822892077892218,0.007721045869402587,0.015692597368236118,0.009223864413797855,0.6024111360311508,0.36523132864385843
1580,0.0009093568889340469,0.0003295605711173266,0.00022358063142746687,1.473663729711916e-06,0.0007534803007729352,0.1280973833054304,0.012825188076758226,0.007747534196823835,0.0157998971128466,0.009282558225095272,0.6106773912906647,0.36938738729804754
1581,0.0009083436800201223,0.0003673877945402637,0.0002089687368425075,1.957890390258399e-06,0.0010010640107793733,0.1280638836324215,0.012823511117505421,0.007729701930657029,0.015635083551863112,0.009215336758643389,0.5980035364627838,0.36303371004760265
1582,0.000907330561318401,0.00034597441845107824,0.00023479552328353748,1.546439079902484e-06,0.000790689984569326,0.1281425654888153,0.012827449773444325,0.007732654339633882,0.01575679834349243,0.009257659548893571,0.6073503345251083,0.3677464500069618
1583,0.0009063175339398916,0.00030513779347529635,0.00023851362493587658,1.1180081003203668e-06,0.0005716344530810602,0.12795585952699184,0.012818101454070705,0.007718894863501191,0.015695708998914485,0.009236202575266361,0.602650061249733,0.3653029603883624
1584,0.0009053045989955027,0.00029791719134664163,0.0002385341067565605,1.0472370064462666e-06,0.0005354494787752628,0.12802668660879135,0.01282164851799674,0.0077208433067426085,0.01573876031817735,0.009260119404643774,0.6059605628252029,0.36699362471699715
1585,0.000904291757596042,0.00030936135226511396,0.00024464585294481367,1.1113366440440586e-06,0.0005682233386323787,0.12836743332445621,0.01283869985894817,0.007753652986139059,0.01571550122697103,0.009245290188118815,0.6041709184646606,0.36626917589455843
1586,0.000903279010852214,0.0003150917400489561,0.00025159630604321137,1.1129992003588995e-06,0.0005690734615200199,0.12819313816726208,0.01282998044955587,0.007742196437902749,0.01570820702563431,0.009246347937732935,0.603610172867775,0.3659016555175185
1587,0.0009022663598746199,0.0003103182098129764,0.0002494546315574553,1.0830736698608234e-06,0.0005537725446629338,0.12841325998306274,0.012840991473143312,0.007724347640760243,0.01570986123826131,0.009235809091478586,0.6037373244762421,0.3660752922296524
1588,0.0009012538057737553,0.00030351381428772584,0.00024234666852862574,1.0721402077251696e-06,0.0005481823754962534,0.1279276106506586,0.012816686270724785,0.00771252834238112,0.01571364468456764,0.009236407466232777,0.6040281653404236,0.3659778879955411
1589,0.0009002413496600103,0.00029430360154947266,0.00024089768339763395,9.934090599017509e-07,0.0005079273032606579,0.12788070924580097,0.01281433636928011,0.007725163362920284,0.015727784370247577,0.009242994245141745,0.6051157116889954,0.36649821046739817
1590,0.0008992289926436671,0.000303874840028584,0.00023936481738928705,1.0989985810283542e-06,0.0005619149305857718,0.12844646722078323,0.012842651278026697,0.007742404588498175,0.015666919988702614,0.00922071491368115,0.6004413366317749,0.36444390192627907
1591,0.000898216735834899,0.0003126242008875124,0.00022733975856681354,1.2786338743353554e-06,0.0006537619628943503,0.12816006503999233,0.012828325527805625,0.007730217184871435,0.01573852408341876,0.009249421069398522,0.6059424132108688,0.3670512391254306
1592,0.00089720458034377,0.0003108923338004388,0.00023335380683420226,1.2146484209552e-06,0.0006210464125615545,0.12824750132858753,0.012832700709956386,0.007745416834950447,0.015701502009904802,0.00924026663415134,0.6030950397253036,0.3656712705269456
1593,0.0008961925272802327,0.0003193025477230549,0.00023952491756062955,1.2486141542922269e-06,0.0006384130101650953,0.12812549248337746,0.012826595089577222,0.007732416386716068,0.015809417406896502,0.009297821205109358,0.6114135682582855,0.3697695303708315
1594,0.0008951805777541271,0.0003745789945241995,0.0002363177845836617,1.8142553130928718e-06,0.0009276237688027322,0.12783548794686794,0.012812070937957354,0.007725351140834391,0.015661389451569835,0.009237799094989896,0.6000175029039383,0.3639264954254031
1595,0.0008941687328751802,0.0003967791344621219,0.00024075979672488756,1.9966006448157714e-06,0.0010208564344793558,0.12840046174824238,0.01284035131867933,0.007739704567939043,0.015830484634856656,0.009311600355431437,0.6130441725254059,0.37072231713682413
1596,0.0008931569937530039,0.0003748811504920013,0.00021533672406803817,1.9813500102827675e-06,0.0010130588780157268,0.127868190407753,0.012813709504692343,0.007725558476522565,0.01566566253376884,0.009226241381838918,0.6003450006246567,0.36410659551620483
1597,0.0008921453614970941,0.0003156552411383018,0.00021640175327775069,1.3938451957073994e-06,0.0007126691925805062,0.128194035962224,0.012830025392619755,0.007739121443592012,0.015785101705305928,0.009293570648878813,0.6095342636108398,0.3688641497865319
1598,0.00089113383721683,0.0002969572597066872,0.00020401538131409325,1.3078980600766954e-06,0.0006687247368972749,0.1282070055603981,0.012830674568401514,0.007735411170870066,0.015670852976670254,0.009237226098775864,0.60074283182621,0.36447491869330406
1599,0.0008901224220214714,0.00030805235292064026,0.00020597812181222253,1.4010426241384266e-06,0.0007163492118706927,0.12823117338120937,0.012831883799327745,0.007741300738416612,0.015781575364053894,0.009274742333218455,0.6092619150876999,0.36874654423445463
1600,0.0008891111170201593,0.00030773972321185283,0.00021139345335541293,1.3556198013020548e-06,0.0006931247407919727,0.12794098444283009,0.01281735627421402,0.00773065653629601,0.01568716354523286,0.009240794461220503,0.6019940227270126,0.36496750358492136
1601,0.0008880999233219142,0.0002666686923475936,0.00020039404989802279,1.0400354284456625e-06,0.0005317672694218345,0.12809380888938904,0.012825008944908694,0.007735393359325826,0.015761880300471237,0.009265474043786526,0.6077422201633453,0.3679180145263672
1602,0.0008870888420356328,0.000255743128946051,0.00019758941198233515,9.551351212166992e-07,0.0004883579604211263,0.12798095121979713,0.01281935784472871,0.007727268035523593,0.015700894490639064,0.00924165896140039,0.6030483543872833,0.36551465280354023
1603,0.0008860778742700905,0.000261131368461065,0.0002096187017741613,9.13718977813005e-07,0.0004671820206567645,0.12783539295196533,0.012812066252792747,0.007724036346189678,0.015719302061952697,0.009240008192136884,0.6044631898403168,0.36614929139614105
1604,0.0008850670211339378,0.00026123594216187485,0.00021314218975021504,8.871764265450111e-07,0.0004536109117907472,0.12831655144691467,0.012836154888859886,0.007751032477244735,0.01568584984732983,0.009239458478987217,0.6018931865692139,0.36510486900806427
1605,0.0008840562837356982,0.00026743179114419036,0.00021624741202685982,9.234731095375537e-07,0.0004721692457678728,0.12834074161946774,0.012837364595425251,0.007738942629657686,0.01573020633644584,0.009248926304280758,0.6053021103143692,0.36682142596691847
1606,0.0008830456631837695,0.0002613639553601388,0.0002207828511018306,8.286537820367812e-07,0.00042368836875539273,0.1279504168778658,0.012817828420431625,0.007720761001110077,0.01573020598953569,0.009249345865100622,0.6053020805120468,0.3666262486949563
1607,0.0008820351605864215,0.0002665777792572044,0.00022400593297788873,8.544248260022869e-07,0.0004368651134427637,0.12825000286102295,0.012832825729691142,0.007731555378995836,0.015740339786973805,0.009265962522476912,0.6060822159051895,0.36716610938310623
1608,0.0008810247770517934,0.000261313900409732,0.00021453507361002266,8.770419128723006e-07,0.0004484291566768661,0.12824074551463127,0.0128323630655385,0.007737275096587837,0.01572998477493753,0.009260959224775434,0.605285033583641,0.36676288954913616
1609,0.0008800145136878954,0.0002753360167844221,0.00022589067521039397,9.25327455547631e-07,0.00047311733942478895,0.1279852632433176,0.012819574089294445,0.007725120056420565,0.01569941498326653,0.009243237785995007,0.6029346436262131,0.36545995343476534
1610,0.0008790043716026046,0.0002640403909026645,0.0002142802404705435,9.056981440380696e-07,0.0004630809780792333,0.12805882282555103,0.012823257916325884,0.007726554526016116,0.015776903978794856,0.009284115629270673,0.6089012920856476,0.3684800574555993
1611,0.0008779943519036656,0.000269663411017973,0.0002130801476596389,9.70074594874859e-07,0.0004959964790032245,0.12829255126416683,0.012834954705346034,0.007729448610916734,0.015713817048167662,0.009247327456250787,0.6040414571762085,0.36616700422018766
1612,0.0008769844556986896,0.000295526951958891,0.00022296816678135656,1.1456387767339038e-06,0.0005857620562892407,0.12815441563725471,0.01282804278592834,0.0077491262927651405,0.015773043679062362,0.009292245144024491,0.6086033433675766,0.36837887950241566
1613,0.0008759746840951506,0.0003288928928668611,0.0002180288574891165,1.5105674435744731e-06,0.000772349041653797,0.12800908833742142,0.012820767199926,0.007723095011897385,0.015694038343081137,0.009231919888406992,0.6025217920541763,0.3652654401957989
1614,0.0008749650382003875,0.0003081298928009346,0.0002298866820638068,1.21475869718779e-06,0.0006211027211975306,0.12785938009619713,0.012813268012359408,0.007719394052401185,0.015746507985772144,0.009266386274248362,0.6065573394298553,0.36720835976302624
1615,0.0008739555191216013,0.00029018911300227046,0.00022058246395317838,1.1121038880901324e-06,0.0005686156800948083,0.12834781780838966,0.012837718827848484,0.007748609525151551,0.01569848480341177,0.009232606971636415,0.602863222360611,0.3656055200845003
1616,0.0008729461279658524,0.00026592165522743016,0.00020795554883079603,9.735748136563416e-07,0.0004977860589860938,0.12824206985533237,0.0128324291209389,0.007731382152996957,0.01574481707261747,0.009249548660591245,0.6064270585775375,0.36733456421643496
1617,0.0008719368658400625,0.0002675562063814141,0.0001919930255098734,1.1144374809646251e-06,0.0005698088789358735,0.12792252749204636,0.012816431657376608,0.007737663225270808,0.01567137901833686,0.009233641205355525,0.600783184170723,0.36435285583138466
1618,0.0008709277338510118,0.00027577546279644594,0.00020102659618714824,1.124142457342714e-06,0.000574770885577891,0.1280693244189024,0.012823783320928185,0.0077369497157633305,0.0157471256430711,0.009276020340621471,0.6066048890352249,0.36733710672706366
1619,0.0008699187331053362,0.0002653061965247616,0.0002055222212220542,9.865924965879458e-07,0.0005044420977355912,0.1281478926539421,0.012827716221230316,0.007735269842669368,0.01570674592592552,0.009238412836566567,0.6034978926181793,0.3658228926360607
1620,0.0008689098647095295,0.00027513473469298333,0.0002152484084945172,1.0066159319421786e-06,0.0005146799667272717,0.1283807009458542,0.012839363046777349,0.007746779592707753,0.0157577392795649,0.009288912173360586,0.6074229031801224,0.3679018020629883
1621,0.0008679011297699394,0.00027451814094092697,0.00019917889949283563,1.1263018819818171e-06,0.00057587511400925,0.12809152528643608,0.01282489477009649,0.007727694348432124,0.01572340866659359,0.00925793219357729,0.6047790199518204,0.3664352726191282
1622,0.0008668925293927671,0.00026552197232376784,0.0001848283936851658,1.150595437593438e-06,0.000588296286878176,0.1277256216853857,0.012806564403267913,0.0077223117696121335,0.01579430039022367,0.009296886622905731,0.610244870185852,0.3689852459356189
1623,0.0008658840646840672,0.0002804205651045777,0.00019166344645782374,1.242817091906545e-06,0.0006354490178637207,0.12806583382189274,0.012823608708557994,0.0077422590693458915,0.015683900144201134,0.009245020803064108,0.6017435938119888,0.3649047138169408
1624,0.0008648757367497444,0.00028933031717315316,0.00019907633031834848,1.2719532094251917e-06,0.0006503461918327957,0.12861317582428455,0.012850983322294169,0.007744228700175881,0.01578519089661094,0.009283398510888219,0.6095411479473114,0.369077161885798
1625,0.000863867546695554,0.0002862264336727094,0.0002094813680741936,1.1601993463727922e-06,0.0005932066414970905,0.12826305627822876,0.012833479157692338,0.0077315885573625565,0.015685332640639076,0.00924068596214056,0.601853534579277,0.3650582954287529
1626,0.0008628594956271002,0.00026186875766143203,0.0001925375581777189,1.0545599025135743e-06,0.0005391935701481998,0.1280066817998886,0.012820646602754181,0.007727336254902184,0.01573709989640694,0.009253930300474167,0.6058327406644821,0.36691971123218536
1627,0.0008618515846498346,0.00025231252584489994,0.0001849383261287585,1.0205592246848028e-06,0.0005218092992436141,0.12797844037413597,0.012819231984171502,0.0077259562676772475,0.015717077940896548,0.009256018092855811,0.6042921394109726,0.3661352898925543
1628,0.0008608438148690549,0.00024260841746581718,0.0001842277415562421,9.312216349144364e-07,0.0004761310701724142,0.12808061763644218,0.012824348560752012,0.007726568728685379,0.01570578548889965,0.009236572543159127,0.6034240871667862,0.3657523524016142
1629,0.0008598361873899045,0.00023675614284002222,0.00018552141409600154,8.638713779873797e-07,0.0004416950323502533,0.12824928760528564,0.012832790151636643,0.007729621254839003,0.015746405406339734,0.009263582993298769,0.6065494269132614,0.36739935725927353
1630,0.0008588287033173704,0.00023576068633701652,0.00019423003686824813,7.860071491450071e-07,0.00040188327693613246,0.1282297782599926,0.012831814197215278,0.007734780199825764,0.015751909673966988,0.009265210712328553,0.6069735288619995,0.36760165356099606
1631,0.0008578213637562824,0.00025058944811462425,0.00020000638323836029,8.858284701318553e-07,0.00045292168215382844,0.12804897129535675,0.012822764407893665,0.007734142243862152,0.015688926526778196,0.009243813809007406,0.602129340171814,0.36508915573358536
1632,0.0008568141698113116,0.00025003336850204505,0.00018417595128994435,1.0042357985184935e-06,0.000513463033712469,0.12814823910593987,0.012827733946405588,0.00772336102090776,0.01578845525122811,0.00928107276558876,0.6097932457923889,0.3689707424491644
1633,0.0008558071225869701,0.0002775855682557449,0.000188208792678779,1.2421201063261833e-06,0.0006350926123559475,0.1278098914772272,0.012810788132692279,0.007718407898209989,0.015669607097495406,0.009229688439518213,0.6006473302841187,0.36422861088067293
1634,0.0008548002231876083,0.00026344697835156694,0.00019020467152586207,1.0882440903969837e-06,0.0005564161911024712,0.1280676554888487,0.012823699490265706,0.007731965510174632,0.015795745445362525,0.009292536647990346,0.6103565096855164,0.3692120825871825
1635,0.000853793472717415,0.00023613407756784,0.00017441077579860575,9.447092139680535e-07,0.00048302727373084053,0.1282721348106861,0.012833933135911328,0.007742797373794019,0.015692394054023225,0.009233282413333654,0.6023955345153809,0.3653338346630335
1636,0.0008527868722804155,0.00022690562764182687,0.00017338198813376948,8.625123939509649e-07,0.00044100020022597164,0.12828550301492214,0.01283460209733875,0.007737026084214449,0.01578093254416562,0.00929345516487956,0.6092123091220856,0.36874890606850386
1637,0.0008517804229804706,0.00023607173352502286,0.0001813425733416807,8.898705772253379e-07,0.00045498836698243394,0.1281804945319891,0.012829347827327335,0.007734806509688497,0.015701982888064576,0.009238617960363626,0.603131964802742,0.36565622966736555
1638,0.0008507741259212754,0.0002416607349005062,0.0001877346985565964,8.945185498987485e-07,0.0004573648620862514,0.12826807238161564,0.012833730172922875,0.0077437167055904865,0.01575481146895182,0.009276755154132843,0.6071971952915192,0.3677326338365674
1639,0.0008497679822063579,0.0002317370417586062,0.00018207854736829177,8.417236330160449e-07,0.00043037100112996995,0.12839101627469063,0.012839878867333147,0.007743859896436334,0.015730606318761352,0.009271448478102684,0.6053328663110733,0.36686194129288197
1640,0.0008487619929390782,0.0002306432834302541,0.00017243338515982032,9.064842316774957e-07,0.00046348286559805274,0.12814758345484734,0.012827701190262495,0.00772913615219295,0.015741018122884812,0.00926431966945529,0.6061344891786575,0.36714103631675243
1641,0.0008477561592226267,0.00023353192227659747,0.00017952436610357836,8.792577830263326e-07,0.0004495621324167587,0.12834527157247066,0.012837591446994558,0.007746662711724639,0.015730069653253635,0.009263773448765278,0.605291560292244,0.3668184159323573
1642,0.0008467504821600238,0.0002384827566856984,0.00019111626170342788,8.369862030122022e-07,0.0004279487329768017,0.12795504555106163,0.01281806058454059,0.007731315214186907,0.01573138601798808,0.009256338933482766,0.6053928732872009,0.3666739594191313
1643,0.000845744962854117,0.00023726622021058574,0.00018646871831151657,8.614483988367283e-07,0.0004404562059789896,0.12828551419079304,0.012834602664240427,0.007740119472146034,0.015694831216904508,0.009250320727005601,0.6025826781988144,0.3654340961948037
1644,0.000844739602407582,0.00024582545302109793,0.00018372850900050253,9.665869384889447e-07,0.0004942131708958186,0.12836883589625359,0.012838769707090615,0.007743347901850939,0.01576304041761395,0.009279761463403702,0.6078316420316696,0.3681002389639616
1645,0.00084373440192292,0.00024964708427432925,0.0001915660614031367,9.426438225546008e-07,0.0004819711757590994,0.1282212994992733,0.012831390055612242,0.007734305807389319,0.015717120762161734,0.009242160711437464,0.6042954176664352,0.36625835858285427
1646,0.0008427293625024559,0.00025009866658365354,0.00018859711417462677,9.702865213512268e-07,0.0004961048543918878,0.12796954065561295,0.01281878670883126,0.007725821225903928,0.015760278406822033,0.009278294397518039,0.6076186746358871,0.36779410764575005
1647,0.000841724485248339,0.0002400136690994259,0.00018329682643525302,9.131302931564278e-07,0.0004668809997383505,0.12848119623959064,0.012844387625308405,0.007746970746666193,0.0156703919212186,0.009235048200935125,0.6007074862718582,0.36459434125572443
1648,0.0008407197712625409,0.0002454296773066744,0.00017880990344565362,1.0011961109057665e-06,0.0005119087800267152,0.12830061838030815,0.012835358180196923,0.007742798305116594,0.015763285631881955,0.009273840812966228,0.607850581407547,0.3680755998939276
1649,0.0008397152216468529,0.00025151400041067973,0.00019518133558449335,9.32617254534307e-07,0.00047684464516351,0.1283652987331152,0.012838593315005068,0.007737975334748626,0.01570288517547018,0.009244006127119064,0.6032012552022934,0.3657832769677043
1650,0.000838710837502887,0.00025120130158029497,0.00019056708697462454,9.656577475425365e-07,0.0004937381381751038,0.12863817065954208,0.01285223126188698,0.007746745017357171,0.015815990761519044,0.009306591469794512,0.6119221150875092,0.3702801428735256
1651,0.0008377066199320743,0.0002844130140147172,0.00020330986080807634,1.1907469854577357e-06,0.0006088256413931958,0.12811969593167305,0.01282630479325002,0.007732679252512753,0.01567799586203448,0.009230802301317453,0.6012905985116959,0.36470514722168446
1652,0.0008367025700356615,0.00027262411094852723,0.00020621994190150872,1.0526965041890435e-06,0.0005382407907745801,0.12796292081475258,0.012818454799782974,0.007733359234407544,0.01573716219717101,0.009271318325772882,0.6058375686407089,0.36690024472773075
1653,0.0008356986889147131,0.00027342432804289274,0.00018187667228630744,1.2509648286140873e-06,0.0006396149110514671,0.12893927656114101,0.012867264386676862,0.007760105421766639,0.0157532113967885,0.009267301298677921,0.6070738881826401,0.36800658237189054
1654,0.0008346949776701073,0.0002648334630066529,0.0001993083169509191,1.0305825526302215e-06,0.0005269340254017152,0.1281939223408699,0.012830020005131443,0.007729070843197405,0.015706064140972448,0.009237446123734117,0.6034455299377441,0.365819726139307
1655,0.0008336914374025366,0.0002802298404276371,0.00021668479166692123,1.0452042715769494e-06,0.0005344100500224158,0.128562206402421,0.012848436254938065,0.007746587041765451,0.015733287290660355,0.009252855088561773,0.6055392026901245,0.36705070454627275
1656,0.0008326880692125068,0.00034301718551432714,0.00022608427025261335,1.5856701907068782e-06,0.0008107488683890551,0.12809354066848755,0.012824995896410172,0.007732394267804921,0.015636424664654917,0.00920621445402503,0.5981061160564423,0.3630998283624649
1657,0.0008316848742003331,0.0003527900844346732,0.0002526039897929877,1.4737697995315102e-06,0.0007535344047937542,0.12807066924870014,0.012823850838965187,0.007735459133982658,0.015739616003833185,0.00925805326551199,0.6060264706611633,0.36704856995493174
1658,0.0008306818534661419,0.000306663139781449,0.00022541937141795643,1.235364180729448e-06,0.0006316382496152073,0.1286485493183136,0.012852749679558665,0.0077728984178975224,0.015684330649109776,0.009239932056516409,0.6017766147851944,0.365212582051754
1659,0.0008296790081098695,0.0002999834614456631,0.00021669706984539516,1.2382796796828188e-06,0.0006331290205707774,0.12824528478085995,0.012832589580280761,0.007736181141808629,0.015744167321817163,0.009265713626518846,0.6063770055770874,0.3673111451789737
1660,0.0008286763392312575,0.00028982319781789556,0.00022051334235584363,1.1090664600033051e-06,0.0005670625978382304,0.12856927514076233,0.01284878933270959,0.007739190594293177,0.015768559757869602,0.009294182294979692,0.6082573682069778,0.3684133216738701
1661,0.0008276738479298559,0.0002995928152813576,0.00022210147290024906,1.192179695408413e-06,0.0006095581775298342,0.1280515417456627,0.01282289321273095,0.007735671941190958,0.015698420147606442,0.009244695072993636,0.6028582900762558,0.36545491591095924
1662,0.0008266715353050196,0.0003399327542865649,0.00025405065389350057,1.3367198050673323e-06,0.0006834611413069069,0.12792097590863705,0.01281635402342639,0.007725295145064592,0.015708777555295945,0.009251413634046912,0.6036540418863297,0.36578750889748335
1663,0.0008256694024559065,0.00034505526127759367,0.00026934667403111234,1.267148519445982e-06,0.0006478895957116038,0.12781302817165852,0.012810945313413402,0.0077227907022461295,0.015701705901262606,0.009249468334019184,0.6031107008457184,0.36546186450868845
1664,0.0008246674504814787,0.0003366134551470168,0.00027018145920010284,1.1780649629145046e-06,0.0006023413880029693,0.12822167202830315,0.012831408626276715,0.007743419613689184,0.015722874184913575,0.009249382419511676,0.6047379225492477,0.36647979728877544
1665,0.0008236656804804994,0.0003046651108888909,0.0002412115027254913,1.0922794047019124e-06,0.000558479514438659,0.1280104387551546,0.01282083501760194,0.007729407981969416,0.01568289632136542,0.009232326876372099,0.6016665995121002,0.3648385191336274
1666,0.0008226640935515319,0.000280760523310164,0.00020098439927096479,1.17322159098876e-06,0.0005998649721732363,0.12818488664925098,0.012829567731598691,0.007733305101282895,0.015766367621117182,0.0092690191231668,0.6080882698297501,0.3681365782395005
1667,0.0008216626907929397,0.00030009695910848677,0.0002147072518710047,1.2549563166430744e-06,0.0006416557444026694,0.12819871492683887,0.012830259746171774,0.007732464000582695,0.01567540894243165,0.009230409981682897,0.6010921746492386,0.36464544478803873
1668,0.0008206614733028828,0.00030965980113251135,0.00022182346219778992,1.292799936436495e-06,0.000661005120491609,0.12830967269837856,0.012835811099973993,0.0077527443645522,0.015676333877585585,0.009240345796570182,0.6011631190776825,0.36473639588803053
1669,0.0008196604421793194,0.0003024202487722505,0.00018976128922076896,1.472834327387318e-06,0.0007530560833401978,0.12770629115402699,0.012805594972889406,0.007719322224147618,0.015808103857813574,0.009295166004449129,0.6113119721412659,0.3695091316476464
1670,0.0008186595985200033,0.00030644756770925596,0.00018308727158000693,1.5644298514416732e-06,0.000799888715846464,0.1284449454396963,0.01284257507731228,0.007737022242508829,0.015616842861045392,0.009207895491272211,0.59660904109478,0.36252699326723814
1671,0.0008176589434224814,0.0003565819715731777,0.0002081851489492692,1.858349833128159e-06,0.0009501692547928542,0.1280401349067688,0.01282232138314003,0.007732250378467143,0.01572857137958773,0.009250975213944912,0.605176255106926,0.3666081950068474
1672,0.0008166584779840952,0.00030256884201662615,0.0001852220666478388,1.5097988068646373e-06,0.0007719559362158179,0.1283087655901909,0.012835765893743002,0.007743197726085782,0.01570759223849092,0.009250629227608442,0.6035629361867905,0.3659358508884907
1673,0.000815658203301978,0.0003324329009046778,0.00021089903384563513,1.6009636283342843e-06,0.0008185683473129757,0.12780756503343582,0.01281067141730479,0.007723526563495398,0.015697315511857685,0.009245384251698852,0.602773442864418,0.3652905039489269
1674,0.000814658120473053,0.00035607017343863845,0.00019834775957860984,1.9303051317365316e-06,0.000986959712463431,0.12811341136693954,0.012825990239055785,0.0077337154652923346,0.01579028329916039,0.00928802159614861,0.6099344789981842,0.3690239451825619
1675,0.000813658230594034,0.0004346394198364578,0.00019448847888270393,2.7288295996186207e-06,0.0013952430890640244,0.12803802080452442,0.012822216121726196,0.007729029399342835,0.015640015600221158,0.009223984088748693,0.5983808785676956,0.36320944968611
1676,0.0008126585347614233,0.0003818300465354696,0.00021556823776336387,2.0474923303481773e-06,0.0010468771943124011,0.12782777287065983,0.012811684051169937,0.007736067520454526,0.01581422883264024,0.00930310576222837,0.6117857694625854,0.36980677116662264
1677,0.0008116590340715089,0.00035305805067764595,0.000239606924878899,1.578069486640743e-06,0.0008068625611485913,0.1282605677843094,0.01283335442780154,0.007725450559519231,0.0156731720934519,0.009227665606886148,0.6009206771850586,0.364590622484684
1678,0.0008106597296203667,0.00033198040910065174,0.0002419334814476315,1.3537489280679438e-06,0.0006921681197127327,0.12767576053738594,0.012804064046703546,0.00772305007558316,0.015769697006301795,0.009271773044019938,0.6083451062440872,0.3680104333907366
1679,0.0008096606225038562,0.00030688697734149173,0.0001948898297996493,1.4763926117211668e-06,0.0007548755675088614,0.12801536172628403,0.01282108131476348,0.007731950026936829,0.015621950901632648,0.009202279848977923,0.5969993472099304,0.3625073544681072
1680,0.0008086617138176208,0.00034082637284882367,0.0002075936172332149,1.708903027974884e-06,0.0008737573662074283,0.12789200618863106,0.012814902593563342,0.007730390294454992,0.01578999899100844,0.009293582290410995,0.6099125146865845,0.36890226043760777
1681,0.0008076630046570868,0.0003759650207939558,0.00022832877220935188,1.8903094769484596e-06,0.000966510022408329,0.1279531493782997,0.012817965647525006,0.007728526485152543,0.015686383155383878,0.009224316803738475,0.6019341349601746,0.36494364216923714
1682,0.0008066644961174608,0.00033862660347949713,0.00019794926993199624,1.7628414070713916e-06,0.0009013358794618398,0.12789388000965118,0.012814996417732935,0.0077253911877051,0.0157336538986102,0.009252253454178572,0.6055674999952316,0.3667306900024414
1683,0.0008056661892937298,0.00034626974957063794,0.00021716069750254974,1.6872883747964806e-06,0.0008627059141872451,0.12825549952685833,0.01283310099560766,0.00773446133825928,0.01569322050873045,0.009232818381860852,0.6024589687585831,0.3653572341427207
1684,0.0008046680852806601,0.00032539480162085965,0.00022037860617274418,1.4579768787825742e-06,0.0007454595906892791,0.12825051695108414,0.012832851669007347,0.007749286247417331,0.0156851039509877,0.009250166127458215,0.6018359661102295,0.3650432415306568
1685,0.0008036701851727948,0.0003171367134200409,0.0002163095741707366,1.4090535103150614e-06,0.0007204452413134277,0.12802989780902863,0.012821809254119968,0.007728594006039202,0.015724614307252117,0.00924820639193058,0.6048717647790909,0.36645083129405975
1686,0.0008026724900644535,0.0003011658955074381,0.00020083735944353975,1.3739170299231773e-06,0.0007024800579529256,0.12758009508252144,0.012799266375760173,0.00771338352933526,0.01573120979986119,0.009260726859793067,0.6053793132305145,0.366479704156518
1687,0.0008016750010497317,0.00036190142418490723,0.00023527002122136764,1.6984778596906835e-06,0.0008684269851073623,0.12814867682754993,0.012827755641986785,0.007728676893748343,0.015694157027518217,0.009236961137503386,0.6025308817625046,0.36533977929502726
1688,0.0008006777192224981,0.00040707380685489625,0.0002998863892571535,1.634711168208014e-06,0.0008358234044862911,0.12774521298706532,0.012807545974408393,0.007734985905699432,0.015657577578961867,0.009234269615262747,0.5997254550457001,0.3637353340163827
1689,0.0007996806456763947,0.00034025587956421077,0.0002314388839295134,1.5167768481205712e-06,0.0007755238184472546,0.1277442630380392,0.012807499106132247,0.0077249432215467095,0.015749386059904755,0.009263677289709449,0.6067790389060974,0.3672616509720683
1690,0.0007986837815048346,0.0003238731806050055,0.00024124657284119166,1.279841626455891e-06,0.0006543795752804726,0.12779518216848373,0.012810050621242889,0.007714868639595807,0.015697694779280284,0.009249333990737796,0.6028025448322296,0.3652988635003567
1691,0.000797687127801002,0.0003220907674403861,0.0002373684837948531,1.2927506816140522e-06,0.0006609798438148573,0.1279444433748722,0.012817529552618825,0.007736061350442469,0.015730939687404417,0.00926131452433765,0.6053585261106491,0.36665148474276066
1692,0.0007966906856578496,0.0003246863998356275,0.0002332233780180104,1.3505614617770334e-06,0.0006905384798301384,0.12822954170405865,0.012831802147931403,0.007736314320936799,0.015681604421064307,0.009220242267474532,0.6015674322843552,0.3648984869942069
1693,0.0007956944561680983,0.000374049624952022,0.0002479792783560697,1.717847993631949e-06,0.0008783309458522126,0.12749877199530602,0.012795186550104105,0.007724294206127524,0.01569192876289629,0.009248860413208604,0.602359801530838,0.364929286763072
1694,0.0007946984404242363,0.00030779108783463016,0.00022014293790562078,1.2876730011157633e-06,0.0006583836802747101,0.12786786817014217,0.012813693037727307,0.007719523389823735,0.015671037766487445,0.00921105220913887,0.6007569879293442,0.3643124280497432
1695,0.0007937026395185166,0.0002927742316387594,0.00020757697711815126,1.2391289487823087e-06,0.0006335632206173614,0.12799274735152721,0.012819948677547826,0.007725580711849034,0.015705296967224863,0.009252601535990834,0.6033865809440613,0.36568966414779425
1696,0.000792707054542957,0.0002941734674095642,0.00020851808949373662,1.2454495958991174e-06,0.0006367949827108532,0.1277688518166542,0.012808730974680943,0.007737825391814113,0.01570340423656717,0.009230984840542078,0.6032411307096481,0.36550499126315117
1697,0.0007917116865893387,0.00027362148102838546,0.00020134280566708185,1.100604862358523e-06,0.0005627361824735999,0.12791727855801582,0.012816169090934006,0.007722860435023904,0.015709862164553057,0.009253526572138071,0.603737398982048,0.36582733877003193
1698,0.0007907165367492047,0.0002697947929846123,0.00019130158034386113,1.1417380108014186e-06,0.0005837676289957017,0.12824587896466255,0.012832619347252527,0.007748003699816763,0.015779150676988467,0.00928343553096056,0.6090747117996216,0.36866029538214207
1699,0.0007897216061138585,0.00026998288376489654,0.00018911932056653313,1.1606498162564094e-06,0.000593437122006435,0.12778352946043015,0.012809466716063965,0.00772179220803082,0.015656617494987465,0.009225626941770315,0.5996519029140472,0.3637177161872387
1700,0.000788726895774364,0.00026547354354988784,0.00018167358211940154,1.1748026906843734e-06,0.0006006733747199178,0.1285108383744955,0.012845868716810049,0.0077421615133062005,0.015756885039866542,0.00926335109397769,0.6073570400476456,0.36793393921107054
1701,0.0007877324068215426,0.00024656858659000136,0.00018049862046609633,9.991220366600828e-07,0.0005108484256197698,0.12796767801046371,0.0128186936219106,0.007729210308752954,0.015696338389621527,0.009242195403203368,0.602698415517807,0.36533304676413536
1702,0.0007867381403459735,0.00024122095783241093,0.00017926025975611992,9.565155210111698e-07,0.000489063750137575,0.1280510015785694,0.012822865834718526,0.00772738887462765,0.01573339596751233,0.009254895150661469,0.6055476069450378,0.3667993042618036
1703,0.0007857440974379922,0.0002416690404061228,0.00017025682973326184,1.0313333689282445e-06,0.000527317875821609,0.12812687456607819,0.012826664720010452,0.007730540353804827,0.015689244897459178,0.009232383221387863,0.6021537631750107,0.36514031887054443
1704,0.0007847502791876879,0.0002524892806832213,0.00018055316104437225,1.0565942716311838e-06,0.0005402337192208506,0.12775499559938908,0.012808036802779026,0.0077202863758429885,0.015681958318146495,0.00923731061629951,0.6015945822000504,0.3646747888997197
1705,0.0007837566866849046,0.0002642819963512011,0.00021286030823830515,9.191690821808152e-07,0.00046996870514703915,0.12845709919929504,0.012843183112430554,0.007749103009700775,0.01573700176353438,0.009266222128644586,0.6058251857757568,0.36714114248752594
1706,0.0007827633210192388,0.000301501015201211,0.00022952982908464037,1.152726184727726e-06,0.000589385730563663,0.12806979380548,0.012823806725330006,0.007745309034362435,0.015677425488458064,0.009238525293767452,0.6012468487024307,0.36465832125395536
1707,0.0007817701832800369,0.0003088897683483083,0.00021659086996805854,1.3262058189411619e-06,0.0006780853364034556,0.12817181460559368,0.012828913395431574,0.007724430994130671,0.015776283221285537,0.00928124412894249,0.6088534146547318,0.3685126146301627
1708,0.0007807772745563962,0.00037050016544526443,0.0002548373995523434,1.6294847284825664e-06,0.00083315116353333,0.12787165865302086,0.012813882974365934,0.007721961010247469,0.015768918624610044,0.009265582310035825,0.608285054564476,0.36807835660874844
1709,0.0007797845959371638,0.0003476568599580787,0.00025025257127708755,1.4419674414511974e-06,0.0007372739928541705,0.12813690677285194,0.01282716644503299,0.0077447687508538365,0.015646385179275628,0.009230331517755985,0.5988683700561523,0.36350263841450214
1710,0.0007787921485109325,0.0003168726179865189,0.00023187227998278104,1.2847201844579104e-06,0.0006568739627255127,0.12809991091489792,0.012825314871662018,0.00773735879920423,0.015750038136216275,0.009269506903365254,0.6068293154239655,0.3674646131694317
1711,0.0007777999333660433,0.00030502232402795926,0.00024102531824610196,1.0972293011946022e-06,0.0005610103253275156,0.12809612415730953,0.012825125104326703,0.0077317452523857355,0.01567999641442943,0.009231663541868329,0.6014440804719925,0.364770102314651
1712,0.0007768079515905811,0.00031755996315041557,0.0002371369700995274,1.2502551385296101e-06,0.0006392519426299259,0.128464475274086,0.012843551630303724,0.007749155862256885,0.015708205404452915,0.009256793186068535,0.6036100685596466,0.3660372719168663
1713,0.0007758162042723761,0.00029620616987813264,0.00022431844627135433,1.1417176466466117e-06,0.0005837570570292883,0.12767442129552364,0.01280399656639102,0.007734234444797039,0.01567293220073274,0.009223673259839416,0.6009022891521454,0.3642883552238345
1714,0.0007748246924990007,0.0002934907388407737,0.00022982930022408254,1.072050423545079e-06,0.0005481364787556231,0.12764966115355492,0.012802755291393937,0.00772645347751677,0.015697004953034985,0.00923566403798759,0.6027495563030243,0.3651996087282896
1715,0.0007738334173577687,0.000271028809947893,0.00019704668375197798,1.1088603741882253e-06,0.0005669572637998499,0.1282553356140852,0.012833092632826927,0.007753538899123669,0.015744208105328585,0.009264373453333974,0.6063801050186157,0.36731772031635046
1716,0.0007728423799357351,0.0002931518611148931,0.00020143493748037145,1.2908724897897628e-06,0.0006600195629289374,0.12831290252506733,0.012835972509010637,0.007749497308395803,0.01569350993145636,0.009230416035279632,0.6024812012910843,0.3653970519080758
1717,0.0007718515813196947,0.00027171930560143664,0.00020492060866672546,1.0540131256675522e-06,0.0005389140715124086,0.1279513966292143,0.012817877805325246,0.007736508967354894,0.015737385969310114,0.009263870073482394,0.6058547645807266,0.36690308060497046
1718,0.0007708610225961785,0.00029088677183608525,0.0001983060355996713,1.2932002135812581e-06,0.0006612096840399317,0.1278060432523489,0.012810595310347967,0.007730836747214198,0.0156977393915584,0.009248449467122555,0.6028060168027878,0.36530603002756834
1719,0.000769870704851456,0.00026018364951596595,0.0001866600796347484,1.0840618784868639e-06,0.0005542779108509421,0.127896498888731,0.012815127855580815,0.007721984526142478,0.015695246239840536,0.009242219151929021,0.602614551782608,0.3652555253356695
1720,0.0007688806291715326,0.00027009076438844204,0.000215722517168615,9.535818747963276e-07,0.00048756376054370776,0.12871212884783745,0.012855925681246829,0.0077572830487042665,0.01575914844298446,0.009275488089770079,0.6075315475463867,0.3681218381971121
1721,0.0007678907966421468,0.0002451439722790383,0.0001750646042637527,1.027702467126801e-06,0.0005254614152363501,0.12792936153709888,0.012816774121090954,0.007734593003988266,0.015679058585764745,0.009233722928911448,0.6013721078634262,0.36465073470026255
1722,0.000766901208348772,0.0002274401776958257,0.00016965642498689704,8.968857088120785e-07,0.00045857520308345556,0.12778811156749725,0.012809696617704857,0.007721996051259339,0.015732757075593753,0.009247883688658476,0.605498418211937,0.3666432648897171
1723,0.0007659118653766128,0.00021623901557177305,0.0001551532495795982,9.008106900409985e-07,0.000460582050436642,0.12802930921316147,0.012821779745785862,0.007732139783911407,0.01570419246770804,0.009257501689717174,0.6033016890287399,0.3656654991209507
1724,0.0007649227688106048,0.00020394141392898746,0.00014930884935893118,8.262739612518999e-07,0.0004224716394674033,0.12801437452435493,0.012821031942209347,0.0077286368468776345,0.015727986533054978,0.009253138676285744,0.6051312834024429,0.36657282896339893
1725,0.0007639339197354144,0.00020614224195014685,0.00014364078560902271,8.921386580595936e-07,0.0004561480527627282,0.12819067761301994,0.0128298573869853,0.00774100236594677,0.0156944452739717,0.009239837760105729,0.6025530099868774,0.3653718437999487
1726,0.0007629453192354352,0.00019308936316519976,0.00015155731671256945,7.025610813116145e-07,0.00035921756352763623,0.12781721726059914,0.012811155168678026,0.00772903801407665,0.015700026035553004,0.009247619658708572,0.6029816567897797,0.3653994370251894
1727,0.000761956968394789,0.00018368778910371475,0.00014077992636885028,6.949366735398144e-07,0.00035531921457732096,0.12799701280891895,0.012820162500102037,0.007730237673968077,0.015700112350274867,0.009241945343092084,0.6029882580041885,0.36549263540655375
1728,0.0007609688682973239,0.00017610549548408017,0.0001307877009821823,6.989606617935351e-07,0.0003573766443878412,0.1280055083334446,0.01282058786442674,0.007727495627477765,0.015732715337451953,0.009256582241505384,0.6054951846599579,0.36675034649670124
1729,0.0007599810200266128,0.00017556760576553643,0.00013477752509061247,6.624870394489335e-07,0.00033872787753352895,0.12807988934218884,0.012824312249983918,0.0077334188390523195,0.015692377709949877,0.009240576531738043,0.6023942530155182,0.3652370711788535
1730,0.000758993424665952,0.00018508582434151322,0.00013470675912685692,7.561199879546621e-07,0.00038660205609630793,0.12813903391361237,0.012827272942081821,0.0077377938432618976,0.01572487284509709,0.009264037711545825,0.6048916876316071,0.3665153607726097
1731,0.0007580060832983615,0.00020116901214350946,0.00013434758693620097,9.16208193757484e-07,0.0004684546947828494,0.12794978357851505,0.012817797058087178,0.007731032790616155,0.0157128532231335,0.009243181673809886,0.6039673089981079,0.3659585462883115
1732,0.0007570189970065818,0.00018471331713953987,0.00014015893248142675,7.098235954572374e-07,0.0003629308339441195,0.1280175969004631,0.012821193537304305,0.007733669015578926,0.015703231874508217,0.00924886204302311,0.6032279133796692,0.36562275514006615
1733,0.0007560321668730742,0.00018033662490779534,0.0001331328894593753,7.219900908239651e-07,0.0003691515448736027,0.12834913097321987,0.012837784430620539,0.0077404186595231295,0.015736770010328544,0.009252900956198573,0.6058073490858078,0.36707824002951384
1734,0.0007550455939800187,0.00017856070553534664,0.00013810399468638934,6.657331397263988e-07,0.00034038754529319704,0.1280928999185562,0.01282496355876966,0.007735798833891749,0.015693928118742463,0.009248740738257766,0.6025133281946182,0.3653031140565872
1735,0.0007540592794093137,0.00018194232325186022,0.00013500887871487066,7.230160150584197e-07,0.000369676090485882,0.12827511131763458,0.012834082237961071,0.00774763326626271,0.015734917480228913,0.009267276851460338,0.6056647151708603,0.36696991324424744
1736,0.0007530732242425741,0.00019455405345070176,0.0001446713722543791,7.707546387791808e-07,0.00039408473821822554,0.12800762429833412,0.012820693990484052,0.0077308943727985024,0.015670925871406123,0.009238359751179814,0.6007484346628189,0.3643780294805765
1737,0.00075208742956113,0.00020714360653073527,0.00013795644554193132,9.464011156978813e-07,0.00048389223229605705,0.128057811409235,0.012823206849935936,0.007734646555036306,0.01577894525020197,0.009279220830649137,0.6090588718652725,0.36855834163725376
1738,0.0007511018964460265,0.0002387770509812981,0.00013830653733748477,1.253007070545209e-06,0.0006406590910046361,0.1282005589455366,0.012830351898543563,0.0077418056316673756,0.01565975660244031,0.009234077297151089,0.5998923927545547,0.3640464758500457
1739,0.0007501166259780213,0.00027563926050788723,0.00014995650053606369,1.5223439220335422e-06,0.0007783702749293298,0.12824813276529312,0.012832732461115517,0.007731849444098771,0.01571373254509429,0.009247474139556289,0.6040349304676056,0.36614153161644936
1740,0.000749131619237584,0.0003426109906286001,0.00017734409993863665,1.963003825267151e-06,0.0010036785242846236,0.12759535387158394,0.012800031509162871,0.007725680712610483,0.015726034766958552,0.00925845536403358,0.604981079697609,0.36628821678459644
1741,0.0007481468773048957,0.0004130783781874925,0.00020712760669994168,2.4191041063659213e-06,0.0012368814641376957,0.128020778298378,0.01282135300228462,0.0077281949343159795,0.015608997737447824,0.009201553650200367,0.5960097461938858,0.3620152622461319
1742,0.0007471624012598466,0.00040450808592140675,0.00019947030523326248,2.395199771854095e-06,0.0012246591213624924,0.12849846109747887,0.012845250471440691,0.0077531879069283605,0.01583521958903596,0.009322443045675755,0.6134109348058701,0.37095469795167446
1743,0.000746178192182035,0.0004086160406586714,0.00020611773652490228,2.383367473157705e-06,0.0012186092208139598,0.12821766920387745,0.012831208175088395,0.007734532002359629,0.015593412534289912,0.009192708879709244,0.5948201268911362,0.3615188980475068
1744,0.0007451942511507677,0.0005173343524802476,0.00022157749481266364,3.325583605828797e-06,0.001700361754046753,0.12734577991068363,0.012787507497412545,0.007699761656112969,0.01580455594734625,0.009282674407586455,0.6110376119613647,0.3691916959360242
1745,0.0007442105792450556,0.0006165809754747897,0.00025813528918661177,4.0101206195686245e-06,0.0020503637206275016,0.12771348282694817,0.01280595533968177,0.0077321858843788505,0.01565881628378178,0.009235870325937867,0.5998203307390213,0.36376690678298473
1746,0.0007432271775436162,0.000759882212150842,0.0003486001951387152,4.703741581124632e-06,0.002405010163784027,0.12801728956401348,0.012821178214941968,0.007736233645118773,0.01567865554814785,0.009235967183485627,0.6013412177562714,0.3646792536601424
1747,0.0007422440471248702,0.0005802336527267471,0.0003271190871600993,3.1150016184255946e-06,0.0015926917840261012,0.12812498584389687,0.012826569988493325,0.0077349781058728695,0.015707172909516204,0.009257085854187608,0.6035307198762894,0.3658278528600931
1748,0.0007412611890669398,0.000507744298374746,0.00032079255470307544,2.4556188122915046e-06,0.0012555512075778097,0.12737444229424,0.012788946106463854,0.0077206590212881565,0.015734467781658643,0.009263510815799236,0.6056300550699234,0.3665022486820817
1749,0.0007402786044476502,0.00045972522639203817,0.000315650126140099,2.0262686462046986e-06,0.0010360256128478795,0.1273233126848936,0.01278637899917351,0.0077149426797404885,0.01571833197698059,0.009233682649210095,0.6043886095285416,0.3658559611067176
1750,0.0007392962943445259,0.0004420472541823983,0.00030180234170984477,1.961729537924839e-06,0.0010030269040726125,0.12830598838627338,0.01283562658952841,0.007747928379103541,0.015660031543503008,0.009222942171618342,0.5999134629964828,0.3641097256913781
1751,0.0007383142598347898,0.0004830771795241162,0.0002817253043758683,2.5200299660355086e-06,0.0012884846073575318,0.1276513822376728,0.012802841390350525,0.007744288654066622,0.01574146486103045,0.00926705333404243,0.6061688661575317,0.36691012419760227
1752,0.0007373325019953633,0.0005397619897848926,0.0003332073174533434,2.6715977412550274e-06,0.0013659806281793863,0.12770010717213154,0.012805284739668061,0.007722401292994618,0.01564866096154436,0.009221211774274707,0.5990425795316696,0.3633713433519006
1753,0.0007363510219028649,0.0006061444582883269,0.00030552685711882077,3.5373059859011846e-06,0.0018086148775182664,0.12681699357926846,0.01276093025919001,0.007693360210396349,0.015858509326446463,0.009315178263932467,0.6152166426181793,0.3710168180987239
1754,0.000735369820633607,0.0007518483034800738,0.0002912656418629922,5.073719307802094e-06,0.00259417892084457,0.12824619375169277,0.012832635364689713,0.007743667461909354,0.015569668781158298,0.009188366588205099,0.5930100679397583,0.36062813084572554
1755,0.0007343888992635978,0.0007057314069243148,0.0003354852451593615,4.276800098068634e-06,0.002186716068536043,0.12728935107588768,0.012784673331086217,0.007724129245616496,0.015800765259148766,0.00930265849456191,0.610744521021843,0.3690169360488653
1756,0.000733408258868537,0.0007245112210512161,0.00043468128569656983,3.6844143096459447e-06,0.0018838309042621404,0.127461988478899,0.012793340585442636,0.0077085657976567745,0.015575238427082106,0.009198355255648494,0.5934344232082367,0.36044820584356785
1757,0.0007324279005238177,0.0007606280414620414,0.0004011701967101544,4.2997676246159244e-06,0.0021984594059176743,0.1269993931055069,0.01277010392109288,0.007701327675022185,0.015847488335840147,0.009302569320425391,0.6143618077039719,0.3706806004047394
1758,0.0007314478253045233,0.0007364361081272364,0.0003540741454344243,4.431636966728547e-06,0.002265883784275502,0.12731708958745003,0.012786066877073756,0.007718578213825822,0.015567761780836896,0.009203619789332151,0.5928648263216019,0.36009095795452595
1759,0.0007304680342854256,0.0006681205559289083,0.0004033163859276101,3.3783422281885578e-06,0.0017273372213821858,0.12726487405598164,0.012783444409064025,0.007718007429502904,0.015687758493938577,0.009235409554094076,0.602039709687233,0.3646522918716073
1760,0.0007294885285409858,0.0005945107113802806,0.00036528947384795174,2.956001765141991e-06,0.0015113955887500197,0.12733523733913898,0.012786978183966721,0.007722570560872555,0.01564944706818854,0.009214988676831126,0.5991027653217316,0.3632190013304353
1761,0.0007285093091453529,0.0005431419267551973,0.0003777801539399661,2.3559464921163453e-06,0.0012045889743603766,0.12728114984929562,0.012784261711569355,0.007703866343945265,0.015624766003450988,0.009186946786940098,0.5972145348787308,0.3622478423640132
1762,0.0007275303771723599,0.00047590312897227705,0.00031525918166153133,2.1875316917885357e-06,0.0011184789473190904,0.12733585014939308,0.012787008910635169,0.007706934120506048,0.01573026334524355,0.009234914788976312,0.605306476354599,0.36632116325199604
1763,0.0007265517336955262,0.0005016012582927942,0.0003324164281366393,2.3046096089274215e-06,0.0011783405643654987,0.12722931802272797,0.012781658370009054,0.0077097275061532855,0.015615820050662704,0.009201474022120237,0.5965308994054794,0.3618801087141037
1764,0.0007255733797880547,0.0005204240587772802,0.0003367635727045126,2.4546697545702045e-06,0.0012550659739645198,0.1269441656768322,0.012767327154600681,0.0077108193654567,0.01575812413404861,0.00925714336335659,0.6074525564908981,0.36719836108386517
1765,0.0007245953165228298,0.0005479972314788029,0.00036184120108373463,2.5281208877458994e-06,0.0012926213385071605,0.1275326032191515,0.012796883567609892,0.007708599790930748,0.015658417139482784,0.009207643335685134,0.5997897386550903,0.3636611709371209
1766,0.0007236175449724185,0.0004949803042109124,0.0003550177425495349,2.0630475887628563e-06,0.001054830485372804,0.12710315734148026,0.012775319908608956,0.007698761764913797,0.015700959136255164,0.00922561646439135,0.6030533015727997,0.36507822945713997
1767,0.0007226400662090664,0.0004470811109058559,0.0003212702213204466,1.8586540306841925e-06,0.0009503246546955779,0.12711402587592602,0.012775865936054022,0.00769928761292249,0.015671657005422612,0.009218085324391723,0.600804477930069,0.3639592519029975
1768,0.0007216628813046991,0.00038964830309851095,0.00027148021035827696,1.6865347731709335e-06,0.0008623206522315741,0.12716997042298317,0.012778677145288912,0.007719413144513965,0.01569519559395453,0.009232729207724333,0.6026106625795364,0.3648903165012598
1769,0.0007206859913309202,0.00042845668212976307,0.0002756633184617385,2.033318367011816e-06,0.0010396301368018612,0.1275345329195261,0.012796980651016445,0.007712530088610947,0.015718770449379003,0.00924201775342226,0.6044222861528397,0.3659784095361829
1770,0.0007197093973590086,0.00037665304262191057,0.00024314210168085992,1.7811493933095335e-06,0.0009106968063861132,0.12761976942420006,0.012801255996930263,0.0077186275739222765,0.01562529406233581,0.009197213221341372,0.5972549170255661,0.3624373432248831
1771,0.0007187331004599195,0.00033996842830674723,0.00024936330373748206,1.3737390816004336e-06,0.0007023888902040198,0.1271676179021597,0.012778558997833804,0.007710973615758121,0.015676394911407085,0.009231429547071457,0.601167842745781,0.3641677303239703
1772,0.0007177571017042829,0.00030311682348838076,0.00021223492149147205,1.3038295207934425e-06,0.0006666444533038884,0.1271820981055498,0.012779285943232004,0.007712801918387413,0.01565279864985408,0.009194748941808939,0.5993594378232956,0.3632707679644227
1773,0.0007167814021623997,0.0002767008918453939,0.00019761553267017007,1.1598776836763136e-06,0.0005930422921665013,0.12727189250290394,0.012783797005237305,0.007711443002335727,0.01569715177396057,0.009232279611751437,0.6027608513832092,0.3650163719430566
1774,0.0007158060029042451,0.00025907462259056047,0.00018476125478628092,1.0880715990424505e-06,0.0005563280574278906,0.12747378088533878,0.01279393233540528,0.007706474396400154,0.015653974404043335,0.009206631453707814,0.5994495004415512,0.363461640663445
1775,0.0007148309049994641,0.00023471430540666915,0.0001803595914680045,8.84286237123888e-07,0.0004521331502473913,0.12742692045867443,0.012791580671341535,0.007728611002676189,0.015663794974678843,0.009228957584127784,0.6002018451690674,0.3638143828138709
1776,0.0007138561095173702,0.0002281208107888233,0.0001611214756849222,9.70312513004501e-07,0.0004961181039107032,0.1277498546987772,0.012807778750971983,0.007730163284577429,0.015671282447138817,0.00922165671363473,0.6007757484912872,0.3642628015950322
1777,0.0007128816175269472,0.00020808899353141896,0.0001552492285554763,8.203603698575535e-07,0.0004194480352452956,0.1274885144084692,0.012794671771120371,0.007715298794209957,0.015637732394793623,0.009202241897583008,0.5982061624526978,0.3628473384305835
1778,0.0007119074300968443,0.0002141149525414221,0.00014590586943086237,9.523839565872549e-07,0.0004869512777077034,0.12726622074842453,0.012783511855573368,0.007707898854278028,0.01572643728432596,0.009243313688784838,0.605012059211731,0.36613913998007774
1779,0.0007109335482953777,0.0002476478912285529,0.00014108890172792599,1.3179883637803869e-06,0.0006738838274031878,0.12740186229348183,0.01279032283208245,0.0077205675188452005,0.01561709805815891,0.009201200446113944,0.5966285318136215,0.3620151970535517
1780,0.0007099599731905283,0.0002861290267901495,0.00016267283717752434,1.5254407799147884e-06,0.000779953770688735,0.12782284431159496,0.012811437147402963,0.007739698397926986,0.015735235382774958,0.009255069540813565,0.6056891828775406,0.3667560135945678
1781,0.0007089867058499407,0.00028099237533751875,0.00016114900063257664,1.4871307882913243e-06,0.000760365859605372,0.12745782360434532,0.012793131575430907,0.007720005349256098,0.015588820469127952,0.009177786530926824,0.5944698601961136,0.36096384190022945
1782,0.0007080137473409213,0.0002784009375318419,0.00016098627020255663,1.463061892081896e-06,0.0007480595595552586,0.12725744768977165,0.012783071454747365,0.007715488085523248,0.01570856912388639,0.00924564409069717,0.6036380380392075,0.36544774286448956
1783,0.000707041098730439,0.00024551776368753053,0.00017537201892992016,1.0289526670703708e-06,0.0005261007027002051,0.12746251374483109,0.012793366746999565,0.00770875986199826,0.01563234524447677,0.009197908220812678,0.5977941006422043,0.3626283071935177
1784,0.000706068761085122,0.00025599827495170757,0.00018673151862458326,1.0425741265862598e-06,0.0005330652929842472,0.12784024700522423,0.012812309453164458,0.007726695970632136,0.015719476330685888,0.0092494604177773,0.6044765710830688,0.36615840904414654
1785,0.0007050967354712578,0.00025746593382791616,0.0001788560693967156,1.1185377957190212e-06,0.0005719053442589939,0.12746715545654297,0.01279359992373053,0.007734029204584658,0.015641040666156677,0.009204698959365487,0.5984593480825424,0.3629632517695427
1786,0.0007041250229547916,0.00023041314489091747,0.00015938754586386494,1.0062943545108283e-06,0.0005145155373611487,0.1273394301533699,0.01278718843256475,0.007720796507783234,0.01563624981929112,0.009204447735100985,0.5980927348136902,0.36271608248353004
1787,0.0007031536246013255,0.00021243056107778102,0.00016081960711744614,8.192383944560788e-07,0.0004188743478152901,0.12717899680137634,0.012779130935238366,0.007713797502219677,0.015689934253349688,0.009229480056092143,0.60220667719841,0.3646928369998932
1788,0.0007021825414761169,0.0002228024386567995,0.00016362396127078682,8.987264834559028e-07,0.0004595163627527654,0.12745654955506325,0.012793067307720478,0.007705734809860587,0.015645940260443324,0.009203899186104536,0.5988342612981796,0.36314540542662144
1789,0.000701211774644077,0.00020892992324661463,0.00015162257113843225,8.569560776550134e-07,0.0004381593316793442,0.12759581953287125,0.012800054814886016,0.007717215921729803,0.015729523949383217,0.009251130977645516,0.6052495688199997,0.36642269417643547
1790,0.0007002413251697713,0.00020122139540035278,0.0001435170488548465,8.449853652336969e-07,0.00043203873792663217,0.12760836631059647,0.0128006843375736,0.007727220421656966,0.01568886067216744,0.00923331780359149,0.6021243035793304,0.36486633494496346
1791,0.0006992711941174165,0.00017994959125644527,0.0001367198165098671,6.901440201545483e-07,0.00035286869388073683,0.12731376476585865,0.012785899716480819,0.0077135872561484575,0.015661073186006482,0.009221412241458893,0.5999932587146759,0.3636535117402673
1792,0.0006983013825508798,0.00018483673557057045,0.00013434782158583403,7.564921702396532e-07,0.00038679237331962213,0.1276999581605196,0.012805277495121165,0.007722963113337755,0.015668459682028388,0.009227232541888952,0.600559338927269,0.3641296485438943
1793,0.0006973318915336791,0.00017897419456858188,0.0001377999724354595,6.721552097133099e-07,0.0003436710758251138,0.12751567550003529,0.01279603466053168,0.007710002711974084,0.015681238452227148,0.009218073217198253,0.601539358496666,0.3645275169983506
1794,0.0006963627221289798,0.00018010943313129246,0.00013667166786035523,6.920835886603527e-07,0.00035386047238716856,0.1274712271988392,0.012793804092061314,0.007721711997874081,0.015669111991758376,0.009225505171343684,0.6006093770265579,0.36404030211269855
1795,0.0006953938753995949,0.00018459860439179465,0.00013796949860989116,7.258303611479278e-07,0.0003711150275194086,0.1272146813571453,0.012780923731914697,0.007711172802373767,0.015685116475659375,0.009229241870343685,0.6018369495868683,0.3645258154720068
1796,0.000694425352407984,0.00018185453518526629,0.00014317445675260387,6.58276221088272e-07,0.0003365748198120855,0.1280270852148533,0.012821668379586214,0.007735706167295575,0.01564879347378585,0.009212557692080736,0.5990527421236038,0.36353991366922855
1797,0.0006934571542162511,0.00017607738482183777,0.00013530457727028988,6.633492404262142e-07,0.0003391686186660081,0.12743446603417397,0.012791959065485005,0.0077148794662207365,0.01570364088381222,0.009233277756720781,0.6032593250274658,0.3653468955308199
1798,0.000692489281886144,0.0001764505468599964,0.0001324346631008666,6.894503741250446e-07,0.00035251406370662153,0.1274260114878416,0.012791534739986584,0.0077073752181604505,0.015610511216369494,0.00919685116969049,0.5961253494024277,0.36177568044513464
1799,0.0006915217364790541,0.00017562625725986436,0.0001233900802617427,7.521474856275745e-07,0.0003845709434244782,0.1276072859764099,0.012800630196997202,0.007714108447544277,0.01571226130848441,0.009242316707968712,0.6039218157529831,0.3657645508646965
1800,0.0006905545190560127,0.00017508890960016288,0.0001282176781387534,7.091252314239682e-07,0.00036257380997994915,0.12771130539476871,0.012805846392651248,0.007725116447545588,0.0156786625091618,0.00922782113775611,0.6013417392969131,0.36452652234584093
1801,0.0006895876306776927,0.00017148395272670314,0.00013078813753963914,6.537629531067068e-07,0.0003342672061990015,0.12754244171082973,0.012797377505540684,0.007711775717325509,0.015666387759708928,0.009223234141245484,0.600400522351265,0.36397148203104734
1802,0.0006886210724044061,0.00018253613961860538,0.00012424555825418793,8.130269009143376e-07,0.00041569845052435994,0.12804625555872917,0.012822628225160776,0.007741064764559269,0.015668545938459087,0.009232884040102363,0.6005659848451614,0.3643061202019453
1803,0.0006876548452961018,0.000168350430612918,0.00012145718028477859,6.961183913745117e-07,0.00035592341737356037,0.12797756865620613,0.01281918842222517,0.007730453507974744,0.01568592557145221,0.009225420886650681,0.6018990278244019,0.364938298240304
1804,0.0006866889504123665,0.00016968494674074464,0.00013074445450911298,6.365121265616835e-07,0.00032544691202929243,0.12736229039728642,0.012788336346018232,0.007709774654358625,0.01566082242224867,0.009217237355187535,0.599974051117897,0.3636681707575917
1805,0.0006857233888124233,0.00016452043200843036,0.000124847541883355,6.321410666032534e-07,0.0003232119925087318,0.12733149155974388,0.012786789981511351,0.007706859498284757,0.015698373219839024,0.009240807732567191,0.6028546988964081,0.365093095228076
1806,0.0006847581615551276,0.00016691742712282576,0.00012705979315796867,6.382744430766252e-07,0.0003263479593442753,0.12796839512884617,0.012818729522891483,0.007729459786787629,0.01566332070486096,0.00921419239602983,0.6001654863357544,0.3640669407323003
1807,0.0006837932696989701,0.00016502714788657613,0.00012485755178204272,6.370179335135617e-07,0.00032570552866673097,0.12756590731441975,0.012798554067076633,0.0077204296831041574,0.015697382837418943,0.009237787919119,0.6027785986661911,0.3651722529903054
1808,0.0006828287143020732,0.00015385939695988782,0.000117846553621348,5.826566109590203e-07,0.0002979107521241531,0.12773783691227436,0.012807176278467856,0.00772306218277663,0.015656014391803554,0.009225004352629185,0.5996056795120239,0.36367175821214914
1809,0.0006818644964221895,0.00015438697664649226,0.00012058091124345083,5.664243190039997e-07,0.00028961123462067917,0.1275257058441639,0.012796537870787755,0.007715906947851181,0.015684135462060763,0.009232933633029461,0.6017616391181946,0.36464367248117924
1810,0.0006809006171167029,0.0001458308870496694,0.00011116216592199635,5.56439161414346e-07,0.0002845057679223828,0.12757625430822372,0.012799073521955553,0.007718766923062503,0.015681857868327882,0.009222344495356083,0.6015868932008743,0.364581573754549
1811,0.0006799370774426244,0.0001494437237852253,0.00011121940588054713,5.913213101393922e-07,0.0003023409590241499,0.12771116569638252,0.01280583914842209,0.007717664469964802,0.015677995629990865,0.009230236522853374,0.6012905985116959,0.3645008821040392
1812,0.0006789738784565937,0.00016226910520344973,0.000129630241644918,5.727089700258148e-07,0.00029282455216161907,0.12775870598852634,0.012808222704793997,0.0077313766814768314,0.015657533316946318,0.00922303763218224,0.5997220426797867,0.3637403743341565
1813,0.0006780110212148774,0.00015332917973864824,0.00012526190585049335,5.194596397473106e-07,0.00026559824982541613,0.12739454954862595,0.012789955482707158,0.007720949128270149,0.01566718493540072,0.009226651396602392,0.6004616618156433,0.36392810568213463
1814,0.0006770485067733653,0.00016999957733787596,0.00012849216545873787,6.572090853751433e-07,0.00033602919575059786,0.12790085561573505,0.012815346158660274,0.007727331132628024,0.015687729390560682,0.009235632605850697,0.6020374745130539,0.3649691650643945
1815,0.0006760863361875731,0.0001529392866359558,0.00011719928806996904,5.787224921505185e-07,0.00029589926271000877,0.12760099954903126,0.01280031472766685,0.007719941437244415,0.015716128899127758,0.009251069743186235,0.6042191535234451,0.3659100765362382
1816,0.000675124510512639,0.00016242086348938756,0.0001231376882060431,6.249858728324398e-07,0.00031955357553670183,0.1278755459934473,0.012814078160429836,0.0077186941634863615,0.015680331439077256,0.009223671164363623,0.6014697700738907,0.364672658033669
1817,0.0006741630308033223,0.00017395011309417896,0.00014248642946768086,5.863610681444698e-07,0.0002998048366862349,0.12759521044790745,0.012800024545859308,0.007720269146375358,0.01568425329362989,0.00923465471714735,0.6017706841230392,0.36468294728547335
1818,0.0006732018981140036,0.0001695008686510846,0.0001303695753449574,6.376447316824851e-07,0.0003260260200477205,0.1281077191233635,0.01282570546016513,0.007749816752038896,0.015650464659060156,0.009218520484864712,0.5991806983947754,0.36364420875906944
1819,0.0006722411134986834,0.000169189072039444,0.0001230143188877264,6.921376467516893e-07,0.0003538880846463144,0.12753750570118427,0.0127971297571861,0.007724577561020851,0.015689132436594637,0.00923058739863336,0.6021451652050018,0.36484133545309305
1820,0.0006712806780109784,0.00015799578977748752,0.00011521658962010406,6.43681502765503e-07,0.00032911258313106373,0.1278250403702259,0.012811547324714952,0.007723097340203822,0.015669118492661907,0.009220689535140991,0.6006098836660385,0.3642174620181322
1821,0.000670320592704125,0.00014938686581444927,0.00011401855226722546,5.688670086101411e-07,0.00029086010181345046,0.12762844748795033,0.012801691367393918,0.007723104790784419,0.015676033230331208,0.009228796465322375,0.6011400818824768,0.36438426468521357
1822,0.0006693608586309743,0.00014530414046021178,0.00010763557111204136,5.788773336234954e-07,0.00029597840330097824,0.12781285867094994,0.01281093693616978,0.007727120188064873,0.015664658471195077,0.009217967046424747,0.6002679765224457,0.3640404175966978
1823,0.0006684014768439918,0.00016248691827058792,0.00011504693429742474,6.889277415211836e-07,0.00035224686871515587,0.12769154831767082,0.012804855599732452,0.007728999480605125,0.015699417879854138,0.009246454341337085,0.6029348969459534,0.3653132226318121
1824,0.0006674424483952581,0.00016238592070294544,0.0001107017324102344,7.219336595198911e-07,0.0003691226738737896,0.12832212448120117,0.012836433626016032,0.007740347413346171,0.01566541312073994,0.00922957411967218,0.6003258526325226,0.3643239885568619
1825,0.0006664837743364649,0.000170115839864593,0.00011356536015227903,7.751219186502567e-07,0.0003963177514378913,0.12736870348453522,0.012788657942449388,0.0077124182134866714,0.015711268212461046,0.009241315070539713,0.603845477104187,0.3656070902943611
1826,0.0006655254557189159,0.00017048041263478808,0.0001072731120075332,8.279128280719306e-07,0.00042330959695391357,0.12765340320765972,0.012802943259160265,0.007721994537860155,0.015622589551248473,0.009212578181177378,0.5970481634140015,0.3623507833108306
1827,0.0006645674935935253,0.00025883190755848773,0.00012069680269632954,1.586889453619733e-06,0.0008113722869893536,0.12781120277941227,0.012810853873373041,0.007733492646366358,0.015843091157168875,0.009315175702795386,0.6140209138393402,0.37091605830937624
1828,0.0006636098890108157,0.0002770104110823013,0.00012108207192795817,1.7616438725553962e-06,0.0009007237458718009,0.12773432210087776,0.012807000871551583,0.00773241906426847,0.015606799272606614,0.009201149921864271,0.5958418995141983,0.36178811080753803
1829,0.0006626526430209179,0.00024230797498603351,0.0001421369524905458,1.2575698633554566e-06,0.0006429920613300055,0.1278575398027897,0.012813175453195456,0.007730380166321993,0.015791664217481415,0.00928375287912786,0.610041156411171,0.3689493481069803
1830,0.00066169575667357,0.00026249754955642857,0.00012891784535895567,1.5584212178509915e-06,0.0007968163699842989,0.12756976298987865,0.012798748065688124,0.007716033607721329,0.015614363819304708,0.009202444460242987,0.596419632434845,0.3619946977123618
1831,0.0006607392310181147,0.0002277513121953234,0.00013030701302341186,1.2077681219579972e-06,0.0006175284797791392,0.12773248367011547,0.012806908125061333,0.007727688876911998,0.01575061500375171,0.009264825377613306,0.6068737506866455,0.3673031171783805
1832,0.0006597830671034999,0.0002081361562886741,0.0001373426384816412,9.609091904394518e-07,0.0004913102020509541,0.12783629819750786,0.012812111400671298,0.007722081616520882,0.015660536925319605,0.009222851134836674,0.5999522060155869,0.36389425210654736
1833,0.0006588272659782761,0.00019260749104432762,0.00013476940512191504,8.29184457984411e-07,0.00042395979835418984,0.12745734117925167,0.012793107261799663,0.007719341665506363,0.015697935684075896,0.009242091793566942,0.602821096777916,0.3651392189785838
1834,0.0006578718286905971,0.00017733070490066893,0.00012489532491599675,7.570395155198639e-07,0.00038707221392542124,0.12752349115908146,0.012796426284910237,0.007717160857282579,0.015677861856275174,0.009219537023454905,0.6012803316116333,0.3644019113853574
1835,0.0006569167562882167,0.0001673217411735095,0.00011955838272115216,7.009134606050793e-07,0.0003583751604310237,0.12762263044714928,0.012801399795862006,0.007719200570136309,0.015651157815001943,0.009217197773978114,0.5992337763309479,0.3634282033890486
1836,0.0006559620498184888,0.00014789215128985234,0.00011024965715478174,5.837350300907929e-07,0.00029846210236428306,0.12781996093690395,0.012811292467251387,0.007731997291557491,0.015686216520307415,0.00924259121529758,0.601921334862709,0.3648706478998065
1837,0.0006550077103283663,0.00014818856288911775,0.00011342641118972097,5.617811211777735e-07,0.00028723714785883203,0.12781298905611038,0.012810943467580532,0.007729163859039545,0.01566415554484091,0.009218500694260001,0.6002294272184372,0.3640212081372738
1838,0.0006540537388643995,0.00015771888502058573,0.00011777980580518488,6.209209288954298e-07,0.0003174751764163375,0.12743321061134338,0.012791896213869594,0.007716819876804948,0.015681684109501253,0.009228003211319447,0.6015735268592834,0.3645033687353134
1839,0.0006531001364727347,0.00014988389739301056,0.0001136793835030403,5.763807280345645e-07,0.0002947019165731035,0.1278472002595663,0.012812657847755085,0.007721615838818252,0.015657341861957597,0.009219091618433595,0.5997073948383331,0.3637772975489497
1840,0.0006521469041991144,0.00016742142179282382,0.000132125223899493,6.035748469912505e-07,0.0003086061842623167,0.12753643654286861,0.012797076170135414,0.007723212009295821,0.015679213231587646,0.009228486334905028,0.6013840138912201,0.36446022521704435
1841,0.0006511940430888744,0.00016692302597220987,0.0001366922242596047,5.6297236028513e-07,0.0002878462109947577,0.12783056311309338,0.01281182404164629,0.007735415478236973,0.01567572224987561,0.009239273145794868,0.6011162251234055,0.3644733941182494
1842,0.0006502415541869434,0.00018690741126192734,0.0001510005495219957,6.464632491542943e-07,0.00033053485094569623,0.12784679606556892,0.012812637404324362,0.007719278568401933,0.01572193208779365,0.009253984084352851,0.6046654880046844,0.3662561420351267
1843,0.0006492894385378429,0.00019065792002948,0.0001428779669367941,7.466844493819735e-07,0.000381777725124266,0.12733181565999985,0.012786805914101671,0.007708332501351833,0.015643624664617828,0.009200378321111202,0.5986570566892624,0.3629944361746311
1844,0.0006483376971856839,0.00018871591237257235,0.00014007386380399112,7.496305585164009e-07,0.0003832840593531728,0.12800400517880917,0.012820512951386776,0.007742611225694418,0.015681056450598568,0.009244811721146107,0.6015253812074661,0.36476469319313765
1845,0.0006473863311741677,0.00021279609791235998,0.00016834852067404427,7.639125101377431e-07,0.0003905863777617924,0.12731484323740005,0.012785953777166997,0.007711474667303264,0.01568515590511601,0.00922720367088914,0.6018399894237518,0.36457741633057594
1846,0.0006464353415465841,0.00019684054859681055,0.00014516988449031487,7.892144253673905e-07,0.00040352319774683565,0.12791196256875992,0.012815902403078514,0.0077295443043112755,0.01568468112148154,0.009234412806108594,0.6018035113811493,0.3648577369749546
1847,0.0006454847293458092,0.00021127953368704766,0.00015152280866459478,8.807135998267768e-07,0.00045030641194898635,0.12778250128030777,0.012809415026677243,0.0077240337850525975,0.01569218030465567,0.009240060346201062,0.6023791134357452,0.3650808073580265
1848,0.0006445344956143061,0.00018905396791524254,0.00013091221990180202,8.246102254361176e-07,0.0004216209563310258,0.1275385208427906,0.012797180927635137,0.0077145061222836375,0.015671489285203094,0.009226415306329727,0.6007916480302811,0.36416508443653584
1849,0.0006435846413941231,0.00017470573584432714,0.00011925557919312268,7.754908608603728e-07,0.0003965063515352085,0.1278680246323347,0.012813701413169063,0.007734293583780527,0.015712677028692227,0.009249396156519651,0.6039537787437439,0.3659109016880393
1850,0.0006426351677268911,0.00017414391186321154,0.00011934309804928489,7.693121517604595e-07,0.00039334717439487576,0.12739487551152706,0.012789972122454033,0.007720268797129393,0.015643001641532574,0.009215549100190401,0.5986093580722809,0.363002116791904
1851,0.0006416860756538246,0.00017951560221263207,0.00012062048335792497,8.118487642150285e-07,0.0004150960667175241,0.12776494398713112,0.012808535281091075,0.007726826122961938,0.015718140915374185,0.0092507628723979,0.6043739020824432,0.3660694230347872
1852,0.0006407373662157198,0.00019385894120205194,0.00012804061407223344,8.940635325416224e-07,0.0004571322206174955,0.12787269614636898,0.012813934929637677,0.007731232326477766,0.015708631769395177,0.009246595203876495,0.6036428362131119,0.36575776617974043
1853,0.0006397890404529523,0.000186389843293,0.00014025720520294271,7.254495386632698e-07,0.00037092037382535636,0.1275940090417862,0.012799964576026926,0.0077171268640086055,0.015680601495286384,0.009227009490132332,0.6014905422925949,0.36454227566719055
1854,0.0006388410994054781,0.0001645906850171741,0.00012463990424294025,6.344523484358433e-07,0.0003243937826482579,0.12772773206233978,0.012806670077396439,0.007721569272689521,0.015660808135910913,0.009226845111697912,0.5999729335308075,0.36385033279657364
1855,0.0006378935441128304,0.00017201784066855907,0.0001388413984386716,5.959811630873446e-07,0.00030472355138044804,0.1277702897787094,0.012808803542443823,0.007729387725703418,0.015676110626373897,0.00922241318039596,0.6011460274457932,0.3644581586122513
1856,0.0006369463756141198,0.00017011510499287397,0.00013298624253366143,6.231805400602752e-07,0.0003186305330018513,0.12781203165650368,0.012810895333844887,0.007728078402578831,0.015663234535786382,0.009219987783581018,0.6001589000225067,0.3639854658395052
1857,0.0006359995949480333,0.00016584982222411782,0.00011586876644287258,7.153843029072959e-07,0.0003657740162452683,0.12764166668057442,0.012802354483183969,0.0077218812657520175,0.015681893130231262,0.009235011413693428,0.601589560508728,0.3646156135946512
1858,0.000635053203152831,0.00016137249986059032,0.000119032692964538,6.46848178575965e-07,0.0003307317165308632,0.12772100418806076,0.012806332740937761,0.007724161143414676,0.015627200560284916,0.009201738983392715,0.5974006801843643,0.36256084218621254
1859,0.0006341072012663482,0.0001664600604271982,0.0001192170093418099,6.951577660174735e-07,0.00035543226113077253,0.12767689116299152,0.012804121156079665,0.007722469628788531,0.01572814752125813,0.009258655132725835,0.6051436364650726,0.3664102638140321
1860,0.0006331615903259922,0.00017364211817039177,0.00012352767589618452,7.316679386804026e-07,0.0003740998654393479,0.12778471782803535,0.012809526357404849,0.00773105735424906,0.01564208868998563,0.009215650847181678,0.5985394716262817,0.36316209472715855
1861,0.0006322163713687405,0.00018883991288021207,0.00011681207615765743,9.328256140861413e-07,0.000476951252494473,0.12766472063958645,0.012803510413502821,0.00772110209800303,0.015693115726419547,0.009243560954928398,0.602450966835022,0.3650578437373042
1862,0.000631271545431142,0.00015457935660379007,0.00011434763291617855,6.170701283281232e-07,0.0003155062295263633,0.12783799692988396,0.012812196442941268,0.007722471607849002,0.015640020601273192,0.009208916686475277,0.5983812361955643,0.3631096165627241
1863,0.0006303271135493146,0.00014515803923131898,0.00010365213529439643,6.086120691861652e-07,0.00031118164042709395,0.1275062933564186,0.012795563842508817,0.007718876586295664,0.015706542679048485,0.009239321341738105,0.6034823358058929,0.3654943145811558
1864,0.0006293830767589429,0.00015025791071821004,0.00010059788291982841,6.823780154263659e-07,0.0003488980364636518,0.12761453911662102,0.01280099411389606,0.007726417272351682,0.01567648483723202,0.00923281884752214,0.6011747270822525,0.36439463309943676
1865,0.0006284394360952797,0.0001473404590797145,0.00011181993977515958,5.66055206263627e-07,0.0002894225181080401,0.12751121632754803,0.01279581076825173,0.007724511087872088,0.015696126779948125,0.009238322032615542,0.6026821732521057,0.36509669478982687
1866,0.000627496192593142,0.00013152291649021208,0.00010289216515957378,4.812189331460104e-07,0.0002460459108988289,0.12795748375356197,0.01281818248320519,0.0077293741051107645,0.015666401228204882,0.009227144066244364,0.6004015803337097,0.36417953204363585
1867,0.0006265533472869123,0.0001372734914184548,0.00010765658225864172,5.001808034421629e-07,0.00025574110622983426,0.12762527354061604,0.012801532225860467,0.00771593872923404,0.015715151441935672,0.009243940701708198,0.6041440069675446,0.3658846402540803
1868,0.0006256109012105364,0.00014122929496807046,0.00010465130435477477,5.623757886041858e-07,0.000287541224679444,0.12760794535279274,0.012800663022413372,0.0077190002193674445,0.01568291986641502,0.00923977605998516,0.6016683727502823,0.3646381590515375
1869,0.0006246688553975214,0.00014220232878869865,0.00010977180681948084,5.31832256456255e-07,0.00027192439301870763,0.12781156972050667,0.0128108724738068,0.007734340848401189,0.015665303159451485,0.00922611658461392,0.6003174036741257,0.36406448669731617
1870,0.0006237272108809361,0.00014983470464358106,0.00011910761531908065,5.334333437190253e-07,0.00027274302192381583,0.1276143379509449,0.012800983740773545,0.007731815101578832,0.01568818495079002,0.00924188643693924,0.6020724475383759,0.3648433927446604
1871,0.00062278596869341,0.00015496572450501844,0.00011549859300430398,6.11844171771736e-07,0.00031283424323191866,0.12778573110699654,0.012809576910323965,0.007721148431301117,0.015672767395672634,0.009225466754287481,0.6008896380662918,0.3643376845866442
1872,0.0006218451298671295,0.00015907938723103143,0.00012351666737231426,5.893444239291057e-07,0.0003013302484760061,0.12778756767511368,0.01280966906948617,0.007721776608377695,0.015670644272987623,0.009226165246218443,0.6007268577814102,0.36425721272826195
1873,0.0006209046954338401,0.00016094336024252698,0.00012319772031332832,6.10067502293532e-07,0.00031192588357953355,0.12812238186597824,0.012826439376975838,0.0077365918550640345,0.01567289424929854,0.009222534485161304,0.6008993685245514,0.3645108751952648
1874,0.000619964666424844,0.00016718398183002137,0.0001303549543081317,6.151022375888715e-07,0.0003145001028315164,0.1275688111782074,0.012798700170333606,0.007733544101938605,0.015679971820925336,0.00923429406248033,0.6014422178268433,0.36450551450252533
1875,0.0006190250438709974,0.00017460883827880025,0.00014323122013593093,5.869760713039796e-07,0.00030011925991857424,0.127681327983737,0.012804343198323073,0.007720694993622601,0.01568788221167947,0.009225125890225172,0.6020491868257523,0.3648652574047446
1876,0.0006180858288027121,0.00016826836872496642,0.00011765654926421121,7.250491620425237e-07,0.00037071562837809324,0.12765711545944214,0.012803129093059905,0.007718364940956235,0.015666849513519737,0.009224026696756482,0.6004359573125839,0.36404653638601303
1877,0.0006171470222499526,0.000165150089742383,0.00010537084926909301,7.906691337211669e-07,0.00040426704072160646,0.1278593111783266,0.012813264321362603,0.007723064278252423,0.015722380872278483,0.009252755669876933,0.604699969291687,0.3662796402350068
1878,0.0006162086252422351,0.00016210643661906943,0.00011760900088120252,6.651634123500116e-07,0.0003400961868464947,0.1275680512189865,0.012798661939194987,0.007719971355982125,0.015693143892529838,0.009239746956154704,0.6024530827999115,0.365010567009449
1879,0.0006152706388086272,0.00016886728917597793,0.0001174195458588656,7.327601423412489e-07,0.0003746582369785756,0.12767988815903664,0.012804271173525932,0.007728299126029015,0.01568065021627217,0.009242735337466002,0.601494237780571,0.3645870629698038
1880,0.0006143330639777462,0.00017037313591572456,0.00011776619612646755,7.447739562849165e-07,0.0003808008841588162,0.12761037983000278,0.012800785513050078,0.00772096635773778,0.015683072734399423,0.009233723161742091,0.601680114865303,0.3646452473476529
1881,0.0006133959017777575,0.00015259966676239856,0.0001116440434998367,6.188614207758292e-07,0.0003164221561746672,0.1278795562684536,0.012814279021529729,0.007727284217253327,0.01570242888331229,0.009250218514353037,0.6031662076711655,0.36552288196980953
1882,0.0006124591532363746,0.00015705900295870379,0.00011544592052814551,6.327264259198273e-07,0.00032351130357710645,0.12764321826398373,0.0128024322020274,0.007724476978182793,0.015697131147267826,0.009244945831596851,0.6027593016624451,0.3652012599632144
1883,0.0006115228193808572,0.00016456040611956269,0.00012123688065912575,6.607791220858417e-07,0.0003378544861334376,0.12741605378687382,0.012791034888107245,0.007712376420386136,0.015700222647054334,0.009242576081305742,0.6029967367649078,0.3652063952758908
1884,0.0006105869012380098,0.00016212471382459626,0.00011561614701349754,6.809324730738808e-07,0.0003481589592411183,0.12785157933831215,0.01281287747060958,0.007728901691734791,0.01567288473241072,0.009233183693140745,0.6008986383676529,0.3643751088529825
1885,0.0006096513998341817,0.00015678257477702573,0.00011139510752400383,6.617136989461869e-07,0.00033833245106507093,0.12792414240539074,0.0128165125551425,0.007733423612080514,0.015673367184920226,0.009229766903445125,0.600935623049736,0.3644298827275634
1886,0.0006087163161952649,0.0001536732706881594,0.00011183100286871195,6.278975916984564e-07,0.00032104232377605513,0.12762550823390484,0.012801544303635504,0.0077196150086820126,0.01570286640971751,0.009237508289515972,0.6031997948884964,0.3654126515612006
1887,0.0006077816513466932,0.0001675193379924167,0.00010045796807389706,8.522729331161827e-07,0.0004357648140285164,0.12747712805867195,0.012794100670615205,0.0077190803131088614,0.015677118248526207,0.009228943148627877,0.6012233197689056,0.3643502239137888
1888,0.0006068474063134411,0.00014737218953086995,0.0001004494697554037,6.553194396019535e-07,0.0003350630577187985,0.1278094481676817,0.012810766124397644,0.007726593408733606,0.015671070034837576,0.009227023925632238,0.6007594764232635,0.3642844622954726
1889,0.0006059135821200231,0.00013160345770302229,9.024567953019869e-05,5.809430092540424e-07,0.00029703455948038027,0.12748500891029835,0.012794495624094078,0.007716517895460129,0.01567964978167064,0.009231503354385495,0.6014174818992615,0.3644512454047799
1890,0.0006049801797904917,0.0001310760526394006,9.363038225274067e-05,5.49306093944324e-07,0.0002808587232721038,0.12782229855656624,0.012811409602926916,0.0077249533496797085,0.01568990260346512,0.009236281737685204,0.6022042781114578,0.36501328833401203
1891,0.000604047200348437,0.00012630716810235754,9.207977018377278e-05,5.148018615841465e-07,0.00026321675977669656,0.1275364924222231,0.01279707872867344,0.007714822888374329,0.01569489646697896,0.00924469088204205,0.6025876700878143,0.3650620812550187
1892,0.0006031146448169854,0.00012530970343505032,9.26444827200612e-05,5.006296532883425e-07,0.0002559705753810704,0.12789643183350563,0.012815124165119679,0.007729623233899474,0.015667003002720607,0.009228498209267855,0.6004476696252823,0.36417205072939396
1893,0.0006021825142187984,0.0001298767947446322,9.278746256313752e-05,5.441728774258081e-07,0.0002782341107376851,0.1278267279267311,0.012811631944790637,0.0077327064936980605,0.015682820466630266,0.009237185819074512,0.6016607582569122,0.36474374309182167
1894,0.0006012508095760713,0.0001271893343073316,9.448327728023287e-05,5.046254187845989e-07,0.000258013533311896,0.12785706482827663,0.012813151887411958,0.0077219256199896336,0.0157046777806493,0.009239730658009648,0.6033390164375305,0.3655980406329036
1895,0.000600319531910533,0.00013746036711381748,9.950545972969849e-05,5.657765314026619e-07,0.0002892799711844418,0.12758256122469902,0.012799390016685449,0.007719018729403615,0.015631512080226173,0.00920926034450531,0.597730353474617,0.362656457349658
1896,0.0005993886822434431,0.00014086436567595229,9.562788727635052e-05,6.293994943007419e-07,0.0003218102610844653,0.1276981607079506,0.012805187293066591,0.007724474184215069,0.015688975801614255,0.009236247045919299,0.602133110165596,0.3649156354367733
1897,0.0005984582615955925,0.0001447596114303451,0.00010104694410983939,6.250966464449448e-07,0.00031961026252247393,0.12788422405719757,0.012814512385525084,0.007734767394140363,0.0156497651959392,0.009226055582985282,0.5991271287202835,0.36350567638874054
1898,0.000597528270987302,0.00015876199540798552,0.00010372808719694149,7.410515650008165e-07,0.0003788975955103524,0.12767655588686466,0.012804103682342376,0.0077264620922505856,0.01575911093002734,0.009273192612454295,0.6075286716222763,0.3676026137545705
1899,0.0005965987114384195,0.00017201520677190274,9.789292198547628e-05,9.163053391603171e-07,0.000468504338641651,0.12770349718630314,0.012805454772268255,0.007717606844380498,0.01560560644320888,0.009200700325891376,0.5957508236169815,0.3617271604016423
1900,0.0005956695839683215,0.00020731404947582632,0.00012111716205254197,1.0798055285476948e-06,0.0005521015918930061,0.12751246243715286,0.012795873316330622,0.007731423946097493,0.015752249751207023,0.00927263405174017,0.6069997549057007,0.3672561086714268
1901,0.0005947408895959105,0.00021168621606193483,0.00011695325520122424,1.1551363456874242e-06,0.0005906180376769044,0.1277637593448162,0.012808475919164368,0.007735917577520013,0.015624322913817993,0.009213093435391784,0.5971806645393372,0.3624722119420767
1902,0.0005938126293396131,0.00023229508224176243,0.00010850706348719541,1.4227478857264941e-06,0.0007274471427081153,0.12762504257261753,0.012801520574349043,0.0077230073511600494,0.015792201899759082,0.009285313310101628,0.6100826859474182,0.36885386426001787
1903,0.0005928848042173806,0.0002973550435854122,0.00012019664063700475,1.967521953361029e-06,0.0010059886262752116,0.12789786979556084,0.012815196696680265,0.007728446857072413,0.015572245699624732,0.009190613869577646,0.5932064056396484,0.36055213771760464
1904,0.0005919574152466877,0.0002601209343993105,0.00011495614489831496,1.6444058275055795e-06,0.0008407800996792503,0.1276596263051033,0.012803255111914267,0.007730918237939477,0.015738268428109586,0.009255687473341823,0.6059226989746094,0.36679116263985634
1905,0.0005910304634445292,0.0002121515826729592,0.00012587329911184497,1.0899034919020778e-06,0.0005572646914515644,0.1273561269044876,0.012788026974282841,0.007716904394328594,0.015635173133592795,0.009210068034008145,0.5980103760957718,0.3626832515001297
1906,0.0005901039498274218,0.00018578566596261226,0.00011888825429196004,8.867157390568536e-07,0.0004533753017312847,0.12742222286760807,0.012791345182526104,0.007715052459388971,0.01572768282524833,0.00925788888707757,0.6051078885793686,0.36626505572348833
1907,0.0005891778754114017,0.0001942220696946606,0.00012290524682612158,9.377898493312387e-07,0.00047948933206498623,0.12770616449415684,0.012805588580797217,0.007723103743046522,0.015596878554466636,0.009202760877087712,0.5950846374034882,0.3613954009488225
1908,0.0005882522412120223,0.00022273424474406056,0.00012783928468707018,1.178011501679066e-06,0.0006023140595061705,0.1279133465141058,0.012815971665811825,0.0077371494844555855,0.01575334072024633,0.009277666453272104,0.6070838272571564,0.3674985868856311
1909,0.0005873270482443557,0.00019805588817689568,0.00011559917220438365,1.0324381918280778e-06,0.000527882766618859,0.12774819694459438,0.012807695951739521,0.00772682880051434,0.015629765316611838,0.009216746082529426,0.5975967794656754,0.36267248820513487
1910,0.0005864022975229886,0.000180639726750087,0.00011286391782050487,8.835231000148269e-07,0.00045174294064054266,0.12739123404026031,0.012789789368491735,0.007716756546869874,0.015729753380907582,0.009254327276721597,0.6052672564983368,0.36632924526929855
1911,0.0005854779900620244,0.00017560043488629162,0.00011539539627847262,8.144392324993532e-07,0.00041642058204161003,0.12764021940529346,0.01280228187886559,0.0077225115383043885,0.01564319071387072,0.009218400344252586,0.5986239016056061,0.36313206050544977
1912,0.000584554126875079,0.00016618516383459792,0.00011832494419650175,6.994483499056514e-07,0.00035762601328315213,0.12766707688570023,0.012803628614851442,0.007727002026513219,0.015668014345176135,0.009228714043274522,0.6005252152681351,0.36409614607691765
1913,0.0005836307089752815,0.0001444803419872187,0.00010342957284592558,6.037259439040099e-07,0.0003086834076384548,0.1279256623238325,0.012816588626961774,0.00773226679302752,0.01568190936923905,0.009229696355760098,0.6015908122062683,0.3647582372650504
1914,0.0005827077373752736,0.00014715833458467387,0.00011009593436028808,5.777616109980954e-07,0.00029540791001636535,0.12760057672858238,0.012800293553996433,0.007720340741798282,0.015670167656714393,0.009225200861692429,0.6006902754306793,0.36414542607963085
1915,0.0005817852130872063,0.00013961260810901877,0.00010434887371957302,5.489322205676217e-07,0.0002806675292958971,0.12764422222971916,0.012802482782959073,0.007722741109319031,0.015667424683919306,0.009226238820701838,0.6004799902439117,0.36406210623681545
1916,0.0005808631371227408,0.00013875794320483692,9.065590893442277e-05,6.476976750491303e-07,0.0003311660693725571,0.1278092823922634,0.012810757605047636,0.007724605267867446,0.015651237542237934,0.009210512973368168,0.5992398858070374,0.3635245840996504
1917,0.0005799415104930463,0.00015556512153125368,9.00695267773699e-05,8.166433786982452e-07,0.00041754747508093715,0.12743953056633472,0.012792213312759879,0.007718204171396792,0.01568842658133786,0.009229789255186915,0.6020910143852234,0.36476527247577906
1918,0.0005790203342087995,0.0001463744447391946,9.816724195843562e-05,6.634168698838039e-07,0.000339203244948294,0.12775200605392456,0.0128078865453971,0.007723383256234229,0.01564502294599063,0.009218120714649558,0.5987640619277954,0.36325803399086
1919,0.0005780996092801827,0.00014491557885776274,8.807619269646239e-05,7.280952587507272e-07,0.0003722731053130701,0.12746756710112095,0.012793619971043757,0.007717694505117834,0.01567636752744052,0.009226072346791625,0.6011657416820526,0.3643166543915868
1920,0.0005771793367168848,0.00012575376422319096,8.298670400108676e-05,5.805272849102039e-07,0.0002968219923786819,0.12778625637292862,0.012809603606728844,0.0077310086926445365,0.01568163481175324,0.009241515770554543,0.6015697419643402,0.3646779991686344
1921,0.000576259517528096,0.00013138227950548753,8.656075806356966e-05,6.076079870354079e-07,0.0003106683579972014,0.12754221074283123,0.012797365708108749,0.0077239039819687605,0.015696435733748744,0.009244648972526193,0.6027058809995651,0.3651240458711982
1922,0.0005753401527225121,0.00010923759873548988,7.868841748859268e-05,4.526414159045089e-07,0.0002314343146281317,0.1276913732290268,0.012804846792340526,0.007723104441538453,0.01569169483703335,0.009236845653504133,0.6023418754339218,0.3650166243314743
1923,0.0005744212433083287,0.00010031045530922711,7.234980876091868e-05,4.1493094471434233e-07,0.00021215304877841845,0.12747911177575588,0.012794199623387395,0.00772068474907428,0.01565924422579694,0.00922113936394453,0.5998531132936478,0.3636661125347018
1924,0.0005735027902932427,9.49670939007774e-05,7.059869494696613e-05,3.763773435139228e-07,0.00019244069335400127,0.12767154537141323,0.01280385265455759,0.007721277768723667,0.015687797452957543,0.009238774189725518,0.6020426750183105,0.3648571101948619
1925,0.0005725847946844501,9.833176045503933e-05,7.107808050932363e-05,4.055301090488683e-07,0.00020734647478093393,0.12765394523739815,0.01280297039562419,0.0077207343420013785,0.015657474881600287,0.009215171914547682,0.5997175723314285,0.36368575878441334
1926,0.0005716672574886469,9.464895265409723e-05,7.181354612839641e-05,3.6376209067157106e-07,0.00018599056056700647,0.12751554511487484,0.012796027837205785,0.007721163448877633,0.0156727880544301,0.009226922178640962,0.6008912026882172,0.364203373901546
1927,0.0005707501797120236,9.163830691250041e-05,6.915817175467964e-05,3.550944285279911e-07,0.00018155884026782587,0.1276678442955017,0.0128036671152955,0.007725364761427045,0.015682032321180917,0.00923282583244145,0.6016002744436264,0.36463405936956406
1928,0.0005698335623602694,8.862250615493394e-05,6.717346877849195e-05,3.4112966318389226e-07,0.0001744186483847443,0.12788313999772072,0.012814458303371636,0.007727168966084719,0.015664520403203607,0.009224047884345055,0.6002574265003204,0.3640702832490206
1929,0.0005689174064385673,9.23476673051482e-05,6.912631033628713e-05,3.622806161729386e-07,0.0001852330897236243,0.12761172652244568,0.012800853152388905,0.007721986388787627,0.01569809871855713,0.009239207953214645,0.6028336137533188,0.36522267013788223
1930,0.0005680017129515947,8.791978143563028e-05,6.638249942625407e-05,3.404456450084581e-07,0.0001740688967402093,0.12767956592142582,0.012804254836484017,0.00772193365264684,0.015666247965325775,0.009226912399753928,0.6003898084163666,0.3640346871688962
1931,0.0005670864829035214,9.247220259567257e-05,7.063580778776668e-05,3.5168933720797213e-07,0.00017981778364628553,0.1276751346886158,0.012804032792708274,0.0077212408650666475,0.015682171742876977,0.009237988153472543,0.6016109585762024,0.3646430466324091
1932,0.0005661717172980103,8.953830365499016e-05,6.581661000382155e-05,3.607002767580525e-07,0.000184425080078654,0.12778567150235176,0.012809574496284611,0.007729566772468388,0.01568612085218807,0.009243014268577099,0.6019140034914017,0.3648498374968767
1933,0.0005652574171382126,8.748579421080649e-05,6.554689389304258e-05,3.42738687209021e-07,0.0001752413772919681,0.12778211571276188,0.012809395572101293,0.007726664072833955,0.015693518624487306,0.009244276909157634,0.6024818569421768,0.36513198632746935
1934,0.0005643435834267723,8.862413051247131e-05,6.780125841032714e-05,3.362342226864712e-07,0.0001719156134640798,0.12795027531683445,0.01281782175061819,0.007734408718533814,0.015668405815052872,0.009231014177203178,0.6005552411079407,0.36425275821238756
1935,0.0005634302171658183,9.15441669349093e-05,6.793118609493831e-05,3.637728411831631e-07,0.00018599608665681444,0.12745244801044464,0.012792861705752605,0.007713145110756159,0.015697722357794444,0.009238651255145669,0.6028046756982803,0.3651285618543625
1936,0.00056251731935697,9.401071474712808e-05,6.927390495548025e-05,3.77388992944816e-07,0.0001929579593706876,0.12782355025410652,0.012811472358811875,0.007721678004600108,0.01567628119801246,0.009225170128047466,0.6011591255664825,0.36449133791029453
1937,0.0005616048910013313,9.499989755568095e-05,7.318652205867693e-05,3.564529222899182e-07,0.0001822533922677394,0.1277721021324396,0.01280889386104213,0.0077265853760764,0.015673341884676485,0.00923060136847198,0.6009336709976196,0.3643528865650296
1938,0.0005606929330994917,9.575762487656903e-05,7.182843546615914e-05,3.7448749878876697e-07,0.0001914743879751768,0.12779157608747482,0.012809870141720466,0.007734771119430661,0.01566304210529257,0.009222025983035564,0.6001441180706024,0.3639678470790386
1939,0.0005597814466515247,0.00010211753215116914,7.579943485325202e-05,4.0561515390891145e-07,0.00020738989769597538,0.1274896375834942,0.012794728069416408,0.007714323932304978,0.01570836126869885,0.009247731883078814,0.6036220490932465,0.3655558433383703
1940,0.0005588704326569878,9.919713738781866e-05,7.318395910260733e-05,3.975178515247535e-07,0.00020324983779573813,0.12792417965829372,0.012816514825949614,0.007724200026132166,0.015680733853611458,0.009239341132342815,0.6015006452798843,0.36471241246908903
1941,0.0005579598921149183,0.00010119974103872664,7.373450898739975e-05,4.127943924459032e-07,0.000211060654692119,0.1276463381946087,0.012802588632857605,0.007729167817160487,0.015721505389349806,0.009257236262783408,0.6046326458454132,0.36613949202001095
1942,0.0005570498260238365,0.00011179179637110792,7.16823196853511e-05,5.324292686736953e-07,0.00027222968492424116,0.1276924591511488,0.012804901483305297,0.007721891510300338,0.015635400575808405,0.009213063400238752,0.5980277955532074,0.3628601273521781
1943,0.0005561402353817412,0.00011175871077284683,6.750931606802624e-05,5.647523835250468e-07,0.0002887562914111186,0.12758850306272507,0.012799687886929383,0.007716947584412992,0.01572521304434835,0.009255708428099751,0.6049178689718246,0.36625318601727486
1944,0.0005552311211861101,0.00012273013635422103,6.750263855792582e-05,6.720945933125222e-07,0.00034364012390142307,0.1279505081474781,0.012817833387311715,0.007733140722848475,0.015662948386024597,0.009222906548529863,0.6001369655132294,0.36404373683035374
1945,0.0005543224844338982,0.00011548553811735474,7.325054502871353e-05,5.562820390991874e-07,0.00028442549955798313,0.1276302207261324,0.012801780599459547,0.007726215524598956,0.015701149827686854,0.009245565393939614,0.6030679494142532,0.3653490850701928
1946,0.0005534143261215371,0.00010783928155433387,7.873555477999616e-05,4.385984340160576e-07,0.00022425417409976944,0.1277995202690363,0.012810268300871633,0.007725282339379191,0.015685923600078464,0.009236292447894812,0.6018988788127899,0.3648491995409131
1947,0.0005525066472449337,0.00010458200267748907,8.320533561345655e-05,3.717771619449195e-07,0.00019008866729564033,0.12764840200543404,0.012802692350701236,0.007721449248492718,0.015698431039463268,0.00924559379927814,0.6028591245412827,0.36525376327335835
1948,0.0005515994487994699,0.00011177807391504757,7.735233157291077e-05,4.879373278754429e-07,0.00024948102145572193,0.1279912181198597,0.012819871916225434,0.007729929173365235,0.015650126786710027,0.009222617605701089,0.5991548001766205,0.3635730091482401
1949,0.0005506927317799987,0.00011073922541982029,7.651670057384763e-05,4.843157555001198e-07,0.0002476293229847215,0.12754571065306664,0.012797541247087445,0.00773645075969398,0.01570342334917896,0.009249874856323004,0.6032426059246063,0.3653941582888365
1950,0.0005497864971808476,0.00011414589062042069,8.464136044494808e-05,4.540684841458642e-07,0.0002321639985893853,0.1279398836195469,0.012817301210643227,0.007733630482107401,0.01567100712310063,0.009232667740434408,0.6007546782493591,0.364347280934453
1951,0.0005488807459958137,0.00012432548828655854,8.73188728292007e-05,5.32668494201971e-07,0.0002723519573919475,0.12773708626627922,0.012807138640748991,0.007722147856839001,0.015711458315671726,0.009250798728317022,0.6038601100444794,0.3657985981553793
1952,0.0005479754792181641,0.0001343075837212382,8.831328341329936e-05,6.225043591712165e-07,0.00031828475766815245,0.12793273106217384,0.01281694300782551,0.0077328087063506246,0.01566414637101698,0.009223050437867641,0.6002287715673447,0.36408075131475925
1953,0.0005470706978406343,0.00011939222167711705,8.807376980257686e-05,4.785201497270464e-07,0.0002446660218993202,0.1277904510498047,0.012809813767973174,0.007731143501587212,0.015672195206905132,0.009234012104570866,0.6008457690477371,0.3643181100487709
1954,0.0005461664028554295,0.0001325333651038818,0.00010802398719533812,4.5095266898442787e-07,0.00023057087310007773,0.12781035341322422,0.012810811134869489,0.0077222599647939205,0.015686175238135966,0.00923341466113925,0.6019181609153748,0.3648642571642995
1955,0.0005452625952542183,0.00012041613990732003,9.325128485215828e-05,4.48028188770877e-07,0.00022907555103302002,0.12756000459194183,0.012798258444490214,0.007721275556832552,0.015670931907260773,0.009234070079401135,0.6007488667964935,0.3641544356942177
1956,0.0005443592760281377,0.00011820234431070276,8.728218199394178e-05,4.7307696604548255e-07,0.00024188297538785264,0.12775219976902008,0.012807896344845306,0.007724672206677496,0.015682220111012717,0.009224906330928206,0.6016147136688232,0.36468345671892166
1957,0.0005434564461677877,0.00010600702808005735,7.652765452803578e-05,4.379536804322015e-07,0.00022392452956410125,0.1278582140803337,0.01281320938216907,0.0077346633188426495,0.015671816831255687,0.009236415615305305,0.6008167713880539,0.3643374927341938
1958,0.0005425541066632317,0.00010300160647602752,7.491185897379182e-05,4.2120427679037675e-07,0.00021536058557103388,0.12786260806024075,0.012813429989287478,0.0077275704825297,0.015684389912195333,0.009229187620803714,0.6017811894416809,0.3648218987509608
1959,0.0005416522585039958,0.0001081290865840856,7.387590267171618e-05,4.794506907046525e-07,0.0002451418185955845,0.1276614349335432,0.012803345753795676,0.00772163993678987,0.015694970640801633,0.009244415210559964,0.6025933474302292,0.3651273911818862
1960,0.000540750902679067,0.00011011439892172348,8.109919508569874e-05,4.4235567742134663e-07,0.00022617521244683303,0.12780729867517948,0.012810658212212238,0.007728672353550792,0.0156973435545534,0.009246402187272906,0.6027756184339523,0.3652914585545659
1961,0.0005398500401768922,0.00013900105659558903,8.096525380096864e-05,7.258873893078999e-07,0.0003711442550411448,0.12789392657577991,0.012814998972693151,0.007726706913672388,0.015670979613645518,0.009233127580955625,0.6007525324821472,0.36432322952896357
1962,0.0005389496719853783,0.00013916982425143942,9.182058602164034e-05,6.426140259918611e-07,0.00032856676261872053,0.1277123149484396,0.012805896960097497,0.0077274617506191134,0.01571291504121434,0.009250412695109844,0.6039720624685287,0.3658421887084842
1963,0.000538049799091889,0.0001412023302691523,9.941488860931713e-05,6.030777655041675e-07,0.0003083520641666837,0.1274100560694933,0.01279073397212298,0.007719190674833953,0.015646159291833692,0.009225526126101613,0.5988510698080063,0.3631305629387498
1964,0.0005371504224832452,0.0001479066559113562,8.889075616025366e-05,7.50972560581431e-07,0.0003839702403638512,0.12783912755548954,0.012812252948177463,0.0077243708074092865,0.015726566827953953,0.009255733573809266,0.6050220131874084,0.366430570371449
1965,0.0005362515431457239,0.00014071908663026989,8.561212962376885e-05,7.063345321967063e-07,0.0003611469073803164,0.12795965373516083,0.01281829132538707,0.007727891206741333,0.01566291807521197,0.009221806656569242,0.6001346111297607,0.3640471324324608
1966,0.0005353531620650562,0.00012393747783789877,8.368078852072358e-05,5.57335681605764e-07,0.0002849642260116525,0.12762978672981262,0.012801758433590478,0.007722467998974025,0.015693629778951904,0.009235418168827891,0.6024903953075409,0.36506009101867676
1967,0.0005344552802264272,0.00012114722267142497,8.711832924745977e-05,5.031568974800393e-07,0.0002572627672634553,0.12772976234555244,0.012806771773718277,0.0077260995749384165,0.015668628015133277,0.009233805350959301,0.6005722731351852,0.36415101774036884
1968,0.0005335578986144742,0.00011806725888163783,8.665929271955974e-05,4.766289976032567e-07,0.00024369910897803493,0.1274768840521574,0.012794088017116444,0.007718894514255226,0.015675757873695902,0.009227210888639092,0.6011189520359039,0.36429791804403067
1969,0.0005326610182132867,0.00010460356679686811,7.709252713539172e-05,4.198100782559777e-07,0.00021464772362378426,0.12760460190474987,0.012800495341915042,0.007724580937065184,0.015658785151821616,0.00923048797994852,0.5998179614543915,0.3637112816795707
1970,0.0005317646400064038,0.00010115023178514093,7.575357449240983e-05,3.9651459360356966e-07,0.00020273684640415013,0.1280126292258501,0.012820944688523777,0.007736966130323708,0.015709103629109152,0.00924659869633615,0.6036791205406189,0.3658458748832345
1971,0.0005308687649768139,0.00010116329031006899,7.466943679901306e-05,4.051237567637145e-07,0.0002071387025353033,0.12757521122694016,0.012799021648476072,0.007725717383436859,0.01565800648419093,0.009233006509020925,0.5997582972049713,0.36366675421595573
1972,0.0005299733941069541,0.00010277424735249951,7.197328159236349e-05,4.4197015824920527e-07,0.00022597809584112838,0.12791569903492928,0.012816089894161862,0.007730760960839689,0.015700938630416515,0.009249328169971704,0.6030517816543579,0.3654837403446436
1973,0.0005290785283787081,0.00010053284131572582,7.248425754369237e-05,4.1605377987252723e-07,0.00021272717276588082,0.1276787631213665,0.012804214491004245,0.007722466252744198,0.01567183261643471,0.009238079190254211,0.6008179783821106,0.36424837075173855
1974,0.0005281841687734057,0.00010588873738015536,7.246722543641226e-05,4.6856260382810433e-07,0.00023957477606018074,0.127981998026371,0.012819410629171833,0.00773229356855154,0.015700699393653424,0.009250213857740164,0.6030333489179611,0.36550767347216606
1975,0.0005272903162718227,0.00010602055954223033,7.593927148263901e-05,4.4268901433497376e-07,0.00022634569177171215,0.12751214765012264,0.012795857395030459,0.007727439980953932,0.015711283147571208,0.009255567332729697,0.6038466095924377,0.3656793786212802
1976,0.0005263969718541773,0.00010814399138325825,7.66654538892908e-05,4.577730763344334e-07,0.00023405813044519164,0.12768584862351418,0.012804570066683117,0.007722871494479477,0.015686752830778843,0.009238077327609062,0.6019624769687653,0.3648241627961397
1977,0.0005255041365001313,9.264470645575784e-05,6.97527066222392e-05,3.6028490768558186e-07,0.00018421269487589598,0.1278976835310459,0.012815187186694726,0.007729397155344486,0.015683670505823387,0.009233834687620401,0.6017259657382965,0.3648118246346712
1978,0.0005246118111887881,9.39283909247024e-05,7.262505096150562e-05,3.50367145074415e-07,0.0001791417453205213,0.12779879197478294,0.0128102320921879,0.007729890872724354,0.015671897614063166,0.009230051888152957,0.600822925567627,0.36431085877120495
1979,0.0005237199968986919,8.758056901569944e-05,6.14839227637276e-05,3.754511936904237e-07,0.00019196714129066095,0.12750520929694176,0.012795509538108074,0.007719111745245755,0.0157056959624753,0.009246991947293282,0.603417232632637,0.3654612209647894
1980,0.0005228286946078261,8.84170840436127e-05,6.106765340518905e-05,3.868880469326541e-07,0.0001978147993213497,0.127736434340477,0.012807106115989633,0.007720102672465146,0.015661211052096044,0.00922544882632792,0.6000038236379623,0.36387012898921967
1981,0.0005219379052936139,8.722979873709846e-05,6.112179107731208e-05,3.7485401094272675e-07,0.00019166182391927578,0.12783534079790115,0.012812063129348725,0.007731145131401718,0.015688607222089854,0.009237709688022733,0.6021048575639725,0.3649700991809368
1982,0.0005210476299329137,9.464459071750753e-05,6.483216202468611e-05,4.183364410437207e-07,0.00021389428366092034,0.12775937654078007,0.012808256504870462,0.007728434051387012,0.01568212024282746,0.00923605216667056,0.6016070246696472,0.36468320060521364
1983,0.0005201578695020225,8.569805504521355e-05,6.401498649211135e-05,3.3724084147479516e-07,0.00017243031470570713,0.1278756633400917,0.012814083696573017,0.007733219885267317,0.015684923849741912,0.00924306153319776,0.6018221378326416,0.36484890058636665
1984,0.0005192686249766715,8.446761421510018e-05,6.0416076848923694e-05,3.5336340431513236e-07,0.00018067376367980614,0.1278797760605812,0.012814289951690068,0.0077309575863182545,0.0156933911262175,0.009244757704436779,0.6024720817804337,0.36517592892050743
1985,0.0005183798973320262,8.530357081326656e-05,6.386338463926222e-05,3.345692505263287e-07,0.00017106432278524153,0.12772832810878754,0.0128066991944426,0.007726050214841962,0.01567745020198248,0.009238560916855931,0.6012487858533859,0.36448855698108673
1986,0.0005174916875426852,8.111694660328794e-05,5.861474437551806e-05,3.3468939619751836e-07,0.00017112574278144166,0.12763993442058563,0.012802267670535933,0.007722332142293453,0.015703888068071326,0.00924979173578322,0.6032783538103104,0.365459144115448
1987,0.0005166039965826806,8.454676935798489e-05,6.287184532993706e-05,3.349254527051926e-07,0.00017124646183219738,0.127845773473382,0.012812586437573796,0.0077274596551433206,0.015690339899514027,0.009247406385838985,0.60223788022995,0.365041826851666
1988,0.0005157168254254726,8.03152252046857e-05,6.093949923524633e-05,3.086622157866259e-07,0.00015781812544446439,0.12782447040081024,0.012811518786610378,0.007731187157332897,0.015711688011001347,0.009248649002984166,0.6038777530193329,0.36585111171007156
1989,0.0005148301750439549,8.271293518191669e-05,5.827259246871108e-05,3.529733092477727e-07,0.00018047430057777092,0.12772252224385738,0.012806408589151662,0.007724916096776724,0.015649884216131706,0.009225488640367985,0.5991362482309341,0.36342938523739576
1990,0.0005139440464104468,8.614844591647852e-05,5.390852220443776e-05,4.20710499327015e-07,0.00021510813530767336,0.1278250366449356,0.012811546756793094,0.00772745453286916,0.015708059497442285,0.009249908151105046,0.6035988926887512,0.3657119646668434
1991,0.0005130584404966981,8.200405682146084e-05,5.7034087149077095e-05,3.557302790113681e-07,0.0001818839373299852,0.12782861292362213,0.01281172636082611,0.007729104603640735,0.01567899628615377,0.009236317360773683,0.6013673543930054,0.36459798365831375
1992,0.000512173358273884,7.556915261375252e-05,5.4880560128367506e-05,3.0965059139020923e-07,0.00015832350982236676,0.12778102792799473,0.012809341326339301,0.007726728916168213,0.01569580147955794,0.009242362575605512,0.6026571840047836,0.3652191059663892
1993,0.0005112888007126054,7.98567161837127e-05,5.7437569921603426e-05,3.3157478185330547e-07,0.00016953330487012863,0.12788177654147148,0.012814390451948173,0.007731709280051291,0.015680324362799623,0.009240892948582768,0.6014692336320877,0.3646755050867796
1994,0.000510404768782888,7.594744602101855e-05,5.2790377594647e-05,3.297019688375258e-07,0.00016857573064044118,0.12783553078770638,0.012812073209551697,0.0077297326643019915,0.015713745741494596,0.009251829935237765,0.6040359735488892,0.36593575216829777
1995,0.0005095212634541824,7.900256969151087e-05,5.0177158300357405e-05,3.800219161576024e-07,0.0001943041934282519,0.12779618427157402,0.012810100746103609,0.007726453593932092,0.01567884477061055,0.009242245461791754,0.6013557612895966,0.3645759727805853
1996,0.0005086382856953587,7.842386276024627e-05,5.076172237750143e-05,3.6978959627731456e-07,0.00018907240882981569,0.12764190696179867,0.012802366560183288,0.00772353820502758,0.01572835615581699,0.009258067701011896,0.6051597148180008,0.36640081088989973
1997,0.0005077558364747117,8.496319242112804e-05,5.1100581913487986e-05,4.3108697411753383e-07,0.00022041362899472006,0.12774908915162086,0.012807740404910287,0.007725601200945675,0.01566811767002608,0.00923354597762227,0.6005331128835678,0.36414110101759434
1998,0.0005068739167599545,7.988592733454425e-05,5.1179299589421134e-05,3.808204240840496e-07,0.0001947124328580685,0.12790980376303196,0.012815794676075264,0.007732208585366607,0.015712696477321517,0.009250672766938806,0.6039552539587021,0.365932528860867
1999,0.0005059925275182205,8.720277037355117e-05,5.5780492402845994e-05,4.16375982581485e-07,0.00021289188953232951,0.12780992686748505,0.01281078997854753,0.007730833720415831,0.015668035010200636,0.009234817465767264,0.6005267798900604,0.36416835337877274
2000,0.0005051116697160611,8.062842061917763e-05,5.742615394410677e-05,3.3921070041742496e-07,0.00017343748550047167,0.1277615875005722,0.01280836699357371,0.007728923344984651,0.015698515393162353,0.009245446184650064,0.6028655767440796,0.3653135821223259
2001,0.0005042313443194445,7.72195853642188e-05,5.5676570809737314e-05,3.195628508478876e-07,0.00016339163630618714,0.12782332487404346,0.012811461284266279,0.007727873511612415,0.015662749100066615,0.009232546901330352,0.6001217067241669,0.36397251579910517
2002,0.0005033515522937553,7.627888044225983e-05,5.491443880600855e-05,3.163261368399617e-07,0.00016173664334928617,0.12777314335107803,0.01280894612056916,0.007726494804956019,0.015707307244236867,0.009250429924577475,0.6035410761833191,0.36565710976719856
2003,0.0005024722946037942,7.678727524762508e-05,5.832698934682412e-05,2.9460040451567693e-07,0.00015062840611790307,0.12774914875626564,0.01280774338738587,0.007726023439317942,0.015671689852840186,0.009230874245986342,0.6008069962263107,0.3642780724912882
2004,0.0005015935722137745,7.931550135253929e-05,5.946471446804935e-05,3.104234167494724e-07,0.00015871864525252022,0.1277225986123085,0.01280641270823656,0.007724631344899535,0.015713747593620066,0.009248471353203058,0.6040360927581787,0.3658793456852436
2005,0.000500715386087323,8.013160186237656e-05,5.5876320402603596e-05,3.4647698043954733e-07,0.00017715270587359555,0.12801448814570904,0.012821037759100606,0.0077380642760545015,0.01566396300953587,0.009232684271410108,0.6002147346735001,0.36411461140960455
2006,0.0004998377371874786,8.140550198731944e-05,5.42593761565513e-05,3.7158427801387006e-07,0.0001899900016724132,0.12791861034929752,0.012816235655584391,0.007734188809990883,0.015717014287448903,0.00925326463766396,0.6042872369289398,0.36610292363911867
2007,0.000498960626476691,8.426600834354758e-05,5.936261732131243e-05,3.5963333999688984e-07,0.00018387955060461536,0.12762226536870003,0.01280138132375764,0.007722339942120016,0.0156577404528079,0.009227550122886896,0.5997379422187805,0.3636801037937403
2008,0.000498084054916819,8.142791193677112e-05,5.6179573221015744e-05,3.567812711935403e-07,0.00018242126316181384,0.12784545123577118,0.012812570111134501,0.007726630894467235,0.015703301143896384,0.009246639208868146,0.6032332479953766,0.3655393496155739
2009,0.0004972080234691318,7.827706758689601e-05,5.758112547482597e-05,3.1500432129405453e-07,0.00016106081966427155,0.12791670486330986,0.012816139995402544,0.007728616939857602,0.01567885985262151,0.009241278981789947,0.6013568639755249,0.3646367844194174
2010,0.0004963325330943047,7.612345871166326e-05,5.5195432651089504e-05,3.126078951254385e-07,0.0001598355629539583,0.12783652357757092,0.012812122616629035,0.007735353312455118,0.015702596968104644,0.009250138886272907,0.603179082274437,0.36550780292600393
2011,0.0004954575847524205,7.474499761883635e-05,5.54928092242335e-05,2.9680133906140327e-07,0.00015175374937825836,0.12789644300937653,0.012815124874823827,0.007727852091193199,0.015683691498158157,0.009243004489690065,0.6017276048660278,0.3648120239377022
2012,0.000494583179402967,7.303617530851625e-05,5.621897435048595e-05,2.7440978556114715e-07,0.00014030497186467983,0.1278635784983635,0.012813478397419842,0.007727647665888071,0.015691984056061963,0.00924420659430325,0.6023640632629395,0.3651138208806515
2013,0.0004937093180048373,7.03654732205905e-05,5.249057085165987e-05,2.774610265987576e-07,0.00014186507905833423,0.1278250887989998,0.0128115494544217,0.0077298281248658895,0.015696147871511267,0.009243869921192527,0.6026837825775146,0.3652544356882572
2014,0.0004928360015163272,7.072558582876809e-05,5.300779321260052e-05,2.76936255261262e-07,0.00014159675629343837,0.12779447063803673,0.012810015121931103,0.007724287337623537,0.015683888778340316,0.00923968548886478,0.6017427295446396,0.36476860009133816
2015,0.000491963230895135,6.845071948191617e-05,5.0974534133274574e-05,2.7059689244879337e-07,0.00013835545178153552,0.12797535583376884,0.012819077601101552,0.007735675200819969,0.015702722769880186,0.009253887692466378,0.603188768029213,0.3655820619314909
2016,0.0004910910070983616,6.961790859350003e-05,5.081578365206951e-05,2.8325283096819476e-07,0.0001448264010832645,0.12775272876024246,0.01280792332879437,0.007726898067630827,0.015676655984957568,0.00923527916893363,0.6011878401041031,0.3644702844321728
2017,0.000490219331082507,7.159645610954612e-05,5.489087470778031e-05,2.7072076136391843e-07,0.00013841878171660937,0.12790783680975437,0.012815695748108666,0.007732411613687873,0.01571987959454959,0.0092576346360147,0.6045075953006744,0.3662077160552144
2018,0.0004893482038034705,7.514338722103275e-05,5.8636032918002456e-05,2.7610705188862994e-07,0.00014117279897618573,0.12773866392672062,0.012807217892873543,0.007726324489340186,0.015674610792432167,0.009240838466212153,0.6010309904813766,0.36438482720404863
2019,0.0004884776262165503,7.567878856207244e-05,5.718124702980276e-05,2.9272391799395336e-07,0.00014966894377721474,0.12779182009398937,0.012809882211634115,0.007726423908025026,0.0157342281298444,0.009259498678147793,0.6056116670370102,0.3667017435654998
2020,0.0004876075992764412,8.267908742709551e-05,5.76851753066876e-05,3.5723788016639446e-07,0.00018265473772771657,0.12785690650343895,0.012813143937499313,0.007730179466307163,0.015652567044453482,0.009225915651768446,0.5993417054414749,0.36359930597245693
2021,0.00048673812393723435,8.052773955569137e-05,5.6718037740211e-05,3.4376579094441695e-07,0.00017576653772266582,0.12782900966703892,0.012811746095819289,0.007733874372206628,0.01572866713644988,0.009262833278626204,0.6051836460828781,0.3665063278749585
2022,0.0004858692011524168,8.688786329003051e-05,6.120099988038419e-05,3.708904330324003e-07,0.00018963529510074295,0.12779835425317287,0.012810209656952117,0.00772983068600297,0.01564781518153771,0.009223033906891942,0.5989778190851212,0.363388086669147
2023,0.00048500083187486784,8.861269634508062e-05,5.5647484259679914e-05,4.312042705123531e-07,0.00022047352831577882,0.12783348001539707,0.012811970135552861,0.007732113939709961,0.015753946447953703,0.009277851087972522,0.6071305274963379,0.3674820037558675
2024,0.0004841330170568617,8.832058483676519e-05,5.418942237156443e-05,4.3975443730914776e-07,0.00022484524015453644,0.12779507786035538,0.012810045793342266,0.007727373158559203,0.01564715535769531,0.00921884342096746,0.5989273339509964,0.3633612059056759
2025,0.00048326575765006343,8.28998217912158e-05,5.464189871418057e-05,3.8320470707731147e-07,0.0001959315086423885,0.12785277515649796,0.012812936954109105,0.007729974924586713,0.01572574270408559,0.009261124534532428,0.6049586087465286,0.3664056919515133
2026,0.00048239905460552935,8.340740350831766e-05,5.313806195772486e-05,3.9993325628984167e-07,0.00020448477152967826,0.1279368232935667,0.012817147797746028,0.007734108716249466,0.015649014325028143,0.009224863722920418,0.5990696549415588,0.36350323911756277
2027,0.00048153290887370526,8.842819624987897e-05,5.47418430869584e-05,4.3648514491678725e-07,0.00022317359980661422,0.12792764976620674,0.012816688257654101,0.007734161103144288,0.015688674469078578,0.009244198445230722,0.6021099835634232,0.36501881666481495
2028,0.0004806673214044271,8.222782707889564e-05,5.556605538004078e-05,3.694033239298733e-07,0.00018887490659835748,0.12787273712456226,0.012813936916993614,0.007728223688900471,0.015685899943574225,0.009238132741302252,0.6018970608711243,0.36488489899784327
2029,0.00047980229314691645,7.701872345933225e-05,5.434157355921343e-05,3.2804263128127786e-07,0.0001677273103268817,0.1277984231710434,0.012810213490824306,0.0077272366033867,0.01572173169831815,0.009259249782189727,0.6046500653028488,0.3662242442369461
2030,0.00047893782504978367,7.970135811774526e-05,5.374322336137993e-05,3.5895736516522447e-07,0.00018353389896219596,0.12763259001076221,0.012801899100954669,0.007720765541307628,0.01567884917919987,0.009239241480827332,0.6013560444116592,0.3644943172112107
2031,0.0004780739180610239,7.604680104122963e-05,5.452415553008905e-05,3.1710975179066736e-07,0.00016213737035286613,0.12803307734429836,0.012821968285847505,0.007739586289972067,0.0157231590126935,0.009265471948310733,0.6047598123550415,0.36639644484966993
2032,0.00047721057312801694,8.70896201377036e-05,5.488067108672112e-05,4.2230897889794505e-07,0.00021592540724668652,0.12782842479646206,0.012811716848264581,0.007729651872068644,0.01564666547048156,0.009219483472406864,0.5988897979259491,0.3633591113612056
2033,0.0004763477911975264,9.482558925810736e-05,5.6888424296630546e-05,4.822523038683357e-07,0.000246574250923004,0.1276967767626047,0.012805118114052483,0.007723528076894581,0.01573964420229856,0.00926542840898037,0.6060286313295364,0.3668627040460706
2034,0.0004754855732156984,0.00010547972669883166,5.727470670535695e-05,5.834175453856005e-07,0.0002982998084917199,0.12789960205554962,0.012815283563684212,0.007730944664217532,0.015661050188849005,0.009235103847458959,0.599991500377655,0.3639455512166023
2035,0.0004746239201280604,0.00013951609071227722,6.830378697486594e-05,8.299776652620494e-07,0.0004243652947479859,0.1278128158301115,0.012810934664373956,0.007732441532425582,0.015712483582979674,0.009252161253243685,0.6039389222860336,0.36587586905807257
2036,0.00047376283287952167,0.00011598644050536677,6.963963096495718e-05,5.8942941194573e-07,0.0003013736641150899,0.12809496745467186,0.01282506681200302,0.007736529340036213,0.015672895177775092,0.009238214464858174,0.6008994430303574,0.3644972052425146
2037,0.00047290231241436866,0.00010173469127039425,6.693622344755568e-05,4.712103134352219e-07,0.00024092854437185451,0.12760128267109394,0.012800329080269162,0.007724264869466424,0.015727665708259057,0.009265410713851452,0.6051065921783447,0.36635393742471933
2038,0.00047204235967626836,0.00011749142140615731,7.141401692933869e-05,5.9026507415183e-07,0.000301801017485559,0.12768392078578472,0.012804473324937251,0.007721989182755351,0.015704195826727437,0.009256910067051649,0.603301927447319,0.3654929241165519
2039,0.00047118297560826437,0.00012959893865627237,7.542994535469916e-05,6.772478684524685e-07,0.000346274915500544,0.12771498784422874,0.012806030764006097,0.00772395427338779,0.01571585181441765,0.009251669049263,0.6041978746652603,0.36595643125474453
2040,0.00047032416115277644,0.00012762684855260886,7.59467529860558e-05,6.539193719845571e-07,0.00033434720535296947,0.12795861437916756,0.012818239245866463,0.007733678678050637,0.015672903534061575,0.009239209350198507,0.6009000837802887,0.3644293490797281
2041,0.00046946591725159967,0.00013245422451291233,7.10085569153307e-05,7.397593577707084e-07,0.00037823688762728125,0.12763063423335552,0.0128018010602277,0.0077243990963324904,0.015709222315517964,0.0092588160187006,0.603688195347786,0.36565941479057074
2042,0.0004686082448459048,0.00012400090781738982,8.258449634013232e-05,5.665324920300918e-07,0.00028966653189854696,0.12765684351325035,0.012803115738114261,0.0077246587025001645,0.015654106522709866,0.009221118409186602,0.5994595587253571,0.3635582011193037
2043,0.00046775114487623327,0.00011197633648407646,7.528282731072977e-05,5.060662573441732e-07,0.00025875034771161154,0.1277199126780033,0.01280627791404649,0.007725135423243046,0.01570543734058484,0.009251225739717484,0.603397399187088,0.36555865593254566
2044,0.00046689461828250184,0.00010230888074147515,7.494430974475108e-05,4.141762275367e-07,0.0002117671574524138,0.12775572203099728,0.01280807315968786,0.007728709140792489,0.0156886661211922,0.009243014734238386,0.602109357714653,0.36493253987282515
2045,0.0004660386660039954,9.764078822627198e-05,7.305863982765004e-05,3.832787385249503e-07,0.00019596937272581272,0.1276364866644144,0.012802094469729696,0.007720055989921093,0.01571213558308073,0.009251498617231846,0.6039121896028519,0.36577433813363314
2046,0.0004651832889793717,9.4536389951827e-05,6.363056672853418e-05,4.2667880251201495e-07,0.00021815968284499831,0.12784716486930847,0.012812655576264393,0.007731819758191705,0.015686634670111485,0.009243082255125046,0.6019534319639206,0.36490029841661453
2047,0.0004643284881466562,9.639084055379499e-05,6.212193693500012e-05,4.56615836696983e-07,0.00023346644593402743,0.1279147006571293,0.012816039508863933,0.007736041094176471,0.01567697588115377,0.009234828874468803,0.6012123823165894,0.3645635414868593
2048,0.0004634742644432428,9.722899812913965e-05,6.18215681242873e-05,4.671620672525023e-07,0.00023885870541562326,0.1276313215494156,0.012801835729787974,0.00772505160421133,0.01570872313180579,0.009256270015612245,0.6036498695611954,0.3656405955553055
2049,0.0004626206188058921,9.129632599069737e-05,6.40913485767669e-05,3.913892072660019e-07,0.0002001162283704616,0.12781724333763123,0.012811156588526024,0.00772743031848222,0.015673645717013997,0.009236878016963601,0.6009569466114044,0.3643870949745178
2050,0.00046176755217073245,8.875748790160287e-05,5.936707748332992e-05,4.035209073549595e-07,0.00020631911684176885,0.1277040671557188,0.01280548360798239,0.0077271751360967755,0.01574867366512622,0.009275618242099881,0.6067241579294205,0.36721411254256964
2051,0.0004609150654732544,9.967830737878103e-05,5.8441100918571465e-05,5.175602524332135e-07,0.00026462712776265107,0.12787875905632973,0.012814238991512267,0.007731956196948886,0.015654905718099445,0.00923449476249516,0.599520817399025,0.36369978822767735
2052,0.00046006315964831527,0.00010391612522653304,5.775358567916555e-05,5.643805778277056e-07,0.0002885662797780242,0.12767097353935242,0.012803824099302568,0.007729023811407387,0.015744468401001882,0.009269603062421083,0.6064002066850662,0.3670355901122093
2053,0.00045921183563013394,0.00010298778943251818,5.995544597681146e-05,5.380766836537987e-07,0.00027511715597938746,0.12791050784289837,0.012815829591645856,0.007732843630947173,0.015654753156035678,0.009230552241206169,0.5995091050863266,0.3637098064646125
2054,0.0004583610943522915,8.972631985670887e-05,5.529993541131262e-05,4.4481337369006724e-07,0.00022743184308637865,0.12784527242183685,0.01281256088313787,0.0077284041326493025,0.015727312492713783,0.009255015291273594,0.6050794124603271,0.366462342441082
2055,0.00045751093674773006,9.482286077400204e-05,5.231182967690984e-05,5.180293243256529e-07,0.000264866972429445,0.12752362713217735,0.012796433534468141,0.0077168382704257965,0.015633989566294887,0.009218116756528616,0.5979198515415192,0.36272173933684826
2056,0.00045666136374875185,0.00011429743972257711,5.955550295766443e-05,6.518031341329333e-07,0.00033326518678222783,0.12776478193700314,0.012808527328313026,0.007727280491963029,0.015718861174259902,0.00925307790748775,0.6044292598962784,0.36609702091664076
2057,0.00045581237628701727,0.00010496947288629599,5.759898249380058e-05,5.758909367159504e-07,0.00029445143445627764,0.1278050448745489,0.012810545329413937,0.007729767705313861,0.01563955735750412,0.009219321422278881,0.5983457863330841,0.3630754156038165
2058,0.00045496397529354597,0.00010952076263492927,5.897902337892447e-05,6.096018481116516e-07,0.000311687690555118,0.12757778353989124,0.012799150265895762,0.007733218837529421,0.015758351879440684,0.009276846190914512,0.6074701100587845,0.36752394679933786
2059,0.0004541161616987132,0.00012238566705491394,7.152073703764472e-05,6.372914214125558e-07,0.0003258453762100544,0.12798803858458996,0.012819712858491912,0.007730604149401188,0.015621046151832789,0.009220059728249907,0.5969302207231522,0.36245912965387106
2060,0.00045326893643225064,0.00014049017045181245,6.342360393318813e-05,8.776819981903827e-07,0.00044875641469843686,0.12752611190080643,0.012796558055645113,0.007719378336332738,0.015726178540867653,0.00926095643080771,0.604992151260376,0.3662591315805912
2061,0.0004524223004232447,0.00010546455814619549,6.28032785243704e-05,5.400178437753311e-07,0.00027610967299551703,0.12780828215181828,0.012810707340767257,0.00773202907294035,0.01567376908193888,0.00923414179123938,0.6009664386510849,0.3643873604014516
2062,0.0004515762546001356,0.00010156425742025021,6.579486944247037e-05,4.784728062645627e-07,0.000244641811150359,0.12776415422558784,0.012808495517151453,0.007738485815934837,0.015738022592889755,0.009270176058635116,0.605903759598732,0.3668339569121599
2063,0.0004507307998907157,0.00011465527859400027,6.478782051999588e-05,6.143687869553105e-07,0.00031412511452799663,0.1279207281768322,0.012816341675752936,0.007733172038570046,0.015624243980609966,0.009213643614202738,0.597174659371376,0.3625476937741041
2064,0.0004498859372221307,0.00010650144395185634,6.25576576567255e-05,5.520793280311409e-07,0.00028227658913237974,0.127814669162035,0.012811027523699966,0.007729565259069204,0.01571681915909209,0.009256378980353475,0.6042722165584564,0.3660434428602457
2065,0.00044904166752087577,8.72451018949505e-05,5.8651396102504805e-05,3.9433007970046674e-07,0.00020161991415079683,0.12777509167790413,0.01280904410660767,0.007729118340648711,0.01566643431885697,0.009229774354025722,0.6004041433334351,0.3640896175056696
2066,0.000448197991712796,7.96762924437644e-05,5.622483149636537e-05,3.3929794795994894e-07,0.00017348212350043468,0.12762529589235783,0.012801533220501194,0.00772402377333492,0.015694621441292536,0.009247794281691313,0.6025665700435638,0.36509593296796083
2067,0.0004473549107230855,7.487294169550296e-05,5.186477574170567e-05,3.26435532826963e-07,0.0001669056000537239,0.12780646421015263,0.012810616325000634,0.007731573656201363,0.015700232494943393,0.009241531603038311,0.6029974818229675,0.3654019730165601
2068,0.0004465124254762857,7.981525232025888e-05,5.575907925958745e-05,3.443004743530764e-07,0.00017603992819203995,0.12778854370117188,0.012809718201834805,0.007726152427494526,0.01567465489017789,0.009240418439731002,0.6010343879461288,0.36441146582365036
2069,0.0004456705368962853,7.955583168950398e-05,5.577670435741311e-05,3.416258067545641e-07,0.00017467233556089923,0.1277539934962988,0.012807986385801065,0.007724998285993934,0.015694547034020612,0.009237942285835743,0.6025608628988266,0.3651574281975627
2070,0.0004448292459063178,7.700834430579562e-05,5.440267250378383e-05,3.2746310552056457e-07,0.00016743102605687454,0.12771882861852646,0.012806223513038955,0.007728030206635594,0.015682500689653614,0.009243970271199942,0.6016362011432648,0.3646775148808956
2071,0.0004439885534289627,7.921786163933575e-05,5.422406320576556e-05,3.5046740265443077e-07,0.0001791930517356377,0.1277644895017147,0.012808512274826772,0.007732094265520573,0.015701947092052672,0.009250447154045105,0.60312919318676,0.3654468413442373
2072,0.000443148460386142,6.864222268632147e-05,5.0623002607608214e-05,2.752196976985033e-07,0.0001407190939062275,0.1276699546724558,0.012803773239536393,0.007725500268861651,0.01569138497842774,0.009246054105460644,0.602318063378334,0.3649940090253949
2073,0.0004423089676991208,6.732387464580825e-05,5.080015580460895e-05,2.6094168248391725e-07,0.00013341874728212133,0.12802452966570854,0.012821540413663134,0.007737450883723795,0.015698877599086704,0.009247343521565199,0.6028934121131897,0.3654589708894491
2074,0.0004414700762885056,6.558378754562e-05,5.100817270431435e-05,2.4229790440699617e-07,0.00012388623872539029,0.12762845680117607,0.01280169221993252,0.007720766589045525,0.01569376202739881,0.009248199872672558,0.6025005728006363,0.3650645148009062
2075,0.0004406317870742438,6.369207494572038e-05,4.934779917675769e-05,2.3678827076878406e-07,0.00012106917529308703,0.1277827601879835,0.012809428091047431,0.007727798423729837,0.015692443317971122,0.00924043101258576,0.6023992896080017,0.3650910248979926
2076,0.00043979410097562193,6.146557825559285e-05,4.713430735137081e-05,2.323318497587934e-07,0.00011879065823450219,0.12795690447092056,0.01281815367605844,0.007734098588116467,0.01569691444947562,0.00925189396366477,0.6027426421642303,0.36534977331757545
2077,0.00043895701891126656,6.256372489588102e-05,4.883757446805248e-05,2.2974569091616104e-07,0.0001174683311546687,0.1279143150895834,0.012816020206274783,0.007734880782663822,0.015690819033074455,0.009239612147212029,0.6022746115922928,0.3650944633409381
2078,0.0004381205417991394,6.00647836108692e-05,4.6575993110309355e-05,2.230012974280271e-07,0.00011401994197512977,0.12756712920963764,0.012798615891129201,0.0077242490369826555,0.015693071564638676,0.009249358903616667,0.6024475544691086,0.3650073418393731
2079,0.0004372846705565413,6.114038023952162e-05,4.702353908214718e-05,2.3001836169100898e-07,0.00011760774395952467,0.12775572389364243,0.012808073017668885,0.007724531344138086,0.01568973820853213,0.009240706684067845,0.6021916568279266,0.36497369036078453
2080,0.00043644940610010715,5.7570905482862145e-05,4.4484620048024226e-05,2.1497483615462443e-07,0.00010991604176524561,0.12793191149830818,0.012816902134601434,0.007729715434834361,0.01569551731424161,0.009248341200873256,0.6026353389024734,0.3652836252003908
2081,0.0004356147493458068,5.752185461460613e-05,4.433693356986623e-05,2.1565054808547757e-07,0.00011026154061255511,0.1278507523238659,0.012812835874585456,0.007735480670817196,0.01569113087357577,0.009247573325410485,0.6022985428571701,0.365074647590518
2082,0.0004347807012089434,5.98514307057485e-05,4.723697202280164e-05,2.1574384945211023e-07,0.00011030926179955713,0.12759754993021488,0.012800141500435026,0.007726232637651265,0.01570409841487332,0.009255693759769201,0.6032944917678833,0.3654460208490491
2083,0.000433947262604154,6.125323852756992e-05,4.5813473661837634e-05,2.405885872747149e-07,0.00012301229799049906,0.1279019583016634,0.01281540094675575,0.007730910903774202,0.015685100587879718,0.00924403639510274,0.6018357425928116,0.3648688504472375
2084,0.0004331144344454049,6.182382276165299e-05,4.314046054787468e-05,2.6708000788744357e-07,0.00013655726979777683,0.127917792648077,0.012816194212388521,0.007730715209618211,0.015720530812026127,0.009261551080271602,0.604557678103447,0.366237735375762
2085,0.0004322822176459953,5.9475166381162126e-05,4.2852489968936425e-05,2.463652180040299e-07,0.00012596586748259142,0.127698278054595,0.012805193259206359,0.007725759292952716,0.01567717359392835,0.009239212842658162,0.6012275516986847,0.36446291487663984
2086,0.0004314506131185526,5.74278619751567e-05,4.223121686663944e-05,2.3120490055816845e-07,0.00011821443695225753,0.12785202264785767,0.012812898907415698,0.007731165853329003,0.015705619986221983,0.009254454402253032,0.603411391377449,0.36563170701265335
2087,0.0004306196217750332,5.6967306591104716e-05,4.389358491607709e-05,2.1369601554965811e-07,0.00010926218601525761,0.12771423161029816,0.012805992838836397,0.007726777694188058,0.015670712177438584,0.009231894742697477,0.6007320582866669,0.3642231449484825
2088,0.0004297892445267209,5.5962507758522406e-05,4.145655020693084e-05,2.2293561485753344e-07,0.00011398633614589926,0.12799789942801,0.012820207193815035,0.007734231185168028,0.01572308057566371,0.009261513128876686,0.6047538071870804,0.3663758533075452
2089,0.00042895948228422614,5.599792257271474e-05,3.977282403866411e-05,2.3645407765116033e-07,0.00012089831761841197,0.12775365076959133,0.012807968917337056,0.0077239046804606915,0.015673572486763952,0.009236750658601522,0.6009513735771179,0.3643525121733546
2090,0.00042813033595748474,6.023488640494179e-05,4.333732067607343e-05,2.5000161230082085e-07,0.00012782514750142582,0.12771142646670341,0.01280585264257115,0.007725507253780961,0.01571676198579318,0.009255154291167855,0.6042678356170654,0.3659896310418844
2091,0.00042730180645575834,6.059623319742968e-05,4.5727922952210065e-05,2.348330205848015e-07,0.00012006946963083465,0.127868864685297,0.012813743148339605,0.007734541315585375,0.015685181650178324,0.009247783571481705,0.6018419414758682,0.3648554030805826
2092,0.00042647389468762967,5.960293037787778e-05,4.1677496483316645e-05,2.568068069308538e-07,0.00013130465595168062,0.1280345469713211,0.012822042197334935,0.007735479855909944,0.01571651616138536,0.00925777037627995,0.6042489558458328,0.36614175140857697
2093,0.00042564660156100653,5.6750629482849035e-05,4.088138484803494e-05,2.351422274671222e-07,0.0001202276034746319,0.12773658335208893,0.012807113643561373,0.007726422161795199,0.01567638516457701,0.009236478712409735,0.6011670976877213,0.3644518405199051
2094,0.000424819927983117,5.6877368479035795e-05,3.960659978474723e-05,2.463546699971175e-07,0.00012596043598023243,0.12775604613125324,0.0128080896338782,0.007725717383436859,0.015712836668812142,0.009252819465473294,0.6039660423994064,0.36586104426532984
2095,0.00042399387486050983,5.814997075503925e-05,4.1238309677282814e-05,2.4603415837987086e-07,0.00012579661233758088,0.1277679018676281,0.012808683684704227,0.007724701426923275,0.015672910033392426,0.009236505720764399,0.6009005755186081,0.3643342386931181
2096,0.0004231684430990534,6.470548760262318e-05,4.272654678061372e-05,2.984980334019838e-07,0.0001526212399767246,0.12797681987285614,0.012819151245463343,0.0077358250273391604,0.015730092780780802,0.009266118286177516,0.6052933186292648,0.3666350692510605
2097,0.00042234363360393586,6.52280268695904e-05,4.422521942615276e-05,2.9188355199494254e-07,0.0001492392475483939,0.127810163423419,0.012810801337650913,0.007728002965450287,0.015672373481345696,0.009237607009708881,0.6008594036102295,0.36433478351682425
2098,0.0004215194472796605,7.04537560523022e-05,4.9596606913837604e-05,3.0096455105876885e-07,0.00015388234533020295,0.1278199590742588,0.012811292751217956,0.007731362711638212,0.01573859100155035,0.009268131107091904,0.6059475392103195,0.36688374914228916
2099,0.0004206958850300497,7.990648555278312e-05,4.5272443458088674e-05,4.272321234566334e-07,0.00021844264847459272,0.12800867296755314,0.012820746485668942,0.007733692182227969,0.01566764283446819,0.009240634739398956,0.600496768951416,0.3642527209594846
2100,0.0004198729477582402,7.229460425151046e-05,4.559610715659801e-05,3.5026310740704503e-07,0.00017908858353621326,0.12768599763512611,0.01280457731163026,0.007725299336016178,0.015715174822912147,0.00925212586298585,0.6041458249092102,0.36591591127216816
2101,0.0004190506363666835,7.047598046483472e-05,4.85903228764073e-05,3.0905433590078246e-07,0.0001580186071805656,0.12787717580795288,0.012814159356956763,0.0077326600439846516,0.015680986734947385,0.009247605921700597,0.6015200763940811,0.364698626101017
2102,0.000418228951757145,6.541120819747448e-05,4.669729605666362e-05,2.7433530647158477e-07,0.00014026685494172852,0.12788174860179424,0.01281438903245849,0.007738855434581637,0.015710673112022303,0.009254820412024856,0.6037997305393219,0.36584073957055807
2103,0.00041740789483070255,6.542196570080705e-05,4.67367372039007e-05,2.741319065080461e-07,0.00014016287423146423,0.12791867554187775,0.012816239061868503,0.007730884477496147,0.015674430222474025,0.009238492231816053,0.6010171473026276,0.36446791142225266
2104,0.0004165874664877453,6.724035938532325e-05,4.5544717977463733e-05,3.012394955703712e-07,0.00015402291319333017,0.127727834507823,0.012806675190638606,0.00772621005307883,0.015715485022674128,0.009254911448806524,0.6041696518659592,0.3659487431868911
2105,0.0004157676676279744,6.130618930910714e-05,4.4709545363730285e-05,2.497426834224825e-07,0.00012769276509061456,0.12783848866820335,0.012812221004293148,0.007731645833700895,0.01568966435777939,0.009243050822988153,0.6021859794855118,0.36501223407685757
2106,0.0004149484991503993,6.10750121268211e-05,4.605244339472847e-05,2.3697624840224307e-07,0.00012116528159822337,0.1278548799455166,0.012813042575680732,0.007730931625701487,0.015681725867472452,0.00924265175126493,0.6015767604112625,0.36471582017838955
2107,0.00041412996195333877,6.337518061627634e-05,4.290282049623784e-05,2.841098876160686e-07,0.00014526461927744094,0.12796355783939362,0.012818486870036167,0.007732885773293674,0.01571708083422895,0.009259100770577788,0.6042923778295517,0.36612796783447266
2108,0.0004133120569344191,6.235887121874839e-05,4.452324446901912e-05,2.6149437815092824e-07,0.00013370136912271846,0.1278529167175293,0.01281294391039531,0.007734287180937827,0.015693634762918837,0.009249455528333783,0.6024908125400543,0.3651718646287918
2109,0.0004124947849905737,6.042414224793902e-05,4.484901819523657e-05,2.4002599374739475e-07,0.0001227246339112753,0.12776552885770798,0.012808564677924216,0.007731328369118273,0.015712554548080796,0.00925809657201171,0.6039443761110306,0.3658549524843693
2110,0.00041167814701804114,6.228122401807923e-05,4.580000586429378e-05,2.507467726786672e-07,0.00012820609845221043,0.12776976823806763,0.012808777270404937,0.00772557535674423,0.01569275628532208,0.009250330971553922,0.6024233847856522,0.3650965765118599
2111,0.000410862143912365,5.546655484067742e-05,4.205172626825515e-05,2.1342940215163253e-07,0.00010912586003541946,0.12812258303165436,0.012826449162249622,0.007737079286016524,0.015710660028821682,0.009258269798010588,0.6037987321615219,0.36596065759658813
2112,0.00041004677656839315,5.513101768883644e-05,4.135609015065711e-05,2.1559019813821578e-07,0.00011023071965610143,0.12786810845136642,0.012813705671866163,0.0077332137152552605,0.01569392162811584,0.009248780319467187,0.6025128066539764,0.36519045755267143
2113,0.00040923204588027575,5.399368001235416e-05,4.033038203488104e-05,2.1249253379096444e-07,0.00010864686555578373,0.1278201825916767,0.012811303967892398,0.007729782955721021,0.01570376389727099,0.009253914235159755,0.6032687872648239,0.3655444849282503
2114,0.0004084179527414649,5.524774132936727e-05,4.195174460619455e-05,2.1207172906656524e-07,0.00010843172094610054,0.12776157073676586,0.012808365999463663,0.007723783259280026,0.01568094741100742,0.009240448707714677,0.6015170365571976,0.3646393036469817
2115,0.0004076044980447134,5.4988143347145524e-05,4.0813067244016565e-05,2.1844136099957723e-07,0.00011168844503117725,0.12796742469072342,0.012818680708884986,0.007735594175755978,0.015713882219405652,0.009260800434276462,0.6040464341640472,0.36600692942738533
2116,0.00040679168268207405,5.481320567923831e-05,4.04601978516439e-05,2.194911665753807e-07,0.00011222523608012125,0.12775553576648235,0.012808063502394017,0.007728015654720366,0.01569713694128538,0.009247662965208292,0.6027597486972809,0.3652576422318816
2117,0.00040597950754489836,5.18840779477614e-05,3.9159114749054424e-05,2.0102578091041323e-07,0.00010278392619511578,0.12795631401240826,0.012818124301216519,0.007731715915724635,0.015706099927601122,0.009254442527890205,0.603448286652565,0.36570230033248663
2118,0.0004051679735238365,4.965440712112468e-05,3.732824143298785e-05,1.935451017232026e-07,9.895906987367198e-05,0.12792344018816948,0.012816477357580795,0.007732900441624224,0.015699422977847027,0.009251647861674428,0.6029353439807892,0.36542939208447933
2119,0.0004043570815088348,5.159469492355129e-05,3.7637832065229304e-05,2.1009719475273414e-07,0.00010742214180936571,0.12783023715019226,0.012811807856213029,0.007727628806605935,0.01569985734393466,0.009246246423572302,0.6029686629772186,0.36539945006370544
2120,0.0004035468323891356,4.982174505130388e-05,3.7981166315148585e-05,1.9007344320698394e-07,9.718405271996744e-05,0.12775858119130135,0.012808216598047978,0.007729275617748499,0.015699384742859986,0.009252256248146296,0.6029323935508728,0.3653454873710871
2121,0.0004027372270532766,4.817758144781692e-05,3.7320291994547006e-05,1.7916531191985996e-07,9.160674380837008e-05,0.12793602980673313,0.012817108060525974,0.007734220940619707,0.01571201495057826,0.009255943354219198,0.6039029061794281,0.3659194679930806
2122,0.0004019282663890893,4.707368862000294e-05,3.5647559343487956e-05,1.8145651736745094e-07,9.277819663111586e-05,0.12797197327017784,0.012818908316793075,0.007733658654615283,0.015698714225088253,0.009251225041225553,0.6028808951377869,0.36542643420398235
2123,0.0004011199512836978,4.5466867049981374e-05,3.53678228748322e-05,1.6793171653262107e-07,8.586303192714695e-05,0.12790324166417122,0.012815465954088515,0.007729924633167684,0.01571664902740905,0.009256942197680473,0.6042591631412506,0.3660812024027109
2124,0.00040031228262351975,4.573543537844671e-05,3.486350215098355e-05,1.7450350853209784e-07,8.922316010284703e-05,0.12776347808539867,0.012808461717705713,0.007727339398115873,0.01568689661684773,0.009244450135156512,0.6019735336303711,0.3648685058578849
2125,0.00039950526129426165,4.698084921983536e-05,3.5529109482013155e-05,1.8147526503753397e-07,9.278780271415599e-05,0.12795409187674522,0.012818012619439734,0.007734004640951753,0.015710124534491523,0.009254458360373974,0.6037575602531433,0.36585582606494427
2126,0.00039869888818092216,4.512436225923011e-05,3.479736278677592e-05,1.690452293701128e-07,8.643235923955217e-05,0.1278689131140709,0.012813745703549711,0.00773435877636075,0.015694253689765708,0.009253066265955567,0.6025383174419403,0.3652036152780056
2127,0.0003978931641677881,4.473943863558816e-05,3.428752097534016e-05,1.6926962942420687e-07,8.654710654809605e-05,0.12795089185237885,0.01281785268717037,0.007733873673714697,0.01571130931292378,0.009256672114133835,0.6038486659526825,0.36589977890253067
2128,0.00039708809013843456,4.3802368054457474e-05,3.4127567687392e-05,1.6135733460487245e-07,8.250156679423526e-05,0.12789238803088665,0.012814921613949757,0.007732944446615875,0.015698754547339516,0.009253955911844969,0.6028839647769928,0.3653881764039397
2129,0.00039628366697572355,4.55787621831405e-05,3.5064334952039644e-05,1.714001953700972e-07,8.763645928411279e-05,0.1279740035533905,0.012819009774128176,0.007734351442195475,0.01570449489240209,0.009252888383343816,0.6033249050378799,0.3656494542956352
2130,0.00039547989556180485,4.556711337500019e-05,3.40957117259677e-05,1.7886410219603022e-07,9.145271542365663e-05,0.12798533216118813,0.012819577352799977,0.007737296633422375,0.015701668135222252,0.009254514472559094,0.6031077653169632,0.36554654873907566
2131,0.0003946767767781109,4.451453060028143e-05,3.369854175616638e-05,1.7167799271078366e-07,8.777847870078404e-05,0.12787250988185406,0.012813925844578035,0.007730948971584439,0.01569617591629308,0.009248774033039808,0.6026859134435654,0.3652792116627097
2132,0.0003938743115053612,4.4856788917968515e-05,3.373057461431017e-05,1.7477436031754223e-07,8.93616506800754e-05,0.1278868205845356,0.012814642692768328,0.007730677840299904,0.015698166388377604,0.009249514900147915,0.602838784456253,0.3653628025203943
2133,0.00039307250062355607,4.3769628973677754e-05,3.2336176445824094e-05,1.7505167093645468e-07,8.95034409040818e-05,0.12776527367532253,0.012808551612673373,0.0077283247373998165,0.01570442331174821,0.009251239476725459,0.6033194065093994,0.365542340092361
2134,0.0003922713450119805,4.431979323271662e-05,3.247488712077029e-05,1.7934655360818397e-07,9.169940676656552e-05,0.12786518037319183,0.01281355874599831,0.007730376673862338,0.01568353631658863,0.009243754670023918,0.6017156839370728,0.3647904321551323
2135,0.0003914708455491995,4.9922022299142554e-05,3.4541213153715944e-05,2.1796565619069952e-07,0.00011144525524287019,0.12797222286462784,0.012818921087690621,0.0077344272285699844,0.015715790007888614,0.009257932426407933,0.6041931509971619,0.36608268693089485
2136,0.0003906710031130588,5.560179943131516e-05,3.658874084067065e-05,2.5749020693410785e-07,0.00013165403470338788,0.12798011861741543,0.012819316411626473,0.007740343804471195,0.015679893515879433,0.009243413573130965,0.6014361679553986,0.364708143286407
2137,0.0003898718185806834,5.7126240790239535e-05,3.8731276617909316e-05,2.556362410643942e-07,0.0001307060902036028,0.12795066460967064,0.012817841192405113,0.007733520935289562,0.01572359839165177,0.009264867287129164,0.6047936826944351,0.3663721736520529
2138,0.0003890732928284782,5.5966708714549895e-05,3.675726202345686e-05,2.597402612991573e-07,0.00013280449275043793,0.12777949683368206,0.01280926478546239,0.0077255015494301915,0.015679598737377468,0.009242183528840542,0.6014135777950287,0.3645965373143554
2139,0.0003882754267321232,6.0914344430784695e-05,4.0021261156653054e-05,2.8258833850713927e-07,0.00014448667207034305,0.12787294387817383,0.012813947705491902,0.007735486491583288,0.01571732630261066,0.009264420485123992,0.6043112576007843,0.36609210073947906
2140,0.00038747822116657737,6.449502507166471e-05,4.179369807388866e-05,3.03737849094432e-07,0.0001553003276058007,0.12805478647351265,0.012823055493635546,0.00773840700276196,0.015685171444933452,0.009246795671060681,0.6018411219120026,0.3649479541927576
2141,0.00038668167700607397,5.685491305484902e-05,4.245833042659797e-05,2.2382525699526923e-07,0.00011444123811088502,0.1279503758996725,0.01281782643367905,0.007734337355941534,0.01570078732662103,0.009258205303922296,0.6030400991439819,0.3654952375218272
2142,0.00038588579512412164,5.7487985941406805e-05,4.1615387999627274e-05,2.3661067771740818e-07,0.00012097837316105142,0.12799373641610146,0.012819998196160712,0.007735081948339939,0.0157120826762335,0.009258253499865532,0.6039081066846848,0.3659509215503931
2143,0.00038509057639350203,5.542895814869553e-05,3.906500296579907e-05,2.3642756019626177e-07,0.00012088477888028137,0.12775287963449955,0.012807930287803594,0.0077306561870500445,0.015693617261074478,0.009254368720576167,0.6024894416332245,0.365121160633862
2144,0.00038429602168627025,5.704389877791982e-05,4.163477842666907e-05,2.321161858276355e-07,0.00011868037836393341,0.12799910083413124,0.012820267352725566,0.007734731421805918,0.01572089517194,0.009259757120162249,0.6045857220888138,0.3662924114614725
2145,0.0003835021318737526,5.7874200138030574e-05,4.1874520320561714e-05,2.3836021156853349e-07,0.00012187292122689541,0.12791015952825546,0.012815811991939235,0.007731452351436019,0.015685050605051893,0.009248143993318081,0.6018318831920624,0.3648710213601589
2146,0.00038270890782654755,6.144986855360912e-05,4.374541822471656e-05,2.5869033493108873e-07,0.00013226766532170586,0.1280198749154806,0.012821307603203916,0.0077333340886980295,0.015711171539117795,0.009254534263163805,0.6038380563259125,0.36592896562069654
2147,0.0003819163504145212,5.816500652144896e-05,4.320345124142477e-05,2.3080748690063047e-07,0.00011801122309407219,0.1277770809829235,0.012809143795981963,0.0077279581455513835,0.015708208646815536,0.0092530339024961,0.6036103069782257,0.3656936939805746
2148,0.0003811244605068109,6.230992767086718e-05,4.519067260844167e-05,2.557943261649598e-07,0.00013078694973955862,0.12786158546805382,0.01281337845784884,0.007732035941444337,0.015700751180322416,0.009249209426343441,0.6030373275279999,0.36544945649802685
2149,0.0003803332389718207,6.23022924628458e-05,4.708730284619378e-05,2.4088191352689137e-07,0.00012316224092501216,0.12790395133197308,0.012815501438301336,0.0077345529571175575,0.015706590045649744,0.009257659548893571,0.6034859418869019,0.36569494660943747
2150,0.0003795426866772221,6.269146433623973e-05,4.696374890045263e-05,2.456541992046368e-07,0.00012560232789837755,0.12778809666633606,0.012809695623697995,0.007730377255938947,0.015696810966533355,0.009251689305528998,0.6027346402406693,0.36526136845350266
2151,0.0003787528044899522,6.026581104379147e-05,4.5406308345263824e-05,2.3411783800497687e-07,0.00011970381638093386,0.12791644409298897,0.012816127079803995,0.007734314654953778,0.015726641893371498,0.009268626803532243,0.6050277948379517,0.3664721194654703
2152,0.00037796359327621476,6.087850943004014e-05,4.3528760215849616e-05,2.54797914323035e-07,0.0001302774871874135,0.12781164422631264,0.012810876165492731,0.0077292247442528605,0.015692401936265282,0.009251843672245741,0.6023961305618286,0.3651038873940706
2153,0.00037717505390147513,5.746184251620434e-05,3.938329791708384e-05,2.538171095523012e-07,0.00012977601727470756,0.12773912400007248,0.012807240901463008,0.007727744523435831,0.01570908104964205,0.0092548334505409,0.6036773473024368,0.36570823565125465
2154,0.00037638718723046464,5.701099053112557e-05,4.165711288806051e-05,2.3161964080031794e-07,0.0001184264892799547,0.12805188074707985,0.012822909809735926,0.007737889187410474,0.015705325922228557,0.009261847008019686,0.6033888161182404,0.3657203484326601
2155,0.0003755999941271753,5.3480065616895445e-05,3.9585938793607056e-05,2.1329388744106836e-07,0.0001090565710910596,0.12777100503444672,0.012808839471144903,0.007725804694928229,0.015706621082856233,0.009250567760318518,0.6034883260726929,0.3656296655535698
2156,0.00037481347545486075,5.0415350415278226e-05,3.7288245039235335e-05,2.0129924749312522e-07,0.00010292376828147098,0.12795284762978554,0.01281795088894224,0.007735244114883244,0.015706164204350784,0.009258900070562959,0.6034531891345978,0.36570301838219166
2157,0.00037402763207603526,4.843248552788282e-05,3.651342694865889e-05,1.879703610541128e-07,9.610870984033681e-05,0.1278829351067543,0.012814448083096524,0.007730380166321993,0.015691806004416928,0.009248661808669567,0.6023504137992859,0.3651166744530201
2158,0.00037324246485247235,4.6581015340052545e-05,3.536072881615837e-05,1.788825372273095e-07,9.146215961663984e-05,0.12787380069494247,0.012813990717440828,0.007730516488663852,0.015720907436686977,0.009263566229492426,0.6045866310596466,0.36623021587729454
2159,0.000372457974645204,4.7190212171699386e-05,3.6480542803474236e-05,1.7607932178975716e-07,9.002888327813707e-05,0.12795295007526875,0.012817955288136958,0.007733010454103351,0.015694737107971223,0.009247962618246675,0.6025754511356354,0.36526420060545206
2160,0.00037167416231452034,4.824389088753378e-05,3.696313933687634e-05,1.8260782042034407e-07,9.336689436167944e-05,0.12799597345292568,0.01282011042818276,0.007736572064459324,0.015702539279660574,0.009257835568860173,0.6031747162342072,0.3655853448435664
2161,0.0003708910287199675,4.806386368727544e-05,3.657284287328366e-05,1.8390078793117937e-07,9.402794421475846e-05,0.12780803442001343,0.012810694845661304,0.0077296808594837785,0.015709996592063624,0.00925657362677157,0.6037477254867554,0.3657778799533844
2162,0.0003701085747203475,4.7634995098633226e-05,3.50888331013266e-05,1.9131656259219199e-07,9.781964217836503e-05,0.12794069200754166,0.012817341656845867,0.007731822319328785,0.015696231078610276,0.009251552168279886,0.6026901751756668,0.36531543359160423
2163,0.0003693268011737171,4.613563851307845e-05,3.4802019399649e-05,1.7889807679694059e-07,9.147010860033333e-05,0.127876291051507,0.012814115493861883,0.007730867364443839,0.015711677707200132,0.00925875874236226,0.6038769632577896,0.3658766271546483
2164,0.00036854570893738673,4.5488417526939884e-05,3.385174841241678e-05,1.8000309864873998e-07,9.203508670907468e-05,0.12790631130337715,0.012815619387118685,0.00773046666290611,0.0157200492284238,0.009263400919735432,0.6045206487178802,0.3662134800106287
2165,0.00036776529886791993,4.486198940867325e-05,3.408079192013247e-05,1.7208533620305388e-07,8.798677299637347e-05,0.1277864370495081,0.012809612410850168,0.007730414974503219,0.015702157001482944,0.009255765471607447,0.6031453162431717,0.3654658766463399
2166,0.0003669855718211316,4.485943918552948e-05,3.418296000745613e-05,1.7126111373499953e-07,8.756534953135997e-05,0.12788788974285126,0.01281469620636131,0.007731067016720772,0.015717186845560956,0.009263874962925911,0.6043004840612411,0.3660941869020462
2167,0.00036620652865208874,4.479166727833217e-05,3.367724184499821e-05,1.7455476708505557e-07,8.924936446419451e-05,0.12787173502147198,0.012813886949093618,0.007730956771411002,0.015705584198499718,0.009255638346076012,0.6034086346626282,0.3656401848420501
2168,0.0003654281702151074,4.392135906527983e-05,3.347008805576479e-05,1.6766456667482998e-07,8.572643855586648e-05,0.12800096161663532,0.012820360428219576,0.007732729893177748,0.01570769194472737,0.009255450684577227,0.6035706102848053,0.3657857859507203
2169,0.0003646504973637531,4.334563618613174e-05,3.379380950718769e-05,1.595020027167493e-07,8.155294744938146e-05,0.1278040837496519,0.012810497052190239,0.0077284976141527295,0.01571747571123865,0.009260579012334347,0.6043227314949036,0.36606340762227774
2170,0.00036387351095083933,4.365803670225432e-05,3.2759769055701327e-05,1.7064654400655854e-07,8.72511045599822e-05,0.12779268622398376,0.012809926089224382,0.007729987381026149,0.015689109132747653,0.009249494643881917,0.6021433621644974,0.36496802419424057
2171,0.000363097211828427,4.463408276933478e-05,3.367203771631466e-05,1.7305440636050662e-07,8.848225479596294e-05,0.12801006995141506,0.012820816431621834,0.007737672538496554,0.015717087893957784,0.009263858897611499,0.6042928993701935,0.36615148466080427
2172,0.000362321600847823,4.589041600411292e-05,3.386571597729926e-05,1.8382496236313273e-07,9.398920701642055e-05,0.12805080972611904,0.012822856614131236,0.007738037151284516,0.015692957740263063,0.009253737051039934,0.6024388074874878,0.3652448086068034
2173,0.0003615466788595806,4.736779010272585e-05,3.388921686564572e-05,1.9808846474234088e-07,0.00010128207941306755,0.12784641049802303,0.01281261838054703,0.00773165503051132,0.01572634648748635,0.009269185597077012,0.605005070567131,0.36642574053257704
2174,0.00036077244671349625,4.469812756724423e-05,3.2481758353242185e-05,1.829925722063308e-07,9.35636016947683e-05,0.12787465564906597,0.012814033445339552,0.007728992262855172,0.015694053642297246,0.009248106041923165,0.6025229692459106,0.3651988124474883
2175,0.0003599989052586106,4.385479496704647e-05,3.350001088620047e-05,1.6677955372301767e-07,8.527392492396757e-05,0.1279896404594183,0.012819793451773913,0.007735009887255728,0.015715818364846906,0.009262559935450554,0.6041952967643738,0.36609246861189604
2176,0.00035922605534320645,4.0863930735213216e-05,3.114798028036603e-05,1.559322377886474e-07,7.972772255016025e-05,0.12793640606105328,0.012817126793802206,0.007734843646176159,0.01570558014486908,0.00925662275403738,0.6034083366394043,0.3656723713502288
2177,0.0003584538978148089,4.081003135070205e-05,3.079455200349912e-05,1.5817013476748798e-07,8.087194692052435e-05,0.12788468413054943,0.01281453609075399,0.007731606834568083,0.01568894009186615,0.009250276954844594,0.6021303683519363,0.3650075262412429
2178,0.00035768243352018265,4.309765154175693e-05,3.058375932596391e-05,1.8218995379015723e-07,9.315322131442372e-05,0.12792717292904854,0.012816664698329535,0.0077331154607236385,0.01571933851274393,0.009261277737095952,0.6044660061597824,0.3661965895444155
2179,0.00035691166330533406,4.421893390826881e-05,3.185592231602641e-05,1.8320254469017527e-07,9.36709748202702e-05,0.12787966802716255,0.012814284983436525,0.007730907527729869,0.015702642840692033,0.009252296295017004,0.6031826734542847,0.3655311707407236
2180,0.00035614158801550584,4.220608479954535e-05,3.169474302922026e-05,1.6477981645834916e-07,8.42514455143828e-05,0.12787413224577904,0.01281400732597653,0.007729965494945645,0.01570659490969362,0.009255417855456471,0.6034862995147705,0.3656802158802748
2181,0.000355372208495181,4.028741022921167e-05,3.081247177760815e-05,1.5291915289594726e-07,7.818715857865755e-05,0.1279229372739792,0.012816452094755144,0.007735155872069299,0.015715482013302865,0.009264431893825531,0.6041694432497025,0.3660461902618408
2182,0.00035460352558807804,3.946401830035029e-05,3.0631283607363e-05,1.4628465905275334e-07,7.479495070583653e-05,0.12799930572509766,0.012820277142710241,0.007734223268926144,0.015701051354271946,0.009253595722839236,0.6030603796243668,0.3655298426747322
2183,0.0003538355401371521,4.007944698969368e-05,3.0600038371630944e-05,1.5254743246373437e-07,7.799707964295521e-05,0.12789451144635677,0.012815027928873316,0.0077336065005511045,0.015723122802136925,0.009268266148865223,0.6047570407390594,0.3663257760927081
2184,0.0003530682529845931,3.905561698047677e-05,2.949682448161184e-05,1.5116601304043797e-07,7.729077879048418e-05,0.1278901007026434,0.012814807065374778,0.007730846060439944,0.015693491154493082,0.009247977053746581,0.6024797558784485,0.36518492829054594
2185,0.00035230166497182637,3.960018693760503e-05,3.036610314666177e-05,1.4969084816129907e-07,7.653651664440986e-05,0.12799577042460442,0.01282010021241356,0.0077364357421174645,0.015719637290329398,0.009266350418329239,0.6044889539480209,0.3662423621863127
2186,0.00035153577693950854,3.92102474506828e-05,3.051909652640461e-05,1.4468070475004424e-07,7.397485023830086e-05,0.1279897429049015,0.012819798276003594,0.0077380884904414415,0.015714417122674983,0.009261658415198326,0.6040875464677811,0.3660386446863413
2187,0.00035077058972753046,4.017204082629178e-05,3.124089835182531e-05,1.484393052919586e-07,7.589661072415765e-05,0.12782583013176918,0.012811586795222488,0.007729331846348941,0.015715078636593046,0.009264177409932017,0.6041384190320969,0.365982124581933
2188,0.0003500061041750136,3.799998012254946e-05,2.8701019800791983e-05,1.4706867546010471e-07,7.519581777160056e-05,0.12796656414866447,0.012818637712672963,0.007733212667517364,0.01570210185998383,0.009253328898921609,0.6031410694122314,0.36555381678044796
2189,0.00034924232112031,3.671156810014509e-05,2.8057219424226787e-05,1.3950585753264022e-07,7.132896280381829e-05,0.12796032428741455,0.012818324957008645,0.007733445032499731,0.01570921710491396,0.009260923834517598,0.6036878526210785,0.3658240884542465
2190,0.00034847924140100147,3.675350308185443e-05,2.8135686534369597e-05,1.3930206677059687e-07,7.122476381482556e-05,0.1279377080500126,0.012817192076217539,0.007737115491181612,0.01572333717204486,0.009264373918995261,0.604773536324501,0.3663556221872568
2191,0.00034771686585389843,3.7416297345771454e-05,2.8401465897331946e-05,1.4370430889698582e-07,7.347561859205598e-05,0.12787534669041634,0.01281406836570912,0.007732032099738717,0.015703221217652146,0.009258073521777987,0.6032271087169647,0.36555122770369053
2192,0.00034695519531503896,3.613344415498432e-05,2.7808310733234975e-05,1.3579961333221036e-07,6.943397602299228e-05,0.12794714607298374,0.012817664654221583,0.007734094513580203,0.01572209765015052,0.009263287531211972,0.6046781837940216,0.3663126649335027
2193,0.00034619423061968895,3.62060727638891e-05,2.7417423552833498e-05,1.3956783817548057e-07,7.136066233215388e-05,0.1279145497828722,0.012816032128465632,0.007732233498245478,0.015703044567625724,0.009255771525204182,0.6032135039567947,0.36556402686983347
2194,0.0003454339726023384,3.588447452784749e-05,2.6878714834310813e-05,1.4063740039205186e-07,7.190751148300478e-05,0.12790410034358501,0.01281550881900526,0.00773250637575984,0.015719955617596787,0.009262587875127792,0.6045134514570236,0.3662087759003043
2195,0.0003446744220967043,3.665358599391766e-05,2.755459763648105e-05,1.4287096661291798e-07,7.30495412426535e-05,0.12792318500578403,0.01281646486810018,0.007732179947197437,0.01570270226634463,0.0092568916734308,0.60318723320961,0.365555209107697
2196,0.0003439155799357266,3.5245020626462065e-05,2.7274222702544648e-05,1.31289997540307e-07,6.712820868415292e-05,0.12799996882677078,0.01282031034347217,0.0077352538937702775,0.01572193717848609,0.009264333639293909,0.6046658307313919,0.36633289977908134
2197,0.0003431574469515688,3.541924525052309e-05,2.768205513348221e-05,1.298031726548743e-07,6.636800208070781e-05,0.1278915349394083,0.012814879172899498,0.007731246296316385,0.015709355243231284,0.009258600883185863,0.6036984473466873,0.3657949911430478
2198,0.00034240002397561644,3.6811574318562634e-05,2.9246317808429012e-05,1.3118121700017582e-07,6.707259490212891e-05,0.1278652809560299,0.012813563572575319,0.007733931532129645,0.015722839709064556,0.009266290348023176,0.6047352403402328,0.36630026064813137
2199,0.00034164331183847744,3.880239364661975e-05,3.0362389679794433e-05,1.4191825314924245e-07,7.256240769493161e-05,0.12803653627634048,0.012822141501925592,0.007735869148746133,0.015701726985331513,0.009256186662241817,0.6031122952699661,0.3655744157731533
2200,0.0003408873113699783,3.8323869375744835e-05,3.054244189115707e-05,1.3583012758999757e-07,6.944957021914888e-05,0.12799018435180187,0.01281982055257005,0.007739229477010667,0.01571825652470363,0.009262603241950274,0.6043827831745148,0.3661864837631583
2201,0.00034013202339916703,3.9047165955707897e-05,3.0237873033911455e-05,1.452860125539246e-07,7.428433309542015e-05,0.12789771519601345,0.01281518874803612,0.007732379715889692,0.015705220294117243,0.009260022081434727,0.6033806502819061,0.3656391827389598
2202,0.00033937744875430946,3.7776210774609353e-05,2.9158981760701863e-05,1.412976793346843e-07,7.224512410175521e-05,0.12791324965655804,0.012815967124004714,0.007743817521259189,0.015722250599988906,0.00926663656719029,0.6046899706125259,0.366301610134542
2203,0.00033862358826288895,3.802492665272439e-05,2.9704684948228532e-05,1.3946068833092795e-07,7.13058852852555e-05,0.12797394767403603,0.012819007361865193,0.007737960899248719,0.015709304527041314,0.009262487292289734,0.6036945134401321,0.3658342305570841
2204,0.00033787044275160615,3.672802995424718e-05,2.8726917207677616e-05,1.3442758550752387e-07,6.873247730254661e-05,0.12799387238919735,0.012820005148615404,0.00773464806843549,0.01570886127446694,0.00926046259701252,0.6036604791879654,0.36582717578858137
2205,0.00033711801304637726,3.556595493137138e-05,2.819638575601857e-05,1.272141361141621e-07,6.504423254227731e-05,0.1278641987591982,0.012813509344458483,0.007732846192084253,0.015718858165535,0.009262664709240198,0.6044290661811829,0.3661466324701905
2206,0.0003363662999723335,3.482790179987205e-05,2.7542878342501353e-05,1.25109206550178e-07,6.396799290087074e-05,0.1279465537518263,0.012817635136345918,0.007732853060588241,0.01570891847652084,0.009258448146283627,0.6036648452281952,0.36580569949001074
2207,0.00033561530435382105,3.399386241653701e-05,2.6774348498292966e-05,1.229654831291782e-07,6.28719171800185e-05,0.1280087362974882,0.012820749890754593,0.0077370088547468185,0.015720353777962125,0.009266388602554798,0.6045440435409546,0.3662763899192214
2208,0.0003348650270143985,3.429557500567171e-05,2.6686189812608063e-05,1.2660560599897508e-07,6.473311077570543e-05,0.1279437467455864,0.012817494499764437,0.007733669015578926,0.015709449611961773,0.009260314051061869,0.6037057042121887,0.36582472547888756
2209,0.0003341154687768367,3.337461885166704e-05,2.6157448246522108e-05,1.2173600971721044e-07,6.224329354154179e-05,0.12794750556349754,0.01281768281903436,0.007734912913292646,0.015706451651389283,0.009258186677470803,0.6034752875566483,0.3657113965600729
2210,0.0003333666304631182,3.4622312341525685e-05,2.7088032766187098e-05,1.266570528457578e-07,6.475942245742772e-05,0.12799733877182007,0.012820179100642197,0.0077373061794787645,0.01572370609430943,0.009265956934541464,0.6048019230365753,0.3663996309041977
2211,0.0003326185128944362,3.440789942033007e-05,2.640514185259235e-05,1.2990274100843635e-07,6.641892468906008e-05,0.12799804843962193,0.01282021442992534,0.007733928970992565,0.015705509032435665,0.009255993412807584,0.6034028679132462,0.36570045817643404
2212,0.00033187111689119325,3.3557688766450156e-05,2.590339590824442e-05,1.2551378425484927e-07,6.417485565179959e-05,0.12789124436676502,0.012814864552705823,0.007735286955721676,0.01572423337551393,0.009267776738852262,0.604842483997345,0.366366864182055
2213,0.00033112444327300036,3.344210472278064e-05,2.6137860459130025e-05,1.2254920811471948e-07,6.2659079048899e-05,0.12797323428094387,0.012818971461662429,0.0077358962735161185,0.015717366229919864,0.009263955522328615,0.6043143421411514,0.36614378821104765
2214,0.00033037849285867736,3.2904734325711615e-05,2.6519539460423402e-05,1.1430828728009601e-07,5.844551014888566e-05,0.12797076627612114,0.012818848009604982,0.007735038874670863,0.015716029477899417,0.009263449348509312,0.6042115390300751,0.3660911526530981
2215,0.00032963326646625,3.24795091728447e-05,2.5782916964089964e-05,1.1591276560807273e-07,5.926587527937954e-05,0.12796132639050484,0.012818375049513475,0.00774184730835259,0.015711872320551244,0.009260479593649507,0.6038918942213058,0.36592661030590534
2216,0.00032888876491295047,3.300829530417104e-05,2.6996004635293502e-05,1.1159350243872268e-07,5.7057458434428554e-05,0.12789195589721203,0.01281490032247054,0.007731806952506304,0.015717086042225936,0.009265745291486382,0.6042927503585815,0.3660923531278968
2217,0.000328144989015216,3.23770645991317e-05,2.5658246158855036e-05,1.1588626414038572e-07,5.925233745074365e-05,0.12798217125236988,0.012819419000878057,0.007736971601843834,0.01572032623915076,0.009266566019505262,0.6045419573783875,0.36626206431537867
2218,0.0003274019395886879,3.290266931799124e-05,2.5988918878283584e-05,1.1843926728261067e-07,6.055767153156921e-05,0.12799166701734066,0.01281989490210401,0.007735303719528019,0.01572275259357901,0.009266674751415849,0.6047285497188568,0.36636010836809874
2219,0.0003266596174482108,3.349649159645196e-05,2.678801138245035e-05,1.179947854978991e-07,6.03304115429637e-05,0.1280086226761341,0.012820743648096876,0.007734961342066526,0.01572037958109034,0.00926637020893395,0.604546070098877,0.36627734638750553
2220,0.00032591802340783255,3.332091091579059e-05,2.6494251869735308e-05,1.1857592419062257e-07,6.062754437152762e-05,0.12788988091051579,0.012814796277599967,0.007738301181234419,0.015707801261871344,0.009258187608793378,0.6035790294408798,0.3657344551756978
2221,0.00032517715828080167,3.361339304319699e-05,2.68450053226843e-05,1.1869210680970355e-07,6.06869371040375e-05,0.12796309776604176,0.01281846416544043,0.007735065300948918,0.015714310745396913,0.009262148756533861,0.6040793806314468,0.3660212391987443
2222,0.0003244370228795674,3.3116065424110275e-05,2.581676744739525e-05,1.2187287623532939e-07,6.231326005945448e-05,0.12802141532301903,0.012821384355930884,0.007738692802377045,0.015712153411606186,0.009261166211217642,0.6039135605096817,0.36596748791635036
2223,0.0003236976180157793,3.2570880648563616e-05,2.598551100163604e-05,1.1522132581376354e-07,5.8912359236273915e-05,0.12800109013915062,0.012820366529181103,0.007736114086583257,0.015708508330870983,0.00925981835462153,0.6036333441734314,0.365817217156291
2224,0.0003229589445002852,3.162680604873458e-05,2.5472856123087695e-05,1.099998101494748e-07,5.624260666081682e-05,0.12792526930570602,0.012816568899425139,0.007732776924967766,0.015720795896560388,0.009263678453862667,0.604578047990799,0.3662516586482525
2225,0.00032222100314313086,3.146330618619686e-05,2.5369637114636134e-05,1.0920843429573779e-07,5.583797792496625e-05,0.12795164436101913,0.01281789015151892,0.007738204440101981,0.01571339557010031,0.009261772269383073,0.6040089875459671,0.3659803159534931
2226,0.00032148379475356055,3.125369312328985e-05,2.5303722850367194e-05,1.0767428193503292e-07,5.5053575124475174e-05,0.12806394882500172,0.012823514238161039,0.007737264037132263,0.01571730049446987,0.009265276603400707,0.6043092757463455,0.3661866122856736
2227,0.0003207473201400124,3.0511471322824946e-05,2.445996415190166e-05,1.0701700325910224e-07,5.471749682328664e-05,0.12792603112757206,0.012816607360997233,0.0077344689052551985,0.015710139933826618,0.009260251186788082,0.6037587672472,0.36584239918738604
2228,0.0003200115801101219,3.071122046094388e-05,2.4844819108693628e-05,1.0595953803260727e-07,5.4176824050955474e-05,0.12798122316598892,0.0128193720341165,0.0077350729843601584,0.015719249063508623,0.009265701984986663,0.6044591069221497,0.3662201650440693
2229,0.0003192765754707181,3.0387541301024612e-05,2.4480318188579986e-05,1.0564585473105126e-07,5.401643556979252e-05,0.1280107256025076,0.01282084934723233,0.007736559608019888,0.01571282370317764,0.009262815583497286,0.6039650589227676,0.3659878922626376
2230,0.0003185423070278236,3.088637549808482e-05,2.4621414013381582e-05,1.0942012984571647e-07,5.594622052740306e-05,0.12796105816960335,0.012818361994261956,0.0077342812437564135,0.015713681379998855,0.009261812083423138,0.6040310114622116,0.3659960348159075
2231,0.0003178087755866534,3.064511884076637e-05,2.4551109163439833e-05,1.0761089974664628e-07,5.502115709532518e-05,0.1279664058238268,0.012818629766162541,0.007735632359981537,0.015707696692627605,0.009262079605832696,0.6035709828138351,0.36576869431883097
2232,0.00031707598195161566,3.189571498296573e-05,2.4514190045010764e-05,1.201293624575328e-07,6.142181246104883e-05,0.12807988561689854,0.012824312249983918,0.007739549269899726,0.015731977559942295,0.009272921830415726,0.6054383963346481,0.36675914097577333
2233,0.00031634392692630716,3.255366846133256e-05,2.51102260335756e-05,1.21900576743883e-07,6.232743362488691e-05,0.12795431166887283,0.012818023972142541,0.00773343350738287,0.01570802985267765,0.00926053524017334,0.603596568107605,0.3657754398882389
2234,0.0003156126113135174,3.234935138607398e-05,2.5381348223163513e-05,1.1778151254304703e-07,6.022136494721053e-05,0.12797905877232552,0.012819263201110397,0.007734328624792397,0.01572284769173431,0.00926714576780796,0.6047359108924866,0.36635748483240604
2235,0.00031488203591522213,3.156804905302124e-05,2.492899648132152e-05,1.1367995256250651e-07,5.812425661133602e-05,0.12796746380627155,0.012818682979308015,0.007733779959380627,0.0157184453861634,0.009264761349186301,0.6043972969055176,0.36618238035589457
2236,0.0003141522015325879,3.138079591735732e-05,2.5004203962453175e-05,1.1126044796583301e-07,5.6887161008489784e-05,0.12801485508680344,0.012821055635384052,0.007737055653706193,0.01571829806979051,0.009266790701076388,0.6043859720230103,0.36620041355490685
2237,0.0003134231089659674,3.1349066375696566e-05,2.5127912067546276e-05,1.099823716543824e-07,5.6233678151329514e-05,0.12797248549759388,0.012818934284271387,0.007737058098427951,0.015715628893097217,0.009264600928872824,0.604180708527565,0.36607659701257944
2238,0.0003126947590148999,3.1033345294417813e-05,2.492205157977878e-05,1.0850539489126731e-07,5.5478516514995135e-05,0.12803515791893005,0.012822072839976382,0.007735534221865237,0.015721180845496344,0.00926575530320406,0.6046077013015747,0.3663214296102524
2239,0.00031196715247811007,3.1345793559012236e-05,2.529376843085629e-05,1.0865282895622386e-07,5.5553889978909865e-05,0.12787650898098946,0.012814126140257934,0.00772983708884567,0.015717888978984962,0.009265273110941052,0.6043545007705688,0.36611550487577915
2240,0.0003112402901535087,3.101223774137907e-05,2.4998581920954166e-05,1.0770028957551858e-07,5.5066862842068076e-05,0.1279885545372963,0.012819738824340555,0.007735397666692734,0.015723270998807153,0.00926742097362876,0.6047684550285339,0.3663785047829151
2241,0.0003105141728381883,3.155686954414705e-05,2.5048273982974933e-05,1.1263750465673183e-07,5.75912490603514e-05,0.1279767733067274,0.012819148833226981,0.007735350169241428,0.01571479644036064,0.009265161119401455,0.6041167229413986,0.366046748124063
2242,0.0003097888013284262,3.208481939509511e-05,2.558418282205821e-05,1.1360779161861956e-07,5.8087363868253306e-05,0.1280273161828518,0.012821680154656876,0.007737317704595625,0.01572026028465852,0.00926723936572671,0.6045369058847427,0.36628211103379726
2243,0.0003090641764196811,3.2305669265042525e-05,2.6060979507747106e-05,1.1203740868381828e-07,5.728442465624539e-05,0.12792393565177917,0.012816502336505511,0.007731804042123258,0.015716626227308864,0.009263641433790326,0.6042574197053909,0.36609067767858505
2244,0.0003083402989065931,3.2047855256678304e-05,2.5065050522243837e-05,1.1730763915807074e-07,5.997907010169001e-05,0.12798715941607952,0.012819669298179617,0.007736708037555218,0.01571791154579909,0.009265013970434666,0.6043562442064285,0.366171701811254
2245,0.00030761716958298247,3.1580584163748426e-05,2.500576147212996e-05,1.1320200776765432e-07,5.787987174699083e-05,0.1279978882521391,0.012820206484392235,0.007736654602922499,0.015720618634067093,0.009268573950976133,0.604564443230629,0.36628116574138403
2246,0.0003068947892418493,3.2062107493402436e-05,2.5358968741784338e-05,1.151476460847789e-07,5.887466249987483e-05,0.12797548435628414,0.012819084412158547,0.007735176011919975,0.015706051748819887,0.009258418343961239,0.6034445911645889,0.36571003776043653
2247,0.00030617315867537186,3.258861306676408e-05,2.5926216494553955e-05,1.1585862402796465e-07,5.9238195717625786e-05,0.12801408022642136,0.01282101747090745,0.007735513150691986,0.01572243767806324,0.00926685193553567,0.6047043651342392,0.3663592226803303
2248,0.0003054522786749074,3.2846628528204747e-05,2.6035092560050543e-05,1.1753001238901106e-07,6.009277149132686e-05,0.12801357172429562,0.012820991649524275,0.007735286955721676,0.015722083650885236,0.009266112931072712,0.604677140712738,0.3663453562185168
2249,0.0003047321500309882,3.369931891938904e-05,2.7100777970190393e-05,1.1753136952563636e-07,6.0093483625678346e-05,0.12796118669211864,0.01281836837998447,0.007733452599495649,0.015714999696237884,0.00926423561759293,0.6041323244571686,0.3660467555746436
2250,0.00030401277353332435,3.3596312277950346e-05,2.7061771561420755e-05,1.1682924494493818e-07,5.97344696871005e-05,0.1279746238142252,0.012819041133505661,0.007738092797808349,0.01572592187518027,0.00926845078356564,0.6049724072217941,0.36647351551800966
2251,0.0003032941499708001,3.4403132303850725e-05,2.7637131552182836e-05,1.2021800266381888e-07,6.146713531052228e-05,0.12785087525844574,0.012812841837163757,0.00773200171533972,0.015709870616962718,0.00926038227044046,0.6037380546331406,0.36579446494579315
2252,0.00030257628013147437,3.386051048437366e-05,2.6695101496443385e-05,1.2228137613590206e-07,6.252214279811596e-05,0.12798816338181496,0.012819719527321445,0.007735865539871156,0.015720863584387217,0.009266762062907219,0.6045832633972168,0.3662857133895159
2253,0.0003018591648025791,3.277796076872619e-05,2.61956624854065e-05,1.156022957360392e-07,5.9107146626047324e-05,0.12793896533548832,0.012817255087624808,0.007732789614237845,0.01571348273746116,0.009262208826839924,0.6040157079696655,0.3659773366525769
2254,0.0003011428047705201,3.310080683149863e-05,2.6372670618002303e-05,1.1737465754890763e-07,6.0013348956999835e-05,0.12799199670553207,0.012819911219215021,0.007734902435913682,0.015721061092328844,0.009265744825825095,0.6045984625816345,0.3662952296435833
2255,0.00030042720082087276,3.365857492099167e-05,2.6459691071067937e-05,1.221483056923489e-07,6.245410168048693e-05,0.1278953868895769,0.012815071930786551,0.007732005906291306,0.01572007607345305,0.0092657043132931,0.6045227199792862,0.36620905343443155
2256,0.0002997123537383855,3.349757935211528e-05,2.6415916636324255e-05,1.209164235405069e-07,6.182422384881647e-05,0.12798367999494076,0.012819494629772952,0.007734771817922592,0.01571656916904516,0.009264787193387747,0.6042530238628387,0.36611835192888975
2257,0.0002989982643069755,3.278923668403877e-05,2.5719809855218045e-05,1.1943529898417182e-07,6.106694490881637e-05,0.12793708592653275,0.01281716071231602,0.007732900092378259,0.015716228203987596,0.009263213723897934,0.6042267978191376,0.36608194187283516
2258,0.0002982849333097292,3.294652924523689e-05,2.5549650672473945e-05,1.2230467838492132e-07,6.253404353628866e-05,0.12803461775183678,0.012822045743940701,0.007737081963568926,0.015722998783240967,0.00926943402737379,0.6047475337982178,0.3663910757750273
2259,0.00029757236152890167,3.2538366212975234e-05,2.5120011741819326e-05,1.216743861220948e-07,6.221177773113595e-05,0.12799599580466747,0.012820111847038948,0.00773743016179651,0.01573213943228504,0.009272720897570252,0.6054508835077286,0.366723439656198
2260,0.00029686054974591527,3.349408598296577e-05,2.5867760086839553e-05,1.2517060454797502e-07,6.399938865797594e-05,0.1280132606625557,0.012820976185044616,0.007733006728813052,0.015714069860128514,0.009263258893042803,0.6040608435869217,0.3660370521247387
2261,0.00029614949874135843,3.399946217541583e-05,2.5779504994716262e-05,1.3080311234148212e-07,6.68792908982141e-05,0.1279385443776846,0.012817234225774271,0.00773243373259902,0.015735859493491686,0.009275597287341952,0.6057372093200684,0.3668378768488765
2262,0.0002954392092949865,3.529932837409433e-05,2.648915824465803e-05,1.3796277364974685e-07,7.054000616335543e-05,0.12801493704319,0.012821060033513462,0.007735699648037553,0.0157153909216769,0.009264064952731133,0.6041624248027802,0.3660886809229851
2263,0.0002947296821857187,3.452919827395817e-05,2.6811339466803474e-05,1.279111572216607e-07,6.540063623106107e-05,0.12802151404321194,0.012821389747047855,0.007737888139672577,0.015721517885021987,0.009269343921914697,0.6046335846185684,0.3663275493308902
2264,0.0002940209181916383,3.2790480872790795e-05,2.5958576316043036e-05,1.1757954609947774e-07,6.0118096371297725e-05,0.12797974050045013,0.012819297681550004,0.0077361061703413725,0.015720777730717943,0.009270016802474856,0.6045766919851303,0.3662782162427902
2265,0.00029331291808999205,3.237581358916941e-05,2.5307826945208944e-05,1.1861544102487187e-07,6.064775152481161e-05,0.1279617678374052,0.012818397328553298,0.007734537590295076,0.015716551692740395,0.00926424702629447,0.6042516827583313,0.36610672529786825
2266,0.00029260568265718884,3.14491162498598e-05,2.4448290787404403e-05,1.1627760976296031e-07,5.9452419918670785e-05,0.1280202679336071,0.012821327039705023,0.007736541680060327,0.015731010106723883,0.009275877848267555,0.6053639352321625,0.3666921015828848
2267,0.00029189921266879894,3.131941639367142e-05,2.4496986043232027e-05,1.1462829441200029e-07,5.860913825017633e-05,0.1279627364128828,0.012818445434118675,0.007733367965556681,0.01571276755722618,0.009264116641134024,0.6039607375860214,0.3659617369994521
2268,0.0002911935088995533,3.080491023865761e-05,2.4197956918214913e-05,1.1193628779437859e-07,5.72327198824496e-05,0.12799984589219093,0.012820304526250865,0.007737406296655536,0.015727646972073767,0.009271952323615551,0.6051051467657089,0.36655249632894993
2269,0.000290488572123343,3.051538806175813e-05,2.398089372945833e-05,1.1080317108280724e-07,5.665336720994674e-05,0.12802105396986008,0.01282136633823403,0.007736586267128587,0.015721141737798955,0.009269868023693562,0.6046046763658524,0.3663128651678562
2270,0.0002897844031132173,2.9840875868103467e-05,2.36305313592311e-05,1.0694805574473776e-07,5.468225481308764e-05,0.12798560597002506,0.01281959111627069,0.007737633073702455,0.015723210956764815,0.009270871290937066,0.6047638356685638,0.36637472081929445
2271,0.00028908100264138397,3.026799777217093e-05,2.3893184334156103e-05,1.0907011827043789e-07,5.5767242884030566e-05,0.1279738899320364,0.01281900409821455,0.007736787316389382,0.015721691550696942,0.009266938082873821,0.6046470105648041,0.36631045024842024
2272,0.00028837837147920796,3.0182275622792076e-05,2.4130510155373486e-05,1.0637517533496066e-07,5.4389335673477035e-05,0.12800948321819305,0.012820786921002648,0.007738169515505433,0.015726830075824774,0.009272176772356033,0.6050423085689545,0.36652589589357376
2273,0.00028767651039721034,2.9482049740181537e-05,2.3648297883482883e-05,1.033000884831381e-07,5.2817052164755296e-05,0.1279919594526291,0.012819909658448779,0.007734623970463872,0.01571716566649829,0.009264372987672687,0.6042989194393158,0.36614543944597244
2274,0.0002869754201650676,3.0118900212983135e-05,2.3720584977127146e-05,1.0896238045177142e-07,5.571216115640709e-05,0.12797469645738602,0.012819044964736565,0.007734982296824455,0.01573652403611021,0.009276879718527198,0.6057884097099304,0.3668815530836582
2275,0.0002862751015516117,2.917911524491501e-05,2.2767207610741025e-05,1.0723066878881582e-07,5.4826746236358304e-05,0.1280305963009596,0.012821843869579188,0.007735340157523751,0.015717860625762314,0.009264577412977815,0.6043523550033569,0.36619147565215826
2276,0.0002855755553248275,2.8613530048460234e-05,2.3028980649542063e-05,9.965187786065144e-08,5.095172400615411e-05,0.12800999358296394,0.01282081274279815,0.0077354395762085915,0.01572086913824725,0.00926871900446713,0.6045837104320526,0.3662968520075083
2277,0.0002848767822518534,2.814417848640005e-05,2.256203515571542e-05,9.871508410697061e-08,5.0472754082875326e-05,0.12800851836800575,0.012820738682344249,0.00773613597266376,0.015723620140475597,0.009268540423363447,0.6047953069210052,0.3664019126445055
2278,0.00028417878309897965,2.8113928692619083e-05,2.2357870875566732e-05,1.0001647865465202e-07,5.113815404911293e-05,0.12796427868306637,0.012818523197305694,0.007735003717243671,0.015716575418844796,0.009266997454687953,0.6042534857988358,0.36610888224095106
2279,0.00028348155863164797,2.8537669095385354e-05,2.269150900247041e-05,1.0155014962265341e-07,5.192231219552923e-05,0.1280832774937153,0.012824481888471786,0.007738944259472191,0.015723053735764256,0.009268081281334162,0.6047517359256744,0.36641750670969486
2280,0.00028278510961445,2.8614454095077235e-05,2.2429947875934886e-05,1.0434728636710133e-07,5.3352475333667826e-05,0.12793917581439018,0.012817265447578783,0.00773352908436209,0.0157174268729433,0.009267266374081373,0.6043189913034439,0.36612908355891705
2281,0.00028208943681112857,2.878114264603937e-05,2.2676369326291024e-05,1.0404950678832847e-07,5.320023228705395e-05,0.12800593115389347,0.012820609146460524,0.007736601401120424,0.015717095416616162,0.009265142027288675,0.6042934507131577,0.36614969093352556
2282,0.00028139454098457286,2.8581054266396677e-05,2.2444674414145993e-05,1.0390544780136679e-07,5.312657140166266e-05,0.12803762778639793,0.012822196544710262,0.007735614548437297,0.015725428542480522,0.009269809117540717,0.6049343943595886,0.3664860110729933
2283,0.00028070042289682237,2.822116312017897e-05,2.228550147265196e-05,1.0163129893214773e-07,5.196380698180292e-05,0.12798075750470161,0.012819347912147911,0.007734213839285076,0.015712969450185382,0.009263100801035762,0.6039762496948242,0.3659785035997629
2284,0.00028000708330906226,2.839112585206749e-05,2.2547837943420745e-05,1.0124107063802512e-07,5.176427566766506e-05,0.1279730722308159,0.01281896365725722,0.007735489401966333,0.01572998974738557,0.009271702030673623,0.6052854359149933,0.3666292540729046
2285,0.00027931452298162455,2.8453303457354195e-05,2.248677947136457e-05,1.0232676750376868e-07,5.231939394434448e-05,0.12802346237003803,0.012821486928636114,0.007734732935205102,0.0157163819053773,0.009266066597774625,0.6042386144399643,0.36613103840500116
2286,0.0002786227426739862,2.8553255106089637e-05,2.252283729831106e-05,1.0302211705948139e-07,5.2674922699225135e-05,0.12802396528422832,0.012821512181541395,0.007738344720564783,0.01573365863867597,0.009275000775232911,0.6055678278207779,0.3667958965525031
2287,0.0002779317431447699,2.8823378215747653e-05,2.2636081666860264e-05,1.0477771894557009e-07,5.357256031857105e-05,0.1279902569949627,0.012819824525456814,0.007734974496997893,0.015722309951530008,0.009267828892916441,0.6046944856643677,0.3663423713296652
2288,0.0002772415251517404,2.8586860480572795e-05,2.2282218196778558e-05,1.0523318039190599e-07,5.380542643251829e-05,0.12799478508532047,0.012820051119853577,0.007736384053714573,0.01572473322362105,0.00927148130722344,0.6048809587955475,0.366437871940434
2289,0.00027655208945180735,2.8916647352161817e-05,2.2713104044669308e-05,1.0508722247948299e-07,5.3730819672637153e-05,0.1280133966356516,0.012820983136968972,0.007736215018667281,0.01572899233535461,0.009270875249058008,0.6052086502313614,0.3666110234335065
2290,0.00027586343680102043,2.8728603410854703e-05,2.23594952331041e-05,1.0601468325432961e-07,5.420503202913096e-05,0.1280524879693985,0.012822940592158376,0.007737053791061044,0.01571915891945641,0.009268871042877436,0.6044521778821945,0.3662523329257965
2291,0.0002751755679545726,2.838075397448847e-05,2.2088228888605954e-05,1.0473526046439474e-07,5.3550853408523835e-05,0.12805106677114964,0.012822869381096488,0.007738697342574596,0.015727501014113035,0.00927316746674478,0.6050939112901688,0.3665724890306592
2292,0.00027448848366679605,2.819130077114096e-05,2.206159797424334e-05,1.0309092779436924e-07,5.2710109230247326e-05,0.12795116379857063,0.012817866168672044,0.007733570062555373,0.01571863771700903,0.009267446817830205,0.6044120937585831,0.36618162877857685
2293,0.00027380218469116304,2.846515553756035e-05,2.24327504838584e-05,1.0286536422654535e-07,5.259476984065259e-05,0.12805645912885666,0.012823139044803894,0.007738329470157623,0.015728146249087697,0.009271862916648388,0.6051435619592667,0.36660001054406166
2294,0.0002731166717802842,2.873619359888835e-05,2.2750967218598817e-05,1.0302634834147284e-07,5.267710093903588e-05,0.12800108455121517,0.01282036638729831,0.007736097788438201,0.01572180505134399,0.00926855648867786,0.6046556979417801,0.36632839124649763
2295,0.00027243194568590926,2.8670910069195088e-05,2.2554070255864644e-05,1.0392832372474459e-07,5.313826659403276e-05,0.12793123722076416,0.01281686793156028,0.007736550061963499,0.01571209552670949,0.009263824671506882,0.6039090752601624,0.36592015624046326
2296,0.0002717480071589233,2.9432833798637148e-05,2.3215874989546137e-05,1.0620176382758473e-07,5.430066357803298e-05,0.12804444879293442,0.012822537861444968,0.0077365676406770945,0.01573243449815614,0.009275034302845597,0.605473592877388,0.3667590208351612
2297,0.0002710648569493496,2.9135199383745203e-05,2.3193821107270196e-05,1.034637016061879e-07,5.290070839691907e-05,0.12808683328330517,0.012824660176671403,0.007738851010799408,0.0157272488806888,0.009270681301131845,0.6050745248794556,0.36658067908138037
2298,0.0002703824958063458,2.9294161322468426e-05,2.348130828977446e-05,1.0276913542384136e-07,5.254557072476018e-05,0.1280173771083355,0.012821182187408036,0.007736247731372714,0.0157210721999074,0.009269100381061435,0.6045993268489838,0.36630835197865963
2299,0.0002697009244782047,2.9200494736869587e-05,2.3566121853946242e-05,1.0118962556759925e-07,5.1737987632805016e-05,0.12804439663887024,0.01282253544984571,0.007737322128377855,0.015725903830927476,0.009271234273910522,0.6049710214138031,0.36650770902633667
2300,0.00026902014371235264,2.872246659535449e-05,2.2905700916453497e-05,1.0168157693613011e-07,5.1989526582474355e-05,0.12804384529590607,0.012822507929210313,0.007736741565167904,0.015723597466169238,0.009270270122215152,0.6047935783863068,0.3664187118411064
2301,0.0002683401542553494,2.8249241950106807e-05,2.287565121150692e-05,9.728899286187698e-08,4.9743599447538145e-05,0.12790795229375362,0.012815701709356394,0.00773390824906528,0.015723038117698224,0.00926884775981307,0.6047505587339401,0.3663292555138469
2302,0.0002676609568528864,2.81079101114301e-05,2.2690726837026887e-05,9.735362915819223e-08,4.977664502803236e-05,0.12800302356481552,0.012820463434762114,0.007736617233604193,0.015724442177685448,0.009271152783185244,0.6048585474491119,0.36643078550696373
2303,0.0002669825522497874,2.775653138087364e-05,2.217887185906875e-05,9.792181288048596e-08,5.006716492061969e-05,0.12805137410759926,0.01282288484329294,0.007737838779576123,0.015721595404247845,0.0092684265691787,0.6046395748853683,0.3663454744964838
2304,0.0002663049411900059,2.7406484605307924e-05,2.1813121747982223e-05,9.736005424088034e-08,4.9779929213400465e-05,0.1279946956783533,0.012820046295719041,0.00773400894831866,0.015727043585580365,0.009269894333556294,0.6050586849451065,0.3665266903117299
2305,0.0002656281244166256,2.7215882255404722e-05,2.1223363091849023e-05,1.001099612096823e-07,5.1185958000132814e-05,0.12795770168304443,0.012818193551943868,0.007733368081972003,0.015719318378031606,0.009267577668651938,0.6044644415378571,0.36621107161045074
2306,0.00026495210267185924,2.7337622668710537e-05,2.168220498788287e-05,9.771087405852086e-08,4.9959297030000016e-05,0.12808669358491898,0.012824652659398795,0.007738386280834675,0.015728183257640076,0.009270664304494858,0.6051463782787323,0.36661653593182564
2307,0.0002642768766970473,2.7092736218037317e-05,2.1786020624858793e-05,9.450393356758013e-08,4.831959904549876e-05,0.12799182161688805,0.012819902280278517,0.007736046682111919,0.015725344217476154,0.009270460112020373,0.6049279570579529,0.36645988933742046
2308,0.0002636024472326576,2.7172652607987402e-05,2.1661939626937965e-05,9.62561301776077e-08,4.9215501348953694e-05,0.12798740714788437,0.01281968135886722,0.007734798011370003,0.015726635300583387,0.00927053578197956,0.6050273180007935,0.3665073625743389
2309,0.0002629288150182854,2.6913321562460624e-05,2.1421125438791933e-05,9.560407043807118e-08,4.888210150966188e-05,0.12804583832621574,0.012822607797626097,0.0077373707899823785,0.01572480262964645,0.00927057140506804,0.6048862934112549,0.3664660658687353
2310,0.0002622559807926507,2.6711363261711085e-05,2.127867173840059e-05,9.474356410521523e-08,4.844212435273221e-05,0.1280185617506504,0.01282124163237825,0.007736054249107838,0.015724900260270305,0.009269870119169354,0.6048938184976578,0.3664561901241541
2311,0.0002615839452935986,2.6479067400941858e-05,2.1107552583998768e-05,9.381064813851481e-08,4.7965124394977465e-05,0.12799794785678387,0.012820209605852256,0.007735113147646189,0.015726445265169604,0.009270465932786465,0.6050126999616623,0.3665053239092231
2312,0.0002609127092580986,2.6372631054982776e-05,2.121452189385309e-05,9.193295724685413e-08,4.700506542576477e-05,0.12804079055786133,0.012822354578608834,0.007736066356301308,0.01572734776836219,0.009272500174120069,0.605082094669342,0.3665614426136017
2313,0.00026024227342224334,2.6463111680641305e-05,2.1168124021642143e-05,9.318074134512244e-08,4.7643064135627355e-05,0.12805946171283722,0.012823289407164982,0.00773803994525224,0.015727536636307642,0.0092706517316401,0.6050966531038284,0.3665780574083328
2314,0.0002595726385212477,2.6233239623252302e-05,2.090444058922003e-05,9.299567338416637e-08,4.754843030241318e-05,0.1280380506068468,0.012822217540349378,0.007737138541415334,0.01572556491899972,0.009272689931094646,0.6049449592828751,0.36649150494486094
2315,0.0002589038052894484,2.5574311621312518e-05,2.0290628526709042e-05,9.135397327497685e-08,4.670903945225291e-05,0.12802467681467533,0.01282154779089073,0.007737113395705819,0.01572917493876206,0.009273397736251354,0.6052227020263672,0.36662368942052126
2316,0.00025823577446030345,2.5581303816579748e-05,2.046715144388145e-05,9.004139300827774e-08,4.603791421686765e-05,0.12803906947374344,0.012822268326955889,0.007736957399174571,0.015725880928576803,0.009271959075704217,0.6049692779779434,0.36650417372584343
2317,0.0002575685467663904,2.5536256998748286e-05,2.02763708330167e-05,9.109338172663684e-08,4.657580029743258e-05,0.12803200259804726,0.0128219148026053,0.007736198022030294,0.015729987087704254,0.009273719042539597,0.6052852421998978,0.3666586223989725
2318,0.0002569021229394063,2.5469080355833285e-05,2.0336884972493863e-05,8.996304323716231e-08,4.599786097969627e-05,0.1280263438820839,0.012821631068146312,0.00773604866117239,0.015723267412487363,0.009271473623812199,0.6047681868076324,0.36639726534485817
2319,0.0002562365037101664,2.5468882085988298e-05,2.0370921902213013e-05,8.969483111798127e-08,4.5860721002100036e-05,0.12805387191474438,0.012823009958728865,0.007736493484117091,0.015729213332622338,0.009273589123040438,0.6052256673574448,0.36663976963609457
2320,0.000255571689808604,2.5542067760397913e-05,2.0327333459135843e-05,9.075151652382374e-08,4.6401002691709436e-05,0.12803258560597897,0.012821943743167242,0.007736564031802118,0.015728064367356076,0.009272732306271791,0.6051372438669205,0.3665849147364497
2321,0.00025490768196376857,2.5240785362257157e-05,2.001488519454142e-05,9.024961933334907e-08,4.6144383304635994e-05,0.12800007313489914,0.012820315593157423,0.007736340165138245,0.015728042855982997,0.009273812640458345,0.6051356047391891,0.36656783893704414
2322,0.00025424448090382706,2.537976706662448e-05,2.0340281025710283e-05,8.90630715844054e-08,4.553770850179717e-05,0.1280156783759594,0.01282109720474046,0.007735425140708685,0.015725361568337048,0.00927063706330955,0.6049292981624603,0.36647248826920986
2323,0.00025358208735605975,2.5317850486317184e-05,2.0137779301876435e-05,9.004180334670764e-08,4.6038132495596074e-05,0.12804405763745308,0.012822518426779238,0.007737914100289345,0.015731425793985124,0.009274343494325876,0.6053959429264069,0.36672000028192997
2324,0.00025292050204686297,2.5421050850127358e-05,2.0430716176633723e-05,8.875930035401325e-08,4.5382387725112494e-05,0.128019442781806,0.012821285754839032,0.007737041916698217,0.015725984335895452,0.00927034649066627,0.6049772202968597,0.36649833153933287
2325,0.000252259725701746,2.5324462967546424e-05,2.0427089111763053e-05,8.784313365595153e-08,4.491395429795375e-05,0.1280575431883335,0.012823193232197603,0.007736996165476739,0.01572805257080029,0.009273004485294223,0.6051363348960876,0.3665969390422106
2326,0.00025159975904533123,2.5012020614667563e-05,2.0155287984380266e-05,8.691412389794095e-08,4.44389497715747e-05,0.12800335325300694,0.012820479893031072,0.00773573643527925,0.015723727727299925,0.009269570000469685,0.6048035770654678,0.3664034651592374
2327,0.00025094060280135246,2.4954495074780425e-05,2.0030364794365596e-05,8.732886769280412e-08,4.465101392270299e-05,0.1280108354985714,0.01282085473857427,0.007735566818155348,0.015725819855478617,0.009271078510209918,0.6049645692110062,0.3664877023547888
2328,0.00025028225769265644,2.529216317270766e-05,2.0230271275067935e-05,8.906702575472991e-08,4.553972939902451e-05,0.12807033583521843,0.012823833817644834,0.007740121684037149,0.01573092569600784,0.00927392253652215,0.6053574532270432,0.3667138945311308
2329,0.000249624724441198,2.5019638997036964e-05,2.02016415187245e-05,8.662598638409236e-08,4.4291628000792116e-05,0.12801781110465527,0.012821204319696454,0.007735006045550108,0.015723760350256043,0.009270356502383947,0.604806125164032,0.3664119681343436
2330,0.00024896800376804395,2.497020068403799e-05,2.024308923864737e-05,8.581827160014655e-08,4.387864646560047e-05,0.12802987173199654,0.012821807835451613,0.007736890693195164,0.015727402243060528,0.0092717744410038,0.6050863265991211,0.3665580991655588
2331,0.0002483120963933686,2.487601568645914e-05,2.003685176532599e-05,8.651066885079217e-08,4.423267091624439e-05,0.1280262153595686,0.012821624967786495,0.007736672065220773,0.015728380789315603,0.009273377479985356,0.6051615625619888,0.3665938889607787
2332,0.0002476570030364548,2.4777893486316316e-05,1.9995386992377462e-05,8.587552358108042e-08,4.390791946207173e-05,0.1280863806605339,0.012824637483004822,0.007739693392068148,0.01572685737192479,0.009273017989471555,0.6050443649291992,0.36656537279486656
2333,0.000247002724415693,2.476022882547113e-05,2.003528061322868e-05,8.539068474533451e-08,4.3660019400704186e-05,0.12800299935042858,0.012820462299708303,0.007737238192930818,0.015731564546675864,0.00927425897680223,0.6054066270589828,0.3667048132047057
2334,0.00024634926124857955,2.477710040693637e-05,2.001783877858543e-05,8.56921040792713e-08,4.381414328236133e-05,0.12802022509276867,0.012821324627878019,0.007735642604529858,0.015727271087097663,0.00927293743006885,0.6050762385129929,0.36654823180288076
2335,0.00024569661425171704,2.5010641365952324e-05,1.9981901914434275e-05,8.825706920845278e-08,4.512559371505631e-05,0.12806093506515026,0.012823363311037714,0.007737792911939323,0.015728977417059822,0.009274147218093276,0.6052075028419495,0.36663421895354986
2336,0.00024504478414081346,2.482140689608059e-05,2.0042220057803206e-05,8.593464784212301e-08,4.393815288494807e-05,0.12805907987058163,0.012823270257339611,0.0077374400570988655,0.015731335488451452,0.00927371857687831,0.6053889840841293,0.3667240319773555
2337,0.0002443937716306795,2.450658530506189e-05,1.969651043509657e-05,8.556055774988636e-08,4.3746878873207606e-05,0.12803659960627556,0.012822144906640777,0.007737397216260433,0.015727523451478785,0.009273891104385257,0.605095624923706,0.3665661122649908
2338,0.00024374357743523097,2.4486366783094127e-05,1.9702529243659228e-05,8.531576511927597e-08,4.362171694083372e-05,0.12802415154874325,0.012821521544965546,0.007735476479865611,0.015729947076791942,0.009272807743400335,0.6052821576595306,0.36665315460413694
2339,0.00024309420226748533,2.4600845790700987e-05,1.9781070477620233e-05,8.582080646135637e-08,4.3879943405045196e-05,0.12804934941232204,0.012822783274762384,0.007737530278973281,0.015728175046375033,0.009272800758481026,0.6051457524299622,0.3665975509211421
2340,0.00024244564683956188,2.4452605430269614e-05,1.9786156371992547e-05,8.433135967322869e-08,4.311839529691497e-05,0.12808055244386196,0.012824345440299416,0.0077378349378705025,0.015728412593071308,0.009274186566472054,0.6051640659570694,0.3666223092004657
2341,0.0002417979118626811,2.4305048100359272e-05,1.9543294911272824e-05,8.478836477365803e-08,4.3352060856705066e-05,0.1280327271670103,0.012821950836432259,0.007736716652289033,0.015730037852848256,0.009273857809603214,0.605289101600647,0.36666091438382864
2342,0.00024115099804716448,2.4280165689560818e-05,1.9604403860284947e-05,8.406696316853868e-08,4.298320800444344e-05,0.12800833210349083,0.012820729460227123,0.007735867984592915,0.015727441450847653,0.009273071773350239,0.6050893217325211,0.36654882691800594
2343,0.00024050490610243137,2.441505239403341e-05,1.9730381382032647e-05,8.440047416513607e-08,4.3153733713552356e-05,0.12803206779062748,0.012821917923649437,0.007735792547464371,0.015727483896925888,0.009272303199395537,0.6050925850868225,0.366562326438725
2344,0.0002398596367370018,2.4465619389957283e-05,1.951144713530084e-05,8.660776096292011e-08,4.428230749908835e-05,0.1280827336013317,0.01282445479752604,0.007738153915852308,0.015735486694642132,0.009276957949623466,0.6057085394859314,0.36689563654363155
2345,0.00023921519065849169,2.451937507430557e-05,1.967579578376899e-05,8.584767918762282e-08,4.3893690417462494e-05,0.1280151978135109,0.012821073227892634,0.007735877530649304,0.015729436870917487,0.009273109724745154,0.6052428930997849,0.3666290454566479
2346,0.00023857156857361606,2.4364048840652686e-05,1.9574664747779025e-05,8.511991822501841e-08,4.3521583393157925e-05,0.12802207469940186,0.012821417553825711,0.007736102677881718,0.01572873224615725,0.009274314623326063,0.6051886528730392,0.36660536378622055
2347,0.00023792877118818502,2.464860699546989e-05,1.97597128135385e-05,8.645494098402651e-08,4.4204182813700754e-05,0.12806421890854836,0.012823527430015032,0.007738395710475743,0.015729775005581308,0.00927376956678927,0.6052689105272293,0.36666656471788883
2348,0.00023728679920710487,2.4883594960556366e-05,1.9743345546885394e-05,8.888094527037538e-08,4.544458715827204e-05,0.12809371948242188,0.012825004548133501,0.00773897732142359,0.015730259760517933,0.009275443386286497,0.6053061932325363,0.3666999563574791
2349,0.0002366456533343763,2.4725610728637548e-05,1.962004171218723e-05,8.830067343978953e-08,4.514788633969147e-05,0.1280386820435524,0.012822249317467511,0.007737305131740868,0.01573494892396696,0.009278036188334227,0.6056671291589737,0.36685290560126305
2350,0.0002360053342730951,2.524464480302413e-05,1.990234432014404e-05,9.116780042006667e-08,4.6613846279797144e-05,0.1280541941523552,0.012823025846315918,0.00773708603810519,0.015730027676704957,0.009274458047002554,0.6052883416414261,0.36667126789689064
2351,0.0002353658427254487,2.521988790249452e-05,1.992556735785911e-05,9.074399365260888e-08,4.639716644305736e-05,0.12804299592971802,0.012822465229550847,0.007737371022813022,0.01572977246150359,0.00927506247535348,0.6052687019109726,0.3666558489203453
2352,0.00023472717939271867,2.5110858587140683e-05,1.9888583665306214e-05,8.996716260867288e-08,4.599995827447856e-05,0.12799086794257164,0.012819855031510596,0.0077351093059405684,0.015734834940117584,0.009277064586058259,0.6056583374738693,0.3668246027082205
2353,0.00023408934497527734,2.4896623017411912e-05,1.9728581719391514e-05,8.912386739723388e-08,4.556878411676735e-05,0.12805265560746193,0.012822948677851557,0.007736782659776509,0.01572856316852531,0.009274376789107919,0.605175644159317,0.3666141498833895
2354,0.0002334523401725885,2.4939016839198302e-05,1.9799829715339e-05,8.898104297827558e-08,4.54957598776673e-05,0.1280589159578085,0.012823262313699953,0.0077371824299916625,0.015733236767229937,0.009276217082515359,0.6055353283882141,0.3667971221730113
2355,0.00023281616568320593,2.4815070901240688e-05,1.965874207598972e-05,8.887272606727947e-08,4.544038438325515e-05,0.12807302549481392,0.01282396899467456,0.0077382203890010715,0.015731627678745058,0.009276313008740544,0.605411484837532,0.366742255166173
2356,0.00023218082220477298,2.463482860548538e-05,1.9714408153959084e-05,8.667462658706881e-08,4.431650449987501e-05,0.12805075757205486,0.012822853918881391,0.0077381187584251165,0.015731533327427147,0.009275534190237522,0.6054042130708694,0.36672748532146215
2357,0.0002315463104340215,2.4699212190171238e-05,1.9612158212112263e-05,8.810418883342663e-08,4.504742992139654e-05,0.12803824804723263,0.012822227470707255,0.007736212806776166,0.015731780882804625,0.009274766314774752,0.605423241853714,0.3667307449504733
2358,0.0002309126310667718,2.4506526187906275e-05,1.9509352114255307e-05,8.702416742778496e-08,4.449522202776279e-05,0.12803778424859047,0.012822204489010187,0.0077374218963086605,0.01573195813514924,0.00927567738108337,0.6054369062185287,0.3667373452335596
2359,0.00023027978479793086,2.435802389300079e-05,1.9588370605561067e-05,8.495378800432718e-08,4.343663385952823e-05,0.12807471305131912,0.01282405324910131,0.007738022948615253,0.015730666910743152,0.009275250602513552,0.605337530374527,0.36670612171292305
2360,0.0002296477723214921,2.442588220219477e-05,1.9630686892924132e-05,8.528632200466291e-08,4.3606662984529976e-05,0.1280006356537342,0.012820343686031166,0.007734998711384833,0.01573498672573062,0.009276872966438532,0.6056700348854065,0.36683533526957035
2361,0.0002290165943305349,2.4451868739561178e-05,1.9676427655213047e-05,8.5182604081524e-08,4.3553630348469596e-05,0.128074049949646,0.012824020199871949,0.007738640415482223,0.015728735599935942,0.009274182841181755,0.6051889061927795,0.36663147807121277
2362,0.00022838625151722308,2.4072312498901738e-05,1.9219228761357954e-05,8.504765247607793e-08,4.348464426584542e-05,0.12804805487394333,0.012822718020812696,0.007736805593594909,0.01573279014229784,0.009276124648749828,0.6055009514093399,0.3667745031416416
2363,0.00022775674457280474,2.4129360554070445e-05,1.932589339048718e-05,8.477108792703802e-08,4.334322420618264e-05,0.1280581708997488,0.012823225148749047,0.007737075560726225,0.01572954025485907,0.009274500189349055,0.60525082051754,0.3666544957086444
2364,0.0002271280741876119,2.4513816242688335e-05,1.9717459508683532e-05,8.546738072823246e-08,4.369923863123404e-05,0.12804918363690376,0.012822774763396475,0.007737749721854925,0.01573312797366304,0.009276599623262882,0.605526939034462,0.36678806133568287
2365,0.00022650024105105843,2.4300179575220682e-05,1.9349520243849838e-05,8.625670133710628e-08,4.4102816900704056e-05,0.1280722338706255,0.01282392899490444,0.007737955078482628,0.015731185286422054,0.0092751185875386,0.6053774356842041,0.3667248347774148
2366,0.00022587324585164029,2.4071699044725392e-05,1.94471874692681e-05,8.325831046818166e-08,4.256974625604926e-05,0.12806346081197262,0.01282348969843955,0.0077375456457957625,0.015730242993242115,0.009275133721530437,0.6053048968315125,0.36668417882174253
2367,0.00022524708927693462,2.3963715193531243e-05,1.9307621187181212e-05,8.329418399455335e-08,4.258809076418402e-05,0.12801435589790344,0.012821031090956747,0.007735532009974122,0.01573168803554135,0.009274308802559972,0.6054161041975021,0.3667152300477028
2368,0.00022462177201359898,2.3916657937661512e-05,1.9290721638753894e-05,8.296620457315385e-08,4.242040085955523e-05,0.12805948965251446,0.012823290967519864,0.0077391298254951835,0.01573419275401416,0.009277928154915571,0.6056089103221893,0.3668341999873519
2369,0.00022399729474737037,2.3827014956623316e-05,1.9216908867747406e-05,8.266704831783045e-08,4.226743840263225e-05,0.12808536365628242,0.01282458628027208,0.0077377998968586326,0.015730393088633682,0.009274774929508567,0.6053164750337601,0.36670091934502125
2370,0.00022337365816306432,2.3706902993581025e-05,1.9116949260933325e-05,8.227448411446403e-08,4.2066717469424475e-05,0.12802517972886562,0.012821572901806699,0.007737154723145068,0.015733869396742442,0.009276681579649448,0.6055840253829956,0.3668046025559306
2371,0.0002227508629445754,2.3730239263386466e-05,1.9198744666937273e-05,8.186278499522359e-08,4.185621401120443e-05,0.128076009452343,0.012824118354415569,0.007738068699836731,0.015731236741474298,0.009275705087929964,0.6053813993930817,0.3667287044227123
2372,0.00022212890977487483,2.3497268102801172e-05,1.8956675376102794e-05,8.147830321547644e-08,4.1659634007373825e-05,0.12807372212409973,0.012824003320618945,0.007738844375126064,0.015729722273704467,0.00927414558827877,0.6052648723125458,0.36666929721832275
2373,0.00022150779933601022,2.3409267669194378e-05,1.8806319985742448e-05,8.179400801111569e-08,4.182105476502329e-05,0.1280937809497118,0.012825007810257175,0.007738133193925023,0.015732897550797688,0.009276348864659667,0.6055092364549637,0.36680150870233774
2374,0.00022088753230910555,2.3320493710343726e-05,1.881855132523924e-05,8.083020830440546e-08,4.1328257793793455e-05,0.1280564945191145,0.012823140888881266,0.007738052634522319,0.01573435425674868,0.009276696247979999,0.6056213825941086,0.36683893855661154
2375,0.00022026810937435948,2.331047789994045e-05,1.875064867817855e-05,8.126347417203306e-08,4.15497916037566e-05,0.1280753668397665,0.012824085872720575,0.007737086969427764,0.01572854478035589,0.009274032898247242,0.6051742285490036,0.36662479769438505
2376,0.0002196495312110452,2.3190269075712422e-05,1.868017125161714e-05,8.063929435309092e-08,4.12306580983568e-05,0.128050422295928,0.012822836896237704,0.007738005602732301,0.015730430670075332,0.009274676442146301,0.6053193509578705,0.36668488662689924
2377,0.00021903179849750999,2.3558940029033693e-05,1.9204433556296863e-05,8.014313124249384e-08,4.0976961827254854e-05,0.12804821506142616,0.01282272653221627,0.007739129359833896,0.015732659724963537,0.009276126511394978,0.6054909229278564,0.3667695689946413
2378,0.00021841491191117277,2.322390491826809e-05,1.8812910639098845e-05,7.992979789150922e-08,4.086788339918712e-05,0.1280400324612856,0.01282231684358206,0.007737153791822493,0.01573120771853294,0.009276038967072964,0.6053791642189026,0.3667095983400941
2379,0.00021779887212852581,2.339249431315693e-05,1.8968611584568862e-05,8.036034770952938e-08,4.108802204427775e-05,0.1280781701207161,0.01282422629517783,0.007737866486422718,0.015731894310660327,0.009275616379454732,0.605432003736496,0.36675508692860603
2380,0.0002171836798251323,2.314061111974297e-05,1.871463882707758e-05,7.988405492653783e-08,4.0844498471415136e-05,0.12805200740695,0.012822915909484495,0.007737532490864396,0.015732862056358408,0.009275406366214156,0.6055064797401428,0.3667792435735464
2381,0.00021656933567562576,2.306578107891255e-05,1.8479152458894532e-05,8.099456039190045e-08,4.141229510423727e-05,0.1280438546091318,0.012822507929210313,0.0077366981422528625,0.01573174850773146,0.009275741875171661,0.605420783162117,0.3667323188856244
2382,0.00021595584035370973,2.285904020027374e-05,1.8436735444993246e-05,7.930466239258749e-08,4.054825876664836e-05,0.12806370854377747,0.012823502181078314,0.007737879874184728,0.01573023038886439,0.009275633841753006,0.6053039580583572,0.36668383330106735
2383,0.00021534319453215785,2.2791375613451237e-05,1.8324753000342753e-05,7.951903491232315e-08,4.065786561113782e-05,0.12807084619998932,0.012823859775149327,0.007737046806141734,0.01573183360778117,0.009275370510295033,0.6054273396730423,0.3667490929365158
2384,0.00021473139888281037,2.2764090317650698e-05,1.844876214818214e-05,7.828205550453049e-08,4.0025400721788174e-05,0.12803726643323898,0.012822178102566462,0.007737322710454464,0.01573221169618602,0.009276471100747585,0.6054564416408539,0.36674685403704643
2385,0.00021412045407657695,2.2763874312659027e-05,1.8444839497533394e-05,7.831063797425486e-08,4.004001311841421e-05,0.12808763980865479,0.012824700032326143,0.007740022148936987,0.01573277545883992,0.00927656376734376,0.6054998487234116,0.3667937442660332
2386,0.00021351036078343317,2.2809735128248576e-05,1.8516744148655562e-05,7.819657454888329e-08,3.998169722763123e-05,0.1280856654047966,0.012824601314890707,0.007738383370451629,0.015735462997052363,0.009278322570025921,0.6057067215442657,0.3668961934745312
2387,0.0002129011196724212,2.29511779252789e-05,1.8587808881420642e-05,7.902380438906675e-08,4.040465137222782e-05,0.12805396132171154,0.012823013930627474,0.007737875333987176,0.01573351863271683,0.009276705328375101,0.6055570393800735,0.36680550035089254
2388,0.0002122927314116487,2.3238743779074866e-05,1.8824831840902334e-05,7.998162843136924e-08,4.089438971277559e-05,0.12808848172426224,0.012824742582710512,0.007737800828181207,0.015734726388807824,0.0092783416621387,0.6056499928236008,0.3668692372739315
2389,0.00021168519666828786,2.291191412950866e-05,1.856848098213959e-05,7.879103947061594e-08,4.0285642171511427e-05,0.12807399779558182,0.012824017504866657,0.007738993619568646,0.01573474072363499,0.00927720870822668,0.6056511104106903,0.36686255410313606
2390,0.00021107851610857478,2.283998765051365e-05,1.8521021502238e-05,7.845896377034478e-08,4.011584860563744e-05,0.12808376550674438,0.012824506284457724,0.0077383064199239016,0.015734824998282243,0.009278814774006605,0.6056576073169708,0.3668706864118576
2391,0.00021047269039780984,2.269346805405803e-05,1.8188600733992644e-05,7.962673187478231e-08,4.071293278684607e-05,0.12803084403276443,0.012821856353820238,0.007736153434962034,0.015732430104582664,0.009276323718950152,0.6054732650518417,0.3667520545423031
2392,0.00020986772020035435,2.269076503580436e-05,1.832669113355223e-05,7.852000116770341e-08,4.014705973531818e-05,0.1281032096594572,0.012825479674797694,0.0077389131765812635,0.015736355273379413,0.009278992889449,0.605775386095047,0.3669392978772521
2393,0.00020926360617963286,2.2723351321474183e-05,1.8295466361450963e-05,7.908293397917987e-08,4.0434890252072364e-05,0.12807109393179417,0.01282387183189584,0.007738015381619334,0.015734863725163563,0.009278400335460901,0.6056605577468872,0.3668658258393407
2394,0.00020866034899813025,2.2712820737069706e-05,1.824601054067898e-05,7.936685619824857e-08,4.058005924889585e-05,0.1280468050390482,0.012822656029252909,0.00773680757265538,0.015733883732350396,0.009278203127905726,0.6055850982666016,0.3668159516528249
2395,0.00020805794931739216,2.258937274746131e-05,1.8126489749192842e-05,7.909469701417038e-08,4.044090565002989e-05,0.128090662881732,0.012824851511051196,0.007739425171166658,0.015734930312056073,0.00927854678593576,0.6056657284498215,0.36687819566577673
2396,0.00020745640779802323,2.2709225504513597e-05,1.8316827663511503e-05,7.877769725439521e-08,4.0278813685290515e-05,0.12809003330767155,0.012824820024047782,0.0077400560257956386,0.015733464988484932,0.009277548175305128,0.6055529117584229,0.3668214725330472
2397,0.0002068557250996884,2.2831756268715253e-05,1.8432713204674656e-05,7.906932175671955e-08,4.0427924432151485e-05,0.1280612349510193,0.012823378347090197,0.007738077663816512,0.01573202323123624,0.009276860160753131,0.6054419279098511,0.3667515814304352
2398,0.00020625590188110877,2.2797341898694867e-05,1.82996659532364e-05,7.977364369082807e-08,4.0788043406791985e-05,0.1280529461801052,0.012822963146973999,0.0077393860556185246,0.01573480442097518,0.00927852769382298,0.6056559979915619,0.36685447208583355
2399,0.00020565693880006484,2.321829242646345e-05,1.870956270977331e-05,8.068341017519742e-08,4.1253208109992556e-05,0.1281000692397356,0.012825322388546483,0.007739820866845548,0.01573528647778507,0.009279132820665836,0.6056931167840958,0.3668965930119157
2400,0.00020505883651339294,2.3305012291530147e-05,1.8851146478482406e-05,8.042381693940115e-08,4.112047463422641e-05,0.1280691847205162,0.012823776512366908,0.007740756613202393,0.015732350788808303,0.009276769123971462,0.6054671555757523,0.36676817014813423
2401,0.0002044615956769854,2.321515285075293e-05,1.8739434381132014e-05,8.041901189415057e-08,4.111802627448924e-05,0.12803516909480095,0.012822073265568109,0.007736888830550015,0.015733158727287446,0.009276965400204062,0.6055293530225754,0.36678226105868816
2402,0.00020386521694579007,2.306260466866661e-05,1.82857643267198e-05,8.247642924175125e-08,4.2169961488980334e-05,0.12809461541473866,0.012825049224972558,0.007738964632153511,0.015738497963310918,0.009280695114284754,0.6059403717517853,0.36701749358326197
2403,0.0002032697009738094,2.2928034923097584e-05,1.830839164540521e-05,8.098342441087425e-08,4.140660530538298e-05,0.12810672633349895,0.012825656105411714,0.007738663349300623,0.015736094496723998,0.009278646437451243,0.6057553291320801,0.3669310277327895
2404,0.00020267504841409942,2.283121557411505e-05,1.8356995497015305e-05,7.96563881522161e-08,4.072809224453522e-05,0.12804146483540535,0.012822388341433393,0.0077364579774439335,0.015735543799906958,0.009277873206883669,0.6057129204273224,0.36687719263136387
2405,0.0002020812599187699,2.2563836864719633e-05,1.817258362279972e-05,7.848438521307344e-08,4.0128850741893984e-05,0.12806796841323376,0.01282371566068996,0.007738400949165225,0.01573542011010404,0.009279379155486822,0.6057033836841583,0.36688567604869604
2406,0.0002014883361389827,2.2379101210390218e-05,1.806065847631544e-05,7.755344810789211e-08,3.965286941820523e-05,0.12810620106756687,0.012825629158770786,0.007739331922493875,0.01573008480178777,0.009275130229070783,0.6052927374839783,0.36669946927577257
2407,0.00020089627772495132,2.2659791738988133e-05,1.814809229472303e-05,7.961431691683174e-08,4.07065881518065e-05,0.1280696727335453,0.012823800909694755,0.007737891864962876,0.015737571827221655,0.009280038066208363,0.6058690696954727,0.366969371214509
2408,0.00020030508532594055,2.253808315799688e-05,1.8137883671442978e-05,7.850399441622358e-08,4.013887701148633e-05,0.12805911898612976,0.012823272243248756,0.007740091881714761,0.01573721051187947,0.009279694873839617,0.605841264128685,0.3669501915574074
2409,0.00019971475959026512,2.2783709937357344e-05,1.8344245972912177e-05,7.929156531361059e-08,4.0541566704632714e-05,0.12809916771948338,0.012825277429002066,0.007739650551229715,0.015732628623506963,0.009276807773858309,0.6054885387420654,0.3667938532307744
2410,0.00019912530116528973,2.2779585833632154e-05,1.831786130424007e-05,7.945766533623555e-08,4.062648349645315e-05,0.12803426571190357,0.012822027869037649,0.007736844359897077,0.015733603491968774,0.009277047356590629,0.6055635511875153,0.3667989084497094
2411,0.00019853671069742764,2.2616245587414596e-05,1.8067249584419187e-05,7.982092853353606e-08,4.0812225961417425e-05,0.12807968817651272,0.012824301895722616,0.007738448795862496,0.015739628831829843,0.00928079104050994,0.6060274690389633,0.367053578607738
2412,0.00019794898883214077,2.2481122869066894e-05,1.8041077055386268e-05,7.870431328882432e-08,4.0241302940557944e-05,0.1280807927250862,0.012824357638427972,0.007737437495961785,0.015736580559661335,0.009279599413275719,0.6057927757501602,0.3669367842376232
2413,0.00019736213621393805,2.238588331238134e-05,1.7955047951545566e-05,7.844599991813084e-08,4.010922293673502e-05,0.1280963458120823,0.012825136308903574,0.007738845073617995,0.01573667904192796,0.009279744699597359,0.6058003157377243,0.3669483307749033
2414,0.00019677615348637532,2.2228443413041532e-05,1.7957241198018892e-05,7.688923453486041e-08,3.9313253182626795e-05,0.12805025093257427,0.012822828668618488,0.007737124455161393,0.015737703012921128,0.009279793361201882,0.6058791875839233,0.3669647192582488
2415,0.00019619104129205454,2.222616512881359e-05,1.7889716673380462e-05,7.739520313521098e-08,3.9571956222062e-05,0.1280804518610239,0.012824340475941451,0.007738134823739529,0.015740084276719996,0.009281257167458534,0.6060625463724136,0.36707149911671877
2416,0.00019560680027262277,2.2382941551768454e-05,1.802554515961674e-05,7.786571387669028e-08,3.9812525756133255e-05,0.12806445360183716,0.012823539487074017,0.007738057989627123,0.01573592330189792,0.009279105579480529,0.6057421565055847,0.36690330505371094
2417,0.000195023431068772,2.2703434297000058e-05,1.8360941794526298e-05,7.837593862802805e-08,4.0073401578410994e-05,0.1280851513147354,0.012824575642559576,0.007741518667899072,0.015734058880054223,0.009278722107410431,0.6055986136198044,0.3668418824672699
2418,0.0001944409343202383,2.342495008633705e-05,1.8862756633097888e-05,8.150585095734186e-08,4.1673720261314884e-05,0.1281186118721962,0.012826250477184097,0.007741198525764048,0.015738326101166406,0.00928139197640121,0.6059271693229675,0.36702289059758186
2419,0.00019385931066580065,2.2882886241859524e-05,1.8339506596021238e-05,8.029850739887934e-08,4.1056404370465316e-05,0.12810141779482365,0.012825389756653989,0.0077386717312037945,0.015735279195022274,0.009279046673327684,0.6056925654411316,0.3668969916179776
2420,0.00019327856074328076,2.276948362123221e-05,1.829416623877478e-05,7.954425207401528e-08,4.067075497005135e-05,0.1280602104961872,0.01282332699747977,0.007739328080788255,0.01573897516853103,0.009280677419155836,0.6059771329164505,0.36701867170631886
2421,0.00019269868518954208,2.279508589708712e-05,1.829809411901806e-05,7.976386839914085e-08,4.0783052099868655e-05,0.12806183099746704,0.012823407993594852,0.007737967534922063,0.015736681584889122,0.009279940742999315,0.6058005392551422,0.3669311851263046
2422,0.0001921196846404892,2.2564626306120772e-05,1.809332707125577e-05,7.911214261469013e-08,4.044981778861256e-05,0.12810590118169785,0.01282561455083125,0.007741388282738626,0.015735694422718556,0.00927983969449997,0.6057245582342148,0.3669152297079563
2423,0.00019154155973106698,2.262902535221656e-05,1.8283496729054605e-05,7.825415160311877e-08,4.001113939011702e-05,0.12811141274869442,0.012825890538798968,0.007739148335531354,0.015735970464466665,0.009279314195737243,0.6057457774877548,0.3669285951182246
2424,0.000190964311095261,2.2270029603532748e-05,1.794455874915002e-05,7.739511254101217e-08,3.9571912566316314e-05,0.12807316333055496,0.01282397551944792,0.0077392407692968845,0.015736694646455895,0.009279085090383887,0.6058015525341034,0.3669373579323292
2425,0.00019038793936609422,2.2160037133289734e-05,1.78445420715434e-05,7.710194438459439e-08,3.942201601603301e-05,0.12810738012194633,0.012825688299482175,0.007738806656561792,0.015735201974409408,0.009279368910938501,0.6056866347789764,0.3668970074504614
2426,0.00018981244517562968,2.199787331846892e-05,1.7562632592671434e-05,7.772158383545502e-08,3.973883576691151e-05,0.1280982792377472,0.012825233036615874,0.0077384187607094646,0.01573609484350433,0.00927859335206449,0.6057553589344025,0.36692681908607483
2427,0.000189237829154967,2.197820595029043e-05,1.765932961461658e-05,7.677276947504197e-08,3.925370947399642e-05,0.12806104682385921,0.012823368985021854,0.007738333195447922,0.015739577519780477,0.00928067765198648,0.6060235053300858,0.3670422760769725
2428,0.00018866409193424316,2.204049860665691e-05,1.7537279745738488e-05,7.833675930157824e-08,4.0053374505077954e-05,0.12807398289442062,0.012824016511969828,0.007737917825579643,0.015736140849627933,0.00927915284410119,0.6057589054107666,0.3669164441525936
2429,0.00018809123414263116,2.1780139377369778e-05,1.7381880070388434e-05,7.700642612462616e-08,3.93731734220637e-05,0.12812346406280994,0.01282649369224183,0.0077398939756676555,0.01573308357734734,0.009278078563511372,0.6055235415697098,0.36682350281625986
2430,0.0001875192564083405,2.1990428194840206e-05,1.7495110114396084e-05,7.817702218915201e-08,3.997169915237464e-05,0.12807393819093704,0.012824014384333506,0.007737978245131671,0.015737954632123255,0.009279149817302823,0.605898529291153,0.366986233741045
2431,0.00018694815935861375,2.191536896134494e-05,1.775193595676683e-05,7.543381386199144e-08,3.856909734167857e-05,0.1281029973179102,0.012825469321478876,0.007739379536360502,0.015736819597710464,0.009280041558668017,0.605811133980751,0.3669570656493306
2432,0.00018637794361973004,2.2060081391828135e-05,1.778213027137099e-05,7.661273393466672e-08,3.917188132618321e-05,0.12809472531080246,0.0128250547563799,0.00774187536444515,0.0157359023792425,0.009279318619519472,0.6057405322790146,0.3669176287949085
2433,0.00018580860981699983,2.2139579414215405e-05,1.785171752999304e-05,7.684576885935712e-08,3.9291026041610166e-05,0.1280656736344099,0.012823600197739945,0.007737580337561667,0.015736718804546402,0.009279457619413733,0.6058034300804138,0.36693455185741186
2434,0.00018524015857476815,2.1668809949915158e-05,1.735791670398612e-05,7.61051897057996e-08,3.8912381569389254e-05,0.12807542271912098,0.012824088851394723,0.007737559848465025,0.015738554710923624,0.00927967973984778,0.6059447824954987,0.3670101026073098
2435,0.00018467259051641114,2.183675906053395e-05,1.7640538771956926e-05,7.553655834158235e-08,3.862163885059999e-05,0.1280894335359335,0.012824789671637981,0.0077381671871989965,0.01573727882261367,0.009279714897274971,0.6058465391397476,0.36696798633784056
2436,0.0001841059062643369,2.1610790554404957e-05,1.7446427136746934e-05,7.484538855351275e-08,3.826824240604765e-05,0.12808493711054325,0.012824565146674589,0.007738580810837448,0.01573405240598238,0.009278197074308991,0.6055981367826462,0.3668415369465947
2437,0.00018354010643998394,2.1900563297094777e-05,1.77168581103615e-05,7.55634310678488e-08,3.8635377677564975e-05,0.12808768451213837,0.012824702585353186,0.007739243796095252,0.015735574895601664,0.009278935845941305,0.6057152897119522,0.3669014871120453
2438,0.00018297519166382185,2.1818762434122618e-05,1.7652817859925563e-05,7.526451284434188e-08,3.848253891192144e-05,0.12806489504873753,0.012823561189751621,0.007738190004602075,0.015736236098059343,0.009278746554628015,0.6057662069797516,0.36691555101424456
2439,0.00018241116255534798,2.2172117951413384e-05,1.7980760503633064e-05,7.615442321196042e-08,3.893754637829261e-05,0.1281051319092512,0.012825575832619757,0.007739370572380722,0.01573728055638479,0.009280054597184062,0.6058466732501984,0.3669759025797248
2440,0.00018184801973309013,2.1979473785904702e-05,1.7681257531876327e-05,7.66136079022317e-08,3.91723388020182e-05,0.12806082889437675,0.012823357920750456,0.007737685926258564,0.015739503902876952,0.009281584993004799,0.6060178726911545,0.3670393507927656
2441,0.00018128576381460314,2.1884704892727314e-05,1.751242689351784e-05,7.700767312712742e-08,3.937381552532315e-05,0.1280804816633463,0.012824341752490826,0.007737647509202361,0.015736479418194366,0.009278835030272603,0.6057849526405334,0.36693271715193987
2442,0.00018072439541646964,2.1897606075071963e-05,1.7629706007937784e-05,7.62163328005272e-08,3.896920225088252e-05,0.12811018712818623,0.012825828988040135,0.007739431923255324,0.015738131468199922,0.009280725382268429,0.6059121638536453,0.3670111754909158
2443,0.00018016391515429864,2.1778743757749908e-05,1.7376210053043906e-05,7.703711091266996e-08,3.938887584808981e-05,0.12812037765979767,0.01282633882930987,0.0077401259914040565,0.01573576424278069,0.009278407320380211,0.6057299077510834,0.3669251427054405
2444,0.00017960432364272632,2.1686846139346017e-05,1.7317536048722104e-05,7.659748924027099e-08,3.9164085137599614e-05,0.12807218544185162,0.012823926441723388,0.007738107000477612,0.01573455899405295,0.00927919615060091,0.6056371033191681,0.36685464438050985
2445,0.00017904562149541217,2.162571536246105e-05,1.7378419215674512e-05,7.552337422112032e-08,3.8614898585365154e-05,0.12810958176851273,0.01282579863801806,0.007739550084806979,0.015735226019191768,0.009278584038838744,0.6056884825229645,0.3668990321457386
2446,0.00017848780932504265,2.1629712136927992e-05,1.7337514236714924e-05,7.588247097345402e-08,3.879850055454881e-05,0.12808609940111637,0.012824623157607117,0.007738828659057617,0.015741308400122004,0.009282097918912768,0.6061568409204483,0.36712147016078234
2447,0.00017793088774332636,2.1592536995740375e-05,1.7317073343292577e-05,7.567884630077515e-08,3.869439024128951e-05,0.12807992100715637,0.012824314093892588,0.007738234126009047,0.015736095652658422,0.009279468562453985,0.605755403637886,0.3669176623225212
2448,0.0001773748573609967,2.1413017748272978e-05,1.718091493785323e-05,7.498851672949058e-08,3.834142762570991e-05,0.12810451909899712,0.012825545765649619,0.007738711545243859,0.015736910218536196,0.009280177298933268,0.6058181375265121,0.36696132831275463
2449,0.000176819718787809,2.135898648703005e-05,1.7086616480810335e-05,7.519786748844126e-08,3.844846287393011e-05,0.12809891067445278,0.012825264664433915,0.007738680578768253,0.015742323172824126,0.009282954037189484,0.6062349677085876,0.3671669391915202
2450,0.00017626547263254063,2.1484938770299777e-05,1.7183239151563612e-05,7.56736593388041e-08,3.8691734516760334e-05,0.12808436527848244,0.012824536637538232,0.007738533895462751,0.015737858007126862,0.009280706057325006,0.6058911085128784,0.3669877368956804
2451,0.00017571211950299042,2.1684204966732068e-05,1.7296232044827775e-05,7.673832413956916e-08,3.923609529010719e-05,0.1281252633780241,0.012826584028088677,0.007740294560790062,0.01573696281074039,0.009280873695388436,0.6058222204446793,0.3669737419113517
2452,0.00017515966000597856,2.1859354092157446e-05,1.7352362874589744e-05,7.801198087520334e-08,3.9887314414954744e-05,0.12805990874767303,0.012823311961367078,0.007737341918982565,0.015737057245092282,0.009280281374230981,0.6058294624090195,0.36694468557834625
2453,0.00017460809474734363,2.169639947169344e-05,1.7390414541296195e-05,7.612075947349695e-08,3.892033601005096e-05,0.12810785323381424,0.012825711984055107,0.007738667889498174,0.015741582956786692,0.009282052516937256,0.60617795586586,0.3671429045498371
2454,0.00017405742433194526,2.1428488253150135e-05,1.7204931737069273e-05,7.495192377859894e-08,3.832271431747358e-05,0.12808492593467236,0.012824564295656512,0.0077384739415720105,0.015737935677027193,0.009280783357098699,0.605897068977356,0.36699099745601416
2455,0.00017350764936366092,2.1566770556091797e-05,1.7328749436273938e-05,7.533552981442426e-08,3.851885503536323e-05,0.1280936300754547,0.01282500029318833,0.00773959350772202,0.015735977515720923,0.00927978497929871,0.605746328830719,0.36691997945308685
2456,0.00017295877044538617,2.155729816877283e-05,1.744905193845625e-05,7.430175319456112e-08,3.799028127104975e-05,0.12807256542146206,0.012823945874255274,0.007737630512565374,0.01573666494004496,0.00927970907650888,0.6057992428541183,0.3669359041377902
2457,0.00017241078817903415,2.1589185962511692e-05,1.7256933915632544e-05,7.611656549499912e-08,3.891819324053358e-05,0.12810882180929184,0.012825760487654788,0.007738796062767506,0.015744143175155795,0.009283640189096332,0.6063751578330994,0.3672419898211956
2458,0.00017186370316553444,2.1532239316002233e-05,1.7083825241570594e-05,7.691396231024328e-08,3.9325893339992035e-05,0.12806754186749458,0.01282369395827378,0.007737963227555156,0.015740671447195854,0.009281949372962117,0.606107771396637,0.3670876566320658
2459,0.00017131751600483292,2.136601915481151e-05,1.714803875074722e-05,7.478612396027984e-08,3.823793986157398e-05,0.128091461956501,0.012824891649776795,0.007738528656773269,0.015734249979582164,0.0092789800837636,0.6056133508682251,0.36685240641236305
2460,0.0001707722272958909,2.1389340417954372e-05,1.6901696881177486e-05,7.69413706080968e-08,3.9339913200819865e-05,0.1280968002974987,0.012825159143517274,0.007738587562926114,0.015738218498559053,0.009281083010137081,0.6059188842773438,0.3670078422874212
2461,0.0001702278376366843,2.123243029927835e-05,1.7039194062817842e-05,7.433126825162617e-08,3.8005375245120376e-05,0.12810923717916012,0.012825781477459774,0.007739052758552134,0.015742733361853035,0.009283206425607204,0.6062665283679962,0.36718788277357817
2462,0.00016968434762420305,2.1143897356523667e-05,1.694180014055746e-05,7.422743308893587e-08,3.795228394665173e-05,0.12806536816060543,0.012823585161947591,0.0077373579842969775,0.01573542589002303,0.009279329795390368,0.6057038307189941,0.3668845994397998
2463,0.0001691417578544505,2.110997047566343e-05,1.6933427104959264e-05,7.396116252778029e-08,3.78161439584801e-05,0.128133624792099,0.012827002088997369,0.007739744265563786,0.0157393533165214,0.009281731210649014,0.6060062497854233,0.36706993728876114
2464,0.00016860006892244298,2.1026376543886727e-05,1.6814398350106785e-05,7.40748760108545e-08,3.787428659052239e-05,0.1280638873577118,0.01282351125935342,0.0077374165412038565,0.0157386348044565,0.00928075984120369,0.6059509068727493,0.36700739711523056
2465,0.0001680592814222087,2.0906511963403318e-05,1.6815933349789702e-05,7.289071923821666e-08,3.726882459886838e-05,0.12810253538191319,0.012825446203764228,0.007739020395092666,0.01573944993233804,0.009281601756811142,0.6060137003660202,0.3670581178739667
2466,0.0001675193959467876,2.0922121620969847e-05,1.6793134363979334e-05,7.32217255716705e-08,3.7438069739437196e-05,0.12809003330767155,0.012824820307714825,0.007738197688013315,0.015739204808996102,0.009281368693336844,0.6059948205947876,0.3670424269512296
2467,0.00016698041308823035,2.0948195015080273e-05,1.6845588561409386e-05,7.306635652071236e-08,3.735861992026912e-05,0.12811284139752388,0.012825961733087077,0.007739732274785638,0.01574106954579508,0.00928260455839336,0.6061384230852127,0.3671256322413683
2468,0.0001664423334375975,2.0917402252962347e-05,1.6715991023374954e-05,7.377907529360073e-08,3.7723045352322515e-05,0.1280856616795063,0.012824601314890707,0.007737958920188248,0.01573628129462547,0.009279445512220263,0.6057697236537933,0.3669276926666498
2469,0.0001659051575849596,2.0870390926575055e-05,1.6821484905449324e-05,7.24940552032649e-08,3.7066012737341225e-05,0.1281149908900261,0.012826069374696545,0.007739459164440632,0.01573900695087871,0.009281527949497104,0.6059795767068863,0.3670472837984562
2470,0.0001653688861193958,2.0918068912578747e-05,1.6820555401864112e-05,7.296755999419702e-08,3.730812022695318e-05,0.12808938324451447,0.012824787402296044,0.007738434011116624,0.015736788157710218,0.00927987601608038,0.6058087348937988,0.36694905906915665
2471,0.0001648335196289933,2.0885994672426023e-05,1.6841924662003294e-05,7.24867419421571e-08,3.706227380462224e-05,0.12813342362642288,0.012826992304145395,0.007740085711702704,0.015740939081499684,0.009283272083848715,0.6061283349990845,0.3671308793127537
2472,0.00016429905870084705,2.0820797772103106e-05,1.6810326542326948e-05,7.209636443405998e-08,3.686267700686585e-05,0.1280720718204975,0.012823920626142427,0.00773785263299942,0.015741316488981093,0.009282237384468317,0.6061574518680573,0.3671147618442774
2473,0.00016376550392105952,2.0796085664187558e-05,1.6699892512406223e-05,7.271865598568183e-08,3.718085326909204e-05,0.1280975267291069,0.012825195310058265,0.007738420274108648,0.01573808997546884,0.009281497215852141,0.605908989906311,0.36700325831770897
2474,0.00016323285587473862,2.070423624900286e-05,1.6613684238109272e-05,7.2494889202801e-08,3.706643974510371e-05,0.12810718268156052,0.012825678371803867,0.007739031687378883,0.01573736840053826,0.009280717000365257,0.6058533936738968,0.36698028817772865
2475,0.0001627011151459981,2.0656417746067746e-05,1.659814961385564e-05,7.214880604067275e-08,3.6889488001179416e-05,0.12809454090893269,0.012825045821028393,0.007738591753877699,0.015739246761069383,0.009281341219320893,0.6059980392456055,0.3670462900772691
2476,0.0001621702823179571,2.0543857772281626e-05,1.6519206155862776e-05,7.166566717842215e-08,3.6642462873714976e-05,0.12807883694767952,0.012824259769395227,0.007738108863122761,0.01574305827019662,0.009284231113269925,0.6062916070222855,0.3671852219849825
2477,0.00016164035797273875,2.06408249141532e-05,1.6606387134743272e-05,7.193188089615887e-08,3.6778573303308804e-05,0.12813328951597214,0.012826985213668285,0.007739613298326731,0.01574144140354874,0.009283219696953893,0.6061670631170273,0.3671501763164997
2478,0.00016111134269146984,2.065901026071515e-05,1.6485085780004738e-05,7.305867910645247e-08,3.735470636456739e-05,0.12808022648096085,0.012824329270669264,0.007738331565633416,0.015741460701085504,0.009283332852646708,0.6061685383319855,0.36712438240647316
2479,0.00016058323705428127,2.059366534012952e-05,1.6490231246280018e-05,7.237943044913209e-08,3.700740126078017e-05,0.12809805572032928,0.012825221690294427,0.00773914298042655,0.015742866584328448,0.009283812716603279,0.6062768399715424,0.3671874478459358
2480,0.00016005604164030476,2.0832841073570307e-05,1.6601477000222076e-05,7.384803701881992e-08,3.7758297821710585e-05,0.1280931606888771,0.012824976465469292,0.007738963351584971,0.015739743012096186,0.0092825370375067,0.6060362607240677,0.3670647107064724
2481,0.0001595297570276752,2.0762704480148386e-05,1.658144515204185e-05,7.331887275086046e-08,3.748773906409042e-05,0.12814371287822723,0.012827506920508604,0.007739921798929572,0.015740612858250205,0.009283645544201136,0.6061032563447952,0.36712348461151123
2482,0.00015900438379352818,2.0773615688085556e-05,1.6593208783888258e-05,7.333354723471075e-08,3.7495242395380046e-05,0.1280484925955534,0.012822740292306765,0.007737349718809128,0.015740323492685237,0.00928191700950265,0.6060809344053268,0.3670647135004401
2483,0.0001584799225139997,2.0879958810837707e-05,1.6805249970275327e-05,7.271463786651111e-08,3.7178793263592524e-05,0.12817084975540638,0.012828865329118864,0.0077413670951500535,0.015744025560744595,0.00928518665023148,0.6063660979270935,0.36726847384124994
2484,0.00015795637376422574,2.0913963453494944e-05,1.6767840861575678e-05,7.333982310342435e-08,3.7498453821172006e-05,0.1280459277331829,0.012822611911507225,0.007736811297945678,0.01574003608639718,0.009281094651669264,0.6060588359832764,0.36705238185822964
2485,0.00015743373811834228,2.094217688863864e-05,1.6874489119800273e-05,7.278139513289261e-08,3.721292659975006e-05,0.12812131084501743,0.012826385628744694,0.0077402179595083,0.015743574504797703,0.009284852305427194,0.6063313484191895,0.36722632963210344
2486,0.00015691201614948257,2.1296306840667967e-05,1.7332622064714087e-05,7.26603595069264e-08,3.715104230650468e-05,0.12809942662715912,0.012825290193557512,0.007737821666523814,0.015742554266549302,0.009281902341172099,0.6062527596950531,0.3671760931611061
2487,0.00015639120842977938,2.1023892713856185e-05,1.6888861182451365e-05,7.346806363273117e-08,3.756401747523341e-05,0.1281081661581993,0.012825727868295084,0.007739361957646906,0.015740698488174144,0.009283511666581035,0.6061098873615265,0.3671090267598629
2488,0.00015587131553036196,2.1110363377374597e-05,1.705469503576751e-05,7.301629878497806e-08,3.7333034015318844e-05,0.128083361312747,0.012824486285426168,0.007738121086731553,0.015735123366210666,0.009278616402298212,0.6056805551052094,0.3668819582089782
2489,0.00015535233802135655,2.1034858946222812e-05,1.6957125126282335e-05,7.304125126950112e-08,3.734579058800591e-05,0.12813260406255722,0.012826951037513643,0.007739765103906393,0.015740713973157884,0.009283012244850397,0.6061110198497772,0.3671218119561672
2490,0.00015483427647188587,2.0920340830343775e-05,1.6781046042524395e-05,7.329887274920566e-08,3.747751543414779e-05,0.1280638352036476,0.012823508280545109,0.0077380003640428185,0.01573922919437462,0.009280554484575987,0.6059966832399368,0.3670302592217922
2491,0.00015431713145006774,2.0865559690719238e-05,1.677434192970395e-05,7.281562197647418e-08,3.723042937053833e-05,0.12809999287128448,0.012825318701018806,0.0077384770847857,0.015741587578911777,0.009282668121159077,0.6061782836914062,0.36713913828134537
2492,0.0001538009035230148,2.0722394310723757e-05,1.6583174783590948e-05,7.291113846008557e-08,3.727927196450764e-05,0.12810052186250687,0.012825345222828882,0.007738684420473874,0.015741059261226466,0.00928191770799458,0.6061376184225082,0.36711907014250755
2493,0.00015328559325683517,2.0721737200801726e-05,1.6706281940059853e-05,7.194162243706614e-08,3.678355642477982e-05,0.12812121398746967,0.012826380806992634,0.0077399995643645525,0.015741748890227038,0.009283312363550067,0.6061907112598419,0.3671559626236558
2494,0.00015277120121662865,2.059878079307964e-05,1.656151789575233e-05,7.187175832257253e-08,3.674783147289418e-05,0.1280861459672451,0.012824625426978117,0.007738093845546246,0.015740750258806387,0.009283103747293353,0.6061138361692429,0.367099991068244
2495,0.00015225772796648992,2.0342142761364812e-05,1.6322133888024837e-05,7.123483491966454e-08,3.642217507149326e-05,0.1281248740851879,0.012826564315925187,0.007739436696283519,0.015742430054093683,0.009284128434956074,0.6062432080507278,0.3671840410679579
2496,0.00015174517406950513,2.0395643332449254e-05,1.6394304338973598e-05,7.119342182448918e-08,3.640100067059393e-05,0.1280748639255762,0.01282406076672528,0.007738005835562944,0.015741462318842003,0.00928305764682591,0.6061686873435974,0.3671217756345868
2497,0.00015123354008775248,2.0478348233154975e-05,1.6558702100155642e-05,7.071606056285873e-08,3.61569300366682e-05,0.12809046357870102,0.01282484158272513,0.007737876381725073,0.015743742843531146,0.00928417220711708,0.6063443124294281,0.36721738800406456
2498,0.00015072282658230108,2.022620083153015e-05,1.6363996792279067e-05,6.977352917658664e-08,3.567501607903978e-05,0.12812043726444244,0.012826341949277505,0.007739275926724076,0.015742345357968944,0.009283679071813822,0.6062366962432861,0.3671785667538643
2499,0.00015021303411321172,2.0334707414804143e-05,1.631020904824254e-05,7.12554193427195e-08,3.643269974418217e-05,0.12808085605502129,0.012824360475200391,0.007737279520370066,0.015741748659123186,0.009283186867833138,0.6061907261610031,0.3671357911080122
2500,0.00014970416323953323,2.033747796303942e-05,1.6395724060203065e-05,7.061350260073596e-08,3.610449130064808e-05,0.12809287384152412,0.012824961856786322,0.007737893145531416,0.015741454461166024,0.009282631101086736,0.6061680316925049,0.3671304527670145
2501,0.0001491962145193058,2.0247809970896924e-05,1.630513952477486e-05,7.044529581889947e-08,3.601848766265903e-05,0.1281067095696926,0.012825655112641736,0.0077388465870171785,0.015741331857801914,0.009283128660172224,0.6061585694551468,0.3671326395124197
2502,0.00014868918850955722,2.0192213014524896e-05,1.6203057384700514e-05,7.070022789434915e-08,3.6148836898064474e-05,0.12810922041535378,0.012825780484699501,0.007738838321529329,0.015743296863269866,0.009283978724852204,0.6063099503517151,0.36720958538353443
2503,0.00014818308576630365,2.0119059627177194e-05,1.6211943147936836e-05,6.99153375194328e-08,3.574752236090717e-05,0.12809688970446587,0.012825163540239467,0.00773816357832402,0.015739268257129718,0.009281523060053587,0.6059997230768204,0.3670483063906431
2504,0.00014767790684454865,2.007221610256238e-05,1.6182406625375734e-05,6.968833154985532e-08,3.563145310181426e-05,0.1281149871647358,0.012826069091057128,0.007739434135146439,0.015740825141026767,0.009283164516091347,0.6061195880174637,0.36711728759109974
2505,0.0001471736522982831,1.9979558146587806e-05,1.5993801980584976e-05,7.025771520119406e-08,3.5922578717872966e-05,0.12811623886227608,0.012826132342491987,0.007738854154013097,0.015742469917732746,0.009283338440582156,0.6062462478876114,0.36718124337494373
2506,0.00014667032268048357,1.9870025425916538e-05,1.6018021597119514e-05,6.899711912922157e-08,3.527803892211523e-05,0.12808768078684807,0.012824702159848714,0.0077383891912177205,0.015743318815961777,0.009283927967771888,0.6063116192817688,0.36719965003430843
2507,0.00014616791854311315,1.983659467441612e-05,1.5946189023452462e-05,6.923216488985418e-08,3.53982186425128e-05,0.1281092520803213,0.01282578232839709,0.00773880141787231,0.01574193746984079,0.009283603401854634,0.6062052696943283,0.3671572608873248
2508,0.0001456664404371193,1.9826951756840572e-05,1.5965748843882466e-05,6.898483739803396e-08,3.527176158968359e-05,0.12812828458845615,0.012826735200939791,0.007740035303868353,0.01574160595184557,0.009283865336328745,0.606179729104042,0.3671540068462491
2509,0.0001451658889124345,1.9814932784356643e-05,1.5946030316627002e-05,6.90215742338296e-08,3.52905408362858e-05,0.12809349037706852,0.012824993485273122,0.0077384887263178825,0.015741251084658528,0.009283052291721106,0.6061524152755737,0.3671229528263211
2510,0.00014466626451797458,1.9768724087043665e-05,1.5956890820234548e-05,6.848472189346921e-08,3.501605169731192e-05,0.12810885533690453,0.012825762331355251,0.00773920479696244,0.015742758550577485,0.009284117259085178,0.6062684953212738,0.36718867532908916
2511,0.0001441675678016391,1.9758695543714566e-05,1.591840782566578e-05,6.868772217671903e-08,3.511984414217295e-05,0.1280959751456976,0.012825117729156838,0.00773893459700048,0.015742072894493257,0.009282931918278337,0.6062156707048416,0.3671558229252696
2512,0.00014366979931031007,1.9670864730869653e-05,1.584392066433793e-05,6.841154753800538e-08,3.497863690427039e-05,0.12811935506761074,0.012826288058820804,0.0077391117811203,0.015741303546804555,0.009283152176067233,0.6061564385890961,0.3671378968283534
2513,0.0001431729595898516,1.975265013243188e-05,1.594153468431614e-05,6.844767597158352e-08,3.49971114701475e-05,0.12809726782143116,0.012825181978090317,0.007738793268799782,0.015741403617285488,0.009283590130507946,0.6061641275882721,0.3671306977048516
2514,0.00014267704918510967,1.9709534171852283e-05,1.5898461924734875e-05,6.836301835733138e-08,3.495382406981662e-05,0.12811935879290104,0.012826288058820804,0.007740471628494561,0.015742643814455854,0.009284122847020626,0.6062596887350082,0.36718952376395464
2515,0.00014218206863991062,1.9644176518340828e-05,1.591133377587539e-05,6.762317728004064e-08,3.457554475971847e-05,0.12810511514544487,0.01282557498166874,0.007739216787740588,0.015741828851956772,0.009283275110647082,0.6061969101428986,0.3671510126441717
2516,0.0001416880184970613,1.96903306459717e-05,1.5940239109113463e-05,6.784838646467506e-08,3.469069542916259e-05,0.12811189331114292,0.01282591422299844,0.007739307009615004,0.015742953126338517,0.009284356608986855,0.6062834560871124,0.3671976746991277
2517,0.00014119489929834839,1.960054260052857e-05,1.582613549544476e-05,6.786300410510648e-08,3.469816920187441e-05,0.12811526656150818,0.012826083273020324,0.007740063709206879,0.015744518657327313,0.009285366395488381,0.6064040660858154,0.3672596663236618
2518,0.00014070271158453742,1.9620747025328455e-05,1.580254775035428e-05,6.824511622482987e-08,3.489354457997251e-05,0.12810613214969635,0.012825626038629759,0.007739301188848913,0.01574437897900549,0.009284653468057513,0.6063933223485947,0.3672497272491455
2519,0.0001402114558953724,1.9771016468439484e-05,1.599399843144056e-05,6.821684195301714e-08,3.487908770694048e-05,0.1281079575419426,0.012825717515176617,0.00773989234585315,0.01574235471731754,0.009283970110118389,0.6062373965978622,0.3671726770699024
2520,0.00013972113276957597,1.9631612303783186e-05,1.5778066881466657e-05,6.854289402724589e-08,3.5045796721533407e-05,0.12812947668135166,0.012826794336551534,0.007739788619801402,0.01574071327980073,0.009282481390982866,0.6061109900474548,0.36712023336440325
2521,0.0001392317427448471,1.9643119230750017e-05,1.5879690181463957e-05,6.786039286055257e-08,3.4696834518399555e-05,0.1281031258404255,0.012825475136357596,0.007738733082078397,0.01574170682926977,0.009283130522817373,0.606187492609024,0.36714530922472477
2522,0.0001387432863578621,1.949706211235025e-05,1.5732735619167215e-05,6.758175530308108e-08,3.455436581134563e-05,0.12811488658189774,0.012826064552825594,0.007739487336948514,0.015742552186720903,0.009284201543778181,0.60625259578228,0.36718374118208885
2523,0.0001382557641442734,1.9451882280918653e-05,1.5605259704898344e-05,6.813721231679892e-08,3.483837008388946e-05,0.1281151119619608,0.012826075331122866,0.007739576045423746,0.01574165714173039,0.009283500257879496,0.6061836332082748,0.3671493725851178
2524,0.00013776917663870864,1.945077519849292e-05,1.5731646954009193e-05,6.713763234245107e-08,3.4327286812185775e-05,0.12813721038401127,0.01282718161843484,0.007739758933894336,0.015743519970518642,0.009284689091145992,0.6063271760940552,0.3672321932390332
2525,0.00013728352437477064,1.9500850612530485e-05,1.574696079842397e-05,6.750751424533519e-08,3.451640804996714e-05,0.12809504009783268,0.012825070783264624,0.007739307475276291,0.015741867214954606,0.00928366626612842,0.6061998456716537,0.3671474428847432
2526,0.00013679880788503723,1.9544576844054973e-05,1.572013206896372e-05,6.814499897700443e-08,3.4842353670683224e-05,0.12812457419931889,0.012826549141793089,0.007739989552646875,0.015742866006609825,0.009285192703828216,0.6062767803668976,0.36720067728310823
2527,0.00013631502770105865,1.9447577415121486e-05,1.5703216377005447e-05,6.732877899651157e-08,3.4425021112838294e-05,0.12810393050312996,0.012825515273131497,0.0077388432109728456,0.015742699160584683,0.009283574530854821,0.6062639504671097,0.3671839404851198
2528,0.0001358321843533598,1.9509444427967537e-05,1.578681235514523e-05,6.727978707488091e-08,3.439996999077266e-05,0.12812970578670502,0.012826806106916541,0.007739454624243081,0.015744222893657903,0.009285243460908532,0.6063812673091888,0.36725548654794693
2529,0.0001353502783714374,1.961978978215484e-05,1.5654603657822008e-05,6.93931596629227e-08,3.548053246049676e-05,0.1281014196574688,0.012825390182135648,0.0077383811585605145,0.015744559093334762,0.00928483554162085,0.6064071804285049,0.36725430004298687
2530,0.0001348693102837605,1.9708256331796292e-05,1.583519838277425e-05,6.884544223595412e-08,3.5200488127884455e-05,0.1281385961920023,0.012827251245684203,0.007740443339571357,0.015744319479592137,0.009285041829571128,0.606388732790947,0.36726366449147463
2531,0.00013438928061776934,1.954968502104748e-05,1.567765093568596e-05,6.852729139694702e-08,3.5037819543504156e-05,0.12808102928102016,0.012824369269190903,0.007738214102573693,0.01574186155295177,0.009283871622756124,0.6061994135379791,0.36714022140949965
2532,0.00013391018989987582,1.9683528080349788e-05,1.5849362171138637e-05,6.8492809646159e-08,3.502018898871029e-05,0.12815250642597675,0.01282794749739216,0.007740569766610861,0.015745226965623395,0.009285988518968225,0.6064586341381073,0.367305570282042
2533,0.000133432038655461,1.948427370734862e-05,1.5675903341616504e-05,6.790131035216973e-08,3.4717753806035034e-05,0.1280870269984007,0.012824669679632354,0.007738134823739529,0.015742048629069527,0.009282975923269987,0.6062138229608536,0.36715042497962713
2534,0.00013295482740887705,1.950145315277041e-05,1.571872144268127e-05,6.773433547380137e-08,3.463238044787431e-05,0.12812313809990883,0.012826477099874268,0.0077394456602633,0.015744189504363394,0.009285683743655682,0.6063786894083023,0.36725091375410557
2535,0.00013247855668344386,1.943100005519227e-05,1.5623385706931003e-05,6.779119665623057e-08,3.466145517450059e-05,0.1281234510242939,0.012826492983166732,0.007738937041722238,0.015743501715357603,0.009284041589125991,0.6063257455825806,0.36722459830343723
2536,0.00013200322700145128,1.9456975678622257e-05,1.5681274817325175e-05,6.759234061348707e-08,3.455977730482118e-05,0.12811867520213127,0.012826253738990892,0.007739837514236569,0.015742881605005168,0.009284792933613062,0.6062779724597931,0.3671983238309622
2537,0.00013152883888415643,1.941268646987737e-05,1.5686166307204985e-05,6.712096833894066e-08,3.431876484683016e-05,0.12812510319054127,0.01282657594468717,0.007739788852632046,0.015743813436657882,0.009284436702728271,0.6063497215509415,0.36723741237074137
2538,0.00013105539285178386,1.92754764611891e-05,1.5526082052019774e-05,6.703156074649996e-08,3.4273053643119056e-05,0.1281132996082306,0.012825984566231241,0.007739836000837386,0.01574585899787775,0.00928665534593165,0.6065073013305664,0.3673103004693985
2539,0.0001305828894235252,1.929748100337747e-05,1.557973564558779e-05,6.682699904558831e-08,3.416846266190987e-05,0.12811732850968838,0.012826186517239772,0.007738912710919976,0.01574265456017041,0.009284143336117268,0.6062604784965515,0.36718890350311995
2540,0.00013011132911753891,1.9217533008486498e-05,1.5430890471179737e-05,6.720963607875774e-08,3.436410133872414e-05,0.12811360694468021,0.0128260001664927,0.0077395973494276404,0.015745989767971313,0.009286780375987291,0.6065174043178558,0.367315505631268
2541,0.0001296407124509478,1.9267588868387975e-05,1.5498005495828693e-05,6.71740760793682e-08,3.43459205396357e-05,0.12811950966715813,0.012826295716952138,0.007739059394225478,0.015744772824791833,0.009285148698836565,0.6064236760139465,0.36727159284055233
2542,0.0001291710399398415,1.919484930112958e-05,1.545388636259304e-05,6.680790765045685e-08,3.415870105527574e-05,0.128104655072093,0.012825552005969972,0.007738859043456614,0.01574254502286543,0.009283735882490873,0.6062520742416382,0.3671783646568656
2543,0.0001287023120992733,1.9249492879680474e-05,1.5464974012502353e-05,6.725552559316839e-08,3.438756539253518e-05,0.12812157906591892,0.012826399526725788,0.007739535067230463,0.015743249029403578,0.009284618077799678,0.6063062846660614,0.36721393186599016
2544,0.00012823452944326057,1.936495755217038e-05,1.5600414599248325e-05,6.732508417428562e-08,3.4423128454363905e-05,0.12811172381043434,0.012825906280996306,0.007739822380244732,0.015742212708825143,0.009283103980123997,0.6062264442443848,0.36716908402740955
2545,0.0001277676924847845,1.9234085357311415e-05,1.5437351976288483e-05,6.732095148009876e-08,3.442101706241374e-05,0.12812296487390995,0.012826468449144207,0.0077403675531968474,0.015744110132296013,0.009285345673561096,0.6063726097345352,0.3672477873042226
2546,0.0001273018017357891,1.9243391761847306e-05,1.5538309071416734e-05,6.662214246944131e-08,3.406372161407489e-05,0.12812540866434574,0.01282659097697362,0.007739617954939604,0.015744086101081703,0.009285289328545332,0.6063707768917084,0.36724809277802706
2547,0.00012683685770718033,1.915866869239835e-05,1.5465951491933083e-05,6.635970528634516e-08,3.392953658476472e-05,0.1281062215566635,0.012825630435191897,0.007739457651041448,0.015744239530511784,0.009285160806030035,0.6063826084136963,0.3672444149851799
2548,0.00012637286090882706,1.918755560836871e-05,1.551908258079493e-05,6.6226535366809e-08,3.3861445444927085e-05,0.12812608666718006,0.012826625012274072,0.007740630768239498,0.01574599207838723,0.009286490036174655,0.6065176129341125,0.3673218498006463
2549,0.00012590981184955788,1.916429073389736e-05,1.5511132460233057e-05,6.606122138208548e-08,3.377692291905987e-05,0.1281228680163622,0.01282646348560793,0.007739931577816606,0.015743791715729524,0.009284980595111847,0.6063480973243713,0.36723548267036676
2550,0.00012544771103716333,1.9097855329164304e-05,1.539732784294756e-05,6.630186177858377e-08,3.389996300029452e-05,0.1281247977167368,0.012826560628754553,0.007739977561868727,0.01574503646143575,0.009285837644711137,0.6064439862966537,0.36728439200669527
2551,0.0001249865589783934,1.9095090920018265e-05,1.543042571938713e-05,6.601590030186344e-08,3.375375035830075e-05,0.12813804484903812,0.012827223451552591,0.007739893859252334,0.01574543433414756,0.009285757783800364,0.6064746230840683,0.3673063339665532
2552,0.00012452635617895807,1.905539079416485e-05,1.5249854186549783e-05,6.704032529114556e-08,3.427753517826204e-05,0.12810570560395718,0.012825604481271008,0.007738635642454028,0.01574394664999389,0.009285156149417162,0.6063600033521652,0.3672328544780612
2553,0.0001240671031435258,1.9126952338410774e-05,1.54084291352774e-05,6.649955786031114e-08,3.4001045605691615e-05,0.12813272140920162,0.012826956993530548,0.00774124579038471,0.01574384012562989,0.009285485604777932,0.6063518077135086,0.3672422645613551
2554,0.0001236088003757244,1.9177642116119387e-05,1.5421717762365006e-05,6.689129605774724e-08,3.420133907638956e-05,0.12812267430126667,0.012826453983975987,0.007739717606455088,0.01574503045398907,0.009285730309784412,0.6064434945583344,0.3672830844298005
2555,0.00012315144837813838,1.9035630430153105e-05,1.5303933423638227e-05,6.642400940393145e-08,3.396241436348646e-05,0.12812611646950245,0.012826626004968979,0.007739891880191863,0.01574464897643076,0.009285568492487073,0.6064141541719437,0.36727013532072306
2556,0.00012269504765231078,1.903264183056308e-05,1.522458796898718e-05,6.701552024424018e-08,3.426485454838257e-05,0.12811806611716747,0.012826223389973884,0.007739588967524469,0.015747296947134715,0.009287547087296844,0.606618121266365,0.36736809369176626
2557,0.00012223959869874076,1.908777903736336e-05,1.5255956213877653e-05,6.73093172309791e-08,3.4415069876558846e-05,0.1281331554055214,0.012826978690425882,0.007739852298982441,0.01574500526889919,0.009285262320190668,0.6064415872097015,0.36728737130761147
2558,0.00012178510201688405,1.9271086330263643e-05,1.5518274949499755e-05,6.70496955734734e-08,3.4282328670087736e-05,0.12809388525784016,0.012825013199850993,0.00773933669552207,0.01574537241269041,0.009286039974540472,0.6064698547124863,0.3672818699851632
2559,0.00012133155810515186,1.924566549860174e-05,1.554316440888215e-05,6.660640305966581e-08,3.40556707669748e-05,0.12815675511956215,0.012828159768654425,0.0077405450865626335,0.01574371569224427,0.009285640669986606,0.6063422113656998,0.36724948324263096
2560,0.00012087896746091083,1.9108946162305074e-05,1.539296931696299e-05,6.644442773762194e-08,3.397285308892606e-05,0.12810072302818298,0.01282535515076507,0.007739116554148495,0.015743929550686844,0.009284838801249862,0.6063587069511414,0.36722971498966217
2561,0.00012042733058048168,1.9023394088435452e-05,1.5318422356358496e-05,6.6191008230021e-08,3.3843280107248574e-05,0.12811496667563915,0.012826068523778274,0.0077392226085066795,0.015746079527380472,0.009287315886467695,0.6065243035554886,0.36731963511556387
2562,0.00011997664795914025,1.9012268694496015e-05,1.5298670859920094e-05,6.623672810235348e-08,3.386665866855765e-05,0.12814032845199108,0.012827337463831754,0.0077398186549544334,0.01574584571286931,0.009285858133807778,0.6065063029527664,0.36732331570237875
2563,0.00011952692009111493,1.8966520201502135e-05,1.528340476397716e-05,6.590878864898286e-08,3.3698980587359983e-05,0.12808295525610447,0.012824465719013672,0.007738269399851561,0.01574635943020608,0.009286775486543775,0.6065458655357361,0.3673144103959203
2564,0.00011907814746958761,1.884699531728984e-05,1.5113314475456718e-05,6.607060232255435e-08,3.378171822987497e-05,0.12813889607787132,0.012827266135372793,0.007739415857940912,0.015746563202802565,0.00928653683513403,0.6065615713596344,0.36735023371875286
2565,0.00011863033058669244,1.8860189584302134e-05,1.5106264982023276e-05,6.625477766419863e-08,3.3875886401801836e-05,0.12810439430177212,0.012825538958023951,0.007738733664155006,0.015744156230532328,0.009284845553338528,0.6063761413097382,0.36724026780575514
2566,0.00011818346993351551,1.8810828805726487e-05,1.514386394774192e-05,6.547792175126688e-08,3.3478682780696545e-05,0.12813164852559566,0.012826903672899815,0.007739416789263487,0.015744031337504367,0.009285342181101441,0.6063665300607681,0.3672490892931819
2567,0.00011773756600009425,1.876572741821292e-05,1.5087757674336899e-05,6.547580966298483e-08,3.347760321048554e-05,0.12811090610921383,0.012825865010870324,0.00773863703943789,0.01574498378067139,0.009285342181101441,0.6064399033784866,0.36727540474385023
2568,0.00011729261927541692,1.8811426343745552e-05,1.5142958091018954e-05,6.549086162266349e-08,3.348529844515724e-05,0.12811748683452606,0.012826194317250059,0.00773881352506578,0.015746211912911097,0.009286683285608888,0.6065345257520676,0.3673260062932968
2569,0.00011684863024742248,1.874074632723932e-05,1.5079441936904914e-05,6.529657436971092e-08,3.33859616148402e-05,0.1281264591962099,0.012826643731650824,0.0077392993262037635,0.015746426892627525,0.009285771753638983,0.6065511107444763,0.3673387849703431
2570,0.00011640559940299922,1.873048540801392e-05,1.5064109902596101e-05,6.531618268468264e-08,3.339598697493784e-05,0.12812708504498005,0.012826674930551367,0.007739520282484591,0.015747266221121548,0.009287584573030472,0.6066157221794128,0.36737140361219645
2571,0.00011596352722798471,1.865688136604149e-05,1.497676248618518e-05,6.527973361869499e-08,3.3377351428498514e-05,0.12812823802232742,0.012826732364692568,0.007739463355392218,0.015746023268968942,0.00928628072142601,0.6065199673175812,0.3673241026699543
2572,0.00011552241420716535,1.880351965155569e-05,1.5203738485070062e-05,6.4938044275209e-08,3.3202642953256145e-05,0.12812830694019794,0.01282673619362617,0.007739990949630737,0.015746417535699348,0.009286581305786967,0.6065503507852554,0.3673393288627267
2573,0.00011508226082427557,1.8665792822503136e-05,1.4986148016760126e-05,6.52934621925283e-08,3.3384369089617394e-05,0.128124563023448,0.012826548716349874,0.007739345426671207,0.015745817641032007,0.009286172920837998,0.6065041422843933,0.36731435265392065
2574,0.0001146430675619975,1.8650619949767133e-05,1.4995765923231374e-05,6.506984462362198e-08,3.3270033782173414e-05,0.12812258675694466,0.012826449871327143,0.007739410153590143,0.015745048938433072,0.009286035783588886,0.606444925069809,0.3672837559133768
2575,0.00011420483490196052,1.859779013102525e-05,1.4975841622799635e-05,6.470909053035712e-08,3.30855823449383e-05,0.12812901847064495,0.012826771504848854,0.007739735301584005,0.01574487587697659,0.00928565370850265,0.6064315736293793,0.3672802960500121
2576,0.00011376756332474053,1.8589561022963608e-05,1.4970837355576805e-05,6.466776092395321e-08,3.3064453418774065e-05,0.1281188279390335,0.0128262615389603,0.007739330409094691,0.01574452651347403,0.009285511216148734,0.6064046621322632,0.36726174503564835
2577,0.00011333125330985919,1.8517355329095153e-05,1.489251962993876e-05,6.45743671867649e-08,3.301669721622602e-05,0.1281333565711975,0.012826988617097787,0.007739529712125659,0.015745612241456847,0.009286636020988226,0.6064883023500443,0.3673108294606209
2578,0.0001128959053357842,1.852872674135142e-05,1.4882112509440049e-05,6.476699088153737e-08,3.311518230475485e-05,0.12812427431344986,0.012826533967643038,0.007740116911008954,0.015745775359898646,0.009286615066230297,0.6065008640289307,0.36731256917119026
2579,0.00011246151987992777,1.8680816538108047e-05,1.5118332385100075e-05,6.440628297355033e-08,3.293075451438199e-05,0.12812815606594086,0.012826728535757823,0.007740710978396237,0.01574530818047381,0.009286509826779366,0.6064648926258087,0.3672965243458748
2580,0.00011202809741864674,1.8751106836134568e-05,1.5160899693000829e-05,6.476063596494441e-08,3.3111936772911577e-05,0.1281355395913124,0.012827098377215048,0.007739793509244919,0.01574558567101237,0.009286412503570318,0.6064862608909607,0.36731090024113655
2581,0.00011159563842724245,1.8684204860619502e-05,1.5113786275833263e-05,6.44749729161731e-08,3.296587829026976e-05,0.12812135741114616,0.01282638818143623,0.007739409455098212,0.015747007704395948,0.009287112625315785,0.6065957993268967,0.3673585783690214
2582,0.00011116414337995862,1.8652274320629658e-05,1.506051330579794e-05,6.457948753535447e-08,3.301931656096713e-05,0.12811441347002983,0.012826040301623615,0.007739726919680834,0.015746200360989396,0.00928617618046701,0.6065336316823959,0.3673240225762129
2583,0.00011073361274998291,1.865046942839399e-05,1.5072548421812826e-05,6.446768097134736e-08,3.296215072623454e-05,0.12814228236675262,0.012827435309382719,0.007740083732642233,0.015746245644473956,0.009286472573876381,0.6065370887517929,0.36733968555927277
2584,0.00011030404700944472,1.8548170828580623e-05,1.4913879567757249e-05,6.470860380858312e-08,3.3085331779147964e-05,0.12812712416052818,0.012826676774120388,0.007739732158370316,0.01574671348917874,0.009287257678806782,0.606573149561882,0.3673501368612051
2585,0.0001098754466294157,1.849376712925732e-05,1.4851299056317657e-05,6.466617641365247e-08,3.3063637147279223e-05,0.1281160917133093,0.012826124684263107,0.007739145425148308,0.015746378837233645,0.009286670479923487,0.6065473854541779,0.36733173858374357
2586,0.00010944781207990843,1.8570927750261035e-05,1.4936938896426e-05,6.475074698641947e-08,3.310688089186442e-05,0.1281358115375042,0.012827111707191169,0.007739686407148838,0.015746658619223013,0.009287077002227306,0.6065689325332642,0.3673523720353842
2587,0.00010902114382987711,1.8657758118933998e-05,1.5057924883876694e-05,6.465336532812671e-08,3.305708969492116e-05,0.12811626493930817,0.012826133335225025,0.007739854161627591,0.015743749198080886,0.009284877218306065,0.6063447743654251,0.36723051965236664
2588,0.0001085954423472153,1.8620817400005762e-05,1.49816464727337e-05,6.488886050703968e-08,3.317749906273093e-05,0.1281424779444933,0.012827445235701264,0.007741329143755138,0.015745279992152143,0.00928686372935772,0.6064627170562744,0.36730259750038385
2589,0.00010817070809875735,1.859058374975575e-05,1.4975191334087867e-05,6.464370727599089e-08,3.305215068394318e-05,0.12812642753124237,0.012826642171703805,0.007739794556982815,0.015744882231069044,0.009286045795306563,0.6064320802688599,0.3672792539000511
2590,0.00010774694155027584,1.855233995229355e-05,1.4938193544367095e-05,6.455916690129015e-08,3.300892512925202e-05,0.12811285257339478,0.012825962867654207,0.00773982354439795,0.015746621192027733,0.00928706955164671,0.6065660417079926,0.36733944714069366
2591,0.00010732414316648326,1.8759714748739498e-05,1.5113362223928561e-05,6.521671203074675e-08,3.334512257424649e-05,0.12815749272704124,0.012828196919309098,0.007740564877167344,0.015746072827210588,0.009286793181672692,0.6065237820148468,0.367340637370944
2592,0.00010690231341102966,1.84640289262461e-05,1.4847793181615998e-05,6.440279154418249e-08,3.292897145001916e-05,0.12811131961643696,0.012825885575039045,0.007739060674794018,0.01574505055582089,0.009286149172112346,0.6064450591802597,0.36727818939834833
2593,0.00010648145274650324,1.854711672422127e-05,1.4976381407905137e-05,6.420932230355447e-08,3.2830053442012286e-05,0.12814322113990784,0.012827482388425349,0.007740219472907484,0.0157466441797292,0.009287188295274973,0.6065678298473358,0.3673555254936218
2594,0.00010606156163442901,1.838553043853608e-05,1.4809582125963061e-05,6.393408646943044e-08,3.26893223245861e-05,0.128123564645648,0.012826498088506562,0.007739438093267381,0.015747035427572362,0.009286936139687896,0.6065979599952698,0.3673607623204589
2595,0.00010564264053526956,1.8450794414093252e-05,1.4821647937424132e-05,6.447790568131495e-08,3.296737850178033e-05,0.1281181313097477,0.012826226793605535,0.0077394075924530625,0.01574701544378761,0.009287175489589572,0.606596440076828,0.36735728569328785
2596,0.00010522468990842255,1.840793856899836e-05,1.4813740108365892e-05,6.412068387362524e-08,3.278473241152824e-05,0.12814359366893768,0.01282750096474704,0.007740338449366391,0.01574655419250538,0.00928680645301938,0.6065608859062195,0.3673522397875786
2597,0.00010480771021222276,1.84127029569936e-05,1.4803827525611268e-05,6.424482634770357e-08,3.284820468252292e-05,0.1281260997056961,0.012826625437714756,0.007739839609712362,0.01574705783710429,0.009287604363635182,0.6065996885299683,0.3673628941178322
2598,0.0001043917019039392,1.8316418390895706e-05,1.4700700603498262e-05,6.411003639072987e-08,3.277928954048548e-05,0.12812472693622112,0.012826556657954223,0.007739124470390379,0.015747686215118024,0.009287331951782107,0.6066480726003647,0.3673863997682929
2599,0.00010397666543977604,1.8319517494091997e-05,1.4726482959304121e-05,6.393864104836666e-08,3.2691653814254096e-05,0.1281327623873949,0.0128269589788689,0.007739878026768565,0.015748045788536582,0.009287879103794694,0.6066758036613464,0.36740428302437067
2600,0.00010356260127487175,1.8228688077215338e-05,1.4657390465799836e-05,6.359094939512033e-08,3.2513876249140594e-05,0.12812664359807968,0.01282665252407593,0.007739571621641517,0.015745959617012507,0.009286638349294662,0.6065150946378708,0.36732086911797523
2601,0.00010314950986329827,1.830160090321442e-05,1.471360133109556e-05,6.386420992043895e-08,3.265359828219516e-05,0.12813763320446014,0.012827202747721535,0.007739792112261057,0.015747874723632756,0.009287856984883547,0.6066626459360123,0.3674001395702362
2602,0.00010273739165806097,1.8315315628569806e-05,1.4701441841680207e-05,6.409346653413195e-08,3.277081032138085e-05,0.12811807356774807,0.01282622381542789,0.007739059277810156,0.015747450691811375,0.00928765325807035,0.6066299676895142,0.3673740206286311
2603,0.0001023262471110983,1.8176591765950434e-05,1.459027294004045e-05,6.360657067716602e-08,3.2521864341106266e-05,0.12814546935260296,0.012827595122177583,0.007740037515759468,0.015746625928190077,0.009287141729146242,0.6065663993358612,0.3673559343442321
2604,0.00010191607667328041,1.8244147668156074e-05,1.4636125342804007e-05,6.390848916737468e-08,3.2676237424311694e-05,0.12811592407524586,0.012826116175114545,0.007739007705822587,0.015746861925890213,0.009287124732509255,0.6065846085548401,0.367350266315043
2605,0.00010150688079440956,1.824855189624941e-05,1.465993204874394e-05,6.376531125340534e-08,3.2603028557787184e-05,0.1281224824488163,0.012826444340521444,0.007739085820503533,0.015748316647126046,0.009287824155762792,0.606696680188179,0.36740958131849766
2606,0.00010109865992321926,1.818510509110638e-05,1.4657707879450754e-05,6.316225054092683e-08,3.229468984500272e-05,0.12814896553754807,0.012827770105687196,0.007740306900814176,0.01574821084534875,0.009288127766922116,0.6066884994506836,0.36741873249411583
2607,0.00010069141450737352,1.816255371522857e-05,1.4604168654841487e-05,6.336058078204587e-08,3.239609168304014e-05,0.12810643389821053,0.01282564135567843,0.007738776737824082,0.015746634707414067,0.00928676244802773,0.6065670847892761,0.3673367593437433
2608,0.00010028514499346718,1.816473468352342e-05,1.4576996363757644e-05,6.359447990433864e-08,3.251568432460772e-05,0.12814239971339703,0.01282744169058838,0.0077397392597049475,0.01574726252475502,0.009287234395742416,0.6066154539585114,0.3673789268359542
2609,9.987985182702414e-05,1.8189818547398318e-05,1.4653132666353486e-05,6.324414414393686e-08,3.233656025258824e-05,0.12812948040664196,0.012826794761986601,0.007739414228126407,0.015747358052448902,0.009287285851314664,0.6066228300333023,0.36737615521997213
2610,9.947553545249855e-05,1.826709194574505e-05,1.4717390058649471e-05,6.34970991342243e-08,3.2465896765643265e-05,0.1281280182301998,0.012826721445134904,0.007740132627077401,0.015747749282556126,0.00928849633783102,0.6066529899835587,0.36739050410687923
2611,9.907219631327262e-05,1.8200160411652178e-05,1.4628047892983886e-05,6.35415258187777e-08,3.248860866733594e-05,0.12814581952989101,0.012827612563914901,0.007741024601273239,0.0157479772934943,0.00928828027099371,0.6066705137491226,0.3674081666395068
2612,9.866983485165715e-05,1.820623629100737e-05,1.468781852054235e-05,6.313334210972243e-08,3.22799060086254e-05,0.1281116008758545,0.012825899615383576,0.007739704684354365,0.01574840997386795,0.009288143366575241,0.6067038625478745,0.36740773171186447
2613,9.826845150889118e-05,1.81796272045176e-05,1.4675322972834692e-05,6.297088539497508e-08,3.219684276700718e-05,0.12814662978053093,0.01282765311940755,0.007741514127701521,0.01574660940937377,0.00928690587170422,0.6065651476383209,0.3673558887094259
2614,9.786804672514023e-05,1.8274173726240406e-05,1.4770993175261538e-05,6.314702627463475e-08,3.228689729439793e-05,0.1281394325196743,0.012827292936768701,0.007741666049696505,0.015747300990026723,0.00928822671994567,0.6066184043884277,0.367378918454051
2615,9.746862093949733e-05,1.840709637690452e-05,1.4946613418942434e-05,6.307293620722021e-08,3.22490213875426e-05,0.12812380492687225,0.012826510993662069,0.007739252527244389,0.015747147936962337,0.009287159657105803,0.606606587767601,0.36736519634723663
2616,9.707017458998212e-05,1.8172194131693686e-05,1.4684655752716935e-05,6.282518416611538e-08,3.212234423699556e-05,0.12814738415181637,0.012827691122340237,0.007740007946267724,0.015748065540002708,0.009287756402045488,0.6066773235797882,0.3674123538658023
2617,9.66727081135398e-05,1.8082313545164652e-05,1.4581856021322892e-05,6.275046793291494e-08,3.208414273103699e-05,0.12813001684844494,0.0128268219898016,0.007739418768323958,0.015747798026813257,0.009287809953093529,0.6066567301750183,0.3673933735117316
2618,9.627622194604116e-05,1.8075604202749673e-05,1.4505784292850876e-05,6.327998214317176e-08,3.235488247810281e-05,0.12813627161085606,0.012827134538288303,0.007739711785688996,0.015748055606519915,0.009287675376981497,0.6066765338182449,0.3674064027145505
2619,9.58807165222814e-05,1.8016325611824868e-05,1.446730925636075e-05,6.300129484770878e-08,3.221238921469194e-05,0.12812240980565548,0.012826440795131922,0.007739278604276478,0.01574795488527077,0.009288069093599916,0.6066688448190689,0.3673956273123622
2620,9.548619227598126e-05,1.8047661797027104e-05,1.4517609770337003e-05,6.291422138815506e-08,3.21678689942928e-05,0.12814469449222088,0.012827556409944171,0.0077403843170031905,0.01574944900504053,0.009289053734391928,0.6067839562892914,0.36746432539075613
2621,9.509264963978449e-05,1.8067535165755544e-05,1.4487489124803687e-05,6.334420543652186e-08,3.238771978431032e-05,0.12813376262784004,0.012827008895846514,0.00773995672352612,0.015748701847373613,0.009288967121392488,0.606726348400116,0.367430055513978
2622,9.470008904525936e-05,1.8022448784904554e-05,1.4503573311230866e-05,6.277747033323067e-08,3.2097949315357255e-05,0.12813249789178371,0.01282694607416411,0.007740097236819565,0.01574732848166484,0.00928746978752315,0.6066205203533173,0.3673765091225505
2623,9.430851092289643e-05,1.7983542420552112e-05,1.450568083782855e-05,6.238051497575725e-08,3.189498693245696e-05,0.12813585437834263,0.012827113834313737,0.007739869644865394,0.015748354532305782,0.009288369677960873,0.6066995859146118,0.3674177201464772
2624,9.391791570210932e-05,1.790949181668111e-05,1.4367391258929274e-05,6.273823682789725e-08,3.2077890864457004e-05,0.12813455797731876,0.01282704902782117,0.0077397223794832826,0.015748320689756276,0.009288472356274724,0.6066970229148865,0.3674157904461026
2625,9.352830381123306e-05,1.7927141470863717e-05,1.4360213754116558e-05,6.296699694985364e-08,3.2194851883105e-05,0.1281474195420742,0.012827692398556172,0.007740182802081108,0.015749616472525367,0.009289319394156337,0.6067968159914017,0.36747211776673794
2626,9.313967567752537e-05,1.7981744349526707e-05,1.4437429399549728e-05,6.289687526361831e-08,3.215900142095052e-05,0.12812627665698528,0.012826634513779321,0.007739376509562135,0.015747173696185966,0.00928752520121634,0.6066086143255234,0.36736744549125433
2627,9.275203172716427e-05,1.79455755642266e-05,1.4414008546737023e-05,6.272641428495263e-08,3.207184454367962e-05,0.1281445361673832,0.012827548610762128,0.007740042870864272,0.015747814544382753,0.009287545690312982,0.6066579818725586,0.3674012590199709
2628,9.236537238524939e-05,1.7953167798623326e-05,1.4412014479603386e-05,6.281625886117581e-08,3.2117781302076764e-05,0.12813525646924973,0.012827083912757201,0.0077399295987561345,0.015748149627838576,0.009288405999541283,0.6066838055849075,0.36740953102707863
2629,9.197969807579984e-05,1.7991629192692926e-05,1.4377802017406793e-05,6.346002390245076e-08,3.244693743909011e-05,0.1281167883425951,0.01282615928807577,0.007738783489912748,0.015747777928488547,0.00928786676377058,0.6066551208496094,0.36738595459610224
2630,9.159500922175454e-05,1.795090474843164e-05,1.4409301911655348e-05,6.281534936647404e-08,3.2117314276547404e-05,0.1281633898615837,0.012828491993779665,0.007740675006061792,0.015747700538148113,0.009287830675020814,0.6066491901874542,0.36740629002451897
2631,9.121130624497216e-05,1.7937728898687055e-05,1.444763893232448e-05,6.23865723525796e-08,3.18980846714112e-05,0.1281206365674734,0.012826352301891945,0.007739031338132918,0.015747801030009,0.009288217639550567,0.6066569536924362,0.3673887951299548
2632,9.082858956623022e-05,1.798504490579944e-05,1.4453134326686268e-05,6.280628817023626e-08,3.211268403902068e-05,0.12816807068884373,0.012828726233553286,0.007740706671029329,0.015749060242621064,0.009288868168368936,0.6067539751529694,0.36746102292090654
2633,9.044685960522411e-05,1.7913826923177112e-05,1.4400030522665475e-05,6.252528450545469e-08,3.1969009341992205e-05,0.12811929732561111,0.012826285080657385,0.007738984772004187,0.015748875097786497,0.009288644418120384,0.6067396998405457,0.3674294985830784
2634,9.006611678056809e-05,1.788075360309449e-05,1.4353202914207941e-05,6.256820839212196e-08,3.199095317540923e-05,0.12813804857432842,0.012827223309745643,0.007739912020042539,0.015747534436401964,0.009288092143833637,0.6066364049911499,0.36738722678273916
2635,8.968636150979311e-05,1.7862194454210112e-05,1.4384966107172659e-05,6.213823855460987e-08,3.177110920660198e-05,0.12815776467323303,0.01282821024814371,0.007740494911558926,0.015747813851338225,0.009288016706705093,0.6066579222679138,0.3674078434705734
2636,8.930759420934726e-05,1.7860950265458087e-05,1.4362805131895584e-05,6.229942872693073e-08,3.1853530344960745e-05,0.12812396325170994,0.012826518509845557,0.007739038555882871,0.01574847673449004,0.00928828725591302,0.6067090183496475,0.36741649080067873
2637,8.892981529459512e-05,1.7805454717745306e-05,1.4321319895316265e-05,6.208128056073292e-08,3.174199264321942e-05,0.12814978696405888,0.012827811086083133,0.007740205968730152,0.015749026517086564,0.00928876968100667,0.6067513525485992,0.36745056975632906
2638,8.855302517981806e-05,1.7809938071877696e-05,1.4322136848932132e-05,6.211874747918955e-08,3.1761145692144055e-05,0.12812639214098454,0.01282664032812981,0.007739413995295763,0.015748861353323346,0.009288673754781485,0.6067386567592621,0.3674325244501233
2639,8.817722427821234e-05,1.7821614619606407e-05,1.4342234180730884e-05,6.207569924754353e-08,3.17391354656138e-05,0.12814377062022686,0.012827510181995908,0.007739950786344707,0.015748987478535214,0.009288716362789273,0.6067483723163605,0.36744607146829367
2640,8.780241300189006e-05,1.7866165308078052e-05,1.4378782452695305e-05,6.222543902367761e-08,3.181569627486169e-05,0.1281463261693716,0.012827637804761058,0.007740601897239685,0.01574971498877249,0.009289419278502464,0.6068044006824493,0.3674753634259105
2641,8.74285917618774e-05,1.784367441359791e-05,1.43579272844363e-05,6.216864356645146e-08,3.178665838277084e-05,0.12813063710927963,0.012826852762835433,0.007739424938336015,0.015748126411324368,0.009287757566198707,0.6066820472478867,0.36740634217858315
2642,8.705576096811523e-05,1.7754379314283142e-05,1.4308008758234791e-05,6.168595767519491e-08,3.153986062898184e-05,0.12814011052250862,0.012827326686595001,0.00774007523432374,0.015749549832229197,0.009289244888350368,0.606791689991951,0.3674659002572298
2643,8.66839210294582e-05,1.7731702882883837e-05,1.4216372846931336e-05,6.218109582789566e-08,3.1793023481441196e-05,0.1281327810138464,0.012826959971537962,0.007739488268271089,0.015748370818284917,0.009287993656471372,0.6067008525133133,0.36741681676357985
2644,8.631307235367462e-05,1.776240696926834e-05,1.4288072406998253e-05,6.192042434349787e-08,3.165974521834869e-05,0.1281532272696495,0.01282798351427327,0.007740724831819534,0.015749500746908698,0.009289256064221263,0.606787919998169,0.3674705736339092
2645,8.594321534744521e-05,1.7675545677775517e-05,1.4221892797650071e-05,6.158874832351557e-08,3.14901571982773e-05,0.1281315628439188,0.01282689913496356,0.007739713997580111,0.015748838599857977,0.009289068169891834,0.6067368388175964,0.3674342008307576
2646,8.557435041636406e-05,1.7721776202961337e-05,1.4256940630730242e-05,6.176664690826783e-08,3.158111849188572e-05,0.12814562395215034,0.012827602921331348,0.0077404784969985485,0.01574912053260895,0.009288726840168238,0.6067586094141006,0.3674521166831255
2647,8.520647796493633e-05,1.7662312984612072e-05,1.4209531855158275e-05,6.155603671231802e-08,3.1473435228690505e-05,0.12813404202461243,0.012827022934961468,0.007739789551123977,0.015749589446858656,0.009289397625252604,0.6067947596311569,0.3674644008278847
2648,8.483959839657936e-05,1.7714213299768744e-05,1.4284157487054472e-05,6.147976527870469e-08,3.1434437005373184e-05,0.12815558351576328,0.012828101064728864,0.007740463479422033,0.015748722406522274,0.009288617642596364,0.6067279130220413,0.3674417482689023
2649,8.447371211362138e-05,1.7854823909146944e-05,1.4347580190587905e-05,6.235862493042532e-08,3.188379741914105e-05,0.12813208810985088,0.012826925653505825,0.00773969991132617,0.01574978694104659,0.009289562003687024,0.6068099588155746,0.36747102346271276
2650,8.410881951730203e-05,1.784099640644854e-05,1.437645391888509e-05,6.199751823032784e-08,3.169916453771293e-05,0.12813877128064632,0.012827259895886345,0.007740550558082759,0.015748490594791324,0.009288163855671883,0.6067100912332535,0.3674244312569499
2651,8.374492100777064e-05,1.7747182255334337e-05,1.4320770560516394e-05,6.151572939927519e-08,3.145282516925363e-05,0.1281479112803936,0.012827717355642268,0.007740331930108368,0.015750118171352887,0.009289718000218272,0.6068354994058609,0.36749170534312725
2652,8.338201698408613e-05,1.7640220448811306e-05,1.4157306395645719e-05,6.1748566260178e-08,3.157187393298955e-05,0.12813769653439522,0.012827206434707594,0.00773977767676115,0.01574953054460386,0.009289269102737308,0.606790229678154,0.3674639631062746
2653,8.302010784421777e-05,1.7614905800655833e-05,1.4135331639408832e-05,6.167292898595633e-08,3.153320130877546e-05,0.12815134413540363,0.012827888934294778,0.007740292232483625,0.015749189138176484,0.009289158042520285,0.6067638993263245,0.36745762173086405
2654,8.2659193985043e-05,1.7652854694460984e-05,1.4204446642906987e-05,6.150332598764408e-08,3.144648371744552e-05,0.12812713719904423,0.012826677483185327,0.0077395589323714375,0.01574776291248208,0.009287724504247308,0.6066540032625198,0.36739057023078203
2655,8.229927580234821e-05,1.76948001353594e-05,1.4209845858204062e-05,6.187127166157325e-08,3.163461542499135e-05,0.12814994528889656,0.012827819026905959,0.007740888395346701,0.01574950790760028,0.009289743145927787,0.6067884266376495,0.36746918596327305
2656,8.194035369082796e-05,1.774712927726796e-05,1.4294926131697139e-05,6.171740185578756e-08,3.155594095005654e-05,0.1281350702047348,0.012827074837010616,0.007740309345535934,0.015748061843823796,0.00928794126957655,0.6066770702600479,0.36740607023239136
2657,8.158242804408425e-05,1.7668656255409587e-05,1.4263321872931556e-05,6.119724726971754e-08,3.128998878310085e-05,0.12813652865588665,0.01282714744280349,0.007739981519989669,0.015748938506961182,0.009288759203627706,0.606744572520256,0.36744055058807135
2658,8.12254992546263e-05,1.763967838996905e-05,1.4206831792762387e-05,6.135582530930606e-08,3.137106432404835e-05,0.12814819812774658,0.01282773153578319,0.007740201195701957,0.015750364626203252,0.009289475390687585,0.6068544983863831,0.3675013482570648
2659,8.086956771387042e-05,1.758693861120264e-05,1.4157888017507503e-05,6.122297246946573e-08,3.130314007648849e-05,0.12813549488782883,0.012827095399239765,0.007739721331745386,0.015750991601969015,0.00929013337008655,0.6069027930498123,0.36751914396882057
2660,8.051463381213917e-05,1.76791013473121e-05,1.4216382851373055e-05,6.166660693196491e-08,3.152997032884741e-05,0.12814364023506641,0.012827503375412767,0.007740180590189993,0.015750257336819704,0.009289749199524522,0.6068462282419205,0.36749493423849344
2661,8.016069793866094e-05,1.7814242255553836e-05,1.4407277831196552e-05,6.149474707228819e-08,3.1442096315004164e-05,0.128145145252347,0.012827578673037734,0.00774081121198833,0.01574867123960257,0.009288140805438161,0.6067239940166473,0.36743456963449717
2662,7.980776048157035e-05,1.779420699676848e-05,1.436804313925677e-05,6.160576582203703e-08,3.1498859698331216e-05,0.12813455611467361,0.012827048886012294,0.007740651024505496,0.015751199125565482,0.009290863294154406,0.6069187819957733,0.36752666905522346
2663,7.9455821827906e-05,1.777818170012324e-05,1.4347739579534391e-05,6.160789656206589e-08,3.149994927298394e-05,0.1281483769416809,0.012827740185661456,0.00774048431776464,0.015750572389034902,0.00928940437734127,0.6068704724311829,0.3675094246864319
2664,7.910488236361184e-05,1.7514220871817088e-05,1.4105865830060793e-05,6.091884063863517e-08,3.114763740086346e-05,0.1281415205448866,0.012827397589302198,0.007740458473563194,0.015749241342886234,0.009289177600294352,0.6067679226398468,0.3674547215923667
2665,7.87549424735363e-05,1.750618775986368e-05,1.4115048543317243e-05,6.076844538682735e-08,3.107074144281796e-05,0.1281450353562832,0.012827573709931052,0.007740415050648153,0.015749786363581812,0.009289259789511561,0.6068098694086075,0.36747745238244534
2666,7.840600254143121e-05,1.7509732060716487e-05,1.4041338999959407e-05,6.13797581650033e-08,3.1383302484755404e-05,0.12814247608184814,0.01282744481028777,0.007740412722341716,0.015751233423859874,0.0092904691118747,0.6069214344024658,0.367531955242157
2667,7.805806294995194e-05,1.748893350850267e-05,1.4112814142208663e-05,6.061720458916398e-08,3.099341120105237e-05,0.12814326398074627,0.012827484515486449,0.007740046130493283,0.015749592218724042,0.00928864348679781,0.6067949682474136,0.36746911611407995
2668,7.771112408065721e-05,1.7455245142627973e-05,1.407908121109358e-05,6.055166057450379e-08,3.095989768553409e-05,0.12815003283321857,0.01282782342271648,0.007740131462924182,0.015750826805267737,0.009290241170674562,0.6068900674581528,0.3675200501456857
2669,7.736518631400779e-05,1.7450915265726508e-05,1.4051301604922628e-05,6.072664149314733e-08,3.1049366953084245e-05,0.1281546987593174,0.01282805668211406,0.0077407395001500845,0.01575053670345164,0.009290021611377597,0.6068677455186844,0.3675112221390009
2670,7.702025002936667e-05,1.7453635337005835e-05,1.4040357655176194e-05,6.083885839558434e-08,3.110674288109294e-05,0.12813607417047024,0.012827124895345402,0.007740334374830127,0.01574995047821905,0.00928967259824276,0.6068225800991058,0.36747932713478804
2671,7.667631560499913e-05,1.7421489701519022e-05,1.4012673318575253e-05,6.074109126785743e-08,3.1056754323799396e-05,0.1281498819589615,0.012827815765497179,0.007740464527159929,0.01575044523712146,0.0092897720169276,0.6068606972694397,0.3675052896142006
2672,7.633338341807129e-05,1.735069690766977e-05,1.3969377278044703e-05,6.038752609072162e-08,3.087597406192799e-05,0.12814616598188877,0.012827629580221135,0.007739960332401097,0.015750767445697172,0.00928982300683856,0.6068855226039886,0.3675158442929387
2673,7.599145384465044e-05,1.7372866295772837e-05,1.4001385579831549e-05,6.035391031389281e-08,3.085878825004329e-05,0.12814443558454514,0.012827542938626755,0.007740076864138246,0.01574983256069697,0.009289434179663658,0.6068134307861328,0.367478933185339
2674,7.565052725970388e-05,1.7359336197841913e-05,1.3963515357318101e-05,6.051786272109894e-08,3.0942619105189806e-05,0.12813902273774147,0.012827272658469018,0.007739532389678061,0.015750972778046213,0.009290290530771017,0.6069013476371765,0.367520185187459
2675,7.531060403709997e-05,1.734403667796869e-05,1.392145441059256e-05,6.069729874269569e-08,3.10343648379785e-05,0.12814090214669704,0.012827366392159315,0.007739947643131018,0.015749912943354327,0.009289512177929282,0.6068197041749954,0.36748030316084623
2676,7.497168454960576e-05,1.730494795992854e-05,1.3914337159803836e-05,6.037073418951877e-08,3.0867388886690605e-05,0.12814603373408318,0.012827623199108943,0.00773993693292141,0.015750249137062806,0.009289351524785161,0.6068455725908279,0.36749580316245556
2677,7.463376916888841e-05,1.734967509037233e-05,1.3947474826636608e-05,6.054888146422854e-08,3.0958475235820515e-05,0.12814238481223583,0.01282744055615205,0.0077396961860358715,0.015751583446964458,0.009290753165259957,0.6069483757019043,0.36754538025707006
2678,7.429685826551334e-05,1.7311316696577705e-05,1.3922564221502398e-05,6.036864519387564e-08,3.0866326142131584e-05,0.12814770452678204,0.012827706862327893,0.007740129716694355,0.015750008454972767,0.009289382258430123,0.6068270355463028,0.3674873700365424
2679,7.396095220894478e-05,1.732209398142004e-05,1.3952965900898562e-05,6.023620002792995e-08,3.079860425714287e-05,0.1281358003616333,0.012827111139958425,0.007739727385342121,0.015750162519651736,0.009289581794291735,0.6068389117717743,0.3674873560667038
2680,7.362605136754458e-05,1.7366156043863157e-05,1.399288885295391e-05,6.035475674792679e-08,3.085922298851074e-05,0.12815451808273792,0.012828047890651374,0.007740178378298879,0.01574946251800018,0.00928950309753418,0.6067849546670914,0.36746973637491465
2681,7.329215610857296e-05,1.735944715619553e-05,1.391745558976254e-05,6.087928650089225e-08,3.1127413421927486e-05,0.12813951261341572,0.012827297049147245,0.0077396302949637175,0.01575119288950393,0.009290490532293916,0.6069183498620987,0.3675289312377572
2682,7.295926679818667e-05,1.7297358226642245e-05,1.3901332749810535e-05,6.039825439785318e-08,3.0881460133969085e-05,0.12815378420054913,0.012828011023161593,0.007740356144495308,0.015750388185883906,0.009289568290114403,0.6068562716245651,0.3675050279125571
2683,7.262738380144011e-05,1.7321452560281614e-05,1.3941347788204439e-05,6.032082300322372e-08,3.084186982960091e-05,0.12815332598984241,0.01282798805182592,0.007740365224890411,0.01575050898643798,0.00929045956581831,0.6068655848503113,0.36750945542007685
2684,7.229650748228346e-05,1.7271704564336687e-05,1.3838774975738488e-05,6.063678803513994e-08,3.1003422918729484e-05,0.12814545072615147,0.012827594271360522,0.007740154513157904,0.015750488429621345,0.009289917768910527,0.6068640053272247,0.3675047280266881
2685,7.1966638203563e-05,1.7263741028727964e-05,1.3871399005438434e-05,6.030367671883141e-08,3.0833105483907275e-05,0.12814502231776714,0.012827572150097125,0.007740045432001352,0.015750624242699497,0.009289904031902552,0.6068744659423828,0.367509744130075
2686,7.16377763270209e-05,1.7309037957602413e-05,1.394946616528614e-05,6.013590247988532e-08,3.0747323762625456e-05,0.1281382292509079,0.01282723295261456,0.007740067783743143,0.015749855774696182,0.009289586218073964,0.6068152338266373,0.3674767315387726
2687,7.13099222132947e-05,1.732088389871933e-05,1.3983514236315386e-05,5.998537933038506e-08,3.067036050197203e-05,0.12815343402326107,0.01282799344016761,0.007740197004750371,0.015750199360982126,0.009290119167417288,0.6068417280912399,0.3674975810572505
2688,7.098307622191641e-05,1.7199271269419114e-05,1.3823191920891986e-05,6.005036734535452e-08,3.07035870719119e-05,0.1281496398150921,0.01282780385425807,0.0077401455491781235,0.015750114244674575,0.009289840469136834,0.6068351566791534,0.36749239824712276
2689,7.0657238711313e-05,1.7211406429851195e-05,1.3813664509143564e-05,6.024356746792137e-08,3.0802371838944964e-05,0.12814205698668957,0.012827424248618722,0.007740078726783395,0.015749401420851003,0.00928945792838931,0.6067802459001541,0.36746115144342184
2690,7.033241003880527e-05,1.716259293971234e-05,1.376184013679449e-05,6.017164722038615e-08,3.076560278714169e-05,0.12814144045114517,0.012827393193345749,0.00773984135594219,0.01575064133473861,0.00929034803994,0.6068757772445679,0.3675086088478565
2691,7.00085905606073e-05,1.717897498565435e-05,1.3797727660858072e-05,6.005110719797813e-08,3.070396451221313e-05,0.1281457617878914,0.012827609586058988,0.007739972556009889,0.015750760747521467,0.009289823938161135,0.6068850159645081,0.3675153888761997
2692,6.968578063182708e-05,1.715016242087586e-05,1.3789329159408226e-05,5.983503736928242e-08,3.059349182876758e-05,0.12814935483038425,0.0128277895323964,0.007740058936178684,0.015751217602770394,0.0092904984485358,0.6069202125072479,0.3675347836688161
2693,6.93639806064653e-05,1.7162858512165258e-05,1.3805229173158295e-05,5.983480377835804e-08,3.059337268496165e-05,0.1281483769416809,0.012827740752866384,0.0077400560257956386,0.015751958174395772,0.009290588786825538,0.6069772839546204,0.36756283044815063
2694,6.904319083741504e-05,1.7149550330941565e-05,1.3774849094261299e-05,5.994233642780955e-08,3.064835345867323e-05,0.12814387306571007,0.012827515286930893,0.007740201079286635,0.015751387823001044,0.009290676098316908,0.6069333404302597,0.3675386067479849
2695,6.872341167646202e-05,1.7204123651026748e-05,1.383730841553188e-05,5.998737773182938e-08,3.067138277401682e-05,0.12815464660525322,0.012828054271552312,0.007740215049125254,0.01575164580592265,0.009290656540542841,0.6069532185792923,0.36755393259227276
2696,6.840464347428277e-05,1.7166678389912704e-05,1.3801596651319414e-05,5.990057783122893e-08,3.062700261580176e-05,0.12814590521156788,0.012827616817993576,0.0077401656890287995,0.015752357719864867,0.009290944319218397,0.607008084654808,0.36757699493318796
2697,6.808688658044598e-05,1.721573289614753e-05,1.386438452755101e-05,5.988908391429959e-08,3.062112591578625e-05,0.12814831733703613,0.012827737491437704,0.007739841705188155,0.015750877387760282,0.009289851877838373,0.6068939715623856,0.36752114444971085
2698,6.777014134341081e-05,1.716431597742485e-05,1.3753451412412687e-05,6.025412702115318e-08,3.0807773327978794e-05,0.12814917787909508,0.012827780598949836,0.007740196771919727,0.01575218231372334,0.00929139251820743,0.6069945693016052,0.36757187359035015
2699,6.745440811052749e-05,1.7083713828469627e-05,1.3653549103764817e-05,6.024747101207595e-08,3.080436908931006e-05,0.12814629264175892,0.012827636244934925,0.007740019471384585,0.01575101735490671,0.009289920330047607,0.6069048047065735,0.3675255486741662
2700,6.71396872280361e-05,1.7089422271965304e-05,1.3730715636484092e-05,5.96996061474897e-08,3.05242456306587e-05,0.12814344465732574,0.012827493732747136,0.007740298053249717,0.01575102520781207,0.009290541289374232,0.60690538585186,0.3675244152545929
2701,6.68259790410669e-05,1.715685220915475e-05,1.3820575304634986e-05,5.96560179033645e-08,3.0501960281981155e-05,0.12814906984567642,0.012827774926917042,0.007740419707261026,0.015751152239560733,0.009290528949350119,0.6069151610136032,0.3675321154296398
2702,6.651328389363913e-05,1.7191860933962744e-05,1.3872460613129078e-05,5.95924527502234e-08,3.0469460853055352e-05,0.128145482391119,0.012827595972994588,0.007740331580862403,0.015750898175038892,0.009290177375078201,0.6068955957889557,0.36752053909003735
2703,6.620160212866148e-05,1.71402566593315e-05,1.3832038803229807e-05,5.940404879112293e-08,3.0373126264748862e-05,0.12815623730421066,0.012828133961647777,0.007740620174445212,0.015751709781338014,0.009290779009461403,0.6069581210613251,0.36755717918276787
2704,6.589093408793098e-05,1.7108597603510134e-05,1.3775020306638908e-05,5.9540523622558794e-08,3.044290770048974e-05,0.12813793867826462,0.01282721806288745,0.007740208646282554,0.015750822647795374,0.009290312184020877,0.6068897545337677,0.36751384660601616
2705,6.558128011213357e-05,1.70604616869241e-05,1.372126553178532e-05,5.949032821916944e-08,3.0417243578995112e-05,0.12815763987600803,0.012828203867320358,0.007740708184428513,0.01575186844848511,0.009291069814935327,0.6069703847169876,0.3675640122964978
2706,6.527264054084284e-05,1.7188650417665485e-05,1.3877462151867803e-05,5.952193671276973e-08,3.043340211661416e-05,0.1281355619430542,0.012827099228065,0.00774028804153204,0.01575158760423602,0.009290545713156462,0.606948733329773,0.3675421476364136
2707,6.496501571251936e-05,1.711175491436734e-05,1.3796284520140034e-05,5.940503555734722e-08,3.0373631943803048e-05,0.12816324084997177,0.012828484620545446,0.007740836008451879,0.01575186867944049,0.009290727088227868,0.6069703698158264,0.3675668053328991
2708,6.465840596451208e-05,1.706587408989435e-05,1.371555572404759e-05,5.958792748117503e-08,3.046714527954464e-05,0.1281361673027277,0.012827129433201788,0.007739775464870036,0.015752154599605245,0.009291108697652817,0.6069924086332321,0.3675642879679799
2709,6.435281163305597e-05,1.701021938060876e-05,1.3623536005979986e-05,5.976356831638441e-08,3.055695015063975e-05,0.12815216183662415,0.012827929914311104,0.007740198983810842,0.015751759437167227,0.009290991816669703,0.6069619804620743,0.3675570711493492
2710,6.404823305327245e-05,1.6996749309328152e-05,1.3644677892443724e-05,5.94664539832479e-08,3.0405035886360565e-05,0.12814003601670265,0.012827323141449354,0.007739878026768565,0.015751551343552685,0.009290502173826098,0.6069459170103073,0.367542976513505
2711,6.374467055916967e-05,1.6952778878476238e-05,1.3628073247673456e-05,5.916635892333488e-08,3.025159867320326e-05,0.12815576791763306,0.012828110565140835,0.007740305736660957,0.015750777839412457,0.009290073998272419,0.6068862974643707,0.3675210326910019
2712,6.34421244836411e-05,1.69468478361523e-05,1.3629369959744508e-05,5.909821521044023e-08,3.0216756840673042e-05,0.12814418412745,0.012827531027134307,0.007740001892670989,0.015752632776780674,0.009291517082601786,0.6070292741060257,0.36758672911673784
2713,6.31405951584652e-05,1.7023948657879373e-05,1.3672704653799883e-05,5.951317572083781e-08,3.042892285520793e-05,0.1281489785760641,0.012827770814691698,0.00773999176453799,0.015751791309198376,0.00929100881330669,0.6069644242525101,0.3675567014142871
2714,6.284008291430624e-05,1.7150047369796084e-05,1.3834998298989376e-05,5.947664405425712e-08,3.0410243198275566e-05,0.12815092504024506,0.012827867806138328,0.007740179542452097,0.015750510603265117,0.009289625799283385,0.606865718960762,0.36750832200050354
2715,6.254058808071248e-05,1.698578876130341e-05,1.366385140499915e-05,5.920926149372008e-08,3.0273534321167972e-05,0.128150574862957,0.012827850506548074,0.007740192930214107,0.015753012790839693,0.009292064933106303,0.6070585399866104,0.3676045574247837
2716,6.22421109861169e-05,1.7085445961129153e-05,1.3747758657700615e-05,5.9527400786407725e-08,3.043619653908536e-05,0.12815583683550358,0.012828113826474665,0.007740309927612543,0.015751804242757843,0.009290751302614808,0.6069654077291489,0.3675606222823262
2717,6.194465195783637e-05,1.706193461359362e-05,1.3744273246629746e-05,5.932474245184949e-08,3.0332579626701772e-05,0.12815496511757374,0.012828070436487145,0.007740382803604007,0.01575275829444063,0.009291558759287,0.6070389300584793,0.3675969475880265
2718,6.164821132207085e-05,1.7047386108970386e-05,1.3729429610975785e-05,5.9298598031887195e-08,3.031920914509101e-05,0.12814047932624817,0.012827345546753376,0.007739785942249,0.015750792506087907,0.009290126850828528,0.6068874448537827,0.3675139620900154
2719,6.135278940390382e-05,1.6944793969742022e-05,1.3618337106890976e-05,5.916445022791095e-08,3.025062233064091e-05,0.12815386056900024,0.012828014993511737,0.007740124478004873,0.015752795937996507,0.009291536407545209,0.6070418655872345,0.36759786307811737
2720,6.1058386527302e-05,1.6944834897003602e-05,1.3606182392322808e-05,5.925992940802871e-08,3.0299442187242676e-05,0.12814294174313545,0.012827468208009006,0.007739904918707907,0.015752242129862034,0.00929119111970067,0.6069991290569305,0.367571035400033
2721,6.0765003015114e-05,1.6923121620493475e-05,1.358273516416375e-05,5.923102541771641e-08,3.028466471732827e-05,0.12815394811332226,0.012828019247456957,0.007740229251794517,0.015751707933676234,0.009290961548686028,0.6069580018520355,0.3675559749826789
2722,6.0472639189070765e-05,1.690708222668036e-05,1.3610164842248196e-05,5.8859596308025175e-08,3.009475085491431e-05,0.1281453501433134,0.012827589024654066,0.007739893859252334,0.015750733030902065,0.009290039539337158,0.6068828850984573,0.36751411762088537
2723,6.0181295369785425e-05,1.685818506302894e-05,1.354738697045832e-05,5.887256016023912e-08,3.0101377888058778e-05,0.1281525157392025,0.012827947922788983,0.00774019118398428,0.015752214300374025,0.00929130776785314,0.6069970279932022,0.36757477186620235
2724,5.989097187675182e-05,1.6895544376893668e-05,1.3543303339247359e-05,5.9269836150122046e-08,3.0304506253742147e-05,0.12814778462052345,0.012827710974573739,0.007740286062471569,0.015752604255149034,0.009291431633755565,0.6070270836353302,0.3675874341279268
2725,5.960166902834532e-05,1.688637644292612e-05,1.3555271152654313e-05,5.908655253961115e-08,3.0210795557650272e-05,0.1281500793993473,0.012827825691521322,0.007740162895061076,0.01575232573350541,0.009290986228734255,0.6070056259632111,0.3675778526812792
2726,5.9313387141822126e-05,1.687186522758566e-05,1.3566590951086255e-05,5.885609333233788e-08,3.009296051459387e-05,0.1281525120139122,0.012827947639191102,0.0077402995666489005,0.015752190512473927,0.009291222784668207,0.6069951504468918,0.367573831230402
2727,5.902612653331858e-05,1.682810557213088e-05,1.354042365164787e-05,5.863287988461252e-08,2.997883075295249e-05,0.1281532496213913,0.012827984506863049,0.007740281987935305,0.01575140560709811,0.009290599264204502,0.6069346964359283,0.3675439730286598
2728,5.8739887517851184e-05,1.6850834526849212e-05,1.3554164524975931e-05,5.874765030000617e-08,3.0037512715352932e-05,0.12815064191818237,0.012827854193347954,0.007740057306364179,0.01575277526869322,0.009291776921600103,0.6070402264595032,0.3675954341888428
2729,5.845467040931595e-05,1.693918102319003e-05,1.3650573237100616e-05,5.885736875654857e-08,3.0093610803305637e-05,0.1281511690467596,0.012827880284516814,0.007740262662991881,0.01575136796021954,0.009290563873946667,0.6069318056106567,0.36754148732870817
2730,5.817047552048873e-05,1.6962663266895106e-05,1.366941000924271e-05,5.893963894720855e-08,3.0135674933262635e-05,0.12814806029200554,0.012827725012920312,0.007739974185824394,0.015752928036143456,0.00929162255488336,0.6070520430803299,0.3676000516861677
2731,5.788730316302368e-05,1.6967890587693546e-05,1.3642273188452236e-05,5.9203049573852695e-08,3.0270356546679977e-05,0.12814932130277157,0.012827787688987301,0.007740083266980946,0.01575158229216661,0.009290704969316721,0.6069483011960983,0.36754881124943495
2732,5.760515364745437e-05,1.6972169760265388e-05,1.3703975810130942e-05,5.8762183563487724e-08,3.0044943741813768e-05,0.12815812975168228,0.01282822853981973,0.007740425877273083,0.015752483355189695,0.009291601367294788,0.6070177406072617,0.36758793517947197
2733,5.732402728319215e-05,1.6906989003473427e-05,1.3596279814009904e-05,5.896731192223115e-08,3.0149824851832818e-05,0.12813572958111763,0.012827107452944976,0.007739956839941442,0.015751687955819375,0.0092907405924052,0.6069564819335938,0.3675461057573557
2734,5.704392437852671e-05,1.688554675638443e-05,1.3590588196166209e-05,5.880214981601739e-08,3.006537690453115e-05,0.12816311232745647,0.012828478098065487,0.00774074112996459,0.01575234374749201,0.009291135938838124,0.6070070266723633,0.3675850694999099
2735,5.676484524062485e-05,1.6965720533335116e-05,1.3707215885006008e-05,5.867377694812603e-08,2.999974003614625e-05,0.12815005518496037,0.012827824698919252,0.007740232395008206,0.01575268670215363,0.009291764348745346,0.6070334613323212,0.36759175825864077
2736,5.6486790175531493e-05,1.682367906141735e-05,1.3536099686461966e-05,5.8623419008085875e-08,2.9973995424370514e-05,0.1281576082110405,0.012828202732951429,0.007740408997051418,0.015752864989438772,0.009291770402342081,0.6070472002029419,0.3676024042069912
2737,5.620975948816773e-05,1.6824969407025492e-05,1.3535012612919672e-05,5.8644539890906344e-08,2.9984792945469962e-05,0.1281491070985794,0.012827777053929634,0.007740229717455804,0.015752332546489944,0.009291313122957945,0.6070061177015305,0.36757761240005493
2738,5.593375348233212e-05,1.6758640867919894e-05,1.3464464245771524e-05,5.8547833248212555e-08,2.9935347356513375e-05,0.12815462797880173,0.012828053704361245,0.007740326575003564,0.015753138190003395,0.009292039321735501,0.6070682108402252,0.3676114194095135
2739,5.565877246069882e-05,1.68051215041487e-05,1.3511034921975806e-05,5.86380366485173e-08,2.9981468742334982e-05,0.12814166210591793,0.01282740453774642,0.007739641354419291,0.015752368228004885,0.009291119175031781,0.6070088744163513,0.3675752682611346
2740,5.53848167248183e-05,1.6715418496460188e-05,1.3418484741123393e-05,5.8484867615504754e-08,2.990315442730207e-05,0.12816346995532513,0.012828496105773832,0.007740614819340408,0.01575330527186842,0.009291841881349683,0.6070811152458191,0.3676222926005721
2741,5.5111886575116315e-05,1.6696190868970007e-05,1.3400011084740981e-05,5.8441358419258904e-08,2.9880907732149353e-05,0.12814892083406448,0.012827768120474379,0.007740073138847947,0.015752533701417316,0.009291584137827158,0.6070216745138168,0.36758529767394066
2742,5.4839982310894676e-05,1.6731729829189135e-05,1.3453188103085267e-05,5.837288608034896e-08,2.984589445986785e-05,0.12815295718610287,0.012827969901605682,0.007740219705738127,0.015752328504889303,0.009291306603699923,0.6070058345794678,0.3675793958827853
2743,5.4569104230329546e-05,1.6653727243465255e-05,1.3358792330109281e-05,5.834857130793125e-08,2.9833463486284018e-05,0.1281561702489853,0.0128281309839129,0.007740384549833834,0.015753482051096862,0.009292145259678364,0.6070946902036667,0.367625430226326
2744,5.4299252630472046e-05,1.6669282331349677e-05,1.3380096561377286e-05,5.8334015839989206e-08,2.9826024729118217e-05,0.12815022468566895,0.012827833065134284,0.007739939377643168,0.015752163491223443,0.009291104041039944,0.606993094086647,0.367571659386158
2745,5.403042780724754e-05,1.6727364254620625e-05,1.3468442375597078e-05,5.821085480306465e-08,2.9763050406472757e-05,0.12815923243761063,0.012828283698281753,0.007740543689578772,0.015752220074130765,0.00929154735058546,0.6069975048303604,0.3675783686339855
2746,5.3762630055455194e-05,1.6810282886581263e-05,1.3479865401677671e-05,5.893234611420439e-08,3.0131949188216822e-05,0.12814681977033615,0.012827662761953369,0.00773980759549886,0.01575281787745077,0.009291805559769273,0.6070435494184494,0.3675951845943928
2747,5.349585966876817e-05,1.673434576332511e-05,1.3427680414679344e-05,5.859801799346087e-08,2.9961005566292442e-05,0.12815472297370434,0.01282805824188907,0.007740162196569145,0.015752280929398118,0.009290945716202259,0.6070021539926529,0.3675784384831786
2748,5.3230116939733095e-05,1.675738758422085e-05,1.3500229442797718e-05,5.8255772650284143e-08,2.9786019240418682e-05,0.1281532309949398,0.012827983230676174,0.007740286528132856,0.015753580658635427,0.009292192989960313,0.6071023494005203,0.36762779019773006
2749,5.2965402159769237e-05,1.6687911283952417e-05,1.3392216942520463e-05,5.8421364634853035e-08,2.9870685921196127e-05,0.1281534545123577,0.012827994432756623,0.007740334724076092,0.015752982306914264,0.009291941998526454,0.6070562303066254,0.36760484240949154
2750,5.2701715619169095e-05,1.6698900253686588e-05,1.3379501979216002e-05,5.862829866032371e-08,2.997649198732688e-05,0.12815574742853642,0.012828109572560809,0.00774024857673794,0.01575259270791506,0.009291523369029164,0.607026219367981,0.3675909833982587
2751,5.243905760709692e-05,1.669086009314924e-05,1.3403291859503952e-05,5.836356731236947e-08,2.9841131436114665e-05,0.12815239652991295,0.012827941683634155,0.007739994558505714,0.015752824690222454,0.009291447000578046,0.60704405605793,0.36759822629392147
2752,5.217742841158968e-05,1.666150456003379e-05,1.3388397064773017e-05,5.819302550946759e-08,2.9753932722087484e-05,0.12815153412520885,0.01282789857666334,0.007740325876511633,0.01575247342449277,0.009291505673900247,0.6070170253515244,0.3675842797383666
2753,5.1916828319555675e-05,1.6639259229123127e-05,1.3325501868166612e-05,5.846752682003853e-08,2.9894288672949187e-05,0.12816213071346283,0.012828428895772851,0.007740471512079239,0.015753035884683318,0.009291892405599356,0.6070603132247925,0.36761122196912766
2754,5.165725761677504e-05,1.6640419289615238e-05,1.3362278195927502e-05,5.819115855842938e-08,2.9752980026387377e-05,0.12815476953983307,0.012828060368854685,0.007740202359855175,0.015753193499262047,0.009291799739003181,0.6070724874734879,0.36761362850666046
2755,5.13987165878987e-05,1.663881153035618e-05,1.3380052678257925e-05,5.803637925794192e-08,2.967384352814406e-05,0.12815207988023758,0.012827925943934627,0.007740255678072572,0.015752676771584893,0.009291564580053091,0.6070326566696167,0.36759236827492714
2756,5.114120551644888e-05,1.6602357391093392e-05,1.3308713050719234e-05,5.8238001088284364e-08,2.9776931114611216e-05,0.12815044447779655,0.01282784412554578,0.0077399659203365445,0.015752857368391444,0.009291761089116335,0.6070465594530106,0.36759850196540356
2757,5.088472468481785e-05,1.6587543086643564e-05,1.3305709217092954e-05,5.811663328358918e-08,2.971487720060395e-05,0.1281594466418028,0.012828294758304718,0.0077406775671988726,0.01575303369076963,0.00929202837869525,0.6070601940155029,0.36760982032865286
2758,5.0629274374268205e-05,1.663361717874068e-05,1.3332953358258237e-05,5.835406113874342e-08,2.9836272915417794e-05,0.1281518768519163,0.012827915876188764,0.007740157539956272,0.015753639776676417,0.009292078437283635,0.6071068644523621,0.3676293706521392
2759,5.037485486493258e-05,1.6626351680315565e-05,1.3371569593800814e-05,5.798090008113377e-08,2.9645476843143115e-05,0.12815579399466515,0.012828111841315042,0.007740228204056621,0.015752750557870458,0.009291235590353608,0.6070383340120316,0.36759706400334835
2760,5.01214664358133e-05,1.6577181213506265e-05,1.3324760175237316e-05,5.786626733339517e-08,2.958686445708736e-05,0.12815852835774422,0.012828248674812788,0.0077404535841196775,0.015753814589273146,0.00929262489080429,0.6071203351020813,0.36763943172991276
2761,4.986910936478186e-05,1.655841879255604e-05,1.3284470242069801e-05,5.79979930748209e-08,2.9654213903995696e-05,0.12815295346081257,0.012827969618008287,0.007739951950497925,0.015753150429647304,0.009291786700487137,0.6070691049098969,0.3676110291853547
2762,4.961778392857835e-05,1.6531503206351772e-05,1.3277125390231959e-05,5.7792241214826845e-08,2.9549014925578376e-05,0.1281578168272972,0.012828212942268172,0.007740325527265668,0.015752975956089044,0.00929189077578485,0.6070556938648224,0.3676067553460598
2763,4.936749040281238e-05,1.658905262047483e-05,1.3308088682606467e-05,5.811277681289084e-08,2.971290678033256e-05,0.1281569916754961,0.012828171679563061,0.007740290719084442,0.015752991082595813,0.009292096365243196,0.6070569157600403,0.3676069537177682
2764,4.9118229061961286e-05,1.6569425497436896e-05,1.3322403674465022e-05,5.780886347395153e-08,2.955751278932439e-05,0.12815055064857006,0.012827849655747953,0.007740119355730712,0.015752952746687816,0.009291348280385137,0.6070539355278015,0.3676022430881858
2765,4.8870000179370724e-05,1.6535495888092555e-05,1.3284924534673337e-05,5.777027034525872e-08,2.9537781301769428e-05,0.1281624510884285,0.012828444776648736,0.007740549044683576,0.015753872551806318,0.009292416973039508,0.6071248203516006,0.36764363572001457
2766,4.86228040272541e-05,1.6509528450114885e-05,1.3254538316687103e-05,5.775404954277974e-08,2.952948761958396e-05,0.12815508246421814,0.012828076250186799,0.007740294677205384,0.015754346058457786,0.009292601374909282,0.6071613281965256,0.36765820533037186
2767,4.8376640876692365e-05,1.6504439372511115e-05,1.3232487617642619e-05,5.787678869495494e-08,2.9592243663500994e-05,0.12815918773412704,0.012828281571353167,0.007740466156974435,0.015753171329394633,0.009292115457355976,0.607070803642273,0.3676149956882
2768,4.813151099763336e-05,1.652619607739325e-05,1.3261757885629777e-05,5.78605652279407e-08,2.9583949526568176e-05,0.1281566396355629,0.012828154238585942,0.007740194443613291,0.015752950668232308,0.009291845140978694,0.6070537865161896,0.36760521307587624
2769,4.788741465889226e-05,1.6516300092916936e-05,1.3253555835035513e-05,5.782795220454773e-08,2.956727439595852e-05,0.12815364450216293,0.012828004642239144,0.0077401259914040565,0.01575283277316809,0.009291813941672444,0.6070446670055389,0.36759915575385094
2770,4.7644352128150714e-05,1.6505885014339583e-05,1.3225038173914072e-05,5.794919832879941e-08,2.962926873806282e-05,0.12815613113343716,0.012828128573365112,0.007740225410088897,0.01575343540281906,0.009292279835790396,0.6070911139249802,0.36762362252920866
2771,4.740232367195628e-05,1.652479249969474e-05,1.327420477537089e-05,5.774945499581463e-08,2.9527140668506036e-05,0.1281580775976181,0.012828226271086136,0.007740456378087401,0.015753523387821655,0.009292003000155091,0.6070978939533234,0.36762798577547073
2772,4.7161329555723204e-05,1.649894193178625e-05,1.3259580327940057e-05,5.761108212709587e-08,2.9456388347171014e-05,0.12815468199551105,0.012828056256720843,0.0077402329770848155,0.01575419007185949,0.009292676113545895,0.607149288058281,0.367651985026896
2773,4.69213700437308e-05,1.6482556020491756e-05,1.32351071897574e-05,5.764229360494255e-08,2.9472349069692427e-05,0.12816037610173225,0.012828341267014884,0.007740290253423154,0.015753098815235376,0.0092918761074543,0.6070651710033417,0.36761277355253696
2774,4.668244539912419e-05,1.6477959434268996e-05,1.325033304055978e-05,5.747823461632606e-08,2.9388465009105857e-05,0.1281561218202114,0.012828128289771224,0.007740250322967768,0.015753596823746798,0.009292350616306067,0.607103556394577,0.3676298391073942
2775,4.644455588391357e-05,1.6540539945708588e-05,1.3270976751300623e-05,5.792871515808429e-08,2.9618791813845746e-05,0.12814733758568764,0.01282768842810618,0.007740125758573413,0.015753843801492817,0.009292652364820242,0.6071226000785828,0.3676349688321352
2776,4.620770175897387e-05,1.6556396985834e-05,1.3304885669640498e-05,5.781850287434054e-08,2.9562443160102703e-05,0.12816159054636955,0.012828401671368452,0.007740303059108555,0.015753750853333116,0.009292163886129856,0.6071154922246933,0.3676385413855314
2777,4.597188328404477e-05,1.6484076923006796e-05,1.325000471297244e-05,5.75406247094179e-08,2.942036462627584e-05,0.12816378101706505,0.012828511844773812,0.0077405585907399654,0.01575351715268017,0.009292246075347066,0.6070974320173264,0.3676306065171957
2778,4.573710071773024e-05,1.6470315131300595e-05,1.3203424714447465e-05,5.777046041544054e-08,2.9537877708207816e-05,0.12815553694963455,0.012828098937769997,0.0077403930481523275,0.015753168673627173,0.009292134316638112,0.607070580124855,0.3676130585372448
2779,4.550335431749792e-05,1.6446919971713214e-05,1.3206348739913665e-05,5.751879950111061e-08,2.9409204671537736e-05,0.12815942615270615,0.012828293623943828,0.007740298635326326,0.01575421177845124,0.009292539674788713,0.607150986790657,0.3676552064716816
2780,4.5270644339679463e-05,1.6428173239546595e-05,1.3204244169173762e-05,5.7351935645044705e-08,2.932388633780647e-05,0.12815994955599308,0.012828319856013772,0.007740452769212425,0.015753524773408318,0.009292186237871647,0.6070980280637741,0.3676289888098836
2781,4.5038971039470035e-05,1.6484532579852385e-05,1.3259037359603099e-05,5.747442077819187e-08,2.9386513233475853e-05,0.12815675139427185,0.012828159768654425,0.007740224362351,0.015753837912867913,0.009292457485571504,0.6071221679449081,0.36763945966959
2782,4.480833467092763e-05,1.65039052717475e-05,1.3266050700622145e-05,5.7608992243274315e-08,2.9455321964633185e-05,0.12816341035068035,0.012828492986330103,0.0077405289048329,0.01575396838580573,0.009292669594287872,0.607132226228714,0.36764781828969717
2783,4.457873548697356e-05,1.645455949983443e-05,1.3215032822699868e-05,5.752556475613346e-08,2.941266438938328e-05,0.12815982475876808,0.012828313617039835,0.0077406070195138454,0.015753037385781984,0.009291919879615307,0.6070604473352432,0.36761013604700565
2784,4.43501737393911e-05,1.644930125621613e-05,1.3216187198850093e-05,5.746511266835341e-08,2.938175612143823e-05,0.12815235555171967,0.01282793955664886,0.007740317145362496,0.015755145249059025,0.009293205570429564,0.6072229146957397,0.3676876351237297
2785,4.4122649678826614e-05,1.645909333092277e-05,1.3217581454227911e-05,5.7549962129144205e-08,2.9425139018712798e-05,0.12815893068909645,0.012828268809774241,0.007740429253317416,0.01575388479087968,0.009292450733482838,0.6071257442235947,0.36764233745634556
2786,4.389616355478769e-05,1.6420608062617248e-05,1.3150930953997886e-05,5.7695035415861184e-08,2.9499315132852644e-05,0.12816043943166733,0.012828344386495508,0.0077404549811035395,0.015754024962230505,0.009292559465393424,0.6071365475654602,0.36764849349856377
2787,4.3670715615644684e-05,1.6396542832808336e-05,1.3136837878846563e-05,5.7569956801728495e-08,2.9435362193908077e-05,0.12815308570861816,0.01282797656614266,0.007740104803815484,0.015752774922280086,0.009291899856179953,0.6070402264595032,0.36759665608406067
2788,4.344630610862849e-05,1.6392983297919272e-05,1.3167269116820535e-05,5.7297081745844025e-08,2.92958411591826e-05,0.12815922126173973,0.012828283556486525,0.007740322267636657,0.015753776255369105,0.009292209055274725,0.6071173697710037,0.3676382955163717
2789,4.322293527983186e-05,1.636194087950571e-05,1.3137899486537208e-05,5.7223275007345364e-08,2.925810531451134e-05,0.12815681099891663,0.012828162888179185,0.0077403702307492495,0.015754267545781225,0.00929254014045,0.6071552634239197,0.36765603721141815
2790,4.3000603374208156e-05,1.6362066389774554e-05,1.313809002567723e-05,5.722301654742523e-08,2.9257970709295478e-05,0.12815627828240395,0.012828135946803978,0.00774023262783885,0.015754142040145896,0.009292607428506017,0.6071455925703049,0.3676509354263544
2791,4.277931063557162e-05,1.6332706991306623e-05,1.3116631976117787e-05,5.710376971279629e-08,2.919700318670948e-05,0.12815972231328487,0.012828308654217493,0.007740385597571731,0.015754431382819973,0.009292881470173597,0.6071678996086121,0.36766381096094847
2792,4.25590573065968e-05,1.6335741293005412e-05,1.312458607571898e-05,5.707121975007112e-08,2.9180358069424983e-05,0.12815882824361324,0.012828263563343668,0.007740538218058646,0.015753372127211576,0.009292216040194035,0.607086256146431,0.3676225421950221
2793,4.2339843628818695e-05,1.6316547771566547e-05,1.3106494407111313e-05,5.702506022942089e-08,2.915675850090338e-05,0.128158925101161,0.012828268809774241,0.007740303524769843,0.015754486572080114,0.009292912669479847,0.6071721315383911,0.36766552831977606
2794,4.212166984263195e-05,1.6334814972651657e-05,1.3111395446685492e-05,5.71653604453104e-08,2.9228492167021614e-05,0.1281600072979927,0.012828322691910012,0.0077403385657817125,0.015754440388612026,0.009292887523770332,0.607168585062027,0.36766429618000984
2795,4.1904536187290474e-05,1.6313561445713276e-05,1.3089644198771566e-05,5.712767681131936e-08,2.920922725024866e-05,0.12816032208502293,0.01282833885650661,0.007740509929135442,0.015754160975742778,0.009292556438595057,0.6071470528841019,0.3676536874845624
2796,4.168844290090838e-05,1.6304520613630302e-05,1.3096885140839731e-05,5.6982623952706035e-08,2.913505932156113e-05,0.12815578281879425,0.012828110990532252,0.007740245200693607,0.015754152662556708,0.009292699163779616,0.6071464121341705,0.3676510974764824
2797,4.1473390220458364e-05,1.6338922705472214e-05,1.3131683999745292e-05,5.704679839624305e-08,2.9167873890401097e-05,0.1281587854027748,0.012828261578207215,0.007740305154584348,0.015753878671344188,0.009292439557611942,0.6071252673864365,0.36764202639460564
2798,4.125937838177186e-05,1.6346559732483e-05,1.3146082892490085e-05,5.700884209147716e-08,2.914846390922321e-05,0.1281593255698681,0.01282828866111375,0.007740474073216319,0.015754036739338277,0.009292528964579105,0.6071374714374542,0.36764839850366116
2799,4.10464076195394e-05,1.6290533721985412e-05,1.3054923329036683e-05,5.717412321359916e-08,2.92329737021646e-05,0.1281556524336338,0.012828104609659528,0.007740500965155661,0.01575462696899175,0.009293270763009787,0.607182964682579,0.3676693085581064
2800,4.083447816730937e-05,1.629571170269628e-05,1.3067054851489956e-05,5.7129852848447626e-08,2.9210337743279524e-05,0.1281586606055498,0.012828255481000476,0.007740356028079987,0.015754468445085032,0.009292661910876632,0.6071707457304001,0.36766470316797495
2801,4.0623590257488334e-05,1.6296134617732605e-05,1.3084828424325678e-05,5.699493854649518e-08,2.9141356208128855e-05,0.12816072255373,0.012828358565943327,0.007740506203845143,0.015754532524496493,0.009292924078181386,0.6071757078170776,0.3676682151854038
2802,4.041374412134078e-05,1.6328398942278e-05,1.3117046592014958e-05,5.705840244729643e-08,2.9173806524340762e-05,0.12815835513174534,0.012828239883481677,0.007740409695543349,0.01575391665861099,0.00929262163117528,0.6071282476186752,0.3676433013752103
2803,4.0204939988988736e-05,1.6266606507997494e-05,1.3057946034678025e-05,5.6916484858504646e-08,2.9101246127538616e-05,0.12815695814788342,0.012828169978005361,0.007740119239315391,0.015753999329671396,0.009292410919442773,0.607134610414505,0.3676457842811942
2804,3.999717808941152e-05,1.6270869764412055e-05,1.3065718803773052e-05,5.6897379252518476e-08,2.9091474516462767e-05,0.1281625460833311,0.012828449739418418,0.007740576518699527,0.015754964332113115,0.00929330987855792,0.6072090119123459,0.3676857789978385
2805,3.979045865044576e-05,1.6279617284453707e-05,1.3063312735539512e-05,5.700174110501166e-08,2.9144834570615785e-05,0.12815606966614723,0.012828125453832008,0.007740264991298318,0.015754488881249966,0.009292828384786844,0.6071723103523254,0.36766419000923634
2806,3.95847818987844e-05,1.62664564413717e-05,1.3050421330262907e-05,5.6973886941591445e-08,2.9130595066817477e-05,0.12816008366644382,0.012828326803958446,0.007740385946817696,0.01575380997073543,0.00929241324774921,0.6071199774742126,0.36764003057032824
2807,3.938014805997717e-05,1.6246040559053654e-05,1.3048465461906744e-05,5.678955350418846e-08,2.9036342766630696e-05,0.12815943360328674,0.012828294049329173,0.0077404142357409,0.015754745427912765,0.009293152252212167,0.6071921139955521,0.3676757737994194
2808,3.9176557358430316e-05,1.6224163118749857e-05,1.3023361589148408e-05,5.677199954590151e-08,2.9027368327660952e-05,0.12816470302641392,0.012828557360151571,0.007740576169453561,0.01575408892798441,0.009292722912505269,0.6071414798498154,0.36765309143811464
2809,3.897401001740602e-05,1.620970897420193e-05,1.2999545560887782e-05,5.6816965354755666e-08,2.905036035372177e-05,0.12815729342401028,0.012828186851775902,0.007740189554169774,0.01575493362105324,0.009293277049437165,0.6072066575288773,0.36768197547644377
2810,3.877250625902213e-05,1.6238594298556563e-05,1.3037866210652282e-05,5.6799642322857835e-08,2.9041503694315907e-05,0.12815909460186958,0.012828277175699636,0.007740382920019329,0.015754318463605765,0.009292705450206995,0.6071591973304749,0.3676591459661722
2811,3.85720463042525e-05,1.6216848734984524e-05,1.3024486406720825e-05,5.669167180144541e-08,2.898629782066564e-05,0.12815986201167107,0.012828315318578483,0.0077403358882293105,0.01575480142426618,0.00929298810660839,0.6071963906288147,0.3676781263202429
2812,3.837263037292571e-05,1.625630420676316e-05,1.3071082548776758e-05,5.6712979201734015e-08,2.8997190838708775e-05,0.12816067226231098,0.012828356155438304,0.007740485481917858,0.015754190533702177,0.009292971342802048,0.6071493476629257,0.36765500996261835
2813,3.8174258683725906e-05,1.6307616533595137e-05,1.3120008361511282e-05,5.683199955086593e-08,2.9058046493446454e-05,0.12816237471997738,0.012828441231812072,0.007740609580650926,0.01575443530842227,0.009293047012761235,0.6071682274341583,0.36766530107706785
2814,3.797693145419206e-05,1.6239115211647004e-05,1.3023397968936479e-05,5.69179254839014e-08,2.910198099925765e-05,0.12815499678254128,0.012828071712665343,0.007740387809462845,0.015754737345948414,0.009293196490034461,0.6071915030479431,0.3676732499152422
2815,3.778064890071765e-05,1.62197998179181e-05,1.3021122867939994e-05,5.674684100398508e-08,2.9014505798841128e-05,0.1281604766845703,0.012828345946235536,0.007740722154267132,0.015754235563299353,0.00929274968802929,0.6071528196334839,0.3676566481590271
2816,3.758541123855054e-05,1.6231017298196093e-05,1.3042754972047987e-05,5.668731084540468e-08,2.898406637541484e-05,0.128161134198308,0.01282837898432065,0.007740393630228937,0.015754923460990177,0.009293122915551066,0.6072058528661728,0.3676834935322404
2817,3.739121868179265e-05,1.6178838450287003e-05,1.3000015542274923e-05,5.651140710938307e-08,2.889412871809327e-05,0.12816276028752327,0.012828460515711688,0.007740618195384741,0.015754477104480188,0.009293001145124435,0.607171431183815,0.36766709573566914
2818,3.719807144340011e-05,1.6195349644476664e-05,1.2988823982595932e-05,5.6760425692914396e-08,2.9021451609878568e-05,0.12815903685986996,0.012828274197998002,0.007740296539850533,0.015755225489158132,0.009293554117903113,0.6072290986776352,0.3676940677687526
2819,3.700596973518233e-05,1.6170268736459548e-05,1.2976386415175512e-05,5.6612456944549194e-08,2.894579665735364e-05,0.128160510212183,0.012828347505975373,0.007740427856333554,0.01575438993301839,0.009292853297665715,0.6071646958589554,0.3676626030355692
2820,3.681491376780258e-05,1.620744660613127e-05,1.3025236967223464e-05,5.6593853159370155e-08,2.8936281978531042e-05,0.12816425040364265,0.012828534956964007,0.007740657776594162,0.015754901986289874,0.009293180890381336,0.6072041541337967,0.3676842022687197
2821,3.662490375077713e-05,1.6185688309633406e-05,1.3009051372137037e-05,5.650770784626502e-08,2.889223515012418e-05,0.12816030345857143,0.012828337296765722,0.007740515982732177,0.01575469970703125,0.009293145965784788,0.6071885824203491,0.3676744429394603
2822,3.643593989247533e-05,1.6168369711522246e-05,1.297485164286627e-05,5.660589330602761e-08,2.8942440167156747e-05,0.12815932743251324,0.012828288944704093,0.007740538916550577,0.015754700630686735,0.009292911738157272,0.6071886569261551,0.36767399217933416
2823,3.6248022400119e-05,1.620928992451809e-05,1.3003873618799844e-05,5.67790099381682e-08,2.903095355577534e-05,0.1281629279255867,0.012828468739718884,0.007740649743936956,0.015754972413961024,0.009293557377532125,0.6072095930576324,0.3676862604916096
2824,3.606115147978284e-05,1.6234033182627172e-05,1.3062373454886256e-05,5.6563321138014544e-08,2.892067141146981e-05,0.12815611250698566,0.01282812800617733,0.007740241242572665,0.015754161322125437,0.009292718255892396,0.6071471124887466,0.36765161249786615
2825,3.587532733639366e-05,1.6165058468686766e-05,1.2995106317248428e-05,5.641505840259242e-08,2.884486548282439e-05,0.12816605903208256,0.01282862598739404,0.007740635774098337,0.015755415408339944,0.009293368551880121,0.6072437316179276,0.36770489532500505
2826,3.569055017373053e-05,1.617415864529903e-05,1.2985553667022032e-05,5.657878610065836e-08,2.8928578103659675e-05,0.12816003896296024,0.012828324251652676,0.007740547065623105,0.015754754664438375,0.00929330475628376,0.6071928292512894,0.3676764341071248
2827,3.550682019442419e-05,1.612748110346729e-05,1.2915065553897875e-05,5.6673767900861094e-08,2.8977141937502893e-05,0.12816266901791096,0.012828455836532828,0.007740565459243953,0.015754467752333214,0.009292895905673504,0.6071706712245941,0.36766667012125254
2828,3.532413759995731e-05,1.6176387362065725e-05,1.3009041595068993e-05,5.6416827654004464e-08,2.8845769975305302e-05,0.1281631737947464,0.012828481075719793,0.007740571745671332,0.01575484275752927,0.009293264476582408,0.6071995943784714,0.3676813840866089
2829,3.5142502590663284e-05,1.6140651268869988e-05,1.2946422430104576e-05,5.6557245997623795e-08,2.8917565941810608e-05,0.12815717048943043,0.01282818089633001,0.007740236585959792,0.015755243961641064,0.009293563198298216,0.6072305589914322,0.3676938647404313
2830,3.4961915365727525e-05,1.613107474440767e-05,1.2951412372785853e-05,5.6424558358969534e-08,2.8849722639279207e-05,0.12816273793578148,0.01282845923957217,0.007740376167930663,0.015754458862015507,0.009292778326198459,0.6071699857711792,0.36766636185348034
2831,3.478237612318584e-05,1.612962068975321e-05,1.2947532013640739e-05,5.64407063308181e-08,2.88579781226872e-05,0.1281579863280058,0.012828221450025918,0.007740286644548178,0.015755102069325774,0.00929329707287252,0.6072196066379547,0.36768879648298025
2832,3.460388505992531e-05,1.6125914044096135e-05,1.2921130746690324e-05,5.661099145015669e-08,2.8945045869477326e-05,0.12815778143703938,0.012828211098919916,0.007740460918284953,0.015754512665679732,0.009293277282267809,0.6071741580963135,0.3676659697666764
2833,3.442644237168321e-05,1.6155123830685625e-05,1.2992401480005356e-05,5.6339079179679175e-08,2.8806014597648755e-05,0.12816153466701508,0.012828399260871528,0.007740324712358415,0.015754870813285735,0.009293092880398035,0.6072017848491669,0.367681659758091
2834,3.425004825304698e-05,1.615047699488059e-05,1.2959942750967457e-05,5.6547558635600126e-08,2.891261101467535e-05,0.1281652096658945,0.01282858302451456,0.007740731118246913,0.015755406634008734,0.009293800685554743,0.6072430461645126,0.36770412791520357
2835,3.407470289745459e-05,1.610323170098127e-05,1.2906920574096148e-05,5.6500348399879385e-08,2.8888473025290295e-05,0.1281511876732111,0.012827881277114582,0.007739973836578429,0.01575514605723472,0.009293213719502091,0.6072229892015457,0.3676870884373784
2836,3.390040649719365e-05,1.6115091511892388e-05,1.2920020253659459e-05,5.651384515914515e-08,2.88953747258347e-05,0.12816503643989563,0.012828574233412578,0.007740602479316294,0.015754659412507997,0.009293102892115712,0.6071854680776596,0.3676752522587776
2837,3.372715924340142e-05,1.6084674371086294e-05,1.2907466725664563e-05,5.631460631150276e-08,2.8793506771762623e-05,0.12815776653587818,0.01282821067353182,0.007740220054984093,0.01575509225573353,0.009293342009186745,0.6072188168764114,0.3676882917061448
2838,3.3554961326065035e-05,1.6104959286167286e-05,1.2931769560964312e-05,5.6322842389988637e-08,2.879771682273713e-05,0.12816696427762508,0.012828670793412104,0.007740702130831778,0.0157554201418587,0.00929350033402443,0.6072441041469574,0.36770553421229124
2839,3.33838129340205e-05,1.6076733118097764e-05,1.2899307421321282e-05,5.6300778261686446e-08,2.8786434086214285e-05,0.1281579602509737,0.012828220315658544,0.0077403332106769085,0.01575491180000063,0.009293262846767902,0.60720494389534,0.36768145207315683
2840,3.3213714254952934e-05,1.6046205018938053e-05,1.2891572168882703e-05,5.606275799152627e-08,2.866473550966475e-05,0.1281656101346016,0.012828603017159544,0.007740524597465992,0.015755124698291646,0.009293282870203257,0.6072213500738144,0.367693480104208
2841,3.304466547539638e-05,1.6067390788521152e-05,1.2910056739201536e-05,5.6125321279409945e-08,2.869672516681021e-05,0.12816216051578522,0.012828430313708996,0.007740478031337261,0.015755054040392548,0.009293503826484084,0.6072158813476562,0.36768902093172073
2842,3.2876666780733724e-05,1.6034975033107912e-05,1.2860572496720124e-05,5.6195454511964726e-08,2.8732585178659065e-05,0.12815932370722294,0.012828288519318578,0.0077402673196047544,0.015755487334581323,0.009293499868363142,0.607249304652214,0.3677043141797185
2843,3.2709718355195927e-05,1.604506906005554e-05,1.286108613385295e-05,5.6290144101467376e-08,2.878099894587649e-05,0.12816873751580715,0.012828759554238983,0.007740638451650739,0.015754854187658304,0.009293331997469068,0.6072004735469818,0.3676846055313945
2844,3.254382038186261e-05,1.6049015812313883e-05,1.2870116051999503e-05,5.6258103953155114e-08,2.8764614853571402e-05,0.12815609574317932,0.012828127155395613,0.007740298984572291,0.015754867003247665,0.009293372510001063,0.607201486825943,0.36767879128456116
2845,3.23789730426611e-05,1.6034197642511572e-05,1.2857194178650388e-05,5.621428655899763e-08,2.874221218007733e-05,0.12816672213375568,0.012828658741175794,0.007740683504380286,0.015755288295511736,0.009293392999097705,0.6072339415550232,0.36770033184438944
2846,3.221517651836676e-05,1.602696852387453e-05,1.2861186178270145e-05,5.611236097990968e-08,2.869009767891839e-05,0.12816155515611172,0.012828400537017014,0.00774047605227679,0.015755808631903748,0.009293831652030349,0.6072740703821182,0.36771781276911497
2847,3.2052430988602545e-05,1.6042635706980946e-05,1.2866029237557086e-05,5.6227681177745126e-08,2.874906022043433e-05,0.12815959379076958,0.012828301848058015,0.007740378146991134,0.0157547128691168,0.00929321302101016,0.6071896255016327,0.36767460964620113
2848,3.18907366318388e-05,1.6068004242697498e-05,1.2903464948976762e-05,5.6182895669110167e-08,2.872616096283309e-05,0.12816175632178783,0.012828410320794861,0.007740357192233205,0.015754643363944252,0.009292876115068793,0.6071842461824417,0.3676730012521148
2849,3.173009362539337e-05,1.6039638921938604e-05,1.2875550737589947e-05,5.612388598308371e-08,2.8695989840343827e-05,0.1281618233770132,0.012828413440258693,0.007740386063233018,0.015755819368639692,0.009293983457610011,0.6072749048471451,0.36771836411207914
2850,3.157050214543115e-05,1.6049878013291163e-05,1.2874854064648389e-05,5.622946908090398e-08,2.874997380786226e-05,0.1281626597046852,0.012828455411152847,0.00774040340911597,0.01575495832845198,0.009293375071138144,0.6072085052728653,0.36768558248877525
2851,3.141196236696334e-05,1.600545101609896e-05,1.2841731859225547e-05,5.605413377907098e-08,2.8660325824603206e-05,0.12816470861434937,0.012828557927320369,0.007740461966022849,0.015755670439068614,0.009293738286942244,0.6072634309530258,0.3677140697836876
2852,3.1254474463848536e-05,1.5989982784958556e-05,1.2827605132770259e-05,5.6013390370424077e-08,2.8639493848459097e-05,0.12816110625863075,0.01282837728279045,0.0077405821066349745,0.01575517434335801,0.009293562965467572,0.60722516477108,0.3676931355148554
2853,3.109803860879141e-05,1.602544512024906e-05,1.2872860679635778e-05,5.600612684730777e-08,2.863578129108646e-05,0.1281621754169464,0.012828431306264206,0.007740368950180709,0.015755562839463794,0.009293709648773074,0.6072551310062408,0.36770865321159363
2854,3.0942654973343156e-05,1.602220027052681e-05,1.2863158190157264e-05,5.605030839461733e-08,2.8658369501499692e-05,0.12816662713885307,0.012828654062069235,0.007740634377114475,0.015755521392638857,0.009293872863054276,0.6072519272565842,0.3677092771977186
2855,3.078832372790108e-05,1.5978230294422247e-05,1.2819011999454233e-05,5.596568541932356e-08,2.86151025647996e-05,0.12815869972109795,0.012828257182546834,0.007740426459349692,0.015755536747603428,0.00929355714470148,0.6072531044483185,0.3677059020847082
2856,3.0635045041708015e-05,1.6014831089705694e-05,1.2873660125478636e-05,5.5896077988393245e-08,2.857951176338247e-05,0.12816340662539005,0.012828492986330103,0.007740519009530544,0.015755398898739007,0.009293579962104559,0.6072424650192261,0.36770293582230806
2857,3.0482819082853006e-05,1.5977341263351263e-05,1.2821284371966613e-05,5.593921503788124e-08,2.8601569283637218e-05,0.1281622350215912,0.012828433716755109,0.0077403695322573185,0.015755101376601816,0.009293607668951154,0.6072195470333099,0.36769089102745056
2858,3.033164601827043e-05,1.5969229707479826e-05,1.279908337892266e-05,5.603357422501176e-08,2.8649814339587465e-05,0.12816314958035946,0.012828479941375377,0.0077405854826793075,0.015755658663182008,0.009293785318732262,0.607262521982193,0.3677128357812762
2859,3.018152601374022e-05,1.595139497112541e-05,1.2801248658433906e-05,5.5842229507163665e-08,2.8551980449265102e-05,0.12816111743450165,0.012828377991761394,0.00774039828684181,0.01575543896046798,0.00929346028715372,0.6072455942630768,0.3677033558487892
2860,3.0032459233887205e-05,1.598410608494305e-05,1.2838539532822324e-05,5.58703776576408e-08,2.8566370474436553e-05,0.12816611491143703,0.012828628256056943,0.007740645902231336,0.01575562829982594,0.009294039569795132,0.6072601824998856,0.3677131487056613
2861,2.9884445842181557e-05,1.5971187394825392e-05,1.2803435083696968e-05,5.601867325566445e-08,2.864219459297601e-05,0.12816235981881618,0.012828440664638115,0.0077403722098097205,0.015755686140237066,0.009293679147958755,0.6072645932435989,0.36771347653120756
2862,2.9737486000937916e-05,1.597297386979335e-05,1.2819482890336076e-05,5.591059970555534e-08,2.8586936878127744e-05,0.12816773913800716,0.012828709502282725,0.007740518311038613,0.015755496801574197,0.00929368007928133,0.6072500050067902,0.36770887207239866
2863,2.9591579871315836e-05,1.5956280776663334e-05,1.2805087408196414e-05,5.5859974423810854e-08,2.8561051749420585e-05,0.12815888971090317,0.012828266682843186,0.007740459754131734,0.01575560694153661,0.009293805109336972,0.6072584986686707,0.3677086941897869
2864,2.9446727613319336e-05,1.5945617178658722e-05,1.2783885267708683e-05,5.592156337996812e-08,2.8592542548722122e-05,0.1281647738069296,0.012828561188540468,0.00774049770552665,0.015755622527318165,0.00929385214112699,0.607259675860405,0.3677122248336673
2865,2.9302929385796592e-05,1.5936412864903104e-05,1.2788345884473529e-05,5.579665884880569e-08,2.852867964975303e-05,0.1281648986041546,0.012828567427394001,0.007740408880636096,0.01575584072664106,0.009293812327086926,0.6072765290737152,0.3677207138389349
2866,2.916018534644024e-05,1.594262630533194e-05,1.2800539252566523e-05,5.5762024331329485e-08,2.851097087841481e-05,0.12816457077860832,0.01282855097950087,0.00774050282780081,0.015755294529952293,0.009293581591919065,0.6072344481945038,0.36769950948655605
2867,2.9018495651786225e-05,1.593362480889482e-05,1.2786285651600338e-05,5.5785513097816875e-08,2.8522981210699072e-05,0.1281634345650673,0.012828494120673365,0.007740396540611982,0.01575579812605827,0.009293916868045926,0.6072732359170914,0.36771833524107933
2868,2.8877860457214948e-05,1.592134594829986e-05,1.2769599834427936e-05,5.579597939231462e-08,2.85283308585349e-05,0.12816074676811695,0.012828359558504086,0.007740503875538707,0.015755686255686775,0.009293801616877317,0.6072645932435989,0.36771267000585794
2869,2.873827991695e-05,1.590394094819203e-05,1.2767363386956276e-05,5.564326333029612e-08,2.8450249374145642e-05,0.1281680092215538,0.012828723397746253,0.007740570465102792,0.015756071506657882,0.009293963201344013,0.607294350862503,0.3677311800420284
2870,2.8599754184058678e-05,1.5909229887256515e-05,1.276728789889603e-05,5.569557792739488e-08,2.847699624908273e-05,0.12816279754042625,0.012828462359024104,0.007740420522168279,0.015755521508089773,0.009293866343796253,0.6072519570589066,0.3677073772996664
2871,2.8462283410451262e-05,1.589270937074616e-05,1.2739158592012245e-05,5.5754082239900526e-08,2.8506910439318744e-05,0.1281654667109251,0.012828595785780912,0.007740565109997988,0.01575562368181989,0.009293950395658612,0.6072597801685333,0.3677126234397292
2872,2.832586774688163e-05,1.5915014500933466e-05,1.2762089681928046e-05,5.579280859535629e-08,2.8526711957965745e-05,0.128165103495121,0.012828577920004466,0.0077404159819707274,0.01575579916509824,0.009293792070820928,0.6072733700275421,0.36771923676133156
2873,2.8190507342945988e-05,1.5933781241983525e-05,1.280632955058536e-05,5.56302328647007e-08,2.8443586415960453e-05,0.12816018424928188,0.012828331341389672,0.0077404724434018135,0.015755725277640315,0.009293806971982121,0.6072676479816437,0.3677139161154628
2874,2.8056202347083598e-05,1.5890463373580133e-05,1.2756796422763728e-05,5.559413818190251e-08,2.8425131404219428e-05,0.12816545367240906,0.012828595360405572,0.007740582339465618,0.0157559570983777,0.009294057032093406,0.6072854846715927,0.3677254691720009
2875,2.792295290657659e-05,1.5892366263869917e-05,1.2743946399496053e-05,5.5713269553336886e-08,2.848604481187067e-05,0.12816335447132587,0.012828490292264454,0.007740518311038613,0.015755648619036475,0.009293875424191356,0.6072616875171661,0.367712520994246
2876,2.7790759167549093e-05,1.5899624486337416e-05,1.2742129911202937e-05,5.579846007464084e-08,2.8529600513138575e-05,0.12816758081316948,0.012828701562011094,0.007740622037090361,0.015755914498109553,0.009294131770730019,0.6072822362184525,0.36772490851581097
2877,2.765962127496797e-05,1.5872328276600456e-05,1.2714325748675037e-05,5.574904626826083e-08,2.8504336569312727e-05,0.12816273048520088,0.012828458672399009,0.007740433560684323,0.015755802513115473,0.00929386354982853,0.6072736084461212,0.36771816946566105
2878,2.7529539372641772e-05,1.5885023003647802e-05,1.274270812245959e-05,5.565114857830622e-08,2.84542802546639e-05,0.12816289439797401,0.012828467179993787,0.00774054869543761,0.01575579570163139,0.009293822105973959,0.6072730720043182,0.3677179832011461
2879,2.740051360322135e-05,1.5872301446506754e-05,1.2743731758746435e-05,5.5518735386783646e-08,2.8386579288053326e-05,0.12816314958035946,0.012828479515996196,0.007740479661151767,0.01575555960684627,0.009293756214901805,0.6072548776865005,0.36770901363343
2880,2.7272544108199237e-05,1.5858896858844673e-05,1.2732545428661979e-05,5.5475169347118936e-08,2.836430167008075e-05,0.12816687673330307,0.01282866668147393,0.007740613538771868,0.015755950056064894,0.00929402350448072,0.6072849780321121,0.3677259273827076
2881,2.714563102790985e-05,1.5875262761255726e-05,1.2730292155538336e-05,5.565284055819575e-08,2.8455144274630584e-05,0.1281652543693781,0.012828585293185061,0.007740605156868696,0.015756477989902953,0.009294466581195593,0.6073256582021713,0.3677454562857747
2882,2.7019774501528734e-05,1.5845399957470363e-05,1.2707876066997414e-05,5.55361676646271e-08,2.8395491426636e-05,0.1281638089567423,0.012828512695530018,0.007740530068986118,0.015755912304596692,0.009293997660279274,0.6072820276021957,0.367722918279469
2883,2.689497466707311e-05,1.58394682330254e-05,1.2705329709206126e-05,5.549808612670404e-08,2.83760232377972e-05,0.12816742435097694,0.012828694047106631,0.0077406372874975204,0.015755593318396405,0.009293786017224193,0.6072574555873871,0.367712439969182
2884,2.6771231661401225e-05,1.5861467090871884e-05,1.2730131174976123e-05,5.5519183916885595e-08,2.8386808480718173e-05,0.12816260010004044,0.012828452433492584,0.007740430883131921,0.01575634418984489,0.009294249815866351,0.607315331697464,0.3677389658987522
2885,2.6648545620212558e-05,1.584209439897677e-05,1.2705054814432515e-05,5.552591808566376e-08,2.8390250008669682e-05,0.12816271930933,0.012828458105225822,0.007740467553958297,0.01575587905552226,0.009294151794165373,0.6072794646024704,0.3677210919559002
2886,2.652691667804729e-05,1.5842667380638886e-05,1.2701142395599163e-05,5.5562131784370195e-08,2.840876732079778e-05,0.12816638685762882,0.012828642009817207,0.007740591652691364,0.015756005701794994,0.009294241666793823,0.6072892397642136,0.3677278133109212
2887,2.6406344968286525e-05,1.5846739643166075e-05,1.2708231679425808e-05,5.554649717964821e-08,2.8400771952874493e-05,0.1281654629856348,0.012828595502197353,0.0077405928168445826,0.015756085244831422,0.009294027928262949,0.607295349240303,0.3677304061129689
2888,2.6286830623152062e-05,1.5839972093090182e-05,1.2706828556474647e-05,5.5491285344544394e-08,2.8372543511068216e-05,0.12816438637673855,0.012828541904792184,0.007740392349660397,0.015756156013552392,0.009294206742197275,0.6073008626699448,0.36773262452334166
2889,2.6168373773705753e-05,1.5865412024140824e-05,1.2742095123030595e-05,5.546416037560675e-08,2.8358675990602933e-05,0.12816675752401352,0.012828660300877603,0.007740555331110954,0.015755688449231108,0.009293610695749521,0.6072648018598557,0.3677157796919346
2890,2.605097454985015e-05,1.5868630271143047e-05,1.274186934097088e-05,5.549740400567771e-08,2.8375671263347613e-05,0.12816463224589825,0.012828554098930498,0.007740571862086654,0.015756613289582826,0.00929461233317852,0.6073361188173294,0.3677503755316138
2891,2.5934633080328083e-05,1.5844223298699944e-05,1.2723779946099967e-05,5.540024705652513e-08,2.8325995117484126e-05,0.12816505320370197,0.012828575509540658,0.007740518311038613,0.01575584672996596,0.00929398275911808,0.6072770357131958,0.3677210444584489
2892,2.5819349492721992e-05,1.581499282110599e-05,1.2689661843978683e-05,5.5381313757152384e-08,2.8316315365373157e-05,0.1281665340065956,0.012828649241169783,0.007740614702925086,0.015755901221579677,0.009294037474319339,0.6072811931371689,0.36772386357188225
2893,2.5705123913454596e-05,1.5816087170605897e-05,1.2677264294325141e-05,5.5489004502362604e-08,2.8371377084113192e-05,0.12816564552485943,0.01282860500224316,0.007740531815215945,0.01575629685736937,0.009294370887801051,0.6073116958141327,0.36773867066949606
2894,2.559195646778823e-05,1.5805710063432343e-05,1.268076266569551e-05,5.5360160899908806e-08,2.8305499654379673e-05,0.1281651370227337,0.01282857933792414,0.007740607135929167,0.015756054535956385,0.009294037939980626,0.6072929799556732,0.36772905848920345
2895,2.5479847279824962e-05,1.5817417533980915e-05,1.2685336059803376e-05,5.543886416603527e-08,2.834574206644902e-05,0.12816655822098255,0.01282865037549923,0.007740645902231336,0.01575623497860156,0.00929426634684205,0.6073069423437119,0.3677367502823472
2896,2.5368796472505948e-05,1.5807790077815298e-05,1.2669064290093957e-05,5.547202164279952e-08,2.8362693228700664e-05,0.12816436029970646,0.01282854020328359,0.007740380358882248,0.01575627838612084,0.009294219547882676,0.6073102504014969,0.3677373053506017
2897,2.525880416761239e-05,1.578695560056076e-05,1.2665527492572437e-05,5.529594471198607e-08,2.827266689564567e-05,0.12816808745265007,0.012828727084295275,0.00774068059399724,0.015756190185610548,0.009294073795899749,0.6073034703731537,0.3677357789129019
2898,2.5149870485764145e-05,1.57891690832912e-05,1.2670042224272038e-05,5.528227564610688e-08,2.8265676974115195e-05,0.12816262617707253,0.012828453426046082,0.007740441826172173,0.015755975454555295,0.009294198825955391,0.6072869151830673,0.3677247706800699
2899,2.504199554642048e-05,1.579993795530754e-05,1.2682092801696854e-05,5.52933085984364e-08,2.8271319479244994e-05,0.12816458381712437,0.01282855183025448,0.0077404535841196775,0.015756276538994796,0.009294400690123439,0.607310101389885,0.36773734260350466
2900,2.4935179467879313e-05,1.575818237142812e-05,1.2615381592695485e-05,5.540687908478503e-08,2.8329383894742932e-05,0.12816902622580528,0.012828774158597348,0.007740704342722893,0.015756439085257753,0.009294302435591817,0.6073226481676102,0.3677458371967077
2901,2.482942236727764e-05,1.5775061456224648e-05,1.266222307094722e-05,5.520547929904751e-08,2.8226413633092307e-05,0.1281646341085434,0.012828554098930498,0.007740477100014687,0.01575603133109006,0.009294136194512248,0.6072912365198135,0.36772793531417847
2902,2.4724724360591117e-05,1.5748303894724813e-05,1.2639138503800496e-05,5.512441436650306e-08,2.8184964321553707e-05,0.1281668059527874,0.012828662853116514,0.007740590022876859,0.015756428233499823,0.009294281248003244,0.6073218435049057,0.36774432472884655
2903,2.4621085562633944e-05,1.5746187727927463e-05,1.2630049127437815e-05,5.517483536721102e-08,2.8210742129886057e-05,0.12816716358065605,0.012828680860565518,0.007740634260699153,0.015756418074400518,0.009294540621340275,0.6073210388422012,0.36774410121142864
2904,2.451850608705875e-05,1.577329203428235e-05,1.2651647921302356e-05,5.527091317958366e-08,2.825986712196027e-05,0.12816549837589264,0.012828597487282134,0.007740501314401627,0.015755681984046938,0.009293854236602783,0.6072643250226974,0.36771491169929504
2905,2.4416986046356607e-05,1.574401039761142e-05,1.2620598226931179e-05,5.5227473261254545e-08,2.8237657716090325e-05,0.12816478312015533,0.012828561755709098,0.0077406130731105804,0.015756887810448525,0.009294737130403519,0.6073572486639023,0.3677610158920288
2906,2.4316525551856485e-05,1.5755462300148793e-05,1.2631944400709472e-05,5.5250698238751283e-08,2.8249531624169322e-05,0.12816202826797962,0.012828423791201426,0.007740426226519048,0.015756374898155397,0.009294290794059634,0.6073176860809326,0.3677398571744561
2907,2.4217124713725792e-05,1.5769117226227536e-05,1.2658912737606443e-05,5.517325796233763e-08,2.8209936772327637e-05,0.1281674038618803,0.01282869277099034,0.007740493165329099,0.015756069890401386,0.00929410825483501,0.6072941869497299,0.3677307954058051
2908,2.4118783640969717e-05,1.5764333511469886e-05,1.2641648254430038e-05,5.5261536680006884e-08,2.8255073175387224e-05,0.1281685996800661,0.012828752748318725,0.0077406903728842735,0.015756751127823074,0.009294632589444518,0.6073466688394547,0.3677576342597604
2909,2.402150244143125e-05,1.5744225493108388e-05,1.2623469956452027e-05,5.52071108828045e-08,2.822724627549178e-05,0.1281633898615837,0.01282849213557259,0.007740452652797103,0.01575646425207185,0.009294485207647085,0.6073245704174042,0.36774398013949394
2910,2.3925281221791163e-05,1.573469489812851e-05,1.2624029068319942e-05,5.5109537377973083e-08,2.817735776261543e-05,0.1281660757958889,0.012828626412768364,0.007740527973510325,0.015756048648157717,0.009294047486037016,0.6072925627231598,0.36772931925952435
2911,2.3830120087567806e-05,1.5726711581010022e-05,1.2618366554306704e-05,5.5075767946277665e-08,2.816009055095492e-05,0.12817036360502243,0.012828841083211378,0.007740665809251368,0.015756556145235183,0.009294469142332673,0.6073316931724548,0.36775102838873863
2912,2.3736019143117214e-05,1.5749415979371406e-05,1.262989962924621e-05,5.5207574511939583e-08,2.822748228936689e-05,0.12816527113318443,0.012828586143936397,0.007740577682852745,0.015756376629825257,0.009294528048485518,0.6073178648948669,0.3677415680140257
2913,2.364297849163234e-05,1.5724822333140764e-05,1.2606775726453634e-05,5.5147974187264026e-08,2.8197007850394584e-05,0.1281619444489479,0.012828419537390355,0.007740273955278099,0.015756270535833658,0.009294128511101007,0.6073096096515656,0.36773577705025673
2914,2.355099823514372e-05,1.570542917761486e-05,1.2594325198733713e-05,5.505573064112923e-08,2.8149843274150044e-05,0.12816806510090828,0.01282872566639193,0.007740601431578398,0.015756333799801465,0.009294354356825352,0.6073145717382431,0.3677413184195757
2915,2.3460078474519244e-05,1.5700840322097065e-05,1.2588187018991448e-05,5.505888012180549e-08,2.8151454444014234e-05,0.12816771678626537,0.01282870865153957,0.0077405390329658985,0.015756659004911723,0.009294566232711077,0.6073396056890488,0.36775366123765707
2916,2.3370219309463305e-05,1.5703824601587257e-05,1.259780424334167e-05,5.501282096531668e-08,2.8127904442953877e-05,0.12816481105983257,0.012828563315422696,0.007740531116724014,0.01575629489480024,0.009294286370277405,0.6073115170001984,0.36773816403001547
2917,2.3281420838517432e-05,1.569135201862082e-05,1.2587262517627096e-05,5.497331034831632e-08,2.8107705475122202e-05,0.12816710025072098,0.01282867759937584,0.0077405901392921805,0.01575653501909055,0.009294433519244194,0.6073300391435623,0.36774856969714165
2918,2.3193683159060405e-05,1.570438280396047e-05,1.2590907999765477e-05,5.507223388434568e-08,2.8158281565993093e-05,0.1281669158488512,0.012828667815801834,0.00774057034868747,0.01575674928075245,0.009294712450355291,0.6073465198278427,0.36775671783834696
2919,2.3107006367306965e-05,1.571624761709245e-05,1.2599021374626318e-05,5.5124787401439335e-08,2.8185153041704325e-05,0.1281689964234829,0.01282877245711956,0.007740576984360814,0.01575662795082649,0.009294516639783978,0.6073371917009354,0.36775309406220913
2920,2.3021390558308993e-05,1.5715749441369553e-05,1.2606595646502683e-05,5.506065470228805e-08,2.8152362574473955e-05,0.1281700897961855,0.012828827187875319,0.007740825065411627,0.015756468408055634,0.00929455878213048,0.6073249131441116,0.36774750147014856
2921,2.293683582595487e-05,1.568273705743195e-05,1.2569016689667478e-05,5.5031817325357224e-08,2.8137618755863514e-05,0.12816460616886616,0.01282855296459254,0.0077405847841873765,0.015756512969368405,0.009294427698478103,0.6073283702135086,0.3677464881911874
2922,2.2853342262968932e-05,1.5694971807533875e-05,1.260158455806959e-05,5.489667831426459e-08,2.806852171488572e-05,0.12816456332802773,0.012828550554124045,0.007740468019619584,0.015756471871374612,0.009294313145801425,0.6073251962661743,0.367744879797101
2923,2.2770909960912333e-05,1.572720975673292e-05,1.2633635378733743e-05,5.496119115377951e-08,2.810150726872962e-05,0.12816834077239037,0.012828739845418324,0.007740694331005216,0.015756855602402853,0.009294753428548574,0.6073547750711441,0.36776155792176723
2924,2.268953901018208e-05,1.566503078720416e-05,1.2539934687083587e-05,5.508617739735655e-08,2.8165412004454993e-05,0.1281668283045292,0.012828663562071678,0.007740606204606593,0.015757097218860375,0.009294966235756874,0.607373371720314,0.3677701000124216
2925,2.260922950001146e-05,1.5711484593339264e-05,1.2595410225912929e-05,5.5106456287035144e-08,2.8175780244055204e-05,0.12816705740988255,0.012828675897885245,0.007740582688711584,0.015756316713937388,0.009294375078752637,0.6073132306337357,0.3677401440218091
2926,2.2529981518469603e-05,1.5674037513235817e-05,1.256107884728408e-05,5.50088454787101e-08,2.8125871267548064e-05,0.12816785275936127,0.012828715173902308,0.00774054357316345,0.01575627307563288,0.009294281480833888,0.607309877872467,0.36773886531591415
2927,2.245179515246193e-05,1.565609409226454e-05,1.2546532843771274e-05,5.49471739219598e-08,2.8094339540984947e-05,0.12816819548606873,0.012828732472326555,0.007740606903098524,0.015756904549370995,0.00929465307854116,0.6073585450649261,0.36776337027549744
2928,2.237467048772895e-05,1.565557658977923e-05,1.2552616681205109e-05,5.489451115892052e-08,2.806741485983366e-05,0.12816672585904598,0.012828658882966876,0.007740566274151206,0.015756736466694024,0.009294634917750955,0.6073455959558487,0.36775616090744734
2929,2.2298607608847563e-05,1.5654256685593282e-05,1.2565607221404207e-05,5.477998232805703e-08,2.8008855224470608e-05,0.12816809862852097,0.012828727651456569,0.00774056336376816,0.01575658743034815,0.00929453526623547,0.6073340773582458,0.3677510879933834
2930,2.222360659923009e-05,1.564435501677508e-05,1.2545136996777728e-05,5.4843294350348515e-08,2.804122595989611e-05,0.12816652655601501,0.012828648957587407,0.007740591303445399,0.015757039845388166,0.009294735034927726,0.607368990778923,0.367767758667469
2931,2.214966754112415e-05,1.564074295856699e-05,1.2544352102850098e-05,5.481410436658507e-08,2.802630388032412e-05,0.12816745415329933,0.012828695606804144,0.00774052576161921,0.015756853178138686,0.009294772055000067,0.6073545515537262,0.36776100285351276
2932,2.207679051561323e-05,1.5624671505065635e-05,1.2524915518952184e-05,5.480900178156389e-08,2.8023694085277384e-05,0.12816940248012543,0.012828792733048532,0.00774062960408628,0.015756710261334884,0.009294706862419844,0.6073435395956039,0.3677564710378647
2933,2.200497560261568e-05,1.564823060107301e-05,1.255944016520516e-05,5.476929398895436e-08,2.8003389161312953e-05,0.12816672399640083,0.012828658741175794,0.00774043588899076,0.01575667793748384,0.009294367861002684,0.6073410958051682,0.3677539099007845
2934,2.193422288088539e-05,1.563330602039059e-05,1.2540748684841674e-05,5.476956665972921e-08,2.8003532861475833e-05,0.12817014940083027,0.012828829881870221,0.007740656612440944,0.015756673088900466,0.009294807212427258,0.6073406934738159,0.3677554214373231
2935,2.1864532428011547e-05,1.5641793652321212e-05,1.2535790119727608e-05,5.4891364342779525e-08,2.8065806873200927e-05,0.12816615030169487,0.012828630099345257,0.007740687462501228,0.015757182990080148,0.009295063791796565,0.6073800176382065,0.3677730839699507
2936,2.179590432041812e-05,1.5620844806107925e-05,1.2507759493018966e-05,5.490579901845649e-08,2.8073183329979656e-05,0.1281670778989792,0.012828676606839687,0.007740513188764453,0.0157569092824424,0.009294747607782483,0.6073589324951172,0.3677630051970482
2937,2.1728338633364384e-05,1.562143279443262e-05,1.2524303656391567e-05,5.478211750897799e-08,2.8009947527607437e-05,0.12816835939884186,0.01282874097973976,0.007740618893876672,0.01575661467489777,0.009294528048485518,0.6073362082242966,0.3677522838115692
2938,2.1661835440944382e-05,1.5634714827683638e-05,1.2525797728812904e-05,5.490032073396378e-08,2.8070382541045547e-05,0.12816961109638214,0.012828802941895746,0.007740636239759624,0.015757119498643373,0.009294907096773386,0.6073750853538513,0.36777234822511673
2939,2.1596394816086828e-05,1.5616726159350947e-05,1.2500551747507416e-05,5.492191590406037e-08,2.808142426147242e-05,0.12816620990633965,0.012828632935172914,0.007740517379716039,0.015756562956390528,0.009294616524130106,0.6073322147130966,0.36774921230971813
2940,2.1532016830555636e-05,1.564589592817356e-05,1.2560904224301339e-05,5.4735008525597095e-08,2.7985860469925683e-05,0.12816547229886055,0.012828595927572689,0.007740496075712144,0.01575677386986241,0.009294463554397225,0.6073484718799591,0.36775697208940983
2941,2.1468701554949054e-05,1.5618653378624003e-05,1.2538323062472045e-05,5.464525720810798e-08,2.793997236949508e-05,0.12817186675965786,0.012828916514773078,0.007740874425508082,0.015757018835332,0.00929478113539517,0.6073673665523529,0.3677696166560054
2942,2.1406449058700003e-05,1.5618790030202945e-05,1.2525855936473818e-05,5.4744127453432156e-08,2.7990523449261673e-05,0.12816700898110867,0.012828672778485234,0.0077405605698004365,0.01575713011904698,0.009295027004554868,0.6073759198188782,0.3677714643999934
2943,2.1345259410075956e-05,1.5607487512170337e-05,1.2508857480497682e-05,5.476659126202321e-08,2.800200809360831e-05,0.12816547229886055,0.01282859663653155,0.007740466622635722,0.015756897507481642,0.009294746909290552,0.6073579788208008,0.36776172555983067
2944,2.128513267617905e-05,1.5604407053615432e-05,1.2508455483839498e-05,5.4739603960740624e-08,2.7988211968477117e-05,0.12817133031785488,0.012828889574980528,0.007740624016150832,0.015757048618809923,0.009294927818700671,0.6073696911334991,0.367770510725677
2945,2.122606892294544e-05,1.559753422952781e-05,1.2498147725636954e-05,5.475303765933859e-08,2.7995078653475503e-05,0.12817049771547318,0.012828847605506784,0.0077407086500898,0.015756747549123543,0.009294725023210049,0.6073464155197144,0.36775845661759377
2946,2.1168068215145827e-05,1.5617637018294772e-05,1.2509973885244108e-05,5.485710286023959e-08,2.8048287276760675e-05,0.12816394492983818,0.012828519785162869,0.007740406086668372,0.015757373462855502,0.009295074502006173,0.6073946803808212,0.3677793126553297
2947,2.1111130616385053e-05,1.561951876283274e-05,1.2536095482573728e-05,5.4671149385399076e-08,2.7953208700637333e-05,0.12816978991031647,0.01282881215820917,0.007740630418993533,0.015756495191035932,0.00929436064325273,0.6073269993066788,0.3677483946084976
2948,2.105525618910229e-05,1.5597101764797117e-05,1.2513011370174354e-05,5.4632526058639996e-08,2.793346220641979e-05,0.12816984951496124,0.012828815135785937,0.007740643108263612,0.015757143048224315,0.00929502910003066,0.6073769330978394,0.3677733913064003
2949,2.1000444994570725e-05,1.5577673138977843e-05,1.2479889164751512e-05,5.470165032051e-08,2.7968806080025388e-05,0.12816793844103813,0.012828719711196172,0.007740747299976647,0.015757281574458597,0.00929518579505384,0.6073876023292542,0.36777777038514614
2950,2.0946697092897355e-05,1.5614761650795117e-05,1.2512737839642796e-05,5.4807364868736386e-08,2.80228559859097e-05,0.12816637381911278,0.0128286410172783,0.007740427972748876,0.015757182297447672,0.009294814197346568,0.6073799729347229,0.36777317337691784
2951,2.0894012543023403e-05,1.5571465837638243e-05,1.2498126579885138e-05,5.449827789050232e-08,2.7864820367540233e-05,0.12817290239036083,0.012828968409161387,0.007740854402072728,0.01575699182236148,0.009294789750128984,0.6073652654886246,0.3677690839394927
2952,2.0842391402724113e-05,1.5571186850138474e-05,1.2494462907852721e-05,5.4524213588535986e-08,2.7878081709786784e-05,0.12816722318530083,0.012828683554591148,0.007740520755760372,0.015757151821588607,0.009294932009652257,0.6073775887489319,0.36777240596711636
2953,2.0791833728608204e-05,1.5578008287775447e-05,1.2497201169026084e-05,5.4569499141621236e-08,2.790123608065187e-05,0.12816869094967842,0.01282875742738929,0.007740627275779843,0.01575693756540043,0.009294845862314105,0.6073610782623291,0.36776488460600376
2954,2.0742339576118407e-05,1.5573340533592273e-05,1.249676529369026e-05,5.4527264481407656e-08,2.7879642402695026e-05,0.12816863134503365,0.01282875388263902,0.0077405625488609076,0.01575706039365776,0.009294795338064432,0.6073705554008484,0.367769593372941
2955,2.0693908999531265e-05,1.5562036878691288e-05,1.2484892749853316e-05,5.450960127717508e-08,2.7870612484548474e-05,0.12816902808845043,0.012828774158597348,0.007740651722997427,0.015757288616176313,0.00929520558565855,0.6073881387710571,0.3677785834297538
2956,2.0646542051956575e-05,1.553878973936662e-05,1.2443890682334313e-05,5.460303853510595e-08,2.7918384148506448e-05,0.12816858291625977,0.012828751755788386,0.007740597706288099,0.0157571741012944,0.00929498067125678,0.607379287481308,0.3677739351987839
2957,2.0600238785338263e-05,1.5555825257251854e-05,1.2473976994442637e-05,5.4534254445570696e-08,2.7883216716872994e-05,0.12816721573472023,0.012828683554591148,0.007740538218058646,0.0157568109266176,0.009294634684920311,0.6073512881994247,0.3677592519670725
2958,2.0554999250453405e-05,1.5538544175797142e-05,1.245648513759079e-05,5.450211038038333e-08,2.78667789643805e-05,0.1281689666211605,0.012828770755641546,0.0077406070195138454,0.01575736145736674,0.009295131079852581,0.6073937565088272,0.36778136156499386
2959,2.0510823496912668e-05,1.554067989673058e-05,1.2459116987884045e-05,5.450240347926183e-08,2.7866929031006293e-05,0.12816989049315453,0.012828817404415391,0.0077406365890055895,0.015757321977714196,0.009295034687966108,0.6073907017707825,0.3677802961319685
2960,2.0467711573160298e-05,1.5538479146925965e-05,1.2462609674912528e-05,5.445356343614094e-08,2.7841957944474416e-05,0.12816870585083961,0.012828757994549243,0.00774054357316345,0.01575703776747177,0.009294836316257715,0.6073688119649887,0.36776875890791416
2961,2.042566352647381e-05,1.5525999742749264e-05,1.24461157611222e-05,5.446055606483924e-08,2.7845533168147085e-05,0.12816984578967094,0.01282881471041787,0.007740617147646844,0.015757295542452962,0.009295051451772451,0.6073886752128601,0.3677792605012655
2962,2.0384679402963874e-05,1.5540233562205685e-05,1.2451062502805144e-05,5.456105078849305e-08,2.789691689031315e-05,0.12816830351948738,0.012828737718565365,0.0077406472992151976,0.0157574174444237,0.009295236319303513,0.6073980927467346,0.367783198133111
2963,2.0344759247574737e-05,1.5519414546361077e-05,1.242636813003628e-05,5.455064844284152e-08,2.7891598620044533e-05,0.12816764786839485,0.012828705106775822,0.007740566972643137,0.01575725398474739,0.009295021882280707,0.6073854565620422,0.36777655221521854
2964,2.0305903104083808e-05,1.5536493265244644e-05,1.245533098881424e-05,5.4491075651696974e-08,2.7861139187734807e-05,0.1281707864254713,0.012828862351553746,0.007740697590634227,0.01575722708761841,0.009295060764998198,0.6073834002017975,0.3677770933136344
2965,2.0268111015101432e-05,1.5503612075917772e-05,1.242046323568502e-05,5.444231376827702e-08,2.7836206299980404e-05,0.12816646695137024,0.01282864626355451,0.007740494329482317,0.015757086482995147,0.00929490220732987,0.607372596859932,0.3677695319056511
2966,2.0231383022071325e-05,1.555979929435125e-05,1.2486168316172552e-05,5.4477747646330954e-08,2.785432388918707e-05,0.12816961854696274,0.012828803509053686,0.007740615867078304,0.015757266567508702,0.009295063326135278,0.607386440038681,0.3677780292928219
2967,2.0195719165270357e-05,1.553019228595076e-05,1.2460939160519047e-05,5.438558936532445e-08,2.7807202513940865e-05,0.1281721070408821,0.01282892842497912,0.00774074939545244,0.015757371500420465,0.009294954827055335,0.6073945313692093,0.3677833192050457
2968,2.0161119483808233e-05,1.55384325353225e-05,1.2460483731047134e-05,5.446973361245e-08,2.785022388707148e-05,0.1281718648970127,0.012828916089408372,0.0077407697681337595,0.015757639890002232,0.009295490337535739,0.6074152290821075,0.3677935469895601
2969,2.0127584015627693e-05,1.5532883253399632e-05,1.2429696653271094e-05,5.465632835210954e-08,2.7945631245529512e-05,0.12816466391086578,0.012828555942229468,0.007740353117696941,0.015757142124712,0.00929495645686984,0.6073768734931946,0.3677707687020302
2970,2.009511279750454e-05,1.553012793920061e-05,1.2448606639736681e-05,5.448143891584323e-08,2.78562115454406e-05,0.12817356549203396,0.0128290013038562,0.007740836474113166,0.01575731805283105,0.009294913383200765,0.6073904186487198,0.3677819920703769
2971,2.0063705865047498e-05,1.5510524690398597e-05,1.2445532092897338e-05,5.431378724551905e-08,2.7770491669798503e-05,0.12816670536994934,0.012828657890429274,0.007740490371361375,0.015757503906518786,0.009295230032876134,0.6074047088623047,0.367785707116127
2972,2.003336325269803e-05,1.5488923963857815e-05,1.2419236099958653e-05,5.430828142749533e-08,2.7767676783696515e-05,0.12816828303039074,0.012828736867824082,0.007740687346085906,0.015757255370006006,0.00929507170803845,0.6073856055736542,0.36777694430202246
2973,2.0004084993730634e-05,1.5496798823733116e-05,1.2416605841281125e-05,5.4405864702289364e-08,2.7817569844046375e-05,0.12816954031586647,0.012828799964316148,0.007740611210465431,0.015757800113517552,0.009295413736253977,0.6074275821447372,0.36779856123030186
2974,1.9975871120252434e-05,1.550059187138686e-05,1.2408577731548576e-05,5.450575812915304e-08,2.786864615700324e-05,0.1281696204096079,0.012828804076211602,0.007740653003565967,0.01575735072168154,0.009295196970924735,0.6073929369449615,0.3677812786772847
2975,1.9948721663203377e-05,1.548273735352268e-05,1.2407099347910844e-05,5.43427205457192e-08,2.778528551061754e-05,0.12817097082734108,0.012828871000669559,0.007740605273284018,0.015757558854145745,0.009295111987739801,0.6074090003967285,0.3677899856120348
2976,1.992263665235624e-05,1.5485019048355753e-05,1.242263329004345e-05,5.424351368077396e-08,2.773456071736291e-05,0.1281700972467661,0.012828827613242973,0.007740591769106686,0.015757232628661612,0.009294930612668395,0.6073838472366333,0.3677769722416997
2977,1.9897616116316317e-05,1.5469704749193625e-05,1.2399909337545978e-05,5.427153215720182e-08,2.7748886168410536e-05,0.12816765159368515,0.012828705390356958,0.007740670698694885,0.01575766436228722,0.009295467054471374,0.6074171215295792,0.36779238656163216
2978,1.9873660082521832e-05,1.5484457435377408e-05,1.2413487183948746e-05,5.4309568398025476e-08,2.77683352578606e-05,0.1281697042286396,0.012828808188105736,0.007740655215457082,0.015757569705125055,0.009295196272432804,0.6074098199605942,0.3677897620946169
2979,1.985076857724352e-05,1.54605477291625e-05,1.2395638577800128e-05,5.421539928107677e-08,2.7720183879864635e-05,0.12817183881998062,0.012828914955102421,0.007740688510239124,0.01575750148235436,0.00929522910155356,0.6074045896530151,0.3677882142364979
2980,1.982894162558462e-05,1.546390376461204e-05,1.2394801387927146e-05,5.425476690135156e-08,2.7740312816604273e-05,0.12816941179335117,0.012828793016627732,0.007740661967545748,0.01575756231722506,0.009295312687754631,0.6074092388153076,0.3677893253043294
2981,1.9808179251481104e-05,1.5461444945685798e-05,1.2381157603158499e-05,5.433745986493932e-08,2.7782594315794995e-05,0.1281700748950243,0.012828826337139968,0.007740576402284205,0.015757549503827795,0.009295284748077393,0.6074082553386688,0.36778916511684656
2982,1.9788481477701547e-05,1.5496812693527318e-05,1.2423581893017399e-05,5.4351422029697005e-08,2.778973248496186e-05,0.12817276269197464,0.012828961319776455,0.007740742992609739,0.015757465581589917,0.00929513736627996,0.6074017882347107,0.36778727546334267
2983,1.9769848325846825e-05,1.547142937852186e-05,1.240607912222913e-05,5.424013238553016e-08,2.773283085844014e-05,0.12816822156310081,0.012828733606648641,0.00774057419039309,0.015757643814805215,0.00929540698416531,0.607415571808815,0.3677918966859579
2984,1.9752279816350534e-05,1.5456978189831716e-05,1.238369088696345e-05,5.42739568842876e-08,2.7750127173931105e-05,0.1281700525432825,0.012828825486404563,0.007740659057162702,0.01575784570996945,0.009295446798205376,0.6074310839176178,0.36780056823045015
2985,1.9735775968478668e-05,1.5479153034902993e-05,1.2417553080013022e-05,5.422589222092711e-08,2.7725550808099797e-05,0.12816997431218624,0.012828821658094538,0.0077406574273481965,0.015757339177925857,0.009295055642724037,0.6073920130729675,0.3677809936925769
2986,1.972033680032973e-05,1.545843451822293e-05,1.2394634723023046e-05,5.420257487287472e-08,2.7713632334780414e-05,0.12817192822694778,0.012828919208749222,0.007740736356936395,0.01575778949356551,0.009295521304011345,0.607426792383194,0.3677993603050709
2987,1.970596232883484e-05,1.5453362721018493e-05,1.2380278121781885e-05,5.426529803287394e-08,2.7745699753722874e-05,0.1281732190400362,0.012828983864006953,0.007740790490061045,0.015757975803424695,0.009295562747865915,0.6074411273002625,0.3678071731701493
2988,1.9692652569757085e-05,1.5442110225194483e-05,1.2372617902656202e-05,5.421519233550498e-08,2.772007883322658e-05,0.12816844694316387,0.01282874480807386,0.007740550558082759,0.015757398397302936,0.009295140858739614,0.6073966175317764,0.36778253223747015
2989,1.9680407537692386e-05,1.5451893659701454e-05,1.239313860423863e-05,5.41503251128006e-08,2.7686912744684378e-05,0.12817411497235298,0.01282902881056211,0.007740866858512163,0.015757864641115782,0.009295426774770021,0.607432559132576,0.3678033370524645
2990,1.966922724606895e-05,1.5451659692189423e-05,1.2390579968268867e-05,5.416804960134414e-08,2.76959781331243e-05,0.12816926836967468,0.012828785785356199,0.0077406070195138454,0.015757991617728916,0.009295548079535365,0.6074423491954803,0.3678058087825775
2991,1.9659111707147285e-05,1.542432869428012e-05,1.2365213933662744e-05,5.4099224655601574e-08,2.7660786145133898e-05,0.128171743825078,0.01282891027608931,0.007740670349448919,0.015757491785692926,0.009295210475102067,0.6074038147926331,0.36778777930885553
2992,1.96500609320204e-05,1.5461934708582703e-05,1.238569075212581e-05,5.430677596507394e-08,2.7766907805926166e-05,0.12817176431417465,0.012828911410395676,0.00774066976737231,0.01575772173348558,0.009295644937083125,0.6074215620756149,0.3677966631948948
2993,1.9642074930613485e-05,1.5447306623173063e-05,1.2378843166516162e-05,5.4217307088322286e-08,2.7721159767679637e-05,0.12816711142659187,0.012828678450121053,0.0077404939802363515,0.015757833127670588,0.00929522723890841,0.6074301451444626,0.36779862828552723
2994,1.9635153711684136e-05,1.545686222925724e-05,1.2420809071045369e-05,5.398243185794627e-08,2.7601072360994294e-05,0.12817529402673244,0.01282908765202879,0.00774081121198833,0.015757392163694775,0.009295076131820679,0.6073961406946182,0.36778571736067533
2995,1.9629297282822455e-05,1.543859957564564e-05,1.237857782143692e-05,5.4134229543478796e-08,2.7678684546117438e-05,0.1281698476523161,0.01282881527757529,0.00774079211987555,0.015758109243333072,0.009295843541622162,0.6074514091014862,0.36781062837690115
2996,1.9624505650450622e-05,1.544566566735739e-05,1.2379486406643991e-05,5.4196225285352284e-08,2.771038271021098e-05,0.12816815078258514,0.012828730345472373,0.007740451139397919,0.01575783693699149,0.009295534109696746,0.6074304133653641,0.3677992820739746
2997,1.9620778819823213e-05,1.542470999993384e-05,1.2360706477920758e-05,5.413821568822641e-08,2.7680724087986164e-05,0.12817269377410412,0.012828957633294743,0.00774083158466965,0.015757586905066307,0.00929527310654521,0.6074111312627792,0.3677919125184417
2998,1.9618116795027315e-05,1.5417825807162444e-05,1.2351423492873437e-05,5.414351633703518e-08,2.7683433927450096e-05,0.12817285396158695,0.012828965715195574,0.0077407690696418285,0.015758148951876577,0.009295671945437789,0.6074544936418533,0.36781367380172014
2999,1.961651957898209e-05,1.5410426385642495e-05,1.234932710758585e-05,5.4087557543880393e-08,2.765482213362702e-05,0.12816962227225304,0.012828803934422124,0.007740618661046028,0.015757865449152007,0.009295442141592503,0.6074326485395432,0.3678011354058981
3000,1.9615987173439097e-05,1.541457663734036e-05,1.2352064231890836e-05,5.410673065142646e-08,2.766462466752273e-05,0.12817477621138096,0.012829061705102049,0.007740788976661861,0.01575759071444673,0.009295295458287,0.6074114292860031,0.36779310274869204
