epoch,learning_rate,train_loss,train_price_mse_std,train_delta_mse_std,train_delta_mse_weighted,val_price_mse_std,val_price_rmse,val_price_mae,val_delta_rmse,val_delta_mae,val_diff_mse_weighted,val_balanced_score
1,0.001961598184938367,0.8751801550388336,0.8751801550388336,0.0,0.0,0.5781646966934204,0.027247045014979005,0.019949103705585003,0.021832681058368,0.017512285616248846,1.1660507917404175,0.872107744216919
2,0.0019615965877223217,0.5054228156805038,0.5054228156805038,0.0,0.0,0.4039451405405998,0.022774812299443538,0.01877332618460059,0.03405152885134451,0.02837514691054821,2.836459219455719,1.6202021799981594
3,0.0019615939256975258,0.3444824665784836,0.3444824665784836,0.0,0.0,0.3104648143053055,0.019966401348606163,0.015155985718593001,0.022149513679867526,0.017497434746474028,1.2001395523548126,0.755302183330059
4,0.0019615901988668982,0.2569587118923664,0.2569587118923664,0.0,0.0,0.20760153979063034,0.016327094139350167,0.01322651351802051,0.0429622844415783,0.03345270734280348,4.51521110534668,2.361406322568655
5,0.0019615854072345265,0.17938562855124474,0.17938562855124474,0.0,0.0,0.1684851534664631,0.01470870482450964,0.011375285452231765,0.022478889302703756,0.017619275487959385,1.2360984086990356,0.7022917810827494
6,0.0019615795508056647,0.14168712124228477,0.14168712124228477,0.0,0.0,0.1360822468996048,0.013218870583345262,0.009974061511456966,0.024557722435969664,0.018915663938969374,1.475297212600708,0.8056897297501564
7,0.0019615726295867356,0.12257893569767475,0.12257893569767475,0.0,0.0,0.11786092817783356,0.012302079898932738,0.009355714311823249,0.034094540942604085,0.02696793293580413,2.843629539012909,1.4807452335953712
8,0.001961564643585329,0.11179247498512268,0.11179247498512268,0.0,0.0,0.10797717422246933,0.011774964377648965,0.008676663041114807,0.02655326947156727,0.021536570973694324,1.7248023748397827,0.916389774531126
9,0.001961555592810202,0.10380981676280499,0.10380981676280499,0.0,0.0,0.11045863851904869,0.011909498151176708,0.008369268151000142,0.024726629918128573,0.020171943120658398,1.4956611096858978,0.8030598741024733
10,0.0019615454772712805,0.1054297611117363,0.1054297611117363,0.0,0.0,0.10601996816694736,0.011667758892580314,0.008236344205215573,0.02775648125505536,0.022958201356232166,1.8846563398838043,0.9953381540253758
11,0.001961534296979657,0.09992349147796631,0.09992349147796631,0.0,0.0,0.10101203434169292,0.01138885806593785,0.008114763535559177,0.029081599237609862,0.02380487835034728,2.068902015686035,1.084957025013864
12,0.0019615220519475928,0.09667293727397919,0.09667293727397919,0.0,0.0,0.10062281042337418,0.011366894865335061,0.008134995820000768,0.030110377179190188,0.02442990755662322,2.217868208885193,1.1592455096542835
13,0.001961508742188515,0.09546745382249355,0.09546745382249355,0.0,0.0,0.0973771270364523,0.011182067193511114,0.00799638731405139,0.025795668892143277,0.02069870661944151,1.6277845799922943,0.8625808535143733
14,0.0019614943677170203,0.09252219647169113,0.09252219647169113,0.0,0.0,0.09612642973661423,0.011110024673769382,0.007972580846399069,0.028090181172693945,0.0222868868149817,1.9302449226379395,1.0131856761872768
15,0.0019614789285488715,0.09120002761483192,0.09120002761483192,0.0,0.0,0.0949287973344326,0.011040598058457226,0.007967916084453464,0.02936962725602507,0.022874505259096622,2.11008620262146,1.1025074999779463
16,0.001961462424701,0.08936233073472977,0.08936233073472977,0.0,0.0,0.09289601631462574,0.010921748331523713,0.007949290797114372,0.02642666490558284,0.019869768526405096,1.7083941102027893,0.9006450632587075
17,0.0019614448561915037,0.08767388574779034,0.08767388574779034,0.0,0.0,0.09303799830377102,0.01093009142084778,0.007801329251378775,0.02645257968306719,0.019468308426439762,1.711746335029602,0.9023921666666865
18,0.001961426223039649,0.08586223982274532,0.08586223982274532,0.0,0.0,0.09044013358652592,0.010776412760785545,0.007684786687605083,0.032271257567271,0.0239853011444211,2.5476226210594177,1.3190313773229718
19,0.0019614065252658696,0.08409387432038784,0.08409387432038784,0.0,0.0,0.08776544593274593,0.01061586522343991,0.007540756254456937,0.025123442120257748,0.018257309217005968,1.5440508425235748,0.8159081442281604
20,0.001961385762891766,0.0818245206028223,0.0818245206028223,0.0,0.0,0.08622769080102444,0.010522452944113048,0.0073604031931608915,0.0322232484016538,0.023923248518258333,2.540048360824585,1.3131380258128047
21,0.0019613639359401074,0.07941009476780891,0.07941009476780891,0.0,0.0,0.0840443056076765,0.010388378574752536,0.007155137020163238,0.02819974439095795,0.021039563696831465,1.9453317821025848,1.0146880438551307
22,0.0019613410444348288,0.07752385549247265,0.07752385549247265,0.0,0.0,0.0812720526009798,0.010215608105669856,0.007135474472306669,0.027437814103241115,0.020655786618590355,1.8416299521923065,0.9614510023966432
23,0.0019613170884010345,0.07576734013855457,0.07576734013855457,0.0,0.0,0.08140497654676437,0.010223958814437262,0.007144063711166382,0.029755964738689328,0.022931978106498718,2.1659648418426514,1.1236849091947079
24,0.0019612920678649943,0.07640339620411396,0.07640339620411396,0.0,0.0,0.08178459294140339,0.010247769747641787,0.0072295949794352055,0.023608417718084564,0.01826312066987157,1.363443285226822,0.7226139390841126
25,0.0019612659828541473,0.0757295973598957,0.0757295973598957,0.0,0.0,0.07875851541757584,0.010056396047967871,0.007064941222779453,0.029552142110890328,0.02334354305639863,2.13639372587204,1.1075761206448078
26,0.0019612388333970984,0.07271831668913364,0.07271831668913364,0.0,0.0,0.07639814913272858,0.00990455640928793,0.006900136708281934,0.026728427383411687,0.020971303340047598,1.7476326823234558,0.9120154157280922
27,0.0019612106195236205,0.07158682681620121,0.07158682681620121,0.0,0.0,0.0765197854489088,0.009912438086963312,0.007112885010428727,0.028372417860190714,0.02219962002709508,1.9692281186580658,1.0228739520534873
28,0.001961181341264653,0.07075574994087219,0.07075574994087219,0.0,0.0,0.07556288689374924,0.009850264123604761,0.007102027186192572,0.028490758551509426,0.022253677248954773,1.9856895804405212,1.0306262336671352
29,0.0019611509986523037,0.07084718532860279,0.07084718532860279,0.0,0.0,0.07461943849921227,0.009788578037692315,0.006904769688844681,0.026524389719338324,0.02073772344738245,1.7210525572299957,0.897835997864604
30,0.0019611195917198466,0.06989896297454834,0.06989896297454834,0.0,0.0,0.07298990711569786,0.009681106816649068,0.006885088165290654,0.03049828921129247,0.024011288303881884,2.275381922721863,1.1741859149187803
31,0.0019610871205017234,0.06966370530426502,0.06966370530426502,0.0,0.0,0.0783665832132101,0.010031342874028152,0.007302377256564796,0.021669178379048314,0.01656842604279518,1.148651361465454,0.6135089723393321
32,0.0019610535850335432,0.07089216448366642,0.07089216448366642,0.0,0.0,0.07657652534544468,0.009916112292197568,0.007086394471116364,0.02913412246402087,0.022766551468521357,2.076381742954254,1.0764791341498494
33,0.0019610189853520813,0.06893172115087509,0.06893172115087509,0.0,0.0,0.07105888053774834,0.009552186763821994,0.0069470577873289585,0.023011534817101695,0.017672456800937653,1.2953720390796661,0.6832154598087072
34,0.0019609833214952804,0.06798641569912434,0.06798641569912434,0.0,0.0,0.07081367634236813,0.00953569148940652,0.00675991247408092,0.026369388088920503,0.020291129127144814,1.7009965479373932,0.8859051121398807
35,0.0019609465935022503,0.06651607435196638,0.06651607435196638,0.0,0.0,0.07101060636341572,0.00954894115460371,0.006780795636586845,0.02482572624497443,0.01899910345673561,1.5076732635498047,0.7893419349566102
36,0.001960908801413268,0.06673028878867626,0.06673028878867626,0.0,0.0,0.07079742848873138,0.009534597346175237,0.006852337275631726,0.028037155034072246,0.02154909074306488,1.9229642748832703,0.9968808516860008
37,0.0019608699452697774,0.06681590527296066,0.06681590527296066,0.0,0.0,0.06873371824622154,0.009394604885456863,0.006708248285576701,0.02458671467207377,0.018698926083743572,1.4787825047969818,0.7737581115216017
38,0.001960830025114388,0.06618418172001839,0.06618418172001839,0.0,0.0,0.07077822275459766,0.009533303785014918,0.006749138701707125,0.023198149838883013,0.017519761342555285,1.3164671063423157,0.6936226645484567
39,0.0019607890409908783,0.0653096754103899,0.0653096754103899,0.0,0.0,0.07011940144002438,0.009488830947041699,0.006767419166862965,0.03174737103217206,0.02433740021660924,2.465578854084015,1.2678491277620196
40,0.001960746992944192,0.06584697589278221,0.06584697589278221,0.0,0.0,0.06747924163937569,0.009308478850845356,0.006537375506013632,0.020993481379270987,0.01575479842722416,1.0781327784061432,0.5728060100227594
41,0.0019607038810204396,0.06514375656843185,0.06514375656843185,0.0,0.0,0.06796838156878948,0.009342155440888471,0.006648627808317542,0.03017575517054545,0.023044470697641373,2.2275097966194153,1.1477390890941024
42,0.001960659705266899,0.06423243321478367,0.06423243321478367,0.0,0.0,0.06644228100776672,0.00923667955324906,0.006505780038423836,0.022791480500099128,0.01706834277138114,1.2707157731056213,0.668579027056694
43,0.0019606144657320144,0.0626316536217928,0.0626316536217928,0.0,0.0,0.0668328832834959,0.00926379036089304,0.006605272879824042,0.02714072338075368,0.020581332966685295,1.8019642233848572,0.9343985533341765
44,0.0019605681624653964,0.06246236898005009,0.06246236898005009,0.0,0.0,0.06551708094775677,0.009172144286379571,0.006507938494905829,0.023659970259238505,0.017638120334595442,1.3694044053554535,0.7174607431516051
45,0.001960520795517822,0.061995054595172405,0.061995054595172405,0.0,0.0,0.06552092917263508,0.009172413893973257,0.006481326301582158,0.025021924499791428,0.018701407127082348,1.531597912311554,0.7985594207420945
46,0.0019604723649412348,0.06164301931858063,0.06164301931858063,0.0,0.0,0.0649748370051384,0.009134109293702803,0.006485681282356381,0.025558921753066267,0.01918177166953683,1.598042756319046,0.8315087966620922
47,0.0019604228707887452,0.06276435311883688,0.06276435311883688,0.0,0.0,0.06735641323029995,0.00930000309588296,0.006572478567250073,0.02969614907004686,0.02252223202958703,2.157265543937683,1.1123109785839915
48,0.00196037231311463,0.06245862692594528,0.06245862692594528,0.0,0.0,0.06679700314998627,0.0092613031938806,0.006363577442243695,0.021487867853052522,0.01602825429290533,1.1295097768306732,0.5981533899903297
49,0.0019603206919743305,0.06127155479043722,0.06127155479043722,0.0,0.0,0.06401990354061127,0.009066739165733832,0.00632385176140815,0.02695790445843082,0.020275486167520285,1.7777701616287231,0.9208950325846672
50,0.0019602680074244563,0.059813475236296654,0.059813475236296654,0.0,0.0,0.0649845628067851,0.009134792924338934,0.006462084362283349,0.021338202981059318,0.01564042316749692,1.1138302981853485,0.5894074304960668
51,0.001960214259522783,0.060256785713136196,0.060256785713136196,0.0,0.0,0.06472570076584816,0.009116580878975752,0.0064216917380690575,0.027274634350867716,0.02026982046663761,1.819789707660675,0.9422577042132616
52,0.0019601594483282516,0.0600049439817667,0.0600049439817667,0.0,0.0,0.06287924759089947,0.008985604026880232,0.00623372767586261,0.024607753132554682,0.018256913404911757,1.481314480304718,0.7720968639478087
53,0.0019601035739009688,0.06070480402559042,0.06070480402559042,0.0,0.0,0.06507611181586981,0.009141225268951916,0.00640360894612968,0.021743151505231283,0.015981236472725868,1.1565071046352386,0.6107916082255542
54,0.0019600466363022084,0.06113437097519636,0.06113437097519636,0.0,0.0,0.06348578445613384,0.009028838043779635,0.006222286610864103,0.03009831581825702,0.022449037060141563,2.216091752052307,1.1397887682542205
55,0.001959988635594409,0.05905671510845423,0.05905671510845423,0.0,0.0,0.06321516819298267,0.009009573915680878,0.006092947325669229,0.021690110357023326,0.015911185182631016,1.1508715152740479,0.6070433417335153
56,0.0019599295718411756,0.060042357072234154,0.060042357072234154,0.0,0.0,0.06586459279060364,0.009196437542421188,0.006341289961710572,0.03229002456702209,0.024001666344702244,2.5505865812301636,1.3082255870103836
57,0.001959869445107279,0.06131975073367357,0.06131975073367357,0.0,0.0,0.06403591763228178,0.009067873011664285,0.006048969458788633,0.01952276287602208,0.014090687967836857,0.9323648661375046,0.4982003918848932
58,0.001959808255458655,0.06085700821131468,0.06085700821131468,0.0,0.0,0.06386888865381479,0.009056038784045109,0.006105828913860023,0.03339806692087921,0.024831607937812805,2.7286384105682373,1.396253649611026
59,0.001959746002962406,0.06061165686696768,0.06061165686696768,0.0,0.0,0.061298525892198086,0.008871940672598591,0.00591626949608326,0.021652159512667832,0.015666409162804484,1.1468477845191956,0.6040731552056968
60,0.0019596826876868,0.06208696775138378,0.06208696775138378,0.0,0.0,0.061219094321131706,0.008866190563330123,0.005976560525596142,0.02506887858528902,0.0182285588234663,1.5373514592647552,0.7992852767929435
61,0.0019596183097012687,0.05841930489987135,0.05841930489987135,0.0,0.0,0.06266696844249964,0.008970423653751594,0.005876849172636867,0.030283782906381063,0.022301584016531706,2.2434871196746826,1.1530770440585911
62,0.0019595528690764114,0.05761669669300318,0.05761669669300318,0.0,0.0,0.060350834392011166,0.008803092231943567,0.005891319597139955,0.019966827703830153,0.01431269757449627,0.9752623736858368,0.517806604038924
63,0.0019594863658839914,0.05737501382827759,0.05737501382827759,0.0,0.0,0.06134143844246864,0.008875045471721334,0.005856018979102373,0.030640296482740737,0.0225884304381907,2.2966206073760986,1.1789810229092836
64,0.001959418800196938,0.056755526922643185,0.056755526922643185,0.0,0.0,0.060141594149172306,0.008787818682429959,0.005921518313698471,0.020130939623869002,0.014411386102437973,0.991360068321228,0.5257508312352002
65,0.0019593501720893444,0.057805903255939484,0.057805903255939484,0.0,0.0,0.06522808037698269,0.009151892534495727,0.005914074368774891,0.030307699915215442,0.02221652027219534,2.247032105922699,1.1561300931498408
66,0.0019592804816364706,0.05985633470118046,0.05985633470118046,0.0,0.0,0.06562194041907787,0.009179481449503207,0.006501219351775944,0.020576452651980045,0.014709218172356486,1.035724699497223,0.5506733199581504
67,0.0019592097289147406,0.05978056229650974,0.05978056229650974,0.0,0.0,0.06645365804433823,0.009237470197750017,0.006057394435629249,0.029692714272069733,0.0215246994048357,2.1567665934562683,1.1116101257503033
68,0.001959137914001743,0.05849483422935009,0.05849483422935009,0.0,0.0,0.060616260394454,0.008822429400489775,0.005876614712178707,0.02235821468469789,0.016006753779947758,1.2228623032569885,0.6417392818257213
69,0.001959065036976232,0.05709113925695419,0.05709113925695419,0.0,0.0,0.061230190098285675,0.00886699434454823,0.005742255947552621,0.02971411880401737,0.021540026646107435,2.1598772406578064,1.110553715378046
70,0.001958991097918126,0.05583375133574009,0.05583375133574009,0.0,0.0,0.06360709387809038,0.009037460128729483,0.0059987641870975494,0.022202682629476746,0.015870661474764347,1.2059081494808197,0.634757621679455
71,0.001958916096908509,0.057967730797827244,0.057967730797827244,0.0,0.0,0.06277525518089533,0.008978170723190852,0.0059968793066218495,0.025912017377936067,0.018686420284211636,1.642501562833786,0.8526384090073407
72,0.0019588400340296275,0.05754539463669062,0.05754539463669062,0.0,0.0,0.06143788434565067,0.008882019826575055,0.0058813117211684585,0.028154833107432112,0.020400183275341988,1.9391403794288635,1.000289131887257
73,0.0019587629093648948,0.058012343011796474,0.058012343011796474,0.0,0.0,0.060489789582788944,0.008813220816062525,0.005772859207354486,0.026494661507352957,0.019032294396311045,1.7171968519687653,0.8888433207757771
74,0.0019586847229988874,0.0568995364010334,0.0568995364010334,0.0,0.0,0.06361996568739414,0.009038374260790318,0.005988746299408376,0.023995861563586962,0.017054065130650997,1.4085621535778046,0.7360910596325994
75,0.0019586054750173458,0.05706546641886234,0.05706546641886234,0.0,0.0,0.05968928337097168,0.008754710797888783,0.005713459337130189,0.02851358825492147,0.020522047765552998,1.988873153924942,1.0242812186479568
76,0.0019585251655071753,0.05586199462413788,0.05586199462413788,0.0,0.0,0.0593660157173872,0.00873097133753305,0.005742922425270081,0.023397304419114966,0.01666743913665414,1.339167833328247,0.6992669245228171
77,0.001958443794556445,0.05519498232752085,0.05519498232752085,0.0,0.0,0.06148641835898161,0.008885527469690062,0.005786661873571575,0.029508073079893615,0.021249966695904732,2.130026698112488,1.0957565582357347
78,0.001958361362254389,0.05632835254073143,0.05632835254073143,0.0,0.0,0.0606676209717989,0.008826166200930127,0.005868541542440653,0.02380875998525815,0.01700557302683592,1.3866819143295288,0.7236747676506639
79,0.001958277868691403,0.05587077606469393,0.05587077606469393,0.0,0.0,0.06016499362885952,0.00878952794200254,0.005833880044519901,0.02655867247055036,0.019068168476223946,1.7255043685436249,0.8928346810862422
80,0.001958193313959049,0.05510064959526062,0.05510064959526062,0.0,0.0,0.05922645702958107,0.00872070300702552,0.005654113134369254,0.024938654197461014,0.017850077711045742,1.5214208960533142,0.7903236765414476
81,0.001958107698150051,0.055142967030406,0.055142967030406,0.0,0.0,0.060705999843776226,0.008828957359075464,0.005736010381951928,0.026047838151578847,0.018642124719917774,1.6597654223442078,0.860235711093992
82,0.001958021021358298,0.05555968917906284,0.05555968917906284,0.0,0.0,0.060147931799292564,0.008788281499581002,0.00585200684145093,0.024769069635802252,0.017644680105149746,1.5007997155189514,0.780473823659122
83,0.0019579332836788406,0.05557823833078146,0.05557823833078146,0.0,0.0,0.06083035748451948,0.008837996113889204,0.005941872484982014,0.02400303036631667,0.016991665121167898,1.4094039797782898,0.7351171686314046
84,0.001957844485207895,0.05585344322025776,0.05585344322025776,0.0,0.0,0.059808009304106236,0.008763413289099804,0.005647139274515212,0.025937198886627974,0.0184019161388278,1.6456954777240753,0.8527517435140908
85,0.001957754626042839,0.05563088972121477,0.05563088972121477,0.0,0.0,0.0596003457903862,0.008748185655722563,0.0056688322219997644,0.02667150916165775,0.01899584010243416,1.740197330713272,0.8998988382518291
86,0.0019576637062822142,0.055319550447165966,0.055319550447165966,0.0,0.0,0.05994707811623812,0.008773595766008207,0.005736288498155773,0.02743593046554372,0.019590912852436304,1.841377079486847,0.9506620788015425
87,0.001957571726025726,0.054886612109839916,0.054886612109839916,0.0,0.0,0.05900666303932667,0.008704506209997163,0.005632713902741671,0.02605936832110249,0.018534674774855375,1.6612350940704346,0.8601208785548806
88,0.001957478685374241,0.05518096126616001,0.05518096126616001,0.0,0.0,0.059250432066619396,0.008722467752558341,0.005595461116172373,0.024049275980555607,0.017002911306917667,1.414840042591095,0.7370452373288572
89,0.0019573845844297905,0.05453128647059202,0.05453128647059202,0.0,0.0,0.058952548541128635,0.008700513948305797,0.005653171334415674,0.026078536369532297,0.018603603821247816,1.6636799573898315,0.8613162529654801
90,0.001957289423295567,0.05465913005173206,0.05465913005173206,0.0,0.0,0.05953726265579462,0.008743555233760369,0.005625946330837905,0.025806078235330487,0.01843709358945489,1.629098504781723,0.8443178837187588
91,0.001957193202075927,0.055947243236005306,0.055947243236005306,0.0,0.0,0.06036967597901821,0.008804466322393524,0.005755880963988602,0.027825820171251223,0.0198411182500422,1.894084244966507,0.9772269604727626
92,0.001957095920876389,0.05606161057949066,0.05606161057949066,0.0,0.0,0.059353386983275414,0.008730042623394864,0.005631584790535271,0.024433071961270616,0.017353124916553497,1.4603585004806519,0.7598559437319636
93,0.001956997579803633,0.0556058194488287,0.0556058194488287,0.0,0.0,0.06315521709620953,0.00900530090166612,0.005880406126379967,0.026727940108845893,0.0190542615018785,1.7475689053535461,0.9053620612248778
94,0.001956898178965502,0.056618220172822475,0.056618220172822475,0.0,0.0,0.059544624760746956,0.008744095491060259,0.005605465034022927,0.026098190217774906,0.01850801007822156,1.6661883890628815,0.8628665069118142
95,0.0019567977184710024,0.05704618990421295,0.05704618990421295,0.0,0.0,0.06145576387643814,0.008883312088682606,0.0057803187519311905,0.0246091732303545,0.017342394217848778,1.4814853072166443,0.7714705355465412
96,0.0019566961984303004,0.0562970619648695,0.0562970619648695,0.0,0.0,0.061057956889271736,0.008854514080606715,0.005784056382253766,0.027676524089311465,0.019694061018526554,1.8738138377666473,0.9674358973279595
97,0.001956593618954725,0.05597652494907379,0.05597652494907379,0.0,0.0,0.05973734427243471,0.008758234432246362,0.005702720605768263,0.02369233263646531,0.016746528912335634,1.3731530904769897,0.7164452173747122
98,0.001956489980156768,0.05562758632004261,0.05562758632004261,0.0,0.0,0.05952282156795263,0.008742494385007116,0.005590667948126793,0.02741850937299661,0.019506631419062614,1.8390394151210785,0.9492811183445156
99,0.0019563852821500812,0.054552994668483734,0.054552994668483734,0.0,0.0,0.05870947800576687,0.008682558736391486,0.005580780329182744,0.024640830808536254,0.017512860242277384,1.485299438238144,0.7720044581219554
100,0.0019562795250494796,0.054105838760733604,0.054105838760733604,0.0,0.0,0.05953341908752918,0.008743272609933244,0.0056824072962626815,0.02722586585688455,0.01946305064484477,1.8132877945899963,0.9364106068387628
101,0.0019561727089709383,0.05423460062593222,0.05423460062593222,0.0,0.0,0.059575339779257774,0.008746350502010392,0.005583847756497562,0.024941753309982256,0.01772045623511076,1.521798998117447,0.7906871689483523
102,0.0019560648340315946,0.055502201430499554,0.055502201430499554,0.0,0.0,0.05909563787281513,0.008711066367863724,0.00557581486646086,0.025845251039314367,0.018325607292354107,1.6340481340885162,0.8465718859806657
103,0.0019559559003497463,0.05685742851346731,0.05685742851346731,0.0,0.0,0.05935456417500973,0.00873012919643721,0.005615725414827466,0.02746619277277702,0.01950060762465,1.8454414010047913,0.9523979825899005
104,0.001955845908044853,0.055533070117235184,0.055533070117235184,0.0,0.0,0.06065588165074587,0.00882531232649834,0.0057647962821647525,0.022746946714326914,0.015991631895303726,1.2657547891139984,0.6632053353823721
105,0.001955734857237534,0.056206416338682175,0.056206416338682175,0.0,0.0,0.059194376692175865,0.008718340903102565,0.005591428023763001,0.02538724536365332,0.017837662249803543,1.5766470730304718,0.8179207248613238
106,0.0019556227480495712,0.0544452928006649,0.0544452928006649,0.0,0.0,0.05870698485523462,0.008682374375108336,0.005545568885281682,0.027307154069683433,0.01927717588841915,1.824131727218628,0.9414193560369313
107,0.001955509580603905,0.05393735691905022,0.05393735691905022,0.0,0.0,0.058410762809216976,0.008660441806131116,0.005541025777347386,0.023377195339392635,0.016396197956055403,1.3368668258190155,0.6976387943141162
108,0.0019553953550246377,0.05393907707184553,0.05393907707184553,0.0,0.0,0.05881599523127079,0.008690431500341022,0.005579537013545632,0.029541490487940084,0.021094489376991987,2.1348538398742676,1.0968349175527692
109,0.001955280071437032,0.05397195555269718,0.05397195555269718,0.0,0.0,0.05844075884670019,0.008662665573307783,0.005561755737289786,0.026058148437240268,0.018539329525083303,1.6610795855522156,0.8597601721994579
110,0.00195516372996751,0.05442551150918007,0.05442551150918007,0.0,0.0,0.05891899950802326,0.008698037825833487,0.005618935101665556,0.026550346407343262,0.018848267383873463,1.7244226038455963,0.8916708016768098
111,0.0019550463307436545,0.05385003983974457,0.05385003983974457,0.0,0.0,0.05861671920865774,0.008675696810444975,0.005524411681108177,0.026629904892784398,0.018938041757792234,1.7347727119922638,0.8966947156004608
112,0.0019549278738942083,0.0559845007956028,0.0559845007956028,0.0,0.0,0.05927742272615433,0.008724454084957782,0.005639167036861181,0.024977068773142028,0.017671930603682995,1.5261114537715912,0.7926944382488728
113,0.0019548083595490734,0.05715668387711048,0.05715668387711048,0.0,0.0,0.06211803574115038,0.008931049126274767,0.005885504884645343,0.026481748485595223,0.0187558950856328,1.7155234217643738,0.8888207287527621
114,0.001954687787839313,0.05736255552619696,0.05736255552619696,0.0,0.0,0.06227561645209789,0.008942369686007512,0.005741393892094493,0.028208804165123152,0.01991988578811288,1.9465819001197815,1.0044287582859397
115,0.001954566158897148,0.05654412042349577,0.05654412042349577,0.0,0.0,0.05914044938981533,0.00871436844281494,0.005617579095996916,0.02249591083205091,0.015719673596322536,1.2379710376262665,0.6485557435080409
116,0.0019544434728559594,0.05483512673527002,0.05483512673527002,0.0,0.0,0.059817664325237274,0.00876412043900395,0.0056025468511506915,0.030786112449542456,0.02189192920923233,2.318531632423401,1.189174648374319
117,0.0019543197298502878,0.05516531877219677,0.05516531877219677,0.0,0.0,0.06052946858108044,0.008816111086179093,0.005611542379483581,0.024025193846570213,0.016748910769820213,1.4120080173015594,0.7362687429413199
118,0.001954194930015832,0.055844271555542946,0.055844271555542946,0.0,0.0,0.060183786787092686,0.008790900324693257,0.0057003089459612966,0.029737571810097327,0.021232447121292353,2.163287878036499,1.1117358324117959
119,0.0019540690734894508,0.05546819977462292,0.05546819977462292,0.0,0.0,0.0592247536405921,0.00872057743922397,0.005642095929943025,0.023656598964629662,0.016605964861810207,1.3690142035484314,0.7141194785945117
120,0.001953942160409162,0.05534071568399668,0.05534071568399668,0.0,0.0,0.05905331112444401,0.008707946237830017,0.0055179952178150415,0.026073240936443146,0.018453747034072876,1.6630042493343353,0.8610287802293897
121,0.00195381419091414,0.05511116422712803,0.05511116422712803,0.0,0.0,0.05945713724941015,0.008737669425550886,0.005641657975502312,0.02539236293172585,0.017899404279887676,1.5772828459739685,0.8183699916116893
122,0.0019536851651447197,0.05494440067559481,0.05494440067559481,0.0,0.0,0.06004181783646345,0.008780525990886098,0.005748674040660262,0.027031350193327235,0.019134345464408398,1.787470281124115,0.9237560494802892
123,0.0019535550832423935,0.05487280432134867,0.05487280432134867,0.0,0.0,0.059205335564911366,0.008719147570019037,0.0055761439725756645,0.02532549790570938,0.017802090384066105,1.5689869225025177,0.8140961290337145
124,0.0019534239453498125,0.05502260662615299,0.05502260662615299,0.0,0.0,0.060869788751006126,0.008840859972886065,0.005603019497357309,0.02767302923528805,0.01942263124510646,1.8733405768871307,0.9671051828190684
125,0.001953291751610785,0.05595735926181078,0.05595735926181078,0.0,0.0,0.06108264997601509,0.00885630463934727,0.0057012843899428844,0.021596747615665553,0.015123758232221007,1.1409852504730225,0.6010339502245188
126,0.0019531585021702784,0.05469308700412512,0.05469308700412512,0.0,0.0,0.05926460865885019,0.008723510914958646,0.005525367450900376,0.0320167066541247,0.02294525783509016,2.5075907707214355,1.2834276896901429
127,0.0019530241971744162,0.05407199077308178,0.05407199077308178,0.0,0.0,0.0583588732406497,0.008656594174127126,0.005474732490256429,0.023654002045172907,0.016650847159326077,1.3687137067317963,0.713536289986223
128,0.0019528888367704802,0.05516983009874821,0.05516983009874821,0.0,0.0,0.059023733250796795,0.008705765064783365,0.005503454245626926,0.02495445964188927,0.017555498983711004,1.523349940776825,0.7911868370138109
129,0.0019527524211069105,0.05432489514350891,0.05432489514350891,0.0,0.0,0.05835496913641691,0.008656304718511526,0.00554200354963541,0.027794339251923997,0.01970835868269205,1.8898008167743683,0.9740778929553926
130,0.0019526149503333032,0.05362966097891331,0.05362966097891331,0.0,0.0,0.05853466875851154,0.008669622577859599,0.005509921349585056,0.023421040544582584,0.01643950678408146,1.341886281967163,0.7002104753628373
131,0.001952476424600412,0.05415607150644064,0.05415607150644064,0.0,0.0,0.059161365032196045,0.008715909602137945,0.005615619709715247,0.028008988584681153,0.01984216785058379,1.919102519750595,0.9891319423913956
132,0.001952336844060147,0.05439103581011295,0.05439103581011295,0.0,0.0,0.05919503327459097,0.00871838920298957,0.005566513864323497,0.024390309521018155,0.017128647305071354,1.4552511870861053,0.7572231101803482
133,0.0019521962088655759,0.054274351336061954,0.054274351336061954,0.0,0.0,0.05918183922767639,0.008717417416213994,0.005593608017079532,0.026809049988347013,0.018895380664616823,1.7581915259361267,0.9086866825819016
134,0.001952054519170922,0.05415595229715109,0.05415595229715109,0.0,0.0,0.05807468015700579,0.008635490971412682,0.005470122792758048,0.026832489998376896,0.018877008464187384,1.761267364025116,0.9096710220910609
135,0.0019519117751315652,0.053320346400141716,0.053320346400141716,0.0,0.0,0.05886180326342583,0.008693815270664589,0.005573081900365651,0.024682877430265513,0.017308435402810574,1.490372747182846,0.774617275223136
136,0.0019517679769040426,0.05420921090990305,0.05420921090990305,0.0,0.0,0.058308565989136696,0.00865286234397803,0.005534585565328598,0.02558039536266313,0.018036326859146357,1.600729078054428,0.8295188220217824
137,0.001951623124646046,0.053841215558350086,0.053841215558350086,0.0,0.0,0.058372789062559605,0.008657626259398827,0.005429929704405367,0.025028607842798947,0.017621855717152357,1.532416194677353,0.7953944918699563
138,0.0019514772185164238,0.05409443378448486,0.05409443378448486,0.0,0.0,0.057547738775610924,0.008596224557270415,0.0054484144784510136,0.024303088696876852,0.01712963543832302,1.4448616802692413,0.7512047095224261
139,0.0019513302586751805,0.054072678089141846,0.054072678089141846,0.0,0.0,0.0607971353456378,0.008835582195398893,0.005643089767545462,0.025434421572101115,0.018014934845268726,1.5825121402740479,0.8216546378098428
140,0.0019511822452834748,0.05473890993744135,0.05473890993744135,0.0,0.0,0.058419824577867985,0.008661113679636555,0.005469543626531959,0.02406898195888485,0.016982121858745813,1.417159616947174,0.737789720762521
141,0.0019510331785036214,0.0534773925319314,0.0534773925319314,0.0,0.0,0.05848011560738087,0.00866558170930275,0.0055437402334064245,0.02711898201479494,0.01925479294732213,1.799078494310379,0.92877930495888
142,0.0019508830584990912,0.053129480220377445,0.053129480220377445,0.0,0.0,0.05770655069500208,0.008608077490594649,0.005487300455570221,0.025150768021652746,0.01777671929448843,1.5474115908145905,0.8025590707547963
143,0.0019507318854345085,0.05306759849190712,0.05306759849190712,0.0,0.0,0.057684628292918205,0.008606442414961701,0.005487222457304597,0.023865164389688356,0.01672057854011655,1.3932600617408752,0.7254723450168967
144,0.0019505796594756536,0.053328294306993484,0.053328294306993484,0.0,0.0,0.058249776251614094,0.008648499005353878,0.005488259601406753,0.026363421100477825,0.01852541882544756,1.7002268731594086,0.8792383247055113
145,0.0019504263807894604,0.05414371006190777,0.05414371006190777,0.0,0.0,0.061300335451960564,0.008872071479005794,0.005714252940379083,0.026364050894952973,0.01844028290361166,1.7003081142902374,0.880804224871099
146,0.0019502720495440185,0.05595678370445967,0.05595678370445967,0.0,0.0,0.06120205670595169,0.008864956849230405,0.005757859558798373,0.02592558463482449,0.018265743739902973,1.6442219913005829,0.8527120240032673
147,0.0019501166659085703,0.055232590064406395,0.055232590064406395,0.0,0.0,0.05795219447463751,0.0086263792011837,0.005405955133028328,0.02674615840697214,0.018874804954975843,1.7499520480632782,0.9039521212689579
148,0.001949960230053513,0.05477799568325281,0.05477799568325281,0.0,0.0,0.0600136686116457,0.008778467390108539,0.005550367175601423,0.027094314783974793,0.019138610921800137,1.7958070933818817,0.9279103809967637
149,0.001949802742150398,0.05451241973787546,0.05451241973787546,0.0,0.0,0.06236033421009779,0.008948450261441617,0.005776614299975336,0.02894372635120334,0.02054791571572423,2.049331545829773,1.0558459400199354
150,0.0019496442023719304,0.054946389980614185,0.054946389980614185,0.0,0.0,0.05838659219443798,0.008658650028622192,0.0054004822159186006,0.02444130003993168,0.01703530503436923,1.4613422453403473,0.7598644187673926
151,0.001949484610891968,0.05467093829065561,0.05467093829065561,0.0,0.0,0.05772252380847931,0.008609268996063223,0.005393001134507358,0.027697747170845513,0.019447200000286102,1.876688688993454,0.9672056064009666
152,0.0019493239678855228,0.05351505987346172,0.05351505987346172,0.0,0.0,0.058892156928777695,0.00869605633654772,0.005517172627151012,0.027281365105185,0.019174453802406788,1.8206880688667297,0.9397901128977537
153,0.001949162273528759,0.053520492278039455,0.053520492278039455,0.0,0.0,0.05783782806247473,0.008617863171987488,0.005423417780548334,0.023921385611875748,0.016655057203024626,1.3998322784900665,0.7288350532762706
154,0.0019489995279989949,0.053307509049773216,0.053307509049773216,0.0,0.0,0.0582894841209054,0.008651446408350872,0.005435072584077716,0.03084828150588207,0.0219638803973794,2.3279051780700684,1.1930973310954869
155,0.0019488357314747004,0.05330101307481527,0.05330101307481527,0.0,0.0,0.058230720460414886,0.008647084458829422,0.005561620695516467,0.021958333552847417,0.015329633606597781,1.1795112788677216,0.6188709996640682
156,0.0019486708841354988,0.05352546740323305,0.05352546740323305,0.0,0.0,0.058653329499065876,0.008678405677825298,0.005508393864147365,0.029619450715312984,0.021069031208753586,2.146136462688446,1.102394896093756
157,0.0019485049861621656,0.05396920070052147,0.05396920070052147,0.0,0.0,0.05855005793273449,0.008670762200834079,0.005478425999172032,0.025310829120419757,0.017733227461576462,1.56716987490654,0.8128599664196372
158,0.0019483380377366278,0.05293052922934294,0.05293052922934294,0.0,0.0,0.05786988139152527,0.008620251015040752,0.005501806503161788,0.026196188006601655,0.018380454275757074,1.6787249147891998,0.8682973980903625
159,0.0019481700390419653,0.053228454664349556,0.053228454664349556,0.0,0.0,0.05905583780258894,0.008708132355451143,0.005726225674152374,0.025519524406349418,0.017862601671367884,1.5931199789047241,0.8260879083536565
160,0.0019480009902624088,0.05344356410205364,0.05344356410205364,0.0,0.0,0.05776073504239321,0.008612117777282107,0.0056135570630431175,0.02381699600937554,0.016684959176927805,1.3876416087150574,0.7227011718787253
161,0.0019478308915833412,0.05293526127934456,0.05293526127934456,0.0,0.0,0.05982288625091314,0.008764503152049583,0.005512523581273854,0.02883388381082726,0.020274965558201075,2.0338065028190613,1.0468146945349872
162,0.0019476597431912967,0.05442051962018013,0.05442051962018013,0.0,0.0,0.0586271733045578,0.008676470229914033,0.005491821677424014,0.02361998230706017,0.01643814565613866,1.3647794723510742,0.711703322827816
163,0.0019474875452739604,0.05407243873924017,0.05407243873924017,0.0,0.0,0.05761998984962702,0.008601618960206189,0.005471616750583053,0.02633908300517152,0.018472730182111263,1.6970891058444977,0.8773545478470623
164,0.0019473142980201681,0.05290438421070576,0.05290438421070576,0.0,0.0,0.058610656298696995,0.008675248011044325,0.005466083181090653,0.029695732054130713,0.02095790719613433,2.1572049260139465,1.1079077911563218
165,0.001947140001619907,0.053612202405929565,0.053612202405929565,0.0,0.0,0.05880806501954794,0.008689845832776166,0.005491204443387687,0.022329264541571737,0.015494495863094926,1.219697654247284,0.6392528596334159
166,0.0019469646562643146,0.05305757001042366,0.05305757001042366,0.0,0.0,0.05815402418375015,0.008641387751736623,0.00538472575135529,0.026102604789038166,0.018264025449752808,1.6667520999908447,0.8624530620872974
167,0.0019467882621456785,0.05437104031443596,0.05437104031443596,0.0,0.0,0.06048537977039814,0.008812899662293561,0.005602092947810888,0.028320520344744304,0.019947194028645754,1.962030678987503,1.0112580293789506
168,0.0019466108194574362,0.055979400873184204,0.055979400873184204,0.0,0.0,0.06093123462051153,0.008845321110312908,0.005588383064605296,0.02319075795692816,0.0162701983936131,1.315628319978714,0.6882797772996128
169,0.0019464323283941757,0.057428499683737755,0.057428499683737755,0.0,0.0,0.06024256628006697,0.008795192603971807,0.0055100873578339815,0.034253297458504174,0.024487704504281282,2.870173156261444,1.4652078612707555
170,0.001946252789151634,0.05482811387628317,0.05482811387628317,0.0,0.0,0.060538831166923046,0.008816792759605306,0.0056509621208533645,0.01951206781500616,0.01345111383125186,0.9313435852527618,0.49594120820984244
171,0.0019460722019266983,0.05445783864706755,0.05445783864706755,0.0,0.0,0.06126963347196579,0.00886984955848939,0.005520608276128769,0.03291048437458676,0.023518730886280537,2.6495485305786133,1.3554090820252895
172,0.0019458905669174043,0.053925953805446625,0.053925953805446625,0.0,0.0,0.060226812958717346,0.008794042630030453,0.0056216694647446275,0.02429389706527986,0.01700106170028448,1.4437689185142517,0.7519978657364845
173,0.001945707884322937,0.053592778742313385,0.053592778742313385,0.0,0.0,0.05773432366549969,0.00861014873218391,0.005378596717491746,0.027205522300955177,0.019153043627738953,1.8105789721012115,0.9341566478833556
174,0.0019455241543436307,0.053491554223001,0.053491554223001,0.0,0.0,0.058196719735860825,0.008644559575505592,0.005478018778376281,0.023390500869693152,0.016416821628808975,1.3383890688419342,0.6982928942888975
175,0.0019453393771809676,0.05335703585296869,0.05335703585296869,0.0,0.0,0.05893846321851015,0.008699474301073915,0.005520411534234881,0.025719254769546344,0.018098551779985428,1.6181549429893494,0.8385467031039298
176,0.0019451535530375784,0.05350189283490181,0.05350189283490181,0.0,0.0,0.058211302384734154,0.008645642329717712,0.005387027747929096,0.02859527883903073,0.02012274833396077,2.000285565853119,1.0292484341189265
177,0.001944966682117242,0.05303229484707117,0.05303229484707117,0.0,0.0,0.05782723426818848,0.00861707393773191,0.0054004661506041884,0.025574746145868923,0.017921851482242346,1.600022166967392,0.8289247006177902
178,0.001944778764624886,0.05320610012859106,0.05320610012859106,0.0,0.0,0.057645111344754696,0.008603493865556078,0.005414933897554874,0.027752167218890157,0.01951377186924219,1.8840703964233398,0.9708577538840473
179,0.0019445898007665844,0.05244028754532337,0.05244028754532337,0.0,0.0,0.0572754992172122,0.008575867280774972,0.005354573600925505,0.022817288911202976,0.01587499212473631,1.2735953032970428,0.6654354012571275
180,0.0019443997907495588,0.052810532972216606,0.052810532972216606,0.0,0.0,0.05722214188426733,0.008571871977612099,0.005392129649408162,0.026625861674490617,0.018736301455646753,1.734245926141739,0.8957340340130031
181,0.0019442087347821791,0.05263377446681261,0.05263377446681261,0.0,0.0,0.05691928882151842,0.008549157863791608,0.005369750550016761,0.026745347178895165,0.018806264270097017,1.749845951795578,0.9033826203085482
182,0.0019440166330739615,0.052247184328734875,0.052247184328734875,0.0,0.0,0.056929233483970165,0.008549904754126338,0.00528993783518672,0.023415035667821705,0.016230023931711912,1.3411983251571655,0.6990637793205678
183,0.001943823485835569,0.052299353294074535,0.052299353294074535,0.0,0.0,0.05784275569021702,0.008618230429399217,0.005407245713286102,0.02749588433589141,0.019290311262011528,1.8494334518909454,0.9536381037905812
184,0.001943629293278811,0.053370678797364235,0.053370678797364235,0.0,0.0,0.05724996328353882,0.00857395546603012,0.005443091969937086,0.026102261094802525,0.018262615893036127,1.6667082607746124,0.8619791120290756
185,0.0019434340556166438,0.05320640094578266,0.05320640094578266,0.0,0.0,0.05774387810379267,0.008610861075111229,0.005329061299562454,0.023412174521856254,0.01628640852868557,1.3408704996109009,0.6993071888573468
186,0.0019432377730631695,0.05286218412220478,0.05286218412220478,0.0,0.0,0.05872394982725382,0.00868362868780358,0.0054513688664883375,0.02591114184521359,0.01816947991028428,1.6423905789852142,0.850557264406234
187,0.0019430404458336357,0.05237267538905144,0.05237267538905144,0.0,0.0,0.05744488816708326,0.008588539393480973,0.005328314728103578,0.027161287450146183,0.01913757110014558,1.804695963859558,0.9310704260133207
188,0.0019428420741444358,0.05258616711944342,0.05258616711944342,0.0,0.0,0.056951599195599556,0.008551584460513325,0.005295846378430724,0.022258192053534846,0.01559694716706872,1.2119455635547638,0.6344485813751817
189,0.001942642658213109,0.05244395323097706,0.05244395323097706,0.0,0.0,0.059319522231817245,0.008727551848290521,0.005678756628185511,0.030354229539554047,0.02162986295297742,2.253937005996704,1.1566282641142607
190,0.0019424421982583394,0.05336576700210571,0.05336576700210571,0.0,0.0,0.057318469509482384,0.00857908389514945,0.005304798483848572,0.021584803881324284,0.015072323847562075,1.1397235691547394,0.5985210193321109
191,0.0019422406944999556,0.05313052702695131,0.05313052702695131,0.0,0.0,0.05932878330349922,0.008728233144074445,0.0054887611186131835,0.03219132908638968,0.02294568531215191,2.535018563270569,1.297173673287034
192,0.0019420381471589312,0.05291700828820467,0.05291700828820467,0.0,0.0,0.05695110186934471,0.00855154670478123,0.005436717066913843,0.021963527061136308,0.01525846403092146,1.1800692975521088,0.6185101997107267
193,0.0019418345564573844,0.05200125835835934,0.05200125835835934,0.0,0.0,0.05792802479118109,0.008624580557996375,0.005500921164639294,0.028715354553710954,0.020362904760986567,2.0171197652816772,1.0375238950364292
194,0.0019416299226185773,0.05240737088024616,0.05240737088024616,0.0,0.0,0.056988160125911236,0.008554328696328559,0.0054205142660066485,0.024691941354183632,0.017299041617661715,1.491467535495758,0.7742278478108346
195,0.0019414242458669158,0.052425457164645195,0.052425457164645195,0.0,0.0,0.056937944144010544,0.008550558721597388,0.005286033148877323,0.027215266220610282,0.019073985051363707,1.8118760883808136,0.9344070162624121
196,0.00194121752642795,0.05189696606248617,0.05189696606248617,0.0,0.0,0.057208647951483727,0.008570861082092275,0.005357539281249046,0.023377421611000895,0.016364777460694313,1.3368927240371704,0.6970506859943271
197,0.0019410097645283727,0.0523225050419569,0.0523225050419569,0.0,0.0,0.05768410116434097,0.008606402892034213,0.0054999717976897955,0.029919236068509353,0.02116714371368289,2.1897993683815002,1.1237417347729206
198,0.0019408009603960206,0.05293264053761959,0.05293264053761959,0.0,0.0,0.05742817837744951,0.008587289937832044,0.005264466977678239,0.02751980905996696,0.01935052964836359,1.8526533246040344,0.955040751490742
199,0.0019405911142598732,0.05226500239223242,0.05226500239223242,0.0,0.0,0.05615610256791115,0.008491650102180314,0.005305951694026589,0.02079343751490117,0.014371223514899611,1.0576839447021484,0.5569200236350298
200,0.0019403802263500522,0.052237074822187424,0.052237074822187424,0.0,0.0,0.05816134810447693,0.00864193197555208,0.005452810553833842,0.03511226488672663,0.025150525849312544,3.015928328037262,1.5370448380708694
201,0.001940168296897822,0.052392409183084965,0.052392409183084965,0.0,0.0,0.05609957966953516,0.00848737544601793,0.0052435388788580894,0.02089635713168211,0.014527973718941212,1.068180114030838,0.5621398468501866
202,0.0019399553261355894,0.05142798461019993,0.05142798461019993,0.0,0.0,0.05750831961631775,0.008593279593026068,0.0054921654518693686,0.030115874777271345,0.021307536866515875,2.218678057193756,1.138093188405037
203,0.0019397413142969032,0.05213133152574301,0.05213133152574301,0.0,0.0,0.05687959026545286,0.008546176141408174,0.005453257355839014,0.024148268464685298,0.01701469300314784,1.4265116453170776,0.7416956177912652
204,0.0019395262616164531,0.051857457496225834,0.051857457496225834,0.0,0.0,0.057948692701756954,0.00862611888613746,0.005315557704307139,0.027328280879946654,0.01924024662002921,1.826955497264862,0.9424520949833095
205,0.001939310168330071,0.05261338409036398,0.05261338409036398,0.0,0.0,0.05703542660921812,0.008557875428239709,0.005381432129070163,0.02780551206434125,0.019547888543456793,1.891320526599884,0.9741779766045511
206,0.0019390930346747295,0.0522650396451354,0.0522650396451354,0.0,0.0,0.056660993956029415,0.008529738471085332,0.005332183442078531,0.022185712266625888,0.01548894215375185,1.2040654718875885,0.630363232921809
207,0.0019388748608885425,0.051895917393267155,0.051895917393267155,0.0,0.0,0.056898836977779865,0.008547621964558346,0.005291195586323738,0.02757548373936425,0.019386381842195988,1.8601571023464203,0.9585279696621001
208,0.0019386556472107644,0.0525166867300868,0.0525166867300868,0.0,0.0,0.056603158824145794,0.00852538380647853,0.005358221707865596,0.027442531513835324,0.01936852838844061,1.8422632217407227,0.9494331902824342
209,0.0019384353938817897,0.053343676030635834,0.053343676030635834,0.0,0.0,0.05648312531411648,0.008516339625604167,0.005518403253518045,0.022054136055783626,0.015383196761831641,1.1898259222507477,0.6231545237824321
210,0.001938214101143153,0.05264074169099331,0.05264074169099331,0.0,0.0,0.05724277812987566,0.008573417323344502,0.005369775812141597,0.031232191297604267,0.022189307492226362,2.386207640171051,1.2217252091504633
211,0.0019379917692375294,0.05207894556224346,0.05207894556224346,0.0,0.0,0.05761197302490473,0.00860102058336939,0.005323618068359792,0.022793502158850888,0.01587502472102642,1.2709411680698395,0.6642765705473721
212,0.0019377683984087327,0.051650362089276314,0.051650362089276314,0.0,0.0,0.05744059011340141,0.00858821788624074,0.005360012059099972,0.028873286862325275,0.02040469739586115,2.0393688082695007,1.048404699191451
213,0.0019375439889017165,0.05196039844304323,0.05196039844304323,0.0,0.0,0.05719341151416302,0.008569719742062096,0.005338352988474071,0.024502488574589264,0.017212195321917534,1.4686683416366577,0.7629308765754104
214,0.0019373185409625735,0.05250289011746645,0.05250289011746645,0.0,0.0,0.060418312437832355,0.008808012284524987,0.005393182393163443,0.025686788564226768,0.018029240891337395,1.6140722036361694,0.8372452580370009
215,0.0019370920548385346,0.053446597419679165,0.053446597419679165,0.0,0.0,0.060068716295063496,0.008782492668167177,0.0055462096352130175,0.029377193670608096,0.0208281222730875,2.111173629760742,1.0856211730279028
216,0.0019368645307779701,0.05286941397935152,0.05286941397935152,0.0,0.0,0.05903780926018953,0.00870680333411088,0.005489868577569723,0.023772030619538562,0.016678137704730034,1.3824069499969482,0.7207223796285689
217,0.0019366359690303875,0.05247919261455536,0.05247919261455536,0.0,0.0,0.05779451038688421,0.008614635382540994,0.005523528903722763,0.02825052968407273,0.020111186429858208,1.9523448050022125,1.0050696576945484
218,0.0019364063698464333,0.05300754960626364,0.05300754960626364,0.0,0.0,0.056833669543266296,0.008542725693797557,0.005518649239093065,0.02396428193879094,0.01678976370021701,1.4048571586608887,0.7308454141020775
219,0.0019361757334778909,0.05197863094508648,0.05197863094508648,0.0,0.0,0.057573121041059494,0.008598119890602414,0.005341451149433851,0.029609758808962397,0.021107452921569347,2.1447322964668274,1.1011527087539434
220,0.0019359440601776816,0.052378793247044086,0.052378793247044086,0.0,0.0,0.05672897771000862,0.00853485404125804,0.005349647020921111,0.023593577241620357,0.01651532482355833,1.3617298603057861,0.7092294190078974
221,0.001935711350199863,0.05235000140964985,0.05235000140964985,0.0,0.0,0.05808334331959486,0.008636134877279489,0.005433277692645788,0.026555445598603875,0.01875131018459797,1.72508504986763,0.8915841965936124
222,0.0019354776037996309,0.053060729056596756,0.053060729056596756,0.0,0.0,0.05761988181620836,0.008601610924320161,0.005403474206104875,0.025900818549355633,0.01824400434270501,1.6410821080207825,0.8493509949184954
223,0.0019352428212333164,0.05305448919534683,0.05305448919534683,0.0,0.0,0.05750677175819874,0.00859316412309686,0.005484427325427532,0.022934436475888335,0.015891424380242825,1.286706417798996,0.6721065947785974
224,0.0019350070027583871,0.05261198431253433,0.05261198431253433,0.0,0.0,0.05717656575143337,0.008568457564550453,0.005488873925060034,0.027506409165000405,0.01930453348904848,1.8508495688438416,0.9540130672976375
225,0.0019347701486334475,0.05228875204920769,0.05228875204920769,0.0,0.0,0.05825451482087374,0.008648850765573533,0.0055439716670662165,0.027577801353322356,0.019327479414641857,1.8604697585105896,0.9593621366657317
226,0.001934532259118237,0.052497971802949905,0.052497971802949905,0.0,0.0,0.056609924882650375,0.008525893618743193,0.005246590473689139,0.022764366941997308,0.015870819333940744,1.2676940858364105,0.6621520053595304
227,0.0019342933344736303,0.05250724870711565,0.05250724870711565,0.0,0.0,0.05918976850807667,0.008718001231544608,0.005584748578257859,0.030610958759804456,0.021863272413611412,2.2922247648239136,1.1757072666659951
228,0.001934053374961638,0.052623648196458817,0.052623648196458817,0.0,0.0,0.05694357957690954,0.008550981944216808,0.005563720362260938,0.020976394183355566,0.01457338104955852,1.0763784646987915,0.5666610221378505
229,0.0019338123808454047,0.05176464281976223,0.05176464281976223,0.0,0.0,0.05799441784620285,0.008629521656252092,0.005275802919641137,0.03142187880977691,0.02234182134270668,2.415280759334564,1.2366375885903835
230,0.0019335703523892104,0.051532103680074215,0.051532103680074215,0.0,0.0,0.056586332619190216,0.008524116877929306,0.005314063746482134,0.02181252569266093,0.015241123735904694,1.1638988852500916,0.6102426089346409
231,0.0019333272898584687,0.05146957840770483,0.05146957840770483,0.0,0.0,0.05702993646264076,0.00855746349348572,0.005314532085321844,0.029375756880464825,0.020750824362039566,2.1109670400619507,1.0839984882622957
232,0.0019330831935197275,0.051760309375822544,0.051760309375822544,0.0,0.0,0.056334598921239376,0.008505135215658958,0.005306676030158997,0.025933433165055204,0.018272455781698227,1.6452176868915558,0.8507761429063976
233,0.0019328380636406688,0.05145681742578745,0.05145681742578745,0.0,0.0,0.056672428734600544,0.008530599008779463,0.00541840004734695,0.021783143091095542,0.01516627031378448,1.1607654094696045,0.6087189191021025
234,0.0019325919004901067,0.05197997856885195,0.05197997856885195,0.0,0.0,0.05685018841177225,0.008543967082971686,0.005321461474522948,0.02898294366836249,0.02048702072352171,2.0548887848854065,1.0558694866485894
235,0.0019323447043379902,0.05197184905409813,0.05197184905409813,0.0,0.0,0.05664671026170254,0.008528662970125445,0.005289988243021071,0.02331850302497655,0.016235148534178734,1.3301624655723572,0.6934045879170299
236,0.0019320964754553996,0.053169707767665386,0.053169707767665386,0.0,0.0,0.06038261856883764,0.008805410116987279,0.005333876819349825,0.02955418408495084,0.02080404758453369,2.1366888284683228,1.0985357235185802
237,0.0019318472141145486,0.054055226035416126,0.054055226035416126,0.0,0.0,0.06145698204636574,0.008883400137099621,0.005742778070271015,0.028199260608645596,0.019764599855989218,1.9452649652957916,1.0033609736710787
238,0.0019315969205887826,0.05415007658302784,0.05415007658302784,0.0,0.0,0.0666980966925621,0.009254443969782193,0.006169039057567716,0.021111924119173828,0.014468547189608216,1.0903325080871582,0.5785153023898602
239,0.0019313455951525795,0.05809565354138613,0.05809565354138613,0.0,0.0,0.06043637450784445,0.008809328721261245,0.005744103225879371,0.0280967655016662,0.019972195383161306,1.9311499893665314,0.9957931819371879
240,0.0019310932380815478,0.05686444044113159,0.05686444044113159,0.0,0.0,0.06351971160620451,0.009031250257689541,0.005810720147565007,0.028667300966932784,0.02017837669700384,2.0103743970394135,1.036947054322809
241,0.0019308398496524284,0.05631866864860058,0.05631866864860058,0.0,0.0,0.05781073868274689,0.008615844876489111,0.005377994733862579,0.022524916513326942,0.01575698982924223,1.241165578365326,0.6494881585240364
242,0.001930585430143093,0.054654885083436966,0.054654885083436966,0.0,0.0,0.059661575593054295,0.00875267833774087,0.005693187820725143,0.02874275793094442,0.020559710450470448,2.0209715962409973,1.0403165859170258
243,0.0019303299798325434,0.053423913195729256,0.053423913195729256,0.0,0.0,0.05726009327918291,0.008574713985124667,0.005426113493740559,0.024863736176767598,0.017544975504279137,1.5122935473918915,0.7847768203355372
244,0.0019300734990009122,0.05237956810742617,0.05237956810742617,0.0,0.0,0.05952509772032499,0.008742661562010305,0.005528390291146934,0.024548436455842388,0.01723399991169572,1.4741816818714142,0.7668533897958696
245,0.0019298159879294625,0.05306834354996681,0.05306834354996681,0.0,0.0,0.057618020102381706,0.008601472092630253,0.005445118644274771,0.027571546990269702,0.01940289791673422,1.8596259653568268,0.9586219927296042
246,0.0019295574469005863,0.0533667029812932,0.0533667029812932,0.0,0.0,0.059288593009114265,0.00872527644765145,0.005526557448320091,0.02498910407347728,0.017560895066708326,1.527582585811615,0.7934355894103646
247,0.0019292978761978055,0.05319029372185469,0.05319029372185469,0.0,0.0,0.05657371412962675,0.008523166264481942,0.005580670200288296,0.023827709730332686,0.016574869863688946,1.3888902962207794,0.7227320051752031
248,0.0019290372761057717,0.05269867181777954,0.05269867181777954,0.0,0.0,0.058601558208465576,0.008674574820829454,0.005538592464290559,0.02774083286264718,0.01942840265110135,1.8825319111347198,0.9705667346715927
249,0.0019287756469102645,0.05265147052705288,0.05265147052705288,0.0,0.0,0.05854640528559685,0.008670491679815009,0.005710211815312505,0.02432638188965952,0.017076137010008097,1.4476326704025269,0.7530895378440619
250,0.0019285129888981921,0.052394527941942215,0.052394527941942215,0.0,0.0,0.05701836757361889,0.008556595666143217,0.005354426335543394,0.02655660784371394,0.018639020156115294,1.7252361178398132,0.8911272427067161
251,0.0019282493023575918,0.051778413355350494,0.051778413355350494,0.0,0.0,0.058896202594041824,0.008696355136557941,0.0055942932376638055,0.02626091791953601,0.018390269950032234,1.6870312690734863,0.8729637358337641
252,0.001927984587577628,0.052670689299702644,0.052670689299702644,0.0,0.0,0.05665136128664017,0.008529012954686575,0.005623162374831736,0.023857071562048186,0.016658638138324022,1.3923153281211853,0.7244833447039127
253,0.0019277188448485931,0.051824694499373436,0.051824694499373436,0.0,0.0,0.05731967370957136,0.008579173687718268,0.005416181171312928,0.02653726828297262,0.018749615643173456,1.722724288702011,0.8900219812057912
254,0.001927452074461906,0.053012789227068424,0.053012789227068424,0.0,0.0,0.0589373093098402,0.00869938920026406,0.005562591832131147,0.025793723724690732,0.01809717994183302,1.6275390088558197,0.84323815908283
255,0.0019271842767101136,0.05321601312607527,0.05321601312607527,0.0,0.0,0.05760652292519808,0.00860061388752558,0.005243242136202753,0.02791330977111808,0.019603215157985687,1.9060136675834656,0.9818100952543318
256,0.001926915451886889,0.053192815743386745,0.053192815743386745,0.0,0.0,0.05808648280799389,0.008636368141764921,0.005483923479914665,0.024862722181644464,0.017416720744222403,1.5121703445911407,0.7851284136995673
257,0.0019266456002870315,0.05250776279717684,0.05250776279717684,0.0,0.0,0.05702480208128691,0.0085570782166434,0.005547700566239655,0.028642026144090938,0.0200621853582561,2.0068310499191284,1.0319279260002077
258,0.0019263747222064665,0.0516741368919611,0.0516741368919611,0.0,0.0,0.0575416274368763,0.008595768116854483,0.005543317645788193,0.026227695482429383,0.018257479183375835,1.6827654540538788,0.8701535407453775
259,0.0019261028179422448,0.052311512641608715,0.052311512641608715,0.0,0.0,0.057030973955988884,0.008557541184452157,0.005605814279988408,0.024763607894796157,0.01738171698525548,1.5001378655433655,0.7785844197496772
260,0.001925829887792543,0.051766843535006046,0.051766843535006046,0.0,0.0,0.056320629082620144,0.00850408045259186,0.005237003089860082,0.02558784078524087,0.01798422122374177,1.601661056280136,0.8289908426813781
261,0.0019255559320566626,0.0511336587369442,0.0511336587369442,0.0,0.0,0.05622578039765358,0.008496916622496136,0.005308500141836703,0.026341381237285473,0.018496407661587,1.697385162115097,0.8768054712563753
262,0.0019252809510350293,0.05084729567170143,0.05084729567170143,0.0,0.0,0.056372555904090405,0.008507999729709795,0.005267889471724629,0.02707486107295728,0.01902234787121415,1.793229192495346,0.9248008741997182
263,0.0019250049450291935,0.05061418656259775,0.05061418656259775,0.0,0.0,0.05619656294584274,0.008494708993848537,0.005283732665702701,0.024478979528238947,0.01706211781129241,1.4658514261245728,0.7610239945352077
264,0.0019247279143418297,0.05090876575559378,0.05090876575559378,0.0,0.0,0.05607245955616236,0.008485323862264539,0.005257545853964984,0.026390043150017948,0.018506532069295645,1.7036623656749725,0.8798674126155674
265,0.0019244498592767363,0.050805291160941124,0.050805291160941124,0.0,0.0,0.0562743553891778,0.008500586063167018,0.005276481271721423,0.025705337453650962,0.018027312587946653,1.6164041459560394,0.8363392506726086
266,0.0019241707801388346,0.05068785045295954,0.05068785045295954,0.0,0.0,0.05659801326692104,0.008524996653091478,0.005257533164694905,0.024793351591030154,0.01715603983029723,1.5037437081336975,0.7801708607003093
267,0.0019238906772341688,0.051510472781956196,0.051510472781956196,0.0,0.0,0.056427307426929474,0.00851213057813188,0.005199751700274646,0.027841224532397794,0.019404013641178608,1.896181970834732,0.9763046391308308
268,0.0019236095508699067,0.051440006121993065,0.051440006121993065,0.0,0.0,0.057599530555307865,0.00860009179553408,0.005404623574577272,0.024053188460338836,0.016657356172800064,1.4153005182743073,0.7364500244148076
269,0.0019233274013543374,0.0525067588314414,0.0525067588314414,0.0,0.0,0.056138958781957626,0.008490353609250819,0.0052586422534659505,0.026954085902607578,0.018743060994893312,1.7772664725780487,0.9167027156800032
270,0.0019230442289968725,0.05088612996041775,0.05088612996041775,0.0,0.0,0.05663364939391613,0.008527680014673187,0.005297730676829815,0.025772035439458652,0.01794691989198327,1.6248033046722412,0.8407184770330787
271,0.0019227600341080453,0.05075916647911072,0.05075916647911072,0.0,0.0,0.05742586124688387,0.008587116876327355,0.005233582225628197,0.026528918771928707,0.01850626477971673,1.721640408039093,0.8895331346429884
272,0.0019224748169995103,0.05079391598701477,0.05079391598701477,0.0,0.0,0.057037243619561195,0.008558011566403432,0.005350736086256802,0.025757491580247805,0.01786588178947568,1.6229698956012726,0.8400035696104169
273,0.0019221885779840428,0.050880164839327335,0.050880164839327335,0.0,0.0,0.05625302530825138,0.008498975145971362,0.0052599727641791105,0.027032219589972258,0.018868439365178347,1.7875852584838867,0.921919141896069
274,0.0019219013173755392,0.051185437478125095,0.051185437478125095,0.0,0.0,0.05640866793692112,0.008510724356869816,0.0052622194634750485,0.02494466915235866,0.017257330007851124,1.5221547484397888,0.789281708188355
275,0.001921613035489016,0.05137150548398495,0.05137150548398495,0.0,0.0,0.058650968596339226,0.008678231079693836,0.005532048875465989,0.02938192930498971,0.02046775631606579,2.111854314804077,1.0852526417002082
276,0.0019213237326406096,0.05164457205682993,0.05164457205682993,0.0,0.0,0.057117337360978127,0.008564018406656434,0.005267199128866196,0.022213905370317397,0.015148847131058574,1.207127571105957,0.6321224542334676
277,0.0019210334091475758,0.05102489795535803,0.05102489795535803,0.0,0.0,0.05733607057482004,0.008580400793982349,0.005416816449724138,0.030287322198173317,0.0214075343683362,2.2440115213394165,1.1506737959571183
278,0.0019207420653282908,0.05145958159118891,0.05145958159118891,0.0,0.0,0.05631438735872507,0.00850360922648983,0.005495566409081221,0.02226688217155708,0.015286021633073688,1.2128920555114746,0.6346032214350998
279,0.0019204497015022474,0.05094976723194122,0.05094976723194122,0.0,0.0,0.057707177475094795,0.008608124190402845,0.005384265910834074,0.030291892010425276,0.021472217049449682,2.2446887493133545,1.1511979633942246
280,0.0019201563179900595,0.05162349622696638,0.05162349622696638,0.0,0.0,0.058342996053397655,0.008655416538925018,0.005576416850090027,0.02430809388312629,0.016800211276859045,1.4454568922519684,0.751899944152683
281,0.001919861915113458,0.05280582793056965,0.05280582793056965,0.0,0.0,0.05688716098666191,0.008546744944031983,0.005180537351407111,0.023710647863845354,0.016092088539153337,1.3752769827842712,0.7160820718854666
282,0.0019195664931952912,0.05130825284868479,0.05130825284868479,0.0,0.0,0.057233791798353195,0.008572744093548385,0.005328140687197447,0.030446974621628334,0.02133634267374873,2.2677313685417175,1.1624825801700354
283,0.0019192700525595256,0.050785940140485764,0.050785940140485764,0.0,0.0,0.058026835322380066,0.00863193303670998,0.005287623149342835,0.02331191149975452,0.01590066822245717,1.3294104635715485,0.6937186494469643
284,0.001918972593531245,0.05140718165785074,0.05140718165785074,0.0,0.0,0.058445848524570465,0.00866304258479202,0.005443256930448115,0.026186425819958333,0.01824663858860731,1.677473932504654,0.8679598905146122
285,0.0019186741164366492,0.05182729288935661,0.05182729288935661,0.0,0.0,0.0590584147721529,0.008708322437804512,0.005352365900762379,0.031766026089143126,0.02230635704472661,2.468477249145508,1.2637678319588304
286,0.0019183746216030557,0.052214683033525944,0.052214683033525944,0.0,0.0,0.056256890296936035,0.00849926696344705,0.005337995593436062,0.021306563268838064,0.014366911258548498,1.110529601573944,0.5833932459354401
287,0.0019180741093588966,0.05236154329031706,0.05236154329031706,0.0,0.0,0.05930726509541273,0.008726650180239827,0.005516788107343018,0.031792990591641854,0.022402071859687567,2.472669541835785,1.2659884034655988
288,0.0019177725800337208,0.05223540868610144,0.05223540868610144,0.0,0.0,0.05669843778014183,0.008532556352760155,0.0053636459633708,0.021640337982096955,0.01463925652205944,1.1455958187580109,0.6011471282690763
289,0.001917470033958192,0.05158382933586836,0.05158382933586836,0.0,0.0,0.058270007371902466,0.008650000905853009,0.00545410648919642,0.030719052444878662,0.02154737338423729,2.3084418773651123,1.1833559423685074
290,0.001917166471464089,0.05149847548455,0.05149847548455,0.0,0.0,0.05674652103334665,0.008536173608259864,0.005228683818131685,0.022897800968128296,0.01567150792106986,1.2825989723205566,0.6696727466769516
291,0.0019168618928843057,0.050647927448153496,0.050647927448153496,0.0,0.0,0.05652493052184582,0.00851949085643635,0.005300200078636408,0.02934813237489481,0.020644207950681448,2.1069986820220947,1.0817618062719703
292,0.0019165562985528496,0.05145972315222025,0.05145972315222025,0.0,0.0,0.05793846491724253,0.00862535761196507,0.005368512473069131,0.02533208133899175,0.017458702437579632,1.5698027908802032,0.8138706278987229
293,0.0019162496888048422,0.05093269608914852,0.05093269608914852,0.0,0.0,0.05651828367263079,0.008518989628920375,0.005361110903322697,0.026465132764966034,0.01835623662918806,1.7133713364601135,0.8849448100663722
294,0.001915942063976519,0.05213152710348368,0.05213152710348368,0.0,0.0,0.05694274976849556,0.008550919616189326,0.0055278604850173,0.02561291035468997,0.01771790673956275,1.604801058769226,0.8308719042688608
295,0.0019156334244052281,0.051498837769031525,0.051498837769031525,0.0,0.0,0.05727924033999443,0.008576147467684477,0.005241432576440275,0.02679586108017867,0.018573631066828966,1.756462037563324,0.9068706389516592
296,0.0019153237704294306,0.05072931386530399,0.05072931386530399,0.0,0.0,0.05667816288769245,0.00853103057770248,0.005329836858436465,0.026367643637155533,0.01822177181020379,1.7007715702056885,0.8787248665466905
297,0.0019150131023887,0.05058362893760204,0.05058362893760204,0.0,0.0,0.057162245735526085,0.00856738458869513,0.0052308503072708845,0.027192367287246236,0.018680139910429716,1.808828353881836,0.932995299808681
298,0.0019147014206237223,0.051256366074085236,0.051256366074085236,0.0,0.0,0.056931352242827415,0.008550063995770399,0.005320442607626319,0.026731802945013993,0.018543417565524578,1.7480741441249847,0.9025027481839061
299,0.0019143887254762946,0.05045440513640642,0.05045440513640642,0.0,0.0,0.056860641576349735,0.00854475242582973,0.005315044312737882,0.02671609960073574,0.018502282444387674,1.7460209727287292,0.9014408071525395
300,0.0019140750172893255,0.05069163255393505,0.05069163255393505,0.0,0.0,0.05653186608105898,0.008520013190603293,0.005146361072547734,0.026310739150518864,0.018030257429927588,1.693438470363617,0.874985168222338
301,0.001913760296406834,0.050509290769696236,0.050509290769696236,0.0,0.0,0.05615793541073799,0.00849178858728582,0.005259857163764536,0.027047246043961252,0.01868341164663434,1.7895731031894684,0.9228655193001032
302,0.0019134445631739507,0.050534372217953205,0.050534372217953205,0.0,0.0,0.05636814422905445,0.008507667161138094,0.005327165592461824,0.027539990467389013,0.019062078557908535,1.8553715944290161,0.9558698693290353
303,0.0019131278179369156,0.050308761186897755,0.050308761186897755,0.0,0.0,0.05631252937018871,0.008503469222600486,0.005235590855590999,0.02694691942050912,0.018572136759757996,1.776321530342102,0.9163170298561454
304,0.0019128100610430788,0.05018217768520117,0.05018217768520117,0.0,0.0,0.056373498402535915,0.008508071030890263,0.005350839695893228,0.027119343140951418,0.018795340321958065,1.7991263270378113,0.9277499127201736
305,0.0019124912928408996,0.0498319948092103,0.0498319948092103,0.0,0.0,0.056158002465963364,0.008491793621117962,0.005238726153038442,0.024281885450380843,0.016630074474960566,1.4423416554927826,0.749249828979373
306,0.0019121715136799463,0.050014298409223557,0.050014298409223557,0.0,0.0,0.056563098914921284,0.008522366553100898,0.0052646343829110265,0.02785701451275864,0.01941663585603237,1.898333340883255,0.9774482198990881
307,0.001911850723910896,0.05009616818279028,0.05009616818279028,0.0,0.0,0.056234465911984444,0.008497572955419311,0.005278092576190829,0.02467385794817755,0.01671634940430522,1.4892837703227997,0.7727591181173921
308,0.0019115289238855345,0.050412884913384914,0.050412884913384914,0.0,0.0,0.057730684988200665,0.00860987757430553,0.005320102674886584,0.026870688818016075,0.018496093805879354,1.7662855982780457,0.9120081416331232
309,0.0019112061139567541,0.049965888261795044,0.049965888261795044,0.0,0.0,0.0574304573237896,0.008587460665837718,0.005291054840199649,0.026995751438742905,0.018683922942727804,1.78276526927948,0.9200978633016348
310,0.0019108822944785566,0.050493850372731686,0.050493850372731686,0.0,0.0,0.05656280368566513,0.008522344355611134,0.0052523198537528515,0.02655174865239856,0.018217063508927822,1.72460475564003,0.8905837796628475
311,0.0019105574658060485,0.050399959087371826,0.050399959087371826,0.0,0.0,0.056332334876060486,0.008504964118301527,0.005208063521422446,0.02458444330092894,0.01666131103411317,1.4785093665122986,0.7674208506941795
312,0.001910231628295445,0.05027525220066309,0.05027525220066309,0.0,0.0,0.05701097380369902,0.008556040805721673,0.005345047917217016,0.030875925902586202,0.0215892787091434,2.332079231739044,1.1945451027713716
313,0.0019099047823040668,0.050406912341713905,0.050406912341713905,0.0,0.0,0.057506607845425606,0.008593151951565712,0.0056177289225161076,0.024778083237037923,0.016850555315613747,1.5018921494483948,0.7796993786469102
314,0.0019095769281903404,0.0509827621281147,0.0509827621281147,0.0,0.0,0.056920863687992096,0.008549276374888427,0.005420765257440507,0.02986180836926181,0.020724053028970957,2.1814011335372925,1.1191609986126423
315,0.0019092480663137983,0.05074181500822306,0.05074181500822306,0.0,0.0,0.05732123088091612,0.00857929061807266,0.0054253003327175975,0.027389402575199825,0.01867103762924671,1.8351368606090546,0.9462290457449853
316,0.0019089181970350778,0.0508258193731308,0.0508258193731308,0.0,0.0,0.05738725792616606,0.008584230026535907,0.005325125879608095,0.02756072707269701,0.019011135678738356,1.858166664838791,0.9577769613824785
317,0.0019085873207159213,0.05037077981978655,0.05037077981978655,0.0,0.0,0.05742095969617367,0.00858675030063064,0.005322368117049336,0.028720760459301147,0.01979857636615634,2.017879396677017,1.0376501781865954
318,0.0019082554377191745,0.050421545282006264,0.050421545282006264,0.0,0.0,0.057070414535701275,0.008560499824517127,0.005386793403886259,0.025238658373842038,0.017201733775436878,1.5582454204559326,0.807657917495817
319,0.0019079225484087885,0.050789155066013336,0.050789155066013336,0.0,0.0,0.05731501616537571,0.008578825431482263,0.005466468748636544,0.028422275381567212,0.01976120611652732,1.9761550426483154,1.0167350294068456
320,0.001907588653149817,0.051714587956666946,0.051714587956666946,0.0,0.0,0.058772655203938484,0.008687228789627865,0.0053807912627235055,0.02973820379171765,0.020562714897096157,2.1633800268173218,1.1110763410106301
321,0.001907253752308417,0.051150791347026825,0.051150791347026825,0.0,0.0,0.05755500867962837,0.008596767302577123,0.005255764001049101,0.023440220856190255,0.01568974880501628,1.3440850377082825,0.7008200231939554
322,0.0019069178462518483,0.050601525232195854,0.050601525232195854,0.0,0.0,0.05768577475100756,0.008606527695098672,0.005398348905146122,0.029843424110995612,0.02079229848459363,2.1787161231040955,1.1182009489275515
323,0.001906580935348473,0.05042685195803642,0.05042685195803642,0.0,0.0,0.05699519533663988,0.008554856770583461,0.0053445769008249044,0.026641536549176018,0.018301806412637234,1.7362883985042572,0.8966417969204485
324,0.0019062430199677557,0.05040336959064007,0.05040336959064007,0.0,0.0,0.056900800205767155,0.00854776933178032,0.005331541527993977,0.02704221833302124,0.018772325944155455,1.7889078557491302,0.9229043279774487
325,0.0019059041004802616,0.05038313381373882,0.05038313381373882,0.0,0.0,0.05631949473172426,0.008503995000681828,0.005329687846824527,0.02637158104487362,0.01803265605121851,1.7012795805931091,0.8787995376624167
326,0.0019055641772576573,0.050141531974077225,0.050141531974077225,0.0,0.0,0.0578883895650506,0.008621629245095096,0.005352323409169912,0.027235503920274257,0.018603010568767786,1.8145718574523926,0.9362301235087216
327,0.001905223250672711,0.050439477898180485,0.050439477898180485,0.0,0.0,0.0565914586186409,0.008524503004354604,0.0052348957397043705,0.027993249758315252,0.019228829536587,1.9169464707374573,0.9867689646780491
328,0.0019048813210992901,0.04955026600509882,0.04955026600509882,0.0,0.0,0.057218764908611774,0.008571618813961263,0.005388936493545771,0.026555326686169778,0.0178577802143991,1.7250695824623108,0.8911441736854613
329,0.0019045383889123625,0.0501788342371583,0.0501788342371583,0.0,0.0,0.0577655378729105,0.008612475669914377,0.005345373065210879,0.030871938186392094,0.02141236886382103,2.331476926803589,1.1946212323382497
330,0.001904194454487995,0.049795301631093025,0.049795301631093025,0.0,0.0,0.05663612578064203,0.008527866120499645,0.005269347340799868,0.024479486899509073,0.016449741553515196,1.4659121632575989,0.7612741445191205
331,0.001903849518203354,0.05002174712717533,0.05002174712717533,0.0,0.0,0.05703765619546175,0.008558042492101296,0.005300327087752521,0.029813670507889974,0.020717657636851072,2.174373984336853,1.1157058202661574
332,0.0019035035804367043,0.050098199397325516,0.050098199397325516,0.0,0.0,0.05629139952361584,0.008501873293446144,0.005255829426459968,0.025517212032151192,0.016934326849877834,1.5928312838077545,0.8245613416656852
333,0.0019031566415674095,0.04918994754552841,0.04918994754552841,0.0,0.0,0.05675760004669428,0.008537006969978809,0.0052974040154367685,0.028557377890637732,0.019568874035030603,1.9949866235256195,1.025872111786157
334,0.0019028087019759303,0.048893493600189686,0.048893493600189686,0.0,0.0,0.05710936710238457,0.00856342080106872,0.005257099983282387,0.02800780789497968,0.019097014795988798,1.9189408123493195,0.988025089725852
335,0.001902459762043825,0.049870286136865616,0.049870286136865616,0.0,0.0,0.05655384436249733,0.008521669438943811,0.005266356514766812,0.026885258884526118,0.01816149102523923,1.7682015895843506,0.912377716973424
336,0.0019021098221537497,0.049632701091468334,0.049632701091468334,0.0,0.0,0.057458377443253994,0.008589547679038464,0.005634403205476701,0.028458787777397503,0.019464459270238876,1.9812355935573578,1.019346985500306
337,0.0019017588826894555,0.04939282778650522,0.04939282778650522,0.0,0.0,0.05733488220721483,0.008580311862238071,0.005391493672505021,0.028738662331296908,0.019869841169565916,2.0203957855701447,1.0388653338886797
338,0.0019014069440357914,0.04902806971222162,0.04902806971222162,0.0,0.0,0.05734071973711252,0.008580748774296144,0.005393366329371929,0.027884628659911474,0.019006581511348486,1.9020988047122955,0.979719762224704
339,0.0019010540065787004,0.04902710020542145,0.04902710020542145,0.0,0.0,0.05738055892288685,0.00858372908278102,0.00530122930649668,0.028955654525326845,0.019786611199378967,2.051021009683609,1.054200784303248
340,0.0019007000707052225,0.049592637456953526,0.049592637456953526,0.0,0.0,0.05686667561531067,0.008545205843839115,0.005236940807662904,0.0288140988242319,0.019481020513921976,2.0310163497924805,1.0439415127038956
341,0.0019003451368034912,0.04933737684041262,0.04933737684041262,0.0,0.0,0.05795653536915779,0.008626702554459346,0.005524889682419598,0.030337877965098205,0.020695961080491543,2.2515092492103577,1.1547328922897577
342,0.0018999892052627356,0.0493738129734993,0.0493738129734993,0.0,0.0,0.056507671251893044,0.008518189845737822,0.0053172612097114325,0.026899873262544678,0.017896294128149748,1.7701244950294495,0.9133160831406713
343,0.0018996322764732775,0.049030352383852005,0.049030352383852005,0.0,0.0,0.056995803490281105,0.008554902272537215,0.005386453354731202,0.030356615435586994,0.020789877977222204,2.254291355609894,1.1556435795500875
344,0.0018992743508265337,0.04891130328178406,0.04891130328178406,0.0,0.0,0.056518323719501495,0.008518992831745724,0.005286523373797536,0.028955323839833676,0.019625804387032986,2.050974190235138,1.0537462569773197
345,0.001898915428715013,0.04896634537726641,0.04896634537726641,0.0,0.0,0.057594059035182,0.008599683363620785,0.005442266934551299,0.029440533811218878,0.019791139289736748,2.1202871799468994,1.0889406194910407
346,0.0018985555105323184,0.048998355865478516,0.048998355865478516,0.0,0.0,0.057680931873619556,0.00860616649041367,0.005321617121808231,0.029146291753719984,0.019946453627198935,2.078116774559021,1.0678988532163203
347,0.0018981945966731438,0.04914216883480549,0.04914216883480549,0.0,0.0,0.05644614528864622,0.008513551309545045,0.0052665595430880785,0.027119942234882687,0.018488873727619648,1.799205869436264,0.9278260073624551
348,0.0018978326875332754,0.048814043402671814,0.048814043402671814,0.0,0.0,0.05641231779009104,0.008510999635490573,0.005275105009786785,0.028632651126271513,0.0194979440420866,2.0055175125598907,1.030964915174991
349,0.0018974697835095907,0.048390304669737816,0.048390304669737816,0.0,0.0,0.05762413144111633,0.008601928124647088,0.005229717469774187,0.030585262580711012,0.020964281167834997,2.2883779406547546,1.1730010360479355
350,0.0018971058850000592,0.0496777119114995,0.0496777119114995,0.0,0.0,0.05647742748260498,0.008515909768561808,0.005217988975346088,0.02713171725766697,0.018105699215084314,1.8007685542106628,0.9286229908466339
351,0.0018967409924037398,0.04927307181060314,0.04927307181060314,0.0,0.0,0.05794468708336353,0.008625820499973631,0.005424879374913871,0.029889480765820237,0.020191109273582697,2.18544602394104,1.1216953555122018
352,0.0018963751061207821,0.049841808155179024,0.049841808155179024,0.0,0.0,0.059740747325122356,0.008758483863245571,0.005390641861595213,0.030460513167680062,0.020829530898481607,2.2697486877441406,1.1647447175346315
353,0.0018960082265524248,0.05063337553292513,0.05063337553292513,0.0,0.0,0.056876663118600845,0.00854595648513643,0.005402035545557737,0.0272245726309759,0.018350997008383274,1.8131155669689178,0.9349961150437593
354,0.001895640354100997,0.0496438704431057,0.0496438704431057,0.0,0.0,0.05785293038934469,0.008618988323238342,0.0055355585645884275,0.029045454182991853,0.01983408909291029,2.0637621879577637,1.0608075591735542
355,0.0018952714891699158,0.05056660156697035,0.05056660156697035,0.0,0.0,0.05720398388803005,0.00857051174524646,0.005404549301601946,0.027264005904898247,0.01793445274233818,1.8183717131614685,0.9377878485247493
356,0.0018949016321636867,0.04947416950017214,0.04947416950017214,0.0,0.0,0.06013301573693752,0.008787191687761133,0.005465418333187699,0.03215554705044131,0.022230579517781734,2.5293861627578735,1.2947595892474055
357,0.001894530783487903,0.05114161875098944,0.05114161875098944,0.0,0.0,0.05658822041004896,0.008524258996680285,0.005233498988673091,0.027716530848655115,0.018856543581932783,1.879234939813614,0.9679115801118314
358,0.0018941589435492463,0.049523466266691685,0.049523466266691685,0.0,0.0,0.05698232166469097,0.00855389032847157,0.005318272509612143,0.02727677079975922,0.018284980673342943,1.820074886083603,0.9385286038741469
359,0.0018937861127554842,0.04905322007834911,0.04905322007834911,0.0,0.0,0.0572033291682601,0.008570462611978052,0.00535931286867708,0.031274133821701446,0.02154766581952572,2.392621159553528,1.224912244360894
360,0.0018934122915154714,0.04900047369301319,0.04900047369301319,0.0,0.0,0.05620277114212513,0.008495177823022268,0.005271493457257748,0.02740136583997063,0.018355464562773705,1.8367403447628021,0.9464715579524636
361,0.001893037480239149,0.04834427032619715,0.04834427032619715,0.0,0.0,0.05730016902089119,0.008577714097410734,0.005440208944492042,0.02944087560498639,0.020105542615056038,2.1203364729881287,1.08881832100451
362,0.0018926616793375436,0.04891109652817249,0.04891109652817249,0.0,0.0,0.057544877752661705,0.008596010623681486,0.005344995064660907,0.031121926102718144,0.021268288139253855,2.369388461112976,1.213466669432819
363,0.0018922848892227665,0.048357184045016766,0.048357184045016766,0.0,0.0,0.057019867934286594,0.008556708228263906,0.00528658670373261,0.02764455574439032,0.01815294288098812,1.869487464427948,0.9632536661811173
364,0.0018919071103080144,0.048230831511318684,0.048230831511318684,0.0,0.0,0.0578208127990365,0.008616595591552484,0.005540027865208685,0.032633886320668576,0.02238840702921152,2.605199158191681,1.3315099854953587
365,0.0018915283430075685,0.048793558962643147,0.048793558962643147,0.0,0.0,0.05641207192093134,0.00851098125536317,0.005271372036077082,0.02673327106288717,0.01764306565746665,1.7482661008834839,0.9023390864022076
366,0.0018911485877367935,0.048319725319743156,0.048319725319743156,0.0,0.0,0.056691985577344894,0.008532070816413476,0.005312588764354587,0.030494904917020553,0.0207891003228724,2.2748769521713257,1.1657844688743353
367,0.0018907678449121374,0.04856410529464483,0.04856410529464483,0.0,0.0,0.057352363131940365,0.0085816198821372,0.005431084777228534,0.03205907668029084,0.021644390653818846,2.514232039451599,1.2857922012917697
368,0.0018903861149511315,0.0488153463229537,0.0488153463229537,0.0,0.0,0.05763599835336208,0.008602813791767671,0.005570183857344091,0.028316056100205465,0.0186743326485157,1.9614121615886688,1.0095240799710155
369,0.0018900033982723898,0.04865906573832035,0.04865906573832035,0.0,0.0,0.05721855256706476,0.008571603110353569,0.005433989339508116,0.02916884536013074,0.019695592112839222,2.081334114074707,1.069276333320886
370,0.0018896196952956073,0.04843499697744846,0.04843499697744846,0.0,0.0,0.056571219116449356,0.008522978348656262,0.005277648917399347,0.030103026956160767,0.02036019926890731,2.2167853713035583,1.1366782952100039
371,0.0018892350064415619,0.048028518445789814,0.048028518445789814,0.0,0.0,0.05690762400627136,0.008548282064792896,0.005351894302293658,0.02937837876525497,0.01955251907929778,2.1113439202308655,1.0841257721185684
372,0.0018888493321321121,0.048506991006433964,0.048506991006433964,0.0,0.0,0.05827142298221588,0.008650105943956526,0.005577055504545569,0.03001494132361827,0.01991151412948966,2.203831195831299,1.1310513094067574
373,0.0018884626727901973,0.04855032917112112,0.04855032917112112,0.0,0.0,0.05698775593191385,0.008554298395125708,0.005303000332787633,0.028991097142844327,0.019330044742673635,2.0560450553894043,1.056516405660659
374,0.0018880750288398362,0.04796460270881653,0.04796460270881653,0.0,0.0,0.05686857458204031,0.008545348356877765,0.005310854176059365,0.031131715170368987,0.020980624482035637,2.370879292488098,1.2138739335350692
375,0.0018876864007061284,0.04844165500253439,0.04844165500253439,0.0,0.0,0.0564070800319314,0.008510604667735728,0.005296753719449043,0.029526123271314413,0.01974182203412056,2.13263338804245,1.0945202340371907
376,0.0018872967888152524,0.04884114395827055,0.04884114395827055,0.0,0.0,0.05638218205422163,0.00850872628962278,0.00523160002194345,0.03024013864486907,0.02069677971303463,2.237025260925293,1.1467037214897573
377,0.0018869061935944652,0.04853850416839123,0.04853850416839123,0.0,0.0,0.058358567766845226,0.008656571480316011,0.0054831907618790865,0.030365551651025034,0.02053889213129878,2.2556187510490417,1.1569886594079435
378,0.0018865146154721023,0.04943953454494476,0.04943953454494476,0.0,0.0,0.05648551415652037,0.008516519678528905,0.005248979199677706,0.028010576007836033,0.018621056340634823,1.91932013630867,0.9879028252325952
379,0.001886122054877577,0.04805454891175032,0.04805454891175032,0.0,0.0,0.0572393462061882,0.0085731604923084,0.005265642539598048,0.0328564404109056,0.022415765095502138,2.640853762626648,1.349046554416418
380,0.0018857285122413805,0.048049683682620525,0.048049683682620525,0.0,0.0,0.05762329790741205,0.008601865848572383,0.005321458680555224,0.02925548933424378,0.019156888592988253,2.0937173068523407,1.0756703023798764
381,0.0018853339879950804,0.04939504712820053,0.04939504712820053,0.0,0.0,0.05712396837770939,0.008564515406020285,0.005366328987292945,0.031611881364689745,0.021045898552984,2.444578766822815,1.2508513676002622
382,0.0018849384825713206,0.04935947060585022,0.04935947060585022,0.0,0.0,0.057528031058609486,0.00859475230710333,0.005488924216479063,0.029969683456104002,0.02030781749635935,2.1971901059150696,1.1273590684868395
383,0.0018845419964038219,0.049378407187759876,0.049378407187759876,0.0,0.0,0.05628420040011406,0.008501329945992698,0.00533544213976711,0.025619715007597386,0.016973054967820644,1.6056537628173828,0.8309689816087484
384,0.0018841445299273797,0.0488593140617013,0.0488593140617013,0.0,0.0,0.05765596777200699,0.008604304111805862,0.005327282473444939,0.031186922822084892,0.02137788850814104,2.379295587539673,1.21847577765584
385,0.0018837460835778646,0.04967433772981167,0.04967433772981167,0.0,0.0,0.05692700296640396,0.008549737105743789,0.0053088810527697206,0.02923838543610558,0.019489523954689503,2.091269999742508,1.074098501354456
386,0.0018833466577922217,0.04941190406680107,0.04941190406680107,0.0,0.0,0.05950290244072676,0.008741031788001112,0.0054894257336854935,0.03075531223925343,0.02084947330877185,2.3138948678970337,1.1866988851688802
387,0.0018829462530084707,0.04883443657308817,0.04883443657308817,0.0,0.0,0.05785135831683874,0.00861887108726494,0.005492088501341641,0.03089870405594571,0.02096450701355934,2.3355215191841125,1.1966864387504756
388,0.0018825448696657046,0.04837336391210556,0.04837336391210556,0.0,0.0,0.0577023783698678,0.0086077661168453,0.005390306236222386,0.028684611713341364,0.018663277849555016,2.0128031075000763,1.035252742934972
389,0.0018821425082040893,0.04837062396109104,0.04837062396109104,0.0,0.0,0.05857454612851143,0.008672575281496965,0.005359769915230572,0.03493569026209445,0.02397035202011466,2.9856712222099304,1.522122884169221
390,0.0018817391690648633,0.04942152835428715,0.04942152835428715,0.0,0.0,0.05835437402129173,0.0086562608002621,0.005454926285892725,0.027178541191456854,0.01798635581508279,1.8069895207881927,0.9326719474047422
391,0.001881334852690338,0.05071487743407488,0.05071487743407488,0.0,0.0,0.057271845638751984,0.008575593554140504,0.005323352641426027,0.029315110581187194,0.01987328939139843,2.102259933948517,1.0797658897936344
392,0.001880929559523895,0.04967124853283167,0.04967124853283167,0.0,0.0,0.05820221174508333,0.00864496736011152,0.005470284493640065,0.030716465170021863,0.020748669281601906,2.308053195476532,1.1831277036108077
393,0.0018805232900099885,0.049364734441041946,0.049364734441041946,0.0,0.0,0.05936003476381302,0.008730531630006921,0.005326670128852129,0.02864923539378871,0.018942941911518574,2.0078413784503937,1.0336007066071033
394,0.0018801160445941427,0.048881190828979015,0.048881190828979015,0.0,0.0,0.05821351520717144,0.008645806750896323,0.005399823538027704,0.031685048862261256,0.021017841529101133,2.4559081196784973,1.2570608174428344
395,0.0018797078237229525,0.04890682082623243,0.04890682082623243,0.0,0.0,0.05700902082026005,0.008555894218770291,0.005341193405911326,0.030730748954559586,0.020702579990029335,2.310200273990631,1.1836046474054456
396,0.0018792986278440814,0.047733613289892673,0.047733613289892673,0.0,0.0,0.05730256997048855,0.008577893816313995,0.0053009451366961,0.029717496284477243,0.0199300991371274,2.1603681445121765,1.1088353572413325
397,0.0018788884574062635,0.04905701335519552,0.04905701335519552,0.0,0.0,0.05821122322231531,0.008645636438689758,0.005312706809490919,0.02938023667948962,0.019020944368094206,2.1116109490394592,1.0849110861308873
398,0.0018784773128593009,0.048640258610248566,0.048640258610248566,0.0,0.0,0.057925695553421974,0.008624407084768217,0.005381192313507199,0.030886535230304026,0.020602505654096603,2.3336821794509888,1.1958039375022054
399,0.0018780651946540634,0.04860734101384878,0.04860734101384878,0.0,0.0,0.056416516192257404,0.008511316579583419,0.005262513994239271,0.029695180515860602,0.01962176524102688,2.157124876976013,1.1067706965841353
400,0.00187765210324249,0.04823304992169142,0.04823304992169142,0.0,0.0,0.0589613551273942,0.008701163912993191,0.0053960231598466635,0.03217411288603926,0.021588456351310015,2.532307803630829,1.2956345793791115
401,0.0018772380390775858,0.04914279095828533,0.04914279095828533,0.0,0.0,0.05693447403609753,0.008550298331954581,0.005446503753773868,0.028902891818188333,0.019523513969033957,2.0435530841350555,1.0502437790855765
402,0.0018768230026134226,0.04925426095724106,0.04925426095724106,0.0,0.0,0.05759022478014231,0.008599396963231276,0.005375945125706494,0.030548529426552024,0.020602363627403975,2.2828845381736755,1.170237381476909
403,0.001876406994305139,0.04886685311794281,0.04886685311794281,0.0,0.0,0.05636480823159218,0.00850741518715781,0.005307363229803741,0.03089437260991264,0.02074151486158371,2.334866762161255,1.1956157851964235
404,0.0018759900146089392,0.048671855591237545,0.048671855591237545,0.0,0.0,0.05662640184164047,0.008527134045263961,0.005375664564780891,0.029426688198259436,0.01927438285201788,2.118293344974518,1.0874598734080791
405,0.0018755720639820922,0.04889630898833275,0.04889630898833275,0.0,0.0,0.05799513403326273,0.008629574563581013,0.005266962107270956,0.03604615135493765,0.02477301564067602,3.1784921288490295,1.6182436314411461
406,0.001875153142882933,0.04919684957712889,0.04919684957712889,0.0,0.0,0.05600321013480425,0.008480082639309185,0.005228454130701721,0.02612028848265158,0.0173661382868886,1.6690112948417664,0.8625072524882853
407,0.0018747332517708587,0.048380312509834766,0.048380312509834766,0.0,0.0,0.05862707458436489,0.008676462997115567,0.005424497998319566,0.03368458903490246,0.022903919219970703,2.77565735578537,1.4171422151848674
408,0.0018743123911063322,0.04758900497108698,0.04758900497108698,0.0,0.0,0.05883719399571419,0.008691997412537246,0.005499647930264473,0.026021363712174336,0.016917279921472073,1.6563931703567505,0.8576151821762323
409,0.0018738905613508788,0.048804751597344875,0.048804751597344875,0.0,0.0,0.0579492524266243,0.008626160321986426,0.00542078260332346,0.031029654087005393,0.021120158024132252,2.3553595542907715,1.206654403358698
410,0.0018734677629670862,0.048316970467567444,0.048316970467567444,0.0,0.0,0.05826318450272083,0.008649494623229717,0.005394098465330899,0.029551226697405276,0.019506420008838177,2.136261224746704,1.0972622046247125
411,0.0018730439964186048,0.04823587276041508,0.04823587276041508,0.0,0.0,0.056135011836886406,0.008490055165052825,0.0053208700846880674,0.029546756078266057,0.020419111009687185,2.1356148719787598,1.095874941907823
412,0.0018726192621701465,0.04833554197102785,0.04833554197102785,0.0,0.0,0.056813412345945835,0.008541203226126145,0.005294857663102448,0.028174408835602925,0.01915326388552785,1.941837877035141,0.9993256446905434
413,0.0018721935606874848,0.048643188551068306,0.048643188551068306,0.0,0.0,0.0578253623098135,0.008616934616342744,0.005382054136134684,0.029583618973659968,0.019813019782304764,2.140947103500366,1.0993862329050899
414,0.0018717668924374535,0.04774889722466469,0.04774889722466469,0.0,0.0,0.05723540671169758,0.008572865249108231,0.005326252547092736,0.03286364904613554,0.02221699431538582,2.6420127153396606,1.3496240610256791
415,0.0018713392578879463,0.04824671149253845,0.04824671149253845,0.0,0.0,0.058404832147061825,0.008660001983242356,0.005338272312656045,0.029521017162374978,0.019415415357798338,2.1318957209587097,1.0951502765528858
416,0.0018709106575079174,0.04803440719842911,0.04803440719842911,0.0,0.0,0.05613185279071331,0.008489816487842894,0.005300419754348695,0.028492574753109127,0.019020435865968466,1.9859427511692047,1.021037301979959
417,0.0018704810917673793,0.04788148030638695,0.04788148030638695,0.0,0.0,0.0567339276894927,0.008535226042559534,0.005300202872604132,0.030763215215932022,0.02072826074436307,2.315084218978882,1.1859090733341873
418,0.0018700505611374035,0.04733408708125353,0.04733408708125353,0.0,0.0,0.05682680755853653,0.008542209752565163,0.00521132443100214,0.03081546451752202,0.020635133143514395,2.322954773902893,1.1898907907307148
419,0.0018696190660901196,0.04725106619298458,0.04725106619298458,0.0,0.0,0.057369623333215714,0.00858291117205431,0.005265578045509756,0.029953473204517536,0.019786888733506203,2.1948139667510986,1.1260917950421572
420,0.0018691866070987154,0.047529236413538456,0.047529236413538456,0.0,0.0,0.058030419051647186,0.008632199287346647,0.005409563542343676,0.03064960127159983,0.020484962966293097,2.2980157136917114,1.1780230663716793
421,0.0018687531846374346,0.0474238358438015,0.0474238358438015,0.0,0.0,0.056753603741526604,0.008536706214833713,0.005175838712602854,0.030789173595824657,0.020193828269839287,2.318992793560028,1.1878731986507773
422,0.001868318799181578,0.04733714461326599,0.04733714461326599,0.0,0.0,0.05728551372885704,0.0085766170412669,0.005286404048092663,0.03158281101214913,0.020801307633519173,2.4400846362113953,1.2486850749701262
423,0.001867883451207503,0.047803121618926525,0.047803121618926525,0.0,0.0,0.0567516703158617,0.008536560893992037,0.005415547057054937,0.03001805784247773,0.019804828334599733,2.204288959503174,1.1305203149095178
424,0.0018674471411926218,0.04775911010801792,0.04775911010801792,0.0,0.0,0.056528590619564056,0.008519766385562054,0.005271486239507794,0.030916780869867204,0.02075015241280198,2.3382548689842224,1.1973917298018932
425,0.001867009869615402,0.04687069542706013,0.04687069542706013,0.0,0.0,0.057486251927912235,0.008591630797815933,0.005253259325399995,0.031036404147365963,0.020379581954330206,2.3563843965530396,1.206935324240476
426,0.001866571636955365,0.047495605424046516,0.047495605424046516,0.0,0.0,0.05752604268491268,0.008594603734863837,0.005389023222960532,0.030692502803149804,0.02032888075336814,2.304453432559967,1.1809897376224399
427,0.001866132443693087,0.04713099543005228,0.04713099543005228,0.0,0.0,0.0575539106503129,0.008596685416883696,0.005295266630128026,0.0324350884166211,0.021198082715272903,2.5735552310943604,1.3155545708723366
428,0.0018656922903101975,0.047801973298192024,0.047801973298192024,0.0,0.0,0.057649483904242516,0.00860382008737749,0.005267715314403176,0.033401666138007685,0.021912527736276388,2.729226589202881,1.3934380365535617
429,0.0018652511772893781,0.047169494442641735,0.047169494442641735,0.0,0.0,0.056660642847418785,0.008529711921088054,0.005217664293013513,0.030288788293271175,0.019680236000567675,2.2442288398742676,1.1504447413608432
430,0.0018648091051143639,0.047095573507249355,0.047095573507249355,0.0,0.0,0.056683193892240524,0.008531409248656174,0.005272015114314854,0.03215558755342484,0.020969653967767954,2.529392421245575,1.2930378075689077
431,0.0018643660742699406,0.04691859148442745,0.04691859148442745,0.0,0.0,0.0580821605399251,0.00863604683541155,0.005344783188775182,0.03184818509619437,0.02054393384605646,2.481262445449829,1.269672302994877
432,0.0018639220852419462,0.047296252101659775,0.047296252101659775,0.0,0.0,0.05683967191725969,0.008543176557908245,0.0052787401946261525,0.03234507343215313,0.02140697417780757,2.559290647506714,1.3080651597119868
433,0.001863477138517269,0.048194979317486286,0.048194979317486286,0.0,0.0,0.05734905228018761,0.008581372093334901,0.005356290261261165,0.03295873624213734,0.021976841147989035,2.6573233604431152,1.3573362063616514
434,0.0018630312345838476,0.04739391431212425,0.04739391431212425,0.0,0.0,0.0564047833904624,0.00851043132923782,0.005223065847530961,0.02961766087020548,0.019405892584472895,2.145877182483673,1.1011409829370677
435,0.0018625843739306705,0.047145421616733074,0.047145421616733074,0.0,0.0,0.056865524500608444,0.008545119419539232,0.005339684779755771,0.03204845661942075,0.02117236563935876,2.5125665068626404,1.2847160156816244
436,0.0018621365570477752,0.047568934969604015,0.047568934969604015,0.0,0.0,0.05930975545197725,0.008726833189288796,0.005296391318552196,0.033777837011801586,0.021762229967862368,2.791045904159546,1.4251778298057616
437,0.001861687784426248,0.0482416870072484,0.0482416870072484,0.0,0.0,0.05691830813884735,0.008549084458428365,0.005347377271391451,0.030789250161937367,0.02057249192148447,2.3190042972564697,1.1879613026976585
438,0.0018612380565582228,0.04742777720093727,0.04742777720093727,0.0,0.0,0.057257432490587234,0.008574514682802944,0.005334935267455876,0.030908912685198388,0.02039346843957901,2.337065041065216,1.1971612367779016
439,0.0018607873739368813,0.04693087935447693,0.04693087935447693,0.0,0.0,0.056929418817162514,0.0085499189019676,0.0052721514366567135,0.03157804553189676,0.020715087186545134,2.439348340034485,1.2481388794258237
440,0.0018603357370564524,0.04639125615358353,0.04639125615358353,0.0,0.0,0.05869580805301666,0.008681547738978026,0.005345493089407682,0.036656655290873086,0.024355501867830753,3.2870705127716064,1.6728831604123116
441,0.0018598831464122112,0.04682278446853161,0.04682278446853161,0.0,0.0,0.056666470132768154,0.008530150358650136,0.005272529553622007,0.02886519413127413,0.018408241216093302,2.038225829601288,1.047446149867028
442,0.0018594296025004793,0.046842134557664394,0.046842134557664394,0.0,0.0,0.05659511033445597,0.008524777731352578,0.005226764129474759,0.031648148419301296,0.021020820830017328,2.450191080570221,1.2533930954523385
443,0.0018589751058186224,0.04749722685664892,0.04749722685664892,0.0,0.0,0.05706244334578514,0.008559902079531834,0.00534386676736176,0.03193439452015998,0.02091386029496789,2.494713604450226,1.2758880238980055
444,0.0018585196568650523,0.046749912202358246,0.046749912202358246,0.0,0.0,0.05690872576087713,0.008548364626935203,0.005313263041898608,0.03100401110659614,0.020147765055298805,2.351468086242676,1.2041884060017765
445,0.0018580632561392247,0.046890368685126305,0.046890368685126305,0.0,0.0,0.05894767679274082,0.008700154450359196,0.005363119533285499,0.034002457236032076,0.022704868111759424,2.8282899260520935,1.4436188014224172
446,0.0018576059041416387,0.0479159215465188,0.0479159215465188,0.0,0.0,0.057333577424287796,0.008580214237652966,0.005320332362316549,0.030292123557412523,0.01956789754331112,2.244723081588745,1.1510283295065165
447,0.0018571476013738372,0.047225287184119225,0.047225287184119225,0.0,0.0,0.05834752507507801,0.008655752677231409,0.005345436162315309,0.03174637315372408,0.02046851860359311,2.4654237627983093,1.2618856439366937
448,0.001856688348338405,0.04750103875994682,0.04750103875994682,0.0,0.0,0.06013720016926527,0.008787497324788613,0.0054010109743103385,0.034669638059614975,0.02261366555467248,2.940369725227356,1.5002534626983106
449,0.0018562281455389695,0.0488809896633029,0.0488809896633029,0.0,0.0,0.05901508033275604,0.00870512704071084,0.0056102246744558215,0.029856178937313946,0.01937509048730135,2.180578887462616,1.119796983897686
450,0.0018557669934801998,0.04930631164461374,0.04930631164461374,0.0,0.0,0.05856294929981232,0.008671716771549607,0.005379189038649201,0.03605708155311535,0.024259544909000397,3.1804199814796448,1.6194914653897285
451,0.0018553048926678052,0.04813378397375345,0.04813378397375345,0.0,0.0,0.0584582444280386,0.008663961370018904,0.005348678329028189,0.02853725638419277,0.01817463058978319,1.9921762943267822,1.0253172693774104
452,0.0018548418436085362,0.04820044990628958,0.04820044990628958,0.0,0.0,0.05923435650765896,0.008721284516724478,0.005476296995766461,0.03573192454953999,0.02425321936607361,3.123317778110504,1.5912760673090816
453,0.0018543778468101827,0.04807804152369499,0.04807804152369499,0.0,0.0,0.05849544517695904,0.008666717246221244,0.005252212169580162,0.03090198102615994,0.019687600899487734,2.336016893386841,1.1972561692819
454,0.0018539129027815742,0.048005660995841026,0.048005660995841026,0.0,0.0,0.05863078124821186,0.008676737419939254,0.005292333196848631,0.034588268416878634,0.023268867749720812,2.9265838861465454,1.4926073336973786
455,0.0018534470120325787,0.04880107752978802,0.04880107752978802,0.0,0.0,0.05724865198135376,0.008573857132603196,0.005339201889000833,0.02870847440472723,0.0190439997240901,2.016153395175934,1.0367010235786438
456,0.0018529801750741027,0.048379698768258095,0.048379698768258095,0.0,0.0,0.05921410769224167,0.008719793538217807,0.005396378459408879,0.029641578033397585,0.019211614038795233,2.1493441462516785,1.10427912697196
457,0.00185251239241809,0.047610025852918625,0.047610025852918625,0.0,0.0,0.05948085989803076,0.008739412325022693,0.005446351249702275,0.036915217471724104,0.025023078545928,3.3336055278778076,1.6965431938879192
458,0.0018520436645775215,0.048599506728351116,0.048599506728351116,0.0,0.0,0.0570811303332448,0.0085613035164276,0.005409789620898664,0.02973662662630326,0.019386601634323597,2.163150370121002,1.1101157502271235
459,0.0018515739920664151,0.04781418014317751,0.04781418014317751,0.0,0.0,0.05859887693077326,0.008674376554727508,0.005370583850890398,0.03007393616607858,0.01951015740633011,2.212503135204315,1.1355510060675442
460,0.0018511033753998243,0.047520922496914864,0.047520922496914864,0.0,0.0,0.057022275403141975,0.008556888707214,0.005371962324716151,0.03272340256911288,0.021925639361143112,2.6195112466812134,1.3382667610421777
461,0.0018506318150938378,0.04688215348869562,0.04688215348869562,0.0,0.0,0.058013685047626495,0.008630955098341716,0.005239875870756805,0.0320046753303233,0.020573928486555815,2.5057064294815063,1.2818600572645664
462,0.001850159311665579,0.04673568066209555,0.04673568066209555,0.0,0.0,0.057669149711728096,0.008605287404082472,0.005363053176552057,0.03206978488347552,0.02088884264230728,2.5159119367599487,1.2867905432358384
463,0.0018496858656332068,0.046553690917789936,0.046553690917789936,0.0,0.0,0.05722746346145868,0.008572270382213913,0.005470970761962235,0.031127999109302973,0.020381482783704996,2.3703131675720215,1.21377031551674
464,0.001849211477515912,0.04661690350621939,0.04661690350621939,0.0,0.0,0.05641439091414213,0.008511156399266534,0.005237269680947065,0.03201020695504126,0.021281823981553316,2.5065726041793823,1.2814934975467622
465,0.0018487361478339193,0.046299063600599766,0.046299063600599766,0.0,0.0,0.05752205476164818,0.008594305841902792,0.005299721960909665,0.03340416937157297,0.02191204996779561,2.7296356558799744,1.3935788553208113
466,0.001848259877108486,0.04614295531064272,0.04614295531064272,0.0,0.0,0.05705706309527159,0.008559498636509509,0.005231027840636671,0.03032039405818051,0.019274002872407436,2.248914897441864,1.1529859802685678
467,0.001847782665861902,0.04614194389432669,0.04614194389432669,0.0,0.0,0.05930418521165848,0.00872642339377008,0.005500434315763414,0.03544505811805052,0.023396085016429424,3.073369085788727,1.5663366355001926
468,0.0018473045146174874,0.04649839550256729,0.04649839550256729,0.0,0.0,0.05695768538862467,0.008552041132138677,0.005256440257653594,0.03150338330229482,0.020401624497026205,2.4278268814086914,1.242392283398658
469,0.0018468254238995937,0.04661888722330332,0.04661888722330332,0.0,0.0,0.05739003326743841,0.008584437579056779,0.005282441386952996,0.032724341750295725,0.02174942148849368,2.619661509990692,1.3385257716290653
470,0.001846345394233603,0.046938308514654636,0.046938308514654636,0.0,0.0,0.057666839100420475,0.008605115127302637,0.005410854355432093,0.0315384123931906,0.020582651253789663,2.4332292079925537,1.245448023546487
471,0.0018458644261459259,0.04648997075855732,0.04648997075855732,0.0,0.0,0.05718900077044964,0.008569389038111608,0.005279416334815323,0.032507430634018224,0.02136308327317238,2.5850481390953064,1.321118569932878
472,0.0018453825201640035,0.04613526351749897,0.04613526351749897,0.0,0.0,0.05831706337630749,0.008653492870584967,0.005298000643961132,0.034189125869588166,0.022102985065430403,2.8594290018081665,1.458873032592237
473,0.0018448996768163045,0.04615515097975731,0.04615515097975731,0.0,0.0,0.057610705494880676,0.008600926048921544,0.00540592591278255,0.031859463189700135,0.020470256451517344,2.4830201268196106,1.2703154161572456
474,0.001844415896632326,0.04591615218669176,0.04591615218669176,0.0,0.0,0.059261844493448734,0.008723307713995598,0.005287509527988732,0.03434249598641369,0.022429637610912323,2.8851410150527954,1.472201429773122
475,0.0018439311801425923,0.04690201301127672,0.04690201301127672,0.0,0.0,0.05680640693753958,0.008540676437461397,0.0054054055362939835,0.03161488395837138,0.02079027332365513,2.44504314661026,1.2509247767738998
476,0.0018434455278786546,0.04659489821642637,0.04659489821642637,0.0,0.0,0.057394057512283325,0.008584738463030091,0.005327771534211934,0.03284204852367636,0.021518584806472063,2.638540804386139,1.3479674309492111
477,0.00184295894037309,0.046059051528573036,0.046059051528573036,0.0,0.0,0.05827577318996191,0.008650428936019283,0.005328269209712744,0.03325800313751011,0.02154429256916046,2.70579993724823,1.382037855219096
478,0.001842471418159501,0.04663277417421341,0.04663277417421341,0.0,0.0,0.05824196711182594,0.00864791933218706,0.0053837086306884885,0.03171632447388059,0.020528658293187618,2.4607588052749634,1.2595003861933947
479,0.0018419829617725158,0.046185875311493874,0.046185875311493874,0.0,0.0,0.05806823819875717,0.008635012065569568,0.005310537409968674,0.032820740158965106,0.02133507514372468,2.6351181268692017,1.3465931825339794
480,0.0018414935717477867,0.04588240943849087,0.04588240943849087,0.0,0.0,0.057375271804630756,0.008583333329258421,0.00525558611843735,0.0333941470319686,0.02160039497539401,2.7279979586601257,1.3926866152323782
481,0.0018410032486219905,0.04574168846011162,0.04574168846011162,0.0,0.0,0.05812243837863207,0.008639041018892148,0.005328458733856678,0.031510949269895616,0.02040949882939458,2.428993284702301,1.2435578615404665
482,0.0018405119929328256,0.046439566649496555,0.046439566649496555,0.0,0.0,0.0591567512601614,0.008715569522766385,0.005305264028720558,0.033508155732110155,0.021295588463544846,2.7466567158699036,1.4029067335650325
483,0.0018400198052190145,0.04664062429219484,0.04664062429219484,0.0,0.0,0.057571835815906525,0.008598024054907805,0.005342841264791787,0.03373996286655607,0.021947573870420456,2.784790515899658,1.4211811758577824
484,0.0018395266860203015,0.04610243532806635,0.04610243532806635,0.0,0.0,0.05820559523999691,0.0086452187966568,0.005275896401144564,0.03471326513272968,0.023187814746052027,2.9477744698524475,1.5029900325462222
485,0.0018390326358774525,0.04700333718210459,0.04700333718210459,0.0,0.0,0.05826891027390957,0.008649919524103072,0.0052858947310596704,0.032409853853888775,0.020730680786073208,2.569552421569824,1.313910665921867
486,0.0018385376553322532,0.04691991675645113,0.04691991675645113,0.0,0.0,0.05818251799792051,0.00864350488544342,0.005330290296114981,0.03334653960323746,0.02157138381153345,2.7202253937721252,1.3892039558850229
487,0.0018380417449275113,0.046601961366832256,0.046601961366832256,0.0,0.0,0.0581547012552619,0.008641438165709921,0.005374710774049163,0.03324903573039244,0.021724549122154713,2.704340875148773,1.3812477882020175
488,0.001837544905207053,0.04649070929735899,0.04649070929735899,0.0,0.0,0.059369404800236225,0.00873122071405,0.005263393395580351,0.03451983821901732,0.022287817671895027,2.915015399456024,1.4871924021281302
489,0.001837047136715724,0.04698923695832491,0.04698923695832491,0.0,0.0,0.057804763317108154,0.008615399715475128,0.005385781056247652,0.031405735831224135,0.0202850429341197,2.4127997756004333,1.2353022694587708
490,0.0018365484399993886,0.04710152093321085,0.04710152093321085,0.0,0.0,0.05756942927837372,0.00859784433365577,0.005233928211964667,0.03327715033871162,0.021478474605828524,2.7089163064956665,1.3832428678870201
491,0.0018360488156049287,0.04692659713327885,0.04692659713327885,0.0,0.0,0.05727941915392876,0.008576160829889778,0.005229579168371856,0.03324147246910779,0.021674830466508865,2.7031108140945435,1.380195116624236
492,0.0018355482640802438,0.04567534103989601,0.04567534103989601,0.0,0.0,0.05674013588577509,0.0085356931790647,0.005249511916190386,0.031744077043264866,0.020695055834949017,2.4650672674179077,1.2609037016518414
493,0.00183504678597425,0.045654394663870335,0.045654394663870335,0.0,0.0,0.05894053354859352,0.008699627250436817,0.0052452037343755364,0.03404673749525346,0.02161011192947626,2.8356610536575317,1.4473007936030626
494,0.0018345443818368794,0.04567812941968441,0.04567812941968441,0.0,0.0,0.0574254160746932,0.00858708340748211,0.005343691096641123,0.03365302966828025,0.022067483514547348,2.7704585194587708,1.413941967766732
495,0.0018340410522190802,0.04565221443772316,0.04565221443772316,0.0,0.0,0.057716299779713154,0.008608804689859497,0.00523857562802732,0.03246062299754494,0.020627574529498816,2.5776089429855347,1.317662621382624
496,0.0018335367976728145,0.045682622119784355,0.045682622119784355,0.0,0.0,0.05843106098473072,0.008661946255811575,0.005252690869383514,0.03379070939132578,0.021933194249868393,2.7931737303733826,1.4258023956790566
497,0.0018330316187510592,0.045575276017189026,0.045575276017189026,0.0,0.0,0.05740337073802948,0.008585435223210026,0.00526261399500072,0.03245028413068584,0.02098388271406293,2.5759674310684204,1.316685400903225
498,0.0018325255160078057,0.045816962607204914,0.045816962607204914,0.0,0.0,0.05913809314370155,0.008714194878343653,0.005516516976058483,0.035217822317063,0.02261609397828579,3.034089148044586,1.5466136205941439
499,0.0018320184899980572,0.04589539673179388,0.04589539673179388,0.0,0.0,0.05824263487011194,0.00864796876156675,0.0053242777939885855,0.035193103193430046,0.022757903207093477,3.0298314690589905,1.5440370519645512
500,0.0018315105412778298,0.04583604075014591,0.04583604075014591,0.0,0.0,0.058134487830102444,0.00863993635572498,0.005325424950569868,0.031105759382911168,0.019884978886693716,2.3669273257255554,1.212530906777829
501,0.0018310016704041515,0.04612515214830637,0.04612515214830637,0.0,0.0,0.05860397033393383,0.008674752952399566,0.005316120921634138,0.036738796227986495,0.023824425414204597,3.3018184900283813,1.6802112301811576
502,0.001830491877935062,0.04623897559940815,0.04623897559940815,0.0,0.0,0.06010660156607628,0.008785261675102754,0.005325515870936215,0.035016915423909604,0.022266678046435118,2.999570667743683,1.5298386346548796
503,0.0018299811644296106,0.047151935286819935,0.047151935286819935,0.0,0.0,0.05947571247816086,0.008739034237160045,0.005695898784324527,0.03139124555173768,0.020726019982248545,2.410573720932007,1.2350247167050838
504,0.0018294695304478577,0.04660233110189438,0.04660233110189438,0.0,0.0,0.05882887914776802,0.008691383178283843,0.005533531773835421,0.034084575163276766,0.02229317184537649,2.8419674038887024,1.4503981415182352
505,0.001828956976550873,0.046836968511343,0.046836968511343,0.0,0.0,0.059131854213774204,0.008713735223680918,0.005547211272642016,0.03529182179022277,0.022891785018146038,3.0468528270721436,1.5529923406429589
506,0.0018284435033007343,0.04633648879826069,0.04633648879826069,0.0,0.0,0.05907291453331709,0.00870939152152971,0.005465008784085512,0.030127338871812535,0.01940454449504614,2.2203675508499146,1.1397202326916158
507,0.001827929111260528,0.047428629361093044,0.047428629361093044,0.0,0.0,0.058940643444657326,0.008699635404872801,0.005357748013921082,0.03533985330300188,0.02305382303893566,3.05515193939209,1.5570462914183736
508,0.001827413800994348,0.04567559435963631,0.04567559435963631,0.0,0.0,0.05915503762662411,0.008715443150523475,0.00538059021346271,0.03071080594576241,0.019532247446477413,2.3072027564048767,1.1831788970157504
509,0.0018268975730672955,0.04700900800526142,0.04700900800526142,0.0,0.0,0.05845789052546024,0.00866393502138835,0.005265608546324074,0.03596844411545602,0.02329998929053545,3.1648024916648865,1.6116301910951734
510,0.0018263804280454774,0.046696972101926804,0.046696972101926804,0.0,0.0,0.06004261691123247,0.00878058420315363,0.005585618666373193,0.03250891858487367,0.020605916623026133,2.5852848291397095,1.322663723025471
511,0.0018258623664960066,0.046524571254849434,0.046524571254849434,0.0,0.0,0.06038680765777826,0.008805715741379972,0.005685226642526686,0.034052592508470696,0.022138809319585562,2.836636543273926,1.448511675465852
512,0.0018253433889870011,0.046193914487957954,0.046193914487957954,0.0,0.0,0.059355977922677994,0.008730233270474482,0.005472180433571339,0.03234243783471744,0.02066998602822423,2.5588735938072205,1.3091147858649492
513,0.001824823496087584,0.046298032626509666,0.046298032626509666,0.0,0.0,0.058371517807245255,0.008657531922837348,0.005407437682151794,0.0374042892074597,0.025304499082267284,3.422521233558655,1.74044637568295
514,0.0018243026883678806,0.04540535993874073,0.04540535993874073,0.0,0.0,0.059964852407574654,0.008774896325619091,0.005459286971017718,0.031578564645650925,0.01971963420510292,2.4394286274909973,1.249696739949286
515,0.001823780966399021,0.045797500759363174,0.045797500759363174,0.0,0.0,0.05844654515385628,0.008663094132567021,0.005438897991552949,0.03548249884100616,0.023189995903521776,3.0798653960227966,1.5691559705883265
516,0.0018232583307531372,0.04515729658305645,0.04515729658305645,0.0,0.0,0.058081875555217266,0.008636025667316636,0.005310719716362655,0.03309375925439371,0.021406665444374084,2.67914080619812,1.3686113408766687
517,0.0018227347820033632,0.04491817485541105,0.04491817485541105,0.0,0.0,0.059409902431070805,0.008734197994523305,0.005333326291292906,0.03391757624773145,0.021677210927009583,2.814186990261078,1.4367984463460743
518,0.0018222103207238347,0.04492708295583725,0.04492708295583725,0.0,0.0,0.05821238737553358,0.008645723120553226,0.005298105184920132,0.03356322666410268,0.021692662965506315,2.7556925415992737,1.4069524644874036
519,0.0018216849474896875,0.044443272054195404,0.044443272054195404,0.0,0.0,0.05817750934511423,0.008643132704012124,0.005242669256404042,0.03458361369784397,0.022123736329376698,2.925796329975128,1.4919869196601212
520,0.001821158662877058,0.04386617988348007,0.04386617988348007,0.0,0.0,0.0588053809478879,0.00868964718245392,0.005368988844566047,0.03578190549347395,0.023316880222409964,3.1320613026618958,1.5954333418048918
521,0.0018206314674630816,0.04402389097958803,0.04402389097958803,0.0,0.0,0.05937743000686169,0.008731810689280743,0.005273595219478011,0.034759773926659715,0.02205005008727312,2.955678641796112,1.5075280359014869
522,0.0018201033618258928,0.045038895681500435,0.045038895681500435,0.0,0.0,0.05844095163047314,0.008662679536988687,0.005293602938763797,0.03504642204553942,0.022132508456707,3.0046281218528748,1.531534536741674
523,0.001819574346544624,0.04415384028106928,0.04415384028106928,0.0,0.0,0.05834278091788292,0.008655400567039484,0.005351307452656329,0.0353217031438315,0.02242761105298996,3.0520145297050476,1.5551786553114653
524,0.0018190444221994058,0.044428096152842045,0.044428096152842045,0.0,0.0,0.059289807453751564,0.008725365882348391,0.005353466491214931,0.034655524676628524,0.02204354712739587,2.937976360321045,1.4986330838873982
525,0.0018185135893713648,0.04464047495275736,0.04464047495275736,0.0,0.0,0.05892117414623499,0.00869819822430917,0.005578039330430329,0.033734472882832024,0.02150017488747835,2.783884346485138,1.4214027603156865
526,0.0018179818486426245,0.044595337472856045,0.044595337472856045,0.0,0.0,0.059271627105772495,0.008724027601680694,0.005475609912537038,0.03753664474176422,0.024353039916604757,3.446785271167755,1.7530284491367638
527,0.0018174492005963035,0.04476765915751457,0.04476765915751457,0.0,0.0,0.05988853890448809,0.008769311065653585,0.005459848209284246,0.034099845787033754,0.021706624887883663,2.844514548778534,1.452201543841511
528,0.0018169156458165156,0.044758216477930546,0.044758216477930546,0.0,0.0,0.05840882658958435,0.008660298351549925,0.005291741457767785,0.0321306423106649,0.020520172081887722,2.525469481945038,1.291939154267311
529,0.0018163811848883695,0.04511688929051161,0.04511688929051161,0.0,0.0,0.059374382719397545,0.008731586536720633,0.005337878246791661,0.03592838309060863,0.023012162186205387,3.1577569246292114,1.6085656536743045
530,0.0018158458183979674,0.045719378627836704,0.045719378627836704,0.0,0.0,0.06292492430657148,0.008988867071117148,0.0056211743503808975,0.03485805655313244,0.02217112621292472,2.9724165201187134,1.5176707222126424
531,0.0018153095469324034,0.046735186129808426,0.046735186129808426,0.0,0.0,0.05961352400481701,0.008749152881530909,0.0054931240156292915,0.034652889693015394,0.022424693685024977,2.9375295639038086,1.4985715439543128
532,0.0018147723710797655,0.045396954752504826,0.045396954752504826,0.0,0.0,0.05811156425625086,0.00863823266215148,0.005543723935261369,0.031461808839621366,0.02044676896184683,2.4214231967926025,1.2397673805244267
533,0.0018142342914291329,0.044799051247537136,0.044799051247537136,0.0,0.0,0.05890611186623573,0.008697086457776344,0.0052886412013322115,0.03631034215228499,0.023583295289427042,3.225254774093628,1.6420804429799318
534,0.0018136953085705755,0.044320193119347095,0.044320193119347095,0.0,0.0,0.058662367053329945,0.008679074169651713,0.005415838211774826,0.03521241232020154,0.022343053482472897,3.033156931400299,1.5459096492268145
535,0.0018131554230951545,0.045029028318822384,0.045029028318822384,0.0,0.0,0.060073306784033775,0.00878282818869171,0.00538285740185529,0.03680152274437943,0.02368439780548215,3.3131028413772583,1.686588074080646
536,0.00181261463559492,0.04494978580623865,0.04494978580623865,0.0,0.0,0.05960262659937143,0.008748353347739102,0.005319964257068932,0.034454675137319236,0.021872245240956545,2.904020309448242,1.4818114680238068
537,0.0018120729466629126,0.04544011130928993,0.04544011130928993,0.0,0.0,0.05974023602902889,0.008758446376359131,0.005361025454476476,0.034311098985338885,0.021829843055456877,2.8798681497573853,1.469804192893207
538,0.0018115303568931602,0.04554428905248642,0.04554428905248642,0.0,0.0,0.05800829455256462,0.008630553712187461,0.00533615832682699,0.03398743271774126,0.02203142875805497,2.825791120529175,1.4418997075408697
539,0.001810986866880679,0.044246179051697254,0.044246179051697254,0.0,0.0,0.05968082509934902,0.008754090366791542,0.005537049728445709,0.03606610891015496,0.022930785547941923,3.182012677192688,1.6208467511460185
540,0.0018104424772214722,0.04523935168981552,0.04523935168981552,0.0,0.0,0.0578639954328537,0.008619812623331169,0.005427967174910009,0.03343859006623426,0.021340157836675644,2.7352638840675354,1.3965639397501945
541,0.0018098971885125302,0.04462920315563679,0.04462920315563679,0.0,0.0,0.05966836120933294,0.008753176262430688,0.005312659312039614,0.03737925790922206,0.02419697679579258,3.4179420471191406,1.7388052041642368
542,0.0018093510013518289,0.044214523397386074,0.044214523397386074,0.0,0.0,0.05957245081663132,0.008746138264779765,0.005350184976123273,0.034521276525306066,0.021092849783599377,2.915258228778839,1.4874153397977352
543,0.0018088039163383293,0.044133156538009644,0.044133156538009644,0.0,0.0,0.05978816654533148,0.008761959374021668,0.005361045361496508,0.03915717750978355,0.025248483754694462,3.750818908214569,1.9053035373799503
544,0.0018082559340719772,0.04440064076334238,0.04440064076334238,0.0,0.0,0.05818680301308632,0.00864382296843539,0.005233415402472019,0.03359049910240862,0.02130994852632284,2.7601725459098816,1.409179674461484
545,0.0018077070551537028,0.043523285537958145,0.043523285537958145,0.0,0.0,0.05980003345757723,0.008762828762862496,0.005470510455779731,0.035145297182128166,0.02237151423469186,3.021605610847473,1.5407028221525252
546,0.0018071572801854183,0.04377389047294855,0.04377389047294855,0.0,0.0,0.060081763193011284,0.008783446072120478,0.0055255688494071364,0.03529369784680292,0.022538576740771532,3.0471768975257874,1.5536293303593993
547,0.00180660660977002,0.044584096409380436,0.044584096409380436,0.0,0.0,0.06028750818222761,0.008798472306191551,0.00557357317302376,0.03620738151161516,0.02289698552340269,3.2069897651672363,1.633638636674732
548,0.001806055044511385,0.044257793575525284,0.044257793575525284,0.0,0.0,0.059776521287858486,0.00876110588573898,0.005311903660185635,0.035498057664504895,0.022447141353040934,3.0825669169425964,1.5711717191152275
549,0.0018055025850143727,0.04406043328344822,0.04406043328344822,0.0,0.0,0.06271091382950544,0.00897356866993456,0.005530037800781429,0.03597697922012755,0.02279808558523655,3.1663049459457397,1.6145079298876226
550,0.001804949231884823,0.04488416854292154,0.04488416854292154,0.0,0.0,0.05864797346293926,0.008678009420943005,0.0053562691900879145,0.03577927334020613,0.022530509158968925,3.1316006779670715,1.5951243257150054
551,0.0018043949857295546,0.04376279003918171,0.04376279003918171,0.0,0.0,0.05993442703038454,0.008772669905505055,0.00547629885841161,0.03638497086627874,0.02338548284024,3.2385261058807373,1.649230266455561
552,0.001803839847156367,0.04472997318953276,0.04472997318953276,0.0,0.0,0.06005148962140083,0.008781233109152967,0.00554027478210628,0.0350820782165969,0.022196995560079813,3.0107449293136597,1.5353982094675303
553,0.0018032838167740372,0.043723163194954395,0.043723163194954395,0.0,0.0,0.060213493183255196,0.008793070102156096,0.005331121967174113,0.03744104514547342,0.02313575241714716,3.429250955581665,1.7447322243824601
554,0.001802726895192321,0.04373298119753599,0.04373298119753599,0.0,0.0,0.061219774186611176,0.008866240006799761,0.005465250578708947,0.038659852530036176,0.024515614844858646,3.656147539615631,1.8586836569011211
555,0.0018021690830219515,0.04323348868638277,0.04323348868638277,0.0,0.0,0.05961499456316233,0.008749260887320191,0.005369010614231229,0.03305771178323036,0.02071826672181487,2.6733073592185974,1.3664611768908799
556,0.0018016103808746375,0.04442032519727945,0.04442032519727945,0.0,0.0,0.059796192683279514,0.008762547487230335,0.005313907167874277,0.03616137197480784,0.023128075525164604,3.1988445520401,1.6293203723616898
557,0.0018010507893630647,0.04367899335920811,0.04367899335920811,0.0,0.0,0.06201573275029659,0.008923691561299572,0.005490684183314443,0.03960520809696663,0.02512837341055274,3.8371427059173584,1.9495792193338275
558,0.001800490309100894,0.043621319346129894,0.043621319346129894,0.0,0.0,0.05962130893021822,0.008749724288750583,0.005430497229099274,0.03552865026896483,0.02248309226706624,3.087882339954376,1.5737518244422972
559,0.0017999289407027604,0.043519945815205574,0.043519945815205574,0.0,0.0,0.06023384444415569,0.00879455589687181,0.005452828714624047,0.03629204542434151,0.022928813006728888,3.2220051288604736,1.6411194866523147
560,0.0017993666847842735,0.04270935896784067,0.04270935896784067,0.0,0.0,0.05964429397135973,0.008751410746343348,0.005345796002075076,0.035977258713697675,0.02266912255436182,3.1663541197776794,1.6129992068745196
561,0.0017988035419620155,0.04266257956624031,0.04266257956624031,0.0,0.0,0.0608180882409215,0.008837104685523825,0.0055096225114539266,0.03920920732394403,0.02476823888719082,3.760793387889862,1.9108057380653918
562,0.0017982395128535418,0.043041134253144264,0.043041134253144264,0.0,0.0,0.060127521865069866,0.008786790296607254,0.005415149498730898,0.035982396397552886,0.02255374751985073,3.1672585010528564,1.6136930114589632
563,0.0017976745980773793,0.043438165448606014,0.043438165448606014,0.0,0.0,0.060164643451571465,0.008789502280213102,0.005328333820216358,0.03665453417174693,0.022849096916615963,3.286690056324005,1.6734273498877883
564,0.0017971087982530263,0.04308714531362057,0.04308714531362057,0.0,0.0,0.06157087814062834,0.008891627891609953,0.005527834058739245,0.038167131056800266,0.024288962595164776,3.5635459423065186,1.8125584102235734
565,0.001796542114000952,0.04399949498474598,0.04399949498474598,0.0,0.0,0.06018898915499449,0.008791280527019375,0.005376314045861363,0.0369557369501927,0.022884473204612732,3.3409277200698853,1.7005583546124399
566,0.0017959745459425953,0.042698509991168976,0.042698509991168976,0.0,0.0,0.0621540080755949,0.008933634346495791,0.00563208875246346,0.03879818602058707,0.024383008014410734,3.6823593974113464,1.8722567027434707
567,0.0017954060947003633,0.043578834272921085,0.043578834272921085,0.0,0.0,0.060709656216204166,0.00882922312783146,0.005529654212296009,0.03620775568291697,0.022480042185634375,3.207055985927582,1.633882821071893
568,0.0017948367608976335,0.04254031367599964,0.04254031367599964,0.0,0.0,0.05984877422451973,0.00876639924453863,0.0055351246846839786,0.037228184307056635,0.023617686703801155,3.390369474887848,1.7251091245561838
569,0.0017942665451587494,0.04317214526236057,0.04317214526236057,0.0,0.0,0.06065239850431681,0.008825058703902282,0.0053113598842173815,0.03752033376505669,0.02342913206666708,3.4437904953956604,1.7522214469499886
570,0.0017936954481090229,0.04330065567046404,0.04330065567046404,0.0,0.0,0.0636646393686533,0.009041547344615045,0.005540833226405084,0.040721491827314535,0.0254347650334239,4.056492567062378,2.0600786032155156
571,0.001793123470374732,0.043410914950072765,0.043410914950072765,0.0,0.0,0.05991621874272823,0.008771337286876516,0.005428757518529892,0.035511958726182874,0.022717089857906103,3.084981679916382,1.572448949329555
572,0.00179255061258312,0.04314574785530567,0.04314574785530567,0.0,0.0,0.062204339541494846,0.008937251380840403,0.005504490924067795,0.03892018388289171,0.02400649758055806,3.705553650856018,1.8838789951987565
573,0.0017919768753623963,0.04256103374063969,0.04256103374063969,0.0,0.0,0.059317395091056824,0.008727395219853731,0.0053869098192080855,0.03712521939456659,0.023551754653453827,3.371641516685486,1.7154794558882713
574,0.0017914022593417335,0.042008825577795506,0.042008825577795506,0.0,0.0,0.061630647629499435,0.008895942931456343,0.005379690323024988,0.0416274510958654,0.025698692072182894,4.238995611667633,2.1503131296485662
575,0.001790826765151269,0.042277523316442966,0.042277523316442966,0.0,0.0,0.06327150203287601,0.009013587606037172,0.0054040635004639626,0.03794460597633719,0.023396989796310663,3.5221141576766968,1.7926928298547864
576,0.0017902503934221024,0.04311043582856655,0.04311043582856655,0.0,0.0,0.059991830959916115,0.008776870067316363,0.005330823827534914,0.03718634789887575,0.023370113223791122,3.3827539682388306,1.7213728995993733
577,0.001789673144786296,0.04242950212210417,0.04242950212210417,0.0,0.0,0.06246441975235939,0.008955914935277138,0.005597596638835967,0.04025825970904905,0.024848008528351784,3.9647274017333984,2.013595910742879
578,0.0017890950198768743,0.04289844073355198,0.04289844073355198,0.0,0.0,0.06275186035782099,0.00897649758674071,0.0054180254228413105,0.039201361112849144,0.024438088294118643,3.7592881321907043,1.9110199962742627
579,0.0017885160193278212,0.04255874454975128,0.04255874454975128,0.0,0.0,0.06279776524752378,0.0089797801452705,0.005604308447800577,0.04164890597471205,0.026116964872926474,4.243366360664368,2.1530820629559457
580,0.0017879361437740824,0.04286563768982887,0.04286563768982887,0.0,0.0,0.06130637973546982,0.008872508887365118,0.00543480773922056,0.03863233288574758,0.024159707594662905,3.6509442925453186,1.8561253361403942
581,0.0017873553938515625,0.04182775039225817,0.04182775039225817,0.0,0.0,0.06129373889416456,0.008871594169816671,0.005335550173185766,0.03802802461875217,0.02363476064056158,3.5376173853874207,1.7994555621407926
582,0.001786773770197125,0.04179791361093521,0.04179791361093521,0.0,0.0,0.0623847646638751,0.008950203126785834,0.0055276439525187016,0.04144540232651798,0.02609741920605302,4.202000141143799,2.132192452903837
583,0.0017861912734485912,0.04168171528726816,0.04168171528726816,0.0,0.0,0.06000826507806778,0.00877807233466456,0.005347558530047536,0.03697844240192632,0.022605227306485176,3.3450340032577515,1.7025211341679096
584,0.0017856079042447403,0.04149570129811764,0.04149570129811764,0.0,0.0,0.06403331737965345,0.009067689062219955,0.005470369476824999,0.04310290569676098,0.02688583079725504,4.544817328453064,2.3044253229163587
585,0.0017850236632253086,0.041117832995951176,0.041117832995951176,0.0,0.0,0.060687532648444176,0.008827614486456551,0.005457085673697293,0.040183306865673,0.024630907457321882,3.9499781131744385,2.0053328229114413
586,0.0017844385510309877,0.041743842884898186,0.041743842884898186,0.0,0.0,0.06277015805244446,0.00897780623598479,0.005467120558023453,0.038961978558434064,0.02350356336683035,3.7135162949562073,1.8881432265043259
587,0.001783852568303425,0.04145778343081474,0.04145778343081474,0.0,0.0,0.06466731056571007,0.00911246793232607,0.005586748942732811,0.04163654639269425,0.025256100110709667,4.2408483028411865,2.1527578067034483
588,0.0017832657156852223,0.04231809172779322,0.04231809172779322,0.0,0.0,0.06279086414724588,0.008979286987171556,0.005588466767221689,0.04238684658110009,0.026230868883430958,4.39506733417511,2.228929099161178
589,0.0017826779938199353,0.042102170176804066,0.042102170176804066,0.0,0.0,0.06194464769214392,0.008918575997933642,0.005641661235131323,0.03915330049144483,0.023775941226631403,3.750076174736023,1.9060104112140834
590,0.0017820894033520733,0.04230146389454603,0.04230146389454603,0.0,0.0,0.0618859026581049,0.008914345678925897,0.00543047022074461,0.04041088164728463,0.02523898659273982,3.994845449924469,2.028365676291287
591,0.0017814999449270981,0.04099724255502224,0.04099724255502224,0.0,0.0,0.06298930011689663,0.008993463925355398,0.005528044071979821,0.04484399816750931,0.02682084869593382,4.919398188591003,2.49119374435395
592,0.0017809096191914228,0.04165049456059933,0.04165049456059933,0.0,0.0,0.06235790625214577,0.008948276155363461,0.00546280900016427,0.040404609317450164,0.025059643667191267,3.9936055541038513,2.0279817301779985
593,0.0017803184267924117,0.040984257124364376,0.040984257124364376,0.0,0.0,0.06265746336430311,0.008969743414829529,0.005452283658087254,0.04144333985222281,0.02492006216198206,4.201581716537476,2.1321195899508893
594,0.0017797263683783802,0.04139084182679653,0.04139084182679653,0.0,0.0,0.06343363784253597,0.009025129027548012,0.005533996853046119,0.04089444572275087,0.025113634299486876,4.0910234451293945,2.0772285414859653
595,0.0017791334445985932,0.043743803165853024,0.043743803165853024,0.0,0.0,0.0647848891094327,0.009120748410966288,0.0055283973924815655,0.04634640661135182,0.027919999789446592,5.254549145698547,2.65966701740399
596,0.0017785396561032635,0.04193645063787699,0.04193645063787699,0.0,0.0,0.06317567732185125,0.009006759764225549,0.005415463005192578,0.037670190545536816,0.02307073585689068,3.4713544845581055,1.7672650809399784
597,0.0017779450035435539,0.04156455397605896,0.04156455397605896,0.0,0.0,0.06293394323438406,0.008989511464241278,0.005491261719726026,0.04271085960663415,0.02604912267997861,4.462517976760864,2.262725959997624
598,0.001777349487571573,0.04155203700065613,0.04155203700065613,0.0,0.0,0.06155948247760534,0.008890804957544875,0.005463290493935347,0.040792062414681966,0.024799854028970003,4.0705647468566895,2.0660621146671474
599,0.0017767531088403777,0.04125963989645243,0.04125963989645243,0.0,0.0,0.06298529449850321,0.008993178131929474,0.0054520213743671775,0.042034189847543424,0.0251096123829484,4.322238326072693,2.192611810285598
600,0.00177615586800397,0.04079874977469444,0.04079874977469444,0.0,0.0,0.06335042975842953,0.009019207744880636,0.005532415816560388,0.04124981503440649,0.024703811388462782,4.162433743476868,2.1128920866176486
601,0.0017755577657172983,0.04100422281771898,0.04100422281771898,0.0,0.0,0.06497769430279732,0.00913431052498723,0.005554779549129307,0.04768101005506795,0.028797163162380457,5.561529159545898,2.813253426924348
602,0.0017749588026362542,0.04090317152440548,0.04090317152440548,0.0,0.0,0.0637560784816742,0.009048037937195856,0.005400594440288842,0.039211592908146464,0.023797187488526106,3.761250853538513,1.9125034660100937
603,0.0017743589794176748,0.04050343297421932,0.04050343297421932,0.0,0.0,0.06202587205916643,0.008924420864648919,0.005468300543725491,0.04112882192998687,0.02531749615445733,4.138051450252533,2.1000386611558497
604,0.0017737582967193397,0.040411035530269146,0.040411035530269146,0.0,0.0,0.06375946663320065,0.009048278173089614,0.005562555859796703,0.045207236785012705,0.027300809044390917,4.999415755271912,2.531587610952556
605,0.001773156755199971,0.04099299293011427,0.04099299293011427,0.0,0.0,0.06593256630003452,0.009201181665427773,0.005536199198104441,0.0447707312493371,0.026718115899711847,4.9033366441726685,2.4846346052363515
606,0.0017725543555192327,0.040979030542075634,0.040979030542075634,0.0,0.0,0.06250622402876616,0.008958911448563242,0.005496595171280205,0.0430927890781709,0.02577135618776083,4.542684316635132,2.302595270331949
607,0.00177195109833773,0.04019411839544773,0.04019411839544773,0.0,0.0,0.0643957071006298,0.009093311561820572,0.005861190613359213,0.044249127465732174,0.026980060152709484,4.789749026298523,2.4270723666995764
608,0.0017713469843170086,0.04100282583385706,0.04100282583385706,0.0,0.0,0.0648420574143529,0.009124771807092107,0.005661285715177655,0.04567780820014675,0.02667785808444023,5.104037642478943,2.584439849946648
609,0.0017707420141195532,0.041920850053429604,0.041920850053429604,0.0,0.0,0.0681640487164259,0.00935559267893261,0.006266034091822803,0.04407127956216656,0.026586382649838924,4.751323819160461,2.4097439339384437
610,0.001770136188408788,0.0435310835018754,0.0435310835018754,0.0,0.0,0.0672969613224268,0.009295897827383605,0.006002860958687961,0.0450030696395419,0.02678099274635315,4.954360723495483,2.510828842408955
611,0.0017695295078490754,0.04198066703975201,0.04198066703975201,0.0,0.0,0.06447409559041262,0.009098844373819397,0.006103205494582653,0.04329640392495815,0.026687711011618376,4.5857144594192505,2.3250942775048316
612,0.0017689219731057144,0.04139669891446829,0.04139669891446829,0.0,0.0,0.06861109100282192,0.009386221146557842,0.005831988528370857,0.04842910869365276,0.028654337860643864,5.737415313720703,2.9030132023617625
613,0.0017683135848449419,0.041301943361759186,0.041301943361759186,0.0,0.0,0.06322840694338083,0.00901051752426361,0.0054734384175390005,0.04227841869521495,0.025437270756810904,4.372610807418823,2.217919607181102
614,0.0017677043437339297,0.039706467650830746,0.039706467650830746,0.0,0.0,0.06387367658317089,0.009056378731991072,0.0055031453957781196,0.04692530416336467,0.028284629806876183,5.386634588241577,2.725254132412374
615,0.001767094250440786,0.03973467834293842,0.03973467834293842,0.0,0.0,0.06477176491171122,0.009119824385388723,0.005536023527383804,0.04880585043197768,0.028661996126174927,5.827027916908264,2.9458998409099877
616,0.0017664833056345523,0.03963011037558317,0.03963011037558317,0.0,0.0,0.0644320547580719,0.009095877461270895,0.005417215870693326,0.0446366612491269,0.026071844156831503,4.874013423919678,2.469222739338875
617,0.0017658715099852051,0.03934121038764715,0.03934121038764715,0.0,0.0,0.06578119099140167,0.009190613072669891,0.00573108543176204,0.048742426530796384,0.028582192957401276,5.811892747879028,2.938836969435215
618,0.0017652588641636528,0.04029892943799496,0.04029892943799496,0.0,0.0,0.06564461253583431,0.009181067073449428,0.005523314815945923,0.04867580377870416,0.028725578915327787,5.796016454696655,2.930830533616245
619,0.001764645368841737,0.03989639971405268,0.03989639971405268,0.0,0.0,0.06778003834187984,0.009329202586909282,0.0056530124275013804,0.049974556801900584,0.028593712020665407,6.109437465667725,3.0886087520048022
620,0.0017640310246922301,0.04130370728671551,0.04130370728671551,0.0,0.0,0.06595394015312195,0.009202673121995788,0.005644872901029885,0.04558824156631851,0.02650823863223195,5.084040403366089,2.5749971717596054
621,0.0017634158323888364,0.04193458054214716,0.04193458054214716,0.0,0.0,0.06541668251156807,0.009165113942235955,0.005643219570629299,0.049597433414823915,0.029352599289268255,6.0175782442092896,3.041497463360429
622,0.0017627997926061895,0.0425644451752305,0.0425644451752305,0.0,0.0,0.06607825122773647,0.009211341418569517,0.005671559716574848,0.04685324919238971,0.0277482271194458,5.370105028152466,2.718091639690101
623,0.0017621829060198524,0.03988616168498993,0.03988616168498993,0.0,0.0,0.06465268600732088,0.009111437658736822,0.005669293808750808,0.04744919501161378,0.02694324404001236,5.507582306861877,2.786117496434599
624,0.001761565173306317,0.03925900161266327,0.03925900161266327,0.0,0.0,0.06522087752819061,0.009151387085182889,0.005626994417980313,0.04826329050588406,0.028849718626588583,5.698193550109863,2.881707213819027
625,0.0017609465951430028,0.03889789339154959,0.03889789339154959,0.0,0.0,0.06697724480181932,0.009273789926654686,0.0056127861607819796,0.051209592409640514,0.028948425315320492,6.415137887001038,3.2410575659014285
626,0.0017603271722082567,0.038991546258330345,0.038991546258330345,0.0,0.0,0.06468590907752514,0.00911377841334366,0.005498848506249487,0.04487094440972506,0.02666761353611946,4.925312161445618,2.4949990352615714
627,0.0017597069051813522,0.03945960197597742,0.03945960197597742,0.0,0.0,0.06798508577048779,0.009343302880128721,0.005726183881051838,0.053665291832403275,0.030505457893013954,7.045151233673096,3.5565681597217917
628,0.0017590857947424876,0.04071913193911314,0.04071913193911314,0.0,0.0,0.06608445383608341,0.009211773775123465,0.005891009699553251,0.04572623814159506,0.0266755735501647,5.114866137504578,2.5904752956703305
629,0.0017584638415727868,0.04167469125241041,0.04167469125241041,0.0,0.0,0.07012937404215336,0.009489505795663261,0.005742330453358591,0.05136761082721372,0.0288931792601943,6.454789400100708,3.2624593870714307
630,0.001757841046354298,0.04069108236581087,0.04069108236581087,0.0,0.0,0.0635943803936243,0.00903655697527923,0.005610887077637017,0.04883087746491684,0.028179879300296307,5.833005785942078,2.948300083167851
631,0.0017572174097699922,0.03972312994301319,0.03972312994301319,0.0,0.0,0.06621016375720501,0.009220531365419851,0.0056179099483415484,0.04755793163202892,0.027802912052720785,5.532854318618774,2.7995322411879897
632,0.0017565929325037634,0.03883729502558708,0.03883729502558708,0.0,0.0,0.06608649156987667,0.009211915552849791,0.0057285280199721456,0.04978642350859089,0.02853990998119116,6.063525199890137,3.0648058457300067
633,0.0017559676152404278,0.038217403925955296,0.038217403925955296,0.0,0.0,0.06582017987966537,0.009193336419161103,0.005504719214513898,0.05167521721870695,0.029854444786906242,6.53232729434967,3.299073737114668
634,0.0017553414586657223,0.038023886270821095,0.038023886270821095,0.0,0.0,0.0660858703777194,0.00921187250636134,0.005578047828748822,0.05187918830855512,0.028299872297793627,6.58399760723114,3.3250417388044298
635,0.001754714463466304,0.0371022829785943,0.0371022829785943,0.0,0.0,0.06661586556583643,0.009248737453995598,0.005572820082306862,0.05344687486976544,0.030533714685589075,6.987920641899109,3.5272682537324727
636,0.0017540866303297504,0.03725121542811394,0.03725121542811394,0.0,0.0,0.06636048667132854,0.009230992598806878,0.0055414249654859304,0.0534676182696857,0.02935683773830533,6.9933459758758545,3.5298532312735915
637,0.0017534579599445576,0.03735462296754122,0.03735462296754122,0.0,0.0,0.06712753884494305,0.00928418909240223,0.00555058557074517,0.05279950969413333,0.02918738266453147,6.819666385650635,3.443396962247789
638,0.0017528284530001397,0.03731920197606087,0.03731920197606087,0.0,0.0,0.06732748635113239,0.00929800570992691,0.005573219619691372,0.053900496894562194,0.03013457078486681,7.107041835784912,3.5871846610680223
639,0.0017521981101868275,0.03659372869879007,0.03659372869879007,0.0,0.0,0.06615064293146133,0.009216386059726007,0.00565225922036916,0.05274229188937555,0.03009766573086381,6.804893493652344,3.4355220682919025
640,0.0017515669321958702,0.036604142747819424,0.036604142747819424,0.0,0.0,0.06780803762376308,0.009331129063257945,0.005676010274328291,0.05464247303832034,0.030271992553025484,7.3040549755096436,3.6859315065667033
641,0.0017509349197194315,0.03740158025175333,0.03740158025175333,0.0,0.0,0.06739879213273525,0.00930292846948787,0.005822111736051738,0.054537253284206416,0.030611693859100342,7.275952696800232,3.6716757444664836
642,0.0017503020734505902,0.036895387805998325,0.036895387805998325,0.0,0.0,0.06840530689805746,0.009372134670308827,0.005690572201274335,0.055686419163435655,0.031159268226474524,7.585809230804443,3.8271072688512504
643,0.0017496683940833406,0.03693699650466442,0.03693699650466442,0.0,0.0,0.06700611393898726,0.009275788310907963,0.005580145749263465,0.05286631315856871,0.02960833301767707,6.836933970451355,3.451970042195171
644,0.0017490338823125894,0.03639823943376541,0.03639823943376541,0.0,0.0,0.0705840103328228,0.00952021559031681,0.005724562332034111,0.0614808565333315,0.03373734466731548,9.246623039245605,4.658603524789214
645,0.0017483985388341563,0.036824703216552734,0.036824703216552734,0.0,0.0,0.06836990639567375,0.009369708975002474,0.005608306033536792,0.05428089182754196,0.02981949457898736,7.207709550857544,3.638039728626609
646,0.001747762364344774,0.03685660194605589,0.03685660194605589,0.0,0.0,0.07108823768794537,0.009554159568970804,0.005676352069713175,0.058709324657852925,0.03238584939390421,8.431745886802673,4.251417062245309
647,0.0017471253595420849,0.03643760923296213,0.03643760923296213,0.0,0.0,0.0670947814360261,0.009281923550240701,0.005800229962915182,0.057357452180512594,0.03142351610586047,8.047908425331116,4.057501603383571
648,0.0017464875251246438,0.036859218031167984,0.036859218031167984,0.0,0.0,0.06999473460018635,0.00948039200555954,0.005764353321865201,0.057888338066179094,0.03298887237906456,8.197576761245728,4.133785747922957
649,0.0017458488617919134,0.037177116610109806,0.037177116610109806,0.0,0.0,0.0679382961243391,0.00934008722169188,0.005762106622569263,0.06072996225788092,0.03218730725347996,9.022135972976685,4.545037134550512
650,0.0017452093702442673,0.03698896523565054,0.03698896523565054,0.0,0.0,0.07078452594578266,0.009533728218343343,0.005678194109350443,0.058292322887090936,0.03237734781578183,8.312392830848694,4.191588678397238
651,0.0017445690511829859,0.036670162342488766,0.036670162342488766,0.0,0.0,0.06858521979302168,0.009384451159797991,0.005595520487986505,0.058541982352660206,0.03185235895216465,8.383747100830078,4.22616616031155
652,0.0017439279053102577,0.036315214820206165,0.036315214820206165,0.0,0.0,0.07083703950047493,0.009537264428198088,0.005745154223404825,0.0618880213386289,0.03369137737900019,9.369502782821655,4.720169911161065
653,0.0017432859333291774,0.037050122395157814,0.037050122395157814,0.0,0.0,0.06930344179272652,0.009433459903457841,0.00561718933749944,0.05433693456900491,0.030717977322638035,7.22260057926178,3.645952010527253
654,0.0017426431359437462,0.037057630717754364,0.037057630717754364,0.0,0.0,0.07077246718108654,0.009532916350278753,0.005746630951762199,0.060167965119808854,0.03264203667640686,8.855926036834717,4.463349252007902
655,0.0017419995138588708,0.03716366924345493,0.03716366924345493,0.0,0.0,0.06794177554547787,0.00934032666472406,0.005656409310176969,0.055946907759607416,0.031416238751262426,7.656944394111633,3.8624430848285556
656,0.001741355067780361,0.037490906193852425,0.037490906193852425,0.0,0.0,0.06902175024151802,0.009414268845123468,0.005785175017081201,0.05792513178488877,0.03141157142817974,8.208000898361206,4.138511324301362
657,0.001740709798414931,0.03678333293646574,0.03678333293646574,0.0,0.0,0.07301248610019684,0.009682604095359478,0.005809791735373437,0.06717245725718546,0.037357572466135025,11.037883281707764,5.55544788390398
658,0.0017400637064701981,0.036548673175275326,0.036548673175275326,0.0,0.0,0.06718819495290518,0.009288382570327956,0.005544999963603914,0.055126753900470365,0.02981706941500306,7.434095859527588,3.7506420272402465
659,0.0017394167926546814,0.03716942202299833,0.03716942202299833,0.0,0.0,0.07581753842532635,0.009866848227012691,0.0058221397921442986,0.06494943311030375,0.034208216704428196,10.319391012191772,5.197604275308549
660,0.0017387690576778007,0.03694301564246416,0.03694301564246416,0.0,0.0,0.06880516745150089,0.009399486632810082,0.005978571251034737,0.06081301461535118,0.03375722002238035,9.04682970046997,4.557817433960736
661,0.0017381205022498772,0.035878874361515045,0.035878874361515045,0.0,0.0,0.07025991193950176,0.009498333448583177,0.005824293475598097,0.05923068147962116,0.03225827682763338,8.582163572311401,4.326211742125452
662,0.0017374711270821315,0.035694420337677,0.035694420337677,0.0,0.0,0.06921395286917686,0.009427367327762117,0.005804841057397425,0.05768091558800229,0.03152375854551792,8.138935565948486,4.104074759408832
663,0.0017368209328866829,0.03535737935453653,0.03535737935453653,0.0,0.0,0.07269002497196198,0.009661198686114203,0.005779778817668557,0.06857131816740018,0.036609324626624584,11.502396583557129,5.787543304264545
664,0.0017361699203765491,0.03479311428964138,0.03479311428964138,0.0,0.0,0.07008404843509197,0.009486438638497663,0.005697485525161028,0.057083008028546316,0.031807149294763803,7.9710774421691895,4.020580745302141
665,0.0017355180902656456,0.03491216152906418,0.03491216152906418,0.0,0.0,0.07240648008883,0.00964233743101542,0.0057870999444276094,0.06968338057317908,0.03615052718669176,11.878504276275635,5.975455378182232
666,0.001734865443268783,0.034643018152564764,0.034643018152564764,0.0,0.0,0.06992031261324883,0.009475350661150886,0.005719238193705678,0.0597170708510445,0.033053250052034855,8.723692655563354,4.396806484088302
667,0.0017342119801016696,0.03429499827325344,0.03429499827325344,0.0,0.0,0.07072036899626255,0.009529406968333222,0.005885360646061599,0.06207564299395072,0.033494274131953716,9.426398277282715,4.748559323139489
668,0.0017335577014809078,0.03430099971592426,0.03430099971592426,0.0,0.0,0.07556551322340965,0.009850435582658131,0.005872336565516889,0.06602540444558863,0.03590939473360777,10.66413164138794,5.3698485773056746
669,0.001732902608123994,0.03480078000575304,0.03480078000575304,0.0,0.0,0.07130598463118076,0.009568780872584741,0.005675714695826173,0.06399669882304886,0.034310195595026016,10.018864154815674,5.045085069723427
670,0.0017322467007493188,0.0341224679723382,0.0341224679723382,0.0,0.0,0.07336672022938728,0.009706064290673694,0.005761198466643691,0.0701061281564948,0.03767540771514177,12.023067712783813,6.0482172165066
671,0.0017315899800761645,0.033785887993872166,0.033785887993872166,0.0,0.0,0.07592943497002125,0.009874126958057972,0.005968480370938778,0.06819772425441427,0.03612293675541878,11.377402067184448,5.726665751077235
672,0.0017309324468247063,0.03598163556307554,0.03598163556307554,0.0,0.0,0.07318502105772495,0.009694037927450317,0.005879694712348282,0.06641308840434537,0.03485647402703762,10.789733171463013,5.431459096260369
673,0.0017302741017160101,0.035131518729031086,0.035131518729031086,0.0,0.0,0.07729858160018921,0.009962753274736802,0.00596113468054682,0.07033714385758122,0.03820935357362032,12.102436065673828,6.089867323637009
674,0.0017296149454720316,0.0355361495167017,0.0355361495167017,0.0,0.0,0.0703528244048357,0.00950461191393115,0.00577372161205858,0.06183651754046377,0.03321897145360708,9.353914499282837,4.712133661843836
675,0.0017289549788156167,0.03530962485820055,0.03530962485820055,0.0,0.0,0.07644250988960266,0.009907431336121379,0.005998217733576894,0.06949228218789429,0.036206869408488274,11.813443183898926,5.944942846894264
676,0.0017282942024704996,0.03454878553748131,0.03454878553748131,0.0,0.0,0.07505657151341438,0.009817207440568274,0.006393366027623415,0.06533626837026849,0.03630757890641689,10.44268012046814,5.258868345990777
677,0.0017276326171613027,0.0359227592125535,0.0359227592125535,0.0,0.0,0.07782754860818386,0.00999678365602889,0.006016934989020228,0.07187579338527324,0.03808838874101639,12.637717723846436,6.35777263622731
678,0.0017269702236135357,0.0347859850153327,0.0347859850153327,0.0,0.0,0.0729868896305561,0.00968090699288593,0.005689429817721248,0.06150219281802942,0.03337499685585499,9.253041982650757,4.6630144361406565
679,0.0017263070225535938,0.0367180104367435,0.0367180104367435,0.0,0.0,0.07416819967329502,0.0097589361857432,0.005809116177260876,0.06812289324809037,0.03613290097564459,11.352447509765625,5.71330785471946
680,0.0017256430147087585,0.033998483791947365,0.033998483791947365,0.0,0.0,0.07445108704268932,0.009777529546021188,0.005892087006941438,0.07054095687919744,0.03708379156887531,12.172674655914307,6.123562871478498
681,0.0017249782008071962,0.03504851832985878,0.03504851832985878,0.0,0.0,0.07572904787957668,0.009861088720917736,0.005855610594153404,0.06790836000658901,0.03604099899530411,11.281058073043823,5.6783935604617
682,0.0017243125815779561,0.03326109191402793,0.03326109191402793,0.0,0.0,0.07227682508528233,0.009633700456751949,0.005736392457038164,0.06805983549991987,0.035572243854403496,11.331440925598145,5.701858875341713
683,0.0017236461577509721,0.03209193982183933,0.03209193982183933,0.0,0.0,0.07455229759216309,0.009784173300704658,0.00582150393165648,0.07137837188313798,0.03805217053741217,12.463402271270752,6.2689772844314575
684,0.0017229789300570592,0.032260132022202015,0.032260132022202015,0.0,0.0,0.07222211174666882,0.00963005355549381,0.005746024893596768,0.06893747892399973,0.036987705156207085,11.625566482543945,5.848894297145307
685,0.0017223108992279143,0.031667614821344614,0.031667614821344614,0.0,0.0,0.07528908364474773,0.009832401904614575,0.00586366408970207,0.0741568435806144,0.03916936460882425,13.452587366104126,6.763938224874437
686,0.001721642065996115,0.03175208158791065,0.03175208158791065,0.0,0.0,0.07534823939204216,0.009836263658238944,0.005911165731959045,0.07241767195070756,0.03765282966196537,12.82898998260498,6.452169110998511
687,0.0017209724310951193,0.032462308183312416,0.032462308183312416,0.0,0.0,0.07594284974038601,0.009874999190556866,0.0058287999127060175,0.07302622187579871,0.03846505656838417,13.04550814628601,6.560725498013198
688,0.001720301995259264,0.03198167635127902,0.03198167635127902,0.0,0.0,0.076546311378479,0.009914156010698151,0.005959088332019746,0.07771697334819223,0.04030103050172329,14.775259017944336,7.4259026646614075
689,0.001719630759223764,0.03269848506897688,0.03269848506897688,0.0,0.0,0.07604795321822166,0.00988182987388152,0.005957927787676454,0.07316689992775403,0.03858356177806854,13.095818519592285,6.585933236405253
690,0.001718958723724712,0.03185501787811518,0.03185501787811518,0.0,0.0,0.07773424685001373,0.009990789271694884,0.0058978371089324355,0.07579354559435027,0.039002436213195324,14.052959442138672,7.065346844494343
691,0.001718285889499077,0.0317520797252655,0.0317520797252655,0.0,0.0,0.07363576255738735,0.009723844316997361,0.005844207131303847,0.07398123679987775,0.03913329727947712,13.388949632644653,6.73129269760102
692,0.001717612257284705,0.0317226629704237,0.0317226629704237,0.0,0.0,0.07812951505184174,0.01001615827164606,0.005986289121210575,0.07746046530473365,0.041342842392623425,14.677886962890625,7.378008238971233
693,0.0017169378278203153,0.03212476056069136,0.03212476056069136,0.0,0.0,0.07490327954292297,0.009807177334422072,0.005838423618115485,0.07258962318152061,0.03812091704457998,12.88998532295227,6.482444301247597
694,0.0017162626018455034,0.0322492104023695,0.0322492104023695,0.0,0.0,0.07932198606431484,0.010092305753972382,0.005935479304753244,0.07887714836055826,0.04107248969376087,15.21968698501587,7.649504485540092
695,0.001715586580100737,0.03200624696910381,0.03200624696910381,0.0,0.0,0.07586782053112984,0.009870119777426743,0.005957826739177108,0.07530753474715496,0.039517766796052456,13.873312950134277,6.974590385332704
696,0.001714909763327357,0.031287094578146935,0.031287094578146935,0.0,0.0,0.07805736735463142,0.010011532619551374,0.006030807737261057,0.07669152693116489,0.03939049784094095,14.387922525405884,7.232989946380258
697,0.0017142321522675753,0.030632950831204653,0.030632950831204653,0.0,0.0,0.0775185190141201,0.009976916631409457,0.005863287718966603,0.07793641500546618,0.04007230047136545,14.858815431594849,7.468166975304484
698,0.0017135537476644764,0.030354134272783995,0.030354134272783995,0.0,0.0,0.07645082473754883,0.009907970274821582,0.0059999601216986775,0.07778114928571028,0.040242791175842285,14.799669981002808,7.438060402870178
699,0.0017128745502620133,0.030128162819892168,0.030128162819892168,0.0,0.0,0.07721369713544846,0.009957281523098542,0.005879925447516143,0.07751708364791536,0.04046012833714485,14.699352025985718,7.388282861560583
700,0.0017121945608050103,0.031360147055238485,0.031360147055238485,0.0,0.0,0.07832307741045952,0.010028557793410522,0.005951895494945347,0.07691184869653911,0.03992519620805979,14.470710039138794,7.274516558274627
701,0.0017115137800391578,0.031328014098107815,0.031328014098107815,0.0,0.0,0.07969747111201286,0.010116164312670426,0.006008744589053094,0.0798927653601569,0.0415135994553566,15.614145278930664,7.8469213750213385
702,0.0017108322087110168,0.031046452932059765,0.031046452932059765,0.0,0.0,0.07696236483752728,0.009941062923513355,0.006205056910403073,0.0774777564919574,0.040332659147679806,14.684440612792969,7.380701488815248
703,0.001710149847568013,0.031463074032217264,0.031463074032217264,0.0,0.0,0.07893835939466953,0.010067871599760726,0.005927916266955435,0.08035168934971093,0.04156151134520769,15.794044971466064,7.936491665430367
704,0.0017094666973584392,0.030379049014300108,0.030379049014300108,0.0,0.0,0.07729016430675983,0.009962210726503109,0.005911657586693764,0.07938281805127409,0.04156620521098375,15.41545557975769,7.746372872032225
705,0.0017087827588314535,0.03013935685157776,0.03013935685157776,0.0,0.0,0.07836252823472023,0.010031083295918395,0.006041025393642485,0.0811571843348162,0.04167042579501867,16.112290859222412,8.095326693728566
706,0.0017080980327370786,0.031025447882711887,0.031025447882711887,0.0,0.0,0.07843414321541786,0.010035665770688585,0.005962545401416719,0.08100678280700117,0.04254309739917517,16.05262589454651,8.065530018880963
707,0.0017074125198262,0.029764242935925722,0.029764242935925722,0.0,0.0,0.07567946426570415,0.00985785965804646,0.005988792865537107,0.07915768133822253,0.04155031591653824,15.328140020370483,7.701909742318094
708,0.001706726220850567,0.030436579138040543,0.030436579138040543,0.0,0.0,0.08065759390592575,0.010176917131722958,0.006006284849718213,0.08140887868027133,0.042325026355683804,16.212383031845093,8.14652031287551
709,0.0017060391365627905,0.030228212475776672,0.030228212475776672,0.0,0.0,0.0778439361602068,0.009997836133576904,0.005916673340834677,0.079086762238722,0.041565755382180214,15.300686597824097,7.689265266992152
710,0.0017053512677163427,0.030601199250668287,0.030601199250668287,0.0,0.0,0.07906490750610828,0.010075937933250113,0.006084108259528875,0.08122935992922083,0.0420685363933444,16.14096212387085,8.110013515688479
711,0.001704662615065556,0.03016417846083641,0.03016417846083641,0.0,0.0,0.07847915031015873,0.010038544462985247,0.005988468183204532,0.07931149478910192,0.04170357622206211,15.387767314910889,7.733123232610524
712,0.0017039731793656225,0.03022306179627776,0.03022306179627776,0.0,0.0,0.08188177272677422,0.010253856224551106,0.006183695280924439,0.08823426209891432,0.04512442648410797,19.04486322402954,9.563372498378158
713,0.001703282961372593,0.0308736190199852,0.0308736190199852,0.0,0.0,0.08098573982715607,0.010197598127172339,0.006208531558513641,0.07873786064704039,0.04176970850676298,15.165982961654663,7.62348435074091
714,0.0017025919618433767,0.030394400004297495,0.030394400004297495,0.0,0.0,0.07836182601749897,0.010031038415333593,0.006254215608350933,0.08208366689149298,0.041925396770238876,16.48226261138916,8.28031221870333
715,0.0017019001815357384,0.029901580419391394,0.029901580419391394,0.0,0.0,0.08272979781031609,0.010306817515135512,0.006429053959436715,0.0792804053190724,0.0431739017367363,15.375706195831299,7.7292179968208075
716,0.0017012076212083007,0.031480901408940554,0.031480901408940554,0.0,0.0,0.07926184684038162,0.010088479174559758,0.00634662841912359,0.08224335069255956,0.04204349406063557,16.546454191207886,8.312858019024134
717,0.0017005142816205404,0.030909893102943897,0.030909893102943897,0.0,0.0,0.07992424815893173,0.010130546545947725,0.006128235603682697,0.07989518782654034,0.04222635831683874,15.615093469619751,7.847508858889341
718,0.00169982016353279,0.02991354465484619,0.02991354465484619,0.0,0.0,0.07593624293804169,0.009874569162853314,0.005914563545957208,0.07828422726439288,0.04130258783698082,14.99173378944397,7.533835016191006
719,0.0016991252677062345,0.028869464062154293,0.028869464062154293,0.0,0.0,0.08340630307793617,0.010348872677197788,0.006056228652596474,0.08709094714355267,0.044194347225129604,18.554504871368408,9.318955587223172
720,0.0016984295949029127,0.029538927599787712,0.029538927599787712,0.0,0.0,0.0776820071041584,0.009987432127134885,0.005924426484853029,0.07785341771896889,0.041871351189911366,14.827184438705444,7.452433222904801
721,0.001697733145885715,0.029788292944431305,0.029788292944431305,0.0,0.0,0.08414001762866974,0.010394291893845385,0.006183745572343469,0.08877910779006153,0.046896505169570446,19.280792236328125,9.682466126978397
722,0.0016970359214183832,0.03156921826303005,0.03156921826303005,0.0,0.0,0.0793592818081379,0.010094678092177116,0.006093871081247926,0.07623136624192269,0.04083664994686842,14.215781688690186,7.147570485249162
723,0.0016963379222655094,0.03144151344895363,0.03144151344895363,0.0,0.0,0.08005668595433235,0.010138936994176298,0.005994477542117238,0.08369527797245149,0.043815990909934044,17.135834217071533,8.607945451512933
724,0.0016956391491925351,0.03020365070551634,0.03020365070551634,0.0,0.0,0.0797812957316637,0.010121483317966284,0.006221378454938531,0.08024315793750793,0.0422794371843338,15.751406908035278,7.915594101883471
725,0.0016949396029657512,0.029836383648216724,0.029836383648216724,0.0,0.0,0.08089269511401653,0.01019173845334078,0.006263755727559328,0.08436946685185373,0.04438852332532406,17.413013696670532,8.746953195892274
726,0.001694239284352295,0.02930637216195464,0.02930637216195464,0.0,0.0,0.07894050888717175,0.010068008639060348,0.005998346023261547,0.08333748747174642,0.04334309697151184,16.989638566970825,8.534289537928998
727,0.0016935381941201525,0.028779046144336462,0.028779046144336462,0.0,0.0,0.08271175809204578,0.01030569395612048,0.00607723044231534,0.08270526684734898,0.04392843972891569,16.73284149169922,8.407776624895632
728,0.0016928363330381546,0.027895339764654636,0.027895339764654636,0.0,0.0,0.08012546226382256,0.01014329159604346,0.0060459221713244915,0.0834073018448638,0.044272192753851414,17.018115282058716,8.54912037216127
729,0.0016921337018759785,0.028134167660027742,0.028134167660027742,0.0,0.0,0.07988462224602699,0.010128035608198818,0.0060400854563340545,0.08307663504755146,0.04400338977575302,16.883447647094727,8.481666134670377
730,0.0016914303014041452,0.027693120762705803,0.027693120762705803,0.0,0.0,0.0845020730048418,0.010416631518881454,0.0063654371770098805,0.09045184926718011,0.04729973245412111,20.014199256896973,10.049350664950907
731,0.0016907261323940196,0.02811726089566946,0.02811726089566946,0.0,0.0,0.07930809259414673,0.01009142202177537,0.0060601511504501104,0.08395537163919523,0.044058687053620815,17.242502450942993,8.66090527176857
732,0.0016900211956178092,0.0279662455432117,0.0279662455432117,0.0,0.0,0.08289293758571148,0.010316974641240295,0.006152301910333335,0.09073742678523772,0.04805961810052395,20.14077854156494,10.111835739575326
733,0.0016893154918485637,0.028414533007889986,0.028414533007889986,0.0,0.0,0.08106736280024052,0.010202735707336132,0.0060461291577667,0.08615256756589361,0.04484689421951771,18.156818866729736,9.118943114764988
734,0.0016886090218601738,0.028392096981406212,0.028392096981406212,0.0,0.0,0.08017114922404289,0.010146182510416053,0.006059717503376305,0.08509415699880381,0.045412102714180946,17.713435649871826,8.896803399547935
735,0.0016879017864273708,0.027897832449525595,0.027897832449525595,0.0,0.0,0.08265655860304832,0.01030225465590465,0.006221296731382608,0.08785716453041185,0.045396295376122,18.88242197036743,9.48253926448524
736,0.0016871937863257246,0.027139600832015276,0.027139600832015276,0.0,0.0,0.08037199079990387,0.010158883234703986,0.006078002508729696,0.08507727052234983,0.0455207172781229,17.706407070159912,8.893389530479908
737,0.001686485022331644,0.02699561696499586,0.02699561696499586,0.0,0.0,0.08573901280760765,0.010492593539565522,0.006189326522871852,0.09626214094038058,0.048570903949439526,22.668060779571533,11.37689989618957
738,0.0016857754952223762,0.026984956581145525,0.026984956581145525,0.0,0.0,0.08061888068914413,0.010174474847406344,0.006135665695182979,0.08381072725186513,0.04542840365320444,17.183140754699707,8.631879817694426
739,0.0016850652057760042,0.026667719706892967,0.026667719706892967,0.0,0.0,0.0866138394922018,0.010545987764100843,0.006222056224942207,0.09815556430956675,0.0499415397644043,23.56856679916382,11.82759031932801
740,0.0016843541547714475,0.02632798347622156,0.02632798347622156,0.0,0.0,0.08090553432703018,0.01019254692141769,0.006074261968024075,0.0851812035468903,0.04519739933311939,17.749693870544434,8.915299702435732
741,0.001683642342988461,0.02683179685845971,0.02683179685845971,0.0,0.0,0.08561976253986359,0.010485294478292941,0.006193901528604329,0.09499709098606521,0.04852093942463398,22.076181411743164,11.080900587141514
742,0.0016829297712076332,0.02617845917120576,0.02617845917120576,0.0,0.0,0.08149941451847553,0.01022988760475283,0.006070421659387648,0.08774387970420156,0.046464028768241405,18.83375835418701,9.457628884352744
743,0.0016822164402103869,0.026218182872980833,0.026218182872980833,0.0,0.0,0.08299064077436924,0.010323053441743595,0.006243893760256469,0.0919995511756466,0.047832004725933075,20.70497751235962,10.393984076566994
744,0.001681502350778977,0.02565227635204792,0.02565227635204792,0.0,0.0,0.08347232080996037,0.010352967763351366,0.006169555825181305,0.09100818557582559,0.04810456559062004,20.261157512664795,10.172314916737378
745,0.0016807875036964897,0.025531621649861336,0.025531621649861336,0.0,0.0,0.08350460603833199,0.010354969729385441,0.006293583777733147,0.09347483491277553,0.04838608857244253,21.37434148788452,10.728923046961427
746,0.0016800718997468426,0.025365641340613365,0.025365641340613365,0.0,0.0,0.08463153429329395,0.010424607627377463,0.006203151540830731,0.09463935578819188,0.04939216747879982,21.910227298736572,10.997429416514933
747,0.0016793555397147833,0.026049545966088772,0.026049545966088772,0.0,0.0,0.08318611979484558,0.010335203748735628,0.006126785650849342,0.09365963057251837,0.0488091204315424,21.458937168121338,10.771061643958092
748,0.001678638424385888,0.025688412599265575,0.025688412599265575,0.0,0.0,0.08497470244765282,0.010445721429694303,0.006261418340727687,0.09543589217548183,0.0493984492495656,22.28059673309326,11.182785717770457
749,0.0016779205545465622,0.025743791833519936,0.025743791833519936,0.0,0.0,0.08870034478604794,0.010672256818636882,0.006347695016302168,0.09763617428419659,0.050908446311950684,23.31980276107788,11.704251552931964
750,0.001677201930984038,0.024921638425439596,0.024921638425439596,0.0,0.0,0.08155027031898499,0.010233078641713064,0.006337774684652686,0.0896732751196027,0.047771929763257504,19.671133518218994,9.87634189426899
751,0.0016764825544863743,0.025410026777535677,0.025410026777535677,0.0,0.0,0.08862576074898243,0.010667769102761559,0.006352233700454235,0.09897907775819244,0.0517809446901083,23.96570110321045,12.027163431979716
752,0.0016757624258424552,0.025199017021805048,0.025199017021805048,0.0,0.0,0.08149718679487705,0.010229747666318775,0.006137215881608427,0.09181263083319759,0.048711094073951244,20.62092685699463,10.351212021894753
753,0.0016750415458419905,0.024510628078132868,0.024510628078132868,0.0,0.0,0.08607332222163677,0.010513029870013218,0.006220394163392484,0.0975216581783842,0.050378057174384594,23.26512908935547,11.675601205788553
754,0.0016743199152755134,0.024406921584159136,0.024406921584159136,0.0,0.0,0.08627404645085335,0.01052528084814539,0.006319134961813688,0.09667142678621327,0.050398197025060654,22.86123037338257,11.47375220991671
755,0.0016735975349343802,0.024278154596686363,0.024278154596686363,0.0,0.0,0.08435023203492165,0.010407268447819432,0.006170338252559304,0.09521557734280198,0.04977880511432886,22.177844524383545,11.131097378209233
756,0.0016728744056107696,0.023983874823898077,0.023983874823898077,0.0,0.0,0.08717027306556702,0.01057980867035455,0.006347705144435167,0.10121067253204726,0.052228701300919056,25.05855131149292,12.572860792279243
757,0.0016721505280976813,0.02345972415059805,0.02345972415059805,0.0,0.0,0.08574957400560379,0.010493239890068003,0.006351707736030221,0.09619504660287166,0.050323158502578735,22.63647222518921,11.361110899597406
758,0.0016714259031889362,0.023969981353729963,0.023969981353729963,0.0,0.0,0.08920108154416084,0.01070233832465063,0.006287568365223706,0.09871174821607516,0.05125936307013035,23.8364200592041,11.962810570374131
759,0.001670700531679174,0.025346602778881788,0.025346602778881788,0.0,0.0,0.08555047027766705,0.010481050384092635,0.006228736834600568,0.09929894361322122,0.051393305882811546,24.120849132537842,12.103199801407754
760,0.001669974414363854,0.025993735063821077,0.025993735063821077,0.0,0.0,0.09241150878369808,0.010893229066279458,0.006473510875366628,0.1038791765977584,0.05478941090404987,26.397350788116455,13.244881148450077
761,0.0016692475520392522,0.027985481545329094,0.027985481545329094,0.0,0.0,0.08732193894684315,0.010589008270127648,0.006434988579712808,0.0944210735530382,0.049819028936326504,21.809274196624756,10.9482980677858
762,0.0016685199455024628,0.028869980480521917,0.028869980480521917,0.0,0.0,0.08848092332482338,0.010659048591560975,0.006327973562292755,0.09642653362791179,0.05136707331985235,22.745549201965332,11.417015062645078
763,0.0016677915955513954,0.028066094033420086,0.028066094033420086,0.0,0.0,0.08629373274743557,0.01052648197186671,0.00646004278678447,0.0963426589269133,0.04980124067515135,22.705997943878174,11.396145838312805
764,0.001667062502984775,0.027089104987680912,0.027089104987680912,0.0,0.0,0.08973545394837856,0.010734347305451265,0.006649000803008676,0.09970436055252252,0.05218691099435091,24.318211555480957,12.203973504714668
765,0.0016663326686021406,0.026392776519060135,0.026392776519060135,0.0,0.0,0.08467293716967106,0.010427157311897774,0.006298030726611614,0.09574991050887532,0.049949987791478634,22.42746067047119,11.256066803820431
766,0.0016656020932038459,0.025961092673242092,0.025961092673242092,0.0,0.0,0.08993552811443806,0.010746307304392399,0.006313454359769821,0.09629060137565543,0.050761464051902294,22.681467533111572,11.385701530613005
767,0.0016648707775910557,0.026449039578437805,0.026449039578437805,0.0,0.0,0.08291865512728691,0.01031857532688376,0.006127758417278528,0.09360019069013749,0.0488230399787426,21.43170928955078,10.757313972339034
768,0.0016641387225657476,0.025504078716039658,0.025504078716039658,0.0,0.0,0.08689503744244576,0.01056309286881202,0.006407198030501604,0.09945940082740706,0.05257008131593466,24.198866844177246,12.142880940809846
769,0.0016634059289307097,0.024086541961878538,0.024086541961878538,0.0,0.0,0.08442062139511108,0.010411609618713258,0.006180873955599964,0.09684503989931625,0.05089427065104246,22.943416595458984,11.513918608427048
770,0.0016626723974895396,0.023764927871525288,0.023764927871525288,0.0,0.0,0.08802599832415581,0.010631611580621909,0.006402520462870598,0.09875086645345285,0.05197536386549473,23.855316162109375,11.971671080216765
771,0.001661938129046645,0.024089462123811245,0.024089462123811245,0.0,0.0,0.0898863933980465,0.010743371145781347,0.006385949091054499,0.10181654509156766,0.0534891402348876,25.359461784362793,12.72467408888042
772,0.0016612031244072412,0.02301323087885976,0.02301323087885976,0.0,0.0,0.08589606173336506,0.010502199146070524,0.006275633117184043,0.10040932376362874,0.0519309276714921,24.663312911987305,12.374604486860335
773,0.001660467384377351,0.022595544811338186,0.022595544811338186,0.0,0.0,0.08782315999269485,0.010619354974316536,0.006356844096444547,0.10046456592822049,0.052394294179975986,24.69045877456665,12.389140967279673
774,0.001659730909763803,0.022215813398361206,0.022215813398361206,0.0,0.0,0.09047641046345234,0.010778573608483114,0.006369538838043809,0.10641825949015124,0.054940491914749146,27.70356273651123,13.897019573487341
775,0.0016589937013742322,0.021700448356568813,0.021700448356568813,0.0,0.0,0.08662496693432331,0.010546665336508425,0.00623252394143492,0.0987878668909966,0.05222530383616686,23.873194217681885,11.979909592308104
776,0.0016582557600170783,0.02182669099420309,0.02182669099420309,0.0,0.0,0.09065045230090618,0.010788935623619123,0.006472809589467943,0.10791940455269135,0.056008750572800636,28.49065351486206,14.290651983581483
777,0.0016575170865015842,0.02188134239986539,0.02188134239986539,0.0,0.0,0.08735660277307034,0.01059110997268536,0.006234062253497541,0.10256848026810769,0.05343239288777113,25.73541498184204,12.911385792307556
778,0.0016567776816377958,0.021243874914944172,0.021243874914944172,0.0,0.0,0.09156986512243748,0.010843510570710832,0.0063865091651678085,0.10747034973197352,0.05526733864098787,28.25404644012451,14.172808152623475
779,0.0016560375462365616,0.021388327702879906,0.021388327702879906,0.0,0.0,0.08857800625264645,0.01066489463980077,0.006381423212587833,0.10588503404324731,0.05506999883800745,27.42663288116455,13.757605443708599
780,0.0016552966811095306,0.021570635493844748,0.021570635493844748,0.0,0.0,0.09135858900845051,0.010830993623188848,0.006394605967216194,0.10573391892432187,0.055104571394622326,27.348402976989746,13.719880782999098
781,0.0016545550870691523,0.021046447567641735,0.021046447567641735,0.0,0.0,0.08976490423083305,0.010736108646234376,0.006489095627330244,0.10650960048309967,0.05597842950373888,27.75114154815674,13.920453226193786
782,0.0016538127649286753,0.0210062088444829,0.0210062088444829,0.0,0.0,0.09250288270413876,0.010898613287153644,0.006437485688365996,0.10989536558653587,0.056759538128972054,29.54350996017456,14.81800642143935
783,0.0016530697155021472,0.020674217026680708,0.020674217026680708,0.0,0.0,0.08985672891139984,0.010741598633995528,0.006383149651810527,0.10668821574176629,0.05678375158458948,27.844295501708984,13.967076115310192
784,0.0016523259396044128,0.020854837726801634,0.020854837726801634,0.0,0.0,0.09129449911415577,0.010827193918414977,0.0063589661149308085,0.10999386550178275,0.055957548320293427,29.596492290496826,14.843893394805491
785,0.001651581438051113,0.02122113388031721,0.02122113388031721,0.0,0.0,0.09173643961548805,0.010853368647756894,0.0065164315747097135,0.10691998342879465,0.0563424751162529,27.965403079986572,14.02856975980103
786,0.0016508362116586857,0.021202003117650747,0.021202003117650747,0.0,0.0,0.09282290004193783,0.010917449228647121,0.0064785563154146075,0.11168125993242764,0.05795774329453707,30.51152753829956,15.30217521917075
787,0.0016500902612443626,0.02191413938999176,0.02191413938999176,0.0,0.0,0.09165780246257782,0.010848715918639038,0.006470727967098355,0.10800593320201492,0.056188253685832024,28.53635835647583,14.314008079469204
788,0.00164934358762617,0.021632374729961157,0.021632374729961157,0.0,0.0,0.08812246657907963,0.010637435344275317,0.0062776150880381465,0.10653149327087826,0.05591013003140688,27.762549877166748,13.925336171872914
789,0.0016485961916229267,0.02138425875455141,0.02138425875455141,0.0,0.0,0.0954712014645338,0.011072095317149224,0.006518843583762646,0.1114839960090488,0.05879737064242363,30.403837203979492,15.249654202722013
790,0.0016478480740542449,0.021911644842475653,0.021911644842475653,0.0,0.0,0.08987877331674099,0.010742916023546576,0.006350164767354727,0.10713082679550111,0.055659604258835316,28.075807571411133,14.082843172363937
791,0.0016470992357405267,0.021465016063302755,0.021465016063302755,0.0,0.0,0.09017502143979073,0.010760606223859253,0.006509864004328847,0.10706235588498836,0.05702698230743408,28.03993034362793,14.06505268253386
792,0.0016463496775029646,0.021687424276024103,0.021687424276024103,0.0,0.0,0.09442457742989063,0.011011237724211606,0.0065632384503260255,0.11154144328815455,0.05826393887400627,30.435179233551025,15.264801905490458
793,0.001645599400163542,0.02141172206029296,0.02141172206029296,0.0,0.0,0.09020971693098545,0.010762676445447376,0.006374333286657929,0.10919400656093127,0.057582964189350605,29.16761541366577,14.628912565298378
794,0.0016448484045450294,0.020883081946521997,0.020883081946521997,0.0,0.0,0.09047652408480644,0.01077858035887106,0.006365511333569884,0.10689487692632252,0.05626474693417549,27.95227289199829,14.021374708041549
795,0.001644096691470986,0.020385755691677332,0.020385755691677332,0.0,0.0,0.09343883767724037,0.010953611512496039,0.006404526182450354,0.11138739806571259,0.057719919830560684,30.351170539855957,15.222304688766599
796,0.0016433442617657572,0.0197457792237401,0.0197457792237401,0.0,0.0,0.08795221149921417,0.010627154626812041,0.006320455111563206,0.10695114165947804,0.05693065281957388,27.981706142425537,14.034829176962376
797,0.0016425911162544742,0.01905829319730401,0.01905829319730401,0.0,0.0,0.09543834999203682,0.011070190011503929,0.00652987218927592,0.1142883585992225,0.059292624704539776,31.952682971954346,16.02406066097319
798,0.0016418372557630537,0.019131512846797705,0.019131512846797705,0.0,0.0,0.09109728038311005,0.010815493234206604,0.006427158950828016,0.11102990101948469,0.05843484401702881,30.15665864944458,15.123877964913845
799,0.001641082681118196,0.018607240170240402,0.018607240170240402,0.0,0.0,0.09127507545053959,0.010826042287984517,0.006382238352671266,0.11167006515540441,0.05858439672738314,30.50541067123413,15.298342873342335
800,0.0016403273931473849,0.018900654278695583,0.018900654278695583,0.0,0.0,0.09456397779285908,0.01101936267990834,0.006470647524110973,0.1139024594396398,0.05970611050724983,31.737268447875977,15.915916212834418
801,0.001639571392678886,0.018878783099353313,0.018878783099353313,0.0,0.0,0.09255074337124825,0.010901432547921808,0.006466994644142687,0.11255899846760294,0.0593514870852232,30.99301290512085,15.542781824246049
802,0.0016388146805417466,0.02037491276860237,0.02037491276860237,0.0,0.0,0.0962858498096466,0.011119233338827004,0.006595522980205715,0.11743749437394314,0.06095767393708229,33.73781108856201,16.91704846918583
803,0.0016380572575657943,0.020485352724790573,0.020485352724790573,0.0,0.0,0.09121799655258656,0.010822656327641794,0.006361503852531314,0.11127884196430739,0.05950634367763996,30.292041301727295,15.19162964913994
804,0.0016372991245816367,0.01981834741309285,0.01981834741309285,0.0,0.0,0.09822103381156921,0.01123041651482977,0.006701356265693903,0.11703450626864934,0.060817320831120014,33.50666427612305,16.802442654967308
805,0.0016365402824206588,0.020736250560730696,0.020736250560730696,0.0,0.0,0.09372636117041111,0.010970451220845716,0.00652540463488549,0.11214351906682227,0.0590265104547143,30.764628887176514,15.429177624173462
806,0.0016357807319150248,0.020571345929056406,0.020571345929056406,0.0,0.0,0.09733268804848194,0.011179515257140152,0.006647611036896706,0.11843930357091997,0.06100242305546999,34.315871238708496,17.20660196337849
807,0.0016350204738976746,0.01946977060288191,0.01946977060288191,0.0,0.0,0.09163636900484562,0.010847447347402383,0.006339935353025794,0.11119713313037356,0.05866769049316645,30.24757146835327,15.169603918679059
808,0.0016342595092023243,0.018449462950229645,0.018449462950229645,0.0,0.0,0.09580015949904919,0.011091153742347195,0.006589894648641348,0.117198355489844,0.061839920468628407,33.6005482673645,16.848174213431776
809,0.001633497838663465,0.017874672077596188,0.017874672077596188,0.0,0.0,0.09379418008029461,0.010974419368179403,0.006440901663154364,0.11398733149257315,0.06060537323355675,31.784581661224365,15.93918792065233
810,0.001632735463116362,0.01711517060175538,0.01711517060175538,0.0,0.0,0.09374352172017097,0.010971455557289525,0.006478012190200388,0.11737360184247328,0.06095048692077398,33.70111083984375,16.89742718078196
811,0.0016319723833970537,0.016960679553449154,0.016960679553449154,0.0,0.0,0.09428071416914463,0.011002846310443232,0.006566933239810169,0.11722722373669135,0.06214731838554144,33.617103576660156,16.85569214541465
812,0.00163120860034235,0.017089252825826406,0.017089252825826406,0.0,0.0,0.09642256237566471,0.0111271243029657,0.006573894410394132,0.11944846148833914,0.0633696410804987,34.90313529968262,17.49977893102914
813,0.001630444114789833,0.016692044213414192,0.016692044213414192,0.0,0.0,0.09488189406692982,0.011037870208933338,0.006471150671131909,0.12003095757121819,0.062315136194229126,35.2443790435791,17.669630468823016
814,0.0016296789275778549,0.01652632118202746,0.01652632118202746,0.0,0.0,0.09665483236312866,0.011140518203889904,0.006542626419104636,0.11935446750637274,0.06365998648107052,34.848227977752686,17.472441405057907
815,0.0016289130395455373,0.016141140833497047,0.016141140833497047,0.0,0.0,0.09568694047629833,0.01108459822019954,0.006647442234680057,0.11827234359062476,0.06260378938168287,34.21918964385986,17.15743829216808
816,0.0016281464515327702,0.017007686663419008,0.017007686663419008,0.0,0.0,0.0993367899209261,0.01129402312966473,0.006569381686858833,0.12288418679308928,0.06395850703120232,36.93986701965332,18.519601904787123
817,0.0016273791643802115,0.016283646458759904,0.016283646458759904,0.0,0.0,0.09690260142087936,0.011154788446572016,0.006586954928934574,0.12037778513598898,0.06390226818621159,35.448349952697754,17.772626277059317
818,0.0016266111789292855,0.016209458466619253,0.016209458466619253,0.0,0.0,0.09516668692231178,0.011054423187888445,0.006632286822423339,0.11863365143839483,0.06285375915467739,34.4285831451416,17.261874916031957
819,0.0016258424960221825,0.016149004455655813,0.016149004455655813,0.0,0.0,0.097621601074934,0.011196094964517461,0.006556970882229507,0.12103988522341279,0.06372763030230999,35.83936643600464,17.968494018539786
820,0.0016250731165018577,0.015397641574963927,0.015397641574963927,0.0,0.0,0.09859506972134113,0.011251779461875064,0.006664256099611521,0.12409992937977239,0.06579988077282906,37.67440605163574,18.88650056067854
821,0.0016243030412120298,0.01514638215303421,0.01514638215303421,0.0,0.0,0.09809689037501812,0.01122331699285923,0.006725541898049414,0.12201870399534412,0.06459260359406471,36.42135810852051,18.259727499447763
822,0.0016235322709971807,0.014697971986606717,0.014697971986606717,0.0,0.0,0.09905531816184521,0.01127801093792188,0.0066267321817576885,0.12584996885945596,0.06639505550265312,38.744455337524414,19.42175532784313
823,0.0016227608067025546,0.014500306453555822,0.014500306453555822,0.0,0.0,0.09930018521845341,0.011291941991890717,0.006638462422415614,0.12518595111501038,0.06639910861849785,38.336679458618164,19.21798982191831
824,0.001621988649174157,0.014592069666832685,0.014592069666832685,0.0,0.0,0.0977620854973793,0.01120414804671164,0.006596279563382268,0.12427925025068709,0.0657648853957653,37.78336143493652,18.94056176021695
825,0.0016212157992587524,0.014353669015690684,0.014353669015690684,0.0,0.0,0.10114925168454647,0.011396590514698029,0.006855557323433459,0.12709111453848942,0.06686504371464252,39.51242923736572,19.806789244525135
826,0.0016204422578038667,0.014399587409570813,0.014399587409570813,0.0,0.0,0.09860220365226269,0.011252186924516353,0.0066054981434717774,0.12429590408262482,0.0658918023109436,37.79348564147949,18.946043922565877
827,0.0016196680256577824,0.01462298072874546,0.01462298072874546,0.0,0.0,0.10051039420068264,0.011360543451723337,0.006658332538791001,0.1267181881922722,0.06689806282520294,39.28088188171387,19.690696137957275
828,0.00161889310366954,0.014718533493578434,0.014718533493578434,0.0,0.0,0.10340232774615288,0.01152282003868947,0.006743856472894549,0.12853555137139966,0.06824864633381367,40.415677070617676,20.259539699181914
829,0.0016181174926889362,0.015225882176309824,0.015225882176309824,0.0,0.0,0.09923927299678326,0.011288477920689467,0.006686408771201968,0.1255004455741466,0.06667535379529,38.52954387664795,19.314391574822366
830,0.001617341193566524,0.01449221046641469,0.01449221046641469,0.0,0.0,0.10255678556859493,0.011475611038063285,0.006704248953610659,0.1301597595013603,0.06849043257534504,41.4435338973999,20.77304534148425
831,0.00161656420715361,0.014745861990377307,0.014745861990377307,0.0,0.0,0.09913181327283382,0.011282364587563586,0.006607759394682944,0.12473658657323454,0.06710581481456757,38.0619535446167,19.080542678944767
832,0.0016157865343022558,0.014778067357838154,0.014778067357838154,0.0,0.0,0.0998422671109438,0.011322721777128907,0.006757871364243329,0.12757775258759188,0.06828872300684452,39.81559753417969,19.957719900645316
833,0.0016150081758652744,0.01475894171744585,0.01475894171744585,0.0,0.0,0.10327020473778248,0.011515455659477251,0.006774724111892283,0.12713790614085557,0.06750193238258362,39.54152584075928,19.82239802274853
834,0.0016142291326962318,0.01487067062407732,0.01487067062407732,0.0,0.0,0.10330933891236782,0.011517637442880306,0.006749316700734198,0.12821407231275828,0.06841996498405933,40.213762283325195,20.15853581111878
835,0.001613449405649444,0.015203921124339104,0.015203921124339104,0.0,0.0,0.09956270828843117,0.011306858818453851,0.0066912181209772825,0.12559689189246565,0.06732882745563984,38.58878803253174,19.344175370410085
836,0.001612668995579977,0.014325207099318504,0.014325207099318504,0.0,0.0,0.09884090907871723,0.011265798415413489,0.00674249860458076,0.1269318250981058,0.06751904264092445,39.41344451904297,19.756142714060843
837,0.0016118879033436466,0.014284643111750484,0.014284643111750484,0.0,0.0,0.10150973871350288,0.011416880920992828,0.006762589211575687,0.1269641073685184,0.06840506196022034,39.433494567871094,19.7675021532923
838,0.001611106129797016,0.01432213350199163,0.01432213350199163,0.0,0.0,0.09948113560676575,0.01130222555781324,0.006680478109046817,0.12840837363016303,0.06938155740499496,40.33573913574219,20.217610135674477
839,0.0016103236757973962,0.014021540991961956,0.014021540991961956,0.0,0.0,0.10424843430519104,0.011569867462159697,0.006824969430454075,0.1301587854924938,0.06982837431132793,41.44291687011719,20.77358265221119
840,0.0016095405422028434,0.01313097937963903,0.01313097937963903,0.0,0.0,0.10085772722959518,0.011380155378350612,0.006699076970107853,0.1291054438311984,0.06959089450538158,40.77485752105713,20.437857624143362
841,0.00160875672987216,0.01339657325297594,0.01339657325297594,0.0,0.0,0.10257884860038757,0.011476845203229906,0.0068439493188634515,0.13079738750102163,0.07009483128786087,41.8505802154541,20.976579532027245
842,0.0016079722396648917,0.013592679519206285,0.013592679519206285,0.0,0.0,0.10178662464022636,0.011432441026043287,0.006724848411977291,0.13059250910207762,0.07053636573255062,41.71957206726074,20.910679345950484
843,0.0016071870724413291,0.012879159767180681,0.012879159767180681,0.0,0.0,0.10361403413116932,0.011534609760820949,0.006787095218896866,0.1311956282730382,0.07068350724875927,42.10581684112549,21.10471543762833
844,0.0016064012290625035,0.01282789558172226,0.01282789558172226,0.0,0.0,0.10393806546926498,0.011552631646970875,0.006794962449930608,0.1333062376924722,0.07149242423474789,43.47146701812744,21.787702541798353
845,0.0016056147103901887,0.012680907966569066,0.012680907966569066,0.0,0.0,0.09990160167217255,0.01132608551863608,0.006679351557977498,0.1282646892564359,0.06955541297793388,40.24552059173584,20.172711096704006
846,0.0016048275172868994,0.012714985758066177,0.012714985758066177,0.0,0.0,0.10490353778004646,0.011606163143891355,0.006891128374263644,0.13330706731765338,0.07205776125192642,43.47200584411621,21.78845469094813
847,0.0016040396506158887,0.012770803179591894,0.012770803179591894,0.0,0.0,0.10365205444395542,0.011536725563783662,0.006774265551939607,0.13260582663143106,0.07106001302599907,43.01585292816162,21.55975249130279
848,0.0016032511112411495,0.012701272731646895,0.012701272731646895,0.0,0.0,0.1012059934437275,0.011399786779507893,0.006753696245141327,0.13000489714000069,0.07067843340337276,41.34497833251953,20.72309216298163
849,0.0016024619000274117,0.013228325406089425,0.013228325406089425,0.0,0.0,0.10550816170871258,0.011639562174661996,0.006801266921684146,0.13451832042372583,0.07217263989150524,44.26558208465576,22.185545123182237
850,0.001601672017840142,0.012816928559914231,0.012816928559914231,0.0,0.0,0.10323732905089855,0.011513622537642492,0.006758933886885643,0.1317061403428085,0.071390300989151,42.434136390686035,21.268686859868467
851,0.0016008814655455433,0.012474514311179519,0.012474514311179519,0.0,0.0,0.10486363433301449,0.011603955602685791,0.006922610569745302,0.1344969981593757,0.07249249704182148,44.25155162811279,22.178207631222904
852,0.001600090244010553,0.012167632346972823,0.012167632346972823,0.0,0.0,0.10442017391324043,0.01157939369191153,0.006840762333013117,0.13208328109213952,0.07169215753674507,42.67750549316406,21.39096283353865
853,0.0015992983541028426,0.011616501724347472,0.011616501724347472,0.0,0.0,0.10328633710741997,0.011516355131538087,0.006854041945189238,0.13412066248353188,0.0726131796836853,44.00425910949707,22.053772723302245
854,0.0015985057966908167,0.011367356404662132,0.011367356404662132,0.0,0.0,0.10418513789772987,0.011566354289509043,0.0068031445844098926,0.13457195041528947,0.0734866913408041,44.30088710784912,22.202536122873425
855,0.0015977125726436112,0.011218027910217643,0.011218027910217643,0.0,0.0,0.10702420398592949,0.011722887911749113,0.006919211242347956,0.13728872426164526,0.07447000034153461,46.10765838623047,23.1073412951082
856,0.0015969186828310939,0.01143395621329546,0.01143395621329546,0.0,0.0,0.1059734895825386,0.011665201092696887,0.00696886470541358,0.13638013391442338,0.07482636719942093,45.49938678741455,22.802680138498545
857,0.001596124128123862,0.01119567477144301,0.01119567477144301,0.0,0.0,0.10369900241494179,0.011539338324047414,0.006895178928971291,0.13595899584599822,0.07361346110701561,45.21882343292236,22.661261217668653
858,0.0015953289093932424,0.01158612803556025,0.01158612803556025,0.0,0.0,0.10772761888802052,0.01176134918840859,0.007110056467354298,0.13935663340401985,0.07588871009647846,47.50710964202881,23.807418630458415
859,0.0015945330275112899,0.011187543394044042,0.011187543394044042,0.0,0.0,0.1046098880469799,0.011589907877509683,0.0068264559376984835,0.1362117802369872,0.07468155771493912,45.38712406158447,22.745866974815726
860,0.0015937364833507866,0.011154580861330032,0.011154580861330032,0.0,0.0,0.10751487500965595,0.011749729853366727,0.006921548047102988,0.14108682503239697,0.07665262557566166,48.69408988952637,24.40080238226801
861,0.0015929392777852406,0.011119171278551221,0.011119171278551221,0.0,0.0,0.10526226460933685,0.011625990717405428,0.006858397158794105,0.1374282800912367,0.07484341412782669,46.20144462585449,23.153353445231915
862,0.0015921414116888857,0.011506355833262205,0.011506355833262205,0.0,0.0,0.10722894594073296,0.01173409575416473,0.006903870962560177,0.13849435276362293,0.07565679401159286,46.92102241516113,23.514125680550933
863,0.00159134288593668,0.010982654290273786,0.010982654290273786,0.0,0.0,0.10649240203201771,0.011693726429903649,0.0068947518011555076,0.13777374340279744,0.07545321621000767,46.434017181396484,23.27025479171425
864,0.001590543701404305,0.010986161883920431,0.010986161883920431,0.0,0.0,0.10800256952643394,0.011776348277247698,0.006992211332544684,0.14034883880308144,0.07644598372280598,48.186012268066406,24.14700741879642
865,0.0015897438589681644,0.011345742037519813,0.011345742037519813,0.0,0.0,0.10727718099951744,0.011736734629235574,0.006929861614480615,0.1388320400864533,0.07635864242911339,47.150115966796875,23.628696573898196
866,0.0015889433595053831,0.011335531249642372,0.011335531249642372,0.0,0.0,0.10715135931968689,0.011729850143724437,0.00693116954062134,0.13915367780630147,0.07621345669031143,47.36883544921875,23.73799340426922
867,0.0015881422038938075,0.011660919757559896,0.011660919757559896,0.0,0.0,0.1084357313811779,0.011799940688019898,0.006919867591932416,0.13749620231889217,0.07510899566113949,46.24712562561035,23.177780678495765
868,0.0015873403930120027,0.011997507885098457,0.011997507885098457,0.0,0.0,0.10638808459043503,0.011687997424699033,0.006937473779544234,0.138690074209981,0.07621670514345169,47.053733825683594,23.580060955137014
869,0.0015865379277392527,0.011932328343391418,0.011932328343391418,0.0,0.0,0.10881731659173965,0.011820684319380237,0.006988462642766535,0.13690498474327062,0.076124994084239,45.85026550292969,22.979541409760714
870,0.0015857348089555591,0.012155391043052077,0.012155391043052077,0.0,0.0,0.10551299713551998,0.011639828466678947,0.006859228364191949,0.13809998210182461,0.07636356726288795,46.65418243408203,23.379847715608776
871,0.0015849310375416399,0.011544864624738693,0.011544864624738693,0.0,0.0,0.10490739531815052,0.01160637707313069,0.00686550245154649,0.13687261200208695,0.07568968087434769,45.82858467102051,22.96674603316933
872,0.0015841266143789294,0.010747791966423392,0.010747791966423392,0.0,0.0,0.10582203790545464,0.011656862403750246,0.0068667776649817824,0.13901327311998263,0.07643063552677631,47.27329444885254,23.689558243378997
873,0.0015833215403495756,0.01031341589987278,0.01031341589987278,0.0,0.0,0.10611868090927601,0.011673189142519112,0.007032986264675856,0.13726155802900994,0.07586964778602123,46.08941078186035,23.097764731384814
874,0.0015825158163364414,0.010162260383367538,0.010162260383367538,0.0,0.0,0.1057797260582447,0.011654531645951373,0.0068749889032915235,0.14030234089799723,0.07724753953516483,48.154090881347656,24.12993530370295
875,0.001581709443223102,0.0094934965018183,0.0094934965018183,0.0,0.0,0.10694602131843567,0.011718605333667134,0.006929806200787425,0.14088297896617835,0.07822306640446186,48.55348300933838,24.330214515328407
876,0.001580902421893844,0.009510521544143558,0.009510521544143558,0.0,0.0,0.10945507138967514,0.011855272838862705,0.0069700307212769985,0.14399293256778717,0.0788495484739542,50.72075271606445,25.415103893727064
877,0.0015800947532336657,0.009372723521664739,0.009372723521664739,0.0,0.0,0.10591410659253597,0.011661932123764106,0.006894896738231182,0.1389263363777095,0.07740582339465618,47.21418571472168,23.660049910657108
878,0.0015792864381282742,0.009156713029369712,0.009156713029369712,0.0,0.0,0.10827568918466568,0.011791229556579488,0.006964706699363887,0.143361118433379,0.07937581837177277,50.27662181854248,25.192448753863573
879,0.0015784774774640867,0.009087471757084131,0.009087471757084131,0.0,0.0,0.10764843784272671,0.011757025851039028,0.006938858423382044,0.14080538869021872,0.07782435044646263,48.500014305114746,24.303831371478736
880,0.0015776678721282275,0.009244286920875311,0.009244286920875311,0.0,0.0,0.10848763585090637,0.011802764268363347,0.006972583709284663,0.14296134143926334,0.07984870858490467,49.99661350250244,25.052550569176674
881,0.0015768576230085285,0.00935692829079926,0.00935692829079926,0.0,0.0,0.11048664338886738,0.01191100752906453,0.007119418121874332,0.1436930236424642,0.07966322638094425,50.50968837738037,25.31008751038462
882,0.0015760467309935268,0.009392444742843509,0.009392444742843509,0.0,0.0,0.10825376398861408,0.011790035474924866,0.006956661702133715,0.14315224048363973,0.07962626032531261,50.13022422790527,25.119238995946944
883,0.0015752351969724647,0.009409117046743631,0.009409117046743631,0.0,0.0,0.10951131582260132,0.01185831839845575,0.0069872221210971475,0.1437354603960815,0.08002044446766376,50.53952884674072,25.324520081281662
884,0.0015744230218352894,0.009447728283703327,0.009447728283703327,0.0,0.0,0.10918611101806164,0.011840698030174663,0.0069934973726049066,0.14497721822199472,0.08032326586544514,51.41654300689697,25.762864558957517
885,0.00157361020647265,0.009618706884793937,0.009618706884793937,0.0,0.0,0.10824497416615486,0.01178955672838247,0.006960278027690947,0.1432644771630212,0.07981478236615658,50.2088623046875,25.158553639426827
886,0.0015727967517758985,0.009587416891008615,0.009587416891008615,0.0,0.0,0.11006425134837627,0.011888217754274196,0.007019663229584694,0.14738446425314364,0.08144469000399113,53.138190269470215,26.624127260409296
887,0.0015719826586370873,0.009149447549134493,0.009149447549134493,0.0,0.0,0.11162590980529785,0.011972259634561925,0.0070713001769036055,0.14700021041914663,0.08137623220682144,52.86147117614746,26.48654854297638
888,0.0015711679279489699,0.009135700762271881,0.009135700762271881,0.0,0.0,0.10915251821279526,0.011838876396308328,0.00700894056353718,0.14552303049015555,0.08113911934196949,51.80441856384277,25.956785541027784
889,0.001570352560604998,0.008775653783231974,0.008775653783231974,0.0,0.0,0.1108908224850893,0.01193277426628063,0.007204280234873295,0.14665860146432344,0.08156967163085938,52.616068840026855,26.363479831255972
890,0.0015695365574993222,0.00869329390116036,0.00869329390116036,0.0,0.0,0.11121725849807262,0.011950324322723142,0.007072061183862388,0.14729617400238787,0.08277539163827896,53.074543952941895,26.592880605719984
891,0.0015687199195267894,0.008644530083984137,0.008644530083984137,0.0,0.0,0.10996303334832191,0.011882749989131273,0.007010929635725915,0.14521363141773005,0.08098995499312878,51.58436679840088,25.8471649158746
892,0.0015679026475829442,0.008657698053866625,0.008657698053866625,0.0,0.0,0.10694478824734688,0.011718537966975638,0.00696519436314702,0.1441718187926346,0.08048033714294434,50.84685516357422,25.476899975910783
893,0.0015670847425640246,0.00837694585788995,0.00837694585788995,0.0,0.0,0.11316009797155857,0.012054252019401811,0.00707675947342068,0.14736726924841595,0.08235765248537064,53.125792503356934,26.619476300664246
894,0.001566266205366964,0.008443924016319215,0.008443924016319215,0.0,0.0,0.1088664997369051,0.011823355253588304,0.006958747748285532,0.143412251751399,0.07993295788764954,50.312493324279785,25.210679912008345
895,0.0015654470368893889,0.009082000935450196,0.009082000935450196,0.0,0.0,0.10830949246883392,0.011793070272709254,0.006963511346839368,0.14529324078345315,0.08145495317876339,51.64094257354736,25.8746260330081
896,0.0015646272380296178,0.009480826905928552,0.009480826905928552,0.0,0.0,0.11500203236937523,0.012151961083918299,0.007174554280936718,0.1486949069113254,0.08337186835706234,54.08732604980469,27.10116404108703
897,0.0015638068096866609,0.008798975497484207,0.008798975497484207,0.0,0.0,0.10997844487428665,0.011883582858165657,0.007060673786327243,0.14697507526776907,0.08224229328334332,52.8433952331543,26.47668683901429
898,0.0015629857527602183,0.008305931696668267,0.008305931696668267,0.0,0.0,0.10978183336555958,0.011872955839621054,0.007062856107950211,0.14550347129695115,0.08199082314968109,51.79049301147461,25.950137422420084
899,0.0015621640681506798,0.008182734483852983,0.008182734483852983,0.0,0.0,0.11174183152616024,0.011978474235989914,0.007078989874571562,0.1484812308192025,0.08328955061733723,53.93199062347412,27.02186622750014
900,0.001561341756759123,0.008414487121626735,0.008414487121626735,0.0,0.0,0.11231010593473911,0.012008894654022103,0.007119578309357166,0.14769901546930286,0.0829398650676012,53.36525058746338,26.73878034669906
901,0.0015605188194873134,0.008384004468098283,0.008384004468098283,0.0,0.0,0.10747242532670498,0.011747410398321336,0.006951740477234125,0.1462182170106517,0.08188547194004059,52.30055332183838,26.204012873582542
902,0.0015596952572377025,0.00832269317470491,0.00832269317470491,0.0,0.0,0.11583677120506763,0.012195983596290962,0.007239900529384613,0.149360784368952,0.08411868661642075,54.572832107543945,27.344334439374506
903,0.0015588710709134276,0.00838049896992743,0.00838049896992743,0.0,0.0,0.10722179524600506,0.011733704483640181,0.006994718569330871,0.14472995450347337,0.08120283484458923,51.24130439758301,25.674263096414506
904,0.0015580462614183093,0.007754510967060924,0.007754510967060924,0.0,0.0,0.11380528472363949,0.01208856708254028,0.0071841572644189,0.14953495414425066,0.0840915385633707,54.7001838684082,27.40699457656592
905,0.0015572208296568534,0.007811731076799333,0.007811731076799333,0.0,0.0,0.11173346266150475,0.011978025344643432,0.0070853400975465775,0.1490335168592109,0.08373948931694031,54.33394527435303,27.222839368507266
906,0.0015563947765342462,0.007833057083189487,0.007833057083189487,0.0,0.0,0.11223386228084564,0.012004817748042783,0.007131341379135847,0.14847857917002186,0.08373226597905159,53.93006420135498,27.021149031817913
907,0.0015555681029563568,0.007540239952504635,0.007540239952504635,0.0,0.0,0.11080093309283257,0.011927936477968862,0.007053455570712686,0.14829097436295766,0.08311510644853115,53.79386615753174,26.952333545312285
908,0.0015547408098297336,0.007046296610496938,0.007046296610496938,0.0,0.0,0.1131316889077425,0.01205273884782019,0.007129980833269656,0.15066693980956092,0.08456927537918091,55.531484603881836,27.82230814639479
909,0.0015539128980616049,0.006858786568045616,0.006858786568045616,0.0,0.0,0.11238118633627892,0.012012694288197455,0.007164814276620746,0.15160200609428776,0.08507426641881466,56.222900390625,28.16764078848064
910,0.001553084368559878,0.006875049788504839,0.006875049788504839,0.0,0.0,0.11436104029417038,0.012118047999072835,0.0071589050348848104,0.15199626056612675,0.08556956984102726,56.51570415496826,28.315032597631216
911,0.001552255222233137,0.0068250298500061035,0.0068250298500061035,0.0,0.0,0.1110475417226553,0.011941203005215425,0.007046309765428305,0.1503230893847225,0.08475370705127716,55.278306007385254,27.694676774553955
912,0.0015514254599906423,0.006547257071360946,0.006547257071360946,0.0,0.0,0.11193397454917431,0.011988768456642757,0.007114001316949725,0.15040768799033954,0.08443482965230942,55.340542793273926,27.72623838391155
913,0.00155059508274233,0.006648458889685571,0.006648458889685571,0.0,0.0,0.1138794980943203,0.012092507750172028,0.007176230428740382,0.1528022679241163,0.08622506819665432,57.11667823791504,28.61527886800468
914,0.0015497640913988107,0.00628662237431854,0.00628662237431854,0.0,0.0,0.11241244338452816,0.012014364511113885,0.007176424376666546,0.15244865473560007,0.08595303073525429,56.85262584686279,28.48251914512366
915,0.001548932486871368,0.006448474829085171,0.006448474829085171,0.0,0.0,0.11434219591319561,0.012117049454087755,0.007187719573266804,0.15250487854259898,0.08614576607942581,56.89456748962402,28.50445484276861
916,0.0015481002700719582,0.0063831196166574955,0.0063831196166574955,0.0,0.0,0.11390919238328934,0.01209408453004217,0.00717546115629375,0.15470755524143845,0.08710617944598198,58.54993152618408,29.331920359283686
917,0.0015472674419132093,0.006372094852849841,0.006372094852849841,0.0,0.0,0.1140601895749569,0.012102097615716428,0.0072371200658380985,0.15341579901935373,0.08676451072096825,57.57627010345459,28.845165146514773
918,0.0015464340033084193,0.006177148898132145,0.006177148898132145,0.0,0.0,0.11454235948622227,0.01212765051597178,0.007346061756834388,0.15418140098251712,0.08664197474718094,58.15235614776611,29.133449253626168
919,0.0015455999551715566,0.006210554391145706,0.006210554391145706,0.0,0.0,0.11529084481298923,0.012167210299353838,0.007251766626723111,0.15488674037373565,0.08784865029156208,58.68563652038574,29.400463682599366
920,0.001544765298417256,0.006232374347746372,0.006232374347746372,0.0,0.0,0.11439675465226173,0.012119939785028542,0.007168427691794932,0.1548490828506146,0.08700376749038696,58.657103538513184,29.385750146582723
921,0.0015439300339608218,0.006257769884541631,0.006257769884541631,0.0,0.0,0.11821211129426956,0.012320394144051526,0.007313942653127015,0.15764885959987465,0.08895030245184898,60.79739952087402,30.457805816084146
922,0.0015430941627182237,0.006259085726924241,0.006259085726924241,0.0,0.0,0.11262674257159233,0.012025810895108171,0.007157038198783994,0.15500816741890422,0.08718264475464821,58.777687072753906,29.44515690766275
923,0.0015422576856060966,0.0059228112222626805,0.0059228112222626805,0.0,0.0,0.11605444923043251,0.012207437746909149,0.007213170756585896,0.15663541407015508,0.08839129284024239,60.01823902130127,30.06714673526585
924,0.0015414206035417408,0.005887194420211017,0.005887194420211017,0.0,0.0,0.11504925601184368,0.012154456108431138,0.007221536710858345,0.1558605332080572,0.08816346153616905,59.42588520050049,29.770467228256166
925,0.0015405829174431195,0.006144148297607899,0.006144148297607899,0.0,0.0,0.11439798027276993,0.012120004770524688,0.007156875915825367,0.1550910436260378,0.08757410384714603,58.84055709838867,29.47747753933072
926,0.0015397446282288578,0.006148508167825639,0.006148508167825639,0.0,0.0,0.11402210965752602,0.012100077215752928,0.007217027829028666,0.15596145571056153,0.08816827088594437,59.50287055969238,29.808446334674954
927,0.0015389057368182426,0.006069684750400484,0.006069684750400484,0.0,0.0,0.11511921882629395,0.012158150857119833,0.007186498609371483,0.15627861952937327,0.08788448944687843,59.745123863220215,29.930121541023254
928,0.0015380662441312211,0.006095628719776869,0.006095628719776869,0.0,0.0,0.11537576094269753,0.012171690267563838,0.0072345922235399485,0.15575687855342313,0.08895185962319374,59.34687042236328,29.73112309165299
929,0.0015372261510884005,0.00629106757696718,0.00629106757696718,0.0,0.0,0.11560316570103168,0.012183679656673442,0.007225335226394236,0.1583146611623203,0.0893504898995161,61.31201934814453,30.71381125692278
930,0.0015363854586110455,0.006164714228361845,0.006164714228361845,0.0,0.0,0.11403069831430912,0.01210053330456488,0.007148275151848793,0.15678715018310777,0.08842440694570541,60.134578704833984,30.124304701574147
931,0.0015355441676210783,0.006349712843075395,0.006349712843075395,0.0,0.0,0.11611330509185791,0.0122105328186939,0.007285180385224521,0.15819946037569227,0.08943011425435543,61.222819328308105,30.66946631669998
932,0.0015347022790410778,0.006437973468564451,0.006437973468564451,0.0,0.0,0.1159076914191246,0.012199717058949055,0.00724593794438988,0.15852061838169376,0.08954381383955479,61.47164821624756,30.79377795383334
933,0.0015338597937942782,0.006595994811505079,0.006595994811505079,0.0,0.0,0.11490564048290253,0.012146867368588903,0.007241099723614752,0.1576959536669087,0.08952062018215656,60.83372688293457,30.474316261708736
934,0.0015330167128045679,0.006467872415669262,0.006467872415669262,0.0,0.0,0.11587272025644779,0.012197876268844467,0.00731706153601408,0.15766864282965642,0.08912478759884834,60.81265830993652,30.464265515096486
935,0.0015321730369964879,0.00624038465321064,0.00624038465321064,0.0,0.0,0.11581015400588512,0.012194582731034385,0.007270806818269193,0.15744666426169251,0.08985522575676441,60.64154815673828,30.378679155372083
936,0.001531328767295233,0.005952340899966657,0.005952340899966657,0.0,0.0,0.1144981887191534,0.012125311843823615,0.0072942867409437895,0.16067438514912938,0.09025346674025059,63.1533842086792,31.633941198699176
937,0.001530483904626648,0.006157176103442907,0.006157176103442907,0.0,0.0,0.11526830494403839,0.012166021273335392,0.007205237285234034,0.1578404513948816,0.08971703611314297,60.94526386260986,30.53026608377695
938,0.0015296384499172283,0.005907910061068833,0.005907910061068833,0.0,0.0,0.11527919210493565,0.012166595542708212,0.00719674548599869,0.1578561250423274,0.08945601992309093,60.95737171173096,30.536325451917946
939,0.001528792404094119,0.005825759959407151,0.005825759959407151,0.0,0.0,0.11641715280711651,0.012226498697155542,0.007323718979023397,0.1589956272557855,0.08999814465641975,61.84059715270996,30.97850715275854
940,0.001527945768085113,0.005719745648093522,0.005719745648093522,0.0,0.0,0.11636186204850674,0.01222359502090632,0.007306032464839518,0.15908431050943372,0.0902054775506258,61.90960502624512,31.012983444146812
941,0.0015270985428186504,0.005582622019574046,0.005582622019574046,0.0,0.0,0.11405809782445431,0.012101986991726906,0.0072658194694668055,0.15830723404013913,0.08940483443439007,61.30626392364502,30.710161010734737
942,0.0015262507292238177,0.005573936738073826,0.005573936738073826,0.0,0.0,0.11471839994192123,0.012136966527460972,0.007147580152377486,0.15823117790399455,0.08954955451190472,61.247371673583984,30.681045036762953
943,0.0015254023282303465,0.005345096695236862,0.005345096695236862,0.0,0.0,0.11587860062718391,0.012198185696080534,0.0072844005189836025,0.1591871119446924,0.09077697992324829,61.98964309692383,31.052760848775506
944,0.0015245533407686122,0.005444161361083388,0.005444161361083388,0.0,0.0,0.11734521761536598,0.01227513597111597,0.007376386900432408,0.1616005927737516,0.09179162234067917,63.88357925415039,32.00046223588288
945,0.001523703767769634,0.005400262773036957,0.005400262773036957,0.0,0.0,0.1156125720590353,0.012184175462625964,0.007231184164993465,0.1588434224846747,0.09035135433077812,61.72225761413574,30.91893509309739
946,0.0015228536101650726,0.005501765408553183,0.005501765408553183,0.0,0.0,0.11837515234947205,0.012328887633082299,0.007375039160251617,0.1609542536464048,0.09182435646653175,63.37358283996582,31.745978996157646
947,0.00152200286888723,0.005759560503065586,0.005759560503065586,0.0,0.0,0.11699356511235237,0.012256729465067302,0.007251259405165911,0.159821142283356,0.09044003486633301,62.484429359436035,31.300711462274194
948,0.0015211515448690486,0.00530414970126003,0.00530414970126003,0.0,0.0,0.11525185406208038,0.012165153314129425,0.0072643214371055365,0.15962105828945228,0.0909213125705719,62.328073501586914,31.221662677824497
949,0.0015202996390441096,0.005019493401050568,0.005019493401050568,0.0,0.0,0.1167177613824606,0.012242273925089042,0.007259571459144354,0.16151937874027053,0.09157155267894268,63.81938648223877,31.968052121810615
950,0.0015194471523466316,0.005034458707086742,0.005034458707086742,0.0,0.0,0.11557559855282307,0.01218222690819069,0.007285970728844404,0.16241131090834135,0.09172888658940792,64.52616882324219,32.320872210897505
951,0.0015185940857114716,0.005147902294993401,0.005147902294993401,0.0,0.0,0.1169253196567297,0.012253154106039138,0.007268047658726573,0.1596998509531529,0.09100401774048805,62.38962459564209,31.25327495764941
952,0.0015177404400741213,0.005134773091413081,0.005134773091413081,0.0,0.0,0.11829915456473827,0.012324929269073694,0.007367252255789936,0.16112670019867856,0.09157698787748814,63.5094518661499,31.81387551035732
953,0.0015168862163707077,0.004990572924725711,0.004990572924725711,0.0,0.0,0.11610823683440685,0.012210266012514114,0.007318685878999531,0.16142667936293317,0.09168746881186962,63.746148109436035,31.93112817313522
954,0.0015160314155379922,0.004500260227359831,0.004500260227359831,0.0,0.0,0.11675266362726688,0.012244103880720794,0.007315121358260512,0.16227505731327455,0.09209340810775757,64.4179458618164,32.26734926272184
955,0.0015151760385133687,0.004333164368290454,0.004333164368290454,0.0,0.0,0.1163678951561451,0.012223911683828024,0.007259105332195759,0.1623392184853184,0.09220669232308865,64.46889686584473,32.292632380500436
956,0.0015143200862348626,0.004409528453834355,0.004409528453834355,0.0,0.0,0.11596556194126606,0.0122027617677143,0.007297259522601962,0.1615799220447893,0.09234938584268093,63.86723804473877,31.991601803340018
957,0.0015134635596411306,0.004395268042571843,0.004395268042571843,0.0,0.0,0.11806696839630604,0.012312828344798389,0.007348557119257748,0.1635554473696218,0.09297188743948936,65.43850135803223,32.778284163214266
958,0.0015126064596714594,0.004289965843781829,0.004289965843781829,0.0,0.0,0.11659148707985878,0.012235649507301414,0.007272655260749161,0.1629810124211226,0.09314968436956406,64.97965049743652,32.54812099225819
959,0.0015117487872657641,0.004190505249425769,0.004190505249425769,0.0,0.0,0.11771295964717865,0.012294355173028267,0.007316264905966818,0.16382371464488046,0.09354408457875252,65.65334701538086,32.88552998751402
960,0.001510890543364588,0.004055531928315759,0.004055531928315759,0.0,0.0,0.11737639643251896,0.0122767664891118,0.00732028519269079,0.1638935061724409,0.09343043342232704,65.70930099487305,32.91333869565278
961,0.0015100317289090997,0.0038501942763105035,0.0038501942763105035,0.0,0.0,0.11828039586544037,0.012323951914544655,0.007360583636909723,0.1640646315617828,0.09362487308681011,65.84658622741699,32.982433311641216
962,0.0015091723448410958,0.0037341161514632404,0.0037341161514632404,0.0,0.0,0.1169859990477562,0.012256333062480607,0.0072958291275426745,0.16494339224081053,0.09391591511666775,66.55384826660156,33.33541713282466
963,0.0015083123921029954,0.003691843885462731,0.003691843885462731,0.0,0.0,0.11713825352489948,0.012264306437606082,0.007311814348213375,0.16442774380836314,0.09380116686224937,66.13837623596191,33.12775724474341
964,0.0015074518716378428,0.0037412092788144946,0.0037412092788144946,0.0,0.0,0.11881681345403194,0.012351865455610013,0.007377344300039113,0.16531628118528177,0.09442385472357273,66.85510444641113,33.48696062993258
965,0.0015065907843893037,0.003767715592402965,0.003767715592402965,0.0,0.0,0.11904041096568108,0.012363482830935694,0.007489746320061386,0.16678818293666586,0.09550708532333374,68.05089950561523,34.08496995829046
966,0.0015057291313016659,0.003874590969644487,0.003874590969644487,0.0,0.0,0.11796004697680473,0.012307251261526864,0.0073224150110036135,0.16468862708265236,0.09419751353561878,66.34841346740723,33.233186757192016
967,0.001504866913319838,0.003840238437987864,0.003840238437987864,0.0,0.0,0.11942722648382187,0.012383553648180877,0.007403918309137225,0.1683346718612081,0.09561662375926971,69.31871223449707,34.719069730490446
968,0.0015040041313893473,0.0039132520905695856,0.0039132520905695856,0.0,0.0,0.11756929196417332,0.01228685002664558,0.0073369822930544615,0.16408461467106356,0.09414664469659328,65.86262702941895,32.99009816069156
969,0.0015031407864563406,0.003924316784832627,0.003924316784832627,0.0,0.0,0.11895727925002575,0.012359164812426703,0.007383386720903218,0.1682100074310585,0.09606104716658592,69.2160758972168,34.66751658823341
970,0.0015022768794675807,0.003714709309861064,0.003714709309861064,0.0,0.0,0.11903909221291542,0.012363413828663228,0.007405532174743712,0.16646894943793947,0.09554079361259937,67.79065322875977,33.95484616048634
971,0.0015014124113704478,0.003776159544941038,0.003776159544941038,0.0,0.0,0.119150310754776,0.012369188383672954,0.007379991468042135,0.16824063347753507,0.0959751196205616,69.24128913879395,34.68021972477436
972,0.0015005473831129375,0.0036267091636545956,0.0036267091636545956,0.0,0.0,0.11833108589053154,0.012326592600828672,0.007347158854827285,0.16658170761763955,0.095521230250597,67.88251686096191,34.00042397342622
973,0.001499681795643659,0.003729073563590646,0.003729073563590646,0.0,0.0,0.1191042959690094,0.012366799341100654,0.0073659298941493034,0.16891755030313582,0.09653221629559994,69.79959106445312,34.95934768021107
974,0.0014988156499118352,0.0037179197533987463,0.0037179197533987463,0.0,0.0,0.11723496951162815,0.012269368150075458,0.007354798726737499,0.16493253966373358,0.09470965899527073,66.54509162902832,33.331163299269974
975,0.001497948946867301,0.003652861574664712,0.003652861574664712,0.0,0.0,0.12049533426761627,0.0124388069752548,0.007471957593224943,0.16889276955349652,0.09681407921016216,69.77911186218262,34.94980359822512
976,0.001497081687460503,0.0035495529300533235,0.0035495529300533235,0.0,0.0,0.11923262663185596,0.012373460419180643,0.007359552779234946,0.1679385720911045,0.09633208811283112,68.99287605285645,34.55605433974415
977,0.0014962138726424968,0.0036989476066082716,0.0036989476066082716,0.0,0.0,0.11915294639766216,0.012369325294010962,0.007359079201705754,0.168563324109175,0.09657339565455914,69.50715255737305,34.813152751885355
978,0.0014953455033649477,0.003424445050768554,0.003424445050768554,0.0,0.0,0.11705848015844822,0.012260129452344943,0.007288339082151651,0.16692370549804883,0.09561430104076862,68.16153907775879,34.13929877895862
979,0.00149447658058013,0.003540328936651349,0.003540328936651349,0.0,0.0,0.1209893524646759,0.012464280042193326,0.007433117018081248,0.16971585236658668,0.09730053320527077,70.46089553833008,35.29094244539738
980,0.0014936071052409235,0.0036726317484863102,0.0036726317484863102,0.0,0.0,0.11936297081410885,0.012380221791148536,0.0074714908841997385,0.16800481941272816,0.09641764499247074,69.04731750488281,34.58334023784846
981,0.0014927370783008142,0.0038896927144378424,0.0038896927144378424,0.0,0.0,0.11914534121751785,0.012368930294006169,0.007419654983095825,0.1677308338237446,0.09642437845468521,68.82229232788086,34.47071883454919
982,0.0014918665007138939,0.004023089655674994,0.004023089655674994,0.0,0.0,0.11882946640253067,0.012352523267932881,0.007329307612963021,0.16807587667289345,0.09617134183645248,69.10573768615723,34.61228357627988
983,0.0014909953734348574,0.0037185600958764553,0.0037185600958764553,0.0,0.0,0.12147423811256886,0.01248923116989912,0.007460044464096427,0.17066147452173605,0.09773080609738827,71.24827194213867,35.68487309012562
984,0.0014901236974190024,0.003561757446732372,0.003561757446732372,0.0,0.0,0.11937752366065979,0.012380976385454512,0.007399439811706543,0.16873908134519972,0.09743104130029678,69.65217781066895,34.8857776671648
985,0.0014892514736222291,0.0035970148164778948,0.0035970148164778948,0.0,0.0,0.119866993278265,0.012406332431054387,0.007444104412570596,0.17028742144055078,0.09759602881968021,70.93628883361816,35.528077913448215
986,0.0014883787030010372,0.003706982941366732,0.003706982941366732,0.0,0.0,0.12031408585608006,0.012429448214278967,0.0073931291699409485,0.16991013042376876,0.097721291705966,70.62230110168457,35.371307593770325
987,0.0014875053865125271,0.003355059423483908,0.003355059423483908,0.0,0.0,0.11761300452053547,0.012289134274970418,0.007331501925364137,0.16741130056732698,0.09676953963935375,68.56032752990723,34.33897026721388
988,0.0014866315251143973,0.003397885011509061,0.003397885011509061,0.0,0.0,0.11938922293484211,0.012381583142298709,0.007366822217591107,0.17063573810040697,0.0978829488158226,71.22678184509277,35.67308553401381
989,0.0014857571197649437,0.0033174530253745615,0.0033174530253745615,0.0,0.0,0.118278244510293,0.012323839887230533,0.007343478035181761,0.16757602301304111,0.09684419445693493,68.6953125,34.40679537225515
990,0.0014848821714230594,0.0032793497084639966,0.0032793497084639966,0.0,0.0,0.11953311786055565,0.01238904249945361,0.007375864079222083,0.17143053326165383,0.09812982752919197,71.89185333251953,36.00569322519004
991,0.0014840066810482323,0.0036120846052654088,0.0036120846052654088,0.0,0.0,0.11919761449098587,0.012371643716212926,0.0073889055056497455,0.16890015577443343,0.09764526039361954,69.78521537780762,34.9522064961493
992,0.001483130649600545,0.0034522510250099003,0.0034522510250099003,0.0,0.0,0.12128606997430325,0.012479554287502737,0.007511261384934187,0.17157344617518352,0.0987317580729723,72.01177024841309,36.066528159193695
993,0.0014822540780406732,0.003508101566694677,0.003508101566694677,0.0,0.0,0.11978869140148163,0.012402279692441237,0.007485577021725476,0.16983713306023918,0.09809796139597893,70.56163597106934,35.34071233123541
994,0.0014813769673298854,0.0036637065350078046,0.0036637065350078046,0.0,0.0,0.12107894383370876,0.012468893982068206,0.00749400514177978,0.17123481207824098,0.09856509231030941,71.72779273986816,35.924435841850936
995,0.001480499318430041,0.003506773035041988,0.003506773035041988,0.0,0.0,0.1191207654774189,0.012367654619603945,0.007373300613835454,0.1693599304440341,0.09805204533040524,70.16567039489746,35.14239558018744
996,0.0014796211323035897,0.003399294917471707,0.003399294917471707,0.0,0.0,0.11945123970508575,0.012384798163547373,0.007415316300466657,0.1694470435968719,0.09785628505051136,70.23786926269531,35.1786602512002
997,0.0014787424099135698,0.003359646478202194,0.003359646478202194,0.0,0.0,0.11964243650436401,0.012394706348499726,0.007414941443130374,0.16952119508493685,0.09787280298769474,70.29935646057129,35.20949944853783
998,0.0014778631522236086,0.0032470569713041186,0.0032470569713041186,0.0,0.0,0.11975264549255371,0.012400413670646494,0.007408657111227512,0.17124108705071756,0.09846461936831474,71.7330493927002,35.926401019096375
999,0.0014769833601979197,0.0032185076270252466,0.0032185076270252466,0.0,0.0,0.11846068874001503,0.012333341025421933,0.007338345516473055,0.16864368077411976,0.09711773321032524,69.57343864440918,34.8459496665746
1000,0.0014761030348013032,0.0031651347526349127,0.0031651347526349127,0.0,0.0,0.11900762282311916,0.01236177987767653,0.007371941697783768,0.17159672990607225,0.09903793968260288,72.03131484985352,36.07516123633832
1001,0.0014752221769991434,0.0030208899988792837,0.0030208899988792837,0.0,0.0,0.12147185020148754,0.012489108245229785,0.007444178918376565,0.17142945216032834,0.09900403209030628,71.89094924926758,36.00621054973453
1002,0.0014743407877574094,0.003028092614840716,0.003028092614840716,0.0,0.0,0.11824911646544933,0.012322322030770863,0.007380346534773707,0.1693871940269371,0.0977863036096096,70.18825721740723,35.15325316693634
1003,0.0014734588680426525,0.0028586090193130076,0.0028586090193130076,0.0,0.0,0.1200646348297596,0.012416556277463353,0.007442457950673997,0.17152962066010682,0.0990762822329998,71.9749870300293,36.04752583242953
1004,0.0014725764188220053,0.0027405013097450137,0.0027405013097450137,0.0,0.0,0.11911003850400448,0.012367097923119472,0.0073844046564772725,0.1705133185966926,0.09869447164237499,71.12461853027344,35.62186428438872
1005,0.001471693441063182,0.002591921016573906,0.002591921016573906,0.0,0.0,0.11936794966459274,0.012380479792351115,0.007378269569016993,0.1710027199424813,0.09890369698405266,71.53347778320312,35.82642286643386
1006,0.0014708099357344756,0.0025560540962032974,0.0025560540962032974,0.0,0.0,0.11978214792907238,0.012401941183316969,0.007411010563373566,0.17174759797562333,0.09936665929853916,72.15803146362305,36.13890680577606
1007,0.0014699259038047586,0.002524328767322004,0.002524328767322004,0.0,0.0,0.11969641782343388,0.012397502016042268,0.007402312126941979,0.17172777849852128,0.09940534457564354,72.14138221740723,36.13053931761533
1008,0.00146904134624348,0.002597571525257081,0.002597571525257081,0.0,0.0,0.1201773788779974,0.012422384907738997,0.007420226116664708,0.17267808722147282,0.09972893446683884,72.94202041625977,36.53109889756888
1009,0.0014681562640206655,0.002538908040151,0.002538908040151,0.0,0.0,0.1201709657907486,0.01242205338951666,0.0074196517234668136,0.17150269358381842,0.09927181154489517,71.952392578125,36.036281771957874
1010,0.001467270658106917,0.0025245724827982485,0.0025245724827982485,0.0,0.0,0.12101225182414055,0.0124654592966709,0.007441940251737833,0.17307244751260425,0.10010799579322338,73.27556800842285,36.698290130123496
1011,0.0014663845294734094,0.0025407696375623345,0.0025407696375623345,0.0,0.0,0.120229197666049,0.012425062208153651,0.007408001576550305,0.1720375165092498,0.0995869655162096,72.40185165405273,36.26104042585939
1012,0.0014654978790918911,0.0024390891194343567,0.0024390891194343567,0.0,0.0,0.11998598091304302,0.012412488558857652,0.0074393401155248284,0.1726741594308096,0.09986331686377525,72.93870544433594,36.52934571262449
1013,0.0014646107079346836,0.002549864409957081,0.002549864409957081,0.0,0.0,0.11992757208645344,0.0124094671638497,0.007404645439237356,0.17121442872834566,0.09934299439191818,71.7107162475586,35.915321909822524
1014,0.0014637230169746783,0.0027043655863963068,0.0027043655863963068,0.0,0.0,0.12148205190896988,0.01248963299695826,0.007497241720557213,0.1734099488133704,0.10037796013057232,73.5616340637207,36.84155805781484
1015,0.0014628348071853375,0.0027391763869673014,0.0027391763869673014,0.0,0.0,0.11933026276528835,0.012378525255244356,0.007402608869597316,0.17179004644993162,0.09944683872163296,72.1937026977539,36.1565164802596
1016,0.0014619460795406922,0.0025810064398683608,0.0025810064398683608,0.0,0.0,0.11862021125853062,0.012341642404724303,0.0074109951965510845,0.17184968512681473,0.09967700392007828,72.24383926391602,36.18122973758727
1017,0.0014610568350153412,0.002566224953625351,0.002566224953625351,0.0,0.0,0.12108766660094261,0.012469342853448459,0.007517991354689002,0.17356421630367588,0.1005584467202425,73.69257354736328,36.90683060698211
1018,0.0014601670745844498,0.0025172566529363394,0.0025172566529363394,0.0,0.0,0.11994205042719841,0.012410216315614606,0.00742354744579643,0.1727113195234679,0.10039160959422588,72.9700984954834,36.5450202729553
1019,0.00145927679922375,0.00238725112285465,0.00238725112285465,0.0,0.0,0.12000760994851589,0.012413607233757054,0.0074120021890848875,0.17209527817474163,0.09991250559687614,72.45047760009766,36.285242605023086
1020,0.0014583860099095373,0.0024243700900115073,0.0024243700900115073,0.0,0.0,0.12073981948196888,0.012451419640862155,0.007438970496878028,0.1741056985301764,0.10086707212030888,74.15310287475586,37.136921347118914
1021,0.001457494707618672,0.0023636725381948054,0.0023636725381948054,0.0,0.0,0.11995084211230278,0.012410670973424708,0.007419932633638382,0.1729433454488794,0.10063302516937256,73.16629028320312,36.643120562657714
1022,0.0014566028933285756,0.0023661337909288704,0.0023661337909288704,0.0,0.0,0.12138817459344864,0.012484806284878254,0.007492387434467673,0.17403860689660017,0.10112462006509304,74.0959587097168,37.10867344215512
1023,0.0014557105680172322,0.0023940589744597673,0.0023940589744597673,0.0,0.0,0.12071911618113518,0.012450351991960935,0.0074560814537107944,0.17301878141374596,0.10039790719747543,73.23013496398926,36.6754270400852
1024,0.0014548177326631862,0.002300657273735851,0.002300657273735851,0.0,0.0,0.12099673040211201,0.012464659762347102,0.007467591785825789,0.1748699753595345,0.10145532712340355,74.80555152893066,37.46327412966639
1025,0.0014539243882455406,0.0023240199661813676,0.0023240199661813676,0.0,0.0,0.12108353152871132,0.012469129725438299,0.007471718592569232,0.17456985662216853,0.10121318325400352,74.54900360107422,37.335043566301465
1026,0.0014530305357439571,0.00229845562716946,0.00229845562716946,0.0,0.0,0.12063905410468578,0.012446222975528505,0.00745279120747,0.17380458693853582,0.10128241032361984,73.8968276977539,37.008733375929296
1027,0.0014521361761386552,0.0022403650800697505,0.0022403650800697505,0.0,0.0,0.12143073230981827,0.012486994450732253,0.007503672735765576,0.1743575376180839,0.10150439850986004,74.3677749633789,37.24460284784436
1028,0.0014512413104104094,0.002226625510957092,0.002226625510957092,0.0,0.0,0.12140076607465744,0.012485453450828153,0.007489060517400503,0.1749830854066747,0.1019178181886673,74.90235900878906,37.51187988743186
1029,0.0014503459395405493,0.002331227471586317,0.002331227471586317,0.0,0.0,0.11975954845547676,0.012400770996979605,0.0074138285126537085,0.1747009872811188,0.10152825713157654,74.66104316711426,37.39040135778487
1030,0.0014494500645109596,0.002350031631067395,0.002350031631067395,0.0,0.0,0.12263077683746815,0.012548544501094057,0.007533732219599187,0.17627760691649216,0.10243035294115543,76.01470756530762,38.06866917107254
1031,0.0014485536863040767,0.0022609574953094125,0.0022609574953094125,0.0,0.0,0.12165472656488419,0.012498506016924005,0.007466605398803949,0.17378697685170025,0.10121169872581959,73.88185691833496,37.00175582244992
1032,0.001447656805902889,0.00218270777259022,0.00218270777259022,0.0,0.0,0.11939688213169575,0.012381980089161521,0.00744753610342741,0.17318079192748612,0.10096482560038567,73.36733818054199,36.743367531336844
1033,0.0014467594242909363,0.0021223388030193746,0.0021223388030193746,0.0,0.0,0.12152447178959846,0.012491813473446805,0.007487050956115127,0.17582202147140805,0.10214845277369022,75.6222972869873,37.87191087938845
1034,0.0014458615424523074,0.002120691060554236,0.002120691060554236,0.0,0.0,0.12141194567084312,0.012486028179496898,0.0074680636171251535,0.1754452315052289,0.10226335003972054,75.29852485656738,37.70996840111911
1035,0.0014449631613716394,0.0021538683213293552,0.0021538683213293552,0.0,0.0,0.12027914822101593,0.012427643208541785,0.007438828935846686,0.17479946352435935,0.10171170346438885,74.74523735046387,37.43275824934244
1036,0.001444064282034118,0.002191568142734468,0.002191568142734468,0.0,0.0,0.12100096233189106,0.012464877636520702,0.007474713260307908,0.17481544663973927,0.10156218893826008,74.7589054107666,37.439953186549246
1037,0.001443164905425474,0.002242285932879895,0.002242285932879895,0.0,0.0,0.11951124109327793,0.012387908391046561,0.007419649627991021,0.17441547340898883,0.1015835553407669,74.41720771789551,37.26835947949439
1038,0.0014422650325319846,0.0021756075439043343,0.0021756075439043343,0.0,0.0,0.1208067312836647,0.012454869589614037,0.007479692227207124,0.17406200496399443,0.10166596062481403,74.11588478088379,37.11834575608373
1039,0.0014413646643404708,0.0021204223739914596,0.0021204223739914596,0.0,0.0,0.12090539187192917,0.012459954035000862,0.007473269826732576,0.1753877672990641,0.10218401998281479,75.24920272827148,37.68505406007171
1040,0.0014404638018382962,0.0020821813377551734,0.0020821813377551734,0.0,0.0,0.12079559080302715,0.012454295175707225,0.007491969154216349,0.1749433348548222,0.10198883712291718,74.86832427978516,37.49455993529409
1041,0.001439562446013367,0.0019855258869938552,0.0019855258869938552,0.0,0.0,0.12110264599323273,0.012470114080905564,0.007471450371667743,0.1752884367460563,0.10210269503295422,75.16399765014648,37.64255014806986
1042,0.0014386605978541312,0.0019359391881152987,0.0019359391881152987,0.0,0.0,0.1211200188845396,0.01247100865667341,0.007490156684070826,0.1751373458256348,0.10197559371590614,75.03447723388672,37.57779862638563
1043,0.0014377582583495752,0.0019358474819455296,0.0019358474819455296,0.0,0.0,0.12135907262563705,0.012483309457617811,0.007488286355510354,0.1758014018375533,0.10238736867904663,75.60456085205078,37.86295996233821
1044,0.0014368554284892251,0.0017850971489679068,0.0017850971489679068,0.0,0.0,0.12067413330078125,0.012448032447345365,0.0074896885780617595,0.175280037883829,0.10240627825260162,75.15679550170898,37.63873481750488
1045,0.0014359521092631442,0.0017557587707415223,0.0017557587707415223,0.0,0.0,0.12185969948768616,0.012509031154401152,0.007505076588131487,0.17699989712277417,0.10347019508481026,76.63891410827637,38.38038690388203
1046,0.0014350483016619335,0.0017929182795342058,0.0017929182795342058,0.0,0.0,0.12200478836894035,0.012516475158867746,0.007492413627915084,0.17620911579928222,0.10305833630263805,75.95564842224121,38.038826605305076
1047,0.0014341440066767282,0.001832893438404426,0.001832893438404426,0.0,0.0,0.12012147903442383,0.012419495393782265,0.007450590375810862,0.17587920611968627,0.10275282524526119,75.67150115966797,37.895811319351196
1048,0.001433239225299199,0.0019387357751838863,0.0019387357751838863,0.0,0.0,0.12252529338002205,0.01254314604048899,0.007528200396336615,0.17664545924857225,0.10340565629303455,76.33229064941406,38.22740797139704
1049,0.0014323339585215493,0.0019233882194384933,0.0019233882194384933,0.0,0.0,0.1220721397548914,0.012519930281859735,0.007526755798608065,0.1773762054615781,0.10350343771278858,76.96513938903809,38.54360576439649
1050,0.0014314282073365151,0.0019375900737941265,0.0019375900737941265,0.0,0.0,0.12079954892396927,0.012454499648479427,0.007460234919562936,0.1755438433272052,0.10262301750481129,75.3831958770752,37.75199771299958
1051,0.0014305219727373643,0.002071264840196818,0.002071264840196818,0.0,0.0,0.12271998450160027,0.012553107762488858,0.007534948643296957,0.17867581095236248,0.10429779812693596,78.09709167480469,39.109905829653144
1052,0.0014296152557178932,0.0020318819442763925,0.0020318819442763925,0.0,0.0,0.12141896784305573,0.012486389756954963,0.007492362870834768,0.17581543722430001,0.1026819460093975,75.61663436889648,37.86902666836977
1053,0.0014287080572724293,0.001998023741180077,0.001998023741180077,0.0,0.0,0.12017129361629486,0.01242207008278356,0.0074657321674749255,0.1744653348754177,0.10260100662708282,74.45975875854492,37.28996502608061
1054,0.001427800378395826,0.002101997204590589,0.002101997204590589,0.0,0.0,0.12259414419531822,0.01254667007735368,0.007551094400696456,0.17673942696862577,0.10336146503686905,76.41352462768555,38.26805938594043
1055,0.001426892220083465,0.0020063028787262738,0.0020063028787262738,0.0,0.0,0.1206369698047638,0.012446115410206173,0.00749004865065217,0.17616530425173607,0.10323278605937958,75.91788291931152,38.019259944558144
1056,0.001425983583331253,0.0020442998502403498,0.0020442998502403498,0.0,0.0,0.12114870920777321,0.012472485375828065,0.007486501941457391,0.17588401280794483,0.10315806604921818,75.67563247680664,37.89839059300721
1057,0.0014250744691356218,0.002330114133656025,0.002330114133656025,0.0,0.0,0.12111351266503334,0.012470673617632018,0.007503257133066654,0.17739592542989388,0.10339046455919743,76.98225212097168,38.55168281681836
1058,0.0014241648784935265,0.002266382274683565,0.002266382274683565,0.0,0.0,0.11987404897809029,0.012406697504052459,0.0074438604060560465,0.17503083507685832,0.10262267105281353,74.94324111938477,37.53155758418143
1059,0.0014232548124024445,0.002065229549771175,0.002065229549771175,0.0,0.0,0.12086375616490841,0.012457808573572001,0.007471425575204194,0.17525478839811676,0.10264034382998943,75.1351432800293,37.6280035180971
1060,0.0014223442718603752,0.002106802334310487,0.002106802334310487,0.0,0.0,0.1207481101155281,0.012451847375983814,0.00747603562194854,0.1761440678598163,0.10284310020506382,75.89958190917969,38.01016500964761
1061,0.001421433257865838,0.0020798298064619303,0.0020798298064619303,0.0,0.0,0.12027082592248917,0.01242721361573124,0.007451937417499721,0.17525499299108976,0.10275451093912125,75.13532066345215,37.62779574468732
1062,0.0014205217714178715,0.0020694705308414996,0.0020694705308414996,0.0,0.0,0.12144932895898819,0.012487950451035951,0.007598519674502313,0.17649460923079854,0.10306715406477451,76.20197868347168,38.161714006215334
1063,0.0014196098135160317,0.0022287004976533353,0.0022287004976533353,0.0,0.0,0.12040598504245281,0.01243419415933455,0.007483898662030697,0.17560101912144088,0.10332181304693222,75.43230819702148,37.77635709103197
1064,0.001418697385160393,0.002026625064900145,0.002026625064900145,0.0,0.0,0.12089667282998562,0.012459504971367188,0.007537190453149378,0.1755324165449112,0.10309755243360996,75.37338256835938,37.74713962059468
1065,0.0014177844873515446,0.001891457854071632,0.001891457854071632,0.0,0.0,0.12277021072804928,0.012555676059416017,0.007570747751742601,0.17721248733721665,0.10406463220715523,76.82312774658203,38.47294897865504
1066,0.001416871121090591,0.0019648092275019735,0.0019648092275019735,0.0,0.0,0.12061689049005508,0.012445079461794809,0.007469568168744445,0.17474538580394092,0.10247188806533813,74.6989974975586,37.409807194024324
1067,0.00141595728737915,0.0018953780236188322,0.0018953780236188322,0.0,0.0,0.12228407338261604,0.012530793219719878,0.007524306536652148,0.1772766231484983,0.1041336227208376,76.87874412536621,38.50051409937441
1068,0.0014150429872193527,0.0019009248353540897,0.0019009248353540897,0.0,0.0,0.12150030583143234,0.012490571319846128,0.007486807648092508,0.17691496849249216,0.10377879627048969,76.56538581848145,38.34344306215644
1069,0.0014141282216138414,0.0017214712279383093,0.0017214712279383093,0.0,0.0,0.12207780592143536,0.012520220417640664,0.007542715058661997,0.17683712749910818,0.10407195053994656,76.49802589416504,38.31005185004324
1070,0.0014132129915657684,0.0017358105687890202,0.0017358105687890202,0.0,0.0,0.12038425914943218,0.01243307221617239,0.007490059128031135,0.17739418768264106,0.10404037311673164,76.98074150085449,38.55056288000196
1071,0.0014122972980787957,0.0016572730091866106,0.0016572730091866106,0.0,0.0,0.12158060073852539,0.012494697472912179,0.00751108315307647,0.17704748291587608,0.1039616484194994,76.68013000488281,38.40085530281067
1072,0.0014113811421570936,0.0016025369404815137,0.0016025369404815137,0.0,0.0,0.12153546884655952,0.012492378590610254,0.007543040672317147,0.1770417162199423,0.10391069948673248,76.67513465881348,38.39833506383002
1073,0.0014104645248053393,0.001613830914720893,0.001613830914720893,0.0,0.0,0.12093118764460087,0.012461283320322657,0.007488065515644848,0.1764289565609864,0.10382300056517124,76.14529037475586,38.13311078120023
1074,0.001409547447028716,0.0015719596412964165,0.0015719596412964165,0.0,0.0,0.1209795605391264,0.012463775092785746,0.007528910180553794,0.17668918599900388,0.10390851087868214,76.37008666992188,38.2455331152305
1075,0.0014086299098329126,0.0015736071800347418,0.0015736071800347418,0.0,0.0,0.11992156505584717,0.012409156262116054,0.007479231106117368,0.17612445228974088,0.10339231975376606,75.88267707824707,38.00129932165146
1076,0.0014077119142241205,0.0015665695536881685,0.0015665695536881685,0.0,0.0,0.12180645950138569,0.012506297943359503,0.007512742537073791,0.1773201010287183,0.104252178221941,76.91645431518555,38.519130387343466
1077,0.0014067934612090344,0.001510567031800747,0.001510567031800747,0.0,0.0,0.12121114507317543,0.012475698987519521,0.007499771658331156,0.17743557005560287,0.10413919016718864,77.01666641235352,38.568938778713346
1078,0.001405874551794851,0.0014206624182406813,0.0014206624182406813,0.0,0.0,0.12044112756848335,0.01243600845300347,0.007474712794646621,0.1769041488356238,0.103993846103549,76.5560245513916,38.33823283948004
1079,0.001404955186989267,0.0014218446740414947,0.0014218446740414947,0.0,0.0,0.12138091772794724,0.012484433005516582,0.007524824235588312,0.1769634323297077,0.10420827940106392,76.60733795166016,38.36435943469405
1080,0.0014040353678004783,0.001349456433672458,0.001349456433672458,0.0,0.0,0.12103128992021084,0.012466439710541411,0.007484636618755758,0.17761721260132707,0.10438944958150387,77.17443084716797,38.64773106854409
1081,0.00140311509523718,0.0014274926215875894,0.0014274926215875894,0.0,0.0,0.12206164747476578,0.012519391834796502,0.007557173375971615,0.1775948034099528,0.10455645993351936,77.15495872497559,38.638510186225176
1082,0.0014021943703085636,0.0014720952895004302,0.0014720952895004302,0.0,0.0,0.12139718048274517,0.012485269590342938,0.00749153015203774,0.17787019025883746,0.10494845919311047,77.39443016052246,38.7579136705026
1083,0.0014012731940243163,0.001477652316680178,0.001477652316680178,0.0,0.0,0.12040044367313385,0.012433908453073763,0.00747640966437757,0.1773573457972159,0.10419698432087898,76.94877052307129,38.53458548337221
1084,0.001400351567394622,0.0015565332723781466,0.0015565332723781466,0.0,0.0,0.12235856801271439,0.012534609371342712,0.0075389479752629995,0.1774679600251697,0.10486271791160107,77.0447883605957,38.58357346430421
1085,0.0013994294914301563,0.0015680250653531402,0.0015680250653531402,0.0,0.0,0.12236844375729561,0.012535115385358559,0.0075664297910407186,0.17839482235069826,0.1048813983798027,77.85165214538574,38.98701029457152
1086,0.0013985069671420887,0.0014646391209680587,0.0014646391209680587,0.0,0.0,0.12192322872579098,0.012512291349731672,0.0075286346254870296,0.17867696939552336,0.10515844635665417,78.09810066223145,39.11001194547862
1087,0.0013975839955420806,0.0014195909316185862,0.0014195909316185862,0.0,0.0,0.12029053084552288,0.01242823158754371,0.007476056343875825,0.17664592584386063,0.1042876373976469,76.33269500732422,38.22649276908487
1088,0.0013966605776422835,0.0014898288354743272,0.0014898288354743272,0.0,0.0,0.12345017492771149,0.01259039806752162,0.007570080109871924,0.17900856696688114,0.10536384023725986,78.38825225830078,39.255851216614246
1089,0.001395736714455338,0.001467902067815885,0.001467902067815885,0.0,0.0,0.12138442322611809,0.012484613235860219,0.007511114934459329,0.17839310216474324,0.1051863394677639,77.85014724731445,38.985765835270286
1090,0.0013948124069943738,0.0014174778771121055,0.0014174778771121055,0.0,0.0,0.12161500565707684,0.012496465282400112,0.0075638542184606194,0.1774463336913348,0.10482563823461533,77.02601051330566,38.57381275948137
1091,0.0013938876562730068,0.001488910405896604,0.001488910405896604,0.0,0.0,0.12086322158575058,0.0124577811232879,0.007497343583963811,0.1769470248002444,0.10453623905777931,76.59313774108887,38.35700048133731
1092,0.0013929624633053398,0.001595514069776982,0.001595514069776982,0.0,0.0,0.1228320337831974,0.012558837388806277,0.00754139490891248,0.1789282040889496,0.10535899363458157,78.31788635253906,39.22035919316113
1093,0.0013920368291059607,0.0016035253065638244,0.0016035253065638244,0.0,0.0,0.12159033492207527,0.012495197970049806,0.007519738748669624,0.17733189972805968,0.104897640645504,76.92669296264648,38.52414164878428
1094,0.0013911107546899404,0.0016279045958071947,0.0016279045958071947,0.0,0.0,0.11973574571311474,0.01239953835364908,0.007465787115506828,0.17820030490294456,0.1051168330013752,77.68196296691895,38.90084935631603
1095,0.0013901842410728332,0.001674051134614274,0.001674051134614274,0.0,0.0,0.12297605723142624,0.012566197896466463,0.007559448480606079,0.17797790600498278,0.10505584627389908,77.48818969726562,38.805582877248526
1096,0.0013892572892706748,0.0015642815560568124,0.0015642815560568124,0.0,0.0,0.12173185683786869,0.012502467621558098,0.0075290953973308206,0.1787082614594098,0.10509032942354679,78.12545967102051,39.12359576392919
1097,0.0013883299002999817,0.0014673992700409144,0.0014673992700409144,0.0,0.0,0.11976286396384239,0.012400942908936096,0.007495542638935149,0.1766141655535544,0.1045264732092619,76.30524635314941,38.21250460855663
1098,0.0013874020751777495,0.0014221882447600365,0.0014221882447600365,0.0,0.0,0.1217645201832056,0.01250414501370463,0.00751469552051276,0.17767661591906503,0.10456481203436852,77.2260627746582,38.673913647420704
1099,0.0013864738149214518,0.0013751188525930047,0.0013751188525930047,0.0,0.0,0.12167146615684032,0.012499365671741067,0.0075213187374174595,0.17892584360265462,0.10580294579267502,78.31582069396973,39.21874608006328
1100,0.0013855451205490405,0.0013311150250956416,0.0013311150250956416,0.0,0.0,0.12144634686410427,0.012487797216235694,0.0075074066407978535,0.177342086733778,0.10447043552994728,76.9355354309082,38.528490888886154
1101,0.0013846159930789425,0.0012794542126357555,0.0012794542126357555,0.0,0.0,0.12156726233661175,0.012494012495964242,0.007521685678511858,0.17821964888452194,0.10494932904839516,77.69883728027344,38.910202271305025
1102,0.0013836864335300602,0.0012058114225510508,0.0012058114225510508,0.0,0.0,0.12178512662649155,0.012505202833446548,0.007510842056944966,0.17855455769092063,0.1051564235240221,77.99113082885742,39.05645797774196
1103,0.0013827564429217693,0.0012070215889252722,0.0012070215889252722,0.0,0.0,0.121917974203825,0.012512021528590178,0.007516551064327359,0.1783788284189649,0.1054038293659687,77.83769226074219,38.979805117473006
1104,0.0013818260222739189,0.0012027605262119323,0.0012027605262119323,0.0,0.0,0.12046989612281322,0.012437493861543756,0.007496754638850689,0.17813511096131834,0.10518832132220268,77.62514114379883,38.87280551996082
1105,0.001380895172606829,0.001204523810883984,0.001204523810883984,0.0,0.0,0.122331652790308,0.012533230825747364,0.007588950684294105,0.17933282886453966,0.10594350285828114,78.67250061035156,39.397416131570935
1106,0.0013799638949412905,0.0011969122861046344,0.0011969122861046344,0.0,0.0,0.12132354639470577,0.012481482073872853,0.00751432916149497,0.17833311759874035,0.10557528398931026,77.79780578613281,38.95956466626376
1107,0.0013790321902985635,0.0011750913399737328,0.0011750913399737328,0.0,0.0,0.12183466739952564,0.012507745918633044,0.007541271043010056,0.17933886593135426,0.10592042095959187,78.67779159545898,39.399813131429255
1108,0.0013781000597003765,0.0010664027649909258,0.0010664027649909258,0.0,0.0,0.12120993994176388,0.01247563687545545,0.0075101302936673164,0.1785341075870175,0.10559390112757683,77.97326469421387,39.047237317077816
1109,0.001377167504168925,0.0010916842438746244,0.0010916842438746244,0.0,0.0,0.1214354895055294,0.012487239320802368,0.007524129003286362,0.1791046423111651,0.10594288446009159,78.47241401672363,39.29692475311458
1110,0.00137623452472687,0.001085812400560826,0.001085812400560826,0.0,0.0,0.12288875505328178,0.012561736843771853,0.007560928352177143,0.17983300340578082,0.10620271600782871,79.1119556427002,39.61742219887674
1111,0.0013753011223973386,0.0010914634331129491,0.0010914634331129491,0.0,0.0,0.12259959802031517,0.012546949011659649,0.007582669262774289,0.1793902779263396,0.1064243707805872,78.72291564941406,39.42275762371719
1112,0.0013743672982039206,0.0010818290465977043,0.0010818290465977043,0.0,0.0,0.12102485075592995,0.01246610848840454,0.007516568060964346,0.17818613854008233,0.1054078508168459,77.66961669921875,38.89532077498734
1113,0.0013734330531706685,0.0011292644776403904,0.0011292644776403904,0.0,0.0,0.1235525868833065,0.012595619298732083,0.007589453016407788,0.18033499519129387,0.10668636113405228,79.55424499511719,39.83889879100025
1114,0.0013724983883220967,0.0011178105196449906,0.0011178105196449906,0.0,0.0,0.12265325337648392,0.012549694675878461,0.0075650004437193274,0.17926639472332678,0.10632509179413319,78.61421966552734,39.368436459451914
1115,0.0013715633046831798,0.0010140865051653236,0.0010140865051653236,0.0,0.0,0.12204109877347946,0.012518337829556393,0.007563337916508317,0.17934948288621258,0.1060823742300272,78.68710899353027,39.40457504615188
1116,0.001370627803279352,0.0009775162325240672,0.0009775162325240672,0.0,0.0,0.12147543579339981,0.012489292777423996,0.00753737473860383,0.17915648020898045,0.10608793050050735,78.51784706115723,39.31966124847531
1117,0.0013696918851365048,0.0009674262400949374,0.0009674262400949374,0.0,0.0,0.12331793643534184,0.012583653065616913,0.007572769653052092,0.18010438884764057,0.10663914307951927,79.35091209411621,39.737115015275776
1118,0.0013687555512809872,0.0010278453992214054,0.0010278453992214054,0.0,0.0,0.1212605033069849,0.012478238901943366,0.0075139987748116255,0.1792167790095827,0.10613568499684334,78.57071113586426,39.34598581958562
1119,0.0013678188027396042,0.0011036539071938023,0.0011036539071938023,0.0,0.0,0.12278900854289532,0.012556637550488393,0.007561781792901456,0.18046539827842614,0.107022725045681,79.66934204101562,39.89606552477926
1120,0.0013668816405396156,0.0010669013136066496,0.0010669013136066496,0.0,0.0,0.1218707375228405,0.012509597820281429,0.007542193052358925,0.17975648302210567,0.1063584927469492,79.04464912414551,39.583259930834174
1121,0.0013659440657087343,0.0010511091677471995,0.0010511091677471995,0.0,0.0,0.12232178263366222,0.012532724880780813,0.007540553458966315,0.18064096664028165,0.10675104148685932,79.82443237304688,39.97337707784027
1122,0.0013650060792751268,0.0010480867058504373,0.0010480867058504373,0.0,0.0,0.12214584462344646,0.012523708494428559,0.00754548714030534,0.17937258927290406,0.10614945366978645,78.70738410949707,39.41476497706026
1123,0.0013640676822674093,0.0009804118453757837,0.0009804118453757837,0.0,0.0,0.1224186010658741,0.01253768403107507,0.007540173479355872,0.18017478105220908,0.10669027827680111,79.41295623779297,39.76768741942942
1124,0.0013631288757146498,0.000993049339740537,0.000993049339740537,0.0,0.0,0.1223756093531847,0.012535482366971603,0.007534741540439427,0.179208334293364,0.10599559918045998,78.56330680847168,39.34284120891243
1125,0.0013621896606463644,0.0010272828658344224,0.0010272828658344224,0.0,0.0,0.12350941821932793,0.012593419096871382,0.007581520825624466,0.18100878072829812,0.10717049427330494,80.14983177185059,40.13667059503496
1126,0.001361250038092518,0.0010511671425774693,0.0010511671425774693,0.0,0.0,0.12214323878288269,0.012523575014783052,0.007562230690382421,0.17976447198291623,0.10653099231421947,79.05167007446289,39.58690665662289
1127,0.0013603100090835215,0.0010282699950039387,0.0010282699950039387,0.0,0.0,0.12244347482919693,0.012538957784321673,0.007551143178716302,0.17982669549361077,0.10669723153114319,79.10640525817871,39.614424366503954
1128,0.0013593695746502322,0.0010558137146290392,0.0010558137146290392,0.0,0.0,0.12288628704845905,0.012561610139656423,0.007552176248282194,0.17993779217208378,0.10648123733699322,79.20418167114258,39.66353397909552
1129,0.0013584287358239517,0.0010535676119616255,0.0010535676119616255,0.0,0.0,0.12306142598390579,0.012570558534711807,0.0075592269422486424,0.18064277884406368,0.10693118534982204,79.8260326385498,39.974547032266855
1130,0.0013574874936364255,0.000970369394053705,0.000970369394053705,0.0,0.0,0.12150067463517189,0.012490590105972926,0.007530126837082207,0.17887399613850488,0.10639983601868153,78.27043724060059,39.19596895761788
1131,0.0013565458491198404,0.0009495168051216751,0.0009495168051216751,0.0,0.0,0.12178115360438824,0.012504998753353525,0.007547760847955942,0.180782153222936,0.10722694545984268,79.94925880432129,40.03551997896284
1132,0.0013556038033068255,0.0009573872666805983,0.0009573872666805983,0.0,0.0,0.12377659603953362,0.012607032977781442,0.007584364386275411,0.1809827854174291,0.10745221562683582,80.12681579589844,40.125296195968986
1133,0.0013546613572304495,0.0009277789940824732,0.0009277789940824732,0.0,0.0,0.12275060079991817,0.012554673926852257,0.007571104564704001,0.1806934281273646,0.10726457834243774,79.87080574035645,39.99677817057818
1134,0.0013537185119242197,0.0008735436131246388,0.0008735436131246388,0.0,0.0,0.12176301702857018,0.01250406747746709,0.007540377555415034,0.18010108195291108,0.10677063837647438,79.34800338745117,39.73488320223987
1135,0.0013527752684220824,0.0008134848467307165,0.0008134848467307165,0.0,0.0,0.12267632409930229,0.012550874600729652,0.007555533433333039,0.17985717909725696,0.1067134216427803,79.13322830200195,39.62795231305063
1136,0.001351831627758419,0.0008216057321988046,0.0008216057321988046,0.0,0.0,0.12373272888362408,0.012604798546626638,0.007586680585518479,0.18118874937220858,0.10747083276510239,80.30928802490234,40.216510376892984
1137,0.0013508875909680471,0.0009102968324441463,0.0009102968324441463,0.0,0.0,0.12283064611256123,0.012558766418277831,0.007559164427220821,0.1801363713239297,0.10678372718393803,79.37909889221191,39.75096476916224
1138,0.0013499431590862196,0.0008734596485737711,0.0008734596485737711,0.0,0.0,0.12126070074737072,0.012478248814498437,0.007523690350353718,0.1798640348012919,0.10660510696470737,79.13925552368164,39.630258112214506
1139,0.0013489983331486212,0.000850170326884836,0.000850170326884836,0.0,0.0,0.12215879373252392,0.012524372676126612,0.00754018290899694,0.1800604350240741,0.10683302767574787,79.31218719482422,39.71717299427837
1140,0.0013480531141913696,0.0008671334508107975,0.0008671334508107975,0.0,0.0,0.12419094517827034,0.01262811626298597,0.007590713328681886,0.1813839822108646,0.10748856514692307,80.48245239257812,40.3033216688782
1141,0.0013471075032510135,0.0008944407745730132,0.0008944407745730132,0.0,0.0,0.1227994542568922,0.01255717164819359,0.007554606883786619,0.18037393833100418,0.10722117498517036,79.58860969543457,39.85570457484573
1142,0.0013461615013645306,0.000892316791578196,0.000892316791578196,0.0,0.0,0.1222775299102068,0.012530457601714938,0.007568240282125771,0.18038455890155586,0.10724772326648235,79.59797859191895,39.860128060914576
1143,0.0013452151095693285,0.0008340445347130299,0.0008340445347130299,0.0,0.0,0.12260070443153381,0.012547005696615453,0.007577958516776562,0.18098925372077695,0.10749102756381035,80.13253593444824,40.12756831943989
1144,0.001344268328903242,0.0008542743162252009,0.0008542743162252009,0.0,0.0,0.12371652014553547,0.012603973070514887,0.00758367998059839,0.18238904032610714,0.10822384059429169,81.37684059143066,40.7502785557881
1145,0.0013433211604045316,0.0009163636568700895,0.0009163636568700895,0.0,0.0,0.12267012521624565,0.0125505573464939,0.007567882887087762,0.17985946263495167,0.10700266808271408,79.13523483276367,39.62895247898996
1146,0.001342373605111884,0.0009184304071823135,0.0009184304071823135,0.0,0.0,0.12290705367922783,0.012562671808231425,0.007580478210002184,0.1821827770466686,0.1080369371920824,81.19288444519043,40.65789574943483
1147,0.0013414256640644094,0.0008794286986812949,0.0008794286986812949,0.0,0.0,0.12262188084423542,0.012548089330351599,0.007564350496977568,0.18049415898729304,0.1073104776442051,79.69473838806152,39.90868013445288
1148,0.0013404773383016422,0.0009205330716213211,0.0009205330716213211,0.0,0.0,0.12304173596203327,0.012569553102551584,0.007568201399408281,0.18197636441977552,0.10787350125610828,81.00900459289551,40.56602316442877
1149,0.0013395286288635372,0.0008812454907456413,0.0008812454907456413,0.0,0.0,0.12245221063494682,0.012539405163070621,0.0075792004354298115,0.18015288127320295,0.10696621239185333,79.39364433288574,39.758048271760345
1150,0.001338579536790471,0.0008936970552895218,0.0008936970552895218,0.0,0.0,0.12314026802778244,0.01257458524567609,0.0075743189081549644,0.18064830041121377,0.10722234658896923,79.83091354370117,39.97702690586448
1151,0.0013376300631232389,0.0008376011828659102,0.0008376011828659102,0.0,0.0,0.12242690846323967,0.01253810954868859,0.007553893025033176,0.18032820903818095,0.10718981176614761,79.54825592041016,39.8353414144367
1152,0.0013366802089030555,0.0007732012309134007,0.0007732012309134007,0.0,0.0,0.12264919839799404,0.012549486826008576,0.007564424304291606,0.18119899323905592,0.1075476873666048,80.3183708190918,40.220510008744895
1153,0.0013357299751715528,0.0007762461609672755,0.0007762461609672755,0.0,0.0,0.12189812958240509,0.012511003104881735,0.007536830380558968,0.18067023808002436,0.10739791020751,79.85030174255371,39.98609993606806
1154,0.001334779362970778,0.0007319097639992833,0.0007319097639992833,0.0,0.0,0.12308404594659805,0.012571713495838745,0.0075709340162575245,0.1819669550614399,0.10798395238816738,81.0006275177002,40.5618557818234
1155,0.0013338283733431943,0.0007233304786495864,0.0007233304786495864,0.0,0.0,0.12215914018452168,0.012524390540138076,0.007544743362814188,0.18062656374274239,0.10735378041863441,79.81170272827148,39.966930934228
1156,0.0013328770073316781,0.000742498756153509,0.000742498756153509,0.0,0.0,0.12273000180721283,0.012553620275749092,0.007581378216855228,0.18184679902413675,0.10802774876356125,80.89369583129883,40.50821291655302
1157,0.0013319252659795193,0.0007206674927147105,0.0007206674927147105,0.0,0.0,0.1227702647447586,0.012555679246640791,0.007579712546430528,0.1811968165300559,0.10784922540187836,80.31644630432129,40.219608284533024
1158,0.0013309731503304185,0.0007278823904925957,0.0007278823904925957,0.0,0.0,0.1234918087720871,0.012592521083373304,0.007617214811034501,0.18217268307731815,0.10837904177606106,81.18389129638672,40.6536915525794
1159,0.0013300206614284878,0.0007168592128437012,0.0007168592128437012,0.0,0.0,0.12304087355732918,0.012569508964726028,0.007576524862088263,0.180900957114297,0.10767081193625927,80.05436897277832,40.088704923167825
1160,0.0013290678003182476,0.0007164322742028162,0.0007164322742028162,0.0,0.0,0.12299223057925701,0.012567024261700454,0.00759954156819731,0.18194585196805615,0.10802591033279896,80.98184013366699,40.552416182123125
1161,0.0013281145680446272,0.000658891221974045,0.000658891221974045,0.0,0.0,0.12257185950875282,0.012545529194686416,0.0075806701788678765,0.1813208164203319,0.10777945630252361,80.4264087677002,40.274490313604474
1162,0.0013271609656529625,0.0006333249330054969,0.0006333249330054969,0.0,0.0,0.12300511822104454,0.01256768311478682,0.007592726033180952,0.18166474213003636,0.10808240994811058,80.73179817199707,40.42740164510906
1163,0.0013262069941889956,0.0006420379068003967,0.0006420379068003967,0.0,0.0,0.12302332744002342,0.012568612860994427,0.007566676940768957,0.1815851342132136,0.10801591537892818,80.66105842590332,40.39204087667167
1164,0.001325252654698873,0.0006281710957409814,0.0006281710957409814,0.0,0.0,0.12273179180920124,0.012553711705799444,0.007588261622004211,0.18206044104233932,0.10836892947554588,81.08387756347656,40.60330467764288
1165,0.0013242979482291453,0.0006216213951120153,0.0006216213951120153,0.0,0.0,0.12298452481627464,0.01256663069918868,0.007583905477076769,0.18170455863673113,0.1079642977565527,80.76719093322754,40.44508772902191
1166,0.001323342875826765,0.000607909940299578,0.000607909940299578,0.0,0.0,0.12287338450551033,0.012560950968027427,0.007596624083817005,0.18183949310317438,0.1082685999572277,80.8871955871582,40.50503448583186
1167,0.001322387438539086,0.0005796420155093074,0.0005796420155093074,0.0,0.0,0.12287341989576817,0.012560952995409722,0.007578444201499224,0.18183498853523944,0.1080978587269783,80.8831787109375,40.503026065416634
1168,0.0013214316374138627,0.0005565533792832866,0.0005565533792832866,0.0,0.0,0.12320587784051895,0.012577934743589245,0.007584734354168177,0.1823386960444689,0.10853220708668232,81.33191871643066,40.72756229713559
1169,0.0013204754734992474,0.0005600148433586583,0.0005600148433586583,0.0,0.0,0.12221690081059933,0.012527351111701161,0.007558318669907749,0.18124682797747518,0.1079537533223629,80.36078071594238,40.24149880837649
1170,0.0013195189478437922,0.0005380857328418642,0.0005380857328418642,0.0,0.0,0.12332849949598312,0.01258419237673754,0.007590402266941965,0.18242189858659025,0.1085050217807293,81.40616416931152,40.76474633440375
1171,0.001318562061496444,0.0005618972209049389,0.0005618972209049389,0.0,0.0,0.12311328761279583,0.012573207032284152,0.007574614020995796,0.18198381069790542,0.10819091461598873,81.0156364440918,40.569374865852296
1172,0.0013176048155065462,0.0005359496135497466,0.0005359496135497466,0.0,0.0,0.12274515442550182,0.012554394874401608,0.0075750480173155665,0.18204530633020208,0.10837366804480553,81.07040023803711,40.596572696231306
1173,0.0013166472109238363,0.0005494705401360989,0.0005494705401360989,0.0,0.0,0.12314162403345108,0.012574654246406372,0.007579228491522372,0.1819457137636465,0.10827160999178886,80.98172378540039,40.55243270471692
1174,0.0013156892487984457,0.0005559991841437295,0.0005559991841437295,0.0,0.0,0.12258895300328732,0.012546404475099136,0.007572167436592281,0.18210536201208966,0.10843781754374504,81.1238956451416,40.623242299072444
1175,0.001314730930180897,0.0005569589993683621,0.0005569589993683621,0.0,0.0,0.12362472340464592,0.012599295842823053,0.007597682415507734,0.18211266749501503,0.10845702886581421,81.13040542602539,40.62701507471502
1176,0.0013137722561221037,0.0005626347992802039,0.0005626347992802039,0.0,0.0,0.12366583198308945,0.012601390655219286,0.00762392720207572,0.1831928934562839,0.10910811834037304,82.09573173522949,41.10969878360629
1177,0.0013128132276733699,0.0005504512082552537,0.0005504512082552537,0.0,0.0,0.12303311564028263,0.012569112585635287,0.00762183265760541,0.18224148939598078,0.1085351686924696,81.2452220916748,40.684127603657544
1178,0.001311853845886388,0.0005305113591020927,0.0005305113591020927,0.0,0.0,0.12349596805870533,0.012592733134156776,0.00761491188313812,0.18262599220061831,0.10882699675858021,81.58841896057129,40.855957464315
1179,0.001310894111813237,0.0005304396472638473,0.0005304396472638473,0.0,0.0,0.12302795052528381,0.012568849194295652,0.007606688537634909,0.1824685909933987,0.10866359621286392,81.44784355163574,40.78543575108051
1180,0.0013099340265063837,0.000528841424966231,0.000528841424966231,0.0,0.0,0.12315722182393074,0.012575450258898932,0.007597278687171638,0.18256159563535998,0.10875652730464935,81.53089141845703,40.82702432014048
1181,0.0013089735910186793,0.0005340775969671085,0.0005340775969671085,0.0,0.0,0.12325115315616131,0.012580245518881051,0.007591055356897414,0.18317701340714604,0.10912972874939442,82.08149337768555,41.102372265420854
1182,0.0013080128064033583,0.0005540282872971147,0.0005540282872971147,0.0,0.0,0.12334157340228558,0.012584859147840166,0.007590980036184192,0.18237390735019796,0.10859286785125732,81.36333274841309,40.743337160907686
1183,0.00130705167371404,0.0005687390366801992,0.0005687390366801992,0.0,0.0,0.1233138907700777,0.012583446788541374,0.007625637110322714,0.18275587150362593,0.10899972729384899,81.70450973510742,40.91391181293875
1184,0.0013060901940047233,0.0005677774315699935,0.0005677774315699935,0.0,0.0,0.12301828153431416,0.012568354958836906,0.00757815211545676,0.18250457586061633,0.1084879469126463,81.47996711730957,40.80149269942194
1185,0.001305128368329789,0.0005774078308604658,0.0005774078308604658,0.0,0.0,0.12336740456521511,0.012586176686578882,0.007607112522237003,0.18220035389038572,0.10857739672064781,81.20855331420898,40.6659603593871
1186,0.001304166197743997,0.000588306225836277,0.000588306225836277,0.0,0.0,0.12418061681091785,0.012627591071964601,0.0076104727340862155,0.1834334272049485,0.10925665870308876,82.31145286560059,41.21781674120575
1187,0.0013032036833024849,0.000565428170375526,0.000565428170375526,0.0,0.0,0.12314381077885628,0.012574765919742001,0.007595358067192137,0.1825073110531834,0.10854868777096272,81.48240852355957,40.80277616716921
1188,0.001302240826060768,0.000574500038055703,0.000574500038055703,0.0,0.0,0.12411022372543812,0.012624011528009594,0.007625009980984032,0.18349869783593004,0.10938185453414917,82.37004470825195,41.247077465988696
1189,0.0013012776270747378,0.0005712566708098166,0.0005712566708098166,0.0,0.0,0.12317738309502602,0.012576479952083927,0.007602306897751987,0.18248174611995682,0.10872587002813816,81.45958518981934,40.79138128645718
1190,0.0013003140874006595,0.0005590276268776506,0.0005590276268776506,0.0,0.0,0.12343733757734299,0.012589743581767501,0.007609610562212765,0.18317634990786824,0.10896907560527325,82.08090400695801,41.102170672267675
1191,0.0012993502080951725,0.0005847732973052189,0.0005847732973052189,0.0,0.0,0.12364757247269154,0.012600460151679281,0.007610520115122199,0.18265694170217994,0.10893476940691471,81.6160717010498,40.86985963676125
1192,0.001298385990215289,0.0005823317187605426,0.0005823317187605426,0.0,0.0,0.12344338744878769,0.012590051902253237,0.007606985745951533,0.18292694289718323,0.10878653451800346,81.85754013061523,40.99049175903201
1193,0.001297421434818392,0.0005524309453903697,0.0005524309453903697,0.0,0.0,0.1232251301407814,0.0125789169472593,0.007620541611686349,0.18336698548817507,0.10915972478687763,82.25183868408203,41.187531907111406
1194,0.0012964565429622345,0.0005449049058370292,0.0005449049058370292,0.0,0.0,0.12263787537813187,0.012548907321232875,0.007598542608320713,0.18260986395037881,0.10871818847954273,81.57400894165039,40.84832340851426
1195,0.001295491315704939,0.0005777572587248869,0.0005777572587248869,0.0,0.0,0.12397664226591587,0.012617216304419178,0.007647505030035973,0.18273551697555626,0.10901748016476631,81.68630981445312,40.90514322835952
1196,0.0012945257541049952,0.0005780453211627901,0.0005780453211627901,0.0,0.0,0.12311194092035294,0.012573139036320258,0.007601813063956797,0.1828428470455296,0.10888889245688915,81.78228950500488,40.95270072296262
1197,0.0012935598592212604,0.0005614109541056678,0.0005614109541056678,0.0,0.0,0.12346014752984047,0.012590906317977888,0.007595107541419566,0.18308394750641255,0.10919729620218277,81.99811935424805,41.060789750888944
1198,0.0012925936321129562,0.0005632191750919446,0.0005632191750919446,0.0,0.0,0.12272308580577374,0.012553266575733607,0.007595368777401745,0.1824662303708133,0.10877754911780357,81.44573402404785,40.78422855492681
1199,0.0012916270738396692,0.0005824129475513473,0.0005824129475513473,0.0,0.0,0.12394489906728268,0.012615600806936135,0.007642628625035286,0.18284013215333877,0.10888048447668552,81.77986717224121,40.95190603565425
1200,0.0012906601854613493,0.0005889270541956648,0.0005889270541956648,0.0,0.0,0.12486148253083229,0.012662161702713292,0.007664380711503327,0.18381981171852624,0.10960997827351093,82.65858459472656,41.3917230386287
1201,0.001289692968038308,0.0006260365407797508,0.0006260365407797508,0.0,0.0,0.12343362346291542,0.01258955402015739,0.007601878838613629,0.18275265845202704,0.10883532837033272,81.70163536071777,40.912534492090344
1202,0.0012887254226312177,0.000584790061111562,0.000584790061111562,0.0,0.0,0.12283621542155743,0.01255905087732509,0.0075936863431707025,0.18270400732335146,0.10895330645143986,81.65814018249512,40.89048819895834
1203,0.001287757550301111,0.0005838281940668821,0.0005838281940668821,0.0,0.0,0.12311693653464317,0.012573393802284236,0.007592086098156869,0.18279056172906138,0.1089336946606636,81.73552513122559,40.929321033880115
1204,0.001286789352109378,0.0005583182937698439,0.0005583182937698439,0.0,0.0,0.12309004366397858,0.012572020666959687,0.00761624239385128,0.1835214873401057,0.10930107161402702,82.3905086517334,41.25679934769869
1205,0.001285820829117767,0.0005422729009296745,0.0005422729009296745,0.0,0.0,0.12336939573287964,0.012586278285692047,0.00760733662173152,0.18327481386180183,0.10937324538826942,82.16916847229004,41.14626893401146
1206,0.0012848519823883823,0.0005698431414202787,0.0005698431414202787,0.0,0.0,0.12469223886728287,0.012653577386796145,0.00764826568774879,0.1845040252775941,0.11017647571861744,83.27507400512695,41.69988312199712
1207,0.0012838828129836828,0.0006122076592873782,0.0006122076592873782,0.0,0.0,0.12281381152570248,0.012557905615221531,0.007601621560752392,0.1828594207664197,0.10910133086144924,81.79712104797363,40.95996742974967
1208,0.0012829133219664822,0.0006110791000537574,0.0006110791000537574,0.0,0.0,0.12268244847655296,0.012551187933953569,0.007581915007904172,0.18224515860917273,0.10854058526456356,81.24849319458008,40.685587821528316
1209,0.0012819435103999454,0.0005713900609407574,0.0005713900609407574,0.0,0.0,0.12350340560078621,0.012593112592144016,0.007596332696266472,0.18345173964071973,0.10941717214882374,82.3278923034668,41.22569785453379
1210,0.0012809733793475906,0.0005737003230024129,0.0005737003230024129,0.0,0.0,0.12358840554952621,0.012597445142671944,0.007617480820044875,0.183819028943031,0.10950301215052605,82.65788269042969,41.39073554798961
1211,0.0012800029298732848,0.0005754135054303333,0.0005754135054303333,0.0,0.0,0.12295232526957989,0.012564985245701292,0.007609696942381561,0.1830221240779375,0.10929527319967747,81.94275093078613,41.032851628027856
1212,0.001279032163041245,0.0005499904946191236,0.0005499904946191236,0.0,0.0,0.12337490357458591,0.01258655908807905,0.007601783378049731,0.1833731639985651,0.10946265608072281,82.25738525390625,41.19038007874042
1213,0.001278061079916036,0.000581687520025298,0.000581687520025298,0.0,0.0,0.12390323169529438,0.012613480089398476,0.007618000381626189,0.18345390736281728,0.10920093767344952,82.32983779907227,41.22687051538378
1214,0.00127708968156257,0.0005970674392301589,0.0005970674392301589,0.0,0.0,0.12434470281004906,0.01263593133636414,0.007641888689249754,0.18393684854596234,0.10977754555642605,82.76386642456055,41.4441055636853
1215,0.0012761179690461038,0.0006161335040815175,0.0006161335040815175,0.0,0.0,0.122453223913908,0.012539456804985511,0.0075769886607304215,0.1825653833971599,0.10896562971174717,81.53427124023438,40.82836223207414
1216,0.0012751459434322395,0.0006240596267161891,0.0006240596267161891,0.0,0.0,0.12280942685902119,0.01255768153313333,0.0075965686701238155,0.18297033791378303,0.10896305367350578,81.8963851928711,41.00959730986506
1217,0.0012741736057869226,0.000632396899163723,0.000632396899163723,0.0,0.0,0.12288656830787659,0.012561625199412495,0.007578764227218926,0.18255360664370615,0.10878855176270008,81.52375602722168,40.82332129776478
1218,0.0012732009571764403,0.0006632950826315209,0.0006632950826315209,0.0,0.0,0.12321081757545471,0.012578186664741123,0.007584939827211201,0.18296595789964054,0.10904761031270027,81.89245796203613,41.007834389805794
1219,0.0012722279986674212,0.0006453523237723857,0.0006453523237723857,0.0,0.0,0.12292567826807499,0.012563623932208735,0.007601339020766318,0.18268819948043577,0.10901742801070213,81.64400672912598,40.883466203697026
1220,0.0012712547313268332,0.0007009711262071505,0.0007009711262071505,0.0,0.0,0.12293208763003349,0.012563950990993769,0.007595416740514338,0.1833649513337768,0.10939416475594044,82.25001907348633,41.18647558055818
1221,0.001270281156221984,0.0006236041808733717,0.0006236041808733717,0.0,0.0,0.1224345713853836,0.012538501830346813,0.007581452839076519,0.18171931172396433,0.10857227630913258,80.78030395507812,40.451369263231754
1222,0.0012693072744205172,0.0005895170179428533,0.0005895170179428533,0.0,0.0,0.12415852770209312,0.012626468305664005,0.007627022452652454,0.18336254892011825,0.10955528542399406,82.24786186218262,41.186010194942355
1223,0.0012683330869904146,0.0006144771905383095,0.0006144771905383095,0.0,0.0,0.12345602922141552,0.01259069698137494,0.00759882153943181,0.18271771382331145,0.10900215804576874,81.67039108276367,40.896923555992544
1224,0.001267358594999991,0.0005523167201317847,0.0005523167201317847,0.0,0.0,0.12262523546814919,0.012548261108511012,0.007597853196784854,0.18246860120143008,0.10856601782143116,81.44784545898438,40.78523534722626
1225,0.0012663837995178977,0.0005317010436556302,0.0005317010436556302,0.0,0.0,0.12323488108813763,0.012579414671959154,0.007608796819113195,0.18289989884633395,0.10928119160234928,81.83333396911621,40.978284425102174
1226,0.0012654087016131163,0.0005166326445760205,0.0005166326445760205,0.0,0.0,0.12319027073681355,0.012577137875954226,0.007597613148391247,0.18330019705368866,0.10934939794242382,82.19193649291992,41.15756338182837
1227,0.0012644333023549615,0.0004934195894747972,0.0004934195894747972,0.0,0.0,0.12305651791393757,0.0125703080524425,0.007592233596369624,0.18254527547733548,0.10903490148484707,81.51631546020508,40.81968598905951
1228,0.001263457602813079,0.0004972179303877056,0.0004972179303877056,0.0,0.0,0.12283879518508911,0.012559183110930862,0.007591511122882366,0.183209885389126,0.10923666693270206,82.11096572875977,41.11690226197243
1229,0.001262481604057442,0.0004890489362878725,0.0004890489362878725,0.0,0.0,0.12318418361246586,0.012576827214058589,0.007599112344905734,0.18248959025813702,0.10909309051930904,81.46659088134766,40.79488753248006
1230,0.001261505307158353,0.0005058003080193885,0.0005058003080193885,0.0,0.0,0.12279468961060047,0.012556927997000039,0.007606103550642729,0.18264080853615763,0.1088547594845295,81.60165786743164,40.86222627852112
1231,0.0012605287131864415,0.0005528839683393016,0.0005528839683393016,0.0,0.0,0.12298367731273174,0.012566587709083388,0.007586606778204441,0.18251068150928731,0.10901962406933308,81.48541831970215,40.80420099850744
1232,0.0012595518232126623,0.00057807526900433,0.00057807526900433,0.0,0.0,0.12316618859767914,0.012575908489286256,0.007605544640682638,0.1834319954376037,0.10947583429515362,82.31016731262207,41.216666750609875
1233,0.001258574638308295,0.0005352322914404795,0.0005352322914404795,0.0,0.0,0.123070502653718,0.012571022441896736,0.0076006866293028,0.18319236982045678,0.10953094251453876,82.09526634216309,41.1091684224084
1234,0.001257597159544943,0.0005269298490020446,0.0005269298490020446,0.0,0.0,0.122969014570117,0.0125658380364321,0.007608001586049795,0.1834400705607445,0.10952258855104446,82.31742286682129,41.2201959406957
1235,0.0012566193879945315,0.0005167769559193403,0.0005167769559193403,0.0,0.0,0.1238237340003252,0.012609433053008514,0.007617295137606561,0.18359193395162837,0.10964761301875114,82.45377540588379,41.28879956994206
1236,0.0012556413247293064,0.0005221223982516676,0.0005221223982516676,0.0,0.0,0.12310674414038658,0.012572873269844555,0.0076022796565666795,0.18300300274271927,0.10924011096358299,81.92562675476074,41.024366749450564
1237,0.001254662970821835,0.0004780885501531884,0.0004780885501531884,0.0,0.0,0.12208902463316917,0.012520795729600505,0.007582675782032311,0.18255638191415324,0.1089296955615282,81.52622985839844,40.8241594415158
1238,0.0012536843273450013,0.0005492103373399004,0.0005492103373399004,0.0,0.0,0.12368575856089592,0.012602405960306828,0.007623136159963906,0.18352907137208563,0.1094684936106205,82.3973159790039,41.2605008687824
1239,0.0012527053953720081,0.0005590984364971519,0.0005590984364971519,0.0,0.0,0.12283694744110107,0.012559088679188023,0.007606075145304203,0.1824558100901765,0.1088722962886095,81.43643188476562,40.77963441610336
1240,0.001251726175976375,0.0005761928478023037,0.0005761928478023037,0.0,0.0,0.12250666506588459,0.012542192652018898,0.007580949808470905,0.18276517400142117,0.10949480719864368,81.71282768249512,40.9176671737805
1241,0.0012507466702319358,0.000590141280554235,0.000590141280554235,0.0,0.0,0.1231649573892355,0.012575845425741453,0.007599423988722265,0.1831503317232627,0.10925964638590813,82.05759239196777,41.090378674678504
1242,0.001249766879212838,0.000583200337132439,0.000583200337132439,0.0,0.0,0.12259894423186779,0.012546915522473346,0.007589831482619047,0.1832054323079585,0.10925152152776718,82.10696411132812,41.114781527779996
1243,0.0012487868039935434,0.0006540456088259816,0.0006540456088259816,0.0,0.0,0.12256393022835255,0.012545123793170977,0.00756924320012331,0.18223330238937205,0.10887441225349903,81.2379207611084,40.680242345668375
1244,0.0012478064456488242,0.0006383011786965653,0.0006383011786965653,0.0,0.0,0.12440268509089947,0.012638877006031682,0.007639466435648501,0.18430951024218054,0.10992127098143101,83.09958267211914,41.61199267860502
1245,0.0012468258052537639,0.000598572805756703,0.000598572805756703,0.0,0.0,0.12324843741953373,0.01258010671082213,0.007611152250319719,0.18356878283346698,0.109682222828269,82.43298149108887,41.2781149642542
1246,0.0012458448838837542,0.000553796548047103,0.000553796548047103,0.0,0.0,0.12259593978524208,0.012546761992981532,0.0076111407252028584,0.18255561922914443,0.10903468914330006,81.52555084228516,40.8240733910352
1247,0.0012448636826144967,0.000517433465574868,0.000517433465574868,0.0,0.0,0.12233926355838776,0.012533620647783298,0.0075801953207701445,0.18168271253958984,0.10838719271123409,80.74777221679688,40.43505574017763
1248,0.001243882202521998,0.0004896945683867671,0.0004896945683867671,0.0,0.0,0.12361439131200314,0.01259876973915331,0.007616012590005994,0.183401438248758,0.10942322388291359,82.28274917602539,41.2031817836687
1249,0.0012429004446825717,0.000492115315864794,0.000492115315864794,0.0,0.0,0.1223579365760088,0.012534577010129961,0.007582659483887255,0.1820969566364344,0.1088259182870388,81.11640739440918,40.619382665492594
1250,0.0012419184101728356,0.00047243732842616737,0.00047243732842616737,0.0,0.0,0.1227500680834055,0.012554646398589268,0.007594395778141916,0.18294314500930817,0.10938086546957493,81.87204360961914,40.99739683885127
1251,0.0012409361000697112,0.000496864682645537,0.000496864682645537,0.0,0.0,0.12305888906121254,0.012570429170142216,0.0076196115696802735,0.18249889101955447,0.10907993838191032,81.47489166259766,40.798975275829434
1252,0.0012399535154504215,0.0004483155717025511,0.0004483155717025511,0.0,0.0,0.12333939783275127,0.01258474814222567,0.007616299670189619,0.18362663360080683,0.10977073945105076,82.48494338989258,41.304141393862665
1253,0.0012389706573924914,0.0004238238325342536,0.0004238238325342536,0.0,0.0,0.12283279001712799,0.012558875770659663,0.007598775904625654,0.18269641962749744,0.10917696543037891,81.65135383605957,40.88709331303835
1254,0.001237987526973745,0.0004555414634523913,0.0004555414634523913,0.0,0.0,0.12340892851352692,0.012588294923425336,0.007611152250319719,0.18372423526590745,0.10978146828711033,82.57266044616699,41.34803468734026
1255,0.0012370041252723059,0.0004317993298172951,0.0004317993298172951,0.0,0.0,0.12316325306892395,0.012575758061959633,0.007611487293615937,0.1831168870544638,0.10961998999118805,82.02762603759766,41.07539464533329
1256,0.001236020453366594,0.0003983838250860572,0.0003983838250860572,0.0,0.0,0.12244920618832111,0.012539251396558992,0.007575982832349837,0.1832733808553387,0.10934842005372047,82.16788864135742,41.14516892377287
1257,0.0012350365123353262,0.00038137377123348415,0.00038137377123348415,0.0,0.0,0.12354752793908119,0.012595361949557378,0.007614915841259062,0.1831272137763603,0.10951148718595505,82.03687477111816,41.08021114952862
1258,0.001234052303257515,0.0003768404058064334,0.0003768404058064334,0.0,0.0,0.1233777403831482,0.0125867040392014,0.007608447573147714,0.18372056010776072,0.10971296392381191,82.56934928894043,41.34636351466179
1259,0.0012330678272124659,0.00036232177080819383,0.00036232177080819383,0.0,0.0,0.12331405282020569,0.012583454739016888,0.007612102781422436,0.18342677345383654,0.1095069907605648,82.30548095703125,41.21439750492573
1260,0.0012320830852797775,0.0003595754533307627,0.0003595754533307627,0.0,0.0,0.12301214784383774,0.01256804147467791,0.0076004627626389265,0.1831904735345,0.10957774519920349,82.09356307983398,41.10828761383891
1261,0.0012310980785393405,0.00034633330506039783,0.00034633330506039783,0.0,0.0,0.12325967289507389,0.012580679862537766,0.007618794916197658,0.18366319529989764,0.10966935008764267,82.51779556274414,41.32052761781961
1262,0.0012301128080713353,0.0003475795456324704,0.0003475795456324704,0.0,0.0,0.12344382517039776,0.012590074296371148,0.0076142537873238325,0.18383918751617584,0.10990256629884243,82.67601013183594,41.39972697850317
1263,0.0012291272749562316,0.00035518701770342886,0.00035518701770342886,0.0,0.0,0.12336594611406326,0.012586102546167885,0.007622083183377981,0.1834827655785647,0.10989678278565407,82.35574531555176,41.23955563083291
1264,0.0012281414802747875,0.00034188380232080817,0.00034188380232080817,0.0,0.0,0.1228192113339901,0.012558181982451774,0.007590160588733852,0.1831942152488014,0.10953540727496147,82.09691619873047,41.10986770503223
1265,0.0012271554251080477,0.00033614126732572913,0.00033614126732572913,0.0,0.0,0.12305515259504318,0.012570238304324853,0.007604567101225257,0.18347734453969824,0.10957864858210087,82.35087394714355,41.2369645498693
1266,0.0012261691105373428,0.0003240600126446225,0.0003240600126446225,0.0,0.0,0.12314107269048691,0.012574626038606413,0.0076015283120796084,0.1834213685313784,0.10965853556990623,82.3006362915039,41.2118886820972
1267,0.0012251825376442876,0.00031802759622223675,0.00031802759622223675,0.0,0.0,0.12314044870436192,0.012574594069689965,0.007602596073411405,0.18326692456491958,0.10949312709271908,82.16210174560547,41.142621097154915
1268,0.0012241957075107798,0.0003227016277378425,0.0003227016277378425,0.0,0.0,0.12345978803932667,0.012590888259401899,0.007653922773897648,0.18390940861999586,0.11001293361186981,82.73918342590332,41.43132160697132
1269,0.0012232086212190002,0.0003306802755105309,0.0003306802755105309,0.0,0.0,0.12338884547352791,0.012587270243043763,0.007645381265319884,0.1836150593261196,0.10990617237985134,82.47454643249512,41.29896763898432
1270,0.0012222212798514095,0.00032526024733670056,0.00032526024733670056,0.0,0.0,0.12383390218019485,0.012609951210777093,0.007633481523953378,0.18472642200389608,0.11043460108339787,83.47595024108887,41.79989207163453
1271,0.0012212336844907485,0.0003240660880692303,0.0003240660880692303,0.0,0.0,0.12416589260101318,0.012626842860305028,0.007638148847036064,0.18436274639321767,0.11026136577129364,83.1475944519043,41.635880172252655
1272,0.0012202458362200375,0.0003142492569168098,0.0003142492569168098,0.0,0.0,0.12316104397177696,0.012575645963502918,0.007612007553689182,0.18381311115376012,0.10995672084391117,82.65256309509277,41.387862069532275
1273,0.0012192577361225725,0.00031451781251234934,0.00031451781251234934,0.0,0.0,0.1231839619576931,0.012576815499004561,0.007606699946336448,0.18356767936006763,0.10958677902817726,82.4319896697998,41.27758681587875
1274,0.0012182693852819263,0.00029555836226791143,0.00029555836226791143,0.0,0.0,0.12370298430323601,0.012603283641079533,0.007626987295225263,0.18420961496888008,0.11026067845523357,83.00952529907227,41.56661414168775
1275,0.0012172807847819472,0.0003164821973768994,0.0003164821973768994,0.0,0.0,0.12397360429167747,0.012617061612009395,0.007646379293873906,0.1841028237173165,0.11006361618638039,82.91330528259277,41.518639443442225
1276,0.0012162919357067564,0.0003494473930913955,0.0003494473930913955,0.0,0.0,0.12345438078045845,0.012590612754554857,0.007622783770784736,0.1838932409968286,0.11006389744579792,82.72463417053223,41.42404427565634
1277,0.0012153028391407488,0.0003932392064598389,0.0003932392064598389,0.0,0.0,0.12321293726563454,0.012578294546768313,0.007621269207447767,0.1839857785764639,0.10996905900537968,82.80791091918945,41.465561928227544
1278,0.0012143134961685894,0.0003731502074515447,0.0003731502074515447,0.0,0.0,0.12334492430090904,0.012585029556897746,0.007619198528118432,0.1841553155139651,0.10994039103388786,82.96059226989746,41.541968597099185
1279,0.0012133239078752146,0.00040050275856629014,0.00040050275856629014,0.0,0.0,0.1232039537280798,0.01257783611407157,0.007633354282006621,0.1840700884316928,0.11005652323365211,82.88381958007812,41.5035117669031
1280,0.001212334075345829,0.00038506207056343555,0.00038506207056343555,0.0,0.0,0.12377951480448246,0.012607181733401756,0.007633074535988271,0.18404598287862814,0.11013481765985489,82.86211967468262,41.49294959474355
1281,0.0012113439996659053,0.00038331565156113356,0.00038331565156113356,0.0,0.0,0.12332639656960964,0.012584084545271821,0.0076112167444080114,0.18367338989587162,0.10988523252308369,82.52695274353027,41.32513957004994
1282,0.001210353681921183,0.00038557530933758244,0.00038557530933758244,0.0,0.0,0.12387477979063988,0.012612031849883307,0.007629613857716322,0.1839774059587502,0.1100455354899168,82.80038070678711,41.462127743288875
1283,0.0012093631231976669,0.0004410997498780489,0.0004410997498780489,0.0,0.0,0.12255173921585083,0.012544499861021867,0.007604841724969447,0.183508866044773,0.10988620854914188,82.37917137145996,41.250861555337906
1284,0.001208372324581626,0.0004285177928977646,0.0004285177928977646,0.0,0.0,0.12266197986900806,0.012550140802259567,0.007595173665322363,0.18342297809281155,0.10969266667962074,82.30208206176758,41.21237202081829
1285,0.0012073812871595928,0.0004529440338956192,0.0004529440338956192,0.0,0.0,0.12362437695264816,0.012599278518134338,0.0076283757807686925,0.18471488891148607,0.11059824004769325,83.46552658081055,41.7945754788816
1286,0.0012063900120183608,0.0004146244755247608,0.0004146244755247608,0.0,0.0,0.12342443130910397,0.012589085449753278,0.0076201600022614,0.18358902975872807,0.10990061797201633,82.4511661529541,41.2872952921316
1287,0.0012053985002449853,0.00042778567876666784,0.00042778567876666784,0.0,0.0,0.12343968637287617,0.012589863356648755,0.007648390717804432,0.18437946635429298,0.11050048843026161,83.16267204284668,41.64305586460978
1288,0.00120440675292678,0.0004111993403057568,0.0004111993403057568,0.0,0.0,0.12331245839595795,0.01258337364393094,0.007652543019503355,0.18315345135470482,0.10961512103676796,82.06038475036621,41.091848604381084
1289,0.001203414771151318,0.0003826759711955674,0.0003826759711955674,0.0,0.0,0.12311087921261787,0.012573084205264531,0.00761664763558656,0.18395326800913117,0.1101959627121687,82.77864837646484,41.45087962783873
1290,0.0012024225560064285,0.00037460712337633595,0.00037460712337633595,0.0,0.0,0.12302480451762676,0.012568688262365051,0.007609306601807475,0.18343722488831096,0.10975747369229794,82.31487083435059,41.218947819434106
1291,0.0012014301085801972,0.0003683560134959407,0.0003683560134959407,0.0,0.0,0.12337029166519642,0.01258632395444302,0.007623220211826265,0.1848129262319403,0.11054293066263199,83.55414962768555,41.83875995967537
1292,0.0012004374299609646,0.000394415546907112,0.000394415546907112,0.0,0.0,0.12331807240843773,0.01258366014865196,0.007608693093061447,0.1834935944870676,0.10969740338623524,82.36546516418457,41.244391618296504
1293,0.001199444521237324,0.0004053556258440949,0.0004053556258440949,0.0,0.0,0.12370610050857067,0.012603441966393717,0.00765199726447463,0.184546045191505,0.11057036742568016,83.31300926208496,41.718357681296766
1294,0.0011984513834981218,0.0003952304759877734,0.0003952304759877734,0.0,0.0,0.12304950132966042,0.012569949901879212,0.0076501715229824185,0.1838056021777177,0.10995297692716122,82.64581298828125,41.384431244805455
1295,0.0011974580178324558,0.00043183024536119774,0.00043183024536119774,0.0,0.0,0.1231008805334568,0.012572573787552055,0.007597172167152166,0.18414142773549966,0.11003625020384789,82.94808387756348,41.53559237904847
1296,0.001196464425329673,0.0005064598808530718,0.0005064598808530718,0.0,0.0,0.12313306145370007,0.012574217090726196,0.007607604609802365,0.18375856022779755,0.10992279835045338,82.6035099029541,41.3633214822039
1297,0.0011954706070793687,0.00047671909123891965,0.00047671909123891965,0.0,0.0,0.12360070832073689,0.012598072372492823,0.0076666687382385135,0.18372657719040394,0.11003163643181324,82.57475852966309,41.34917961899191
1298,0.0011944765641713872,0.00048651084216544405,0.00048651084216544405,0.0,0.0,0.12328541465103626,0.012581993501790744,0.007631010143086314,0.18299393881175666,0.10954100079834461,81.91751480102539,41.02040010783821
1299,0.0011934822976958181,0.00046583759831264615,0.00046583759831264615,0.0,0.0,0.12298768013715744,0.012566791802214424,0.007605604827404022,0.18370605899060582,0.11007978767156601,82.55631256103516,41.33965012058616
1300,0.001192487808742997,0.0004377486402518116,0.0004377486402518116,0.0,0.0,0.12298906594514847,0.012566862437930223,0.007608872721903026,0.18330303723222785,0.10987644083797932,82.19448661804199,41.15873784199357
1301,0.0011914930984035022,0.0004476193425944075,0.0004476193425944075,0.0,0.0,0.1234040018171072,0.012588043349068708,0.007618195842951536,0.1841332189893802,0.11026845127344131,82.9406909942627,41.5320474980399
1302,0.0011904981677681563,0.00045318331831367686,0.00045318331831367686,0.0,0.0,0.12319903448224068,0.0125775850536275,0.007632065797224641,0.18344815802033457,0.10975509881973267,82.32468032836914,41.22393968142569
1303,0.001189503017928022,0.0004228178004268557,0.0004228178004268557,0.0,0.0,0.12331998161971569,0.012583757576117217,0.007641396950930357,0.1835602161543347,0.10993730463087559,82.42527961730957,41.27429979946464
1304,0.0011885076499744038,0.00041064831748371944,0.00041064831748371944,0.0,0.0,0.12312144599854946,0.012573624114374522,0.007624487159773707,0.18347014415755758,0.10989085398614407,82.34441566467285,41.2337685553357
1305,0.001187512064998844,0.00039643730997340754,0.00039643730997340754,0.0,0.0,0.12374743074178696,0.012605547778141473,0.007638896466232836,0.18371834737364062,0.11009294725954533,82.56736373901367,41.34555558487773
1306,0.0011865162640931242,0.00039151113014668226,0.00039151113014668226,0.0,0.0,0.12266811355948448,0.01255045444367171,0.007618419360369444,0.1839763074673296,0.11026116833090782,82.79938888549805,41.461028499528766
1307,0.0011855202483492624,0.0004029897536383942,0.0004029897536383942,0.0,0.0,0.1236625649034977,0.012601223787471872,0.007654231623746455,0.18389889033102308,0.11031562089920044,82.72971534729004,41.42668895609677
1308,0.001184524018859511,0.00041030385182239115,0.00041030385182239115,0.0,0.0,0.12295592203736305,0.012565169387387254,0.007601291406899691,0.1839499391738242,0.10990374907851219,82.77565383911133,41.449304880574346
1309,0.0011835275767163589,0.000448339618742466,0.000448339618742466,0.0,0.0,0.12282192520797253,0.012558320453472906,0.007610377389937639,0.18345833918331547,0.10968182608485222,82.33381462097168,41.228318273089826
1310,0.001182530923012526,0.000467560748802498,0.000467560748802498,0.0,0.0,0.12234094925224781,0.012533706853997793,0.007583007449284196,0.1823338207256193,0.10926981642842293,81.32757186889648,40.724956409074366
1311,0.0011815340588409659,0.0005463939742185175,0.0005463939742185175,0.0,0.0,0.12314730137586594,0.0125749438428264,0.007637254660949111,0.18419067000152012,0.1101728118956089,82.9924545288086,41.55780091509223
1312,0.0011805369852948627,0.0004921839863527566,0.0004921839863527566,0.0,0.0,0.12315905466675758,0.012575544567780095,0.007609515450894833,0.18372884811898296,0.11000629514455795,82.5767993927002,41.34997922368348
1313,0.001179539703467629,0.0005220739258220419,0.0005220739258220419,0.0,0.0,0.12307764776051044,0.01257138750716092,0.007625725935213268,0.18305776610477445,0.10972747765481472,81.97467231750488,41.0488749826327
1314,0.001178542214452907,0.0004909529816359282,0.0004909529816359282,0.0,0.0,0.12314287945628166,0.01257471803919753,0.007616095361299813,0.1828380208256369,0.10939878225326538,81.77798080444336,40.95056184194982
1315,0.001177544519344566,0.0005258885794319212,0.0005258885794319212,0.0,0.0,0.12425353936851025,0.01263129834400465,0.007658210000954568,0.18377696695770968,0.1103052981197834,82.62005996704102,41.37215675320476
1316,0.0011765466192367004,0.0005226797075010836,0.0005226797075010836,0.0,0.0,0.12225054390728474,0.0125290752601369,0.0075818817131221294,0.18291419911231824,0.10955312475562096,81.84613418579102,40.98419236484915
1317,0.0011755485152236305,0.0004913177326670848,0.0004913177326670848,0.0,0.0,0.12244744226336479,0.012539160876523238,0.007616417715325952,0.18288061959503582,0.10945778898894787,81.81608963012695,40.96926853619516
1318,0.0011745502083998999,0.0005145050963619724,0.0005145050963619724,0.0,0.0,0.12301102839410305,0.01256798459513509,0.007610639673657715,0.18320253469701475,0.10976109467446804,82.10437202453613,41.11369152646512
1319,0.0011735516998602738,0.0005448983574751765,0.0005448983574751765,0.0,0.0,0.12385579012334347,0.012611065206734356,0.007660951232537627,0.18430034380709046,0.1104385070502758,83.09131240844727,41.607584099285305
1320,0.0011725529906997398,0.0005245146021479741,0.0005245146021479741,0.0,0.0,0.12253153324127197,0.012543465657398098,0.007595310686156154,0.18244928147985864,0.10928838327527046,81.43060684204102,40.776569187641144
1321,0.0011715540820135045,0.0005683073250111192,0.0005683073250111192,0.0,0.0,0.12140615098178387,0.012485730693334153,0.0075634499080479145,0.18155742093202773,0.1085866279900074,80.63643836975098,40.37892226036638
1322,0.0011705549748969937,0.0005364343669498339,0.0005364343669498339,0.0,0.0,0.12300984561443329,0.012567924097018233,0.0076105010230094194,0.18269402626470596,0.10932142846286297,81.64921760559082,40.88611372560263
1323,0.0011695556704458517,0.00048525685997447,0.00048525685997447,0.0,0.0,0.12266297452151775,0.012550191675313238,0.007602542988024652,0.18359536565921955,0.11010607704520226,82.45685386657715,41.28975842054933
1324,0.0011685561697559375,0.00043808370537590235,0.00043808370537590235,0.0,0.0,0.12279880791902542,0.012557138910555482,0.007604210753925145,0.18280039231643141,0.10950136184692383,81.74431800842285,40.93355840817094
1325,0.0011675564739233263,0.0005133153681526892,0.0005133153681526892,0.0,0.0,0.1232035793364048,0.012577816879779323,0.007618564646691084,0.18388496545977825,0.11024719849228859,82.71719551086426,41.42019954510033
1326,0.0011665565840443073,0.0005080956325400621,0.0005080956325400621,0.0,0.0,0.12199612148106098,0.012516030884483312,0.007580725592561066,0.1821667322554678,0.1089574471116066,81.17858123779297,40.650288679637015
1327,0.0011655565012153827,0.0004981532474630512,0.0004981532474630512,0.0,0.0,0.1228901632130146,0.012561808521534022,0.0076332465978339314,0.1831979543448328,0.10968120768666267,82.10026931762695,41.111579740419984
1328,0.001164556226533265,0.0004831309925066307,0.0004831309925066307,0.0,0.0,0.1223876029253006,0.012536096445822664,0.007587914355099201,0.18269795656279006,0.10927972942590714,81.6527271270752,40.88755736500025
1329,0.0011635557610948789,0.0005276251904433593,0.0005276251904433593,0.0,0.0,0.12183425202965736,0.012507724685976091,0.007613412104547024,0.18169920755972896,0.10883449949324131,80.76243782043457,40.442136036232114
1330,0.0011625551059973574,0.000471767591079697,0.000471767591079697,0.0,0.0,0.12271236442029476,0.012552717965989155,0.007632578373886645,0.1820458128019617,0.10904869437217712,81.07084846496582,40.59678041469306
1331,0.0011615542623380408,0.0005071301566204056,0.0005071301566204056,0.0,0.0,0.12314096465706825,0.012574620397038829,0.007626289036124945,0.1834600093376061,0.10988353751599789,82.33531761169434,41.2292292881757
1332,0.0011605532312144776,0.0005054569046478719,0.0005054569046478719,0.0,0.0,0.12234698049724102,0.012534015827293004,0.007605842198245227,0.18271396744812055,0.1095503680408001,81.66704750061035,40.894697240553796
1333,0.0011595520137244208,0.000588335475185886,0.000588335475185886,0.0,0.0,0.1231905147433281,0.012577150024587532,0.007634309818968177,0.18346493595036586,0.11019799299538136,82.33973503112793,41.23146277293563
1334,0.0011585506109658284,0.0007092032610671595,0.0007092032610671595,0.0,0.0,0.12288492731750011,0.012561541067274671,0.007623366196639836,0.182546851948883,0.10934538021683693,81.5177230834961,40.8203040054068
1335,0.0011575490240368607,0.0006716117641190067,0.0006716117641190067,0.0,0.0,0.12148734368383884,0.012489904758130166,0.007642446900717914,0.1824367493644724,0.10930521972477436,81.41942024230957,40.770453792996705
1336,0.0011565472540358815,0.0006078887381590903,0.0006078887381590903,0.0,0.0,0.12138306722044945,0.012484543591783658,0.007571862894110382,0.18192279853265297,0.10904131270945072,80.96132278442383,40.54135292582214
1337,0.0011555453020614538,0.0005646127101499587,0.0005646127101499587,0.0,0.0,0.12337844260036945,0.012586739879301272,0.0076528259087353945,0.18340199429492807,0.10982558317482471,82.28325462341309,41.20331653300673
1338,0.0011545431692123406,0.0006157023381092586,0.0006157023381092586,0.0,0.0,0.12217125110328197,0.012525011117174422,0.0075914597837254405,0.1824668403075749,0.10916659608483315,81.44627952575684,40.78422538843006
1339,0.0011535408565875043,0.0005191214368096553,0.0005191214368096553,0.0,0.0,0.12204564735293388,0.012518571188792548,0.007593655143864453,0.182511355082757,0.10949371755123138,81.48602104187012,40.804033344611526
1340,0.0011525383652861026,0.0005328785046003759,0.0005328785046003759,0.0,0.0,0.12349853292107582,0.012592863858507738,0.0076374385971575975,0.1830955807877053,0.10980085283517838,82.00853729248047,41.06601791270077
1341,0.0011515356964074907,0.0006063410692149773,0.0006063410692149773,0.0,0.0,0.12211308255791664,0.012522029074493258,0.007596964482218027,0.18258533352964207,0.10946794599294662,81.55209541320801,40.83710424788296
1342,0.0011505328510512181,0.0005796622353955172,0.0005796622353955172,0.0,0.0,0.1213899776339531,0.012484898947346624,0.007563300896435976,0.1805500572935997,0.10816691815853119,79.74410629272461,39.93274813517928
1343,0.0011495298303170272,0.000650636458885856,0.000650636458885856,0.0,0.0,0.12213588878512383,0.012523198533514924,0.007589581306092441,0.18250191207024533,0.10940775461494923,81.47758865356445,40.79986227117479
1344,0.0011485266353048534,0.0006640028004767373,0.0006640028004767373,0.0,0.0,0.12185102701187134,0.01250858588852758,0.00759396085049957,0.18087184659088038,0.10835274308919907,80.02860641479492,40.0752287209034
1345,0.0011475232671148234,0.000694894915795885,0.000694894915795885,0.0,0.0,0.12238921038806438,0.0125361791526321,0.007615103968419135,0.18276677405465858,0.1096458900719881,81.71425247192383,40.918320841155946
1346,0.0011465197268472529,0.0007266115862876177,0.0007266115862876177,0.0,0.0,0.12191647104918957,0.012511944331923697,0.007600162643939257,0.18150510398217518,0.10890611819922924,80.58997917175293,40.35594782140106
1347,0.0011455160156026468,0.0007121456583263353,0.0007121456583263353,0.0,0.0,0.12313228100538254,0.012574177164433466,0.007654731627553701,0.1818362100806073,0.10900750383734703,80.88426971435547,40.503700997680426
1348,0.0011445121344816987,0.0008201336167985573,0.0008201336167985573,0.0,0.0,0.12156459502875805,0.012493874913706233,0.007572459289804101,0.18114899686204727,0.10848444700241089,80.27405548095703,40.197810037992895
1349,0.0011435080845852857,0.0008170663350028917,0.0008170663350028917,0.0,0.0,0.12197036296129227,0.012514709449205205,0.007581709651276469,0.18211607082434192,0.10919691063463688,81.13343811035156,40.62770423665643
1350,0.0011425038670144726,0.0008697110170032829,0.0008697110170032829,0.0,0.0,0.12205845490098,0.012519227797076628,0.007682814146392047,0.18021722384160999,0.10804206319153309,79.45036888122559,39.78621366806328
1351,0.0011414994828705073,0.0008041593537200242,0.0008041593537200242,0.0,0.0,0.12228870019316673,0.012531030266293736,0.007625923142768443,0.18239866789126288,0.10946335271000862,81.38542938232422,40.75385904125869
1352,0.001140494933254819,0.0008112835930660367,0.0008112835930660367,0.0,0.0,0.1222857367247343,0.012530878284101184,0.0076475662644952536,0.1821053850259717,0.10916623286902905,81.12391662597656,40.62310118135065
1353,0.0011394902192690209,0.0007674704393139109,0.0007674704393139109,0.0,0.0,0.12180487625300884,0.012506216347959417,0.007609581924043596,0.18126763738944374,0.10856175050139427,80.37923812866211,40.25052150245756
1354,0.0011384853420149039,0.0006735859351465479,0.0006735859351465479,0.0,0.0,0.12182741798460484,0.01250737376019899,0.007592128589749336,0.18100195294701124,0.10843966156244278,80.1437873840332,40.132807401008904
1355,0.00113748030259444,0.0006455057009588927,0.0006455057009588927,0.0,0.0,0.121466513723135,0.012488834281986869,0.0075759756145998836,0.18040932919761904,0.10831361450254917,79.61984062194824,39.87065356783569
1356,0.001136475102109778,0.0006020772125339136,0.0006020772125339136,0.0,0.0,0.12119483016431332,0.012474859427874303,0.007559569086879492,0.18123622453480717,0.10844786278903484,80.35138130187988,40.2362880660221
1357,0.0011354697416632426,0.0006437324918806553,0.0006437324918806553,0.0,0.0,0.12123929709196091,0.01247714788966535,0.007555107353255153,0.18067327424355153,0.1083952896296978,79.85298728942871,39.987113293260336
1358,0.0011344642223573358,0.0006149333785288036,0.0006149333785288036,0.0,0.0,0.12187378853559494,0.012509754132372366,0.007579510100185871,0.18065992814565776,0.10828705877065659,79.8411865234375,39.98153015598655
1359,0.001133458545294733,0.0006027123599778861,0.0006027123599778861,0.0,0.0,0.12051291391253471,0.012439714184343894,0.007535282871685922,0.18062094612093274,0.1084870994091034,79.80673408508301,39.96362349949777
1360,0.0011324527115782815,0.0005692630802514032,0.0005692630802514032,0.0,0.0,0.12071510776877403,0.0124501452595427,0.007575236144475639,0.17960295294853526,0.10746977105736732,78.90967750549316,39.51519630663097
1361,0.0011314467223110013,0.0005752691358793527,0.0005752691358793527,0.0,0.0,0.12130649760365486,0.012480605009531721,0.007626534323208034,0.18063888632135008,0.1085925754159689,79.82259178161621,39.97194913960993
1362,0.0011304405785960842,0.0005435113271232694,0.0005435113271232694,0.0,0.0,0.12143585830926895,0.012487257966274265,0.007557369535788894,0.181553791681822,0.10868172533810139,80.63321685791016,40.37732635810971
1363,0.0011294342815368888,0.0005497222082340159,0.0005497222082340159,0.0,0.0,0.12126022391021252,0.012478224324642191,0.007561399484984577,0.18037078869788165,0.10828876867890358,79.58582496643066,39.85354259517044
1364,0.001128427832236944,0.0005523312865989283,0.0005523312865989283,0.0,0.0,0.12082536891102791,0.012455830392104109,0.00757335580419749,0.1805993763360263,0.10851038433611393,79.78767585754395,39.95425061322749
1365,0.0011274212317999445,0.0005650011808029376,0.0005650011808029376,0.0,0.0,0.12178195081651211,0.012505039918743787,0.007585756597109139,0.18082055453821788,0.1086856983602047,79.98323631286621,40.05250913184136
1366,0.0011264144813297509,0.00048224640340777114,0.00048224640340777114,0.0,0.0,0.12084637582302094,0.012456913049858707,0.0075528123416006565,0.18072762273372664,0.10845934599637985,79.90103721618652,40.01094179600477
1367,0.0011254075819303894,0.0004732042652904056,0.0004732042652904056,0.0,0.0,0.12071334756910801,0.01245005496826463,0.007569237030111253,0.18068850068462136,0.10843597538769245,79.8664493560791,39.993581351824105
1368,0.0011244005347060477,0.000488975754706189,0.000488975754706189,0.0,0.0,0.12107287347316742,0.012468581352642855,0.0075603300938382745,0.18040229029830498,0.10825077630579472,79.6136302947998,39.867351584136486
1369,0.0011233933407610768,0.0005056891095591709,0.0005056891095591709,0.0,0.0,0.12127276137471199,0.012478869499689956,0.007600793149322271,0.18029634582262694,0.10827972739934921,79.52015113830566,39.82071194984019
1370,0.001122386001199989,0.0005458708328660578,0.0005458708328660578,0.0,0.0,0.12087746523320675,0.012458515105549762,0.007554158568382263,0.1806882867810825,0.1082591600716114,79.86626243591309,39.993569950573146
1371,0.0011213785171274547,0.0005331609572749585,0.0005331609572749585,0.0,0.0,0.12136173248291016,0.012483446427759,0.007563154096715152,0.18059813611109962,0.10855570994317532,79.78658294677734,39.95397233963013
1372,0.0011203708896483041,0.0005711248668376356,0.0005711248668376356,0.0,0.0,0.12124469690024853,0.01247742575406429,0.007589724031277001,0.18175441500195683,0.10881891660392284,80.8115177154541,40.466381206177175
1373,0.0011193631198675247,0.0005432841426227242,0.0005432841426227242,0.0,0.0,0.1214078851044178,0.012485819706832135,0.007577981916256249,0.18159690453817842,0.10924827307462692,80.67151641845703,40.396462151780725
1374,0.001118355208890259,0.0005411204328993335,0.0005411204328993335,0.0,0.0,0.12189184874296188,0.012510681059291005,0.007591080036945641,0.18118658282040262,0.10862092301249504,80.30736541748047,40.214628633111715
1375,0.0011173471578218054,0.0004868454416282475,0.0004868454416282475,0.0,0.0,0.12089067324995995,0.012459195610248337,0.007544357678852975,0.18122513483344135,0.10871544294059277,80.34154891967773,40.23121979646385
1376,0.001116338967767615,0.0005104584561195225,0.0005104584561195225,0.0,0.0,0.12013198249042034,0.012420038464577942,0.007541305385529995,0.1808517151646178,0.10841631330549717,80.01079940795898,40.0654656952247
1377,0.0011153306398332923,0.0005466443253681064,0.0005466443253681064,0.0,0.0,0.1212594024837017,0.012478181758825297,0.007580717909149826,0.18041497147599195,0.10843739099800587,79.62481689453125,39.873038148507476
1378,0.0011143221751245924,0.0005316115857567638,0.0005316115857567638,0.0,0.0,0.12222742289304733,0.012527890378237266,0.007610735832713544,0.18163424911383744,0.10892069526016712,80.70469284057617,40.41346013173461
1379,0.0011133135747474203,0.000610812559898477,0.000610812559898477,0.0,0.0,0.12076332978904247,0.012452632103171872,0.007568661123514175,0.18018156264625765,0.10815934464335442,79.4189338684082,39.76984859909862
1380,0.00111230483980783,0.0006807490499340929,0.0006807490499340929,0.0,0.0,0.1201167032122612,0.012419248309214665,0.007571083144284785,0.179917714111841,0.10799245163798332,79.18650817871094,39.6533124409616
1381,0.0011112959714120233,0.0005830160807818174,0.0005830160807818174,0.0,0.0,0.1214873194694519,0.012489903593035942,0.007581355166621506,0.180655871025167,0.10872348211705685,79.83760261535645,39.97954496741295
1382,0.0011102869706663481,0.0005849148437846452,0.0005849148437846452,0.0,0.0,0.12156756594777107,0.012494027928376988,0.0075737760635092854,0.18105542091212853,0.10833749175071716,80.1911449432373,40.15635625459254
1383,0.001109277838677297,0.000575683981878683,0.000575683981878683,0.0,0.0,0.12008243054151535,0.012417476538100675,0.007531847688369453,0.17973217719729964,0.10802727192640305,79.02327156066895,39.57167699560523
1384,0.0011082685765515074,0.0005345592071535066,0.0005345592071535066,0.0,0.0,0.12014419957995415,0.012420669820433718,0.007532946532592177,0.17905369184376896,0.10754842311143875,78.42777824401855,39.273961221799254
1385,0.0011072591853957586,0.0004974919502274133,0.0004974919502274133,0.0,0.0,0.12220915034413338,0.012526953689059655,0.007583819096907973,0.18190738102145645,0.1090801041573286,80.94760131835938,40.534905234351754
1386,0.0011062496663169722,0.00045616261195391417,0.00045616261195391417,0.0,0.0,0.12006528489291668,0.012416590118245792,0.007522740284912288,0.18030428761931655,0.10808377899229527,79.52715682983398,39.82361105736345
1387,0.001105240020422209,0.00044412975694285706,0.00044412975694285706,0.0,0.0,0.1207269411534071,0.012450755658158648,0.007546281674876809,0.18021696545253307,0.10808350145816803,79.45014381408691,39.78543537762016
1388,0.0011042302488186704,0.00044013443402945995,0.00044013443402945995,0.0,0.0,0.1211360115557909,0.012471831994746769,0.007565860520116985,0.1807526654697227,0.10863862559199333,79.92318344116211,40.02215972635895
1389,0.0011032203526136943,0.0003788933245232329,0.0003788933245232329,0.0,0.0,0.12074620462954044,0.012451749062483464,0.007577952230349183,0.18076519326488116,0.10856164060533047,79.93425750732422,40.02750185597688
1390,0.0011022103329147554,0.0003707001742441207,0.0003707001742441207,0.0,0.0,0.12118519470095634,0.012474363509987253,0.007565143867395818,0.18119112406827206,0.10890312865376472,80.3113956451416,40.21629041992128
1391,0.0011012001908294645,0.0003576878516469151,0.0003576878516469151,0.0,0.0,0.12084520049393177,0.012456852158333486,0.007562369690276682,0.18075813988554026,0.108495332300663,79.92802047729492,40.02443283889443
1392,0.0011001899274655663,0.0003763321801670827,0.0003763321801670827,0.0,0.0,0.12015055492520332,0.012420998300245326,0.007531332550570369,0.18016416103862715,0.10814070701599121,79.40358924865723,39.761869901791215
1393,0.001099179543930938,0.0003587051323847845,0.0003587051323847845,0.0,0.0,0.12073174864053726,0.012451003286211421,0.007545676780864596,0.18078647023645372,0.10852944478392601,79.95307922363281,40.036905486136675
1394,0.0010981690413335897,0.00035933776962338015,0.00035933776962338015,0.0,0.0,0.12074949219822884,0.012451918517661207,0.0075516062788665295,0.18003084716460457,0.10815994814038277,79.28612327575684,39.70343638397753
1395,0.0010971584207816615,0.00036381354584591463,0.00036381354584591463,0.0,0.0,0.12057926505804062,0.012443138141716902,0.007555048796348274,0.18069638916718095,0.10846037231385708,79.87341690063477,39.9969980828464
1396,0.0010961476833834217,0.00035230712819611654,0.00035230712819611654,0.0,0.0,0.12018750235438347,0.012422908231661303,0.00754200154915452,0.18044974012286139,0.10821545496582985,79.655517578125,39.88785254023969
1397,0.001095136830247269,0.00030382454860955477,0.00030382454860955477,0.0,0.0,0.1209972407668829,0.012464686175962835,0.007561484002508223,0.1811315622259825,0.10884316451847553,80.25860023498535,40.18979873787612
1398,0.0010941258624817265,0.0002931109265773557,0.0002931109265773557,0.0,0.0,0.12066030874848366,0.012447319474953764,0.00754691194742918,0.1811337242942634,0.10864370316267014,80.2605209350586,40.19059062190354
1399,0.0010931147811954454,0.00027559346926864237,0.00027559346926864237,0.0,0.0,0.12092077732086182,0.012460746864343068,0.007564263418316841,0.18073571047401213,0.10855498351156712,79.90818405151367,40.01455241441727
1400,0.0010921035874972003,0.00027161748221260495,0.00027161748221260495,0.0,0.0,0.12106253020465374,0.012468048566189884,0.007557996432296932,0.18075172771786255,0.10857152938842773,79.92234992980957,40.02170623000711
1401,0.0010910922824958881,0.0002569889293226879,0.0002569889293226879,0.0,0.0,0.12116415239870548,0.012473280616929934,0.007566466461867094,0.18153667808415078,0.10886725969612598,80.61801719665527,40.36959067452699
1402,0.0010900808673005296,0.0002661870821611956,0.0002661870821611956,0.0,0.0,0.12097270041704178,0.012463422053866746,0.007560367812402546,0.18074671942225473,0.10864864476025105,79.91791725158691,40.01944497600198
1403,0.0010890693430202656,0.00027876306194229983,0.00027876306194229983,0.0,0.0,0.12086562439799309,0.012457904357068308,0.007574131712317467,0.18107208365904714,0.10868607461452484,80.20590019226074,40.16338290832937
1404,0.0010880577107643557,0.00026229043942294084,0.00026229043942294084,0.0,0.0,0.12090941146016121,0.012460161334599177,0.007571207243017852,0.18039438379236716,0.10844096168875694,79.60665321350098,39.86378131248057
1405,0.0010870459716421795,0.00027872192731592804,0.00027872192731592804,0.0,0.0,0.12167688831686974,0.012499644351953164,0.007607959094457328,0.18232259601510406,0.10958131588995457,81.31756019592285,40.71961854211986
1406,0.001086034126763233,0.00028688448219327256,0.00028688448219327256,0.0,0.0,0.12084601074457169,0.012456894504989262,0.007558977464213967,0.18059609655429085,0.10857431590557098,79.78478240966797,39.95281421020627
1407,0.0010850221772371273,0.0002734988011070527,0.0002734988011070527,0.0,0.0,0.12120211310684681,0.012475234305965456,0.007586049381643534,0.18112868799775078,0.10878532752394676,80.25605773925781,40.18862992618233
1408,0.00108401012417359,0.0002657763034221716,0.0002657763034221716,0.0,0.0,0.12034448236227036,0.012431018544834591,0.0075430882861837745,0.1804760134667844,0.10849140211939812,79.67871475219727,39.89952961727977
1409,0.0010829979686824609,0.00025771708533284254,0.00025771708533284254,0.0,0.0,0.12114294245839119,0.012472188733392038,0.007566333981230855,0.18153485428280167,0.10891319066286087,80.61639785766602,40.3687704000622
1410,0.0010819857118736927,0.00027158232842339203,0.00027158232842339203,0.0,0.0,0.12116143852472305,0.012473140910171055,0.007567775784991682,0.1810269937456107,0.10885637626051903,80.16596603393555,40.143563736230135
1411,0.0010809733548573497,0.00025322359942947514,0.00025322359942947514,0.0,0.0,0.12077753432095051,0.012453363905819593,0.007558838580735028,0.18076827935380207,0.10857963189482689,79.9369888305664,40.02888318244368
1412,0.0010799608987436043,0.00022828875808045268,0.00022828875808045268,0.0,0.0,0.12070121057331562,0.012449428755394506,0.007556051830761135,0.18056195956624968,0.10846682265400887,79.75461769104004,39.93765945080668
1413,0.0010789483446427396,0.00021768044825876132,0.00021768044825876132,0.0,0.0,0.12113201059401035,0.01247162547253558,0.007566745392978191,0.1816134458121896,0.10919485613703728,80.68621444702148,40.40367322880775
1414,0.0010779356936651456,0.00022428855663747527,0.00022428855663747527,0.0,0.0,0.12133650295436382,0.01248214864818846,0.007581820013001561,0.1814034744291859,0.1091537531465292,80.49975204467773,40.31054427381605
1415,0.0010769229469213177,0.00021737363204010762,0.00021737363204010762,0.0,0.0,0.12092140316963196,0.0124607792713189,0.007558076991699636,0.18156661812745775,0.10888304188847542,80.64460754394531,40.38276447355747
1416,0.001075910105521857,0.00022422609981731512,0.00022422609981731512,0.0,0.0,0.12058507837355137,0.012443438254129802,0.007551015936769545,0.18090027239632303,0.10878619365394115,80.05376625061035,40.08717566449195
1417,0.0010748971705774684,0.0002336599281989038,0.0002336599281989038,0.0,0.0,0.12133260630071163,0.01248194783439976,0.007580677513033152,0.18155004437279795,0.10918753407895565,80.62989044189453,40.37561152409762
1418,0.0010738841431989588,0.00023386260363622569,0.00023386260363622569,0.0,0.0,0.12092763558030128,0.012461100416973871,0.007581429439596832,0.1809765510303832,0.10881984606385231,80.12129402160645,40.12111082859337
1419,0.0010728710244972373,0.00023611672077095136,0.00023611672077095136,0.0,0.0,0.12137063778936863,0.012483904392541607,0.007589537184685469,0.18206641579946975,0.1094430424273014,81.08920288085938,40.60528675932437
1420,0.0010718578155833134,0.00023600464191986248,0.00023600464191986248,0.0,0.0,0.12118122167885303,0.012474159071176459,0.00758288602810353,0.1814783920257613,0.10913833789527416,80.56625556945801,40.34371839556843
1421,0.0010708445175682936,0.0002368492932873778,0.0002368492932873778,0.0,0.0,0.12086780369281769,0.012458017660985067,0.00757308560423553,0.18135712916746158,0.10901455581188202,80.4586238861084,40.28974584490061
1422,0.0010698311315633844,0.00022421052563004196,0.00022421052563004196,0.0,0.0,0.12138510122895241,0.012484648494847081,0.007574834278784692,0.18142302872114588,0.10913516581058502,80.5171070098877,40.319246055558324
1423,0.0010688176586798872,0.00020954499268555082,0.00020954499268555082,0.0,0.0,0.12145752646028996,0.012488371982696414,0.007583337370306253,0.18182737481907482,0.10930787213146687,80.87641143798828,40.498934482224286
1424,0.0010678041000291997,0.00021447713515954092,0.00021447713515954092,0.0,0.0,0.12105133756995201,0.012467472279198442,0.007568182074464858,0.1815134238856446,0.10908994451165199,80.59735870361328,40.35920502059162
1425,0.0010667904567228132,0.00020303699420765042,0.00020303699420765042,0.0,0.0,0.12120825238525867,0.012475549976367966,0.00756616541184485,0.1814999804969651,0.1090935729444027,80.58542251586914,40.3533153841272
1426,0.0010657767298723117,0.00019811969832517207,0.00019811969832517207,0.0,0.0,0.12136336229741573,0.01248353006623384,0.007577186217531562,0.1818270418877831,0.10928950645029545,80.87611389160156,40.49873862694949
1427,0.001064762920589371,0.00021781767645734362,0.00021781767645734362,0.0,0.0,0.12094477191567421,0.012461983378889192,0.0075618113623932,0.18093770670755469,0.10884787142276764,80.08690452575684,40.103924648836255
1428,0.0010637490299857573,0.00022533631636179052,0.00022533631636179052,0.0,0.0,0.12117530778050423,0.012473854448216314,0.007575028808787465,0.18165551657801798,0.10918769240379333,80.72359657287598,40.42238594032824
1429,0.0010627350591733262,0.0002205493947258219,0.0002205493947258219,0.0,0.0,0.12113530933856964,0.012471795386892321,0.007572571164928377,0.1813107438079665,0.10899585485458374,80.4174690246582,40.269302166998386
1430,0.0010617210092640204,0.00022837011420051567,0.00022837011420051567,0.0,0.0,0.12137853913009167,0.012484310907815115,0.007581038749776781,0.18147856907501103,0.10908755101263523,80.56641006469727,40.34389430191368
1431,0.0010607068813698706,0.00023020717708277516,0.00023020717708277516,0.0,0.0,0.1208842284977436,0.012458863757526323,0.007560572703368962,0.18155795954248377,0.10906264558434486,80.63691711425781,40.37890067137778
1432,0.0010596926766029923,0.00022265878214966506,0.00022265878214966506,0.0,0.0,0.12116624601185322,0.012473388531309255,0.007580624660477042,0.1813881924814667,0.10911408998072147,80.48618698120117,40.30367661360651
1433,0.001058678396075585,0.0002282825080328621,0.0002282825080328621,0.0,0.0,0.12100767344236374,0.012465223337960211,0.0075735937571153045,0.1804383698195715,0.10861655883491039,79.64548110961914,39.88324439153075
1434,0.0010576640408999321,0.00023710951427347027,0.00023710951427347027,0.0,0.0,0.12128827162086964,0.012479667394858016,0.007580567034892738,0.1817197857914972,0.10928466357290745,80.78073120117188,40.45100973639637
1435,0.0010566496121883983,0.00023346290618064813,0.00023346290618064813,0.0,0.0,0.12114053592085838,0.012472065203217217,0.007599553442560136,0.18160751512716108,0.10918391682207584,80.68094062805176,40.40104058198631
1436,0.001055635111053429,0.00021581656255875714,0.00021581656255875714,0.0,0.0,0.12131932377815247,0.0124812649267607,0.007575075724162161,0.18200989585673436,0.10951136238873005,81.03886032104492,40.58008982241154
1437,0.0010546205386075486,0.00021831034973729402,0.00021831034973729402,0.0,0.0,0.12114693969488144,0.012472394517070414,0.007576599367894232,0.18129139059701188,0.10898140631616116,80.40030479431152,40.2607258670032
1438,0.001053605895963361,0.00025286240634159185,0.00025286240634159185,0.0,0.0,0.12123680673539639,0.012477019597613456,0.007579498458653688,0.18109954208412762,0.10910463705658913,80.23023223876953,40.175734522752464
1439,0.001052591184233546,0.00024318259238498285,0.00024318259238498285,0.0,0.0,0.12053597159683704,0.012440904101378597,0.0075618691043928266,0.1809894261027872,0.10867225751280785,80.13269424438477,40.1266151079908
1440,0.001051576404530859,0.00024942015079432167,0.00024942015079432167,0.0,0.0,0.1212328802794218,0.012476817826535789,0.007580695324577391,0.1819850363619062,0.10950268618762493,81.01672744750977,40.568980163894594
1441,0.001050561557968131,0.00024158263840945438,0.00024158263840945438,0.0,0.0,0.12095528282225132,0.012462525036085728,0.007561941631138325,0.1816088971761289,0.1092090830206871,80.68216705322266,40.401561168022454
1442,0.0010495466456582653,0.0002410385204711929,0.0002410385204711929,0.0,0.0,0.12096316367387772,0.01246293064323831,0.007573784911073744,0.18149459516557123,0.109190933406353,80.58064460754395,40.35080388560891
1443,0.0010485316687142375,0.00024251093054772355,0.00024251093054772355,0.0,0.0,0.12099284678697586,0.012464459688335086,0.0075721064349636436,0.1814318169419278,0.10924731008708477,80.52490615844727,40.32294950261712
1444,0.001047516628249095,0.00024050801584962755,0.00024050801584962755,0.0,0.0,0.12125899083912373,0.012478160913183921,0.007566150976344943,0.18198751581144,0.10956864804029465,81.01893424987793,40.57009662035853
1445,0.0010465015253759535,0.00023325946676777676,0.00023325946676777676,0.0,0.0,0.12100492604076862,0.012465081789775189,0.007566866115666926,0.1814607632138923,0.10915335267782211,80.55060386657715,40.33580439630896
1446,0.0010454863612079977,0.00023704261911916547,0.00023704261911916547,0.0,0.0,0.12092912383377552,0.012461177198754494,0.007581639802083373,0.18158058743242902,0.10937153361737728,80.65701866149902,40.3889738926664
1447,0.0010444711368584802,0.00023691279056947678,0.00023691279056947678,0.0,0.0,0.12070111930370331,0.012449423933754644,0.00756598194129765,0.18132976881315105,0.10890917666256428,80.43435096740723,40.277526043355465
1448,0.0010434558534407183,0.00022722599169355817,0.00022722599169355817,0.0,0.0,0.12091146036982536,0.012460267026869717,0.00756261614151299,0.1813200228564406,0.10918989777565002,80.42570304870605,40.27330725453794
1449,0.001042440512068095,0.00022324118253891356,0.00022324118253891356,0.0,0.0,0.12051187455654144,0.012439660519883348,0.007555961376056075,0.1811029953073621,0.10891077667474747,80.23328971862793,40.176900796592236
1450,0.0010414251138540572,0.00023363275613519363,0.00023363275613519363,0.0,0.0,0.12111035920679569,0.012470511127019298,0.007576063391752541,0.18185587659971783,0.10948457568883896,80.90176963806152,40.51143999863416
1451,0.0010404096599121125,0.00025608547730371356,0.00025608547730371356,0.0,0.0,0.12119424343109131,0.01247482939048026,0.007570547284558415,0.18171890940622307,0.10924816690385342,80.77995491027832,40.450574576854706
1452,0.001039394151355831,0.0002397661992290523,0.0002397661992290523,0.0,0.0,0.12068670243024826,0.012448680648331826,0.007576210075058043,0.18156456380268646,0.10934195667505264,80.64278602600098,40.38173636421561
1453,0.001038378589298843,0.00023289499586098827,0.00023289499586098827,0.0,0.0,0.12106124684214592,0.012467982768693082,0.007566420594230294,0.18157015479442778,0.10920030623674393,80.64775085449219,40.38440605066717
1454,0.001037362974854836,0.00021539233057410456,0.00021539233057410456,0.0,0.0,0.12073836661875248,0.01245134499022806,0.007563122431747615,0.1811380329288835,0.1090066209435463,80.26433563232422,40.192536999471486
1455,0.0010363473091375562,0.00023402177612297237,0.00023402177612297237,0.0,0.0,0.1211011316627264,0.012470036333070367,0.0075793302385136485,0.18183586692194076,0.10950949788093567,80.88396835327148,40.502534742467105
1456,0.0010353315932608053,0.00022151867233333178,0.00022151867233333178,0.0,0.0,0.12090929597616196,0.012460155641205565,0.007598092197440565,0.18117051406174825,0.10903293639421463,80.29312515258789,40.207017224282026
1457,0.0010343158283384402,0.00023072030307957903,0.00023072030307957903,0.0,0.0,0.12085176445543766,0.01245719092754904,0.0075687781209126115,0.18176205226971465,0.10920282080769539,80.81831550598145,40.46958363521844
1458,0.0010333000154843725,0.0002157374838134274,0.0002157374838134274,0.0,0.0,0.12067314237356186,0.01244798159516386,0.007564529660157859,0.18144782919724398,0.10914948582649231,80.53912925720215,40.329901199787855
1459,0.0010322841558125647,0.00022015999275026843,0.00022015999275026843,0.0,0.0,0.1208873838186264,0.012459026400044027,0.007587840547785163,0.1814996341369622,0.1093289852142334,80.58511543273926,40.35300140827894
1460,0.0010312682504370317,0.00021750047017121688,0.00021750047017121688,0.0,0.0,0.12157457508146763,0.012494388400821808,0.007593374117277563,0.18180287969251946,0.10938297770917416,80.85461616516113,40.4880953701213
1461,0.0010302523004718388,0.0002087080902128946,0.0002087080902128946,0.0,0.0,0.12069764360785484,0.012449244655092399,0.007590995752252638,0.18161976345816822,0.10929189436137676,80.69182586669922,40.40626175515354
1462,0.001029236307031099,0.00023130388581193984,0.00023130388581193984,0.0,0.0,0.12069395743310452,0.01244905456136805,0.0075624927412718534,0.18142176332602555,0.10925885848701,80.51598167419434,40.31833781581372
1463,0.0010282202712289736,0.0002096978059853427,0.0002096978059853427,0.0,0.0,0.12119016796350479,0.012474619418327275,0.007585580111481249,0.18175778404758672,0.10946541465818882,80.81451606750488,40.467853117734194
1464,0.0010272041941796714,0.00018330275270272978,0.00018330275270272978,0.0,0.0,0.12049521692097187,0.012438801125851929,0.00757575617171824,0.18131456026900855,0.1090349368751049,80.42085838317871,40.27067680004984
1465,0.0010261880769974444,0.0001916390538099222,0.0001916390538099222,0.0,0.0,0.121324947103858,0.012481554212513716,0.007579742465168238,0.1821677215163863,0.1096373200416565,81.17946243286133,40.65039368998259
1466,0.0010251719207965905,0.00017148741244454868,0.00017148741244454868,0.0,0.0,0.12062942609190941,0.012445726208888267,0.0075627187034115195,0.18146214124822527,0.10920551605522633,80.55182456970215,40.33622699789703
1467,0.001024155726691449,0.00016889835023903288,0.00016889835023903288,0.0,0.0,0.1213221549987793,0.012481410517758603,0.00759048224426806,0.18215262639519797,0.10964667238295078,81.16601181030273,40.64366698265076
1468,0.0010231394957964015,0.0001570045242260676,0.0001570045242260676,0.0,0.0,0.12093264423310757,0.01246135849530208,0.007575602270662785,0.1814858407746731,0.1093292124569416,80.57286834716797,40.34690049570054
1469,0.00102212322922587,0.00014985786765464582,0.00014985786765464582,0.0,0.0,0.12100934982299805,0.012465309725341031,0.007569930050522089,0.18172415484216,0.10932642221450806,80.78461074829102,40.45281004905701
1470,0.0010211069280943149,0.00014140922939986922,0.00014140922939986922,0.0,0.0,0.12059178203344345,0.01244378411264831,0.0075552985072135925,0.18124849795672784,0.10907291993498802,80.36226272583008,40.24142725393176
1471,0.0010200905935162353,0.0001405211278324714,0.0001405211278324714,0.0,0.0,0.12078173086047173,0.012453580809120676,0.007567696855403483,0.1815575876449587,0.10933209955692291,80.63658905029297,40.37868539057672
1472,0.0010190742266061672,0.0001425802729499992,0.0001425802729499992,0.0,0.0,0.1210503950715065,0.012467423694799133,0.0075804684311151505,0.18178251836011922,0.10940223932266235,80.83651161193848,40.47878100350499
1473,0.0010180578284786808,0.00013748780838795938,0.00013748780838795938,0.0,0.0,0.12104317918419838,0.012467051937632985,0.007573126698844135,0.1817245289612639,0.10939924791455269,80.78494453430176,40.45299385674298
1474,0.001017041400248381,0.00013177368236938491,0.00013177368236938491,0.0,0.0,0.1214600894600153,0.012488503799455607,0.007580301491543651,0.18190479808297402,0.10941353440284729,80.94530296325684,40.533381526358426
1475,0.0010160249430299073,0.00012998408601561096,0.00012998408601561096,0.0,0.0,0.12097672745585442,0.012463629441727513,0.007573919137939811,0.18185718250419708,0.10955209285020828,80.90293502807617,40.51195587776601
1476,0.0010150084579379284,0.00012494483780756127,0.00012494483780756127,0.0,0.0,0.12080971710383892,0.012455023375569248,0.00756930117495358,0.18189549510466552,0.10945902206003666,80.93702507019043,40.528917393647134
1477,0.0010139919460871454,0.00012574565880640876,0.00012574565880640876,0.0,0.0,0.12116274051368237,0.012473207847111955,0.007581320824101567,0.18190111688427107,0.1095046829432249,80.9420223236084,40.53159253206104
1478,0.001012975408592288,0.0001301331321883481,0.0001301331321883481,0.0,0.0,0.1212482824921608,0.012477610750592158,0.0075783811043947935,0.18187779918872907,0.10942577756941319,80.9212760925293,40.52126218751073
1479,0.001011958846568114,0.0001398132008034736,0.0001398132008034736,0.0,0.0,0.12086610309779644,0.012457929324901371,0.007573264185339212,0.18177548908530639,0.10955950617790222,80.83025932312012,40.47556271310896
1480,0.0010109422611294088,0.00013831479009240866,0.00013831479009240866,0.0,0.0,0.12114420160651207,0.012472253196114327,0.007585051585920155,0.18176698903788818,0.10944107361137867,80.82269859313965,40.47192139737308
1481,0.0010099256533909829,0.0001280397209484363,0.0001280397209484363,0.0,0.0,0.12129316106438637,0.01247991882184033,0.007582701276987791,0.1819838132567115,0.10956643708050251,81.01563262939453,40.56846289522946
1482,0.0010089090244676708,0.00012983861415705178,0.00012983861415705178,0.0,0.0,0.12124322168529034,0.012477349801188885,0.007578936172649264,0.18178042036522657,0.10942985117435455,80.83464622497559,40.47794472333044
1483,0.0010078923754743313,0.0001269951262656832,0.0001269951262656832,0.0,0.0,0.12114392034709454,0.01247223890350329,0.007579538389109075,0.18186644903544574,0.10952991247177124,80.91117286682129,40.51615839358419
1484,0.0010068757075258447,0.00012659978165174834,0.00012659978165174834,0.0,0.0,0.12102707475423813,0.012466222593235645,0.007577725104056299,0.18181929209946573,0.10943537950515747,80.86922073364258,40.49512390419841
1485,0.0010058590217371117,0.00012689515097008552,0.00012689515097008552,0.0,0.0,0.12111234664916992,0.012470613522607246,0.007581140846014023,0.182185118338229,0.10975879244506359,81.19497299194336,40.658042669296265
1486,0.001004842319223053,0.0001259165655937977,0.0001259165655937977,0.0,0.0,0.12090105190873146,0.012459730819112355,0.0075691890669986606,0.181631964815485,0.10934394039213657,80.70266532897949,40.41178319044411
1487,0.0010038256010986078,0.00012485496154113207,0.00012485496154113207,0.0,0.0,0.12130863219499588,0.012480714900997012,0.007583754952065647,0.18209855744673867,0.10964504443109035,81.11783027648926,40.61956945434213
1488,0.001002808868478732,0.00013143137402948923,0.00013143137402948923,0.0,0.0,0.12136231921613216,0.012483476590130733,0.007597482413984835,0.1819330676158724,0.1095406822860241,80.970458984375,40.545910651795566
1489,0.0010017921224783975,0.00014294620632426813,0.00014294620632426813,0.0,0.0,0.12121396511793137,0.012475844060267373,0.007590016000904143,0.18193382523215326,0.10967775247991085,80.97113800048828,40.546175982803106
1490,0.0010007753642125913,0.00014497006486635655,0.00014497006486635655,0.0,0.0,0.1210293360054493,0.01246633873979162,0.007584693492390215,0.18201272546870673,0.10951991751790047,81.04138374328613,40.58120653964579
1491,0.0009997585947963132,0.00014020469097886235,0.00014020469097886235,0.0,0.0,0.12112722545862198,0.01247137985833513,0.007581809186376631,0.18195583312008112,0.10960273817181587,80.99072456359863,40.55592589452863
1492,0.0009987418153445755,0.0001414945327269379,0.0001414945327269379,0.0,0.0,0.12123057805001736,0.012476698570130524,0.007581358775496483,0.18177741806423872,0.10944879613816738,80.83197975158691,40.476605164818466
1493,0.0009977250269724016,0.0001476168145018164,0.0001476168145018164,0.0,0.0,0.12091508507728577,0.012460453591976985,0.007589920773170888,0.1818561710691938,0.10948778875172138,80.90202522277832,40.5114701539278
1494,0.0009967082307948249,0.00015579748651362024,0.00015579748651362024,0.0,0.0,0.12082752212882042,0.01245594108627687,0.007567876018583775,0.18143103412995237,0.10926790907979012,80.52421569824219,40.322521610185504
1495,0.0009956914279268866,0.000160102474183077,0.000160102474183077,0.0,0.0,0.12113656103610992,0.012471860289190131,0.007576393196359277,0.18198012853865722,0.10947437398135662,81.01235771179199,40.56674713641405
1496,0.0009946746194836363,0.00016644245260977186,0.00016644245260977186,0.0,0.0,0.1213938370347023,0.012485097236890601,0.007587571279145777,0.1822209675247847,0.10971502959728241,81.2269287109375,40.6741612739861
1497,0.0009936578065801286,0.00015705137775512412,0.00015705137775512412,0.0,0.0,0.12125556357204914,0.012477984525593643,0.0075799471233040094,0.18192814815232192,0.10955612547695637,80.96607971191406,40.543667637743056
1498,0.0009926409903314238,0.00014817547344136983,0.00014817547344136983,0.0,0.0,0.12098852172493935,0.012464237282819531,0.007579825003631413,0.18167051202737353,0.10942286252975464,80.73692512512207,40.428956823423505
1499,0.000991624171852586,0.0001390710058331024,0.0001390710058331024,0.0,0.0,0.12082365341484547,0.012455741748435879,0.007577217533253133,0.18174687221254698,0.1094667948782444,80.80481147766113,40.46281756553799
1500,0.00099060735225868,0.00013444529031403363,0.00013444529031403363,0.0,0.0,0.12133599258959293,0.01248212227152534,0.0075877143535763025,0.18217587057247606,0.10981726087629795,81.18673133850098,40.654033665545285
1501,0.0009895905326647743,0.00013271011266624555,0.00013271011266624555,0.0,0.0,0.12115810438990593,0.012472969264129807,0.007583093480207026,0.1818303199539536,0.10947609692811966,80.8790283203125,40.5000932123512
1502,0.0009885737141859363,0.00012946923197887372,0.00012946923197887372,0.0,0.0,0.12090815603733063,0.012460096809319244,0.007571778958663344,0.18178061761364087,0.1095005702227354,80.83482551574707,40.4778668358922
1503,0.0009875568979372312,0.00013470468002196867,0.00013470468002196867,0.0,0.0,0.12122482247650623,0.012476403048429265,0.0075833487790077925,0.181844023167257,0.1095576174557209,80.89122581481934,40.50622531864792
1504,0.0009865400850337235,0.00012299814261496067,0.00012299814261496067,0.0,0.0,0.12105750851333141,0.012467789313287637,0.0075818829936906695,0.18187672642088346,0.1095737274736166,80.92031669616699,40.52068710234016
1505,0.0009855232765904733,0.0001274212681892095,0.0001274212681892095,0.0,0.0,0.12127955444157124,0.012479218894846458,0.00758924859110266,0.182089382004513,0.10963718593120575,81.10966300964355,40.61547128204256
1506,0.0009845064737225352,0.00012731294555123895,0.00012731294555123895,0.0,0.0,0.12101351842284203,0.012465524377879454,0.0075831112917512655,0.1815900373258221,0.10949881002306938,80.66541481018066,40.39321416430175
1507,0.0009834896775449582,0.0001266801955353003,0.0001266801955353003,0.0,0.0,0.12112672626972198,0.012471354042309854,0.007586255203932524,0.18207867162257904,0.10979842767119408,81.10011291503906,40.61061982065439
1508,0.000982472889172785,0.0001401613153575454,0.0001401613153575454,0.0,0.0,0.12130559422075748,0.012480558808189096,0.007586888503283262,0.18205642792115728,0.10966986790299416,81.08030700683594,40.60080630052835
1509,0.0009814561097210473,0.00013052175927441567,0.00013052175927441567,0.0,0.0,0.12103208526968956,0.012466481003256943,0.007576239877380431,0.18170526851393834,0.10954358242452145,80.767822265625,40.444427175447345
1510,0.0009804393403047694,0.00014557555550709367,0.00014557555550709367,0.0,0.0,0.12089359574019909,0.01245934627693445,0.007577052339911461,0.1816470109165686,0.10949168913066387,80.71604347229004,40.41846853401512
1511,0.000979422582038963,0.0001440430205548182,0.0001440430205548182,0.0,0.0,0.12100538052618504,0.012465105138040118,0.0075804939260706306,0.18198861095486457,0.10957723669707775,81.01991081237793,40.57045809645206
1512,0.0009784058360386284,0.00015097837604116648,0.00015097837604116648,0.0,0.0,0.12087778188288212,0.01245853160395786,0.007575445342808962,0.18146498709978767,0.10943028889596462,80.55435180664062,40.337614794261754
1513,0.000977389103418753,0.00015408653052872978,0.00015408653052872978,0.0,0.0,0.12145906127989292,0.012488450927265166,0.007589966990053654,0.18201599763240522,0.10968026518821716,81.04429626464844,40.582877662964165
1514,0.0009763723852943076,0.00015746333156130277,0.00015746333156130277,0.0,0.0,0.12111272104084492,0.012470632922246412,0.007589865243062377,0.18218819826656424,0.1097102016210556,81.19771003723145,40.659411379136145
1515,0.0009753556827802488,0.00015476720363949426,0.00015476720363949426,0.0,0.0,0.12083500064909458,0.01245632675578277,0.007571824709884822,0.18190565821324145,0.10958741046488285,80.94606399536133,40.53344949800521
1516,0.000974338996991516,0.00015523428010055795,0.00015523428010055795,0.0,0.0,0.12088483572006226,0.012458895147405585,0.007577340817078948,0.18152517320768885,0.10946709848940372,80.60779571533203,40.36434027552605
1517,0.000973322329043029,0.000145460606290726,0.000145460606290726,0.0,0.0,0.1213983055204153,0.01248532728378194,0.007594014401547611,0.18197298406719026,0.10966013744473457,81.00599479675293,40.56369655113667
1518,0.0009723056800496893,0.00013715446402784437,0.00013715446402784437,0.0,0.0,0.12148191966116428,0.012489625860599146,0.00759953330270946,0.18225274465205335,0.10991065390408039,81.25526237487793,40.68837214726955
1519,0.0009712890511263777,0.00014358644330059178,0.00014358644330059178,0.0,0.0,0.1208951473236084,0.012459426573358192,0.0075723499758169055,0.18181117060199226,0.10945453867316246,80.86199569702148,40.491445422172546
1520,0.0009702724433879516,0.00013208976452006027,0.00013208976452006027,0.0,0.0,0.1209531594067812,0.012462415276141324,0.007579908357001841,0.18219512983183517,0.1099136434495449,81.20389938354492,40.66242627147585
1521,0.0009692558579492463,0.000134083406010177,0.000134083406010177,0.0,0.0,0.12132138758897781,0.012481371023271376,0.00758809398394078,0.18226785702979945,0.10986504517495632,81.26873588562012,40.69502863660455
1522,0.0009682392959250726,0.00014769034351047594,0.00014769034351047594,0.0,0.0,0.12121557630598545,0.012475927312308593,0.00758418079931289,0.18207578932769006,0.10975637845695019,81.09754943847656,40.609382507391274
1523,0.000967222758430215,0.0001537494499643799,0.0001537494499643799,0.0,0.0,0.12095541879534721,0.012462531750093507,0.007581921061500907,0.18192024652947608,0.10955733060836792,80.95905113220215,40.54000327549875
1524,0.0009662062465794318,0.00014179090794641525,0.00014179090794641525,0.0,0.0,0.12094809487462044,0.01246215444643792,0.007576730102300644,0.18198829878848516,0.10979890264570713,81.0196304321289,40.57028926350176
1525,0.000965189761487453,0.00016028199752327055,0.00016028199752327055,0.0,0.0,0.12137767113745213,0.012484266031510177,0.00759249716065824,0.18232220013670244,0.10990362241864204,81.31720542907715,40.7192915501073
1526,0.0009641733042689787,0.00014179532263369765,0.00014179532263369765,0.0,0.0,0.12100983411073685,0.012465334824265113,0.007584769045934081,0.1821855605220126,0.10976920835673809,81.19536399841309,40.65818691626191
1527,0.0009631568760386795,0.00013917465912527405,0.00013917465912527405,0.0,0.0,0.12099523469805717,0.012464582564221153,0.007579133729450405,0.18223086461409363,0.10991010069847107,81.23575019836426,40.67837271653116
1528,0.0009621404779111929,0.00013902613864047453,0.00013902613864047453,0.0,0.0,0.12104322388768196,0.012467054272092477,0.007583127589896321,0.18200046008767148,0.10968158580362797,81.03045654296875,40.575749883428216
1529,0.0009611241110011244,0.00013536723417928442,0.00013536723417928442,0.0,0.0,0.12076352722942829,0.01245264247432817,0.0075725947972387075,0.18195635007765704,0.10962279699742794,80.99119186401367,40.55597769562155
1530,0.000960107776423045,0.0001236697626154637,0.0001236697626154637,0.0,0.0,0.12149768322706223,0.012490436612295267,0.0075934394262731075,0.18234820369047378,0.11000604927539825,81.34039688110352,40.73094728216529
1531,0.0009590914752914901,0.00013155276974430308,0.00013155276974430308,0.0,0.0,0.12090476416051388,0.012459922063840348,0.0075806110398843884,0.18185967649963672,0.10972703993320465,80.90514945983887,40.51302711199969
1532,0.0009580752087209586,0.00016290202620439231,0.00016290202620439231,0.0,0.0,0.12057735212147236,0.012443039759404162,0.007572604692541063,0.18176158599822434,0.10964077338576317,80.81789588928223,40.46923662070185
1533,0.0009570589778259108,0.0001599844963493524,0.0001599844963493524,0.0,0.0,0.12119950167834759,0.012475099870232594,0.007596757262945175,0.18219645375125426,0.10984858125448227,81.2050724029541,40.663135952316225
1534,0.0009560427837207694,0.00014473875489784405,0.00014473875489784405,0.0,0.0,0.12147417105734348,0.01248922752878294,0.0075928434962406754,0.18220720576751168,0.10983262211084366,81.21465873718262,40.66806645411998
1535,0.0009550266275199154,0.00013744911120738834,0.00013744911120738834,0.0,0.0,0.1210701372474432,0.012468440426129703,0.00757749006152153,0.18204201678740586,0.10964875295758247,81.06746673583984,40.59426843654364
1536,0.0009540105103376884,0.00013171331193007063,0.00013171331193007063,0.0,0.0,0.12100064381957054,0.012464861292441546,0.007595120812766254,0.18230533491844828,0.10992896184325218,81.30216217041016,40.71158140711486
1537,0.0009529944332883859,0.00013955997928860597,0.00013955997928860597,0.0,0.0,0.1205650120973587,0.012442402521398055,0.00757423194590956,0.1818700182779762,0.10970231890678406,80.91435050964355,40.51745776087046
1538,0.0009519783974862609,0.0001341143397439737,0.0001341143397439737,0.0,0.0,0.12139631249010563,0.012485224426101114,0.007592199603095651,0.18271495629474838,0.11016089096665382,81.66792869567871,40.89466250408441
1539,0.0009509624040455211,0.00013389790547080338,0.00013389790547080338,0.0,0.0,0.12127096205949783,0.01247877708398257,0.007588152424432337,0.18244399818790213,0.10999580286443233,81.4258804321289,40.7735756970942
1540,0.0009499464540803279,0.00012869690181105398,0.00012869690181105398,0.0,0.0,0.12105731666088104,0.012467779975997562,0.007583158905617893,0.18187443748695192,0.10975896567106247,80.91828918457031,40.5196732506156
1541,0.0009489305487047952,0.00012595633415912744,0.00012595633415912744,0.0,0.0,0.12114603258669376,0.012472348139471871,0.0075890334555879235,0.18207971506857487,0.1098571214824915,81.10104751586914,40.61109677422792
1542,0.0009479146890329874,0.0001198324989672983,0.0001198324989672983,0.0,0.0,0.12087456323206425,0.012458365742860977,0.007575280265882611,0.18180940077940874,0.10951981320977211,80.86042404174805,40.490649302490056
1543,0.0009468988761789197,0.00011686658581311349,0.00011686658581311349,0.0,0.0,0.12124873511493206,0.012477633638072794,0.007586664403788745,0.18212838978221166,0.10981705971062183,81.1444149017334,40.632831818424165
1544,0.0009458831112565548,0.00011372721746738534,0.00011372721746738534,0.0,0.0,0.1210652757436037,0.01246819008069385,0.007582810241729021,0.18216925779982476,0.10979493707418442,81.18083953857422,40.65095240715891
1545,0.0009448673953798037,0.00011141784125356935,0.00011141784125356935,0.0,0.0,0.12125408463180065,0.012477908721896257,0.007591555011458695,0.18234295577633833,0.10999009385704994,81.33572196960449,40.728488027118146
1546,0.0009438517296625242,0.00011247449947404675,0.00011247449947404675,0.0,0.0,0.12086088582873344,0.012457660662549469,0.007579282275401056,0.18207336478875938,0.10978816635906696,81.09539222717285,40.60812655650079
1547,0.0009428361152185171,0.00010913359437836334,0.00010913359437836334,0.0,0.0,0.12121245265007019,0.012475766493942698,0.007591119036078453,0.18242778492815528,0.11010370589792728,81.41141319274902,40.76631282269955
1548,0.0009418205531615286,0.00010751558147603646,0.00010751558147603646,0.0,0.0,0.120890898630023,0.012459207289901554,0.007580255623906851,0.181830811658782,0.10961883515119553,80.87946701049805,40.500178954564035
1549,0.0009408050446052477,0.00010520396062929649,0.00010520396062929649,0.0,0.0,0.12105101719498634,0.012467455646722695,0.007583708735182881,0.1821947771258111,0.109957505017519,81.20358276367188,40.66231689043343
1550,0.000939789590663303,0.0001072006234608125,0.0001072006234608125,0.0,0.0,0.12113514542579651,0.012471787219388221,0.007587295607663691,0.18179040035411434,0.10965272970497608,80.8435230255127,40.482329085469246
1551,0.0009387741924492646,0.00011125105993414763,0.00011125105993414763,0.0,0.0,0.12113337591290474,0.01247169650139376,0.007588700158521533,0.1820551106568712,0.10987566038966179,81.07913208007812,40.600132727995515
1552,0.0009377588510766418,0.00011062605517508928,0.00011062605517508928,0.0,0.0,0.12117122858762741,0.012473644751305102,0.007589665940031409,0.182290777419964,0.10993818379938602,81.2891788482666,40.705175038427114
1553,0.0009367435676588799,0.0001138019397330936,0.0001138019397330936,0.0,0.0,0.12100846692919731,0.012465264051006505,0.007575224037282169,0.1819896984155292,0.1097586564719677,81.02087593078613,40.570942198857665
1554,0.0009357283433093625,0.00011761065070459154,0.00011761065070459154,0.0,0.0,0.12109681963920593,0.01246981388114571,0.007591418805532157,0.18195616837491407,0.10978426411747932,80.99102592468262,40.55606137216091
1555,0.0009347131791414068,0.00011393303429940715,0.00011393303429940715,0.0,0.0,0.12122989445924759,0.012476663871842543,0.007593479240313172,0.18202972524028904,0.10990392230451107,81.05652236938477,40.58887613192201
1556,0.0009336980762682651,0.00012130843606428243,0.00012130843606428243,0.0,0.0,0.12133782170712948,0.012482216265457008,0.007593530463054776,0.18229422851306393,0.10991440340876579,81.29225730895996,40.706797565333545
1557,0.0009326830358031227,0.0001334451953880489,0.0001334451953880489,0.0,0.0,0.12101210281252861,0.012465452000550105,0.007583877071738243,0.1820701627110747,0.10979489982128143,81.0925407409668,40.60677642188966
1558,0.000931668058859095,0.00012417210382409394,0.00012417210382409394,0.0,0.0,0.12084253504872322,0.012456715187819644,0.007588265696540475,0.1816792190732722,0.10966640710830688,80.74466705322266,40.43275479413569
1559,0.0009306531465492292,0.00012649299242184497,0.00012649299242184497,0.0,0.0,0.12126883864402771,0.012478667466988037,0.007593469345010817,0.1823440334625133,0.11000736244022846,81.33668518066406,40.728977009654045
1560,0.0009296382999865013,0.00012275773406145163,0.00012275773406145163,0.0,0.0,0.12134667113423347,0.012482671652391232,0.007594175054691732,0.1821308110319047,0.10986229404807091,81.14657592773438,40.633961299434304
1561,0.0009286235202838144,0.00012144498396082781,0.00012144498396082781,0.0,0.0,0.12151763774454594,0.012491461955053412,0.007598507101647556,0.182326005641883,0.11000767163932323,81.32059669494629,40.72105716634542
1562,0.000927608808553999,0.00011038496813853271,0.00011038496813853271,0.0,0.0,0.12112530320882797,0.012471280677833306,0.007589798420667648,0.1820582337087483,0.10984589345753193,81.08191299438477,40.6015191487968
1563,0.0009265941659098117,0.00010971624578814954,0.00010971624578814954,0.0,0.0,0.12095135636627674,0.01246232273841586,0.007578484597615898,0.18209889755318565,0.10987846367061138,81.11813354492188,40.619542450644076
1564,0.0009255795934639315,0.00010858227142307442,0.00010858227142307442,0.0,0.0,0.12099229730665684,0.012464431377092251,0.007581734098494053,0.1820584536759846,0.10974785685539246,81.08210754394531,40.601549920625985
1565,0.0009245650923289623,0.00011893977898580488,0.00011893977898580488,0.0,0.0,0.12110242061316967,0.012470102703203863,0.007586315157823265,0.18243436535749133,0.11003241315484047,81.41728973388672,40.769196077249944
1566,0.0009235506636174282,0.0001294927096751053,0.0001294927096751053,0.0,0.0,0.12150626629590988,0.012490877573877424,0.0076039660489186645,0.18219790800686458,0.11000434122979641,81.20637130737305,40.66393878683448
1567,0.0009225363084417751,0.00013928802582086064,0.00013928802582086064,0.0,0.0,0.12089062109589577,0.012459193128320618,0.0075832371367141604,0.1818856949750468,0.10976676270365715,80.92830276489258,40.52459669299424
1568,0.0009215220279143682,0.00012532719483715482,0.00012532719483715482,0.0,0.0,0.12092540226876736,0.01246098524341585,0.007588338456116617,0.1820237799777593,0.10971779935061932,81.05122375488281,40.58607457857579
1569,0.0009205078231474896,0.0001233834700542502,0.0001233834700542502,0.0,0.0,0.12135962024331093,0.012483337580333237,0.007592898909933865,0.18251195976591342,0.11015800386667252,81.48656463623047,40.80396212823689
1570,0.0009194936952533398,0.00011618727330642287,0.00011618727330642287,0.0,0.0,0.12091776914894581,0.012460592127170366,0.007585791405290365,0.18178273353771351,0.1096580158919096,80.83669853210449,40.47880815062672
1571,0.0009184796453440344,0.00012191268433525693,0.00012191268433525693,0.0,0.0,0.12083664909005165,0.012456411744579393,0.007580783567391336,0.1819107139562634,0.1098383404314518,80.95056915283203,40.53570290096104
1572,0.0009174656745316031,0.00011960486335738096,0.00011960486335738096,0.0,0.0,0.12108641676604748,0.012469278521558182,0.007590139051899314,0.18244980724836915,0.10997377336025238,81.43107223510742,40.776079325936735
1573,0.0009164517839279893,0.00012721566599793732,0.00012721566599793732,0.0,0.0,0.12088710069656372,0.012459011362270157,0.007585536455735564,0.18239988310865973,0.11022305674850941,81.38651275634766,40.75369992852211
1574,0.0009154379746450489,0.0001296532318519894,0.0001296532318519894,0.0,0.0,0.1213973443955183,0.012485277894718008,0.0075973388738930225,0.18233898718039082,0.10997186414897442,81.33218193054199,40.726789637468755
1575,0.0009144242477945472,0.00013153197141946293,0.00013153197141946293,0.0,0.0,0.12086856551468372,0.012458056207443474,0.007578183780424297,0.18185598926635624,0.10980700328946114,80.90186882019043,40.51136869285256
1576,0.0009134106044881605,0.00013297790064825676,0.00013297790064825676,0.0,0.0,0.12131713889539242,0.012481152562577166,0.007605744991451502,0.18218518223768604,0.10986083000898361,81.19503021240234,40.65817367564887
1577,0.000912397045837473,0.0001287642662646249,0.0001287642662646249,0.0,0.0,0.12079833820462227,0.012454436700433637,0.007578052580356598,0.18216791578921726,0.10999190621078014,81.17963790893555,40.650218123570085
1578,0.0009113835729539758,0.00012029538993374445,0.00012029538993374445,0.0,0.0,0.12060931697487831,0.012444689058750853,0.007575227529741824,0.18188270977317708,0.10977192223072052,80.92564582824707,40.523127572610974
1579,0.0009103701869490664,0.0001321698000538163,0.0001321698000538163,0.0,0.0,0.12090271525084972,0.012459816368643609,0.007584516773931682,0.18210890100156416,0.10985943302512169,81.12704849243164,40.623975603841245
1580,0.0009093568889340469,0.00013348897482501343,0.00013348897482501343,0.0,0.0,0.12126971408724785,0.012478712946496263,0.007592419744469225,0.18261081511043148,0.11004729941487312,81.57485580444336,40.848062759265304
1581,0.0009083436800201223,0.0001307568254560465,0.0001307568254560465,0.0,0.0,0.12100532278418541,0.012465102365435946,0.0075843645026907325,0.18206134647618785,0.10993732698261738,81.08468437194824,40.602844847366214
1582,0.000907330561318401,0.00014170327995088883,0.00014170327995088883,0.0,0.0,0.12099558860063553,0.012464601097652283,0.007589323911815882,0.18180309228466493,0.10976062528789043,80.85481262207031,40.487904105335474
1583,0.0009063175339398916,0.00012116036305087619,0.00012116036305087619,0.0,0.0,0.12062014453113079,0.012445247546192686,0.007586810505017638,0.18178865082174606,0.10979278199374676,80.84196853637695,40.48129434045404
1584,0.0009053045989955027,0.0001286748502025148,0.0001286748502025148,0.0,0.0,0.12125999480485916,0.012478213100108682,0.0076036808313801885,0.18212163721464195,0.10995853133499622,81.13839530944824,40.62982765212655
1585,0.000904291757596042,0.00012021865950373467,0.00012021865950373467,0.0,0.0,0.12115300260484219,0.01247270661340574,0.0075952872866764665,0.18221491605741816,0.11006204411387444,81.2215347290039,40.671343865804374
1586,0.000903279010852214,0.00011865463966387324,0.00011865463966387324,0.0,0.0,0.121457664296031,0.012488379265426603,0.007597056101076305,0.18223764635253922,0.11001359112560749,81.24180030822754,40.681628986261785
1587,0.0009022663598746199,0.00012397941645758692,0.00012397941645758692,0.0,0.0,0.12098714895546436,0.01246416621145391,0.00759049691259861,0.18178152444125925,0.10978864505887032,80.83563041687012,40.47830878291279
1588,0.0009012538057737553,0.00012078761392331216,0.00012078761392331216,0.0,0.0,0.12080760300159454,0.012454914279745466,0.007594041875563562,0.18206652066289114,0.10996067710220814,81.08929061889648,40.60504911094904
1589,0.0009002413496600103,0.00012046885058225598,0.00012046885058225598,0.0,0.0,0.12085586786270142,0.012457402361597009,0.007583354250527918,0.18176060733659094,0.1097489707171917,80.81701850891113,40.46893718838692
1590,0.0008992289926436671,0.00011620765144471079,0.00011620765144471079,0.0,0.0,0.12076913192868233,0.01245293125643692,0.007583949365653098,0.18205433564061446,0.10997288674116135,81.07844161987305,40.599605375900865
1591,0.000898216735834899,0.00011222892317164224,0.00011222892317164224,0.0,0.0,0.12159938178956509,0.01249566307376385,0.007599502918310463,0.1825644422030806,0.11018924973905087,81.5334300994873,40.827514740638435
1592,0.00089720458034377,0.00011490672659419943,0.00011490672659419943,0.0,0.0,0.12151556834578514,0.01249135565301131,0.007618243107572198,0.18243801792936393,0.11016800813376904,81.4205436706543,40.77102961950004
1593,0.0008961925272802327,0.00011530178198881913,0.00011530178198881913,0.0,0.0,0.12080929428339005,0.012455001468854003,0.007577936630696058,0.18175002105773766,0.10971297509968281,80.80761337280273,40.46421133354306
1594,0.0008951805777541271,0.00011845369954244234,0.00011845369954244234,0.0,0.0,0.12096447311341763,0.01246299836477302,0.007586806197650731,0.18179622261510628,0.10973591357469559,80.84869956970215,40.48483202140778
1595,0.0008941687328751802,0.0001209270631079562,0.0001209270631079562,0.0,0.0,0.12090149149298668,0.012459753301469277,0.007580743753351271,0.1822799511391849,0.10999459400773048,81.27952575683594,40.70021362416446
1596,0.0008931569937530039,0.00013063194455753546,0.00013063194455753546,0.0,0.0,0.12112799659371376,0.012471419384462376,0.00760829821228981,0.18252555822929867,0.11025318689644337,81.49870300292969,40.8099154997617
1597,0.0008921453614970941,0.00014336224558064714,0.00014336224558064714,0.0,0.0,0.12086023390293121,0.01245762766340454,0.0075880096992477775,0.18186475912573918,0.10983205586671829,80.90966987609863,40.51526505500078
1598,0.00089113383721683,0.00013207456504460424,0.00013207456504460424,0.0,0.0,0.1212152112275362,0.012475907920902037,0.007590575027279556,0.18207161030268956,0.10986066609621048,81.09383010864258,40.60752265993506
1599,0.0008901224220214714,0.00013698038674192503,0.00013698038674192503,0.0,0.0,0.12131896987557411,0.012481246709549327,0.007596518495120108,0.18196830623119917,0.10998634994029999,81.00182914733887,40.56157405860722
1600,0.0008891111170201593,0.00017783168732421473,0.00017783168732421473,0.0,0.0,0.12109350599348545,0.012469643502168278,0.00761012127622962,0.18232297401432407,0.11007016338407993,81.31789207458496,40.71949279028922
1601,0.0008880999233219142,0.00016367988428100944,0.00016367988428100944,0.0,0.0,0.12129821255803108,0.012480178551525565,0.007601925055496395,0.18221969233785879,0.1101100705564022,81.22579193115234,40.67354507185519
1602,0.0008870888420356328,0.00017451841631554998,0.00017451841631554998,0.0,0.0,0.12107600085437298,0.012468742409564653,0.0076068161288276315,0.18220605571288173,0.11000589095056057,81.21363258361816,40.66735429223627
1603,0.0008860778742700905,0.00017066770305973478,0.00017066770305973478,0.0,0.0,0.12076680734753609,0.012452811040925073,0.007581464247778058,0.1814948722613194,0.1095470692962408,80.58088874816895,40.35082777775824
1604,0.0008850670211339378,0.00018891052604885772,0.00018891052604885772,0.0,0.0,0.1208215244114399,0.012455631928716647,0.0075899960938841105,0.18206342333003933,0.10995128378272057,81.08653259277344,40.60367705859244
1605,0.0008840562837356982,0.00019321478612255305,0.00019321478612255305,0.0,0.0,0.1208770889788866,0.012458495833045377,0.0075781537452712655,0.1814539165119872,0.10947051271796227,80.54452514648438,40.33270111773163
1606,0.0008830456631837695,0.00018910898143076338,0.00018910898143076338,0.0,0.0,0.12169811129570007,0.01250073471042867,0.00762478681281209,0.1823403202705169,0.11009188182651997,81.33337020874023,40.72753416001797
1607,0.0008820351605864215,0.00017953678616322577,0.00017953678616322577,0.0,0.0,0.12093517929315567,0.012461488992150611,0.00758566043805331,0.18187129847702388,0.10994776152074337,80.91548728942871,40.51821123436093
1608,0.0008810247770517934,0.00017635203039390035,0.00017635203039390035,0.0,0.0,0.12054305709898472,0.01244126962197655,0.007570600952021778,0.18117097157330808,0.10929486900568008,80.29353141784668,40.20703723747283
1609,0.0008800145136878954,0.00019877974773407914,0.00019877974773407914,0.0,0.0,0.12078815698623657,0.012453911780210892,0.00757582439109683,0.18184040219800823,0.10992993600666523,80.88800430297852,40.504396229982376
1610,0.0008790043716026046,0.00018871108113671653,0.00018871108113671653,0.0,0.0,0.12153419852256775,0.012492313066869333,0.0076044012093916535,0.18186996194901112,0.1097804419696331,80.91430282592773,40.51791851222515
1611,0.0008779943519036656,0.00021189268954913132,0.00021189268954913132,0.0,0.0,0.12063996493816376,0.01244626988891735,0.007580380071885884,0.1820830525211319,0.11012597940862179,81.1040153503418,40.61232765763998
1612,0.0008769844556986896,0.00025107386318268254,0.00025107386318268254,0.0,0.0,0.12127885967493057,0.012479183183232993,0.0076012383215129375,0.1822761344536831,0.1099789347499609,81.27611351013184,40.69869618490338
1613,0.0008759746840951506,0.00031095955637283623,0.00031095955637283623,0.0,0.0,0.1206650473177433,0.01244756351806132,0.0075955475913360715,0.18175148913371617,0.10985564440488815,80.80891609191895,40.464790569618344
1614,0.0008749650382003875,0.0002922477506217547,0.0002922477506217547,0.0,0.0,0.12066348269581795,0.012447483145111191,0.007575681898742914,0.1815430035316635,0.10947081819176674,80.62363624572754,40.37214986421168
1615,0.0008739555191216013,0.00030723401869181544,0.00030723401869181544,0.0,0.0,0.12034229002892971,0.012430904702173111,0.007587221101857722,0.18121393138766587,0.10940262489020824,80.33161163330078,40.225976961664855
1616,0.0008729461279658524,0.0002738672701525502,0.0002738672701525502,0.0,0.0,0.12159815803170204,0.012495599750802054,0.007611318025738001,0.1822415762723559,0.11009087599813938,81.24530029296875,40.683449225500226
1617,0.0008719368658400625,0.00035045325057581067,0.00035045325057581067,0.0,0.0,0.12090884149074554,0.012460131991696561,0.00758315809071064,0.18205577056910296,0.10978120379149914,81.07972145080566,40.600315146148205
1618,0.0008709277338510118,0.0003111300029559061,0.0003111300029559061,0.0,0.0,0.12067029997706413,0.012447834882533421,0.00757511449046433,0.18168570871654424,0.10966064222157001,80.75043106079102,40.43555068038404
1619,0.0008699187331053362,0.00028797191043850034,0.00028797191043850034,0.0,0.0,0.12011811882257462,0.012419321541667841,0.007575718220323324,0.1808861939173449,0.10944878868758678,80.04130554199219,40.08071183040738
1620,0.0008689098647095295,0.0002814779545587953,0.0002814779545587953,0.0,0.0,0.12118260934948921,0.012474230668887289,0.007595840957947075,0.1814965168671922,0.10961289517581463,80.58234977722168,40.351766193285584
1621,0.0008679011297699394,0.00025105431996053085,0.00025105431996053085,0.0,0.0,0.12097091972827911,0.012463330253352925,0.007594474824145436,0.18213438020717984,0.11000422015786171,81.14975547790527,40.635363198816776
1622,0.0008668925293927671,0.00024542770188418217,0.00024542770188418217,0.0,0.0,0.12090686336159706,0.012460030385887924,0.007612537476234138,0.18139610701222655,0.10961894877254963,80.49321365356445,40.307060258463025
1623,0.0008658840646840672,0.00026405922108097,0.00026405922108097,0.0,0.0,0.12009104155004025,0.012417921848274545,0.007568488363176584,0.180807814241343,0.10920569114387035,79.97195625305176,40.0460236473009
1624,0.0008648757367497444,0.0002340024511795491,0.0002340024511795491,0.0,0.0,0.12127424217760563,0.012478946172139087,0.007609634078107774,0.18198703476504882,0.11004780977964401,81.01850509643555,40.569889669306576
1625,0.000863867546695554,0.00028370726067805663,0.00028370726067805663,0.0,0.0,0.12072453089058399,0.012450631330948836,0.007582324557006359,0.18137472954111422,0.10947762243449688,80.47423362731934,40.29747907910496
1626,0.0008628594956271002,0.0002885911599150859,0.0002885911599150859,0.0,0.0,0.12045544944703579,0.012436748254265665,0.007581100333482027,0.18148205870612946,0.10959718003869057,80.56951332092285,40.344984385184944
1627,0.0008618515846498346,0.00029296991488081403,0.00029296991488081403,0.0,0.0,0.12040579132735729,0.012434184065369619,0.007572425878606737,0.18130274079300499,0.1094941571354866,80.41037368774414,40.26538973953575
1628,0.0008608438148690549,0.0002839658882294316,0.0002839658882294316,0.0,0.0,0.12025464326143265,0.012426377513823963,0.007577640586532652,0.1812181790141086,0.10961338691413403,80.33538055419922,40.227817598730326
1629,0.0008598361873899045,0.0002735542875598185,0.0002735542875598185,0.0,0.0,0.12041621841490269,0.012434722691297117,0.007569432258605957,0.18089971123454732,0.10941057093441486,80.05326652526855,40.08684137184173
1630,0.0008588287033173704,0.00024356154972338118,0.00024356154972338118,0.0,0.0,0.1205038744956255,0.01243924771984914,0.007566432352177799,0.18121926338917727,0.10941103287041187,80.33634567260742,40.228424773551524
1631,0.0008578213637562824,0.00023644434622838162,0.00023644434622838162,0.0,0.0,0.12044728361070156,0.01243632643545112,0.00758211687207222,0.1810061103607076,0.10922086425125599,80.1474666595459,40.1339569715783
1632,0.0008568141698113116,0.000242460380832199,0.000242460380832199,0.0,0.0,0.12018547393381596,0.012422803246508957,0.0075709477532655,0.18071129928832352,0.10927794687449932,79.8866081237793,40.003396798856556
1633,0.0008558071225869701,0.00024219221813837066,0.00024219221813837066,0.0,0.0,0.11960666812956333,0.012392852983440231,0.00756079563871026,0.18058241210523038,0.10914742760360241,79.77268600463867,39.94614633638412
1634,0.0008548002231876083,0.00021942530656815507,0.00021942530656815507,0.0,0.0,0.12068505398929119,0.012448595460633571,0.007593670510686934,0.18128177358156825,0.10949329286813736,80.39177513122559,40.25623009260744
1635,0.000853793472717415,0.00021903840024606325,0.00021903840024606325,0.0,0.0,0.12070109136402607,0.012449422764871973,0.007576241507194936,0.18119655439804622,0.10934655740857124,80.31620597839355,40.21845353487879
1636,0.0008527868722804155,0.0002112494439643342,0.0002112494439643342,0.0,0.0,0.1207606140524149,0.012452491872604932,0.007579811383038759,0.1811519735903184,0.10940159671008587,80.27669143676758,40.19872602541
1637,0.0008517804229804706,0.00021771664978587069,0.00021771664978587069,0.0,0.0,0.11984191089868546,0.012405034355593406,0.00756217516027391,0.18076170782731166,0.10913212411105633,79.93118095397949,40.02551143243909
1638,0.0008507741259212754,0.00022550285575562157,0.00022550285575562157,0.0,0.0,0.12046448513865471,0.012437214227489186,0.007580044912174344,0.1816098715271505,0.10970502905547619,80.68303680419922,40.40175064466894
1639,0.0008497679822063579,0.00021610401017824188,0.00021610401017824188,0.0,0.0,0.11975685879588127,0.012400631646801859,0.00754867703653872,0.1803893681569548,0.10905572213232517,79.60222816467285,39.860992511734366
1640,0.0008487619929390782,0.0002079814366879873,0.0002079814366879873,0.0,0.0,0.12071750313043594,0.012450268861104341,0.007586885592900217,0.18139297256048137,0.10960264131426811,80.49043083190918,40.30557416751981
1641,0.0008477561592226267,0.000209081747016171,0.000209081747016171,0.0,0.0,0.12052299454808235,0.012440234293564712,0.007577089127153158,0.18126554627996774,0.10938632674515247,80.37738418579102,40.24895359016955
1642,0.0008467504821600238,0.00019006137517862953,0.00019006137517862953,0.0,0.0,0.12041623704135418,0.012434723130146319,0.00757113192230463,0.18129650713449216,0.10950841009616852,80.40484237670898,40.26262930687517
1643,0.000845744962854117,0.0001868397266662214,0.0001868397266662214,0.0,0.0,0.11969775892794132,0.012397571268751354,0.007546675158664584,0.1805750653432754,0.10903058014810085,79.76619911193848,39.94294843543321
1644,0.000844739602407582,0.00018491587252356112,0.00018491587252356112,0.0,0.0,0.12097957171499729,0.012463775968438263,0.0075912089087069035,0.1821697767079426,0.10993559285998344,81.1812973022461,40.651138436980546
1645,0.00084373440192292,0.00017289238530793227,0.00017289238530793227,0.0,0.0,0.12025505118072033,0.012426398739095604,0.007562051876448095,0.18066731527338606,0.10913448221981525,79.84771347045898,39.98398426081985
1646,0.0008427293625024559,0.00017205796029884368,0.00017205796029884368,0.0,0.0,0.1209362018853426,0.01246154168679944,0.007589637883938849,0.18114176305424723,0.10944582149386406,80.26764488220215,40.194290542043746
1647,0.000841724485248339,0.00017363698498229496,0.00017363698498229496,0.0,0.0,0.11995159089565277,0.012410709666937327,0.007557371980510652,0.18100566015034475,0.10929648019373417,80.14706611633301,40.13350885361433
1648,0.0008407197712625409,0.00016284921002807096,0.00016284921002807096,0.0,0.0,0.12040465325117111,0.012434125403179352,0.007585628074593842,0.18156191443317685,0.10943621769547462,80.64043426513672,40.380419459193945
1649,0.0008397152216468529,0.00017032552204909734,0.00017032552204909734,0.0,0.0,0.12020651251077652,0.01242389024646215,0.007563674822449684,0.18086303888486227,0.10938148200511932,80.02081489562988,40.07051070407033
1650,0.000838710837502887,0.0001470382558181882,0.0001470382558181882,0.0,0.0,0.1203535795211792,0.012431488390855339,0.0075780326733365655,0.18108182238761306,0.10943880677223206,80.21453666687012,40.16744512319565
1651,0.0008377066199320743,0.00016715700621716678,0.00016715700621716678,0.0,0.0,0.12065915018320084,0.012447259413311571,0.0075704981572926044,0.18117200996604454,0.10939876735210419,80.2944507598877,40.20755495503545
1652,0.0008367025700356615,0.00016201316975639202,0.00016201316975639202,0.0,0.0,0.12053321860730648,0.012440762422706846,0.007573587354272604,0.18127614286991936,0.10934596508741379,80.38678169250488,40.253657455556095
1653,0.0008356986889147131,0.00018002025171881542,0.00018002025171881542,0.0,0.0,0.11990391835570335,0.01240824344714361,0.007553157513029873,0.1807377072321691,0.10924689844250679,79.90995407104492,40.01492899470031
1654,0.0008346949776701073,0.00018536537390900776,0.00018536537390900776,0.0,0.0,0.11980599910020828,0.012403175641023261,0.007564152125269175,0.18043771947643222,0.10903195105493069,79.64489936828613,39.88235268369317
1655,0.0008336914374025366,0.0001964583971130196,0.0001964583971130196,0.0,0.0,0.12000747211277485,0.01241360049328801,0.007562032085843384,0.1808876767270404,0.10935403779149055,80.04262351989746,40.08131549600512
1656,0.0008326880692125068,0.00018869292398449033,0.00018869292398449033,0.0,0.0,0.12039632722735405,0.012433695888037976,0.007559470948763192,0.18125200229393812,0.1093716211616993,80.36536979675293,40.24288306199014
1657,0.0008316848742003331,0.00020389409837662242,0.00020389409837662242,0.0,0.0,0.12035446427762508,0.012431533896642847,0.007573535665869713,0.18111685124982993,0.10952316038310528,80.24556732177734,40.182960893027484
1658,0.0008306818534661419,0.00020700540335383266,0.00020700540335383266,0.0,0.0,0.12042017467319965,0.01243492690078531,0.007579388213343918,0.18083037891662668,0.1092978734523058,79.99191856384277,40.05616936925799
1659,0.0008296790081098695,0.00020190422947052866,0.00020190422947052866,0.0,0.0,0.11995634250342846,0.012410955602428442,0.007556580472737551,0.18018528931297323,0.10902433283627033,79.42222023010254,39.771088286302984
1660,0.0008286763392312575,0.00021814221327076666,0.00021814221327076666,0.0,0.0,0.12002950347959995,0.01241473958060364,0.007559734396636486,0.18080507394294168,0.10906624235212803,79.96953582763672,40.04478266555816
1661,0.0008276738479298559,0.000214773477637209,0.000214773477637209,0.0,0.0,0.12003863230347633,0.012415211800847455,0.007570314570330083,0.18067431034200898,0.10932903923094273,79.85391044616699,39.986974539235234
1662,0.0008266715353050196,0.00018986592112923972,0.00018986592112923972,0.0,0.0,0.12006833776831627,0.012416747894182852,0.007561275735497475,0.18110752065287003,0.109343396499753,80.2372989654541,40.17868365161121
1663,0.0008256694024559065,0.00018594793800730258,0.00018594793800730258,0.0,0.0,0.12013711407780647,0.012420303547145553,0.007558264769613743,0.18051265609754405,0.10906420275568962,79.71107292175293,39.91560501791537
1664,0.0008246674504814787,0.0001569211635796819,0.0001569211635796819,0.0,0.0,0.12026398070156574,0.012426859830875988,0.007561625097878277,0.18072712287425136,0.1091933436691761,79.90059471130371,40.01042934600264
1665,0.0008236656804804994,0.00015444674863829277,0.00015444674863829277,0.0,0.0,0.12009761109948158,0.01241826138655203,0.0075576616218313575,0.18072838282667095,0.10912343487143517,79.9017105102539,40.010904060676694
1666,0.0008226640935515319,0.0001580650314281229,0.0001580650314281229,0.0,0.0,0.12000739574432373,0.012413596097327966,0.007566725602373481,0.1809640404403458,0.1093128863722086,80.11021423339844,40.11511081457138
1667,0.0008216626907929397,0.00014936244042473845,0.00014936244042473845,0.0,0.0,0.12026843428611755,0.012427089784858928,0.007564856205135584,0.18104571677229486,0.10934987291693687,80.18254470825195,40.151406571269035
1668,0.0008206614733028828,0.00014547320097335614,0.00014547320097335614,0.0,0.0,0.12059408985078335,0.012443903392139665,0.007582885795272887,0.18126183154688752,0.10950016230344772,80.37408828735352,40.24734118860215
1669,0.0008196604421793194,0.00013708716323890258,0.00013708716323890258,0.0,0.0,0.12015021964907646,0.012420980873313477,0.007566713844425976,0.1809375883219146,0.10933607257902622,80.08679389953613,40.103472059592605
1670,0.0008186595985200033,0.00012852668078267016,0.00012852668078267016,0.0,0.0,0.1200566291809082,0.01241614241627747,0.007562496932223439,0.18093206528834385,0.10920855216681957,80.0819091796875,40.100982904434204
1671,0.0008176589434224814,0.00012659367348533124,0.00012659367348533124,0.0,0.0,0.12079378589987755,0.012454202139484654,0.007586041581816971,0.18108287929232073,0.10946282558143139,80.2154655456543,40.16812966577709
1672,0.0008166584779840952,0.00016076512474683113,0.00016076512474683113,0.0,0.0,0.1207273080945015,0.012450774504360591,0.00758361560292542,0.18153233530341023,0.10972986556589603,80.61416244506836,40.36744487658143
1673,0.000815658203301978,0.00015593148418702185,0.00015593148418702185,0.0,0.0,0.119853675365448,0.01240564316153982,0.007558926590718329,0.18030510114946896,0.10901848785579205,79.52787208557129,39.82386288046837
1674,0.000814658120473053,0.00015646786414436065,0.00015646786414436065,0.0,0.0,0.11984024941921234,0.01240494857489746,0.007559372461400926,0.18091506790542008,0.1094035841524601,80.06686210632324,40.09335117787123
1675,0.000813658230594034,0.00017129010666394606,0.00017129010666394606,0.0,0.0,0.11999214254319668,0.012412806997279863,0.0075597676914185286,0.1810288483865201,0.10921944305300713,80.16760444641113,40.143798294477165
1676,0.0008126585347614233,0.00016136198610183783,0.00016136198610183783,0.0,0.0,0.12008632719516754,0.012417677955042178,0.007566779269836843,0.18133421146017895,0.10970118083059788,80.43828773498535,40.27918703109026
1677,0.0008116590340715089,0.00014872171232127585,0.00014872171232127585,0.0,0.0,0.1203013863414526,0.012428791985324704,0.007575400173664093,0.18090512457118793,0.10944338515400887,80.05805778503418,40.089179585687816
1678,0.0008106597296203667,0.00016413971752626821,0.00016413971752626821,0.0,0.0,0.12012774311006069,0.01241981936443925,0.007575811236165464,0.1811637360725619,0.10950188711285591,80.2871208190918,40.20362428110093
1679,0.0008096606225038562,0.00016273061919491738,0.00016273061919491738,0.0,0.0,0.12019146420061588,0.012423112781773804,0.007566593354567885,0.18091148754438308,0.10933690518140793,80.06369018554688,40.091940824873745
1680,0.0008086617138176208,0.00017002880122163333,0.00017002880122163333,0.0,0.0,0.12030099704861641,0.012428772227671268,0.007571916561573744,0.18056126582584486,0.10928107425570488,79.75400352478027,39.937152260914445
1681,0.0008076630046570868,0.0001651820493862033,0.0001651820493862033,0.0,0.0,0.11972497217357159,0.012398980594717857,0.007548005552962422,0.1808530463435856,0.10937097854912281,80.01197624206543,40.0658506071195
1682,0.0008066644961174608,0.0001609322425792925,0.0001609322425792925,0.0,0.0,0.12019138038158417,0.012423108096340056,0.007572574308142066,0.18098766110906592,0.10935201495885849,80.13113021850586,40.12566079944372
1683,0.0008056661892937298,0.0001729146570141893,0.0001729146570141893,0.0,0.0,0.12048369087278843,0.012438205934729909,0.007573681068606675,0.18047704553735577,0.10924330726265907,79.67962074279785,39.90005221683532
1684,0.0008046680852806601,0.00018945636475109495,0.00018945636475109495,0.0,0.0,0.1194060817360878,0.012382457378143346,0.007543358136899769,0.1801609767217653,0.10894838906824589,79.40078163146973,39.76009385660291
1685,0.0008036701851727948,0.00018212638315162621,0.00018212638315162621,0.0,0.0,0.11985303647816181,0.012405610170653765,0.007556653814390302,0.18058782463894785,0.109178327023983,79.7774715423584,39.94866228941828
1686,0.0008026724900644535,0.00018806694060913287,0.00018806694060913287,0.0,0.0,0.11944280192255974,0.012384361062520605,0.007537633297033608,0.18065668039447147,0.10911696776747704,79.83831787109375,39.978880336508155
1687,0.0008016750010497317,0.00020403553935466334,0.00020403553935466334,0.0,0.0,0.12066434137523174,0.012447527131099097,0.007574503659270704,0.1813196196527445,0.10952652432024479,80.42534446716309,40.27300440426916
1688,0.0008006777192224981,0.0002352834890189115,0.0002352834890189115,0.0,0.0,0.12032857909798622,0.012430196893493669,0.007582917343825102,0.18063360937020387,0.10921058431267738,79.81793022155762,39.9691294003278
1689,0.0007996806456763947,0.00027779023002949543,0.00027779023002949543,0.0,0.0,0.12005862966179848,0.012416245846242025,0.0075690175872296095,0.18086084783378686,0.10941004939377308,80.01887893676758,40.06946878321469
1690,0.0007986837815048346,0.00029349763644859195,0.00029349763644859195,0.0,0.0,0.12012045830488205,0.012419442667197604,0.007563019986264408,0.18022617679432143,0.10898517817258835,79.45826721191406,39.78919383510947
1691,0.000797687127801002,0.00033688802795950323,0.00033688802795950323,0.0,0.0,0.11990648880600929,0.012408376261718595,0.0075696882558986545,0.18084474498246988,0.10932285152375698,80.00462913513184,40.06226781196892
1692,0.0007966906856578496,0.00032877083867788315,0.00032877083867788315,0.0,0.0,0.1200873926281929,0.012417732886368315,0.00756375165656209,0.18018918129731662,0.10895081795752048,79.42564582824707,39.77286661043763
1693,0.0007956944561680983,0.00031116957688936964,0.00031116957688936964,0.0,0.0,0.11965421959757805,0.01239531654220332,0.007557247183285654,0.1797732299006764,0.10887901857495308,79.05937385559082,39.5895140375942
1694,0.0007946984404242363,0.00029655778780579567,0.00029655778780579567,0.0,0.0,0.11883989721536636,0.01235306560173505,0.007528244866989553,0.1801400420556425,0.10865466855466366,79.3823299407959,39.75058491900563
1695,0.0007937026395185166,0.0002845489652827382,0.0002845489652827382,0.0,0.0,0.12026920542120934,0.01242713018371884,0.007574482122436166,0.18054851496986207,0.1093814056366682,79.74273872375488,39.931503964588046
1696,0.000792707054542957,0.0002657235017977655,0.0002657235017977655,0.0,0.0,0.11908785812556744,0.012365946356989635,0.007538330275565386,0.17985920373190833,0.10867536999285221,79.13501358032227,39.62705071922392
1697,0.0007917116865893387,0.0002511767597752623,0.0002511767597752623,0.0,0.0,0.12005151435732841,0.012415877977394017,0.007560336031019688,0.1811428196092222,0.10934966057538986,80.26858139038086,40.194316452369094
1698,0.0007907165367492047,0.0002557083389547188,0.0002557083389547188,0.0,0.0,0.11991629935801029,0.012408884051798102,0.007569119217805564,0.1801310486300781,0.10887477174401283,79.3744068145752,39.7471615569666
1699,0.0007897216061138585,0.000260595821600873,0.000260595821600873,0.0,0.0,0.11980171129107475,0.012402953603160776,0.007553521194495261,0.18091078484838485,0.10942752100527287,80.06307411193848,40.091437911614776
1700,0.000788726895774364,0.00025622716930229217,0.00025622716930229217,0.0,0.0,0.11993121355772018,0.01240965551872537,0.007570455898530781,0.1802419241269641,0.10878213122487068,79.47214889526367,39.796040054410696
1701,0.0007877324068215426,0.00023527953089796938,0.00023527953089796938,0.0,0.0,0.11999460123479366,0.01241293478067293,0.007554275565780699,0.18003909294143058,0.10897807590663433,79.29338073730469,39.70668766926974
1702,0.0007867381403459735,0.000235646431974601,0.000235646431974601,0.0,0.0,0.11919577792286873,0.012371548294076412,0.007537039811722934,0.17961830382452137,0.10857357084751129,78.92316627502441,39.52118102647364
1703,0.0007857440974379922,0.0002131975743395742,0.0002131975743395742,0.0,0.0,0.12041874416172504,0.012434853028828952,0.007569511188194156,0.18129625798917426,0.10961051844060421,80.40462303161621,40.26252088788897
1704,0.0007847502791876879,0.00022178811923367903,0.00022178811923367903,0.0,0.0,0.11968346498906612,0.012396831037030685,0.007550720241852105,0.17959667066300386,0.10858161374926567,78.90415573120117,39.51191959809512
1705,0.0007837566866849046,0.00021424336955533363,0.00021424336955533363,0.0,0.0,0.1187729574739933,0.012349585740401861,0.007527381181716919,0.17933261594062347,0.1085225734859705,78.67230987548828,39.39554141648114
1706,0.0007827633210192388,0.0002170126790588256,0.0002170126790588256,0.0,0.0,0.11979048699140549,0.012402372824830045,0.007558248355053365,0.1805274446828251,0.10904011689126492,79.72412872314453,39.92195960506797
1707,0.0007817701832800369,0.00020331546693341807,0.00020331546693341807,0.0,0.0,0.1194416731595993,0.012384302458085092,0.007542706793174148,0.1794487932900543,0.10867265053093433,78.7742748260498,39.4468582496047
1708,0.0007807772745563962,0.00020626029436243698,0.00020626029436243698,0.0,0.0,0.11966320313513279,0.012395781871758497,0.007538844947703183,0.1803542134926901,0.10899466276168823,79.57119560241699,39.84542940277606
1709,0.0007797845959371638,0.00020303249038988724,0.00020303249038988724,0.0,0.0,0.11975354701280594,0.012400460317279238,0.007554594078101218,0.18058376074124102,0.1091055441647768,79.77388763427734,39.946820590645075
1710,0.0007787921485109325,0.00020123964350204915,0.00020123964350204915,0.0,0.0,0.1195262260735035,0.012388685568969281,0.0075536941876634955,0.1798755061294574,0.10866714641451836,79.14935684204102,39.63444153405726
1711,0.0007777999333660433,0.0001889804407255724,0.0001889804407255724,0.0,0.0,0.11979898437857628,0.012402812517592388,0.007553529343567789,0.18060631731291274,0.10926621593534946,79.79380989074707,39.95680443756282
1712,0.0007768079515905811,0.0001883068871393334,0.0001883068871393334,0.0,0.0,0.11998171545565128,0.01241226771342408,0.007564588799141347,0.18021734786823532,0.10881084389984608,79.45047569274902,39.78522870410234
1713,0.0007758162042723761,0.00016418910308857448,0.00016418910308857448,0.0,0.0,0.12006119266152382,0.012416378428718367,0.007549690548330545,0.18052726154187262,0.1091027706861496,79.72397041320801,39.922015802934766
1714,0.0007748246924990007,0.00016481534476042725,0.00016481534476042725,0.0,0.0,0.1200539618730545,0.012416004410648713,0.0075600253185257316,0.18074060828922836,0.10918645560741425,79.91251754760742,40.01628575474024
1715,0.0007738334173577687,0.00015963652185746469,0.00015963652185746469,0.0,0.0,0.11961914598941803,0.012393499814086668,0.007549264817498624,0.17988433630149814,0.10887889005243778,79.15712928771973,39.63837421685457
1716,0.0007728423799357351,0.00016047466851887293,0.00016047466851887293,0.0,0.0,0.1190286111086607,0.012362869741817736,0.007535087293945253,0.17953667322903466,0.10865124501287937,78.8514518737793,39.48524024244398
1717,0.0007718515813196947,0.00014921874935680535,0.00014921874935680535,0.0,0.0,0.1198104303330183,0.012403404860881881,0.00755089707672596,0.18038541079188886,0.10898528806865215,79.5987377166748,39.85927407350391
1718,0.0007708610225961785,0.00016639812020002864,0.00016639812020002864,0.0,0.0,0.11948973685503006,0.012386794150294643,0.007555951946415007,0.18001694902039583,0.10887515731155872,79.27388000488281,39.69668487086892
1719,0.000769870704851456,0.00016944775416050106,0.00016944775416050106,0.0,0.0,0.11982916295528412,0.012404374635458234,0.007546796230599284,0.18081826253566652,0.1093143131583929,79.98119926452637,40.050514213740826
1720,0.0007688806291715326,0.00018065467156702653,0.00018065467156702653,0.0,0.0,0.11966332048177719,0.012395787888204108,0.0075475177727639675,0.18008808648366822,0.10891840606927872,79.33654594421387,39.72810463234782
1721,0.0007678907966421468,0.00016654362480039708,0.00016654362480039708,0.0,0.0,0.1200441736727953,0.01241549852339516,0.007563940016552806,0.1807666693390269,0.10939385369420052,79.93556785583496,40.02780601475388
1722,0.000766901208348772,0.0001685892311797943,0.0001685892311797943,0.0,0.0,0.11907987296581268,0.012365531537451563,0.007528000045567751,0.1802767468124941,0.10897279344499111,79.50285911560059,39.8109694942832
1723,0.0007659118653766128,0.00016465458611492068,0.00016465458611492068,0.0,0.0,0.11983317323029041,0.012404581984042541,0.007551454822532833,0.18018474659931455,0.10896626114845276,79.42173767089844,39.770785422064364
1724,0.0007649227688106048,0.00016120481450343505,0.00016120481450343505,0.0,0.0,0.11938822828233242,0.012381531576468813,0.007547652581706643,0.1799805030056884,0.10880676656961441,79.24178695678711,39.68058759253472
1725,0.0007639339197354144,0.00015849864576011896,0.00015849864576011896,0.0,0.0,0.11940894275903702,0.012382605452980165,0.007545391796156764,0.1800134490952505,0.10881215147674084,79.27079772949219,39.69510333612561
1726,0.0007629453192354352,0.00015917366908979602,0.00015917366908979602,0.0,0.0,0.11947029829025269,0.012385786137150993,0.007546782144345343,0.18002384261334148,0.10897211730480194,79.27995300292969,39.69971165060997
1727,0.000761956968394789,0.0001431475866411347,0.0001431475866411347,0.0,0.0,0.11958014406263828,0.012391479218620667,0.0075495959026739,0.1801877935276823,0.10898923128843307,79.42442512512207,39.772002634592354
1728,0.0007609688682973239,0.00014011715938977432,0.00014011715938977432,0.0,0.0,0.1198679469525814,0.012406382281012715,0.007550036301836371,0.18031883763294007,0.1090896986424923,79.53998947143555,39.829928709194064
1729,0.0007599810200266128,0.00016143282846314833,0.00016143282846314833,0.0,0.0,0.11965775489807129,0.012395499535758603,0.007556923548690975,0.18027114670394243,0.10901245102286339,79.49792098999023,39.80878937244415
1730,0.000758993424665952,0.000151765769260237,0.000151765769260237,0.0,0.0,0.11924531124532223,0.012374118553503087,0.0075397283071652055,0.17958973733671685,0.10870564356446266,78.8980712890625,39.50865830015391
1731,0.0007580060832983615,0.00015387704843305983,0.00015387704843305983,0.0,0.0,0.11940559931099415,0.012382432405030095,0.007545097614638507,0.18026638854143578,0.10908419638872147,79.49372673034668,39.80656616482884
1732,0.0007570189970065818,0.00012805500227841549,0.00012805500227841549,0.0,0.0,0.11990096978843212,0.012408090547368137,0.007553176605142653,0.18039161656248848,0.10901047475636005,79.60420989990234,39.86205543484539
1733,0.0007560321668730742,0.00011561829160200432,0.00011561829160200432,0.0,0.0,0.11984459683299065,0.012405173656314506,0.007549385656602681,0.1804529193441329,0.10913722962141037,79.6583251953125,39.889084896072745
1734,0.0007550455939800187,0.00011479674867587164,0.00011479674867587164,0.0,0.0,0.11942030489444733,0.012383194796786012,0.007536852266639471,0.1800648391646836,0.10885913670063019,79.31606101989746,39.717740662395954
1735,0.0007540592794093137,0.00011524892397574149,0.00011524892397574149,0.0,0.0,0.11961511895060539,0.01239329095914091,0.007550439797341824,0.18004118795003135,0.1089499220252037,79.29523468017578,39.70742489956319
1736,0.0007530732242425741,0.0001242183516296791,0.0001242183516296791,0.0,0.0,0.11951339989900589,0.012388020279480204,0.007540111895650625,0.18029878392685492,0.1090715117752552,79.52230262756348,39.82090801373124
1737,0.00075208742956113,0.00011646496750472579,0.00011646496750472579,0.0,0.0,0.11990497075021267,0.012408297540668588,0.007561315433122218,0.1801823793149065,0.10895485058426857,79.41965103149414,39.76977800112218
1738,0.0007511018964460265,9.705042975838296e-05,9.705042975838296e-05,0.0,0.0,0.11950298584997654,0.012387480797590587,0.007553286501206458,0.180265939066824,0.10909567214548588,79.49332809448242,39.8064155401662
1739,0.0007501166259780213,8.967248140834272e-05,8.967248140834272e-05,0.0,0.0,0.11981942504644394,0.01240387047359254,0.007558673853054643,0.1804170647009063,0.10912713594734669,79.62667083740234,39.873245131224394
1740,0.000749131619237584,9.187742034555413e-05,9.187742034555413e-05,0.0,0.0,0.11950146220624447,0.012387401650067641,0.0075462727108970284,0.18012234430370605,0.10904743522405624,79.36673355102539,39.74311750661582
1741,0.0007481468773048957,9.42942533583846e-05,9.42942533583846e-05,0.0,0.0,0.11977852135896683,0.01240175329796564,0.007548844907432795,0.18041303567301348,0.10904826037585735,79.62311363220215,39.87144607678056
1742,0.0007471624012598466,0.00011830213770736009,0.00011830213770736009,0.0,0.0,0.11972184479236603,0.012398818631611117,0.0075512254843488336,0.18025767525053604,0.10910611040890217,79.48604202270508,39.80288193374872
1743,0.000746178192182035,0.00010666399975889362,0.00010666399975889362,0.0,0.0,0.11949495784938335,0.012387064496512378,0.007552524912171066,0.18058115371302413,0.10928486846387386,79.77157974243164,39.94553735014051
1744,0.0007451942511507677,0.00010472622852830682,0.00010472622852830682,0.0,0.0,0.11978315748274326,0.01240199325096293,0.007564725121483207,0.18047668689350135,0.10918911918997765,79.6793098449707,39.89954650122672
1745,0.0007442105792450556,0.0001109722306864569,0.0001109722306864569,0.0,0.0,0.11970543675124645,0.012397969024171462,0.007554113049991429,0.18033980576844505,0.10915936715900898,79.55848693847656,39.839096187613904
1746,0.0007432271775436162,0.00011464733870525379,0.00011464733870525379,0.0,0.0,0.1200878657400608,0.012417757495523608,0.007556717609986663,0.18069669325729543,0.10925891809165478,79.87368774414062,39.99688780494034
1747,0.0007422440471248702,0.00011560636266949587,0.00011560636266949587,0.0,0.0,0.11938993260264397,0.01238162001687728,0.007545915897935629,0.17987151933689657,0.10884557105600834,79.14584922790527,39.63261958025396
1748,0.0007412611890669398,0.00011442938011896331,0.00011442938011896331,0.0,0.0,0.11967953480780125,0.012396627667315844,0.007554200477898121,0.18022603727119724,0.10891293920576572,79.45813941955566,39.78890947718173
1749,0.0007402786044476502,0.00011512527635204606,0.00011512527635204606,0.0,0.0,0.11959235742688179,0.012392111735946688,0.007552052615210414,0.18061183483825802,0.10926438309252262,79.7986888885498,39.95914062298834
1750,0.0007392962943445259,0.00013208645577833522,0.00013208645577833522,0.0,0.0,0.11952876299619675,0.012388816684488574,0.007542765932157636,0.18001133306906625,0.10892854072153568,79.26893424987793,39.69423150643706
1751,0.0007383142598347898,0.00011694198110490106,0.00011694198110490106,0.0,0.0,0.11989256367087364,0.012407655879517431,0.007552045164629817,0.18037672648492512,0.10909693874418736,79.59106826782227,39.85548041574657
1752,0.0007373325019953633,0.00011006930253643077,0.00011006930253643077,0.0,0.0,0.12000247649848461,0.01241334171512196,0.007565842475742102,0.1804226809279071,0.10910122841596603,79.63162994384766,39.87581621017307
1753,0.0007363510219028649,0.00011354633716109674,0.00011354633716109674,0.0,0.0,0.11987218260765076,0.012406601031991255,0.007561309379525483,0.18031037738449823,0.109118627384305,79.53252220153809,39.82619719207287
1754,0.000735369820633607,0.00011263594751653727,0.00011263594751653727,0.0,0.0,0.11967887915670872,0.012396593918772004,0.0075555319199338555,0.18058332752847714,0.10931879095733166,79.77349472045898,39.94658679980785
1755,0.0007343888992635978,0.00012241465083207004,0.00012241465083207004,0.0,0.0,0.11959708295762539,0.012392356572695842,0.007548251305706799,0.180342351733194,0.10908794030547142,79.56073570251465,39.84016639273614
1756,0.000733408258868537,0.00010652851233317051,0.00010652851233317051,0.0,0.0,0.1197618916630745,0.012400892450383673,0.007560940575785935,0.18058517899004287,0.10932918637990952,79.7751350402832,39.94744846597314
1757,0.0007324279005238177,0.00011618764074228238,0.00011618764074228238,0.0,0.0,0.11980568245053291,0.012403159068981887,0.007572763483040035,0.18030650351187627,0.10911938734352589,79.52910804748535,39.82445686496794
1758,0.0007314478253045233,0.00011040713980037253,0.00011040713980037253,0.0,0.0,0.11978359892964363,0.01240201613132413,0.007557238917797804,0.1805595508055979,0.10933926329016685,79.75249099731445,39.93613729812205
1759,0.0007304680342854256,0.00011778755288105458,0.00011778755288105458,0.0,0.0,0.11989915184676647,0.01240799672490487,0.007556027849204838,0.18054179100659906,0.10920027270913124,79.73680114746094,39.92835014965385
1760,0.0007294885285409858,0.00011115227243863046,0.00011115227243863046,0.0,0.0,0.11913665570318699,0.012368479837429391,0.007548764580860734,0.18013929757525746,0.10904139466583729,79.38167572021484,39.750406187959015
1761,0.0007285093091453529,0.0001269360709557077,0.0001269360709557077,0.0,0.0,0.11994189210236073,0.012410207814439536,0.0075723499758169055,0.18058374269072994,0.10927196033298969,79.77386665344238,39.94690427277237
1762,0.0007275303771723599,0.0001306785434280755,0.0001306785434280755,0.0,0.0,0.11997447162866592,0.012411893424930643,0.007562437443993986,0.18028231575162043,0.10923054441809654,79.50777816772461,39.81387631967664
1763,0.0007265517336955262,0.00011681485193548724,0.00011681485193548724,0.0,0.0,0.11939882300794125,0.012382080572581345,0.007540517952293158,0.18015330259702825,0.10889498516917229,79.39402198791504,39.75671040546149
1764,0.0007255733797880547,0.00012554965906019788,0.00012554965906019788,0.0,0.0,0.11954317055642605,0.01238956326769013,0.007543087820522487,0.1806701942640482,0.10937839560210705,79.85026359558105,39.98490338306874
1765,0.0007245953165228298,0.00013607205983134918,0.00013607205983134918,0.0,0.0,0.11925105564296246,0.012374416664924861,0.007543806568719447,0.18037873238011726,0.10906515643000603,79.59283828735352,39.85604467149824
1766,0.0007236175449724185,0.00015949803855619393,0.00015949803855619393,0.0,0.0,0.11941348388791084,0.01238284107635161,0.007545725675299764,0.18010332620083383,0.10913243144750595,79.34997749328613,39.73469548858702
1767,0.0007226400662090664,0.0001938951900228858,0.0001938951900228858,0.0,0.0,0.11980541050434113,0.012403144990062082,0.007556653232313693,0.18036274397544902,0.1092961523681879,79.5787296295166,39.84926752001047
1768,0.0007216628813046991,0.00018081223242916167,0.00018081223242916167,0.0,0.0,0.11955817975103855,0.01239034122265385,0.007545209140516818,0.1799711885300311,0.10889976657927036,79.23357963562012,39.67656890768558
1769,0.0007206859913309202,0.0001645433367229998,0.0001645433367229998,0.0,0.0,0.1191152073442936,0.012367366052453985,0.0075605083256959915,0.17972607820441883,0.10867656022310257,79.01791191101074,39.56851355917752
1770,0.0007197093973590086,0.0001858002578956075,0.0001858002578956075,0.0,0.0,0.11894830502569675,0.012358698692898226,0.00753638450987637,0.17942111338043748,0.10865962877869606,78.74998092651367,39.434464615769684
1771,0.0007187331004599195,0.00016362901078537107,0.00016362901078537107,0.0,0.0,0.11976728960871696,0.012401171583348596,0.007559787016361952,0.180212534022204,0.10921609587967396,79.44622993469238,39.78299861215055
1772,0.0007177571017042829,0.00014582574294763617,0.00014582574294763617,0.0,0.0,0.1196551974862814,0.012395367463696481,0.007548773312009871,0.18043143528605668,0.10908310301601887,79.63935470581055,39.879504951648414
1773,0.0007167814021623997,0.00013894842413719743,0.00013894842413719743,0.0,0.0,0.11927598156034946,0.012375709720930599,0.007553785224445164,0.17996795681180666,0.10905531793832779,79.23073196411133,39.67500397283584
1774,0.0007158060029042451,0.0001607244848855771,0.0001607244848855771,0.0,0.0,0.1196966040879488,0.012397511699707058,0.007559569668956101,0.18033435222198488,0.10923193022608757,79.55367851257324,39.836687558330595
1775,0.0007148309049994641,0.00016369211516575888,0.00016369211516575888,0.0,0.0,0.11972245387732983,0.012398850466917813,0.007557088159956038,0.18045715649839897,0.10916267707943916,79.66206550598145,39.89089397992939
1776,0.0007138561095173702,0.00015346793225035071,0.00015346793225035071,0.0,0.0,0.11927220411598682,0.012375513794222293,0.0075359680922701955,0.17990221536060458,0.10891466215252876,79.17286491394043,39.64606855902821
1777,0.0007128816175269472,0.0001421965098415967,0.0001421965098415967,0.0,0.0,0.11923023872077465,0.012373336638387984,0.007535922224633396,0.17985078918011066,0.1088969986885786,79.12760353088379,39.62341688480228
1778,0.0007119074300968443,0.0001457302860217169,0.0001457302860217169,0.0,0.0,0.11918585561215878,0.012371033090042437,0.007538264035247266,0.17971134286755255,0.10866321809589863,79.00495529174805,39.5620705736801
1779,0.0007109335482953777,0.00014557209215126932,0.00014557209215126932,0.0,0.0,0.11990758776664734,0.012408433433117828,0.007561499020084739,0.1806270226320781,0.10940377973020077,79.81210708618164,39.966007336974144
1780,0.0007099599731905283,0.00016814603441162035,0.00016814603441162035,0.0,0.0,0.11972876265645027,0.01239917688412557,0.007555145653896034,0.1800980981975048,0.10905896313488483,79.34537315368652,39.73255095817149
1781,0.0007089867058499407,0.0001662218892306555,0.0001662218892306555,0.0,0.0,0.11931312084197998,0.01237763633982346,0.0075408529955893755,0.18033784850133078,0.10914892889559269,79.55676460266113,39.838038861751556
1782,0.0007080137473409213,0.0001765520719345659,0.0001765520719345659,0.0,0.0,0.11897856183350086,0.01236027035940255,0.007541625993326306,0.17877115735890156,0.10827961750328541,78.18046188354492,39.14972022268921
1783,0.000707041098730439,0.00017377025142195635,0.00017377025142195635,0.0,0.0,0.1195816695690155,0.012391558193306687,0.007561954902485013,0.1802146166788343,0.10911558195948601,79.44807243347168,39.78382705152035
1784,0.000706068761085122,0.00016684326328686439,0.00016684326328686439,0.0,0.0,0.11898542195558548,0.012360626491656417,0.007533298572525382,0.17945570870807648,0.10850022174417973,78.78034782409668,39.44966662302613
1785,0.0007050967354712578,0.0001869514599093236,0.0001869514599093236,0.0,0.0,0.11992516554892063,0.012409342569559351,0.007561937556602061,0.18054814099305813,0.10935491509735584,79.74241065979004,39.93116791266948
1786,0.0007041250229547916,0.00018838061441783793,0.00018838061441783793,0.0,0.0,0.11950010806322098,0.012387331459447943,0.007552335970103741,0.18013653159687604,0.10902073234319687,79.37923431396484,39.74936721101403
1787,0.0007031536246013255,0.00021841533816768788,0.00021841533816768788,0.0,0.0,0.1199804674834013,0.012412203525361333,0.007560565834864974,0.18051822807725368,0.10933456942439079,79.71599388122559,39.917987174354494
1788,0.0007021825414761169,0.0001656901222304441,0.0001656901222304441,0.0,0.0,0.11907311156392097,0.012365180548066231,0.00752916419878602,0.1795330835353359,0.10858322866261005,78.84829521179199,39.48368416167796
1789,0.000701211774644077,0.00014685180576634593,0.00014685180576634593,0.0,0.0,0.11933055147528648,0.01237854039079485,0.0075489727314561605,0.1795846577404297,0.10875033959746361,78.89360427856445,39.50646741501987
1790,0.0007002413251697713,0.00016330889047821984,0.00016330889047821984,0.0,0.0,0.11919334344565868,0.012371421700552934,0.007538503035902977,0.1795099018267699,0.10867979750037193,78.82793426513672,39.47356380429119
1791,0.0006992711941174165,0.0001995697384700179,0.0001995697384700179,0.0,0.0,0.11939310096204281,0.012381784261674182,0.007545332424342632,0.18006922509548912,0.10907451435923576,79.31993293762207,39.71966301929206
1792,0.0006983013825508798,0.0001736534650262911,0.0001736534650262911,0.0,0.0,0.11937949806451797,0.01238107893385668,0.007540094316937029,0.1801847905333382,0.10903081856667995,79.42178153991699,39.770580518990755
1793,0.0006973318915336791,0.00015567800437565893,0.00015567800437565893,0.0,0.0,0.11941257864236832,0.012382794363346265,0.00754864769987762,0.18035836260052998,0.10926323384046555,79.57486152648926,39.84713705256581
1794,0.0006963627221289798,0.00015231911675073206,0.00015231911675073206,0.0,0.0,0.11917836405336857,0.012370643879160962,0.0075356942834332585,0.17955397745070145,0.1086522564291954,78.86664962768555,39.49291399586946
1795,0.0006953938753995949,0.00013423527889244724,0.00013423527889244724,0.0,0.0,0.11948385462164879,0.012386489287839798,0.007545339409261942,0.18015521275832977,0.10908978432416916,79.39570426940918,39.757594062015414
1796,0.000694425352407984,0.00015075575720402412,0.00015075575720402412,0.0,0.0,0.11920442432165146,0.01237199702166082,0.007541694561950862,0.18006192463389306,0.10898048430681229,79.31350135803223,39.71635289117694
1797,0.0006934571542162511,0.00016609146041446365,0.00016609146041446365,0.0,0.0,0.11909684352576733,0.012366412497518627,0.007540543912909925,0.17997337747514247,0.10903985053300858,79.23551368713379,39.67730526532978
1798,0.000692489281886144,0.00015044095198391005,0.00015044095198391005,0.0,0.0,0.11891125701367855,0.012356773684704482,0.007530996110290289,0.17905037074509395,0.10845393501222134,78.42486572265625,39.271888489834964
1799,0.0006915217364790541,0.00013662510900758207,0.00013662510900758207,0.0,0.0,0.11920430697500706,0.012371990993645813,0.007532575284130871,0.17967125052079747,0.10863631777465343,78.9697036743164,39.54445399064571
1800,0.0006905545190560127,0.00015880196951911785,0.00015880196951911785,0.0,0.0,0.11905256472527981,0.012364113985236633,0.0075288169318810105,0.17951303024817322,0.10873937979340553,78.83067893981934,39.47486575227231
1801,0.0006895876306776927,0.00013790258708468173,0.00013790258708468173,0.0,0.0,0.11902083642780781,0.012362466001542971,0.007534419069997966,0.17989468033168363,0.10891945101320744,79.16623306274414,39.642626949585974
1802,0.0006886210724044061,0.0001092108304874273,0.0001092108304874273,0.0,0.0,0.1192588359117508,0.01237482016228905,0.007541814004071057,0.17957047352297129,0.10869976505637169,78.88113784790039,39.50019834190607
1803,0.0006876548452961018,0.0001056898217939306,0.0001056898217939306,0.0,0.0,0.11944246292114258,0.012384343437155627,0.007544008665718138,0.17989007270401505,0.10890523344278336,79.16218185424805,39.640812158584595
1804,0.0006866889504123665,0.00010165560524910688,0.00010165560524910688,0.0,0.0,0.11907323449850082,0.01236518702071841,0.007529180613346398,0.17945619653988554,0.10861075669527054,78.78077697753906,39.44992510601878
1805,0.0006857233888124233,0.00010490782369743101,0.00010490782369743101,0.0,0.0,0.11980242468416691,0.012402990854176095,0.0075581156415864825,0.18044487570267842,0.1091616153717041,79.6512279510498,39.885515187866986
1806,0.0006847581615551276,0.0001131273565988522,0.0001131273565988522,0.0,0.0,0.11876598373055458,0.012349223545213292,0.007529127178713679,0.179832565795043,0.10883373394608498,79.111572265625,39.61516912467778
1807,0.0006837932696989701,0.00012569375940074679,0.00012569375940074679,0.0,0.0,0.11958370730280876,0.012391663589966021,0.007560208090581,0.18035577555133764,0.10913551971316338,79.57258224487305,39.84608297608793
1808,0.0006828287143020732,0.00014865439334244002,0.00014865439334244002,0.0,0.0,0.11963091604411602,0.012394109626903812,0.007550109759904444,0.17960077763805385,0.10872439667582512,78.90776824951172,39.51369958277792
1809,0.0006818644964221895,0.00015305679698940367,0.00015305679698940367,0.0,0.0,0.11912820301949978,0.012368040836048295,0.007532928138971329,0.17971924833037276,0.10874451883137226,79.01190185546875,39.565515029244125
1810,0.0006809006171167029,0.0001607829071872402,0.0001607829071872402,0.0,0.0,0.11842413805425167,0.012331438020230514,0.007517969934269786,0.1789699147567694,0.10842332988977432,78.35440063476562,39.23641238640994
1811,0.0006799370774426244,0.00016805702762212604,0.00016805702762212604,0.0,0.0,0.11947724223136902,0.01238614667575082,0.007563004153780639,0.17986951037417556,0.10890182666480541,79.14408302307129,39.63178013265133
1812,0.0006789738784565937,0.00015071087182150222,0.00015071087182150222,0.0,0.0,0.11990432441234589,0.01240826441024496,0.007549791596829891,0.18007276789791718,0.10892830230295658,79.32304573059082,39.72147502750158
1813,0.0006780110212148774,0.00015040256039355882,0.00015040256039355882,0.0,0.0,0.11895138770341873,0.012358858826881486,0.007531128125265241,0.1795573411023517,0.10872656479477882,78.86960411071777,39.494277749210596
1814,0.0006770485067733653,0.00013498618136509322,0.00013498618136509322,0.0,0.0,0.11896838247776031,0.012359741587091187,0.007538055651821196,0.17934356821120429,0.1086167898029089,78.68191909790039,39.400443740189075
1815,0.0006760863361875731,0.00014749967522220686,0.00014749967522220686,0.0,0.0,0.11920101381838322,0.012371819708577347,0.007543656625784934,0.17967796041210185,0.10887896828353405,78.97560501098633,39.547403012402356
1816,0.000675124510512639,0.00013589243462774903,0.00013589243462774903,0.0,0.0,0.11936630867421627,0.012380394869997638,0.0075375252636149526,0.1794802751002306,0.10858202166855335,78.80191802978516,39.460642169229686
1817,0.0006741630308033223,0.0001294599369430216,0.0001294599369430216,0.0,0.0,0.11953987926244736,0.012389392812833949,0.007549074478447437,0.1800429441174707,0.10896454751491547,79.29678153991699,39.70816070958972
1818,0.0006732018981140036,0.00011838474347314332,0.00011838474347314332,0.0,0.0,0.11918573640286922,0.012371026767485235,0.007536907680332661,0.17984231985983457,0.10886322520673275,79.12016105651855,39.61967339646071
1819,0.0006722411134986834,0.00010104614011652302,0.00010104614011652302,0.0,0.0,0.11883946694433689,0.0123530432197087,0.007529598893597722,0.17967684600177553,0.10885753482580185,78.97462844848633,39.54673395771533
1820,0.0006712806780109784,0.00011374990754120518,0.00011374990754120518,0.0,0.0,0.11945483833551407,0.01238498498428032,0.007547344663180411,0.1792602954691708,0.10859760455787182,78.60887145996094,39.364163149148226
1821,0.000670320592704125,0.0001118986438086722,0.0001118986438086722,0.0,0.0,0.11924403347074986,0.012374052256545039,0.007533798576332629,0.17960983391214078,0.1088347788900137,78.91572570800781,39.51748487073928
1822,0.0006693608586309743,0.0001021618300001137,0.0001021618300001137,0.0,0.0,0.11940991878509521,0.012382656426745442,0.007542843814007938,0.1796079464698388,0.10872429236769676,78.9140682220459,39.5167390704155
1823,0.0006684014768439918,0.000100422741525108,0.000100422741525108,0.0,0.0,0.1192083265632391,0.012372199473044458,0.007542024832218885,0.17997824687693664,0.10903926752507687,79.23979949951172,39.67950391303748
1824,0.0006674424483952581,9.196281280310359e-05,9.196281280310359e-05,0.0,0.0,0.11899551376700401,0.012361151105810724,0.0075411718571558595,0.17949131435144555,0.10874460078775883,78.81161308288574,39.46530429832637
1825,0.0006664837743364649,9.007469270727597e-05,9.007469270727597e-05,0.0,0.0,0.11919103562831879,0.012371301869253061,0.007537365308962762,0.17986123093277226,0.10893085226416588,79.13679313659668,39.6279920861125
1826,0.0006655254557189159,8.861867536325008e-05,8.861867536325008e-05,0.0,0.0,0.11928765289485455,0.012376315413215686,0.007542955805547535,0.17987255228708696,0.10884259454905987,79.14675712585449,39.63302238937467
1827,0.0006645674935935253,9.35819716687547e-05,9.35819716687547e-05,0.0,0.0,0.11919637769460678,0.012371579317378733,0.007532342802733183,0.1798252117038002,0.10879471339285374,79.10510635375977,39.612151365727186
1828,0.0006636098890108157,8.568088014726527e-05,8.568088014726527e-05,0.0,0.0,0.11883760616183281,0.012352946623129787,0.007530906121246517,0.17953159731888604,0.10875382274389267,78.84698867797852,39.482913142070174
1829,0.0006626526430209179,7.669940714549739e-05,7.669940714549739e-05,0.0,0.0,0.1194714792072773,0.012385847524912579,0.007550822687335312,0.18009182025607637,0.10907375812530518,79.3398380279541,39.72965475358069
1830,0.00066169575667357,8.111670103971846e-05,8.111670103971846e-05,0.0,0.0,0.11929226294159889,0.012376554389689421,0.007541488739661872,0.17997483934446165,0.10899137891829014,79.23679733276367,39.678044797852635
1831,0.0006607392310181147,8.260108552349266e-05,8.260108552349266e-05,0.0,0.0,0.11913501098752022,0.012368394391480669,0.007537214085459709,0.1795168641761738,0.10872542671859264,78.83405113220215,39.476593071594834
1832,0.0006597830671034999,8.158584387274459e-05,8.158584387274459e-05,0.0,0.0,0.11904785223305225,0.012363869324817693,0.007534369477070868,0.17961276614923197,0.10878038592636585,78.91830253601074,39.5186751941219
1833,0.0006588272659782761,9.34610579861328e-05,9.34610579861328e-05,0.0,0.0,0.11937776021659374,0.01238098902040381,0.007546083419583738,0.1799441531216072,0.1089548822492361,79.20978355407715,39.66458065714687
1834,0.0006578718286905971,0.00010426711378386244,0.00010426711378386244,0.0,0.0,0.11924601159989834,0.012374155009328657,0.007540666148997843,0.17977431522072393,0.10888996161520481,79.0603256225586,39.589785817079246
1835,0.0006569167562882167,0.00011047400585084688,0.00011047400585084688,0.0,0.0,0.11912954971194267,0.012368110694932011,0.0075409767450764775,0.17975385622396506,0.10891113616526127,79.04233360290527,39.58073157630861
1836,0.0006559620498184888,0.00011819362589449156,0.00011819362589449156,0.0,0.0,0.11932608671486378,0.012378308947102522,0.007545589003711939,0.17981665313092515,0.1089315265417099,79.09757232666016,39.60844920668751
1837,0.0006550077103283663,0.00010349876720283646,0.00010349876720283646,0.0,0.0,0.11881931498646736,0.012351995931132549,0.007535926066339016,0.17957028940601877,0.10868929512798786,78.8809814453125,39.499900380149484
1838,0.0006540537388643995,0.00010930319331237115,0.00010930319331237115,0.0,0.0,0.11901586316525936,0.012362207771530917,0.007531936280429363,0.17964423736884666,0.10887465812265873,78.94595718383789,39.532486523501575
1839,0.0006531001364727347,0.0001011250824376475,0.0001011250824376475,0.0,0.0,0.1194264218211174,0.012383511785168772,0.007550834794528782,0.17961352058975932,0.10880400612950325,78.91896629333496,39.51919635757804
1840,0.0006521469041991144,9.492988647252787e-05,9.492988647252787e-05,0.0,0.0,0.1189779844135046,0.012360240632196698,0.00753397005610168,0.1796219021849274,0.10879216156899929,78.92632675170898,39.522652368061244
1841,0.0006511940430888744,8.882678594090976e-05,8.882678594090976e-05,0.0,0.0,0.11927362531423569,0.012375587579438296,0.007539248093962669,0.1798361546895309,0.10877685435116291,79.11472702026367,39.617000322788954
1842,0.0006502415541869434,8.291937410831451e-05,8.291937410831451e-05,0.0,0.0,0.11929444596171379,0.012376667409551052,0.007542402716353536,0.17984778055866274,0.10897917300462723,79.12495994567871,39.62212719582021
1843,0.0006492894385378429,7.914045454526786e-05,7.914045454526786e-05,0.0,0.0,0.11876148916780949,0.012348990079081006,0.007529820897616446,0.1794914596343615,0.1087346039712429,78.81173706054688,39.46524927485734
1844,0.0006483376971856839,7.79931215220131e-05,7.79931215220131e-05,0.0,0.0,0.11934902891516685,0.012379498448174778,0.007546272128820419,0.1800364935450188,0.10907067358493805,79.29110145568848,39.70522524230182
1845,0.0006473863311741677,7.377258771157358e-05,7.377258771157358e-05,0.0,0.0,0.1193756926804781,0.012380881182166126,0.007549104280769825,0.18021973019643087,0.10915823094546795,79.45257949829102,39.78597759548575
1846,0.0006464353415465841,7.209165778476745e-05,7.209165778476745e-05,0.0,0.0,0.11914455518126488,0.012368889557994037,0.007536260643973947,0.1799895686324129,0.10899830050766468,79.24977111816406,39.684457836672664
1847,0.0006454847293458092,6.744161146343686e-05,6.744161146343686e-05,0.0,0.0,0.11931551992893219,0.012377760812399304,0.007542790030129254,0.17986495646967174,0.10891599208116531,79.14007377624512,39.629694648087025
1848,0.0006445344956143061,6.654317439824808e-05,6.654317439824808e-05,0.0,0.0,0.1192290224134922,0.012373273424441382,0.007544710882939398,0.1799059296953492,0.10901142098009586,79.1761302947998,39.64767965860665
1849,0.0006435846413941231,6.602366556762718e-05,6.602366556762718e-05,0.0,0.0,0.11911886930465698,0.012367555930984554,0.007535179960541427,0.1797115553427496,0.10887102410197258,79.00513458251953,39.562126725912094
1850,0.0006426351677268911,6.200016377988504e-05,6.200016377988504e-05,0.0,0.0,0.11920944787561893,0.012372257693744063,0.007539665326476097,0.17988486956684502,0.10889391228556633,79.1575984954834,39.63840397167951
1851,0.0006416860756538246,5.923365279159043e-05,5.923365279159043e-05,0.0,0.0,0.1193439457565546,0.012379234989786754,0.007545354077592492,0.18015976708015455,0.10905564203858376,79.39972114562988,39.75953254569322
1852,0.0006407373662157198,5.546433021663688e-05,5.546433021663688e-05,0.0,0.0,0.11901677399873734,0.01236225485660758,0.007533399621024728,0.17962123073842023,0.10881851427257061,78.92573928833008,39.52237803116441
1853,0.0006397890404529523,5.519688056665473e-05,5.519688056665473e-05,0.0,0.0,0.11907610483467579,0.012365335743679465,0.007536158547736704,0.17972893599957876,0.10882863961160183,79.02041816711426,39.56974713597447
1854,0.0006388410994054781,5.4734849982196465e-05,5.4734849982196465e-05,0.0,0.0,0.11930615268647671,0.012377274671553267,0.007542485371232033,0.18000090261074098,0.10902558080852032,79.25975036621094,39.68952825944871
1855,0.0006378935441128304,5.523365325643681e-05,5.523365325643681e-05,0.0,0.0,0.1191113218665123,0.012367164404439959,0.007535224896855652,0.17982435715960987,0.10891896113753319,79.1043472290039,39.61172927543521
1856,0.0006369463756141198,5.6833640883269254e-05,5.6833640883269254e-05,0.0,0.0,0.11919742822647095,0.012371633718242384,0.007539791753515601,0.17971554827503836,0.10891804657876492,79.00864601135254,39.563921719789505
1857,0.0006359995949480333,5.9751364460680634e-05,5.9751364460680634e-05,0.0,0.0,0.11923639290034771,0.012373655643377418,0.007539362064562738,0.18001749741343928,0.10897629521787167,79.27436447143555,39.69680043216795
1858,0.000635053203152831,5.794499975309009e-05,5.794499975309009e-05,0.0,0.0,0.11936990357935429,0.012380581022561598,0.007544694934040308,0.1798130793853842,0.1089925579726696,79.09442329406738,39.60689659882337
1859,0.0006341072012663482,5.734920978284208e-05,5.734920978284208e-05,0.0,0.0,0.11914915777742863,0.01236912838382061,0.007541276863776147,0.1800116926400621,0.1091485396027565,79.26925086975098,39.6942000137642
1860,0.0006331615903259922,6.031174325471511e-05,6.031174325471511e-05,0.0,0.0,0.1192551851272583,0.012374630983195857,0.007541073020547628,0.1798213584542324,0.10889980383217335,79.10171508789062,39.61048513650894
1861,0.0006322163713687405,6.064135868655285e-05,6.064135868655285e-05,0.0,0.0,0.11929376423358917,0.012376632136883177,0.007546110078692436,0.1799092531187146,0.10898860171437263,79.17905616760254,39.649174965918064
1862,0.000631271545431142,6.173706515255617e-05,6.173706515255617e-05,0.0,0.0,0.11915934830904007,0.012369657637184764,0.0075393670704215765,0.17981893200403876,0.10888444818556309,79.09957695007324,39.60936814919114
1863,0.0006303271135493146,5.884088750462979e-05,5.884088750462979e-05,0.0,0.0,0.11918134056031704,0.012370798859196007,0.007545579457655549,0.17992869805630454,0.10905996523797512,79.19617652893066,39.65767893474549
1864,0.0006293830767589429,5.935166791459778e-05,5.935166791459778e-05,0.0,0.0,0.11929379589855671,0.012376634047488596,0.007541120401583612,0.17980411622269313,0.10894856974482536,79.0865421295166,39.60291796270758
1865,0.0006284394360952797,5.4691867262590677e-05,5.4691867262590677e-05,0.0,0.0,0.11931122466921806,0.012377537877749254,0.007541636470705271,0.18011956255324557,0.10901700332760811,79.36428260803223,39.74179691635072
1866,0.000627496192593142,5.4624628319288604e-05,5.4624628319288604e-05,0.0,0.0,0.11914325505495071,0.012368822056508917,0.007538148784078658,0.17984775466669348,0.10898875817656517,79.12494087219238,39.62204206362367
1867,0.0006265533472869123,5.2958903324906714e-05,5.2958903324906714e-05,0.0,0.0,0.119193185120821,0.012371413613814618,0.00754255207721144,0.17983539082549177,0.10899018496274948,79.11406326293945,39.61662822403014
1868,0.0006256109012105364,5.2708677685586736e-05,5.2708677685586736e-05,0.0,0.0,0.11926919221878052,0.012375357109416193,0.007543616462498903,0.17995414955415215,0.10901776887476444,79.21858215332031,39.66892567276955
1869,0.0006246688553975214,5.4084168368717656e-05,5.4084168368717656e-05,0.0,0.0,0.11914965137839317,0.012369154266145552,0.007539740763604641,0.17982470933588934,0.10895861685276031,79.10465812683105,39.611903889104724
1870,0.0006237272108809361,5.180939115234651e-05,5.180939115234651e-05,0.0,0.0,0.11912287026643753,0.012367764190993539,0.0075387132819741964,0.17991910396467828,0.10902772098779678,79.18772888183594,39.65342587605119
1871,0.00062278596869341,5.085841803520452e-05,5.085841803520452e-05,0.0,0.0,0.1191266980022192,0.012367962740702758,0.007540686754509807,0.17983255025854752,0.10893316194415092,79.11155891418457,39.615342806093395
1872,0.0006218451298671295,4.7595407522749156e-05,4.7595407522749156e-05,0.0,0.0,0.11937950551509857,0.01238107908077355,0.007544403662905097,0.1800090902611035,0.1090814508497715,79.26696014404297,39.693169824779034
1873,0.0006209046954338401,4.640507904696278e-05,4.640507904696278e-05,0.0,0.0,0.11896291002631187,0.012359457544753883,0.007530268980190158,0.179619981167196,0.10877810046076775,78.92464447021484,39.52180369012058
1874,0.000619964666424844,4.715869090432534e-05,4.715869090432534e-05,0.0,0.0,0.11927233077585697,0.012375520261469972,0.007545514963567257,0.1799310919702827,0.10907656885683537,79.19828033447266,39.65877633262426
1875,0.0006190250438709974,4.5852528273826465e-05,4.5852528273826465e-05,0.0,0.0,0.1192025002092123,0.01237189689742105,0.007546667824499309,0.17980500453064935,0.1089481320232153,79.08732604980469,39.60326427500695
1876,0.0006180858288027121,4.488883405429078e-05,4.488883405429078e-05,0.0,0.0,0.11929196119308472,0.012376538516856371,0.007545909960754216,0.1800280277878944,0.10911884717643261,79.28364181518555,39.701466888189316
1877,0.0006171470222499526,4.5035662878945004e-05,4.5035662878945004e-05,0.0,0.0,0.11931640841066837,0.012377806515710969,0.007541193976067007,0.18003761866150517,0.1090305745601654,79.29208564758301,39.70570102799684
1878,0.0006162086252422351,4.534692834567977e-05,4.534692834567977e-05,0.0,0.0,0.11919805034995079,0.01237166577053114,0.007542650680989027,0.17996877962467556,0.10910117998719215,79.23147010803223,39.67533407919109
1879,0.0006152706388086272,4.453038582141744e-05,4.453038582141744e-05,0.0,0.0,0.11920931749045849,0.012372250636704158,0.007543594692833722,0.17995501642027278,0.1090141236782074,79.21934700012207,39.669278158806264
1880,0.0006143330639777462,4.3286777327011805e-05,4.3286777327011805e-05,0.0,0.0,0.11925121024250984,0.012374424749700672,0.00754403171595186,0.17991016937884624,0.10905232094228268,79.17986297607422,39.649557093158364
1881,0.0006133959017777575,4.415277453517774e-05,4.415277453517774e-05,0.0,0.0,0.11928184516727924,0.012376013967060106,0.007544648600742221,0.17985900437631103,0.1090039610862732,79.13483619689941,39.62705902103335
1882,0.0006124591532363746,4.5347878767643124e-05,4.5347878767643124e-05,0.0,0.0,0.11921437829732895,0.012372513655741598,0.007541337632574141,0.18003690479530843,0.10909046418964863,79.29145622253418,39.705335300415754
1883,0.0006115228193808572,4.0974869079946075e-05,4.0974869079946075e-05,0.0,0.0,0.11916298232972622,0.012369845862986185,0.007540046935901046,0.17988806135987834,0.10901174694299698,79.16040802001953,39.63978550117463
1884,0.0006105869012380098,4.040374369651545e-05,4.040374369651545e-05,0.0,0.0,0.11939572915434837,0.012381920592015419,0.007549179368652403,0.18002333562638073,0.10910242423415184,79.27951049804688,39.69945311360061
1885,0.0006096513998341817,3.859956996166147e-05,3.859956996166147e-05,0.0,0.0,0.11921544931828976,0.01237256893460464,0.007539524929597974,0.18000230993007296,0.10901358723640442,79.26098823547363,39.69010184239596
1886,0.0006087163161952649,3.8113313166832086e-05,3.8113313166832086e-05,0.0,0.0,0.11918383650481701,0.012370928399841876,0.007542825071141124,0.17988975171881408,0.1090210247784853,79.16189765930176,39.64054074790329
1887,0.0006077816513466932,3.7825560866622254e-05,3.7825560866622254e-05,0.0,0.0,0.11929768323898315,0.012376835394252427,0.007544571068137884,0.18009577114424682,0.10914496332406998,79.34332656860352,39.73131212592125
1888,0.0006068474063134411,3.661548544187099e-05,3.661548544187099e-05,0.0,0.0,0.11913551203906536,0.012368419834139853,0.007539127953350544,0.1799598164541089,0.10904722474515438,79.22356796264648,39.671351737342775
1889,0.0006059135821200231,3.6582109714800026e-05,3.6582109714800026e-05,0.0,0.0,0.11928240209817886,0.012376042627541899,0.007544884691014886,0.1799390602393643,0.1090458445250988,79.2052993774414,39.66229088976979
1890,0.0006049801797904917,3.542438935255632e-05,3.542438935255632e-05,0.0,0.0,0.11923956498503685,0.012373820581902235,0.007544470718130469,0.18008618336767052,0.10916898399591446,79.33486938476562,39.72705447487533
1891,0.000604047200348437,3.560513596312376e-05,3.560513596312376e-05,0.0,0.0,0.1192702017724514,0.012375409582878945,0.007546420907601714,0.18001289810305246,0.10905947349965572,79.27031707763672,39.694793639704585
1892,0.0006031146448169854,3.820062102022348e-05,3.820062102022348e-05,0.0,0.0,0.11942924000322819,0.012383658084762585,0.007547115441411734,0.18022361110182375,0.10924304462969303,79.45599746704102,39.78771335352212
1893,0.0006021825142187984,3.766912686842261e-05,3.766912686842261e-05,0.0,0.0,0.11921001598238945,0.012372287098033678,0.007540058344602585,0.17998856739983707,0.10901771672070026,79.24889373779297,39.68405187688768
1894,0.0006012508095760713,3.8787366065662354e-05,3.8787366065662354e-05,0.0,0.0,0.11925555393099785,0.012374649945333282,0.007543136132881045,0.17994638380004122,0.10904369503259659,79.21174812316895,39.66550183854997
1895,0.000600319531910533,3.975329309469089e-05,3.975329309469089e-05,0.0,0.0,0.11917533352971077,0.012370487279715096,0.007542305742390454,0.17998602677951814,0.10903030261397362,79.24665069580078,39.682913014665246
1896,0.0005993886822434431,4.135582003073068e-05,4.135582003073068e-05,0.0,0.0,0.1193025279790163,0.01237708670569047,0.007545138476416469,0.1800814746205891,0.10914980061352253,79.33072471618652,39.72501362208277
1897,0.0005984582615955925,3.9799096157366876e-05,3.9799096157366876e-05,0.0,0.0,0.11937899887561798,0.012381052929542818,0.0075465572299435735,0.18016476843033827,0.10917413420975208,79.40412712097168,39.76175305992365
1898,0.000597528270987302,3.807846314884955e-05,3.807846314884955e-05,0.0,0.0,0.11933758482336998,0.01237890496093899,0.007546343374997377,0.18021788789983817,0.10924245975911617,79.45095825195312,39.78514791838825
1899,0.0005965987114384195,3.727733746927697e-05,3.727733746927697e-05,0.0,0.0,0.11922292038798332,0.012372956467784055,0.007544577470980585,0.17996669671059273,0.1090675126761198,79.22963333129883,39.674428125843406
1900,0.0005956695839683215,3.70403513443307e-05,3.70403513443307e-05,0.0,0.0,0.11921925656497478,0.01237276681914834,0.007541677565313876,0.18003990508346063,0.10912364162504673,79.29409980773926,39.706659532152116
1901,0.0005947408895959105,3.5786722946795635e-05,3.5786722946795635e-05,0.0,0.0,0.11942676268517971,0.012383529558605234,0.007546720211394131,0.18012435561696225,0.10914380848407745,79.3685073852539,39.74396707396954
1902,0.0005938126293396131,3.5297417980473256e-05,3.5297417980473256e-05,0.0,0.0,0.11928877793252468,0.012376373467580434,0.007544482476077974,0.1802006164223361,0.10920285061001778,79.43572998046875,39.77750937920064
1903,0.0005928848042173806,3.508550253172871e-05,3.508550253172871e-05,0.0,0.0,0.1192082054913044,0.012372193004060924,0.007541644852608442,0.18003150932374118,0.10907289013266563,79.28670501708984,39.702956611290574
1904,0.0005919574152466877,3.504034020807012e-05,3.504034020807012e-05,0.0,0.0,0.11931289173662663,0.012377624142325428,0.007545548724010587,0.1802304218629255,0.10923645831644535,79.46200561523438,39.7906592534855
1905,0.0005910304634445292,3.553500664565945e-05,3.553500664565945e-05,0.0,0.0,0.11926981247961521,0.012375389593014608,0.007542148465290666,0.1800266905084571,0.10904265567660332,79.28246307373047,39.70086644310504
1906,0.0005901039498274218,3.5203859169996576e-05,3.5203859169996576e-05,0.0,0.0,0.11921867728233337,0.012372736680919169,0.007542422157712281,0.1799990140950833,0.10909347608685493,79.25809097290039,39.68865482509136
1907,0.0005891778754114017,3.576185918063857e-05,3.576185918063857e-05,0.0,0.0,0.11920083127915859,0.01237181044588374,0.007541289669461548,0.17993836409741254,0.10903750360012054,79.20468330383301,39.66194206755608
1908,0.0005882522412120223,3.5899724025512114e-05,3.5899724025512114e-05,0.0,0.0,0.11925732716917992,0.012374741962734827,0.007543642190285027,0.18014797006390326,0.10917169041931629,79.38932418823242,39.7542907577008
1909,0.0005873270482443557,3.765425663004862e-05,3.765425663004862e-05,0.0,0.0,0.1192327905446291,0.012373468357574023,0.007547142682597041,0.1799869555847915,0.10910200886428356,79.24746704101562,39.68334991578013
1910,0.0005864022975229886,3.7326452002162114e-05,3.7326452002162114e-05,0.0,0.0,0.11926175653934479,0.012374971562277098,0.00754702347330749,0.18012950271866054,0.10918074287474155,79.3730411529541,39.74615145474672
1911,0.0005854779900620244,3.436390670685796e-05,3.436390670685796e-05,0.0,0.0,0.11937369406223297,0.012380777456762459,0.007548322668299079,0.18008561708334847,0.10914266481995583,79.3343734741211,39.72687358409166
1912,0.000584554126875079,3.4894710552180186e-05,3.4894710552180186e-05,0.0,0.0,0.11933867633342743,0.012378961680681439,0.007546561420895159,0.18012839368707928,0.10916117392480373,79.3720703125,39.745704494416714
1913,0.0005836307089752815,3.425394015721395e-05,3.425394015721395e-05,0.0,0.0,0.11922348663210869,0.012372985723400069,0.007540800608694553,0.18000068530309876,0.10905532725155354,79.25955963134766,39.68939155898988
1914,0.0005827077373752736,3.438230351093807e-05,3.438230351093807e-05,0.0,0.0,0.11929911002516747,0.012376909465522418,0.00754434650298208,0.1801942050890713,0.10917647182941437,79.43007278442383,39.7746859472245
1915,0.0005817852130872063,3.619164453994017e-05,3.619164453994017e-05,0.0,0.0,0.11926243454217911,0.012375006839678133,0.007544982712715864,0.1800441183347447,0.10914188250899315,79.29781341552734,39.70853792503476
1916,0.0005808631371227408,3.5943354305345565e-05,3.5943354305345565e-05,0.0,0.0,0.11946619674563408,0.012385573921133628,0.007551662973128259,0.1801823793149065,0.10921301133930683,79.41964912414551,39.76955766044557
1917,0.0005799415104930463,3.606108748499537e-05,3.606108748499537e-05,0.0,0.0,0.11924179829657078,0.012373935978760797,0.0075428548734635115,0.1799744072533504,0.10907105356454849,79.23641586303711,39.67782883066684
1918,0.0005790203342087995,3.593101791921072e-05,3.593101791921072e-05,0.0,0.0,0.11926952004432678,0.012375374306625974,0.007543013081885874,0.1801344583777559,0.10915147513151169,79.37740898132324,39.748339250683784
1919,0.0005780996092801827,3.736580129043432e-05,3.736580129043432e-05,0.0,0.0,0.11919829063117504,0.012371678267960675,0.007541225873865187,0.18002857614719028,0.10909348912537098,79.28412437438965,39.70166133251041
1920,0.0005771793367168848,3.7329756196413655e-05,3.7329756196413655e-05,0.0,0.0,0.11931089870631695,0.012377520977463731,0.007548707420937717,0.18009794047595612,0.109188137575984,79.3452320098877,39.732271454297006
1921,0.000576259517528096,3.676921096484875e-05,3.676921096484875e-05,0.0,0.0,0.11939377710223198,0.012381819225848783,0.007546527776867151,0.1800615548187164,0.10913822427392006,79.31317329406738,39.71628353558481
1922,0.0005753401527225121,3.454038960626349e-05,3.454038960626349e-05,0.0,0.0,0.11938190273940563,0.01238120366565371,0.007548180292360485,0.1802135779374689,0.10921833850443363,79.44715118408203,39.78326654341072
1923,0.0005744212433083287,3.43264791808906e-05,3.43264791808906e-05,0.0,0.0,0.11931612342596054,0.01237779167317488,0.0075465691043064,0.18017420987733646,0.10921533405780792,79.41244888305664,39.7658825032413
1924,0.0005735027902932427,3.343468233651947e-05,3.343468233651947e-05,0.0,0.0,0.11938286572694778,0.012381253322956996,0.007544945692643523,0.18019353060665166,0.10919417627155781,79.42948150634766,39.7744321860373
1925,0.0005725847946844501,3.344956803630339e-05,3.344956803630339e-05,0.0,0.0,0.11920263431966305,0.012371904101688556,0.007546476321294904,0.18011192027415057,0.10915207676589489,79.35754585266113,39.7383742434904
1926,0.0005716672574886469,3.36824186888407e-05,3.36824186888407e-05,0.0,0.0,0.11930005624890327,0.012376958699157026,0.0075456054182723165,0.1801348228731205,0.10917443037033081,79.37772941589355,39.74851473607123
1927,0.0005707501797120236,3.431989807722857e-05,3.431989807722857e-05,0.0,0.0,0.1192972231656313,0.012376811585535788,0.007546066772192717,0.1801794305033824,0.10923374444246292,79.41705513000488,39.76817617658526
1928,0.0005698335623602694,3.324862109366222e-05,3.324862109366222e-05,0.0,0.0,0.11944715864956379,0.012384586811852182,0.007550570415332913,0.18022170166547305,0.10924302600324154,79.45431709289551,39.786882125772536
1929,0.0005689174064385673,3.445107313382323e-05,3.445107313382323e-05,0.0,0.0,0.11925686337053776,0.012374717709013288,0.007546328008174896,0.1801049783424354,0.10918929986655712,79.35143089294434,39.73534387815744
1930,0.0005680017129515947,3.362270126672229e-05,3.362270126672229e-05,0.0,0.0,0.11925259418785572,0.012374496483480142,0.007543803891167045,0.1800333974985302,0.1091147381812334,79.28836441040039,39.70380850229412
1931,0.0005670864829035214,3.283331261627609e-05,3.283331261627609e-05,0.0,0.0,0.11927419528365135,0.012375616681852716,0.007543717394582927,0.1800332552394756,0.10911551117897034,79.28824996948242,39.70376208238304
1932,0.0005661717172980103,3.215177548554493e-05,3.215177548554493e-05,0.0,0.0,0.11943640559911728,0.012384029260816177,0.0075507836882025,0.18026244914248116,0.10928170755505562,79.4902515411377,39.804843973368406
1933,0.0005652574171382126,3.1566312827635556e-05,3.1566312827635556e-05,0.0,0.0,0.1192690022289753,0.0123753472614306,0.007544190855696797,0.1800813117128029,0.1091349832713604,79.33057975769043,39.7249243799597
1934,0.0005643435834267723,3.212815636288724e-05,3.212815636288724e-05,0.0,0.0,0.1193446684628725,0.012379272752989735,0.0075474424520507455,0.1801642954403737,0.10918728448450565,79.4037036895752,39.761524179019034
1935,0.0005634302171658183,3.3359998269588687e-05,3.3359998269588687e-05,0.0,0.0,0.1192474253475666,0.012374228214654013,0.0075441302033141255,0.18016185293144954,0.10918810218572617,79.40155982971191,39.76040362752974
1936,0.00056251731935697,3.367862973391311e-05,3.367862973391311e-05,0.0,0.0,0.11941834352910519,0.01238309314726388,0.00754867447540164,0.18018353970165213,0.10920506156980991,79.42067527770996,39.77004681061953
1937,0.0005616048910013313,3.2936302886810154e-05,3.2936302886810154e-05,0.0,0.0,0.11935748532414436,0.012379937043260798,0.007548831636086106,0.1802318919820603,0.10924086719751358,79.46331024169922,39.79133386351168
1938,0.0005606929330994917,3.222731720597949e-05,3.222731720597949e-05,0.0,0.0,0.11937126331031322,0.012380651692217927,0.007551605347543955,0.18017023227903148,0.10921701788902283,79.4089412689209,39.764156266115606
1939,0.0005597814466515247,3.215853166693705e-05,3.215853166693705e-05,0.0,0.0,0.11939631216228008,0.012381950707890535,0.007551889633759856,0.18023597156444207,0.10925187915563583,79.46689987182617,39.793148091994226
1940,0.0005588704326569878,3.2105095669976436e-05,3.2105095669976436e-05,0.0,0.0,0.11933503113687038,0.01237877256488117,0.007548143155872822,0.1801624655002907,0.1092432513833046,79.402099609375,39.760717320255935
1941,0.0005579598921149183,3.186824687873013e-05,3.186824687873013e-05,0.0,0.0,0.11936593800783157,0.01238037562280887,0.007547896122559905,0.18017759296364422,0.10919429920613766,79.41543388366699,39.76739991083741
1942,0.0005570498260238365,3.178080078214407e-05,3.178080078214407e-05,0.0,0.0,0.1193402148783207,0.01237904146993101,0.007548577967099845,0.18024075636544182,0.10923270881175995,79.47111701965332,39.79522861726582
1943,0.0005561402353817412,3.2849469334905734e-05,3.2849469334905734e-05,0.0,0.0,0.11930538900196552,0.012377235285666735,0.007544700289145112,0.17999932453737413,0.10909528844058514,79.25835990905762,39.68883264902979
1944,0.0005552311211861101,3.3398826417396776e-05,3.3398826417396776e-05,0.0,0.0,0.11933519132435322,0.01237878123458866,0.007550027687102556,0.1801585677693429,0.10921677947044373,79.3986587524414,39.75899697188288
1945,0.0005543224844338982,3.474606819509063e-05,3.474606819509063e-05,0.0,0.0,0.11944858729839325,0.012384660983636192,0.007551011862233281,0.18030471375461607,0.10929522663354874,79.52753257751465,39.82349058240652
1946,0.0005534143261215371,3.560756431397749e-05,3.560756431397749e-05,0.0,0.0,0.11929926089942455,0.012376917254737352,0.007546767359599471,0.18011663856662619,0.10918734781444073,79.36170768737793,39.74050347413868
1947,0.0005525066472449337,3.6367043321661185e-05,3.6367043321661185e-05,0.0,0.0,0.11942975409328938,0.01238368481803573,0.007551069720648229,0.18032460927795982,0.1093243733048439,79.54508590698242,39.832257830537856
1948,0.0005515994487994699,3.6894130062137265e-05,3.6894130062137265e-05,0.0,0.0,0.11932573653757572,0.01237829057837016,0.007548558991402388,0.18002187156418326,0.10913717932999134,79.27821159362793,39.69876866508275
1949,0.0005506927317799987,3.689711456900113e-05,3.689711456900113e-05,0.0,0.0,0.1192216370254755,0.01237289001758516,0.0075451432494446635,0.18016391291206243,0.10923054069280624,79.40336990356445,39.761295770294964
1950,0.0005497864971808476,3.6742691008839756e-05,3.6742691008839756e-05,0.0,0.0,0.1194663979113102,0.012385584054714705,0.00755057658534497,0.18020614895341988,0.10924510098993778,79.44060897827148,39.7800376880914
1951,0.0005488807459958137,3.675021434901282e-05,3.675021434901282e-05,0.0,0.0,0.11939969286322594,0.01238212581923512,0.007553288363851607,0.18022071980940596,0.10925870947539806,79.45345687866211,39.78642828576267
1952,0.0005479754792181641,3.8844907976454124e-05,3.8844907976454124e-05,0.0,0.0,0.11933127418160439,0.012378577568330608,0.007546668406575918,0.18022743249757864,0.10925664380192757,79.45937156677246,39.78935142047703
1953,0.0005470706978406343,3.869394822686445e-05,3.869394822686445e-05,0.0,0.0,0.11946146376430988,0.012385328362837216,0.007549191010184586,0.18021657270042662,0.10920039936900139,79.44979286193848,39.78462716285139
1954,0.0005461664028554295,4.180929590802407e-05,4.180929590802407e-05,0.0,0.0,0.11922775954008102,0.012373207858006727,0.007544651278294623,0.1800311084073673,0.10911084339022636,79.28635025024414,39.70278900489211
1955,0.0005452625952542183,3.888693390763365e-05,3.888693390763365e-05,0.0,0.0,0.11964023113250732,0.012394591732045516,0.007557944860309362,0.18038464150927944,0.10934922285377979,79.59805107116699,39.85884565114975
1956,0.0005443592760281377,3.968610326410271e-05,3.968610326410271e-05,0.0,0.0,0.11929663829505444,0.012376781457155872,0.007546792854554951,0.18013928982023725,0.1092278566211462,79.38167381286621,39.75048522558063
1957,0.0005434564461677877,3.824133636953775e-05,3.824133636953775e-05,0.0,0.0,0.11912272498011589,0.01236775624893887,0.007540761842392385,0.1800213516381704,0.10913410037755966,79.27775955200195,39.698441138491035
1958,0.0005425541066632317,3.759175251616398e-05,3.759175251616398e-05,0.0,0.0,0.11939558200538158,0.012381912952854962,0.007554420153610408,0.1801733518193734,0.10921768471598625,79.41169357299805,39.765544577501714
1959,0.0005416522585039958,3.818917593889637e-05,3.818917593889637e-05,0.0,0.0,0.11941739544272423,0.012383044084912727,0.007550965645350516,0.1803054988739853,0.1092970259487629,79.52822875976562,39.823823077604175
1960,0.000540750902679067,3.688953620439861e-05,3.688953620439861e-05,0.0,0.0,0.11926585622131824,0.012375184548056582,0.007544892141595483,0.18001954352556873,0.1091433446854353,79.27616500854492,39.69771543238312
1961,0.0005398500401768922,3.817256492766319e-05,3.817256492766319e-05,0.0,0.0,0.1193772405385971,0.012380961987473316,0.007548654684796929,0.18024871094516542,0.1092725358903408,79.4781379699707,39.79875760525465
1962,0.0005389496719853783,3.844666571239941e-05,3.844666571239941e-05,0.0,0.0,0.1193319633603096,0.012378613423239562,0.007546979119069874,0.1802280293411211,0.10924404487013817,79.45989990234375,39.78961593285203
1963,0.000538049799091889,3.6867408198304474e-05,3.6867408198304474e-05,0.0,0.0,0.11931988596916199,0.012377987563827459,0.007548635010607541,0.18020105313927834,0.10926569811999798,79.43610763549805,39.777713760733604
1964,0.0005371504224832452,3.489117398203234e-05,3.489117398203234e-05,0.0,0.0,0.11920946277678013,0.01237225828183054,0.007542227627709508,0.18011236237694023,0.10922364145517349,79.35793876647949,39.738574114628136
1965,0.0005362515431457239,3.71122732758522e-05,3.71122732758522e-05,0.0,0.0,0.11937488988041878,0.012380839457037397,0.007549495552666485,0.18025469408721817,0.10927495546638966,79.48341178894043,39.801393339410424
1966,0.0005353531620650562,3.70518141608045e-05,3.70518141608045e-05,0.0,0.0,0.11926005966961384,0.012374883368334533,0.0075456209015101194,0.18013915539983402,0.10919294692575932,79.38154983520508,39.750404947437346
1967,0.0005344552802264272,3.5179383303329814e-05,3.5179383303329814e-05,0.0,0.0,0.11922177113592625,0.01237289692724636,0.007544350693933666,0.18006258409263795,0.10918335057795048,79.31407928466797,39.71665052790195
1968,0.0005335578986144742,3.5162387575837784e-05,3.5162387575837784e-05,0.0,0.0,0.11939146928489208,0.012381699348267668,0.007552905706688762,0.18024008205722328,0.10930152609944344,79.47052574157715,39.79495860543102
1969,0.0005326610182132867,3.633377855294384e-05,3.633377855294384e-05,0.0,0.0,0.11936429142951965,0.012380290258962152,0.0075502844993025064,0.1802743213255802,0.1092907190322876,79.5007209777832,39.81004263460636
1970,0.0005317646400064038,3.582879708119435e-05,3.582879708119435e-05,0.0,0.0,0.11929336190223694,0.01237661112020411,0.0075492109172046185,0.18007736567918473,0.10919472575187683,79.32710266113281,39.723198011517525
1971,0.0005308687649768139,3.615999685280258e-05,3.615999685280258e-05,0.0,0.0,0.11949381604790688,0.012387005170634239,0.007553602219559252,0.1803223290483336,0.10932655446231365,79.54307174682617,39.83128278143704
1972,0.0005299733941069541,3.687769640237093e-05,3.687769640237093e-05,0.0,0.0,0.11936557479202747,0.012380356816366513,0.0075504109263420105,0.18026602689528454,0.10930742882192135,79.493408203125,39.806386888958514
1973,0.0005290785283787081,3.713215573952766e-05,3.713215573952766e-05,0.0,0.0,0.11918864957988262,0.012371178360931764,0.007544980267994106,0.17992895168329395,0.10911493189632893,79.19639778137207,39.65779321547598
1974,0.0005281841687734057,3.788069898291724e-05,3.788069898291724e-05,0.0,0.0,0.11927867867052555,0.012375849498704388,0.007543076993897557,0.18020223666271235,0.10923518985509872,79.43715476989746,39.77821672428399
1975,0.0005272903162718227,3.673125229397556e-05,3.673125229397556e-05,0.0,0.0,0.11963251791894436,0.012394192253865443,0.007556025870144367,0.1804415647252368,0.10938047245144844,79.64829444885254,39.88396348338574
1976,0.0005263969718541773,3.9547632695757784e-05,3.9547632695757784e-05,0.0,0.0,0.11928985454142094,0.012376429464064118,0.007549990434199572,0.1800437484829934,0.10919160395860672,79.29748725891113,39.70838855672628
1977,0.0005255041365001313,3.838128759525716e-05,3.838128759525716e-05,0.0,0.0,0.11920819990336895,0.012372193004060924,0.007548069930635393,0.1800998253687047,0.10924597829580307,79.34689331054688,39.73305075522512
1978,0.0005246118111887881,3.983646911365213e-05,3.983646911365213e-05,0.0,0.0,0.11931480281054974,0.01237772333849695,0.007548330584540963,0.18011542345654516,0.10914568603038788,79.36063575744629,39.73997528012842
1979,0.0005237199968986919,3.850428402074613e-05,3.850428402074613e-05,0.0,0.0,0.1194201111793518,0.012383184220574047,0.007551228278316557,0.1803604358277382,0.10935547947883606,79.57668876647949,39.84805443882942
1980,0.0005228286946078261,3.896362704836065e-05,3.896362704836065e-05,0.0,0.0,0.11933032982051373,0.0123785290758705,0.00754774222150445,0.17998262198159362,0.10914112627506256,79.24365043640137,39.68149038311094
1981,0.0005219379052936139,3.89363631256856e-05,3.89363631256856e-05,0.0,0.0,0.11930755525827408,0.012377347417544017,0.007547756307758391,0.18027588149343107,0.10932870209217072,79.50209617614746,39.81070186570287
1982,0.0005210476299329137,3.72112031072902e-05,3.72112031072902e-05,0.0,0.0,0.11943816393613815,0.012384120621003709,0.007553689065389335,0.18031328531685953,0.10935063846409321,79.53508949279785,39.827263828366995
1983,0.0005201578695020225,3.6959952012693975e-05,3.6959952012693975e-05,0.0,0.0,0.11925974115729332,0.012374867052386263,0.00754559610504657,0.18020187488781503,0.10924711264669895,79.43683815002441,39.778048945590854
1984,0.0005192686249766715,3.7058210182294715e-05,3.7058210182294715e-05,0.0,0.0,0.11934646591544151,0.012379365911527043,0.0075479879742488265,0.18012656079707406,0.10924218222498894,79.37045288085938,39.74489967338741
1985,0.0005183798973320262,3.6394621929503046e-05,3.6394621929503046e-05,0.0,0.0,0.11920237727463245,0.01237189101638324,0.007541431812569499,0.1800524307464089,0.10914409533143044,79.30513572692871,39.71216905210167
1986,0.0005174916875426852,3.938769532396691e-05,3.938769532396691e-05,0.0,0.0,0.11928152665495872,0.012375997064693575,0.0075454466277733445,0.1802497908188245,0.10928628407418728,79.47908782958984,39.7991846781224
1987,0.0005166039965826806,3.6733661545440555e-05,3.6733661545440555e-05,0.0,0.0,0.11921213939785957,0.012372397216477376,0.007545770960859954,0.1802552004234586,0.10929463990032673,79.48385238647461,39.801532262936234
1988,0.0005157168254254726,3.751035637833411e-05,3.751035637833411e-05,0.0,0.0,0.11949405819177628,0.012387017946280516,0.007555079646408558,0.18032436653687947,0.10935405641794205,79.54486846923828,39.83218126371503
1989,0.0005148301750439549,3.7384440474852454e-05,3.7384440474852454e-05,0.0,0.0,0.11938717775046825,0.012381476925269377,0.007553091272711754,0.18035124425300214,0.10936193354427814,79.5685863494873,39.84398676361889
1990,0.0005139440464104468,3.922588803106919e-05,3.922588803106919e-05,0.0,0.0,0.11947338096797466,0.012385946067788388,0.007553241448476911,0.1801936313915415,0.10927583277225494,79.42956733703613,39.774520359002054
1991,0.0005130584404966981,4.148343941778876e-05,4.148343941778876e-05,0.0,0.0,0.11911598220467567,0.012367406352246393,0.0075426793191581964,0.18003355010357286,0.10913973301649094,79.28850364685059,39.70380981452763
1992,0.000512173358273884,4.3191002077946905e-05,4.3191002077946905e-05,0.0,0.0,0.11895662732422352,0.012359130961584667,0.007537500350736082,0.1799290293241376,0.10908713936805725,79.19646835327148,39.657712490297854
1993,0.0005112888007126054,4.501248258748092e-05,4.501248258748092e-05,0.0,0.0,0.11950834095478058,0.012387758323870422,0.00755472737364471,0.18030238936801943,0.10926667228341103,79.52547836303711,39.822493351995945
1994,0.000510404768782888,4.211239138385281e-05,4.211239138385281e-05,0.0,0.0,0.11964927054941654,0.012395060317336988,0.007559262216091156,0.18046353526652442,0.10942874290049076,79.66769218444824,39.89367072749883
1995,0.0005095212634541824,4.545541469269665e-05,4.545541469269665e-05,0.0,0.0,0.11920075491070747,0.0123718063291288,0.007546840468421578,0.18010576433249387,0.10920201428234577,79.35212135314941,39.73566105403006
1996,0.0005086382856953587,4.041338979732245e-05,4.041338979732245e-05,0.0,0.0,0.11931662075221539,0.01237781768434025,0.007546576438471675,0.18004026718382185,0.10922159999608994,79.2944221496582,39.70686938520521
1997,0.0005077558364747117,3.939059479307616e-05,3.939059479307616e-05,0.0,0.0,0.1192767359316349,0.012375748964692101,0.007546345004811883,0.1802011229105261,0.10924447886645794,79.4361743927002,39.777725564315915
1998,0.0005068739167599545,4.310954227548791e-05,4.310954227548791e-05,0.0,0.0,0.11941178515553474,0.012382752791561239,0.007549833506345749,0.18016617188505568,0.10922241397202015,79.40536117553711,39.76238648034632
1999,0.0005059925275182205,4.0211713894677814e-05,4.0211713894677814e-05,0.0,0.0,0.11941158398985863,0.01238274236186889,0.007550889975391328,0.18027450214042684,0.10932343825697899,79.50088119506836,39.81014638952911
2000,0.0005051116697160611,3.845278297376353e-05,3.845278297376353e-05,0.0,0.0,0.11923718452453613,0.012373696951717002,0.007544133928604424,0.18004633742929785,0.10916027426719666,79.29976844787598,39.709502816200256
2001,0.0005042313443194445,3.9226901208166964e-05,3.9226901208166964e-05,0.0,0.0,0.11934791132807732,0.012379440849273822,0.007551377057097852,0.18026706275125212,0.10939987562596798,79.49431800842285,39.806832959875464
2002,0.0005033515522937553,3.9123637179727666e-05,3.9123637179727666e-05,0.0,0.0,0.11932810209691525,0.012378413280985224,0.007551106973551214,0.18004305274582194,0.10915469750761986,79.2968692779541,39.70809869002551
2003,0.0005024722946037942,4.14055384680978e-05,4.14055384680978e-05,0.0,0.0,0.11936665698885918,0.012380412647908772,0.007553494302555919,0.18024212047550361,0.10934686288237572,79.47232055664062,39.79584360681474
2004,0.0005015935722137745,4.1922331547539216e-05,4.1922331547539216e-05,0.0,0.0,0.11931625939905643,0.012377799020967247,0.007546747103333473,0.18011147817027576,0.10920536890625954,79.35715866088867,39.738237460143864
2005,0.000500715386087323,4.1073091779253446e-05,4.1073091779253446e-05,0.0,0.0,0.11917552351951599,0.012370496543399454,0.007539999787695706,0.18007635200521352,0.10913748852908611,79.32621192932129,39.7226937264204
2006,0.0004998377371874786,4.2690851842053235e-05,4.2690851842053235e-05,0.0,0.0,0.11938273534178734,0.012381246417959289,0.007550330949015915,0.18021220585947295,0.10929318889975548,79.44594192504883,39.78266233019531
2007,0.000498960626476691,4.690455716627184e-05,4.690455716627184e-05,0.0,0.0,0.11956085078418255,0.012390479073703936,0.007556698750704527,0.1804147753155692,0.10942226648330688,79.62465286254883,39.872106856666505
2008,0.000498084054916819,4.29948313467321e-05,4.29948313467321e-05,0.0,0.0,0.11923910677433014,0.012373796473378048,0.007545597734861076,0.18014884375197973,0.1092101838439703,79.39009094238281,39.75466502457857
2009,0.0004972080234691318,4.643369084078586e-05,4.643369084078586e-05,0.0,0.0,0.1192886270582676,0.012376365678023261,0.007545061293058097,0.18021159604367706,0.10920277610421181,79.44540596008301,39.78234729357064
2010,0.0004963325330943047,4.99000379932113e-05,4.99000379932113e-05,0.0,0.0,0.11946652643382549,0.012385590957294168,0.00755428709089756,0.18035397079145452,0.10940145514905453,79.57098960876465,39.84522806759924
2011,0.0004954575847524205,5.609286472463282e-05,5.609286472463282e-05,0.0,0.0,0.11928591877222061,0.012376225318181283,0.007550588110461831,0.1802454351165909,0.10934815555810928,79.47524642944336,39.79726617410779
2012,0.000494583179402967,6.744453639839776e-05,6.744453639839776e-05,0.0,0.0,0.11950431950390339,0.012387549812643131,0.00755393470171839,0.18048798512258138,0.10940892621874809,79.68928909301758,39.90439670626074
2013,0.0004937093180048373,6.526730430778116e-05,6.526730430778116e-05,0.0,0.0,0.11921377293765545,0.012372482046706263,0.007548299967311323,0.1798892650627395,0.1091576125472784,79.16146469116211,39.64033923204988
2014,0.0004928360015163272,5.699254234059481e-05,5.699254234059481e-05,0.0,0.0,0.11930916458368301,0.01237743133208512,0.007544736377894878,0.18021071490788637,0.10926591418683529,79.44463157653809,39.781970370560884
2015,0.000491963230895135,5.722058085666504e-05,5.722058085666504e-05,0.0,0.0,0.11925625801086426,0.012374686252600603,0.007548580644652247,0.18012040277050595,0.10922256484627724,79.36502265930176,39.74213945865631
2016,0.0004910910070983616,5.391224840423092e-05,5.391224840423092e-05,0.0,0.0,0.11936729587614536,0.012380446293637652,0.0075502360705286264,0.1802238849841339,0.10928927175700665,79.45624732971191,39.78780731279403
2017,0.000490219331082507,5.858871281816391e-05,5.858871281816391e-05,0.0,0.0,0.11921052075922489,0.01237231341481362,0.007547851884737611,0.18015783887395762,0.10921531543135643,79.39801406860352,39.75861229468137
2018,0.0004893482038034705,6.519855287479004e-05,6.519855287479004e-05,0.0,0.0,0.11948329210281372,0.012386459917264845,0.0075495404889807105,0.18013687540771528,0.10921472869813442,79.37954330444336,39.74951329827309
2019,0.0004884776262165503,6.732758811267558e-05,6.732758811267558e-05,0.0,0.0,0.11915900185704231,0.01236963969676356,0.007540488964878023,0.17989771146508093,0.10900687053799629,79.16889572143555,39.644027361646295
2020,0.0004876075992764412,7.164930866565555e-05,7.164930866565555e-05,0.0,0.0,0.11924667656421661,0.012374189260066922,0.007549424539320171,0.17990472869236457,0.10916070640087128,79.17508125305176,39.64716396480799
2021,0.00048673812393723435,7.013469348748913e-05,7.013469348748913e-05,0.0,0.0,0.11917984113097191,0.012370720634221753,0.00754431844688952,0.17981102574439872,0.10906236805021763,79.09261703491211,39.60589843802154
2022,0.0004858692011524168,6.952549301786348e-05,6.952549301786348e-05,0.0,0.0,0.11939630843698978,0.012381950414077473,0.007551165064796805,0.1799344770396878,0.10906804352998734,79.20126533508301,39.66033082176
2023,0.00048500083187486784,6.358598056976916e-05,6.358598056976916e-05,0.0,0.0,0.1194085106253624,0.01238258283055025,0.007552619441412389,0.18035682121940164,0.10931515693664551,79.57350730895996,39.84645790979266
2024,0.0004841330170568617,5.940110349911265e-05,5.940110349911265e-05,0.0,0.0,0.11906477808952332,0.012364747902428253,0.007542185019701719,0.17981241124246744,0.10908349975943565,79.09383964538574,39.60645221173763
2025,0.00048326575765006343,5.950461581960553e-05,5.950461581960553e-05,0.0,0.0,0.1195023600012064,0.012387448492540261,0.007557550328783691,0.18035300514713337,0.10940291173756123,79.57013511657715,39.84481873828918
2026,0.00048239905460552935,6.619803662033519e-05,6.619803662033519e-05,0.0,0.0,0.11945073120296001,0.012384772313915842,0.0075584681471809745,0.18001613418802437,0.10923127643764019,79.27316284179688,39.69630678649992
2027,0.00048153290887370526,7.155163075367454e-05,7.155163075367454e-05,0.0,0.0,0.11930582858622074,0.01237725806483281,0.007547863409854472,0.18022860034543073,0.10920085944235325,79.46040344238281,39.78985463548452
2028,0.0004806673214044271,7.546789220214123e-05,7.546789220214123e-05,0.0,0.0,0.11920947954058647,0.012372259016938598,0.007546249544247985,0.17995997688429555,0.1091771349310875,79.22371292114258,39.67146120034158
2029,0.00047980229314691645,8.063581299211364e-05,8.063581299211364e-05,0.0,0.0,0.11939112469553947,0.01238168171911373,0.007552681607194245,0.18038608713831852,0.10933895781636238,79.59932899475098,39.85936005972326
2030,0.00047893782504978367,0.00010050591481558513,0.00010050591481558513,0.0,0.0,0.11925088241696358,0.012374407257179088,0.007549067144282162,0.18023401575337933,0.10923979990184307,79.46517944335938,39.79221516288817
2031,0.0004780739180610239,9.666339065006468e-05,9.666339065006468e-05,0.0,0.0,0.11963769234716892,0.012394460530859644,0.00755636184476316,0.18026227606527415,0.10936866141855717,79.49009704589844,39.8048673691228
2032,0.00047721057312801694,0.00010343862231820822,0.00010343862231820822,0.0,0.0,0.1195289846509695,0.012388827990017079,0.007561371778137982,0.18001063720660992,0.10922389291226864,79.26832389831543,39.6939264414832
2033,0.0004763477911975264,0.00011611703848757315,0.00011611703848757315,0.0,0.0,0.11920665204524994,0.012372112288504699,0.007548095425590873,0.1801782235701109,0.10923915542662144,79.41598892211914,39.767597787082195
2034,0.0004754855732156984,0.00011886531683558132,0.00011886531683558132,0.0,0.0,0.11894795671105385,0.012358680589385383,0.007542525767348707,0.1796531151960705,0.1089565921574831,78.95376205444336,39.53635500557721
2035,0.0004746239201280604,0.0001046466531988699,0.0001046466531988699,0.0,0.0,0.11898682452738285,0.012360699482785217,0.00754564453382045,0.17995126687081153,0.10913967899978161,79.2160472869873,39.667517055757344
2036,0.00047376283287952167,0.00011145297139592003,0.00011145297139592003,0.0,0.0,0.11958327516913414,0.012391641277656115,0.007556325988844037,0.17989323334222282,0.10910812579095364,79.16495895385742,39.64227111451328
2037,0.00047290231241436866,0.00010742642007244285,0.00010742642007244285,0.0,0.0,0.11899917013943195,0.012361340491201203,0.007539933314546943,0.17980024439186587,0.10908469557762146,79.08313751220703,39.60106834117323
2038,0.00047204235967626836,8.99656988622155e-05,8.99656988622155e-05,0.0,0.0,0.11880015954375267,0.012350999952718107,0.0075345998629927635,0.17978001369102287,0.10901069454848766,79.06534767150879,39.59207391552627
2039,0.00047118297560826437,8.631278979009949e-05,8.631278979009949e-05,0.0,0.0,0.11954636313021183,0.012389728728515896,0.007554002921096981,0.18011132563126012,0.10927249491214752,79.35701942443848,39.738282893784344
2040,0.00047032416115277644,8.73985936777899e-05,8.73985936777899e-05,0.0,0.0,0.11926202289760113,0.012374985820238793,0.0075465013505890965,0.1796558264100155,0.10887918435037136,78.95614242553711,39.537702224217355
2041,0.00046946591725159967,9.499477891949937e-05,9.499477891949937e-05,0.0,0.0,0.11939159967005253,0.012381706546831642,0.00755047332495451,0.179939068003014,0.1091737151145935,79.2053050994873,39.66234834957868
2042,0.0004686082448459048,0.00010326919073122554,0.00010326919073122554,0.0,0.0,0.11908673122525215,0.01236588751818576,0.00754441658500582,0.17953671472796412,0.10888763703405857,78.85148620605469,39.48528646863997
2043,0.00046775114487623327,9.630026943341363e-05,9.630026943341363e-05,0.0,0.0,0.11897503212094307,0.012360086991438677,0.007538151228800416,0.1799205947446142,0.10904662311077118,79.18904113769531,39.65400808490813
2044,0.00046689461828250184,9.483514077146538e-05,9.483514077146538e-05,0.0,0.0,0.11905778385698795,0.012364384827354248,0.007538094883784652,0.17962073816988847,0.10890126042068005,78.92530822753906,39.522183005698025
2045,0.0004660386660039954,8.093421638477594e-05,8.093421638477594e-05,0.0,0.0,0.1193371769040823,0.01237888409506161,0.007550934096798301,0.1800654598217584,0.10921675339341164,79.31661415100098,39.71797566395253
2046,0.0004651832889793717,8.63617387949489e-05,8.63617387949489e-05,0.0,0.0,0.11940768547356129,0.01238254067045694,0.007552328985184431,0.18009457140726454,0.10912537015974522,79.34226036071777,39.73083402309567
2047,0.0004643284881466562,8.429670288023772e-05,8.429670288023772e-05,0.0,0.0,0.1192307323217392,0.012373361923876197,0.007546269102022052,0.17993061060203028,0.10913150012493134,79.19785690307617,39.658543817698956
2048,0.0004634742644432428,7.478949373762589e-05,7.478949373762589e-05,0.0,0.0,0.11901748739182949,0.01236229237739965,0.007538938894867897,0.17950702238575164,0.10882592014968395,78.82540702819824,39.472212257795036
2049,0.0004626206188058921,5.970064739813097e-05,5.970064739813097e-05,0.0,0.0,0.11898389086127281,0.012360547172178963,0.0075376409804448485,0.1798370687327441,0.1090527530759573,79.11553573608398,39.61725981347263
2050,0.00046176755217073245,6.613393907173304e-05,6.613393907173304e-05,0.0,0.0,0.11885783448815346,0.012353997953803306,0.007533830590546131,0.1793789494973525,0.10878905467689037,78.71297264099121,39.41591523773968
2051,0.0004609150654732544,6.822339128120802e-05,6.822339128120802e-05,0.0,0.0,0.1194235049188137,0.012383360489594195,0.007554638315923512,0.18011772181742533,0.10922066308557987,79.36266136169434,39.741042433306575
2052,0.00046006315964831527,6.826030130469007e-05,6.826030130469007e-05,0.0,0.0,0.11906293034553528,0.012364651985738282,0.007542547769844532,0.1798206851629037,0.10899052955210209,79.10111427307129,39.61008860170841
2053,0.00045921183563013394,6.711310561513528e-05,6.711310561513528e-05,0.0,0.0,0.11942251771688461,0.012383309371836662,0.007551776245236397,0.1801325867729197,0.10924413800239563,79.37576103210449,39.74759177491069
2054,0.0004583610943522915,6.0442429457907565e-05,6.0442429457907565e-05,0.0,0.0,0.1190185546875,0.01236234726054921,0.007540369289927185,0.17952955861452732,0.10892590694129467,78.84520530700684,39.48211193084717
2055,0.00045751093674773006,5.756588234362425e-05,5.756588234362425e-05,0.0,0.0,0.11914799362421036,0.012369067648379539,0.0075475157937034965,0.17974052217041753,0.10900852456688881,79.03061294555664,39.574880469590425
2056,0.00045666136374875185,5.2626295655500144e-05,5.2626295655500144e-05,0.0,0.0,0.11893028765916824,0.012357762721245703,0.0075331274420022964,0.1796878731765189,0.10891924425959587,78.98431968688965,39.55162498727441
2057,0.00045581237628701727,4.847139825869817e-05,4.847139825869817e-05,0.0,0.0,0.11934788338840008,0.012379439232974266,0.007545394124463201,0.1802635728486639,0.10923820175230503,79.49124526977539,39.805296576581895
2058,0.00045496397529354597,5.297506140777841e-05,5.297506140777841e-05,0.0,0.0,0.11896017007529736,0.012359314932434954,0.007536751916632056,0.1796939501433986,0.10899816639721394,78.98966217041016,39.55431117024273
2059,0.0004541161616987132,4.974176681571407e-05,4.974176681571407e-05,0.0,0.0,0.11935104429721832,0.012379603212835669,0.00755224609747529,0.18021989556294585,0.1093442440032959,79.45272445678711,39.786037750542164
2060,0.00045326893643225064,5.261015849100659e-05,5.261015849100659e-05,0.0,0.0,0.11903819814324379,0.01236336748363717,0.007540190359577537,0.1796004587285817,0.10887997411191463,78.9074878692627,39.51326303370297
2061,0.0004524223004232447,4.7215137783496175e-05,4.7215137783496175e-05,0.0,0.0,0.11940319463610649,0.012382307685610633,0.0075481265084818006,0.18023782659416127,0.10929630883038044,79.46853446960449,39.7939688321203
2062,0.0004515762546001356,4.761966283695074e-05,4.761966283695074e-05,0.0,0.0,0.1190252210944891,0.012362693769179079,0.007538658450357616,0.17974117762690256,0.1090052668005228,79.03118896484375,39.57510709296912
2063,0.0004507307998907157,4.6403417400142644e-05,4.6403417400142644e-05,0.0,0.0,0.11917595937848091,0.01237051962905886,0.007544670137576759,0.17979384468132611,0.1090804822742939,79.0775089263916,39.59834244288504
2064,0.0004498859372221307,4.97886185257812e-05,4.97886185257812e-05,0.0,0.0,0.11916408315300941,0.01236990321246578,0.007543292362242937,0.17985821471885183,0.1090229619294405,79.1341381072998,39.62665109522641
2065,0.00044904166752087577,4.668264591600746e-05,4.668264591600746e-05,0.0,0.0,0.11915650591254234,0.012369509995567369,0.007542398408986628,0.1800173939431816,0.10915334522724152,79.27427673339844,39.69671661965549
2066,0.000448197991712796,5.1847398026438896e-05,5.1847398026438896e-05,0.0,0.0,0.11918903887271881,0.01237119821056656,0.007544585154391825,0.17986925925225777,0.1090664304792881,79.14386367797852,39.63152635842562
2067,0.0004473549107230855,5.119901197758736e-05,5.119901197758736e-05,0.0,0.0,0.11887960135936737,0.012355128844240903,0.007539453217759728,0.1797812051665265,0.10904957540333271,79.0663948059082,39.592637203633785
2068,0.0004465124254762857,5.12650012751692e-05,5.12650012751692e-05,0.0,0.0,0.11941772699356079,0.012383060830767009,0.007552891969680786,0.1802294348869368,0.1092696562409401,79.46113967895508,39.79027870297432
2069,0.0004456705368962853,4.826082113140728e-05,4.826082113140728e-05,0.0,0.0,0.11929660849273205,0.0123767793996053,0.007547931978479028,0.1798704604920734,0.10912281461060047,79.1449146270752,39.632105617783964
2070,0.0004448292459063178,4.739212090498768e-05,4.739212090498768e-05,0.0,0.0,0.11899782717227936,0.012361271182665327,0.007541214697994292,0.18000414925915625,0.10915911570191383,79.26261329650879,39.690805561840534
2071,0.0004439885534289627,4.508580968831666e-05,4.508580968831666e-05,0.0,0.0,0.11911263130605221,0.012367232503298159,0.007543865009211004,0.17994260301671258,0.10913518629968166,79.20841407775879,39.66376335453242
2072,0.000443148460386142,4.3441397792776115e-05,4.3441397792776115e-05,0.0,0.0,0.11926285363733768,0.012375028741014012,0.007551725720986724,0.18014715065437154,0.10927887819707394,79.38859558105469,39.75392921734601
2073,0.0004423089676991208,4.4167227315483615e-05,4.4167227315483615e-05,0.0,0.0,0.11927480064332485,0.012375648135900436,0.007543732062913477,0.17995539421733528,0.10913394577801228,79.21967506408691,39.66947493236512
2074,0.0004414700762885056,4.560793877317337e-05,4.560793877317337e-05,0.0,0.0,0.11913430318236351,0.012368357918675636,0.007549438159912825,0.1798609564982326,0.10909867100417614,79.13655281066895,39.627843556925654
2075,0.0004406317870742438,4.217864534439286e-05,4.217864534439286e-05,0.0,0.0,0.11917423829436302,0.012370430227029933,0.007544326945208013,0.17987623358012567,0.10906092077493668,79.14999771118164,39.634585974738
2076,0.00043979410097562193,4.284037640900351e-05,4.284037640900351e-05,0.0,0.0,0.11893568187952042,0.012358042828388318,0.007539370097219944,0.17968879574847538,0.10903239995241165,78.9851303100586,39.55203299596906
2077,0.00043895701891126656,4.025162616017042e-05,4.025162616017042e-05,0.0,0.0,0.11929135024547577,0.012376506771129201,0.0075485482811927795,0.18004055427716206,0.10918460041284561,79.2946720123291,39.70698168128729
2078,0.0004381205417991394,3.651883434940828e-05,3.651883434940828e-05,0.0,0.0,0.11923915147781372,0.012373798678427944,0.0075476933270692825,0.18007387210019257,0.1091575101017952,79.32402420043945,39.72163167595863
2079,0.0004372846705565413,3.56588680006098e-05,3.56588680006098e-05,0.0,0.0,0.11907056905329227,0.012365048593486624,0.00754086347296834,0.17981542822469285,0.10908942855894566,79.09649848937988,39.60778452921659
2080,0.00043644940610010715,3.5352358736417955e-05,3.5352358736417955e-05,0.0,0.0,0.11909665912389755,0.012366402789501223,0.0075426900293678045,0.17977011636861887,0.10905221849679947,79.05663681030273,39.587866734713316
2081,0.0004356147493458068,3.4219195185869467e-05,3.4219195185869467e-05,0.0,0.0,0.11923648789525032,0.012373660494541881,0.007543950923718512,0.1799416739825045,0.10913990437984467,79.20759773254395,39.6634171102196
2082,0.0004347807012089434,3.145889877487207e-05,3.145889877487207e-05,0.0,0.0,0.11919370852410793,0.012371440520578005,0.007545395405031741,0.17991904961309307,0.10913219302892685,79.18768119812012,39.65343745332211
2083,0.000433947262604154,3.174365974700777e-05,3.174365974700777e-05,0.0,0.0,0.11918413266539574,0.012370943544686937,0.007544464897364378,0.18000821072094114,0.1091581042855978,79.26618766784668,39.69268590025604
2084,0.0004331144344454049,3.057294679820188e-05,3.057294679820188e-05,0.0,0.0,0.11907732300460339,0.01236539929241113,0.007539830170571804,0.17975225266658612,0.10901617631316185,79.04092788696289,39.58000260498375
2085,0.0004322822176459953,3.675371272038319e-05,3.675371272038319e-05,0.0,0.0,0.11926675960421562,0.012375230701841634,0.007549580535851419,0.18004710039837934,0.1092610564082861,79.3004379272461,39.709852343425155
2086,0.0004314506131185526,3.3769178571674274e-05,3.3769178571674274e-05,0.0,0.0,0.11908430978655815,0.012365761896402547,0.007545450935140252,0.17991156446652576,0.10912701673805714,79.18109130859375,39.650087809190154
2087,0.0004306196217750332,3.250253803344094e-05,3.250253803344094e-05,0.0,0.0,0.1192844957113266,0.012376151536767407,0.0075524080311879516,0.18014617614670095,0.1092988271266222,79.38773727416992,39.753510884940624
2088,0.0004297892445267209,3.223385374440113e-05,3.223385374440113e-05,0.0,0.0,0.11927063390612602,0.01237543207143773,0.007551135262474418,0.17991176117560667,0.10915336385369301,79.18126487731934,39.65026775561273
2089,0.00042895948228422614,3.365496013429947e-05,3.365496013429947e-05,0.0,0.0,0.11921312101185322,0.012372448085280631,0.007547151646576822,0.18007537452848005,0.10921811684966087,79.32534790039062,39.72228051070124
2090,0.00042813033595748474,3.3049049307010137e-05,3.3049049307010137e-05,0.0,0.0,0.11895547993481159,0.0123590713544418,0.00753727788105607,0.1798263148366594,0.10906326957046986,79.10607147216797,39.61251347605139
2091,0.00042730180645575834,3.358217691129539e-05,3.358217691129539e-05,0.0,0.0,0.11921217106282711,0.012372398686676937,0.007544812746345997,0.18004719609257833,0.10918210446834564,79.30052375793457,39.7098679644987
2092,0.00042647389468762967,3.170311401845538e-05,3.170311401845538e-05,0.0,0.0,0.11915203183889389,0.01236927764762057,0.007542996550910175,0.1799129207195024,0.10911652073264122,79.18228721618652,39.65071962401271
2093,0.00042564660156100653,3.160711185046239e-05,3.160711185046239e-05,0.0,0.0,0.11931619606912136,0.012377795787939143,0.007553107221610844,0.18003209129753395,0.1092084962874651,79.2872142791748,39.70326523762196
2094,0.000424819927983117,3.279709653725149e-05,3.279709653725149e-05,0.0,0.0,0.11908208765089512,0.012365646717463473,0.007542946143075824,0.18004504684033895,0.10918120481073856,79.29863357543945,39.708857831545174
2095,0.00042399387486050983,3.2074423415906494e-05,3.2074423415906494e-05,0.0,0.0,0.11923406273126602,0.012373534951673478,0.007546491455286741,0.18001443984223717,0.109192980453372,79.27167701721191,39.69545553997159
2096,0.0004231684430990534,3.344364813528955e-05,3.344364813528955e-05,0.0,0.0,0.11904783546924591,0.012363868000725284,0.007540844613686204,0.17984208164634377,0.10907622054219246,79.11994171142578,39.619494773447514
2097,0.00042234363360393586,3.533033486746717e-05,3.533033486746717e-05,0.0,0.0,0.11929444968700409,0.012376667703489528,0.007545802742242813,0.1799909372333064,0.10918821208178997,79.2509708404541,39.68513264507055
2098,0.0004215194472796605,3.4833838071790524e-05,3.4833838071790524e-05,0.0,0.0,0.11909974738955498,0.012366563264992508,0.007542079431004822,0.17980154968729356,0.10906427167356014,79.08428764343262,39.601693695411086
2099,0.0004206958850300497,3.281495764895226e-05,3.281495764895226e-05,0.0,0.0,0.11914028413593769,0.012368667934090222,0.007547208108007908,0.1800435053632465,0.10917428135871887,79.29727554321289,39.708207913674414
2100,0.0004198729477582402,3.347604888404021e-05,3.347604888404021e-05,0.0,0.0,0.11913076788187027,0.012368173935265408,0.00754164659883827,0.17987720696147133,0.10908755287528038,79.15084838867188,39.63498957827687
2101,0.0004190506363666835,3.467627630016068e-05,3.467627630016068e-05,0.0,0.0,0.1192557979375124,0.012374662586742089,0.007545777480117977,0.180052407470123,0.10920380242168903,79.30511283874512,39.712184318341315
2102,0.000418228951757145,3.1371673230751185e-05,3.1371673230751185e-05,0.0,0.0,0.11921537294983864,0.012372564965120045,0.00754675711505115,0.1799919694981732,0.1091400757431984,79.25188636779785,39.685550870373845
2103,0.00041740789483070255,3.1486572879657615e-05,3.1486572879657615e-05,0.0,0.0,0.1192092839628458,0.012372248872443552,0.007546011242084205,0.17992023240340493,0.10915186256170273,79.188720703125,39.65396499354392
2104,0.0004165874664877453,3.214690559616429e-05,3.214690559616429e-05,0.0,0.0,0.11910396814346313,0.01236678286740012,0.0075430539436638355,0.17992379108009965,0.10914644598960876,79.19185447692871,39.65547922253609
2105,0.0004157676676279744,3.261215806560358e-05,3.261215806560358e-05,0.0,0.0,0.11929263547062874,0.012376573642820706,0.007546201581135392,0.17997296090489706,0.10916537046432495,79.23514366149902,39.677218148484826
2106,0.0004149484991503993,3.462031327217119e-05,3.462031327217119e-05,0.0,0.0,0.1192062459886074,0.012372091705218483,0.007546806940808892,0.1800896146505699,0.10924983769655228,79.33789443969727,39.72855034284294
2107,0.00041412996195333877,3.430024025874445e-05,3.430024025874445e-05,0.0,0.0,0.11911779642105103,0.01236750048263678,0.007545634056441486,0.17979448181367017,0.1091354638338089,79.07806777954102,39.59859278798103
2108,0.0004133120569344191,3.2198171538766474e-05,3.2198171538766474e-05,0.0,0.0,0.11929433420300484,0.012376661824718669,0.007550662383437157,0.18010880225523956,0.10925154574215412,79.35480308532715,39.73704870976508
2109,0.0004124947849905737,3.239247598685324e-05,3.239247598685324e-05,0.0,0.0,0.11920791678130627,0.012372178301813037,0.007547231274656951,0.17997488591709435,0.1091668400913477,79.2368392944336,39.67802360560745
2110,0.00041167814701804114,3.117919004580472e-05,3.117919004580472e-05,0.0,0.0,0.11906153336167336,0.012364579606393762,0.007542010513134301,0.1799354294024759,0.10916662961244583,79.20209884643555,39.66058018989861
2111,0.000410862143912365,2.934514441221836e-05,2.934514441221836e-05,0.0,0.0,0.11915516667068005,0.012369440438696705,0.0075443851528689265,0.17987057699119774,0.10913749784231186,79.14502334594727,39.63208925630897
2112,0.00041004677656839315,2.892105521823396e-05,2.892105521823396e-05,0.0,0.0,0.1190356407314539,0.012363234921190801,0.00754313834477216,0.17996653111141997,0.10920045524835587,79.22948455810547,39.67426009941846
2113,0.00040923204588027575,2.8242039661563467e-05,2.8242039661563467e-05,0.0,0.0,0.11917076818645,0.012370250097624427,0.007544484571553767,0.1799794551512419,0.10916752368211746,79.24085998535156,39.680015376769006
2114,0.0004084179527414649,2.865083797587431e-05,2.865083797587431e-05,0.0,0.0,0.11917434446513653,0.012370435667632393,0.0075454654870554805,0.17988871110156296,0.10915269702672958,79.16097831726074,39.64007633086294
2115,0.0004076044980447134,2.874602841984597e-05,2.874602841984597e-05,0.0,0.0,0.11936490051448345,0.012380321848061815,0.007548686931841075,0.180081272925213,0.10921996086835861,79.33054161071777,39.72495325561613
2116,0.00040679168268207405,2.7639706331683556e-05,2.7639706331683556e-05,0.0,0.0,0.11899156868457794,0.012360945677506676,0.007541999104432762,0.17985173680776875,0.10910477675497532,79.12843894958496,39.62371525913477
2117,0.00040597950754489836,2.7925338599743554e-05,2.7925338599743554e-05,0.0,0.0,0.1191191766411066,0.012367572109500716,0.007543635903857648,0.17987850652090828,0.10913006030023098,79.1520004272461,39.6355598019436
2118,0.0004051679735238365,2.595262731119874e-05,2.595262731119874e-05,0.0,0.0,0.11920074746012688,0.012371805888047831,0.007545676082372665,0.17998737212264704,0.10919583775103092,79.24783515930176,39.68351795338094
2119,0.0004043570815088348,2.7997884444630472e-05,2.7997884444630472e-05,0.0,0.0,0.11904113180935383,0.01236351990662453,0.0075406660325825214,0.1799065793725014,0.10912703908979893,79.17670631408691,39.647873722948134
2120,0.0004035468323891356,2.7797188977274345e-05,2.7797188977274345e-05,0.0,0.0,0.11910633184015751,0.012366905242937242,0.007542129140347242,0.18002153012040376,0.10923600383102894,79.27791786193848,39.69851209688932
2121,0.0004027372270532766,2.567155524957343e-05,2.567155524957343e-05,0.0,0.0,0.11921008676290512,0.012372290626543735,0.007549143163487315,0.1800055177491917,0.10918082669377327,79.26381301879883,39.69151155278087
2122,0.0004019282663890893,2.8894378374388907e-05,2.8894378374388907e-05,0.0,0.0,0.11934313923120499,0.012379192965230884,0.007548112072981894,0.18005252643777492,0.10920941084623337,79.30522155761719,39.712282348424196
2123,0.0004011199512836978,2.8399736947903875e-05,2.8399736947903875e-05,0.0,0.0,0.11900750920176506,0.012361773844679302,0.007540368824265897,0.1798941936889421,0.10912029817700386,79.16580581665039,39.64240666292608
2124,0.00040031228262351975,2.806498332574847e-05,2.806498332574847e-05,0.0,0.0,0.11926041916012764,0.012374902330085227,0.00755004829261452,0.1801074552336899,0.10930419340729713,79.3536148071289,39.73643761314452
2125,0.00039950526129426165,2.656241940712789e-05,2.656241940712789e-05,0.0,0.0,0.11921956390142441,0.012372782549804652,0.007547652581706643,0.17993078141026725,0.10920673422515392,79.19800758361816,39.658613573759794
2126,0.00039869888818092216,2.7644160127238138e-05,2.7644160127238138e-05,0.0,0.0,0.11913064308464527,0.012368167317106132,0.007545625325292349,0.18004093965398912,0.10919949971139431,79.29501533508301,39.70707298908383
2127,0.0003978931641677881,2.7574190426093992e-05,2.7574190426093992e-05,0.0,0.0,0.1192630585283041,0.012375039177207406,0.007548709632828832,0.18004338638963371,0.10921024903655052,79.29716873168945,39.70821589510888
2128,0.00039708809013843456,2.7070473151979968e-05,2.7070473151979968e-05,0.0,0.0,0.11917703598737717,0.012370575504998838,0.007544933934696019,0.17996263431190465,0.10919452831149101,79.22605514526367,39.672616090625525
2129,0.00039628366697572355,2.6092092866747407e-05,2.6092092866747407e-05,0.0,0.0,0.11915716715157032,0.012369544406221351,0.007544188876636326,0.17994883699683215,0.10915917158126831,79.21390724182129,39.66653220448643
2130,0.00039547989556180485,2.589095629446092e-05,2.589095629446092e-05,0.0,0.0,0.11920414865016937,0.012371982613229826,0.007546877604909241,0.18002372362673402,0.10921873524785042,79.27985000610352,39.69952707737684
2131,0.0003946767767781109,2.744337643889594e-05,2.744337643889594e-05,0.0,0.0,0.11920710280537605,0.012372135959241514,0.007546576904132962,0.17994716530729032,0.10917956195771694,79.21243095397949,39.665819028392434
2132,0.0003938743115053612,2.630268636494293e-05,2.630268636494293e-05,0.0,0.0,0.11912188120186329,0.012367712567547031,0.0075423335656523705,0.17993014217254832,0.10911802388727665,79.19744300842285,39.65828244481236
2133,0.00039307250062355607,2.627496542118024e-05,2.627496542118024e-05,0.0,0.0,0.11934869736433029,0.012379481550565796,0.007549468777142465,0.1801007871993781,0.10925723798573017,79.34774017333984,39.73354443535209
2134,0.0003922713450119805,2.4777160888334038e-05,2.4777160888334038e-05,0.0,0.0,0.11918398551642895,0.012370935898748058,0.007546753156930208,0.1800252523399879,0.10924668796360493,79.28119659423828,39.700190289877355
2135,0.0003914708455491995,2.386713322266587e-05,2.386713322266587e-05,0.0,0.0,0.11925599537789822,0.012374672729258423,0.007547914749011397,0.180061585852187,0.10923685878515244,79.31319808959961,39.716227042488754
2136,0.0003906710031130588,2.3578978925797855e-05,2.3578978925797855e-05,0.0,0.0,0.11913587339222431,0.01236843880579963,0.007545455591753125,0.17996145180027784,0.10921157896518707,79.22501373291016,39.67207480315119
2137,0.0003898718185806834,2.283126150359749e-05,2.283126150359749e-05,0.0,0.0,0.11919133923947811,0.012371317601772118,0.007544976891949773,0.17998721430406986,0.10917981341481209,79.24769592285156,39.68344363104552
2138,0.0003890732928284782,2.2402659851650242e-05,2.2402659851650242e-05,0.0,0.0,0.11920919828116894,0.012372244314769158,0.007546743028797209,0.1799592808232563,0.10919954255223274,79.22309494018555,39.67115206923336
2139,0.0003882754267321232,2.2245953459787415e-05,2.2245953459787415e-05,0.0,0.0,0.11915680207312107,0.01236952528920318,0.007544926716946065,0.17993943806992804,0.109146723523736,79.20562934875488,39.662393075414
2140,0.00038747822116657737,2.2483103293780005e-05,2.2483103293780005e-05,0.0,0.0,0.11922674626111984,0.012373155081184736,0.007546309498138726,0.1800077968182012,0.10918632335960865,79.26582336425781,39.692525055259466
2141,0.00038668167700607397,2.2040983367332956e-05,2.2040983367332956e-05,0.0,0.0,0.11925227381289005,0.012374479726036097,0.007547540124505758,0.180106865747002,0.10923810675740242,79.35309410095215,39.73617318738252
2142,0.00038588579512412164,2.2134753180580446e-05,2.2134753180580446e-05,0.0,0.0,0.11914007738232613,0.01236865705132776,0.0075462242821231484,0.18000178736057587,0.10920283012092113,79.26052284240723,39.689831459894776
2143,0.00038509057639350203,2.1737007045885548e-05,2.1737007045885548e-05,0.0,0.0,0.11920887976884842,0.012372228142362593,0.007547601475380361,0.18009673041095475,0.10927421785891056,79.34417152404785,39.73169020190835
2144,0.00038429602168627025,2.2642765998170944e-05,2.2642765998170944e-05,0.0,0.0,0.11919809505343437,0.012371668417046683,0.007545433938503265,0.1798975846296091,0.10915198735892773,79.16878700256348,39.643992548808455
2145,0.0003835021318737526,2.250208672194276e-05,2.250208672194276e-05,0.0,0.0,0.11923236213624477,0.012373446747491216,0.007547304267063737,0.1801389305039351,0.1093157771974802,79.38135147094727,39.750291916541755
2146,0.00038270890782654755,2.235294959973544e-05,2.235294959973544e-05,0.0,0.0,0.11908472888171673,0.012365783667013772,0.007542341947555542,0.17997321705690128,0.10917813517153263,79.2353687286377,39.677226728759706
2147,0.0003819163504145212,2.3996550226002e-05,2.3996550226002e-05,0.0,0.0,0.11923042312264442,0.01237334589993908,0.007547262590378523,0.18011466077688143,0.10929743573069572,79.35996627807617,39.73959835059941
2148,0.0003811244605068109,2.339354114155867e-05,2.339354114155867e-05,0.0,0.0,0.1192004643380642,0.01237179118533991,0.00754602556116879,0.17996355288778423,0.1091930940747261,79.22686576843262,39.67303311638534
2149,0.0003803332389718207,2.2970776171860052e-05,2.2970776171860052e-05,0.0,0.0,0.11925319209694862,0.012374527499391268,0.007549213361926377,0.18007704502783126,0.10929298028349876,79.32681846618652,39.723035829141736
2150,0.0003795426866772221,2.282930745423073e-05,2.282930745423073e-05,0.0,0.0,0.11908823996782303,0.01236596606792633,0.007543971994891763,0.17995531141256754,0.10918762907385826,79.21960830688477,39.669348273426294
2151,0.0003787528044899522,2.209128433605656e-05,2.209128433605656e-05,0.0,0.0,0.11928780376911163,0.012376323202804495,0.007549658534117043,0.18007132492548755,0.10927077941596508,79.32177925109863,39.72053352743387
2152,0.00037796359327621476,2.2524282030644827e-05,2.2524282030644827e-05,0.0,0.0,0.1191253773868084,0.012367894351718338,0.007545562461018562,0.17990896063921552,0.10914947278797626,79.17879867553711,39.64896202646196
2153,0.00037717505390147513,2.4008339551073732e-05,2.4008339551073732e-05,0.0,0.0,0.11934509500861168,0.012379294646778399,0.007550231879577041,0.1803061677723298,0.10940368287265301,79.5288143157959,39.824079705402255
2154,0.00037638718723046464,2.4158949145203223e-05,2.4158949145203223e-05,0.0,0.0,0.11916866898536682,0.012370141430535008,0.007547493441961706,0.17997871259390366,0.10924182273447514,79.2402114868164,39.67969007790089
2155,0.0003755999941271753,2.5925999580067582e-05,2.5925999580067582e-05,0.0,0.0,0.11921515502035618,0.012372553497712954,0.0075486787827685475,0.18012631003352145,0.10929388366639614,79.37022399902344,39.7447195770219
2156,0.00037481347545486075,2.419467227809946e-05,2.419467227809946e-05,0.0,0.0,0.11913388967514038,0.012368336593800287,0.007544585852883756,0.17992656032890247,0.10914431884884834,79.19429206848145,39.65671297907829
2157,0.00037402763207603526,2.37794529311941e-05,2.37794529311941e-05,0.0,0.0,0.11919319070875645,0.012371413760846271,0.007546882028691471,0.18005279023533138,0.1092328280210495,79.30545234680176,39.71232276875526
2158,0.00037324246485247235,2.29575916819158e-05,2.29575916819158e-05,0.0,0.0,0.11920799501240253,0.012372182124399169,0.0075471424497663975,0.17999671939254422,0.10921240597963333,79.25606918334961,39.687638589181006
2159,0.000372457974645204,2.293151646881597e-05,2.293151646881597e-05,0.0,0.0,0.11928373016417027,0.012376111412427407,0.007551861926913261,0.18016990920838674,0.10934201255440712,79.40865516662598,39.76396944839507
2160,0.00037167416231452034,2.4715958261367632e-05,2.4715958261367632e-05,0.0,0.0,0.11934118717908859,0.012379091723669541,0.007553786505013704,0.18006509518598618,0.10928876139223576,79.31628799438477,39.71781459078193
2161,0.0003708910287199675,2.5405670839973027e-05,2.5405670839973027e-05,0.0,0.0,0.11933149583637714,0.012378589470996326,0.0075527827721089125,0.18012921318193664,0.10926950722932816,79.37278747558594,39.74605948571116
2162,0.0003701085747203475,2.5324678972538095e-05,2.5324678972538095e-05,0.0,0.0,0.11906108260154724,0.012364556215417447,0.007543309824541211,0.1799684639547744,0.10917028225958347,79.2311840057373,39.675122544169426
2163,0.0003693268011737171,2.424867943773279e-05,2.424867943773279e-05,0.0,0.0,0.11914549581706524,0.01236893852942914,0.007544092833995819,0.1800745935776472,0.10926138982176781,79.32466316223145,39.721904329024255
2164,0.00036854570893738673,2.443133962515276e-05,2.443133962515276e-05,0.0,0.0,0.1192694753408432,0.012375372248841448,0.00754806911572814,0.1800872900734424,0.10924976505339146,79.33584976196289,39.72755961865187
2165,0.00036776529886791993,2.3767153379594674e-05,2.3767153379594674e-05,0.0,0.0,0.11937488242983818,0.012380839457037397,0.007555091171525419,0.18014853873709719,0.10930553264915943,79.38982009887695,39.754597490653396
2166,0.0003669855718211316,2.4648490580148064e-05,2.4648490580148064e-05,0.0,0.0,0.11922444589436054,0.01237303570770958,0.00754665769636631,0.18006292545856897,0.10923496447503567,79.31438064575195,39.71680254582316
2167,0.00036620652865208874,2.5291023121098988e-05,2.5291023121098988e-05,0.0,0.0,0.11923754774034023,0.012373715768281487,0.007551432820037007,0.1801439686217651,0.10935268551111221,79.38578987121582,39.75251370947808
2168,0.0003654281702151074,2.6625320970197208e-05,2.6625320970197208e-05,0.0,0.0,0.11926417425274849,0.012375096943583486,0.007550534093752503,0.18004142590008385,0.10921229794621468,79.29544448852539,39.70735433138907
2169,0.0003646504973637531,2.5942910269804997e-05,2.5942910269804997e-05,0.0,0.0,0.11930466443300247,0.012377197810173267,0.007551000919193029,0.1800833570998725,0.10930686630308628,79.33238220214844,39.72584343329072
2170,0.00036387351095083933,2.69994925474748e-05,2.69994925474748e-05,0.0,0.0,0.11921307817101479,0.012372445732970642,0.007551394286565483,0.17991785905044091,0.10918078012764454,79.18663215637207,39.65292261727154
2171,0.000363097211828427,2.6507480924919946e-05,2.6507480924919946e-05,0.0,0.0,0.11915875412523746,0.012369626756115719,0.007548045716248453,0.18009647184900276,0.1092645674943924,79.34393882751465,39.73154879081994
2172,0.000362321600847823,2.5476149858150166e-05,2.5476149858150166e-05,0.0,0.0,0.11921367980539799,0.012372477048060722,0.0075469453586265445,0.17993863841389351,0.10919571481645107,79.2049331665039,39.66207342315465
2173,0.0003615466788595806,2.3803674594091717e-05,2.3803674594091717e-05,0.0,0.0,0.11923457123339176,0.012373561118793282,0.007548047578893602,0.17998155344130662,0.10922797210514545,79.24271392822266,39.680974249728024
2174,0.00036077244671349625,2.503563791833585e-05,2.503563791833585e-05,0.0,0.0,0.11919057741761208,0.012371278490986853,0.007548000663518906,0.18001935728117896,0.10923660360276699,79.2760066986084,39.697598638013005
2175,0.0003599989052586106,2.4632004169689026e-05,2.4632004169689026e-05,0.0,0.0,0.11929015815258026,0.012376445043093272,0.007548370165750384,0.1801794124123652,0.10928527638316154,79.41703224182129,39.768161199986935
2176,0.00035922605534320645,2.4244179712695768e-05,2.4244179712695768e-05,0.0,0.0,0.11923207528889179,0.012373431458702351,0.007548020454123616,0.1800484194220464,0.1092600841075182,79.30160331726074,39.71041769627482
2177,0.0003584538978148089,2.266974252052023e-05,2.266974252052023e-05,0.0,0.0,0.11929724365472794,0.012376812467340924,0.007549076690338552,0.18003910846010243,0.10926288552582264,79.29339599609375,39.70634661987424
2178,0.00035768243352018265,2.1853074940736406e-05,2.1853074940736406e-05,0.0,0.0,0.11914732307195663,0.012369033530519111,0.0075456175254657865,0.1800248979693742,0.10922487452626228,79.28088569641113,39.700016509741545
2179,0.00035691166330533406,2.1752755401394097e-05,2.1752755401394097e-05,0.0,0.0,0.11919327266514301,0.012371418024763445,0.007546247215941548,0.1800830907612789,0.10926377214491367,79.3321475982666,39.72567043546587
2180,0.00035614158801550584,2.1017491235397756e-05,2.1017491235397756e-05,0.0,0.0,0.11921119131147861,0.012372348111711678,0.007547550019808114,0.1800203738627953,0.10923130437731743,79.27689552307129,39.698053357191384
2181,0.000355372208495181,2.082185392282554e-05,2.082185392282554e-05,0.0,0.0,0.11919371411204338,0.012371440814640668,0.007546077948063612,0.1800827571910284,0.10928836837410927,79.33185005187988,39.72552188299596
2182,0.00035460352558807804,2.168295486626448e-05,2.168295486626448e-05,0.0,0.0,0.11913950368762016,0.012368627050149232,0.00754438154399395,0.17999561212989712,0.10919438302516937,79.25508689880371,39.687113201245666
2183,0.0003538355401371521,2.1041001673438586e-05,2.1041001673438586e-05,0.0,0.0,0.11920109577476978,0.012371824119381388,0.0075482066022232175,0.18006562015782165,0.10927397944033146,79.3167552947998,39.71797819528729
2184,0.0003530682529845931,2.0884933292109054e-05,2.0884933292109054e-05,0.0,0.0,0.11926373653113842,0.012375074454415694,0.007548830704763532,0.18008233828797815,0.10926362127065659,79.33148193359375,39.725372835062444
2185,0.00035230166497182637,2.1349794678826584e-05,2.1349794678826584e-05,0.0,0.0,0.1192419733852148,0.012373945092861733,0.007549690315499902,0.18002252340960032,0.10925974510610104,79.27878952026367,39.69901574682444
2186,0.00035153577693950854,2.1226092485449044e-05,2.1226092485449044e-05,0.0,0.0,0.11925056576728821,0.012374391087599329,0.007553646340966225,0.18008350449096372,0.10926866345107555,79.33251571655273,39.72588314116001
2187,0.00035077058972753046,2.1866367660550168e-05,2.1866367660550168e-05,0.0,0.0,0.11920384503901005,0.012371966881556415,0.007548537105321884,0.18007893272516648,0.10929002426564693,79.3284797668457,39.72384180594236
2188,0.0003500061041750136,2.1029324670962524e-05,2.1029324670962524e-05,0.0,0.0,0.11924349516630173,0.01237402462045763,0.007548558758571744,0.1800683174027742,0.10926818288862705,79.31912994384766,39.71918671950698
2189,0.00034924232112031,2.0397425487317378e-05,2.0397425487317378e-05,0.0,0.0,0.11929631978273392,0.012376764555837466,0.007550571346655488,0.1801685006136066,0.10932030342519283,79.40741729736328,39.76335680857301
2190,0.00034847924140100147,2.1101774109411053e-05,2.1101774109411053e-05,0.0,0.0,0.11927755549550056,0.012375791441881721,0.007549970410764217,0.18012147565761766,0.10929560475051403,79.3659725189209,39.7426250372082
2191,0.00034771686585389843,2.0876463622698793e-05,2.0876463622698793e-05,0.0,0.0,0.11923070438206196,0.012373360600799606,0.007547936285845935,0.1800630987273924,0.10927730984985828,79.31452941894531,39.71688006166369
2192,0.00034695519531503896,2.0998829768359428e-05,2.0998829768359428e-05,0.0,0.0,0.11924745887517929,0.012374229831634222,0.007549438392743468,0.1801214420492027,0.10929112881422043,79.36593627929688,39.74259186908603
2193,0.00034619423061968895,2.067190689558629e-05,2.067190689558629e-05,0.0,0.0,0.11927074193954468,0.012375437656825078,0.007549695787020028,0.18008827007124026,0.10927991569042206,79.33671188354492,39.72799131274223
2194,0.0003454339726023384,2.0328017853898928e-05,2.0328017853898928e-05,0.0,0.0,0.1191767007112503,0.01237055800703425,0.007547601475380361,0.18001221518080446,0.10925193130970001,79.26971435546875,39.69444552809
2195,0.0003446744220967043,2.067785862891469e-05,2.067785862891469e-05,0.0,0.0,0.11927227675914764,0.012375517468795252,0.00755054724868387,0.1800424501162849,0.10927787609398365,79.29633903503418,39.707805655896664
2196,0.0003439155799357266,2.06628587875457e-05,2.06628587875457e-05,0.0,0.0,0.11925393901765347,0.012374566305919403,0.0075474121840670705,0.1800887717039334,0.1092457752674818,79.33715438842773,39.728204163722694
2197,0.0003431574469515688,2.062537896563299e-05,2.062537896563299e-05,0.0,0.0,0.11920166201889515,0.012371853671727906,0.007547395303845406,0.18002674741416744,0.10926779359579086,79.28251647949219,39.70085907075554
2198,0.00034240002397561644,2.0674489860539325e-05,2.0674489860539325e-05,0.0,0.0,0.11927303299307823,0.0123755567131664,0.0075503682019189,0.18008247533661417,0.10928737930953503,79.33160400390625,39.725438518449664
2199,0.00034164331183847744,2.1206692963460227e-05,2.1206692963460227e-05,0.0,0.0,0.11929325200617313,0.012376605682316301,0.007549986941739917,0.1801996447879458,0.10935194604098797,79.43486976623535,39.77708150912076
2200,0.0003408873113699783,2.053546268143691e-05,2.053546268143691e-05,0.0,0.0,0.1192806102335453,0.012375950178877762,0.007550099049694836,0.18005991779556016,0.10929864272475243,79.31173133850098,39.71550597436726
2201,0.00034013202339916703,1.9914881249860628e-05,1.9914881249860628e-05,0.0,0.0,0.11919676512479782,0.01237159946042911,0.007548406720161438,0.18007164300104886,0.10930199548602104,79.32206153869629,39.72062915191054
2202,0.00033937744875430946,1.962167743840837e-05,1.962167743840837e-05,0.0,0.0,0.1192162074148655,0.012372608188328171,0.007548441411927342,0.18009562376319468,0.10927576385438442,79.34318923950195,39.73120272345841
2203,0.00033862358826288895,1.9210425307392143e-05,1.9210425307392143e-05,0.0,0.0,0.11924965679645538,0.012374343754708037,0.007549620931968093,0.18001138739278794,0.10925638303160667,79.26898574829102,39.694117702543736
2204,0.00033787044275160615,1.892327691166429e-05,1.892327691166429e-05,0.0,0.0,0.11920124851167202,0.012371832058824701,0.007546827313490212,0.18012237791195268,0.10930521227419376,79.36676406860352,39.742982658557594
2205,0.00033711801304637726,1.880339141280274e-05,1.880339141280274e-05,0.0,0.0,0.11925331316888332,0.01237453337917608,0.007548994035460055,0.18001293690537512,0.10925017669796944,79.27034568786621,39.69479950051755
2206,0.0003363662999723335,1.9099425571766915e-05,1.9099425571766915e-05,0.0,0.0,0.11924469657242298,0.012374086213567925,0.007547912537120283,0.1800980206295473,0.10928746126592159,79.34530258178711,39.732273639179766
2207,0.00033561530435382105,1.9162878288625507e-05,1.9162878288625507e-05,0.0,0.0,0.11932958289980888,0.012378490281765636,0.007551738526672125,0.180138154998682,0.10932580567896366,79.38066864013672,39.749999111518264
2208,0.0003348650270143985,1.8791763977787923e-05,1.8791763977787923e-05,0.0,0.0,0.1192528698593378,0.01237451044799951,0.007549218600615859,0.1801547630063415,0.10933156497776508,79.39530754089355,39.757280205376446
2209,0.0003341154687768367,1.868538947746856e-05,1.868538947746856e-05,0.0,0.0,0.11920090951025486,0.012371814268583529,0.007547457586042583,0.180091962468869,0.1092870831489563,79.3399543762207,39.72957764286548
2210,0.0003333666304631182,1.825381013986771e-05,1.825381013986771e-05,0.0,0.0,0.11920834891498089,0.012372200502200618,0.0075469547882676125,0.18006595117375873,0.10926715657114983,79.31704902648926,39.71812868770212
2211,0.0003326185128944362,1.8054619431495667e-05,1.8054619431495667e-05,0.0,0.0,0.11932487413287163,0.01237824619940029,0.007551111280918121,0.18010702604620463,0.10931199789047241,79.35323715209961,39.73628101311624
2212,0.00033187111689119325,1.8316828118258854e-05,1.8316828118258854e-05,0.0,0.0,0.11921311356127262,0.012372447497203176,0.00754901859909296,0.1801686660271423,0.10933117009699345,79.40756034851074,39.76338673103601
2213,0.00033112444327300036,1.797973686734622e-05,1.797973686734622e-05,0.0,0.0,0.11927576176822186,0.012375698403418208,0.0075514091877266765,0.18014410045363902,0.10932989418506622,79.38590812683105,39.75259194429964
2214,0.00033037849285867736,1.8266323877469404e-05,1.8266323877469404e-05,0.0,0.0,0.11922142654657364,0.0123728791385363,0.007548135821707547,0.180029083119393,0.10925394855439663,79.2845687866211,39.701895106583834
2215,0.00032963326646625,1.888160750240786e-05,1.888160750240786e-05,0.0,0.0,0.11931279860436916,0.012377619733588243,0.007551418268121779,0.18017489735456305,0.10936738550662994,79.41305351257324,39.766183155588806
2216,0.00032888876491295047,1.9671049813041463e-05,1.9671049813041463e-05,0.0,0.0,0.11931238509714603,0.012377598130753335,0.0075499891536310315,0.18013371387429392,0.10931606031954288,79.37675666809082,39.74803452659398
2217,0.000328144989015216,1.927217681441107e-05,1.927217681441107e-05,0.0,0.0,0.11916099488735199,0.012369742927355907,0.007546500419266522,0.18010025457334955,0.1092765461653471,79.34726905822754,39.733215026557446
2218,0.0003274019395886879,1.9580775187932886e-05,1.9580775187932886e-05,0.0,0.0,0.11927253007888794,0.012375530697248869,0.007550848764367402,0.18002867443783097,0.10927109979093075,79.28421211242676,39.70174232125282
2219,0.0003266596174482108,1.9231398709962377e-05,1.9231398709962377e-05,0.0,0.0,0.11928061582148075,0.012375949884922244,0.00755087670404464,0.18016673274695894,0.1093518529087305,79.40585708618164,39.76256885100156
2220,0.00032591802340783255,1.968320157175185e-05,1.968320157175185e-05,0.0,0.0,0.11928809806704521,0.012376338488021119,0.007551017799414694,0.1800641926446225,0.10930036380887032,79.31549835205078,39.71739322505891
2221,0.00032517715828080167,2.0394200873852242e-05,2.0394200873852242e-05,0.0,0.0,0.11924244090914726,0.012373969789101498,0.007550450740382075,0.18013879091323592,0.10933123715221882,79.38122749328613,39.75023496709764
2222,0.0003244370228795674,2.112859601766104e-05,2.112859601766104e-05,0.0,0.0,0.11928573250770569,0.012376215323911931,0.00755052687600255,0.180126896871391,0.10932471789419651,79.3707447052002,39.74501521885395
2223,0.0003236976180157793,2.2143934074847493e-05,2.2143934074847493e-05,0.0,0.0,0.11927773617208004,0.012375800701595744,0.007552044233307242,0.18013523906905335,0.1093289852142334,79.37809944152832,39.7486885888502
2224,0.0003229589445002852,2.2829285171610536e-05,2.2829285171610536e-05,0.0,0.0,0.1192333921790123,0.012373500258103473,0.007551429211162031,0.18005693853039356,0.109268419444561,79.30911064147949,39.71417201682925
2225,0.00032222100314313086,2.3572997179144295e-05,2.3572997179144295e-05,0.0,0.0,0.11925850063562393,0.012374802670326406,0.007548559340648353,0.18014575480620837,0.1093197911977768,79.38736343383789,39.75331096723676
2226,0.00032148379475356055,2.239744753751438e-05,2.239744753751438e-05,0.0,0.0,0.11916518025100231,0.012369960267581637,0.007550250506028533,0.18004217078517154,0.10927927680313587,79.29609870910645,39.707631944678724
2227,0.0003207473201400124,2.1330918571038637e-05,2.1330918571038637e-05,0.0,0.0,0.11928407289087772,0.012376129490442849,0.007554391981102526,0.18006156257708456,0.10931913554668427,79.31318283081055,39.71623345185071
2228,0.0003200115801101219,2.246751091661281e-05,2.246751091661281e-05,0.0,0.0,0.11926718428730965,0.012375253043739449,0.007551862625405192,0.18014639069393507,0.10932507738471031,79.3879280090332,39.753597596660256
2229,0.0003192765754707181,2.2299685497273458e-05,2.2299685497273458e-05,0.0,0.0,0.11933113448321819,0.012378570514893671,0.0075528600718826056,0.18022517945998612,0.10937287658452988,79.4573860168457,39.78835857566446
2230,0.0003185423070278236,2.1294802536431234e-05,2.1294802536431234e-05,0.0,0.0,0.11911187507212162,0.012367193085430264,0.0075452437158674,0.1800195176583039,0.10924512520432472,79.27614402770996,39.69762795139104
2231,0.0003178087755866534,2.048114629360498e-05,2.048114629360498e-05,0.0,0.0,0.11925005726516247,0.01237436462824142,0.007549454108811915,0.1800975319506468,0.10933803208172321,79.34487342834473,39.732061742804945
2232,0.00031707598195161566,2.0158232473477256e-05,2.0158232473477256e-05,0.0,0.0,0.11932605877518654,0.012378307183705398,0.007553726667538285,0.180210257542449,0.10935969464480877,79.44422912597656,39.781777592375875
2233,0.00031634392692630716,2.0541702724585775e-05,2.0541702724585775e-05,0.0,0.0,0.1191486045718193,0.0123690997073178,0.007544790394604206,0.17996669671059273,0.10921783372759819,79.22962760925293,39.674388106912374
2234,0.0003156126113135174,2.0993949874537066e-05,2.0993949874537066e-05,0.0,0.0,0.11926627904176712,0.012375206449077957,0.007550082053057849,0.180141538762106,0.10933299735188484,79.3836498260498,39.751458052545786
2235,0.00031488203591522213,2.181914260290796e-05,2.181914260290796e-05,0.0,0.0,0.11927909590303898,0.012375871104591641,0.007552676252089441,0.18016362601529598,0.10937074385583401,79.40311813354492,39.76119861472398
2236,0.0003141522015325879,2.1566399482253473e-05,2.1566399482253473e-05,0.0,0.0,0.11922312155365944,0.012372966758712148,0.0075491429306566715,0.18000889624526067,0.10926228016614914,79.26679039001465,39.693006755784154
2237,0.0003134231089659674,2.1405932329798816e-05,2.1405932329798816e-05,0.0,0.0,0.11920217797160149,0.012371880136455921,0.007550089969299734,0.18004670210305881,0.10930754989385605,79.30008888244629,39.709645530208945
2238,0.0003126947590148999,2.2030333184375195e-05,2.2030333184375195e-05,0.0,0.0,0.11933440901339054,0.01237874023710479,0.007551120012067258,0.18017698819963163,0.10932981967926025,79.41489601135254,39.767115210182965
2239,0.00031196715247811007,2.114917788276216e-05,2.114917788276216e-05,0.0,0.0,0.11922286078333855,0.012372953380503959,0.0075464347610250115,0.18014879722431917,0.1093041393905878,79.39004898071289,39.754635920748115
2240,0.0003112402901535087,2.0884811874566367e-05,2.0884811874566367e-05,0.0,0.0,0.11919988691806793,0.012371761191761569,0.007547718705609441,0.1799956690454329,0.10924899578094482,79.25514030456543,39.68717009574175
2241,0.0003105141728381883,2.0472946744121145e-05,2.0472946744121145e-05,0.0,0.0,0.11928490549325943,0.012376172554226919,0.007551623391918838,0.18019161826729094,0.10935511998832226,79.42779159545898,39.77353825047612
2242,0.0003097888013284262,2.0309342744440073e-05,2.0309342744440073e-05,0.0,0.0,0.11920630186796188,0.012372094351642915,0.0075494840275496244,0.18004043271517298,0.10924907214939594,79.2945671081543,39.70688670501113
2243,0.0003090641764196811,2.1407568510767305e-05,2.1407568510767305e-05,0.0,0.0,0.11927354708313942,0.01237558331695771,0.007549545029178262,0.18013327699409368,0.10932224802672863,79.3763656616211,39.74781960435212
2244,0.0003083402989065931,2.044477105300757e-05,2.044477105300757e-05,0.0,0.0,0.11926407553255558,0.012375092092982124,0.007551304181106389,0.18007386434235476,0.10929872654378414,79.32401657104492,39.72164032328874
2245,0.00030761716958298247,2.0592910004779696e-05,2.0592910004779696e-05,0.0,0.0,0.11923173628747463,0.0123734142587923,0.007550785783678293,0.18015811544099353,0.10934972576797009,79.39826393127441,39.758747833780944
2246,0.0003068947892418493,2.0540810055535985e-05,2.0540810055535985e-05,0.0,0.0,0.11939548142254353,0.012381907223481528,0.007552816765382886,0.18023708768488966,0.10936655104160309,79.4678840637207,39.79363977257162
2247,0.00030617315867537186,1.9577854800445493e-05,1.9577854800445493e-05,0.0,0.0,0.119290791451931,0.012376477964750747,0.00755143619608134,0.18013976804585857,0.10934057459235191,79.3820915222168,39.750691156834364
2248,0.0003054522786749074,1.9294561752758455e-05,1.9294561752758455e-05,0.0,0.0,0.11919560842216015,0.012371539472270076,0.0075474068289622664,0.18001144947702122,0.10927378386259079,79.26904106140137,39.694118334911764
2249,0.0003047321500309882,1.876676378742559e-05,1.876676378742559e-05,0.0,0.0,0.11923486180603504,0.012373576113410027,0.007549935253337026,0.18018228110811288,0.10935666970908642,79.41956329345703,39.76939907763153
2250,0.00030401277353332435,1.919571104735951e-05,1.919571104735951e-05,0.0,0.0,0.11930211074650288,0.012377065248889735,0.007550604175776243,0.18010519293874575,0.10931817442178726,79.35161972045898,39.735460915602744
2251,0.0003032941499708001,1.9371905636944575e-05,1.9371905636944575e-05,0.0,0.0,0.11925184167921543,0.012374457382742069,0.007549309986643493,0.1801523643101079,0.1093329843133688,79.39319038391113,39.756221112795174
2252,0.00030257628013147437,1.8510830614104634e-05,1.8510830614104634e-05,0.0,0.0,0.1192102748900652,0.01237230047696232,0.007547815563157201,0.1801218686170813,0.10928947292268276,79.36631202697754,39.7427611509338
2253,0.0003018591648025791,1.9363365481694927e-05,1.9363365481694927e-05,0.0,0.0,0.1192836407572031,0.012376106856175446,0.00755076645873487,0.18019400093565516,0.10939284414052963,79.42989730834961,39.774590474553406
2254,0.0003011428047705201,1.9539921595423948e-05,1.9539921595423948e-05,0.0,0.0,0.11937624961137772,0.012380910272137469,0.007553428178653121,0.18021301463740877,0.10940168984234333,79.4466609954834,39.78301862254739
2255,0.00030042720082087276,2.0403196685947478e-05,2.0403196685947478e-05,0.0,0.0,0.11934434249997139,0.01237925570813417,0.0075535832438617945,0.18022615612423576,0.10938610881567001,79.45825004577637,39.78879719413817
2256,0.0002997123537383855,2.2267180156632094e-05,2.2267180156632094e-05,0.0,0.0,0.11915864609181881,0.01236962131515747,0.007549069821834564,0.18000876948813038,0.10928062908351421,79.26667976379395,39.69291920494288
2257,0.0002989982643069755,2.2523081952385837e-05,2.2523081952385837e-05,0.0,0.0,0.11928970366716385,0.01237642138059787,0.007552217342890799,0.18015357141662272,0.10937427915632725,79.39425468444824,39.7567721940577
2258,0.0002982849333097292,2.1340947569115087e-05,2.1340947569115087e-05,0.0,0.0,0.11923070251941681,0.012373360453791088,0.0075473778415471315,0.18008324073839949,0.10927768237888813,79.33227729797363,39.725754000246525
2259,0.00029757236152890167,2.140205151590635e-05,2.140205151590635e-05,0.0,0.0,0.11917578615248203,0.01237051080651895,0.007546630338765681,0.1800386222077488,0.10925884544849396,79.29296684265137,39.706071314401925
2260,0.00029686054974591527,2.074379835903528e-05,2.074379835903528e-05,0.0,0.0,0.1192016452550888,0.012371852495516459,0.007548803579993546,0.1800463762244139,0.10928420536220074,79.29980659484863,39.70950412005186
2261,0.00029614949874135843,2.1383775219874224e-05,2.1383775219874224e-05,0.0,0.0,0.11931760422885418,0.012377868824777191,0.007550575537607074,0.18017164602935853,0.1093566045165062,79.41018676757812,39.76475218590349
2262,0.0002954392092949865,2.243918424937874e-05,2.243918424937874e-05,0.0,0.0,0.11919205263257027,0.012371354653980947,0.0075505959102883935,0.18005899453896979,0.10927984490990639,79.31092071533203,39.7150563839823
2263,0.0002947296821857187,2.2059408820496174e-05,2.2059408820496174e-05,0.0,0.0,0.11941157467663288,0.012382741774280327,0.007555271964520216,0.1801705475954221,0.1093751173466444,79.40921974182129,39.76431565824896
2264,0.0002940209181916383,2.2909906874701846e-05,2.2909906874701846e-05,0.0,0.0,0.11918023228645325,0.012370741513868539,0.0075475265039131045,0.18009512214958712,0.10929198563098907,79.34274673461914,39.7309634834528
2265,0.00029331291808999205,2.2623251879849704e-05,2.2623251879849704e-05,0.0,0.0,0.11934024281799793,0.0123790430862825,0.007551880087703466,0.18022030122703525,0.10938146710395813,79.45308303833008,39.78621164057404
2266,0.00029260568265718884,2.221004569946672e-05,2.221004569946672e-05,0.0,0.0,0.11938093043863773,0.012381152979739343,0.007554938783869147,0.1801169358795467,0.10933615826070309,79.36197280883789,39.740676869638264
2267,0.00029189921266879894,2.206853741881787e-05,2.206853741881787e-05,0.0,0.0,0.11924435012042522,0.012374068720567772,0.00755074096377939,0.18011423677729874,0.10932470113039017,79.3595962524414,39.739420301280916
2268,0.0002911935088995533,2.0898557522741612e-05,2.0898557522741612e-05,0.0,0.0,0.11926085688173771,0.012374925113545692,0.007549600093625486,0.18007295408706583,0.10926433280110359,79.32321739196777,39.721239124424756
2269,0.000290488572123343,2.1383520561357727e-05,2.1383520561357727e-05,0.0,0.0,0.11918047070503235,0.012370753571113308,0.007548174122348428,0.1800031274119859,0.10926724597811699,79.2617073059082,39.69044388830662
2270,0.0002897844031132173,2.0416486222529784e-05,2.0416486222529784e-05,0.0,0.0,0.11926763877272606,0.012375277296411812,0.007550030597485602,0.18003832217904567,0.10927689261734486,79.29270362854004,39.70598563365638
2271,0.00028908100264138397,1.9924339994759066e-05,1.9924339994759066e-05,0.0,0.0,0.11926386319100857,0.012375081068881051,0.007550228270702064,0.18015548932939718,0.10934914648532867,79.39594459533691,39.75760422926396
2272,0.00028837837147920796,1.873220980996848e-05,1.873220980996848e-05,0.0,0.0,0.11927073262631893,0.012375437362857386,0.007550547714345157,0.18005402387171562,0.10931492783129215,79.30653190612793,39.712901319377124
2273,0.00028767651039721034,1.8404959519102704e-05,1.8404959519102704e-05,0.0,0.0,0.1193175408989191,0.012377865738722332,0.007553173345513642,0.1801702064334012,0.10936520807445049,79.4089183807373,39.76411796081811
2274,0.0002869754201650676,1.8471438579581445e-05,1.8471438579581445e-05,0.0,0.0,0.1193416677415371,0.012379117144342618,0.007552184164524078,0.18016141611948475,0.1093377098441124,79.40117263793945,39.760257152840495
2275,0.0002862751015516117,1.8211261703982018e-05,1.8211261703982018e-05,0.0,0.0,0.11930466257035732,0.012377197663210325,0.007552766823209822,0.1801643600565623,0.10936533659696579,79.40376472473145,39.7615346936509
2276,0.0002855755553248275,1.8526112398831174e-05,1.8526112398831174e-05,0.0,0.0,0.11923765018582344,0.012373720913430857,0.007549431640654802,0.180075273677404,0.10931579023599625,79.32526016235352,39.72224890626967
2277,0.0002848767822518534,1.8538895801611943e-05,1.8538895801611943e-05,0.0,0.0,0.11928799748420715,0.012376332462120665,0.007551482296548784,0.18015222989946017,0.10936032980680466,79.3930778503418,39.756182923913
2278,0.00028417878309897965,1.856611788753071e-05,1.856611788753071e-05,0.0,0.0,0.11923054419457912,0.012373351927294008,0.00754965643864125,0.18014551440904406,0.10934959910809994,79.38715362548828,39.75319208484143
2279,0.00028348155863164797,1.909380625875201e-05,1.909380625875201e-05,0.0,0.0,0.11924933455884457,0.012374327291051236,0.007550463080406189,0.1801141928260654,0.10934904590249062,79.35955238342285,39.73940085899085
2280,0.00028278510961445,1.9099257769994438e-05,1.9099257769994438e-05,0.0,0.0,0.11927858740091324,0.012375845089335008,0.00755064794793725,0.1800765537061013,0.1093097347766161,79.32638549804688,39.722832042723894
2281,0.00028208943681112857,1.9634263480838854e-05,1.9634263480838854e-05,0.0,0.0,0.11923158168792725,0.012373405879340278,0.007548574591055512,0.18020245372730212,0.10935772396624088,79.43734741210938,39.77828949689865
2282,0.00028139454098457286,1.8463613741914742e-05,1.8463613741914742e-05,0.0,0.0,0.11922366917133331,0.01237299557326527,0.0075497584184631705,0.18010507917687815,0.10934210941195488,79.35152244567871,39.73537305742502
2283,0.00028070042289682237,1.852197851803794e-05,1.852197851803794e-05,0.0,0.0,0.11919765546917915,0.012371645774617622,0.00754908355884254,0.18003085233773225,0.1092817448079586,79.28612899780273,39.70266332663596
2284,0.00028000708330906226,1.781067931005964e-05,1.781067931005964e-05,0.0,0.0,0.1192961186170578,0.012376754415035347,0.007551143644377589,0.1801034218651584,0.10930892452597618,79.35006141662598,39.73467876762152
2285,0.00027931452298162455,1.802988481358625e-05,1.802988481358625e-05,0.0,0.0,0.11919676885008812,0.01237159946042911,0.007547944085672498,0.18006423919414444,0.10930316895246506,79.31553840637207,39.71736758761108
2286,0.0002786227426739862,1.8202483715867857e-05,1.8202483715867857e-05,0.0,0.0,0.11922938376665115,0.012373292241649944,0.007549832575023174,0.18002230354137025,0.10927676223218441,79.27860069274902,39.69891503825784
2287,0.0002779317431447699,1.8205376818514196e-05,1.8205376818514196e-05,0.0,0.0,0.11924143508076668,0.012373917309533083,0.007549262954853475,0.18008452588205331,0.10932463966310024,79.33341598510742,39.726328710094094
2288,0.0002772415251517404,1.783289144441369e-05,1.783289144441369e-05,0.0,0.0,0.11938250809907913,0.012381234958592894,0.007553830975666642,0.18020947200814144,0.10937389358878136,79.44353294372559,39.78145772591233
2289,0.00027655208945180735,1.765931574482238e-05,1.765931574482238e-05,0.0,0.0,0.11916977167129517,0.012370198484552132,0.007549144211225212,0.18013810329821306,0.10935988277196884,79.3806209564209,39.7498953640461
2290,0.00027586343680102043,1.745364511407388e-05,1.745364511407388e-05,0.0,0.0,0.11927865073084831,0.01237584802891477,0.007551294867880642,0.1801024316076636,0.10933908261358738,79.34918975830078,39.734234204515815
2291,0.0002751755679545726,1.772090126905823e-05,1.772090126905823e-05,0.0,0.0,0.11916953697800636,0.01237018598562759,0.007547260029241443,0.18006449521630008,0.10928202234208584,79.31576347351074,39.717466505244374
2292,0.00027448848366679605,1.7737174175636028e-05,1.7737174175636028e-05,0.0,0.0,0.11930733360350132,0.012377336101529093,0.007551240269094706,0.18019521293166027,0.10938197746872902,79.43096160888672,39.77513447124511
2293,0.00027380218469116304,1.6711365333321737e-05,1.6711365333321737e-05,0.0,0.0,0.11920280195772648,0.012371912629183449,0.007548933965153992,0.18007071721858464,0.10931980609893799,79.32124328613281,39.72022304404527
2294,0.0002731166717802842,1.6542854837098275e-05,1.6542854837098275e-05,0.0,0.0,0.11928205750882626,0.012376024696376447,0.007551678107120097,0.18015903302017455,0.10936866514384747,79.39906883239746,39.759175444953144
2295,0.00027243194568590926,1.6796693444121047e-05,1.6796693444121047e-05,0.0,0.0,0.1193192508071661,0.012377954058369226,0.007552513969130814,0.1801441521523868,0.10936425812542439,79.38595390319824,39.752636577002704
2296,0.0002717480071589233,1.6106302609841805e-05,1.6106302609841805e-05,0.0,0.0,0.11927526816725731,0.012375672681760645,0.007550904992967844,0.18020937381611224,0.10937168449163437,79.44344520568848,39.78136023692787
2297,0.0002710648569493496,1.61294096869824e-05,1.61294096869824e-05,0.0,0.0,0.1192592903971672,0.012374843827846213,0.007550780428573489,0.18013614125445107,0.10935601592063904,79.37889289855957,39.74907609447837
2298,0.0002703824958063458,1.6207259704970056e-05,1.6207259704970056e-05,0.0,0.0,0.11933151818811893,0.01237859049962122,0.007553472998552024,0.180176866729692,0.1093769520521164,79.41479110717773,39.76706131268293
2299,0.0002697009244782047,1.6199726815102622e-05,1.6199726815102622e-05,0.0,0.0,0.1192965991795063,0.01237677925263739,0.007551163551397622,0.18008687376669538,0.10932138748466969,79.33547782897949,39.7273872140795
2300,0.00026902014371235264,1.6286758864225703e-05,1.6286758864225703e-05,0.0,0.0,0.1191924661397934,0.01237137641475028,0.007547753280960023,0.18015563666147474,0.10934977792203426,79.39608192443848,39.757637195289135
2301,0.0002683401542553494,1.684568269411102e-05,1.684568269411102e-05,0.0,0.0,0.11932622455060482,0.01237831585373884,0.00755273865070194,0.18008847951598822,0.10932880081236362,79.33689498901367,39.72811060678214
2302,0.0002676609568528864,1.7531696357764304e-05,1.7531696357764304e-05,0.0,0.0,0.1192788016051054,0.012375855377861117,0.0075510728638619184,0.18015570903508274,0.10934806615114212,79.39614295959473,39.757710880599916
2303,0.0002669825522497874,1.7561085769557394e-05,1.7561085769557394e-05,0.0,0.0,0.11927857622504234,0.012375844060481927,0.007550503592938185,0.1801171065110881,0.10932605713605881,79.36211585998535,39.7406972181052
2304,0.0002663049411900059,1.6809634644232574e-05,1.6809634644232574e-05,0.0,0.0,0.11927168816328049,0.01237548704329827,0.007552127353847027,0.18023404675715485,0.10940912924706936,79.4652042388916,39.79223796352744
2305,0.0002656281244166256,1.724666753943893e-05,1.724666753943893e-05,0.0,0.0,0.11921481043100357,0.01237253600254576,0.0075493474723771214,0.18011322589621828,0.1093539297580719,79.35869789123535,39.73895635083318
2306,0.00026495210267185924,1.689026612439193e-05,1.689026612439193e-05,0.0,0.0,0.119275426492095,0.012375680912696882,0.007549821399152279,0.180115296774384,0.10934730432927608,79.36052513122559,39.73990027885884
2307,0.0002642768766970473,1.6775050198702957e-05,1.6775050198702957e-05,0.0,0.0,0.11933570168912411,0.012378807537562365,0.007552592200227082,0.18022953565174882,0.10938539542257786,79.46122741699219,39.790281559340656
2308,0.0002636024472326576,1.6525260662092478e-05,1.6525260662092478e-05,0.0,0.0,0.11918794550001621,0.012371141602264706,0.007549392757937312,0.18008800891139845,0.10932960361242294,79.33648300170898,39.7278354736045
2309,0.0002629288150182854,1.6006790474420995e-05,1.6006790474420995e-05,0.0,0.0,0.11933410540223122,0.012378724514019399,0.007553288247436285,0.18021496292462558,0.10940946079790592,79.44837379455566,39.78385394997895
2310,0.0002622559807926507,1.600670498191903e-05,1.600670498191903e-05,0.0,0.0,0.11933509446680546,0.012378776091542575,0.007552829687483609,0.1802089552073875,0.10938117280602455,79.44307899475098,39.78120704460889
2311,0.0002615839452935986,1.602652582732844e-05,1.602652582732844e-05,0.0,0.0,0.11915819719433784,0.012369597639608577,0.007547687157057226,0.18006387972807927,0.10930601879954338,79.31522178649902,39.71718999184668
2312,0.0002609127092580986,1.5938933302095393e-05,1.5938933302095393e-05,0.0,0.0,0.11926796846091747,0.012375294052775864,0.007550411392003298,0.18016538615853142,0.10934947617352009,79.40467071533203,39.761969341896474
2313,0.00026024227342224334,1.563717614772031e-05,1.563717614772031e-05,0.0,0.0,0.11933430470526218,0.012378735094041674,0.007553426083177328,0.18019983859841537,0.10939332097768784,79.43504524230957,39.777189773507416
2314,0.0002595726385212477,1.5699902633059537e-05,1.5699902633059537e-05,0.0,0.0,0.11926106177270412,0.012374935696816285,0.007551521877758205,0.18012041311161706,0.10934418812394142,79.36503601074219,39.742148536257446
2315,0.0002589038052894484,1.564752597005281e-05,1.564752597005281e-05,0.0,0.0,0.11931603029370308,0.01237778711754142,0.007553895586170256,0.1802294142172248,0.10940880887210369,79.46112251281738,39.79021927155554
2316,0.00025823577446030345,1.5392630302812904e-05,1.5392630302812904e-05,0.0,0.0,0.11931533180177212,0.01237775126023889,0.007551826303824782,0.18019652828697025,0.1093737967312336,79.43212509155273,39.77572021167725
2317,0.0002575685467663904,1.5033728004709701e-05,1.5033728004709701e-05,0.0,0.0,0.11929166875779629,0.012376523084915835,0.0075516977813094854,0.18015127351310994,0.1093695554882288,79.39223098754883,39.75576132815331
2318,0.0002569021229394063,1.4972222516007605e-05,1.4972222516007605e-05,0.0,0.0,0.11929343082010746,0.01237661464748141,0.007552188006229699,0.18015745116244478,0.10936108231544495,79.39767837524414,39.758485903032124
2319,0.0002562365037101664,1.4796394680161029e-05,1.4796394680161029e-05,0.0,0.0,0.11927776038646698,0.012375801877431949,0.007551915943622589,0.18017143926583506,0.10937049984931946,79.41000747680664,39.764642618596554
2320,0.000255571689808604,1.5013155916676624e-05,1.5013155916676624e-05,0.0,0.0,0.11927089840173721,0.01237544588791763,0.007551073795184493,0.18014016096541902,0.10935852490365505,79.38243103027344,39.75085096433759
2321,0.00025490768196376857,1.5080772982400958e-05,1.5080772982400958e-05,0.0,0.0,0.1192914079874754,0.012376510004494027,0.0075519176898524165,0.18015825501671964,0.10936462506651878,79.39838600158691,39.758838704787195
2322,0.00025424448090382706,1.530490635559545e-05,1.530490635559545e-05,0.0,0.0,0.11928766779601574,0.012376315854135938,0.0075515571516007185,0.18018760745719806,0.10937001556158066,79.42425918579102,39.771773426793516
2323,0.00025358208735605975,1.4968970162954065e-05,1.4968970162954065e-05,0.0,0.0,0.1192699670791626,0.012375397530170489,0.0075509228045120835,0.18015161729581494,0.10935457795858383,79.39253616333008,39.75590306520462
2324,0.00025292050204686297,1.481198478359147e-05,1.481198478359147e-05,0.0,0.0,0.11930779367685318,0.01237735990923679,0.007552583469077945,0.18018502829375094,0.10938908718526363,79.42199325561523,39.770650524646044
2325,0.000252259725701746,1.4411330994335003e-05,1.4411330994335003e-05,0.0,0.0,0.11928774602711201,0.012376320410310957,0.0075524786952883005,0.18016816203230215,0.109370868653059,79.40711784362793,39.76320279482752
2326,0.00025159975904533123,1.4615465488532209e-05,1.4615465488532209e-05,0.0,0.0,0.11929507181048393,0.01237670018364819,0.007551296264864504,0.18017465441178268,0.10936902277171612,79.41284370422363,39.76606938801706
2327,0.00025094060280135246,1.4547396631314768e-05,1.4547396631314768e-05,0.0,0.0,0.11928513273596764,0.01237618475315558,0.0075511757750064135,0.18016292298705397,0.10937144421041012,79.40249633789062,39.760890735313296
2328,0.00025028225769265644,1.43515144372941e-05,1.43515144372941e-05,0.0,0.0,0.11926305294036865,0.012375038736241666,0.007550910930149257,0.18019173714303197,0.10938112810254097,79.42790222167969,39.77358263731003
2329,0.000249624724441198,1.4327697954286123e-05,1.4327697954286123e-05,0.0,0.0,0.11932390369474888,0.012378195501375767,0.0075536653166636825,0.18020838672484635,0.10940560325980186,79.44258117675781,39.78095254022628
2330,0.00024896800376804395,1.459881946175301e-05,1.459881946175301e-05,0.0,0.0,0.11930653266608715,0.012377294511411329,0.007553115836344659,0.18018449850109755,0.10939445905387402,79.42151260375977,39.770409568212926
2331,0.0002483120963933686,1.4540534721163567e-05,1.4540534721163567e-05,0.0,0.0,0.11927498504519463,0.01237565827760906,0.007551349815912545,0.1801438342048531,0.10936014726758003,79.38566970825195,39.752472346648574
2332,0.0002476570030364548,1.4461848195423954e-05,1.4461848195423954e-05,0.0,0.0,0.11927780695259571,0.012375804229104025,0.007551257964223623,0.180174233137887,0.10937611572444439,79.41246604919434,39.765871928073466
2333,0.000247002724415693,1.4466971606452717e-05,1.4466971606452717e-05,0.0,0.0,0.11927519179880619,0.012375668860252676,0.007551441667601466,0.18016170043508511,0.10937361419200897,79.40141868591309,39.760346938855946
2334,0.00024634926124857955,1.4271327017922886e-05,1.4271327017922886e-05,0.0,0.0,0.11928337439894676,0.012376093334385557,0.007551518618129194,0.1801710903518512,0.10936933755874634,79.40970230102539,39.76449283771217
2335,0.00024569661425171704,1.4127228268989711e-05,1.4127228268989711e-05,0.0,0.0,0.11926406808197498,0.012375091799006224,0.00755180383566767,0.18013675908081306,0.10935821384191513,79.37944030761719,39.74935218784958
2336,0.00024504478414081346,1.4306777075034915e-05,1.4306777075034915e-05,0.0,0.0,0.11930584348738194,0.012377258652681702,0.0075529629830271006,0.18023492519524525,0.10942352935671806,79.46597862243652,39.79264223296195
2337,0.0002443937716306795,1.4255937912821537e-05,1.4255937912821537e-05,0.0,0.0,0.1192824225872755,0.012376043362425175,0.00755191792268306,0.18016234143588347,0.10937919653952122,79.40198516845703,39.76063379552215
2338,0.00024374357743523097,1.4301402643468464e-05,1.4301402643468464e-05,0.0,0.0,0.11925742402672768,0.01237474696046548,0.007550864247605205,0.1801944945213661,0.10938428901135921,79.43033218383789,39.77479480393231
2339,0.00024309420226748533,1.4184527572069783e-05,1.4184527572069783e-05,0.0,0.0,0.11929217353463173,0.01237654939268862,0.007551816175691783,0.18019293881731527,0.10939105041325092,79.42895698547363,39.77412457950413
2340,0.00024244564683956188,1.412957954016747e-05,1.412957954016747e-05,0.0,0.0,0.11932935193181038,0.012378478232056803,0.007553277537226677,0.1801949803531016,0.10940060205757618,79.43076133728027,39.77504534460604
2341,0.0002417979118626811,1.4022356481291354e-05,1.4022356481291354e-05,0.0,0.0,0.1192811168730259,0.012375976340890936,0.007551647140644491,0.18017632140618797,0.1093777734786272,79.41431045532227,39.766795786097646
2342,0.00024115099804716448,1.3896565178583842e-05,1.3896565178583842e-05,0.0,0.0,0.11928677745163441,0.012376269851371614,0.00755201606079936,0.18015826277092348,0.1093725860118866,79.39839363098145,39.75884020421654
2343,0.00024050490610243137,1.385712334922573e-05,1.385712334922573e-05,0.0,0.0,0.11929084919393063,0.012376480904180191,0.007552085793577135,0.18019666524875902,0.10940399207174778,79.43224716186523,39.77576900552958
2344,0.0002398596367370018,1.3857525800631265e-05,1.3857525800631265e-05,0.0,0.0,0.11929537542164326,0.012376716056273905,0.007552882190793753,0.18018540819288972,0.10938961990177631,79.42231750488281,39.77080644015223
2345,0.00023921519065849169,1.4097932762524579e-05,1.4097932762524579e-05,0.0,0.0,0.11930502019822598,0.012377216180527381,0.007553655421361327,0.18019849484153896,0.10941428318619728,79.43385887145996,39.77658194582909
2346,0.00023857156857361606,1.442451070943207e-05,1.442451070943207e-05,0.0,0.0,0.1192828044295311,0.012376064086115586,0.007551869610324502,0.18016175988283575,0.10936947725713253,79.40147399902344,39.760378401726484
2347,0.00023792877118818502,1.3950685342933866e-05,1.3950685342933866e-05,0.0,0.0,0.1193087138235569,0.012377407524514801,0.007552270777523518,0.18021752098859045,0.10940339602530003,79.45063400268555,39.78497135825455
2348,0.00023728679920710487,1.4179600384522928e-05,1.4179600384522928e-05,0.0,0.0,0.11928917653858662,0.012376394337690584,0.007552661118097603,0.1802043711198228,0.10940214805305004,79.43904113769531,39.77916515711695
2349,0.0002366456533343763,1.4239039501262596e-05,1.4239039501262596e-05,0.0,0.0,0.11930712312459946,0.012377325226388118,0.0075523643754422665,0.18017541683749433,0.1093924343585968,79.41351509094238,39.76641110703349
2350,0.0002360053342730951,1.38408970542514e-05,1.38408970542514e-05,0.0,0.0,0.11930355615913868,0.012377139906638687,0.007552868104539812,0.18017043129026028,0.10938238725066185,79.40911483764648,39.76420919690281
2351,0.0002353658427254487,1.3845080275132204e-05,1.3845080275132204e-05,0.0,0.0,0.11930622532963753,0.012377278786489405,0.007552213734015822,0.18019379161355795,0.1093940008431673,79.42971420288086,39.77451021410525
2352,0.00023472717939271867,1.3632624586534803e-05,1.3632624586534803e-05,0.0,0.0,0.11926284059882164,0.01237502771209306,0.0075513876508921385,0.18015734518781942,0.10936996527016163,79.39758491516113,39.75842387787998
2353,0.00023408934497527734,1.3910414509155089e-05,1.3910414509155089e-05,0.0,0.0,0.11929862946271896,0.01237688448121502,0.00755206448957324,0.18017073626808044,0.10937657207250595,79.40938758850098,39.76434310898185
2354,0.0002334523401725885,1.3783910844722413e-05,1.3783910844722413e-05,0.0,0.0,0.1192989107221365,0.012376899177872538,0.007552813272923231,0.18017511445208964,0.10939072631299496,79.41324806213379,39.76627348642796
2355,0.00023281616568320593,1.371067173749907e-05,1.371067173749907e-05,0.0,0.0,0.11930261179804802,0.012377091261581728,0.007552080904133618,0.18017917464454186,0.10939727537333965,79.41682624816895,39.7680644299835
2356,0.00023218082220477298,1.3666407767232158e-05,1.3666407767232158e-05,0.0,0.0,0.11927268467843533,0.012375538487331606,0.007551105227321386,0.18018700272679722,0.10938139259815216,79.4237232208252,39.771497952751815
2357,0.0002315463104340215,1.3707923699257663e-05,1.3707923699257663e-05,0.0,0.0,0.11931668594479561,0.012377821064318178,0.007553003611974418,0.18020890869524694,0.10940711200237274,79.44303512573242,39.78117590583861
2358,0.0002309126310667718,1.364862055197591e-05,1.364862055197591e-05,0.0,0.0,0.11930838972330093,0.012377390624051292,0.007552595576271415,0.18020378711833157,0.10940646193921566,79.43852424621582,39.77891631796956
2359,0.00023027978479793086,1.3496825204128982e-05,1.3496825204128982e-05,0.0,0.0,0.11932973563671112,0.012378498069985837,0.007553863106295466,0.180243153885344,0.10942607186734676,79.47323799133301,39.79628386348486
2360,0.0002296477723214921,1.3635701179737225e-05,1.3635701179737225e-05,0.0,0.0,0.11928831599652767,0.012376349657975174,0.007552488939836621,0.180201011793341,0.10940813831984997,79.43607521057129,39.77768176328391
2361,0.0002290165943305349,1.3629558679895126e-05,1.3629558679895126e-05,0.0,0.0,0.11929283849895,0.01237658363680071,0.007552545517683029,0.18018622225977574,0.10938911326229572,79.42303848266602,39.77116566058248
2362,0.00022838625151722308,1.3691320873476798e-05,1.3691320873476798e-05,0.0,0.0,0.11936760321259499,0.012380462014536398,0.0075549413450062275,0.18024876778078247,0.10943695902824402,79.47818565368652,39.79877662844956
2363,0.00022775674457280474,1.4033297475180007e-05,1.4033297475180007e-05,0.0,0.0,0.11929811537265778,0.012376857880220533,0.007552220253273845,0.18018842668275187,0.10939143411815166,79.42498397827148,39.77214104682207
2364,0.0002271280741876119,1.3968925713925273e-05,1.3968925713925273e-05,0.0,0.0,0.11930264160037041,0.012377092584259522,0.007552667870186269,0.18021286993619165,0.10940577834844589,79.44653129577637,39.78291696868837
2365,0.00022650024105105843,1.4222697927834815e-05,1.4222697927834815e-05,0.0,0.0,0.11928129568696022,0.012375985159534598,0.007552090450190008,0.1802090146395496,0.10940469801425934,79.44313049316406,39.78120589442551
2366,0.00022587324585164029,1.3889309002479422e-05,1.3889309002479422e-05,0.0,0.0,0.11934206075966358,0.012379137275127614,0.007554199313744903,0.18023126931443548,0.10942862369120121,79.46275329589844,39.79104767832905
2367,0.00022524708927693462,1.3839686289429665e-05,1.3839686289429665e-05,0.0,0.0,0.11929121613502502,0.012376500010454565,0.007552882423624396,0.18017951578958183,0.10938864573836327,79.41712951660156,39.768210366368294
2368,0.00022462177201359898,1.400888368152664e-05,1.400888368152664e-05,0.0,0.0,0.1193050928413868,0.012377219707632251,0.007552629918791354,0.18017983108972624,0.10939939320087433,79.41740226745605,39.76835368014872
2369,0.00022399729474737037,1.4201208387021325e-05,1.4201208387021325e-05,0.0,0.0,0.11931204050779343,0.01237758034879971,0.0075534547213464975,0.180188744551601,0.10940607450902462,79.42526245117188,39.772287245839834
2370,0.00022337365816306432,1.3852067013431224e-05,1.3852067013431224e-05,0.0,0.0,0.11930577456951141,0.012377254831663404,0.007552075898274779,0.1802002804855065,0.10939204134047031,79.4354362487793,39.777371011674404
2371,0.0002227508629445754,1.4228779718905571e-05,1.4228779718905571e-05,0.0,0.0,0.11931901797652245,0.01237794200813839,0.007553759263828397,0.1802335455287966,0.10942497663199902,79.46476173400879,39.792040375992656
2372,0.00022212890977487483,1.4060701232665451e-05,1.4060701232665451e-05,0.0,0.0,0.11929792165756226,0.012376847886461975,0.007552809547632933,0.18017269535058236,0.10939512215554714,79.41111373901367,39.76520583033562
2373,0.00022150779933601022,1.3797724932373967e-05,1.3797724932373967e-05,0.0,0.0,0.11931530572474003,0.012377749496762316,0.0075525486608967185,0.18021042808562918,0.10940793715417385,79.44437789916992,39.78184660244733
2374,0.00022088753230910555,1.3570535202234169e-05,1.3570535202234169e-05,0.0,0.0,0.11925741657614708,0.012374746519489329,0.007551838411018252,0.18015131745529678,0.10937969386577606,79.39226531982422,39.75576136820018
2375,0.00022026810937435948,1.3565072094934294e-05,1.3565072094934294e-05,0.0,0.0,0.11932128295302391,0.012378059570865003,0.007553055533207953,0.18027147475937869,0.10943130403757095,79.49820899963379,39.80876514129341
2376,0.0002196495312110452,1.3512948726202012e-05,1.3512948726202012e-05,0.0,0.0,0.11927694454789162,0.01237575969423819,0.007552075549028814,0.18014702399452143,0.10937678627669811,79.38849067687988,39.75388381071389
2377,0.00021903179849750999,1.3344824310479453e-05,1.3344824310479453e-05,0.0,0.0,0.11932262219488621,0.012378129373205633,0.007553821196779609,0.18023752948065744,0.10943355411291122,79.4682731628418,39.79379789251834
2378,0.00021841491191117277,1.3395286032391596e-05,1.3395286032391596e-05,0.0,0.0,0.11932182125747204,0.01237808749184849,0.007553435629233718,0.18018459670668263,0.10939776338636875,79.4216079711914,39.77046489622444
2379,0.00021779887212852581,1.3291263712744694e-05,1.3291263712744694e-05,0.0,0.0,0.11932987160980701,0.012378504829569207,0.0075535307405516505,0.18024227807088714,0.10942582041025162,79.47246170043945,39.79589578602463
2380,0.0002171836798251323,1.3438702353596454e-05,1.3438702353596454e-05,0.0,0.0,0.11928144469857216,0.012375992802354022,0.007552858325652778,0.18019140894242586,0.10939880274236202,79.42760848999023,39.7734449673444
2381,0.00021656933567562576,1.3668651263287757e-05,1.3668651263287757e-05,0.0,0.0,0.11932823248207569,0.012378420040614896,0.007553643430583179,0.18021664246566596,0.10941851884126663,79.44985580444336,39.78459201846272
2382,0.00021595584035370973,1.338215020041389e-05,1.338215020041389e-05,0.0,0.0,0.11931976862251759,0.012377981097868898,0.007553957519121468,0.18024248216962171,0.10944075137376785,79.47264289855957,39.795981333591044
2383,0.00021534319453215785,1.3407864798864466e-05,1.3407864798864466e-05,0.0,0.0,0.11931932903826237,0.012377958320033423,0.00755403155926615,0.18021167873068558,0.10941954329609871,79.44548034667969,39.782399837858975
2384,0.00021473139888281037,1.334408193542913e-05,1.334408193542913e-05,0.0,0.0,0.11932902038097382,0.012378461186107201,0.007553516305051744,0.18023034435191776,0.109420545399189,79.46194076538086,39.79063489288092
2385,0.00021412045407657695,1.3337896916709724e-05,1.3337896916709724e-05,0.0,0.0,0.11931189149618149,0.012377572560002062,0.007553733303211629,0.18021195779905919,0.10940787009894848,79.44572830200195,39.78252009674907
2386,0.00021351036078343317,1.3339120187083608e-05,1.3339120187083608e-05,0.0,0.0,0.11932287365198135,0.01237814201106101,0.007554108393378556,0.18021530400191882,0.10942134633660316,79.44867324829102,39.7839980609715
2387,0.0002129011196724212,1.3408583981799893e-05,1.3408583981799893e-05,0.0,0.0,0.11934125423431396,0.01237909554412085,0.007554143900051713,0.18024036366517687,0.1094304509460926,79.47077369689941,39.795057475566864
2388,0.0002122927314116487,1.3307123253980535e-05,1.3307123253980535e-05,0.0,0.0,0.11929584294557571,0.012376739865174312,0.007552343653514981,0.18020206611177983,0.10940663330256939,79.43700408935547,39.77814996615052
2389,0.00021168519666828786,1.3366045777729596e-05,1.3366045777729596e-05,0.0,0.0,0.11934172362089157,0.012379119789265142,0.007554007461294532,0.1802367233963367,0.10942298173904419,79.46756744384766,39.793454583734274
2390,0.00021107851610857478,1.3519037111109355e-05,1.3519037111109355e-05,0.0,0.0,0.11931516975164413,0.01237774273676645,0.007553339935839176,0.1802495867283656,0.10944036953151226,79.47890663146973,39.799110900610685
2391,0.00021047269039780984,1.3292562471178826e-05,1.3292562471178826e-05,0.0,0.0,0.11934424191713333,0.012379250418346636,0.00755459233187139,0.1802625059737666,0.1094436701387167,79.49030113220215,39.80482268705964
2392,0.00020986772020035435,1.3170623788028024e-05,1.3170623788028024e-05,0.0,0.0,0.11930405162274837,0.012377165625247129,0.007553152972832322,0.18023798419329926,0.1094244197010994,79.46867752075195,39.79399078618735
2393,0.00020926360617963286,1.3319585605131579e-05,1.3319585605131579e-05,0.0,0.0,0.11933408118784428,0.012378723632350468,0.00755399907939136,0.18023587080322817,0.10942896269261837,79.4668140411377,39.79307406116277
2394,0.00020866034899813025,1.3248515870145638e-05,1.3248515870145638e-05,0.0,0.0,0.1193342562764883,0.01237873230209223,0.007554064271971583,0.1802201772024424,0.1094273217022419,79.45297622680664,39.786155241541564
2395,0.00020805794931739216,1.311118694502511e-05,1.311118694502511e-05,0.0,0.0,0.11930529773235321,0.012377230435903386,0.007553217699751258,0.18022639641383514,0.10942228510975838,79.45845794677734,39.78888162225485
2396,0.00020745640779802323,1.3100558817313868e-05,1.3100558817313868e-05,0.0,0.0,0.11933852545917034,0.012378954039695012,0.007554099545814097,0.18022710694572242,0.10942143388092518,79.4590835571289,39.78921104129404
2397,0.0002068557250996884,1.3051516361883841e-05,1.3051516361883841e-05,0.0,0.0,0.11932449042797089,0.012378226067166133,0.007553880219347775,0.1802316181119177,0.10943135432898998,79.46306037902832,39.791192434728146
2398,0.00020625590188110877,1.3056098396191373e-05,1.3056098396191373e-05,0.0,0.0,0.11931543610990047,0.012377756403710798,0.007553404895588756,0.1802112833830832,0.10941432788968086,79.44513130187988,39.78222336899489
2399,0.00020565693880006484,1.2971025171282236e-05,1.2971025171282236e-05,0.0,0.0,0.1193002350628376,0.012376967957997776,0.0075527800945565104,0.18021020844665508,0.10941528715193272,79.44418716430664,39.78174369968474
2400,0.00020505883651339294,1.2899120974907419e-05,1.2899120974907419e-05,0.0,0.0,0.11934212408959866,0.012379140507805366,0.0075541994301602244,0.18022099369611,0.10942986980080605,79.45369911193848,39.78652061801404
2401,0.0002044615956769854,1.287670124838769e-05,1.287670124838769e-05,0.0,0.0,0.11931940354406834,0.01237796199388069,0.0075534573988988996,0.18021854420400968,0.10941691510379314,79.45153045654297,39.78542493004352
2402,0.00020386521694579007,1.28872741242958e-05,1.28872741242958e-05,0.0,0.0,0.11929932422935963,0.012376920634961175,0.007553250761702657,0.1802079086813214,0.1094178594648838,79.44215774536133,39.780728534795344
2403,0.0002032697009738094,1.2961715128767537e-05,1.2961715128767537e-05,0.0,0.0,0.11934194527566433,0.01237913125058955,0.007554203737527132,0.18021057537279125,0.10941868461668491,79.44450759887695,39.78192477207631
2404,0.00020267504841409942,1.3033231653025723e-05,1.3033231653025723e-05,0.0,0.0,0.11932034976780415,0.012378011370282141,0.0075529832392930984,0.18023265416564382,0.10942985676229,79.46397399902344,39.79164717439562
2405,0.0002020812599187699,1.3310788290255005e-05,1.3310788290255005e-05,0.0,0.0,0.11929591931402683,0.012376744127256587,0.00755305215716362,0.18022910417126042,0.10943095572292805,79.46084594726562,39.790070933289826
2406,0.0002014883361389827,1.3197059615777107e-05,1.3197059615777107e-05,0.0,0.0,0.11931872181594372,0.012377926724901917,0.007553737028501928,0.1802243164771177,0.10942859388887882,79.45662117004395,39.787969945929945
2407,0.00020089627772495132,1.3041198599239578e-05,1.3041198599239578e-05,0.0,0.0,0.11934042535722256,0.012379052343564245,0.0075542881386354566,0.1802192883570293,0.10943187400698662,79.45218849182129,39.785764458589256
2408,0.00020030508532594055,1.2941267186761252e-05,1.2941267186761252e-05,0.0,0.0,0.11931147240102291,0.012377550663167319,0.007553249015472829,0.18022602435238397,0.1094261184334755,79.45813369750977,39.788722584955394
2409,0.00019971475959026512,1.2822003327528364e-05,1.2822003327528364e-05,0.0,0.0,0.11933787167072296,0.012378919949082724,0.007554270210675895,0.18028689527442576,0.10945447534322739,79.51181030273438,39.81557408720255
2410,0.00019912530116528973,1.2869787724412163e-05,1.2869787724412163e-05,0.0,0.0,0.11934976279735565,0.012379537092185153,0.0075546009466052055,0.18021636857234907,0.10943305306136608,79.44961357116699,39.784481666982174
2411,0.00019853671069742764,1.2827999171349802e-05,1.2827999171349802e-05,0.0,0.0,0.11934401281177998,0.012379238222438988,0.007553866948001087,0.18023777492228274,0.1094287745654583,79.46849250793457,39.793918260373175
2412,0.00019794898883214077,1.3057609294264694e-05,1.3057609294264694e-05,0.0,0.0,0.1193116120994091,0.012377557864144094,0.007554177776910365,0.18022454126646645,0.10943133756518364,79.45681762695312,39.78806461952627
2413,0.00019736213621393805,1.3222293318904121e-05,1.3222293318904121e-05,0.0,0.0,0.1193541269749403,0.012379763223348503,0.007555653573945165,0.18026266613456562,0.1094500981271267,79.49043846130371,39.804896294139326
2414,0.00019677615348637532,1.3062994639767567e-05,1.3062994639767567e-05,0.0,0.0,0.11936063505709171,0.012380100428814558,0.007556557189673185,0.1802892198607807,0.10947717353701591,79.51386260986328,39.81661162246019
2415,0.00019619104129205454,1.3163281892047962e-05,1.3163281892047962e-05,0.0,0.0,0.11932835727930069,0.012378426359395818,0.007554349489510059,0.18023789635117377,0.10943879559636116,79.46859741210938,39.79396288469434
2416,0.00019560680027262277,1.2885887372249272e-05,1.2885887372249272e-05,0.0,0.0,0.11935999430716038,0.012380067222932353,0.0075545915169641376,0.180281525365355,0.10945411212742329,79.5070743560791,39.81321717519313
2417,0.000195023431068772,1.306849526372389e-05,1.306849526372389e-05,0.0,0.0,0.11934656649827957,0.012379370760453796,0.007554918178357184,0.18023729954030526,0.10942819342017174,79.46807479858398,39.79371068254113
2418,0.0001944409343202383,1.3041849342698697e-05,1.3041849342698697e-05,0.0,0.0,0.11935450881719589,0.012379782618421644,0.007556325988844037,0.18027941248571092,0.1094681303948164,79.50521087646484,39.81228269264102
2419,0.00019385931066580065,1.350525803900382e-05,1.350525803900382e-05,0.0,0.0,0.11938631348311901,0.012381432116982343,0.00755696021951735,0.1802888634261518,0.10948109813034534,79.51355171203613,39.816469012759626
2420,0.00019327856074328076,1.3660717968377867e-05,1.3660717968377867e-05,0.0,0.0,0.11933287791907787,0.012378660886750284,0.007555846241302788,0.18024414853671958,0.10944080725312233,79.47411155700684,39.79672221746296
2421,0.00019269868518954208,1.3989160606797668e-05,1.3989160606797668e-05,0.0,0.0,0.11937435530126095,0.012380812129940263,0.00755612354259938,0.1802670782502987,0.10947043634951115,79.49433135986328,39.80685285758227
2422,0.0001921196846404892,1.356455481982266e-05,1.356455481982266e-05,0.0,0.0,0.11932340636849403,0.01237816949100433,0.007553372881375253,0.18022084900129937,0.1094200573861599,79.45356750488281,39.78644545562565
2423,0.00019154155973106698,1.3524104588213959e-05,1.3524104588213959e-05,0.0,0.0,0.11935313791036606,0.012379712237670391,0.007555694901384413,0.18026633171137435,0.10946294479072094,79.49367332458496,39.80651323124766
2424,0.000190964311095261,1.3570560213338467e-05,1.3570560213338467e-05,0.0,0.0,0.11936233751475811,0.012380189026374156,0.00755537289660424,0.18024889178570286,0.10945076867938042,79.47829055786133,39.79882644768804
2425,0.00019038793936609422,1.3452236999000888e-05,1.3452236999000888e-05,0.0,0.0,0.11936215497553349,0.012380179329159729,0.007554759387858212,0.18028297698714116,0.10946720466017723,79.50835609436035,39.81385912466794
2426,0.00018981244517562968,1.3201941783336224e-05,1.3201941783336224e-05,0.0,0.0,0.11932270787656307,0.012378133487857637,0.007554092677310109,0.1802252182166048,0.10942800343036652,79.45742416381836,39.78837343584746
2427,0.000189237829154967,1.3239203553894185e-05,1.3239203553894185e-05,0.0,0.0,0.11931161768734455,0.012377558158061424,0.007553145755082369,0.1802026682075328,0.10941534489393234,79.43753623962402,39.778423928655684
2428,0.00018866409193424316,1.3159385389371892e-05,1.3159385389371892e-05,0.0,0.0,0.11933309212327003,0.01237867220155415,0.007554214564152062,0.18025078026676075,0.10943423956632614,79.47996139526367,39.79964724369347
2429,0.00018809123414263116,1.3070736031295382e-05,1.3070736031295382e-05,0.0,0.0,0.11932701244950294,0.012378356705679097,0.007554044248536229,0.18023215034973786,0.10943384654819965,79.46353340148926,39.79143020696938
2430,0.0001875192564083405,1.3039382793067489e-05,1.3039382793067489e-05,0.0,0.0,0.11932561919093132,0.012378284259519926,0.007554018287919462,0.18021538410331076,0.10942289978265762,79.44875526428223,39.78404044173658
2431,0.00018694815935861375,1.2788716503564501e-05,1.2788716503564501e-05,0.0,0.0,0.11933806166052818,0.012378929941168466,0.007554876967333257,0.18026171550064204,0.10947070084512234,79.48960494995117,39.80447150580585
2432,0.00018637794361973004,1.264727961824974e-05,1.264727961824974e-05,0.0,0.0,0.11932647228240967,0.012378328638353342,0.007553719449788332,0.18021096038603227,0.10940869338810444,79.4448471069336,39.782086789608
2433,0.00018580860981699983,1.2631018762476742e-05,1.2631018762476742e-05,0.0,0.0,0.11934859678149223,0.012379476260874767,0.007554508396424353,0.18024153659632425,0.10943986847996712,79.47180938720703,39.79557899199426
2434,0.00018524015857476815,1.2592634902830468e-05,1.2592634902830468e-05,0.0,0.0,0.11935493536293507,0.01237980495210459,0.0075547617161646485,0.1802294426380782,0.10943091288208961,79.46114540100098,39.790250168181956
2435,0.00018467259051641114,1.273275643143279e-05,1.273275643143279e-05,0.0,0.0,0.11930330097675323,0.012377126826868751,0.007553525269031525,0.18021802484539412,0.10942147485911846,79.45107460021973,39.78518895059824
2436,0.0001841059062643369,1.2658019841182977e-05,1.2658019841182977e-05,0.0,0.0,0.119359215721488,0.01238002725821266,0.0075551115442067385,0.18029018326389612,0.10947294905781746,79.51470947265625,39.81703434418887
2437,0.00018354010643998394,1.243338579115516e-05,1.243338579115516e-05,0.0,0.0,0.11936415731906891,0.012380282912648354,0.007555291173048317,0.18024970039902946,0.10946503654122353,79.4790153503418,39.79918975383043
2438,0.00018297519166382185,1.2378329074635985e-05,1.2378329074635985e-05,0.0,0.0,0.11932160146534443,0.012378076323462653,0.007553855772130191,0.1802330313807335,0.10942569747567177,79.46430969238281,39.79181564692408
2439,0.00018241116255534798,1.2467169426599867e-05,1.2467169426599867e-05,0.0,0.0,0.11931312084197998,0.01237763633982346,0.007553351577371359,0.18023469783520898,0.10942966304719448,79.46578025817871,39.792546689510345
2440,0.00018184801973309013,1.2674857998717926e-05,1.2674857998717926e-05,0.0,0.0,0.1193408016115427,0.012379071886691859,0.007554178009741008,0.18025000782614756,0.10944778844714165,79.47928237915039,39.79931159038097
2441,0.00018128576381460314,1.2516919468907872e-05,1.2516919468907872e-05,0.0,0.0,0.11935505457222462,0.012379811123246721,0.007556676515378058,0.18029833969845613,0.10947885178029537,79.52190780639648,39.820631430484354
2442,0.00018072439541646964,1.3147767958798795e-05,1.3147767958798795e-05,0.0,0.0,0.11936776712536812,0.012380470536136721,0.007555655320174992,0.18024410203366067,0.10945230722427368,79.47406959533691,39.79671868123114
2443,0.00018016391515429864,1.333548652837635e-05,1.333548652837635e-05,0.0,0.0,0.11932259984314442,0.012378127756734828,0.007553737377747893,0.18024932580225247,0.10943689942359924,79.47867774963379,39.79900017473847
2444,0.00017960432364272632,1.3291663208292448e-05,1.3291663208292448e-05,0.0,0.0,0.11935608834028244,0.012379864900212225,0.0075555091025307775,0.1802529683999594,0.10944360122084618,79.48188972473145,39.800622906535864
2445,0.00017904562149541217,1.3058883268968202e-05,1.3058883268968202e-05,0.0,0.0,0.11933092400431633,0.012378559493890412,0.0075543076964095235,0.18024706528793685,0.10945811867713928,79.47668647766113,39.798008700832725
2446,0.00017848780932504265,1.268594314751681e-05,1.268594314751681e-05,0.0,0.0,0.11935965903103352,0.012380049885312449,0.00755543983541429,0.18024436038383598,0.10944821685552597,79.47429656982422,39.796828114427626
2447,0.00017793088774332636,1.2411372608767124e-05,1.2411372608767124e-05,0.0,0.0,0.11934204213321209,0.012379136540428007,0.007554589421488345,0.1802636710111702,0.1094546765089035,79.49133110046387,39.80533657129854
2448,0.0001773748573609967,1.2368553598207654e-05,1.2368553598207654e-05,0.0,0.0,0.11932356841862202,0.012378178161134215,0.007553968578577042,0.18023306755200197,0.10943030565977097,79.4643383026123,39.79183093551546
2449,0.000176819718787809,1.2395180647217785e-05,1.2395180647217785e-05,0.0,0.0,0.11934114992618561,0.0123790901073244,0.007554022246040404,0.1802547638377031,0.10944471135735512,79.48347854614258,39.80140984803438
2450,0.00017626547263254063,1.237458650393819e-05,1.237458650393819e-05,0.0,0.0,0.11936372518539429,0.012380261020607382,0.0075553624192252755,0.18025605550847226,0.10945328883826733,79.4846134185791,39.80198857188225
2451,0.00017571211950299042,1.234318369824905e-05,1.234318369824905e-05,0.0,0.0,0.11933746375143528,0.012378898789345116,0.007553948205895722,0.180237498477481,0.1094296183437109,79.46824645996094,39.793791961856186
2452,0.00017515966000597856,1.228102019013022e-05,1.228102019013022e-05,0.0,0.0,0.11932959780097008,0.012378491163451187,0.007554216776043177,0.1802461197386825,0.10945059917867184,79.4758472442627,39.79758842103183
2453,0.00017460809474734363,1.2180581961729331e-05,1.2180581961729331e-05,0.0,0.0,0.11933821439743042,0.012378938022996621,0.007554727490060031,0.18024867219359808,0.10944825783371925,79.47809791564941,39.79871806502342
2454,0.00017405742433194526,1.2070274124198477e-05,1.2070274124198477e-05,0.0,0.0,0.11935513280332088,0.012379815384271634,0.007554720621556044,0.18027498775654593,0.10945754125714302,79.50130844116211,39.810331786982715
2455,0.00017350764936366092,1.2049237284372794e-05,1.2049237284372794e-05,0.0,0.0,0.11932525783777237,0.012378266037701188,0.007554245879873633,0.18025689767282904,0.10944994352757931,79.48534965515137,39.80233745649457
2456,0.00017295877044538617,1.208431081067829e-05,1.208431081067829e-05,0.0,0.0,0.11935093812644482,0.012379597923196624,0.007555030402727425,0.1802569002561492,0.10945500619709492,79.4853572845459,39.80235411133617
2457,0.00017241078817903415,1.1969724710070295e-05,1.1969724710070295e-05,0.0,0.0,0.11934078298509121,0.012379071298929073,0.007554684649221599,0.18025907539861385,0.10945459641516209,79.48727798461914,39.803309383802116
2458,0.00017186370316553444,1.2091040844097733e-05,1.2091040844097733e-05,0.0,0.0,0.11932207085192204,0.012378100276698854,0.007554416311904788,0.18026029470689983,0.10945767536759377,79.48835563659668,39.8038388537243
2459,0.00017131751600483292,1.2070557431798079e-05,1.2070557431798079e-05,0.0,0.0,0.11936110444366932,0.012380124818919088,0.007555552641861141,0.18025763908420545,0.10945857129991055,79.48600769042969,39.80268439743668
2460,0.0001707722272958909,1.2133265499869594e-05,1.2133265499869594e-05,0.0,0.0,0.11933826096355915,0.0123789400801884,0.007554210373200476,0.1802527203956423,0.10945084691047668,79.48166847229004,39.8005033666268
2461,0.0001702278376366843,1.2168652801847202e-05,1.2168652801847202e-05,0.0,0.0,0.1193158682435751,0.012377778741049719,0.00755395507439971,0.1802247918933408,0.1094285286962986,79.45704078674316,39.78817832749337
2462,0.00016968434762420305,1.2206898873046157e-05,1.2206898873046157e-05,0.0,0.0,0.11937028542160988,0.012380601150966336,0.007555905380286276,0.18029784897976656,0.10948169231414795,79.52147674560547,39.82042351551354
2463,0.0001691417578544505,1.2157857099737157e-05,1.2157857099737157e-05,0.0,0.0,0.11932293698191643,0.012378145537902067,0.007554427022114396,0.1802272723054689,0.10944095812737942,79.45923042297363,39.789276679977775
2464,0.00016860006892244298,1.2113948287151288e-05,1.2113948287151288e-05,0.0,0.0,0.11934664659202099,0.012379375168567379,0.0075547267915681005,0.180254471918827,0.10944547317922115,79.48321723937988,39.80128194298595
2465,0.0001680592814222087,1.1918788459297502e-05,1.1918788459297502e-05,0.0,0.0,0.11935503035783768,0.012379809947791314,0.007554943556897342,0.18026394224939643,0.10945661924779415,79.49156951904297,39.8054622747004
2466,0.0001675193959467876,1.2008070143565419e-05,1.2008070143565419e-05,0.0,0.0,0.11933894269168377,0.012378975640163693,0.0075549164321273565,0.1802601371272676,0.10946096479892731,79.48821258544922,39.80377576407045
2467,0.00016698041308823035,1.2012590559606906e-05,1.2012590559606906e-05,0.0,0.0,0.11937915347516537,0.012381061303819345,0.007556485245004296,0.1802976113681317,0.1094883494079113,79.52126884460449,39.82032399903983
2468,0.0001664423334375975,1.179580794996582e-05,1.179580794996582e-05,0.0,0.0,0.11935349740087986,0.012379730604293333,0.007555267657153308,0.18027405526911894,0.10946650244295597,79.50048446655273,39.80991898197681
2469,0.0001659051575849596,1.1817166068794904e-05,1.1817166068794904e-05,0.0,0.0,0.1193689163774252,0.012380529893327972,0.0075555292423814535,0.18028486769407656,0.10947081074118614,79.51002502441406,39.814696970395744
2470,0.0001653688861193958,1.1760849247366423e-05,1.1760849247366423e-05,0.0,0.0,0.11933139152824879,0.012378583740084631,0.007554646814242005,0.18026420315435276,0.1094573512673378,79.4917984008789,39.80556489620358
2471,0.0001648335196289933,1.1675636869767914e-05,1.1675636869767914e-05,0.0,0.0,0.11938417889177799,0.012381321344324334,0.007556171738542616,0.1802938741091565,0.10948151350021362,79.51797294616699,39.818678562529385
2472,0.00016429905870084705,1.1643728385024588e-05,1.1643728385024588e-05,0.0,0.0,0.1193443275988102,0.01237925512038011,0.007554971729405224,0.180266274881295,0.1094621904194355,79.49362182617188,39.80648307688534
2473,0.00016376550392105952,1.172306065200246e-05,1.172306065200246e-05,0.0,0.0,0.11935184523463249,0.012379644648263325,0.007555138901807368,0.1802799213355173,0.10946634039282799,79.50566291809082,39.812507381662726
2474,0.00016323285587473862,1.1743496997951297e-05,1.1743496997951297e-05,0.0,0.0,0.11934854090213776,0.01237947332215655,0.007555047748610377,0.18027593573743467,0.10946598276495934,79.50214576721191,39.810747154057026
2475,0.0001627011151459981,1.174970316242252e-05,1.174970316242252e-05,0.0,0.0,0.1193642932921648,0.012380290258962152,0.007556261029094458,0.18028837009879997,0.1094752848148346,79.51311492919922,39.81623961124569
2476,0.0001621702823179571,1.1771679510275135e-05,1.1771679510275135e-05,0.0,0.0,0.11934740655124187,0.012379414547645736,0.007555514574050903,0.18027045184439341,0.10946875065565109,79.497314453125,39.80833092983812
2477,0.00016164035797273875,1.1898622688022442e-05,1.1898622688022442e-05,0.0,0.0,0.1193623524159193,0.012380189761011304,0.007555843680165708,0.18026723065751915,0.10945572331547737,79.49446868896484,39.80691552069038
2478,0.00016111134269146984,1.2129270317018381e-05,1.2129270317018381e-05,0.0,0.0,0.11932612396776676,0.012378310563549665,0.00755398825276643,0.18027566451725352,0.10946151427924633,79.50190544128418,39.81061578262597
2479,0.00016058323705428127,1.1997798537777271e-05,1.1997798537777271e-05,0.0,0.0,0.11936015449464321,0.012380075450946864,0.007555928081274033,0.18027215411637604,0.10947551764547825,79.49881172180176,39.8090859381482
2480,0.00016005604164030476,1.1885291314683855e-05,1.1885291314683855e-05,0.0,0.0,0.1193133220076561,0.012377646626860648,0.007554386625997722,0.1802402990762356,0.10944836400449276,79.47071647644043,39.79501489922404
2481,0.0001595297570276752,1.1835959639938665e-05,1.1835959639938665e-05,0.0,0.0,0.11935657076537609,0.012379890025435712,0.007555032498203218,0.1802428128607517,0.10944600589573383,79.47293090820312,39.79614373948425
2482,0.00015900438379352818,1.1823713293779292e-05,1.1823713293779292e-05,0.0,0.0,0.11934980191290379,0.012379538855407083,0.007555021555162966,0.18026970273630322,0.1094572190195322,79.49664878845215,39.807999295182526
2483,0.0001584799225139997,1.17763556772843e-05,1.17763556772843e-05,0.0,0.0,0.11935488320887089,0.0123798020134644,0.007555418414995074,0.1802629657898719,0.10946673527359962,79.49070739746094,39.805031140334904
2484,0.00015795637376422574,1.1787331686718971e-05,1.1787331686718971e-05,0.0,0.0,0.11935305409133434,0.012379707388877389,0.007554803509265184,0.18028573813582244,0.10946628265082836,79.51079368591309,39.81507337000221
2485,0.00015743373811834228,1.1733539395208936e-05,1.1733539395208936e-05,0.0,0.0,0.11935744062066078,0.012379935133165133,0.0075556207448244095,0.1802614080934908,0.10946029052138329,79.48933410644531,39.80434577353299
2486,0.00015691201614948257,1.174910835288756e-05,1.174910835288756e-05,0.0,0.0,0.11936153657734394,0.012380147151984707,0.007555927615612745,0.18029191634340352,0.1094827763736248,79.51624298095703,39.81780225876719
2487,0.00015639120842977938,1.17239148949011e-05,1.17239148949011e-05,0.0,0.0,0.11935683526098728,0.012379903543078715,0.0075553779024630785,0.18027112862212938,0.10947077721357346,79.49790573120117,39.80863128323108
2488,0.00015587131553036196,1.1819630799436709e-05,1.1819630799436709e-05,0.0,0.0,0.11936315335333347,0.012380231341402774,0.007555708405561745,0.1802908702988981,0.10947478003799915,79.51531600952148,39.81733958143741
2489,0.00015535233802135655,1.1833075404865667e-05,1.1833075404865667e-05,0.0,0.0,0.1193636991083622,0.012380259257488304,0.007555985474027693,0.18027140759847185,0.10948041640222073,79.49814796447754,39.80875583179295
2490,0.00015483427647188587,1.1764662986024632e-05,1.1764662986024632e-05,0.0,0.0,0.11937082186341286,0.012380628772373586,0.007556058932095766,0.18028507691042883,0.10947922617197037,79.51021003723145,39.81479042954743
2491,0.00015431713145006774,1.1694298564179917e-05,1.1694298564179917e-05,0.0,0.0,0.11935165710747242,0.012379635097556484,0.007555861608125269,0.18028932834074526,0.10948249138891697,79.51395606994629,39.81665386352688
2492,0.0001538009035230148,1.168356038760976e-05,1.168356038760976e-05,0.0,0.0,0.1193793322890997,0.01238107011884115,0.007556153926998377,0.18027852909837208,0.10947345197200775,79.50443458557129,39.811906958930194
2493,0.00015328559325683517,1.1647070550679928e-05,1.1647070550679928e-05,0.0,0.0,0.11934903636574745,0.012379499035917285,0.007555211544968188,0.18028375703530145,0.10947104543447495,79.5090446472168,39.81419684179127
2494,0.00015277120121662865,1.1718397445292794e-05,1.1718397445292794e-05,0.0,0.0,0.11937311850488186,0.012380748219558254,0.007555736228823662,0.18027256999525176,0.10946003533899784,79.49917984008789,39.809276479296386
2495,0.00015225772796648992,1.1829456298073637e-05,1.1829456298073637e-05,0.0,0.0,0.11932862363755703,0.012378440319481767,0.007554576848633587,0.18026642987237831,0.1094678696244955,79.49376106262207,39.806544843129814
2496,0.00015174517406950513,1.181940024252981e-05,1.181940024252981e-05,0.0,0.0,0.11937175504863262,0.012380677109687993,0.0075559348333626986,0.18029562006701333,0.10948205180466175,79.51951026916504,39.819441012106836
2497,0.00015123354008775248,1.1726849152182695e-05,1.1726849152182695e-05,0.0,0.0,0.11937814578413963,0.012381008707392133,0.007555789430625737,0.1803020458727922,0.10947275534272194,79.52517700195312,39.82227757386863
2498,0.00015072282658230108,1.1841966397696524e-05,1.1841966397696524e-05,0.0,0.0,0.119369151070714,0.012380542087963213,0.007556044613011181,0.18028662665362621,0.10947367921471596,79.5115737915039,39.81547147128731
2499,0.00015021303411321172,1.1752568070733105e-05,1.1752568070733105e-05,0.0,0.0,0.11935577355325222,0.012379848590829334,0.007555451127700508,0.1802883907617528,0.10947668924927711,79.51313591003418,39.816245841793716
2500,0.00014970416323953323,1.1634549309746944e-05,1.1634549309746944e-05,0.0,0.0,0.11939410492777824,0.012381836414083292,0.007556912023574114,0.18030673078136825,0.10949479043483734,79.52931213378906,39.82435311935842
2501,0.0001491962145193058,1.1564956366783008e-05,1.1564956366783008e-05,0.0,0.0,0.11932291835546494,0.012378144509240196,0.007554608513601124,0.18027257774453848,0.10947581008076668,79.49918174743652,39.809252332895994
2502,0.00014868918850955722,1.1712448440448497e-05,1.1712448440448497e-05,0.0,0.0,0.11937450617551804,0.012380819916699893,0.007556274882517755,0.18027867374688766,0.10946928150951862,79.50456237792969,39.8119684420526
2503,0.00014818308576630365,1.1648628060356714e-05,1.1648628060356714e-05,0.0,0.0,0.11933239176869392,0.012378635612086112,0.007554996758699417,0.18027857042653123,0.10947553440928459,79.50446701049805,39.81189970113337
2504,0.00014767790684454865,1.1585621450649342e-05,1.1585621450649342e-05,0.0,0.0,0.11936790868639946,0.012380477735415181,0.007555800722911954,0.18026469654784189,0.10947126522660255,79.49223136901855,39.80579963885248
2505,0.0001471736522982831,1.1583772447920637e-05,1.1583772447920637e-05,0.0,0.0,0.11936893127858639,0.012380530481021513,0.007556289434432983,0.1802996543014167,0.1094804685562849,79.5230655670166,39.821217249147594
2506,0.00014667032268048357,1.1648641475403565e-05,1.1648641475403565e-05,0.0,0.0,0.11938958801329136,0.012381601799967728,0.0075570131884887815,0.18032104043469457,0.1094978004693985,79.54193496704102,39.83066227752715
2507,0.00014616791854311315,1.1531874179127044e-05,1.1531874179127044e-05,0.0,0.0,0.1193770095705986,0.012380949793251656,0.007555862772278488,0.1802963122468089,0.10948648117482662,79.52012252807617,39.819749768823385
2508,0.0001456664404371193,1.1474092616481357e-05,1.1474092616481357e-05,0.0,0.0,0.11935024708509445,0.012379562071139076,0.0075555689400061965,0.18028281684438605,0.10947824642062187,79.50821113586426,39.813780691474676
2509,0.0001451658889124345,1.1354119124007411e-05,1.1354119124007411e-05,0.0,0.0,0.11939205788075924,0.01238173019922666,0.00755673588719219,0.1803084430411726,0.10949458181858063,79.53082275390625,39.825107405893505
2510,0.00014466626451797458,1.1362296390871052e-05,1.1362296390871052e-05,0.0,0.0,0.11934239789843559,0.012379154467085964,0.007555212243460119,0.1802742412503759,0.10947446897625923,79.50065422058105,39.809998309239745
2511,0.0001441675678016391,1.1402108839320135e-05,1.1402108839320135e-05,0.0,0.0,0.11937394365668297,0.01238079082651625,0.007556126336567104,0.18030413007813265,0.10948478989303112,79.52701187133789,39.82319290749729
2512,0.00014366979931031007,1.1362705890860525e-05,1.1362705890860525e-05,0.0,0.0,0.1193588450551033,0.012380007422734023,0.007556250086054206,0.18028913979219355,0.10949116759002209,79.5137939453125,39.8165763951838
2513,0.0001431729595898516,1.1445557674960583e-05,1.1445557674960583e-05,0.0,0.0,0.11939132027328014,0.012381692149699508,0.0075570609187707305,0.18030588884976964,0.10949540138244629,79.52856063842773,39.82397597935051
2514,0.00014267704918510967,1.1311193475194159e-05,1.1311193475194159e-05,0.0,0.0,0.11936325021088123,0.012380236189990568,0.007556114229373634,0.1802959377468763,0.1094883568584919,79.5197868347168,39.81957504246384
2515,0.00014218206863991062,1.131114004238043e-05,1.131114004238043e-05,0.0,0.0,0.11937229335308075,0.012380705024768403,0.007556144846603274,0.1802963122468089,0.10948438756167889,79.52012062072754,39.81974645704031
2516,0.0001416880184970613,1.1274772077740636e-05,1.1274772077740636e-05,0.0,0.0,0.11939043737947941,0.012381646020000128,0.007556754746474326,0.18031710997709616,0.10950028151273727,79.53846549987793,39.828927968628705
2517,0.00014119489929834839,1.1277676321697072e-05,1.1277676321697072e-05,0.0,0.0,0.11934034526348114,0.01237904837615863,0.007554989191703498,0.180289702854407,0.1094791628420353,79.5142936706543,39.81681700795889
2518,0.00014070271158453742,1.1458891094662249e-05,1.1458891094662249e-05,0.0,0.0,0.1193772479891777,0.012380962134391575,0.007556899101473391,0.18032132966340703,0.10950327850878239,79.54218864440918,39.83078294619918
2519,0.0001402114558953724,1.1274805729044601e-05,1.1274805729044601e-05,0.0,0.0,0.11940455250442028,0.012382377904708043,0.007557344855740666,0.18031762905032245,0.10950650088489056,79.53891944885254,39.82916200067848
2520,0.00013972113276957597,1.1358793017279822e-05,1.1358793017279822e-05,0.0,0.0,0.11933259293437004,0.012378646339130116,0.007554904441349208,0.1802771859280419,0.10947299748659134,79.50324630737305,39.81128945015371
2521,0.0001392317427448471,1.1290269640085171e-05,1.1290269640085171e-05,0.0,0.0,0.11939998716115952,0.012382141831809993,0.00755715265404433,0.18031578258901476,0.10949673876166344,79.53729438781738,39.82834718748927
2522,0.0001387432863578621,1.1286807875876548e-05,1.1286807875876548e-05,0.0,0.0,0.11936253681778908,0.01238019931129025,0.007555450079962611,0.1803067643552462,0.10948747396469116,79.52933883666992,39.824350686743855
2523,0.0001382557641442734,1.1315239362374996e-05,1.1315239362374996e-05,0.0,0.0,0.11936379410326481,0.012380264693771322,0.007555806543678045,0.1802992772257129,0.10948533937335014,79.52273750305176,39.82105064857751
2524,0.00013776917663870864,1.128891699408996e-05,1.128891699408996e-05,0.0,0.0,0.11937781982123852,0.012380991811844358,0.007556775817647576,0.1803180990556363,0.10950498469173908,79.53934097290039,39.829359396360815
2525,0.00013728352437477064,1.1264699196544825e-05,1.1264699196544825e-05,0.0,0.0,0.1193843986839056,0.012381332950524637,0.007557442411780357,0.1803024952573936,0.1095002293586731,79.52556800842285,39.82247620355338
2526,0.00013679880788503723,1.1512197488627862e-05,1.1512197488627862e-05,0.0,0.0,0.1193980798125267,0.01238204208341455,0.007557033910416067,0.18033705835845582,0.10950910113751888,79.55606269836426,39.83773038908839
2527,0.00013631502770105865,1.1384293202354456e-05,1.1384293202354456e-05,0.0,0.0,0.11936135962605476,0.012380138042449649,0.007555973716080189,0.1802860635818053,0.10947910696268082,79.51108169555664,39.81522152759135
2528,0.0001358321843533598,1.1439629133747076e-05,1.1439629133747076e-05,0.0,0.0,0.11939103715121746,0.01238167716491155,0.007557020289823413,0.18032990560040066,0.10951238125562668,79.54975128173828,39.83457115944475
2529,0.0001353502783714374,1.1316378277115291e-05,1.1316378277115291e-05,0.0,0.0,0.11937599815428257,0.012380897196350726,0.007556825643405318,0.18032073571108495,0.1095151137560606,79.54166221618652,39.8305191071704
2530,0.0001348693102837605,1.1599028994169203e-05,1.1599028994169203e-05,0.0,0.0,0.11938385106623173,0.012381304449203183,0.007556130876764655,0.18029850757559596,0.1094819400459528,79.52205276489258,39.820718307979405
2531,0.00013438928061776934,1.1486660923765157e-05,1.1486660923765157e-05,0.0,0.0,0.11935719847679138,0.012379922497140238,0.007555540883913636,0.18029423053387947,0.10948722437024117,79.51828384399414,39.818820521235466
2532,0.00013391018989987582,1.1321092415528256e-05,1.1321092415528256e-05,0.0,0.0,0.11937618628144264,0.012380907480678537,0.007556987227872014,0.18028610490823727,0.10948892123997211,79.5111141204834,39.81524515338242
2533,0.000133432038655461,1.1409914350224426e-05,1.1409914350224426e-05,0.0,0.0,0.11936247162520885,0.012380195931961619,0.007555469986982644,0.1802855108398669,0.10947463475167751,79.51059532165527,39.81497889664024
2534,0.00013295482740887705,1.1238975730520906e-05,1.1238975730520906e-05,0.0,0.0,0.11935395188629627,0.012379753966598338,0.007555838441476226,0.18027011603770343,0.10947763174772263,79.49701118469238,39.80818256828934
2535,0.00013247855668344386,1.11379265490541e-05,1.11379265490541e-05,0.0,0.0,0.11937336251139641,0.012380760854740401,0.007556204800494015,0.1803179699334194,0.10950066708028316,79.53922653198242,39.82929994724691
2536,0.00013200322700145128,1.1068503226852044e-05,1.1068503226852044e-05,0.0,0.0,0.11938394233584404,0.01238130944428488,0.007556942407973111,0.18030112902142478,0.10949784331023693,79.52437210083008,39.82187802158296
2537,0.00013152883888415643,1.1141984487039736e-05,1.1141984487039736e-05,0.0,0.0,0.11940179392695427,0.012382235115664757,0.007557937293313444,0.18035204724351409,0.10952644795179367,79.56929206848145,39.8443469312042
2538,0.00013105539285178386,1.1237519402129692e-05,1.1237519402129692e-05,0.0,0.0,0.1193891316652298,0.012381578441149324,0.007556826109066606,0.18031210510485032,0.10949716717004776,79.5340518951416,39.826720513403416
2539,0.0001305828894235252,1.1189703400305007e-05,1.1189703400305007e-05,0.0,0.0,0.1193773727864027,0.012380968598793292,0.0075564716244116426,0.18032653828322695,0.10950151644647121,79.54678344726562,39.833080410026014
2540,0.00013011132911753891,1.1290006341369008e-05,1.1290006341369008e-05,0.0,0.0,0.11940618045628071,0.012382462372759952,0.0075578378746286035,0.18035168576912802,0.1095284391194582,79.56897163391113,39.84418890718371
2541,0.0001296407124509478,1.11798119633022e-05,1.11798119633022e-05,0.0,0.0,0.11936425603926182,0.01238028805506847,0.007556758588179946,0.18030798075845375,0.10950340703129768,79.53041076660156,39.82488751132041
2542,0.0001291710399398415,1.1287697816442233e-05,1.1287697816442233e-05,0.0,0.0,0.11938815005123615,0.012381527609857617,0.007556898519396782,0.18031311745347822,0.10949854366481304,79.53494071960449,39.827164434827864
2543,0.0001287023120992733,1.11950218979473e-05,1.11950218979473e-05,0.0,0.0,0.11937672458589077,0.012380934807565214,0.0075561568373814225,0.18031250797896475,0.1094898208975792,79.5344009399414,39.82688883226365
2544,0.00012823452944326057,1.1108306352980435e-05,1.1108306352980435e-05,0.0,0.0,0.11939908191561699,0.012382094234737734,0.007557454868219793,0.18032123669708575,0.1095111109316349,79.54211044311523,39.830754762515426
2545,0.0001277676924847845,1.1083714980486548e-05,1.1083714980486548e-05,0.0,0.0,0.11936933919787407,0.012380551931816634,0.007557128556072712,0.18032371836494673,0.1095041073858738,79.54429626464844,39.831832801923156
2546,0.0001273018017357891,1.1322415048198309e-05,1.1322415048198309e-05,0.0,0.0,0.1194000244140625,0.01238214300704403,0.007557856850326061,0.18029416596423553,0.10948430374264717,79.51822853088379,39.818814277648926
2547,0.00012683685770718033,1.1518582141434308e-05,1.1518582141434308e-05,0.0,0.0,0.11933092959225178,0.01237855993473073,0.007555063930340111,0.18029302953471738,0.10948068648576736,79.5172233581543,39.818277143873274
2548,0.00012637286090882706,1.132423926719639e-05,1.132423926719639e-05,0.0,0.0,0.11940938234329224,0.012382628516064222,0.007558609591796994,0.18032082609526018,0.10952143743634224,79.54174613952637,39.83057776093483
2549,0.00012590981184955788,1.1499173069751123e-05,1.1499173069751123e-05,0.0,0.0,0.1193871833384037,0.012381477072181528,0.007557097589597106,0.1803363844103267,0.10951584950089455,79.55546951293945,39.83742834813893
2550,0.00012544771103716333,1.116077532969939e-05,1.116077532969939e-05,0.0,0.0,0.11938745528459549,0.012381491322651773,0.0075567151652649045,0.18033193783885215,0.10950383357703686,79.55154609680176,39.83546677604318
2551,0.0001249865589783934,1.1272759138591937e-05,1.1272759138591937e-05,0.0,0.0,0.11939210444688797,0.012381732402863646,0.007557115284726024,0.18034523591150087,0.10952270030975342,79.56328392028809,39.84133801236749
2552,0.00012452635617895807,1.1139456546516158e-05,1.1139456546516158e-05,0.0,0.0,0.11936229839920998,0.012380186822462454,0.007556772558018565,0.18030969558895182,0.10950237140059471,79.53192710876465,39.82564470358193
2553,0.0001240671031435258,1.1048894975829171e-05,1.1048894975829171e-05,0.0,0.0,0.11939049325883389,0.012381648811292556,0.0075572250643745065,0.18032709606403644,0.10951122082769871,79.54727554321289,39.83333301823586
2554,0.0001236088003757244,1.109619688577368e-05,1.109619688577368e-05,0.0,0.0,0.11937744729220867,0.012380972418665445,0.007556334952823818,0.1803046104491814,0.10949297808110714,79.52743721008301,39.82340732868761
2555,0.00012315144837813838,1.1217228120585787e-05,1.1217228120585787e-05,0.0,0.0,0.1193662416189909,0.01238039119687232,0.007555838208645582,0.1802827238582049,0.10947257280349731,79.50813484191895,39.81375054176897
2556,0.00012269504765231078,1.1101753216280486e-05,1.1101753216280486e-05,0.0,0.0,0.11937760002911091,0.01238098049916035,0.00755734124686569,0.1803211153243164,0.10950867272913456,79.54199981689453,39.83068870846182
2557,0.00012223959869874076,1.1165446267114021e-05,1.1165446267114021e-05,0.0,0.0,0.11938332952558994,0.012381277270046868,0.0075571355409920216,0.18030560217891098,0.10949931479990482,79.52831077575684,39.82384705264121
2558,0.00012178510201688405,1.0892442560361815e-05,1.0892442560361815e-05,0.0,0.0,0.11941085942089558,0.012382704903042248,0.007557907607406378,0.18035162122005427,0.10952657461166382,79.56891441345215,39.84416263643652
2559,0.00012133155810515186,1.0968786682497011e-05,1.0968786682497011e-05,0.0,0.0,0.11940324679017067,0.012382310329851641,0.00755794916767627,0.18034194117944305,0.10952893644571304,79.56037521362305,39.83988923020661
2560,0.00012087896746091083,1.1051078217860777e-05,1.1051078217860777e-05,0.0,0.0,0.11939479038119316,0.012381871525018094,0.007557696080766618,0.1803436944181799,0.10952278226613998,79.56192207336426,39.840658431872725
2561,0.00012042733058048168,1.0988062285832711e-05,1.0988062285832711e-05,0.0,0.0,0.11940529569983482,0.012382416245929976,0.007557405042462051,0.180347939302645,0.1095189992338419,79.56566619873047,39.84253574721515
2562,0.00011997664795914025,1.1184172763023525e-05,1.1184172763023525e-05,0.0,0.0,0.11937956139445305,0.012381081872193793,0.007556607248261571,0.18030807889678366,0.10949196107685566,79.53049850463867,39.82493903301656
2563,0.00011952692009111493,1.1029248526028823e-05,1.1029248526028823e-05,0.0,0.0,0.11936932802200317,0.012380551491047246,0.0075570245971903205,0.18031804224187226,0.10950763151049614,79.53929138183594,39.82933035492897
2564,0.00011907814746958761,1.1043871836591279e-05,1.1043871836591279e-05,0.0,0.0,0.11939199268817902,0.012381726673406666,0.007557049160823226,0.18033811704583336,0.10951801761984825,79.55699729919434,39.83819464594126
2565,0.00011863033058669244,1.0920216141130368e-05,1.0920216141130368e-05,0.0,0.0,0.11936928890645504,0.012380549434123225,0.007556194672361016,0.18030480931209045,0.10949120856821537,79.52761268615723,39.82349098753184
2566,0.00011818346993351551,1.0856322205654578e-05,1.0856322205654578e-05,0.0,0.0,0.11938119493424892,0.012381166936750957,0.007557193282991648,0.18035104027735088,0.10952567681670189,79.56840324401855,39.8438922194764
2567,0.00011773756600009425,1.0833112355612684e-05,1.0833112355612684e-05,0.0,0.0,0.11940351687371731,0.012382324579362914,0.007557484786957502,0.18033160731115908,0.10951562970876694,79.55125427246094,39.83532889466733
2568,0.00011729261927541692,1.0804725661728298e-05,1.0804725661728298e-05,0.0,0.0,0.11938070505857468,0.012381141373370335,0.007556708995252848,0.18033066478745746,0.10951291024684906,79.5504264831543,39.834903594106436
2569,0.00011684863024742248,1.0775539294627379e-05,1.0775539294627379e-05,0.0,0.0,0.11940973810851574,0.012382647025259846,0.007557968958280981,0.1803331179210636,0.10951612703502178,79.55258750915527,39.835998623631895
2570,0.00011640559940299922,1.0794123454616056e-05,1.0794123454616056e-05,0.0,0.0,0.11936706118285656,0.012380433951983528,0.007556334952823818,0.18031207669702623,0.10950151644647121,79.53402709960938,39.826697080396116
2571,0.00011596352722798471,1.0732115242717555e-05,1.0732115242717555e-05,0.0,0.0,0.11940044909715652,0.012382165042661581,0.007557820877991617,0.18033805249190288,0.10952131822705269,79.55694580078125,39.8381731249392
2572,0.00011552241420716535,1.0791997283376986e-05,1.0791997283376986e-05,0.0,0.0,0.11937274597585201,0.012380728385234687,0.007556332508102059,0.18032037675634188,0.10950387269258499,79.54134368896484,39.83035821747035
2573,0.00011508226082427557,1.0767757885332685e-05,1.0767757885332685e-05,0.0,0.0,0.11940601468086243,0.01238245370562985,0.007558236829936504,0.1803543709901257,0.10953068360686302,79.57134246826172,39.84537424147129
2574,0.0001146430675619975,1.077802312465792e-05,1.077802312465792e-05,0.0,0.0,0.11940023675560951,0.01238215446557005,0.007557467790320516,0.1803517090067889,0.10952841676771641,79.56899642944336,39.844198333099484
2575,0.00011420483490196052,1.0671146355889505e-05,1.0671146355889505e-05,0.0,0.0,0.11938788183033466,0.012381513506340855,0.007557164062745869,0.18032670613411497,0.10950862057507038,79.54693794250488,39.83316291216761
2576,0.00011376756332474053,1.0629609278112184e-05,1.0629609278112184e-05,0.0,0.0,0.11940570920705795,0.01238243769345828,0.007558386889286339,0.1803487939479572,0.10953051596879959,79.56642150878906,39.84291360899806
2577,0.00011333125330985919,1.0646137980074855e-05,1.0646137980074855e-05,0.0,0.0,0.11939672566950321,0.012381972156225225,0.0075575001537799835,0.18033896657340515,0.10951234214007854,79.55775260925293,39.83857466746122
2578,0.0001128959053357842,1.06591530766309e-05,1.06591530766309e-05,0.0,0.0,0.11938985623419285,0.012381615903383918,0.00755722401663661,0.1803321624940477,0.10951553098857403,79.5517463684082,39.8355681123212
2579,0.00011246151987992777,1.054953168022621e-05,1.054953168022621e-05,0.0,0.0,0.11940114200115204,0.012382200887182351,0.007557536824606359,0.1803453598500901,0.10953103192150593,79.56339073181152,39.84139593690634
2580,0.00011202809741864674,1.052811444424151e-05,1.052811444424151e-05,0.0,0.0,0.1193899866193533,0.01238162280817557,0.007557187811471522,0.1803569193311558,0.10952494293451309,79.57358932495117,39.84648965578526
2581,0.00011159563842724245,1.0515153576307057e-05,1.0515153576307057e-05,0.0,0.0,0.11939699202775955,0.012381986112313462,0.007557539502158761,0.18033961469053317,0.10952189564704895,79.55832290649414,39.83885994926095
2582,0.00011116414337995862,1.0534634157011169e-05,1.0534634157011169e-05,0.0,0.0,0.11940434388816357,0.012382366887093574,0.0075579178519546986,0.18035104027735088,0.10952654667198658,79.56840133666992,39.84390284027904
2583,0.00011073361274998291,1.0558450640019146e-05,1.0558450640019146e-05,0.0,0.0,0.11939062923192978,0.012381655862975884,0.007557438337244093,0.18033307144094754,0.10951875150203705,79.55255126953125,39.83597094938159
2584,0.00011030404700944472,1.0483811820449773e-05,1.0483811820449773e-05,0.0,0.0,0.11939021572470665,0.012381634561003569,0.007557202246971428,0.1803412336821068,0.10951954685151577,79.55975151062012,39.83957086317241
2585,0.0001098754466294157,1.0492330829947605e-05,1.0492330829947605e-05,0.0,0.0,0.11940260417759418,0.01238227698299313,0.007557911449111998,0.18034578847038782,0.10952861048281193,79.56376457214355,39.841583588160574
2586,0.00010944781207990843,1.0539117511143559e-05,1.0539117511143559e-05,0.0,0.0,0.11937389150261879,0.012380788181950712,0.007557268487289548,0.1803356923843395,0.10951717384159565,79.55485343933105,39.83711366541684
2587,0.00010902114382987711,1.058500265571638e-05,1.058500265571638e-05,0.0,0.0,0.11942572146654129,0.012383475503777141,0.007558480836451054,0.18035319621085855,0.10953272879123688,79.57030868530273,39.84486720338464
2588,0.0001085954423472153,1.0544255701461225e-05,1.0544255701461225e-05,0.0,0.0,0.1193822082132101,0.012381219238675583,0.007557074539363384,0.18033775554352516,0.10951523669064045,79.55668449401855,39.83803335111588
2589,0.00010817070809875735,1.0462283398737782e-05,1.0462283398737782e-05,0.0,0.0,0.11940623261034489,0.012382465016967928,0.00755785359069705,0.18036343331584923,0.10953578352928162,79.5793399810791,39.84937310684472
2590,0.00010774694155027584,1.0520767773414264e-05,1.0520767773414264e-05,0.0,0.0,0.11939505487680435,0.012381885628127058,0.007557539734989405,0.18034093157473435,0.10952305980026722,79.55947875976562,39.839436907321215
2591,0.00010732414316648326,1.0556142569839722e-05,1.0556142569839722e-05,0.0,0.0,0.11938376165926456,0.012381300041776481,0.007557771983556449,0.18033397005440172,0.10951673239469528,79.5533447265625,39.83636424411088
2592,0.00010690231341102966,1.066939421434654e-05,1.066939421434654e-05,0.0,0.0,0.11943023093044758,0.012383709201080693,0.007558400509878993,0.1803511977775576,0.10952952317893505,79.56853866577148,39.843984448350966
2593,0.00010648145274650324,1.0607897593217785e-05,1.0607897593217785e-05,0.0,0.0,0.11938524059951305,0.012381376730777221,0.007557311095297337,0.18034673091505043,0.10952026024460793,79.5645980834961,39.8419916620478
2594,0.00010606156163442901,1.0593344313747366e-05,1.0593344313747366e-05,0.0,0.0,0.11940263211727142,0.012382278598922266,0.007557708071544766,0.18036157183254004,0.10953814350068569,79.57769775390625,39.84855019301176
2595,0.00010564264053526956,1.0556559232099971e-05,1.0556559232099971e-05,0.0,0.0,0.11939264833927155,0.012381760315564865,0.007557614822871983,0.18034236464367415,0.10952472314238548,79.56074714660645,39.84006989747286
2596,0.00010522468990842255,1.0502638588150148e-05,1.0502638588150148e-05,0.0,0.0,0.11941293627023697,0.01238281243160508,0.007558161625638604,0.180350232118389,0.10952937975525856,79.56768798828125,39.84355046227574
2597,0.00010480771021222276,1.0535947012613178e-05,1.0535947012613178e-05,0.0,0.0,0.11940896697342396,0.012382606775068947,0.007558310404419899,0.18033514754111546,0.10952291265130043,79.55438423156738,39.8368965992704
2598,0.0001043917019039392,1.0521874628466321e-05,1.0521874628466321e-05,0.0,0.0,0.11939586512744427,0.012381927790450767,0.007557406090199947,0.18034350850854733,0.10952123440802097,79.56175994873047,39.84057790692896
2599,0.00010397666543977604,1.0489220358067541e-05,1.0489220358067541e-05,0.0,0.0,0.11938910186290741,0.012381576825128813,0.0075576723320409656,0.18035369710669066,0.10953179001808167,79.57074546813965,39.84506728500128
2600,0.00010356260127487175,1.0479235243110452e-05,1.0479235243110452e-05,0.0,0.0,0.11940375342965126,0.012382336625328725,0.007557831588201225,0.18033513204791915,0.1095197256654501,79.55437088012695,39.8368873167783
2601,0.00010314950986329827,1.0507856586627895e-05,1.0507856586627895e-05,0.0,0.0,0.11938066780567169,0.012381139463460467,0.007557138218544424,0.18033495387606582,0.10952026955783367,79.55421257019043,39.83679661899805
2602,0.00010273739165806097,1.0430470183564466e-05,1.0430470183564466e-05,0.0,0.0,0.11940963938832283,0.012382641590022732,0.007558066979981959,0.18035016498681072,0.10953360609710217,79.56763076782227,39.843520203605294
2603,0.0001023262471110983,1.048230706146569e-05,1.048230706146569e-05,0.0,0.0,0.11936244368553162,0.012380194756542747,0.007556467549875379,0.1803226570106554,0.1095040775835514,79.54336357116699,39.83136300742626
2604,0.00010191607667328041,1.0610591061777086e-05,1.0610591061777086e-05,0.0,0.0,0.11940145865082741,0.012382217487273618,0.007557946373708546,0.18034976219681634,0.10953320376574993,79.56727409362793,39.84333777613938
2605,0.00010150688079440956,1.0466291996635846e-05,1.0466291996635846e-05,0.0,0.0,0.11943020857870579,0.01238370802599529,0.00755884125828743,0.18035631775034983,0.10953885316848755,79.57306098937988,39.846245598979294
2606,0.00010109865992321926,1.0443922064951039e-05,1.0443922064951039e-05,0.0,0.0,0.11937851831316948,0.012381028100514205,0.0075569459004327655,0.18033790272669525,0.10951736010611057,79.55680465698242,39.838091587647796
2607,0.00010069141450737352,1.056316227732168e-05,1.056316227732168e-05,0.0,0.0,0.11940668150782585,0.012382488080313555,0.007558029727078974,0.1803448150360726,0.10952976159751415,79.56291007995605,39.84115838073194
2608,0.00010028514499346718,1.0460905059517245e-05,1.0460905059517245e-05,0.0,0.0,0.11938614584505558,0.01238142344913105,0.0075575311202555895,0.18034254022611249,0.1095269974321127,79.56090545654297,39.84014580119401
2609,9.987985182702414e-05,1.0628234349496779e-05,1.0628234349496779e-05,0.0,0.0,0.11939622275531292,0.012381945859974122,0.007557938457466662,0.1803406707807836,0.10951557010412216,79.55925750732422,39.839326865039766
2610,9.947553545249855e-05,1.0667967899280484e-05,1.0667967899280484e-05,0.0,0.0,0.11940778978168964,0.012382545665039948,0.007558749639429152,0.18035592530170394,0.10954417660832405,79.57271194458008,39.846059867180884
2611,9.907219631327262e-05,1.0725134643507772e-05,1.0725134643507772e-05,0.0,0.0,0.11941372230648994,0.012382853562502438,0.007559071760624647,0.18035793659198765,0.10954150930047035,79.57448768615723,39.84695070423186
2612,9.866983485165715e-05,1.0503608109502238e-05,1.0503608109502238e-05,0.0,0.0,0.11939675733447075,0.012381973772194141,0.007557615404948592,0.18034217356847346,0.10951971262693405,79.56057929992676,39.839988028630614
2613,9.826845150889118e-05,1.0526239975661156e-05,1.0526239975661156e-05,0.0,0.0,0.1194023098796606,0.01238226170510725,0.007557987933978438,0.18035156699881447,0.10953190177679062,79.5688648223877,39.84413356613368
2614,9.786804672514023e-05,1.0343149824620923e-05,1.0343149824620923e-05,0.0,0.0,0.11941561661660671,0.012382951688520086,0.007558344979770482,0.1803565965949214,0.10953957960009575,79.57330894470215,39.84636228065938
2615,9.746862093949733e-05,1.0314936844224576e-05,1.0314936844224576e-05,0.0,0.0,0.11939551867544651,0.012381909573994026,0.007557713310234249,0.18034616028476075,0.10952500812709332,79.56409645080566,39.841745984740555
2616,9.707017458998212e-05,1.0401179224572843e-05,1.0401179224572843e-05,0.0,0.0,0.11941168829798698,0.012382747943958845,0.007558419834822416,0.18036273364823197,0.10954244807362556,79.57872009277344,39.84906589053571
2617,9.66727081135398e-05,1.0339364507672144e-05,1.0339364507672144e-05,0.0,0.0,0.1194045040756464,0.012382375407382957,0.007557855569757521,0.1803413653697774,0.10952340811491013,79.55986404418945,39.83963427413255
2618,9.627622194604116e-05,1.0241885547657148e-05,1.0241885547657148e-05,0.0,0.0,0.11941281519830227,0.012382806408855071,0.007558314828202128,0.18035282699293703,0.10953397490084171,79.56997680664062,39.844694810919464
2619,9.58807165222814e-05,1.0224546713288873e-05,1.0224546713288873e-05,0.0,0.0,0.11940843984484673,0.01238257974567024,0.007558431709185243,0.1803600485517385,0.10953845456242561,79.57634544372559,39.847876941785216
2620,9.548619227598126e-05,1.0254435892420588e-05,1.0254435892420588e-05,0.0,0.0,0.11940736696124077,0.012382523483200012,0.00755814544390887,0.18035800372067323,0.10953618213534355,79.57454299926758,39.84697518311441
2621,9.509264963978449e-05,1.0178051979892189e-05,1.0178051979892189e-05,0.0,0.0,0.11940631084144115,0.012382468983278832,0.007557755219750106,0.18036367858614266,0.10953778959810734,79.57955360412598,39.84947995748371
2622,9.470008904525936e-05,1.0210540722255246e-05,1.0210540722255246e-05,0.0,0.0,0.11941073089838028,0.012382698292649312,0.00755852775182575,0.1803537823104824,0.10953954793512821,79.57081985473633,39.845115292817354
2623,9.430851092289643e-05,1.0207767445535865e-05,1.0207767445535865e-05,0.0,0.0,0.11941598728299141,0.012382970784810378,0.007558220764622092,0.18035045933277616,0.10953046381473541,79.56789588928223,39.84365593828261
2624,9.391791570210932e-05,1.0180690651395707e-05,1.0180690651395707e-05,0.0,0.0,0.11939587071537971,0.012381927790450767,0.007557388278655708,0.18035107384298024,0.10952580906450748,79.56842994689941,39.8439129088074
2625,9.352830381123306e-05,1.0253645314151072e-05,1.0253645314151072e-05,0.0,0.0,0.11941464059054852,0.012382901303551264,0.007558407145552337,0.18036438083187512,0.10954102128744125,79.58017349243164,39.849794066511095
2626,9.313967567752537e-05,1.0140100130229257e-05,1.0140100130229257e-05,0.0,0.0,0.119407519698143,0.012382531562682736,0.007558191544376314,0.18035920945088643,0.10954079777002335,79.57561111450195,39.84750931710005
2627,9.275203172716427e-05,1.0123454785571084e-05,1.0123454785571084e-05,0.0,0.0,0.1194088663905859,0.01238260192740939,0.007558178273029625,0.18035699420587964,0.10953708551824093,79.57365798950195,39.84653342794627
2628,9.236537238524939e-05,1.013389419313171e-05,1.013389419313171e-05,0.0,0.0,0.11940694786608219,0.012382502329620276,0.00755803391803056,0.18035007461733896,0.10953227803111076,79.56755447387695,39.84348071087152
2629,9.197969807579984e-05,1.0151594096896588e-05,1.0151594096896588e-05,0.0,0.0,0.11939938180148602,0.012382109953544178,0.007558366050943732,0.1803642749788331,0.10954236425459385,79.5800838470459,39.84974161442369
2630,9.159500922175454e-05,1.0249226988889859e-05,1.0249226988889859e-05,0.0,0.0,0.11942068114876747,0.012383214333376028,0.007558247423730791,0.18036057008322398,0.1095348671078682,79.57681083679199,39.84811575897038
2631,9.121130624497216e-05,1.019765784349147e-05,1.019765784349147e-05,0.0,0.0,0.11939158849418163,0.012381705665375053,0.007557687466032803,0.18035183035896937,0.10953098349273205,79.56910133361816,39.84424646105617
2632,9.082858956623022e-05,1.0171853318752255e-05,1.0171853318752255e-05,0.0,0.0,0.11942660994827747,0.012383521773549427,0.0075590095948427916,0.18036563815472034,0.10954396985471249,79.5812816619873,39.85035413596779
2633,9.044685960522411e-05,1.034749561767967e-05,1.034749561767967e-05,0.0,0.0,0.11939417757093906,0.012381839792964193,0.007557571982033551,0.18035144564645678,0.10953050293028355,79.56876182556152,39.84407800156623
2634,9.006611678056809e-05,1.0179411447097664e-05,1.0179411447097664e-05,0.0,0.0,0.11942703649401665,0.012383543512938298,0.007558992598205805,0.1803743772099424,0.10954774916172028,79.5889892578125,39.85420814715326
2635,8.968636150979311e-05,1.0158028544537956e-05,1.0158028544537956e-05,0.0,0.0,0.11939509212970734,0.012381887391014548,0.007557999575510621,0.18034536759624908,0.10953236371278763,79.56339645385742,39.841395772993565
2636,8.930759420934726e-05,1.0106111631102976e-05,1.0106111631102976e-05,0.0,0.0,0.11941959522664547,0.012383157780004614,0.007558615528978407,0.18037080935139274,0.1095410231500864,79.58584785461426,39.85263372492045
2637,8.892981529459512e-05,1.0130109558303957e-05,1.0130109558303957e-05,0.0,0.0,0.11939983628690243,0.012382133458264248,0.007558078039437532,0.18034708981733938,0.10953504964709282,79.56491470336914,39.84215726982802
2638,8.855302517981806e-05,1.0221504680885118e-05,1.0221504680885118e-05,0.0,0.0,0.1194327138364315,0.012383838019141903,0.007559346850030124,0.18037800437440238,0.10955333895981312,79.59219932556152,39.85581601969898
2639,8.817722427821234e-05,1.0196343737334246e-05,1.0196343737334246e-05,0.0,0.0,0.11941276118159294,0.012382803617823585,0.007557998760603368,0.18035650364677877,0.10953233018517494,79.57322120666504,39.846316983923316
2640,8.780241300189006e-05,1.0089581337524578e-05,1.0089581337524578e-05,0.0,0.0,0.11940773203969002,0.012382542727050187,0.007558180717751384,0.18036701422902077,0.10954448394477367,79.58249473571777,39.85095123387873
2641,8.74285917618774e-05,1.0086529528052779e-05,1.0086529528052779e-05,0.0,0.0,0.11940951645374298,0.012382634979595996,0.0075582911958917975,0.18036565880882124,0.10954287648200989,79.58130264282227,39.850356079638004
2642,8.705576096811523e-05,1.0065797141578514e-05,1.0065797141578514e-05,0.0,0.0,0.11940368264913559,0.012382332365171424,0.007558050565421581,0.18036496431338195,0.10954052954912186,79.5806884765625,39.85004607960582
2643,8.66839210294582e-05,1.0004103160099476e-05,1.0004103160099476e-05,0.0,0.0,0.11942817084491253,0.012383602267852397,0.007559013552963734,0.18037158643802917,0.1095497589558363,79.58653259277344,39.852980381809175
2644,8.631307235367462e-05,1.0004111118178116e-05,1.0004111118178116e-05,0.0,0.0,0.1194062028080225,0.01238246340106312,0.007558215409517288,0.1803577532789113,0.10953800193965435,79.5743293762207,39.84686778951436
2645,8.594321534744521e-05,1.0052896868728567e-05,1.0052896868728567e-05,0.0,0.0,0.11940420418977737,0.01238235983581517,0.007557862671092153,0.18035364288607494,0.10953199304640293,79.5707015991211,39.845052901655436
2646,8.557435041636406e-05,9.9763117304974e-06,9.9763117304974e-06,0.0,0.0,0.11942131258547306,0.012383246943254612,0.007558857556432486,0.18037268106601695,0.1095509510487318,79.58749771118164,39.85345951188356
2647,8.520647796493633e-05,1.002517433335015e-05,1.002517433335015e-05,0.0,0.0,0.11942635476589203,0.01238350825985603,0.00755884381942451,0.18038012900696915,0.10954809561371803,79.59407234191895,39.85674934834242
2648,8.483959839657936e-05,1.0117802958120592e-05,1.0117802958120592e-05,0.0,0.0,0.11940255016088486,0.012382273898036924,0.007558002951554954,0.1803521582676444,0.10953409038484097,79.56938743591309,39.844394993036985
2649,8.447371211362138e-05,1.0060663271360681e-05,1.0060663271360681e-05,0.0,0.0,0.11942073702812195,0.01238321668364042,0.007559245335869491,0.1803740596682292,0.10955236293375492,79.58871459960938,39.85406766831875
2650,8.410881951730203e-05,1.013844189401425e-05,1.013844189401425e-05,0.0,0.0,0.11941160261631012,0.012382743683943055,0.007558120647445321,0.18035831612691972,0.10953347384929657,79.57481956481934,39.84711558371782
2651,8.374492100777064e-05,1.0066932190966327e-05,1.0066932190966327e-05,0.0,0.0,0.11941070668399334,0.012382697117467978,0.0075585320591926575,0.1803650159488226,0.1095452792942524,79.58073425292969,39.85007247980684
2652,8.338201698408613e-05,1.0060090289698564e-05,1.0060090289698564e-05,0.0,0.0,0.11943013407289982,0.01238370406008123,0.007559190504252911,0.1803681811731091,0.10954828560352325,79.58352470397949,39.851477419026196
2653,8.302010784421777e-05,1.0093679065903416e-05,1.0093679065903416e-05,0.0,0.0,0.11940430290997028,0.012382364977372736,0.007557992008514702,0.1803544123009057,0.10952749103307724,79.57137680053711,39.84539055172354
2654,8.2659193985043e-05,1.0165525964112021e-05,1.0165525964112021e-05,0.0,0.0,0.11941268853843212,0.012382799651619867,0.007558900164440274,0.18036789718298626,0.10955047979950905,79.58327674865723,39.85134471859783
2655,8.229927580234821e-05,1.015266730064468e-05,1.015266730064468e-05,0.0,0.0,0.11941586993634701,0.012382964762137388,0.0075584715232253075,0.18037582550286207,0.1095497626811266,79.59026718139648,39.854841525666416
2656,8.194035369082796e-05,9.984859843825689e-06,9.984859843825689e-06,0.0,0.0,0.11940696276724339,0.012382502770320223,0.007558035897091031,0.18036745054307027,0.1095398347824812,79.58287811279297,39.851142537780106
2657,8.158242804408425e-05,1.0007406331169477e-05,1.0007406331169477e-05,0.0,0.0,0.11942972801625729,0.012383683055404113,0.007559442427009344,0.1803825582341972,0.1095575150102377,79.59622001647949,39.857824872247875
2658,8.12254992546263e-05,1.0200748192801257e-05,1.0200748192801257e-05,0.0,0.0,0.11941805854439735,0.012383078457957575,0.007558463839814067,0.18037544084152735,0.10954573377966881,79.58993530273438,39.854676680639386
2659,8.086956771387042e-05,1.0051065601146547e-05,1.0051065601146547e-05,0.0,0.0,0.11940065398812294,0.012382176207359505,0.007557774311862886,0.18035109966269086,0.10953154787421227,79.56845664978027,39.8439286518842
2660,8.051463381213917e-05,9.947915941665997e-06,9.947915941665997e-06,0.0,0.0,0.11942182667553425,0.012383273530524503,0.007558882352896035,0.18036637911910974,0.10954680293798447,79.58193397521973,39.85067790094763
2661,8.016069793866094e-05,9.952516165867564e-06,9.952516165867564e-06,0.0,0.0,0.11941502802073956,0.012382920840604326,0.007558410405181348,0.1803711759508211,0.10954601690173149,79.58616828918457,39.852791658602655
2662,7.980776048157035e-05,9.928760619004606e-06,9.928760619004606e-06,0.0,0.0,0.11943615600466728,0.012384016335204676,0.007559210411272943,0.18038726428483545,0.10955820232629776,79.60037040710449,39.85990328155458
2663,7.9455821827906e-05,9.929623274729238e-06,9.929623274729238e-06,0.0,0.0,0.11940138787031174,0.012382213961592378,0.0075584243750199676,0.1803649798040157,0.10954686067998409,79.58070182800293,39.85005160793662
2664,7.910488236361184e-05,9.873043609331944e-06,9.873043609331944e-06,0.0,0.0,0.1194233987480402,0.012383355054670229,0.0075586335733532906,0.1803690331407948,0.10954258032143116,79.58428001403809,39.85185170639306
2665,7.87549424735363e-05,9.89940895124164e-06,9.89940895124164e-06,0.0,0.0,0.11942162923514843,0.012383263541943614,0.007559193414635956,0.18038290673913956,0.10956046171486378,79.59652328491211,39.85797245707363
2666,7.840600254143121e-05,9.83947393251583e-06,9.83947393251583e-06,0.0,0.0,0.1194305382668972,0.012383725211608201,0.007559137768112123,0.18038275959269046,0.10955497995018959,79.59639739990234,39.85791396908462
2667,7.805806294995194e-05,9.82922733783198e-06,9.82922733783198e-06,0.0,0.0,0.1194009892642498,0.01238219280748386,0.007558160927146673,0.18035508618166848,0.10953419841825962,79.57197570800781,39.84568834863603
2668,7.771112408065721e-05,9.84920052360394e-06,9.84920052360394e-06,0.0,0.0,0.11943436414003372,0.012383923652299742,0.007559113553725183,0.18037474380211932,0.10955100879073143,79.58931922912598,39.854376796633005
2669,7.736518631400779e-05,9.855415783022181e-06,9.855415783022181e-06,0.0,0.0,0.11941352859139442,0.012382843279790907,0.00755871762521565,0.18037680909623574,0.10955148562788963,79.59114265441895,39.85527809150517
2670,7.702025002936667e-05,9.801216037885752e-06,9.801216037885752e-06,0.0,0.0,0.11943426355719566,0.01238391821762293,0.007559203659184277,0.18038235171243217,0.1095550898462534,79.59603500366211,39.85773463360965
2671,7.667631560499913e-05,9.80042818810034e-06,9.80042818810034e-06,0.0,0.0,0.11940416134893894,0.012382357485388143,0.007558257319033146,0.18036826378833362,0.1095419991761446,79.5835952758789,39.85149971861392
2672,7.633338341807129e-05,9.80889240054239e-06,9.80889240054239e-06,0.0,0.0,0.11942428350448608,0.012383400884224597,0.007558977580629289,0.18037476445517756,0.10955172963440418,79.58933639526367,39.85438033938408
2673,7.599145384465044e-05,9.804438150240458e-06,9.804438150240458e-06,0.0,0.0,0.11941721476614475,0.012383034536827781,0.00755864183884114,0.1803722602546284,0.10954940319061279,79.58712959289551,39.853273403830826
2674,7.565052725970388e-05,9.797027132663061e-06,9.797027132663061e-06,0.0,0.0,0.11942184530198574,0.012383274558760314,0.007558771874755621,0.1803760888275981,0.10954912938177586,79.59050559997559,39.854963722638786
2675,7.531060403709997e-05,9.76822957454715e-06,9.76822957454715e-06,0.0,0.0,0.11941646225750446,0.0123829954630496,0.007558439974673092,0.18037321030594,0.10954619012773037,79.58795928955078,39.85368787590414
2676,7.497168454960576e-05,9.795429377845721e-06,9.795429377845721e-06,0.0,0.0,0.1194273866713047,0.012383561726991484,0.007559130201116204,0.1803904471885958,0.10956095531582832,79.60317802429199,39.86130270548165
2677,7.463376916888841e-05,9.81291623247671e-06,9.81291623247671e-06,0.0,0.0,0.11941691301763058,0.01238301881919499,0.007558552548289299,0.18036590665784727,0.10954221524298191,79.5815200805664,39.85046849679202
2678,7.429685826551334e-05,9.81704079094925e-06,9.81704079094925e-06,0.0,0.0,0.11942567117512226,0.012383473006673402,0.007559010176919401,0.18037749321969787,0.10955320484936237,79.59174537658691,39.85558552388102
2679,7.396095220894478e-05,9.740593895912752e-06,9.740593895912752e-06,0.0,0.0,0.11941803246736526,0.012383077282812318,0.007558610290288925,0.18036832316800286,0.10954582504928112,79.58365821838379,39.85153812542558
2680,7.362605136754458e-05,9.78952198238403e-06,9.78952198238403e-06,0.0,0.0,0.11941834539175034,0.012383093000370904,0.00755882787052542,0.18037962818453573,0.10955329053103924,79.59362411499023,39.85652123019099
2681,7.329215610857296e-05,9.70938231148466e-06,9.70938231148466e-06,0.0,0.0,0.11941537447273731,0.012382939202468203,0.007558530196547508,0.18036764417322745,0.10954577662050724,79.58305168151855,39.851233527995646
2682,7.295926679818667e-05,9.765410368345329e-06,9.765410368345329e-06,0.0,0.0,0.11942806839942932,0.01238359727369554,0.007559059304185212,0.18038124165389396,0.1095550935715437,79.59505844116211,39.85724325478077
2683,7.262738380144011e-05,9.731939940138545e-06,9.731939940138545e-06,0.0,0.0,0.11942609213292599,0.012383494746147885,0.00755905220285058,0.18037649155880375,0.10955175757408142,79.59086036682129,39.85514322947711
2684,7.229650748228346e-05,9.723992661747616e-06,9.723992661747616e-06,0.0,0.0,0.11941972747445107,0.01238316483082865,0.007558931014500558,0.18038129328467511,0.10955582931637764,79.59510231018066,39.85726101882756
2685,7.1966638203563e-05,9.728484201332321e-06,9.728484201332321e-06,0.0,0.0,0.11941824480891228,0.012383087859115618,0.007558647193945944,0.1803702646142463,0.10954482294619083,79.58536720275879,39.85239272378385
2686,7.16377763270209e-05,9.714402722238447e-06,9.714402722238447e-06,0.0,0.0,0.11943987011909485,0.012384209042922811,0.007559780380688608,0.1803992005296922,0.10956867784261703,79.61090469360352,39.865172281861305
2687,7.13099222132947e-05,9.744188218974159e-06,9.744188218974159e-06,0.0,0.0,0.1194162406027317,0.01238298385840752,0.007558628334663808,0.18037408806629135,0.1095488853752613,79.58874320983887,39.8540797252208
2688,7.098307622191641e-05,9.73575242824154e-06,9.73575242824154e-06,0.0,0.0,0.1194191537797451,0.012383135011691252,0.007558839628472924,0.18037122758448354,0.10954905860126019,79.58621788024902,39.852818517014384
2689,7.0657238711313e-05,9.785798511074972e-06,9.785798511074972e-06,0.0,0.0,0.11942799389362335,0.012383593454633053,0.007559143588878214,0.18038070469289383,0.10955550894141197,79.59458351135254,39.85700575262308
2690,7.033241003880527e-05,9.7706410997489e-06,9.7706410997489e-06,0.0,0.0,0.11942296288907528,0.012383332580499857,0.007558775367215276,0.18038172956418588,0.10955358296632767,79.59548568725586,39.85745432507247
2691,7.00085905606073e-05,9.811713880480966e-06,9.811713880480966e-06,0.0,0.0,0.1194259524345398,0.012383487401735099,0.007559515768662095,0.180376772953792,0.10955900512635708,79.59110260009766,39.8552642762661
2692,6.968578063182708e-05,9.81509924713464e-06,9.81509924713464e-06,0.0,0.0,0.11942088231444359,0.012383224468888029,0.00755864882376045,0.18037897504803596,0.10955006256699562,79.59305191040039,39.85623639635742
2693,6.93639806064653e-05,9.68407653090253e-06,9.68407653090253e-06,0.0,0.0,0.11943335831165314,0.01238387136179691,0.007559547550044954,0.18039455416147623,0.10956571623682976,79.60680198669434,39.863117672502995
2694,6.904319083741504e-05,9.736689435158041e-06,9.736689435158041e-06,0.0,0.0,0.11942949704825878,0.012383671157634136,0.0075593147194013,0.1803914332836376,0.10956261493265629,79.60404586791992,39.86173768248409
2695,6.872341167646202e-05,9.680153652880108e-06,9.680153652880108e-06,0.0,0.0,0.11942234635353088,0.012383300558408864,0.007558730547316372,0.18037832190917122,0.10954951122403145,79.59247589111328,39.855949118733406
2696,6.840464347428277e-05,9.736928404890932e-06,9.736928404890932e-06,0.0,0.0,0.11941689997911453,0.012383017937831812,0.00755885592661798,0.18037860846445838,0.10955592803657055,79.59273147583008,39.856074187904596
2697,6.808688658044598e-05,9.646893204262597e-06,9.646893204262597e-06,0.0,0.0,0.1194288618862629,0.012383638255099621,0.007558973622508347,0.18039345966621448,0.109560526907444,79.60583686828613,39.8626328650862
2698,6.777014134341081e-05,9.649739581618633e-06,9.649739581618633e-06,0.0,0.0,0.11944222077727318,0.012384331099385215,0.007559892605058849,0.18039592743387384,0.10956861078739166,79.60801696777344,39.863729594275355
2699,6.745440811052749e-05,9.65648541750852e-06,9.65648541750852e-06,0.0,0.0,0.1194220632314682,0.012383285575567211,0.007559087360277772,0.18038606390508627,0.10955645702779293,79.59930801391602,39.85936503857374
2700,6.71396872280361e-05,9.60594320531527e-06,9.60594320531527e-06,0.0,0.0,0.11943241767585278,0.012383822743181868,0.007559131248854101,0.18038963146192186,0.10955915413796902,79.60245704650879,39.86094473209232
2701,6.68259790410669e-05,9.631921784603037e-06,9.631921784603037e-06,0.0,0.0,0.11942613683640957,0.012383497096359056,0.0075589814223349094,0.18038119002309802,0.10955302976071835,79.59501075744629,39.85721844714135
2702,6.651328389363913e-05,9.630085969547508e-06,9.630085969547508e-06,0.0,0.0,0.11942758597433567,0.012383572302881039,0.007559179444797337,0.1803941876095574,0.10956253111362457,79.60647773742676,39.86295266170055
2703,6.620160212866148e-05,9.645886166254058e-06,9.645886166254058e-06,0.0,0.0,0.11943529546260834,0.01238397197675352,0.007559314020909369,0.1803809241242649,0.10955535620450974,79.59477233886719,39.8571038171649
2704,6.589093408793098e-05,9.639190693633282e-06,9.639190693633282e-06,0.0,0.0,0.11942030861973763,0.012383194943677782,0.007558710756711662,0.18038359600248727,0.10955392569303513,79.59712600708008,39.85827315784991
2705,6.558128011213357e-05,9.607807669453905e-06,9.607807669453905e-06,0.0,0.0,0.11943219602108002,0.012383811139315018,0.007559297839179635,0.18038386964188746,0.10956058464944363,79.59737396240234,39.85840307921171
2706,6.527264054084284e-05,9.630894282963709e-06,9.630894282963709e-06,0.0,0.0,0.11942333728075027,0.012383351969982593,0.0075589161133393645,0.18039126291158103,0.10956192947924137,79.60390281677246,39.861663077026606
2707,6.496501571251936e-05,9.583746759744827e-06,9.583746759744827e-06,0.0,0.0,0.1194258313626051,0.012383481232424992,0.007559105404652655,0.18037477736333773,0.1095516961067915,79.58934593200684,39.85438588168472
2708,6.465840596451208e-05,9.561518481859821e-06,9.561518481859821e-06,0.0,0.0,0.11942964605987072,0.012383678942596031,0.007559104822576046,0.1803875998734441,0.10955818369984627,79.60066413879395,39.86004689242691
2709,6.435281163305597e-05,9.561727438267553e-06,9.561727438267553e-06,0.0,0.0,0.11942621134221554,0.012383500621674978,0.00755917199421674,0.18038535916228624,0.1095598116517067,79.59868240356445,39.859054307453334
2710,6.404823305327245e-05,9.553854397381656e-06,9.553854397381656e-06,0.0,0.0,0.11942973174154758,0.012383683496062042,0.007559393532574177,0.18039514528941009,0.10956724919378757,79.60732460021973,39.86337716598064
2711,6.374467055916967e-05,9.535321851217304e-06,9.535321851217304e-06,0.0,0.0,0.11943051032721996,0.012383723889638824,0.007559162098914385,0.18038607423096764,0.1095595471560955,79.59931945800781,39.859374984167516
2712,6.34421244836411e-05,9.551719131195568e-06,9.551719131195568e-06,0.0,0.0,0.11942354217171669,0.01238336254605129,0.007558964425697923,0.18038671443445795,0.10955910943448544,79.59988212585449,39.859652834013104
2713,6.31405951584652e-05,9.564069387124619e-06,9.564069387124619e-06,0.0,0.0,0.11943282000720501,0.012383843600737984,0.007559310412034392,0.18039282464941,0.10956437885761261,79.60527229309082,39.86235255654901
2714,6.284008291430624e-05,9.559033173900389e-06,9.559033173900389e-06,0.0,0.0,0.11943390592932701,0.01238389985721066,0.007559629040770233,0.18039855520792963,0.10956584475934505,79.61033248901367,39.8648831974715
2715,6.254058808071248e-05,9.551442190058879e-06,9.551442190058879e-06,0.0,0.0,0.11942779459059238,0.012383583172535894,0.00755899038631469,0.18038898610592705,0.10955946706235409,79.60188865661621,39.8606582256034
2716,6.22421109861169e-05,9.55067616814631e-06,9.55067616814631e-06,0.0,0.0,0.119438286870718,0.012384127083756722,0.0075596756068989635,0.18039351903759004,0.10956595838069916,79.60589218139648,39.8626652341336
2717,6.194465195783637e-05,9.544326985633234e-06,9.544326985633234e-06,0.0,0.0,0.11942925490438938,0.012383658819193937,0.007559294928796589,0.18039079051549164,0.10956061631441116,79.60348129272461,39.8614552738145
2718,6.164821132207085e-05,9.504087984169018e-06,9.504087984169018e-06,0.0,0.0,0.11943300254642963,0.012383852707547242,0.007559588877484202,0.18038661892037175,0.10956056229770184,79.59979820251465,39.85961560253054
2719,6.135278940390382e-05,9.542496059111727e-06,9.542496059111727e-06,0.0,0.0,0.11944114044308662,0.012384274844871488,0.007559534860774875,0.18039343643393174,0.10956604778766632,79.60581398010254,39.86262756027281
2720,6.1058386527302e-05,9.519569857729948e-06,9.519569857729948e-06,0.0,0.0,0.11942381784319878,0.012383377088130998,0.0075591313652694225,0.1803871558637669,0.10956113412976265,79.60027694702148,39.85985038243234
2721,6.0765003015114e-05,9.518735055280558e-06,9.518735055280558e-06,0.0,0.0,0.1194355171173811,0.012383983727352077,0.0075594139052554965,0.18039062530563837,0.10956292971968651,79.60333824157715,39.861386879347265
2722,6.0472639189070765e-05,9.491942364547867e-06,9.491942364547867e-06,0.0,0.0,0.11943090334534645,0.01238374401293518,0.007559303427115083,0.18039249939603472,0.10956352390348911,79.60498809814453,39.86220950074494
2723,6.0181295369785425e-05,9.509038591204444e-06,9.509038591204444e-06,0.0,0.0,0.11942980624735355,0.0123836870213249,0.007559222402051091,0.18039437088560992,0.1095639280974865,79.60664558410645,39.8630376951769
2724,5.989097187675182e-05,9.484173006057972e-06,9.484173006057972e-06,0.0,0.0,0.11943253129720688,0.012383828471669089,0.007559583522379398,0.18039425730610634,0.10956532880663872,79.60653877258301,39.86298565194011
2725,5.960166902834532e-05,9.488215255260002e-06,9.488215255260002e-06,0.0,0.0,0.11942804418504238,0.012383596098599516,0.007559166639111936,0.18037874786956865,0.10955578833818436,79.59285163879395,39.856139841489494
2726,5.9313387141822126e-05,9.489431249676272e-06,9.489431249676272e-06,0.0,0.0,0.11943508125841618,0.012383960813674563,0.007559593883343041,0.18039769563575664,0.10956859588623047,79.60957717895508,39.86450613010675
2727,5.902612653331858e-05,9.442303053219803e-06,9.442303053219803e-06,0.0,0.0,0.11942903324961662,0.01238364706828708,0.007559160701930523,0.18038168051506276,0.10955699905753136,79.59543991088867,39.857434472069144
2728,5.8739887517851184e-05,9.499997986495146e-06,9.499997986495146e-06,0.0,0.0,0.11943521723151207,0.01238396771715879,0.0075598073890432715,0.18039873589825584,0.10956944711506367,79.6104907989502,39.864963008090854
2729,5.845467040931595e-05,9.525153473077808e-06,9.525153473077808e-06,0.0,0.0,0.11943133920431137,0.012383766486358881,0.007559180608950555,0.18039052204940323,0.10956296883523464,79.60324478149414,39.861338060349226
2730,5.817047552048873e-05,9.462892876399565e-06,9.462892876399565e-06,0.0,0.0,0.11943516507744789,0.012383965220154301,0.007559597841463983,0.18039809573742777,0.10956742987036705,79.60992813110352,39.86468164809048
2731,5.788730316302368e-05,9.434992307433276e-06,9.434992307433276e-06,0.0,0.0,0.11942750215530396,0.012383567602486796,0.007559057674370706,0.18038292222823246,0.10955679044127464,79.59653282165527,39.85798016190529
2732,5.760515364745437e-05,9.478694437348167e-06,9.478694437348167e-06,0.0,0.0,0.11943702399730682,0.012384061574785908,0.0075599224073812366,0.18039952577098559,0.10957089625298977,79.61119270324707,39.86531486362219
2733,5.732402728319215e-05,9.54453821577772e-06,9.54453821577772e-06,0.0,0.0,0.11943528987467289,0.0123839713892233,0.007559189340099692,0.18038892157020056,0.10955812409520149,79.60183143615723,39.86063336301595
2734,5.704392437852671e-05,9.55902214627713e-06,9.55902214627713e-06,0.0,0.0,0.11942912265658379,0.01238365162176481,0.007559252670034766,0.18039155977187854,0.10956424474716187,79.60415840148926,39.86179376207292
2735,5.676484524062485e-05,9.489499007031554e-06,9.489499007031554e-06,0.0,0.0,0.1194270309060812,0.012383543366050664,0.0075591248460114,0.1803845614830478,0.10955983959138393,79.59798240661621,39.858704718761146
2736,5.6486790175531493e-05,9.484793395131419e-06,9.484793395131419e-06,0.0,0.0,0.11944778636097908,0.012384619418116898,0.007560073281638324,0.18041933340923885,0.1095802690833807,79.6286735534668,39.87406066991389
2737,5.620975948816773e-05,9.504875151833403e-06,9.504875151833403e-06,0.0,0.0,0.11942723020911217,0.0123835539419559,0.007559193996712565,0.18038765408385307,0.10956330224871635,79.6007137298584,39.860070480033755
2738,5.593375348233212e-05,9.42840756579244e-06,9.42840756579244e-06,0.0,0.0,0.11942853592336178,0.012383621510026168,0.007559327641502023,0.18039011934952145,0.10956249572336674,79.6028881072998,39.86115832161158
2739,5.565877246069882e-05,9.428358907825896e-06,9.428358907825896e-06,0.0,0.0,0.11944013088941574,0.012384222408971933,0.007559766061604023,0.18040279105782533,0.10957269743084908,79.61407279968262,39.86675646528602
2740,5.53848167248183e-05,9.45235410654277e-06,9.45235410654277e-06,0.0,0.0,0.11942296288907528,0.012383332580499857,0.007559202844277024,0.18038420007381745,0.10955762676894665,79.59766578674316,39.85854437481612
2741,5.5111886575116315e-05,9.41669554777036e-06,9.41669554777036e-06,0.0,0.0,0.11943509988486767,0.012383961548087963,0.007559490157291293,0.18039016839635,0.10956590995192528,79.60293197631836,39.86118353810161
2742,5.4839982310894676e-05,9.400365797773702e-06,9.400365797773702e-06,0.0,0.0,0.11942612566053867,0.012383496655694496,0.007559363031759858,0.18039554797807236,0.10956965945661068,79.60768127441406,39.8635537000373
2743,5.4569104230329546e-05,9.434901130589424e-06,9.434901130589424e-06,0.0,0.0,0.11945339106023312,0.01238491022695103,0.0075604155426844954,0.1804096415149878,0.1095791794359684,79.62012100219727,39.86978719662875
2744,5.4299252630472046e-05,9.475177876083762e-06,9.475177876083762e-06,0.0,0.0,0.11942248046398163,0.012383307902932465,0.007558926939964294,0.1803808234440219,0.10955643840134144,79.59468078613281,39.8570516332984
2745,5.403042780724754e-05,9.425532198292785e-06,9.425532198292785e-06,0.0,0.0,0.11944323033094406,0.012384382947313876,0.007559927646070719,0.1804062085753763,0.10957535542547703,79.61708641052246,39.8682648204267
2746,5.3762630055455194e-05,9.4409679149976e-06,9.4409679149976e-06,0.0,0.0,0.11943556182086468,0.0123839854899409,0.007559332647360861,0.1803908911901718,0.10955922864377499,79.60356903076172,39.86150229629129
2747,5.349585966876817e-05,9.459280931878311e-06,9.459280931878311e-06,0.0,0.0,0.11944610252976418,0.012384532321010978,0.007560484227724373,0.1804049128172781,0.1095783244818449,79.61594581604004,39.8676959592849
2748,5.3230116939733095e-05,9.518910474071163e-06,9.518910474071163e-06,0.0,0.0,0.11941861733794212,0.012383107395874348,0.00755893369205296,0.18038896287306816,0.10955772176384926,79.60186386108398,39.86064123921096
2749,5.2965402159769237e-05,9.6297610525653e-06,9.6297610525653e-06,0.0,0.0,0.11945008859038353,0.012384738826812954,0.007560437079519033,0.1804149172737912,0.10958581231534481,79.62477493286133,39.872112510725856
2750,5.2701715619169095e-05,9.56371900429076e-06,9.56371900429076e-06,0.0,0.0,0.11943051032721996,0.012383723742753329,0.007559309131465852,0.18039042137451705,0.10956304334104061,79.6031608581543,39.86129568424076
2751,5.243905760709692e-05,9.412487997906283e-06,9.412487997906283e-06,0.0,0.0,0.11942506209015846,0.012383441278723232,0.00755928480066359,0.18039206056118628,0.10956515744328499,79.6046028137207,39.86201393790543
2752,5.217742841158968e-05,9.40592553888564e-06,9.40592553888564e-06,0.0,0.0,0.11943449079990387,0.012383930115155546,0.007559445570223033,0.1803864485437681,0.10955947265028954,79.59965324401855,39.85954386740923
2753,5.1916828319555675e-05,9.362531955048325e-06,9.362531955048325e-06,0.0,0.0,0.11944135278463364,0.012384285713909723,0.007559804245829582,0.18040405069418422,0.10957185737788677,79.61518859863281,39.86731497570872
2754,5.165725761677504e-05,9.37901802444685e-06,9.37901802444685e-06,0.0,0.0,0.11944085732102394,0.012384260010087692,0.007560075959190726,0.18040421847295351,0.10957641154527664,79.6153335571289,39.867387207224965
2755,5.13987165878987e-05,9.395927804689563e-06,9.395927804689563e-06,0.0,0.0,0.11943052895367146,0.012383724770951758,0.007559154182672501,0.18039459288170587,0.10956490784883499,79.60683822631836,39.863134377636015
2756,5.114120551644888e-05,9.377981541547342e-06,9.377981541547342e-06,0.0,0.0,0.11944283545017242,0.012384362825055723,0.007559769903309643,0.1804044972434867,0.10957447439432144,79.61557579040527,39.86750931292772
2757,5.088472468481785e-05,9.338891004517791e-06,9.338891004517791e-06,0.0,0.0,0.11943955719470978,0.012384192592381013,0.00755975756328553,0.1804052974157725,0.10957287438213825,79.61628341674805,39.86786148697138
2758,5.0629274374268205e-05,9.312716201748117e-06,9.312716201748117e-06,0.0,0.0,0.11943578720092773,0.012383997387408887,0.007559590972959995,0.18039931668736428,0.10956871323287487,79.61100387573242,39.865219831466675
2759,5.037485486493258e-05,9.293770062868134e-06,9.293770062868134e-06,0.0,0.0,0.11943283677101135,0.012383844188274267,0.007559350575320423,0.1803980260423618,0.10956756211817265,79.60986518859863,39.86464901268482
2760,5.01214664358133e-05,9.320892104369705e-06,9.320892104369705e-06,0.0,0.0,0.11944292485713959,0.012384367231392421,0.007560022175312042,0.18040664221345817,0.10957601852715015,79.61747169494629,39.868457309901714
2761,4.986910936478186e-05,9.306700235356402e-06,9.306700235356402e-06,0.0,0.0,0.11943820491433144,0.012384122824215343,0.00755961041431874,0.18040120875624738,0.10956946574151516,79.61268043518066,39.8660593200475
2762,4.961778392857835e-05,9.302885018769302e-06,9.302885018769302e-06,0.0,0.0,0.1194391380995512,0.012384171001011739,0.007559650111943483,0.18039762594053607,0.10956896282732487,79.60951614379883,39.86447764094919
2763,4.936749040281238e-05,9.277717254008166e-06,9.277717254008166e-06,0.0,0.0,0.11944139748811722,0.01238428835772839,0.007559821824543178,0.18040694937313553,0.10957540385425091,79.61774063110352,39.868591014295816
2764,4.9118229061961286e-05,9.273343948734691e-06,9.273343948734691e-06,0.0,0.0,0.11944214440882206,0.012384326839914006,0.007559960475191474,0.18040684354507044,0.10957655683159828,79.61764526367188,39.86854370404035
2765,4.8870000179370724e-05,9.31826218675269e-06,9.31826218675269e-06,0.0,0.0,0.11942946165800095,0.012383669541886714,0.007559254532679915,0.180390966050795,0.10956201329827309,79.60364151000977,39.86153548583388
2766,4.86228040272541e-05,9.314961516793119e-06,9.314961516793119e-06,0.0,0.0,0.11944317072629929,0.01238438000975998,0.0075600300915539265,0.1804065570346315,0.10957777872681618,79.61739730834961,39.868420239537954
2767,4.8376640876692365e-05,9.316520618085633e-06,9.316520618085633e-06,0.0,0.0,0.11942910775542259,0.01238365118110575,0.0075593439396470785,0.18040029240885713,0.10956865921616554,79.61186408996582,39.86564659886062
2768,4.813151099763336e-05,9.305975368079089e-06,9.305975368079089e-06,0.0,0.0,0.1194496601819992,0.012384716648901114,0.007560080150142312,0.18040431914014018,0.10957457311451435,79.61542320251465,39.867436431348324
2769,4.788741465889226e-05,9.392880542691273e-06,9.392880542691273e-06,0.0,0.0,0.11942748911678791,0.012383567161824744,0.007559338235296309,0.1803907982596998,0.10956330597400665,79.60348320007324,39.861455344595015
2770,4.7644352128150714e-05,9.430561931367265e-06,9.430561931367265e-06,0.0,0.0,0.11945411935448647,0.012384947972849527,0.0075608399929478765,0.18041954505065466,0.10958831757307053,79.62886047363281,39.87415729649365
2771,4.740232367195628e-05,9.432582601220929e-06,9.432582601220929e-06,0.0,0.0,0.11943782307207584,0.01238410284841553,0.007559671415947378,0.18040820898046048,0.10957524180412292,79.61884880065918,39.86914331186563
2772,4.7161329555723204e-05,9.327801308245398e-06,9.327801308245398e-06,0.0,0.0,0.1194356195628643,0.012383988574470735,0.0075597165850922465,0.18040318340451955,0.10957624576985836,79.61442184448242,39.86692873202264
2773,4.69213700437308e-05,9.300267265643924e-06,9.300267265643924e-06,0.0,0.0,0.1194385327398777,0.012384139862372074,0.007559656514786184,0.18040391647105644,0.10956954583525658,79.61506652832031,39.867252530530095
2774,4.668244539912419e-05,9.333606158179464e-06,9.333606158179464e-06,0.0,0.0,0.11944090016186237,0.012384261919516306,0.0075596802635118365,0.18039645918691932,0.10956801101565361,79.60848426818848,39.86396258417517
2775,4.644455588391357e-05,9.285391115554376e-06,9.285391115554376e-06,0.0,0.0,0.11944442987442017,0.012384445517046396,0.007559910183772445,0.18041295565937668,0.10958079807460308,79.62304306030273,39.87124374508858
2776,4.620770175897387e-05,9.24257437873166e-06,9.24257437873166e-06,0.0,0.0,0.11943846009671688,0.012384136043476913,0.0075597347458824515,0.1804106016939253,0.1095770113170147,79.62096405029297,39.87020125519484
2777,4.597188328404477e-05,9.228141152561875e-06,9.228141152561875e-06,0.0,0.0,0.1194471400231123,0.012384586077475862,0.007560056401416659,0.18040876908990924,0.10957660526037216,79.61934661865234,39.86939687933773
2778,4.573710071773024e-05,9.228432418240118e-06,9.228432418240118e-06,0.0,0.0,0.11943420581519604,0.012383915133075572,0.007559625431895256,0.18040028208378958,0.1095708068460226,79.61185646057129,39.86564533319324
2779,4.550335431749792e-05,9.206424692820292e-06,9.206424692820292e-06,0.0,0.0,0.1194509007036686,0.012384780979423332,0.007560124387964606,0.18040971894896252,0.10957814566791058,79.62018966674805,39.86982028372586
2780,4.5270644339679463e-05,9.224564564647153e-06,9.224564564647153e-06,0.0,0.0,0.11943528801202774,0.0123839713892233,0.007559753372333944,0.18040116487492916,0.10957364365458488,79.61263656616211,39.86603592708707
2781,4.5038971039470035e-05,9.198723773806705e-06,9.198723773806705e-06,0.0,0.0,0.11944210529327393,0.012384324930495402,0.007560052676126361,0.18040468567147347,0.10957818664610386,79.6157455444336,39.867593824863434
2782,4.480833467092763e-05,9.235978495780728e-06,9.235978495780728e-06,0.0,0.0,0.11944207362830639,0.01238432316795489,0.007559827528893948,0.18040662156404932,0.109574219211936,79.61745071411133,39.86844639386982
2783,4.457873548697356e-05,9.228361022906029e-06,9.228361022906029e-06,0.0,0.0,0.1194416768848896,0.012384302751842352,0.007560000638477504,0.18040485344965224,0.1095750518143177,79.61589431762695,39.86766799725592
2784,4.43501737393911e-05,9.214094916387694e-06,9.214094916387694e-06,0.0,0.0,0.11944207549095154,0.01238432346171166,0.007559918332844973,0.18040746818787348,0.10957652889192104,79.61819648742676,39.868819281458855
2785,4.4122649678826614e-05,9.195920938509516e-06,9.195920938509516e-06,0.0,0.0,0.11944340914487839,0.012384392641236792,0.007559898309409618,0.18040730557445944,0.10957704298198223,79.6180534362793,39.86874842271209
2786,4.389616355478769e-05,9.183337624563137e-06,9.183337624563137e-06,0.0,0.0,0.11944117769598961,0.012384276754297815,0.00755978177767247,0.18040540582593823,0.10957508906722069,79.61637496948242,39.867908073589206
2787,4.3670715615644684e-05,9.164234256786585e-06,9.164234256786585e-06,0.0,0.0,0.11945160664618015,0.012384817550735616,0.007560270023532212,0.18041438041301863,0.10958237946033478,79.62430572509766,39.87187866587192
2788,4.344630610862849e-05,9.161722800854477e-06,9.161722800854477e-06,0.0,0.0,0.11942850425839424,0.012383619600498809,0.007559467107057571,0.18039896047026616,0.1095702014863491,79.61069679260254,39.86506264843047
2789,4.322293527983186e-05,9.19095089102484e-06,9.19095089102484e-06,0.0,0.0,0.11945172771811485,0.012384823719380055,0.00756034511141479,0.18041291178091565,0.10958205536007881,79.62300682067871,39.87122927419841
2790,4.3000603374208156e-05,9.18179159725696e-06,9.18179159725696e-06,0.0,0.0,0.11944014579057693,0.01238422329024939,0.00755978177767247,0.18040907624596544,0.10957786813378334,79.61961936950684,39.869529757648706
2791,4.277931063557162e-05,9.18044042919064e-06,9.18044042919064e-06,0.0,0.0,0.11944338493049145,0.01238439117246108,0.007559951744042337,0.18040667318756698,0.10957674868404865,79.61749839782715,39.86847089137882
2792,4.25590573065968e-05,9.210787311531021e-06,9.210787311531021e-06,0.0,0.0,0.11944160796701908,0.012384299520512104,0.007559952908195555,0.18040637893331848,0.10957381501793861,79.61724090576172,39.86834125686437
2793,4.2339843628818695e-05,9.17727936666779e-06,9.17727936666779e-06,0.0,0.0,0.11944843269884586,0.012384653052417132,0.007560149417258799,0.1804091769104415,0.1095789484679699,79.61970901489258,39.86957872379571
2794,4.212166984263195e-05,9.190526952806977e-06,9.190526952806977e-06,0.0,0.0,0.11943932995200157,0.012384180988860708,0.007559811812825501,0.1804128420915732,0.10957823693752289,79.62294387817383,39.871191604062915
2795,4.1904536187290474e-05,9.280883432438713e-06,9.280883432438713e-06,0.0,0.0,0.11945978365838528,0.012385241123849328,0.007560543483123183,0.1804200922199937,0.10958685725927353,79.62934684753418,39.87440331559628
2796,4.168844290090838e-05,9.214920282829553e-06,9.214920282829553e-06,0.0,0.0,0.1194307915866375,0.012383738431294212,0.0075594737427309155,0.18040138944391576,0.10957100614905357,79.61283874511719,39.86613476835191
2797,4.1473390220458364e-05,9.280136282541207e-06,9.280136282541207e-06,0.0,0.0,0.1194508858025074,0.01238478039193149,0.0075602628057822585,0.1804105733016107,0.109579898416996,79.62094688415527,39.87019888497889
2798,4.125937838177186e-05,9.241145562555175e-06,9.241145562555175e-06,0.0,0.0,0.11943871900439262,0.012384149409604823,0.007559671998023987,0.18040948148466804,0.10957658477127552,79.61998176574707,39.86971024237573
2799,4.10464076195394e-05,9.215128784489934e-06,9.215128784489934e-06,0.0,0.0,0.11945170722901821,0.012384822544400398,0.007560322526842356,0.18041349510546684,0.10958300158381462,79.62351989746094,39.87148580234498
2800,4.083447816730937e-05,9.192990319206729e-06,9.192990319206729e-06,0.0,0.0,0.11943498067557812,0.012383955525896809,0.007559787714853883,0.18041169866629597,0.10958205163478851,79.6219310760498,39.87068302836269
2801,4.0623590257488334e-05,9.174619663099293e-06,9.174619663099293e-06,0.0,0.0,0.11944131925702095,0.01238428424512133,0.007559824967756867,0.18039984584914628,0.10957037284970284,79.61147499084473,39.865458155050874
2802,4.041374412134078e-05,9.19191745651915e-06,9.19191745651915e-06,0.0,0.0,0.1194520927965641,0.012384842519039398,0.0075603516306728125,0.18041470046482536,0.1095829475671053,79.62457847595215,39.872015284374356
2803,4.0204939988988736e-05,9.165662163468369e-06,9.165662163468369e-06,0.0,0.0,0.11943108588457108,0.01238375370735825,0.007559528690762818,0.18040233934182456,0.10957381874322891,79.6136703491211,39.86655071750283
2804,3.999717808941152e-05,9.161269645119319e-06,9.161269645119319e-06,0.0,0.0,0.11945075169205666,0.012384773342027217,0.007560058264061809,0.18041504374556763,0.10958096571266651,79.62488746643066,39.87216910906136
2805,3.979045865044576e-05,9.190537639369722e-06,9.190537639369722e-06,0.0,0.0,0.1194442417472601,0.01238443538253371,0.007560222176834941,0.18042126398271324,0.10958568006753922,79.6303768157959,39.87491052877158
2806,3.95847818987844e-05,9.190343007503543e-06,9.190343007503543e-06,0.0,0.0,0.11943495646119118,0.012383954644600298,0.007559449062682688,0.18040213026146415,0.10957188904285431,79.61348724365234,39.86646110005677
2807,3.938014805997717e-05,9.136384505836759e-06,9.136384505836759e-06,0.0,0.0,0.11945885606110096,0.01238519324495171,0.007560530444607139,0.18041524506780435,0.1095850970596075,79.62506484985352,39.87226185295731
2808,3.9176557358430316e-05,9.145186140813166e-06,9.145186140813166e-06,0.0,0.0,0.11943741142749786,0.012384081697533548,0.007559954305179417,0.18041382032099068,0.10958306863904,79.62380981445312,39.87162361294031
2809,3.897401001740602e-05,9.128300575866888e-06,9.128300575866888e-06,0.0,0.0,0.11944659426808357,0.012384557143014197,0.007559970137663186,0.18040520965511445,0.10957590490579605,79.61620330810547,39.867824951186776
2810,3.877250625902213e-05,9.117095260080532e-06,9.117095260080532e-06,0.0,0.0,0.11945055983960629,0.012384763207782791,0.007560236263088882,0.18041793450485638,0.10958424024283886,79.62743949890137,39.87344502937049
2811,3.85720463042525e-05,9.101625892071752e-06,9.101625892071752e-06,0.0,0.0,0.11944260634481907,0.012384351074816863,0.007560048019513488,0.18041668012749648,0.10958331637084484,79.6263313293457,39.87288696784526
2812,3.837263037292571e-05,9.083147574528994e-06,9.083147574528994e-06,0.0,0.0,0.1194545179605484,0.012384968094156972,0.007560227997601032,0.1804186933214948,0.10958326421678066,79.62810897827148,39.873781748116016
2813,3.8174258683725906e-05,9.110029736802971e-06,9.110029736802971e-06,0.0,0.0,0.11943493224680424,0.012383953175772637,0.007559851743280888,0.18040794054029258,0.10957913286983967,79.61861801147461,39.86902647186071
2814,3.797693145419206e-05,9.071268777915975e-06,9.071268777915975e-06,0.0,0.0,0.11945035494863987,0.01238475248603691,0.007560189696960151,0.18041496373282143,0.10958193987607956,79.62481117248535,39.872130763716996
2815,3.778064890071765e-05,9.104328910325421e-06,9.104328910325421e-06,0.0,0.0,0.1194473896175623,0.012384598708742499,0.007559937192127109,0.18041358028101784,0.1095800306648016,79.62359809875488,39.87152274418622
2816,3.758541123855054e-05,9.07528578864003e-06,9.07528578864003e-06,0.0,0.0,0.11944614164531231,0.012384534083521723,0.00756016094237566,0.18041386161815812,0.10958157107234001,79.62384796142578,39.87164705153555
2817,3.739121868179265e-05,9.06118361854169e-06,9.06118361854169e-06,0.0,0.0,0.11945153214037418,0.012384813438304281,0.007560289930552244,0.18041767382221346,0.1095845066010952,79.62721252441406,39.87333202827722
2818,3.719807144340011e-05,9.044691978488117e-06,9.044691978488117e-06,0.0,0.0,0.11944818124175072,0.012384640274331296,0.007560248486697674,0.1804148398420476,0.10958332009613514,79.62470817565918,39.872078178450465
2819,3.700596973518233e-05,9.098659802475595e-06,9.098659802475595e-06,0.0,0.0,0.11944424919784069,0.012384435970041918,0.007560020545497537,0.18041350801085596,0.10958131402730942,79.62353324890137,39.871488749049604
2820,3.681491376780258e-05,9.111515510085155e-06,9.111515510085155e-06,0.0,0.0,0.119454899802804,0.012384988362302226,0.007560564903542399,0.18042439466824578,0.10959105752408504,79.63313484191895,39.876294870860875
2821,3.662490375077713e-05,9.101867135541397e-06,9.101867135541397e-06,0.0,0.0,0.11944122612476349,0.012384279398118396,0.007559909834526479,0.1804106016939253,0.1095771249383688,79.62096786499023,39.8702045455575
2822,3.643593989247533e-05,9.041987823366071e-06,9.041987823366071e-06,0.0,0.0,0.11944912001490593,0.012384688595988852,0.0075602539582178,0.18041459206024474,0.10958297364413738,79.6244945526123,39.871971836313605
2823,3.6248022400119e-05,9.041183375302353e-06,9.041183375302353e-06,0.0,0.0,0.11944504827260971,0.012384477389300354,0.007560124970041215,0.18041428749464583,0.10958119295537472,79.62421798706055,39.87183151766658
2824,3.606115147978284e-05,9.055165151039546e-06,9.055165151039546e-06,0.0,0.0,0.11945193633437157,0.012384834441064271,0.007560201454907656,0.18041144571796455,0.10958016663789749,79.62171173095703,39.8705818336457
2825,3.587532733639366e-05,9.047647381521529e-06,9.047647381521529e-06,0.0,0.0,0.11944480240345001,0.012384464904786686,0.00756012590136379,0.18041502309712037,0.10958287864923477,79.6248664855957,39.87215564399958
2826,3.569055017373053e-05,9.047927051142324e-06,9.047927051142324e-06,0.0,0.0,0.11944587901234627,0.012384520570932932,0.007560065598227084,0.18041554446968963,0.10958344861865044,79.62532997131348,39.87238792516291
2827,3.550682019442419e-05,9.037234690367768e-06,9.037234690367768e-06,0.0,0.0,0.11945513635873795,0.012385000552547527,0.00756045535672456,0.18042416496604266,0.1095870565623045,79.63294219970703,39.876198668032885
2828,3.532413759995731e-05,9.009349469124572e-06,9.009349469124572e-06,0.0,0.0,0.11944802477955818,0.012384632049349531,0.0075602042488753796,0.18041801193527182,0.10958525352180004,79.62750434875488,39.87347618676722
2829,3.5142502590663284e-05,9.026492762131966e-06,9.026492762131966e-06,0.0,0.0,0.11944630183279514,0.012384542455444337,0.007560135913081467,0.18041549542975968,0.10958372801542282,79.62528800964355,39.872367155738175
2830,3.4961915365727525e-05,9.019414960675931e-06,9.019414960675931e-06,0.0,0.0,0.11945410817861557,0.012384947385365608,0.007560431840829551,0.1804257548090065,0.10959012433886528,79.63434219360352,39.876898150891066
2831,3.478237612318584e-05,9.010482472149306e-06,9.010482472149306e-06,0.0,0.0,0.11944355443120003,0.012384400131990212,0.007560078287497163,0.18041336863260482,0.10958321392536163,79.62340354919434,39.87142355181277
2832,3.460388505992531e-05,8.998028988571605e-06,8.998028988571605e-06,0.0,0.0,0.11944954097270966,0.01238471033332955,0.00756023358553648,0.18041957860353924,0.10958417877554893,79.62888717651367,39.87416835874319
2833,3.442644237168321e-05,9.009181553665258e-06,9.009181553665258e-06,0.0,0.0,0.11945362575352192,0.01238492197665939,0.007560440222732723,0.18042087941825438,0.10958650149405003,79.63004112243652,39.87474737409502
2834,3.425004825304698e-05,9.005019137475756e-06,9.005019137475756e-06,0.0,0.0,0.1194428838789463,0.012384365321980045,0.007559991208836436,0.18041133214921057,0.1095790471881628,79.62161445617676,39.87052867002785
2835,3.407470289745459e-05,8.984084843177698e-06,8.984084843177698e-06,0.0,0.0,0.11945296078920364,0.01238488760873105,0.007560340105555952,0.18042125107787893,0.1095863338559866,79.63036727905273,39.87491011992097
2836,3.390040649719365e-05,8.982103054222534e-06,8.982103054222534e-06,0.0,0.0,0.1194495540112257,0.012384710920824715,0.007560244062915444,0.18041914499655004,0.10958606749773026,79.62850761413574,39.873978584073484
2837,3.372715924340142e-05,8.998322073239251e-06,8.998322073239251e-06,0.0,0.0,0.11944979056715965,0.012384723698837662,0.007560393074527383,0.1804190391756385,0.109587037935853,79.62841796875,39.87393387965858
2838,3.3554961326065035e-05,8.974850175036408e-06,8.974850175036408e-06,0.0,0.0,0.119450893253088,0.012384780685677416,0.007560232770629227,0.18042274028966687,0.10958767309784889,79.63168334960938,39.87556712143123
2839,3.33838129340205e-05,8.982286544778617e-06,8.982286544778617e-06,0.0,0.0,0.11945281364023685,0.01238488011827247,0.00756044196896255,0.18042213376641889,0.10958863236010075,79.63114738464355,39.875300099141896
2840,3.3213714254952934e-05,8.968989504865021e-06,8.968989504865021e-06,0.0,0.0,0.11944696120917797,0.0123845768243305,0.007560192607343197,0.1804164633206491,0.10958346724510193,79.62614250183105,39.872794731520116
2841,3.304466547539638e-05,8.968089787231293e-06,8.968089787231293e-06,0.0,0.0,0.11944650113582611,0.01238455288362073,0.007560171652585268,0.18041578708809428,0.10958338715136051,79.62554550170898,39.872496001422405
2842,3.2876666780733724e-05,8.977708603197243e-06,8.977708603197243e-06,0.0,0.0,0.1194523237645626,0.012384854709428251,0.007560304249636829,0.18042141109775928,0.10958658903837204,79.63050842285156,39.87498037330806
2843,3.2709718355195927e-05,8.984949545265408e-06,8.984949545265408e-06,0.0,0.0,0.11945287138223648,0.012384882908836001,0.00756044196896255,0.18042364878024955,0.10958930291235447,79.63248252868652,39.87596770003438
2844,3.254382038186261e-05,8.992998232315585e-06,8.992998232315585e-06,0.0,0.0,0.11945338733494282,0.012384909786336749,0.007560510071925819,0.1804261884001108,0.10959121771156788,79.63472557067871,39.87708947900683
2845,3.23789730426611e-05,8.986760121842963e-06,8.986760121842963e-06,0.0,0.0,0.11944928951561451,0.012384697114680968,0.007560212514363229,0.1804225389757936,0.10958877019584179,79.63150215148926,39.875475720502436
2846,3.221517651836676e-05,8.962528454503627e-06,8.962528454503627e-06,0.0,0.0,0.11945229955017567,0.012384853240707337,0.007560375728644431,0.18041988832217926,0.10958604142069817,79.62915802001953,39.87430515978485
2847,3.2052430988602545e-05,8.959605338532128e-06,8.959605338532128e-06,0.0,0.0,0.1194507535547018,0.012384773048281119,0.007560355588793755,0.18042459339912936,0.10958871431648731,79.63331604003906,39.87638339679688
2848,3.18907366318388e-05,8.975358241514186e-06,8.975358241514186e-06,0.0,0.0,0.11945025622844696,0.01238474763921723,0.007560315076261759,0.18041905982362613,0.10958348959684372,79.62843322753906,39.873941741883755
2849,3.173009362539337e-05,8.95773359843588e-06,8.95773359843588e-06,0.0,0.0,0.11945526115596294,0.012385006867971098,0.007560548954643309,0.18042509151583672,0.10959035716950893,79.63374900817871,39.87660213466734
2850,3.157050214543115e-05,8.938933092395018e-06,8.938933092395018e-06,0.0,0.0,0.11944820173084736,0.012384640861829785,0.007560289464890957,0.18042054647252392,0.10958779603242874,79.6297435760498,39.874595888890326
2851,3.141196236696334e-05,8.937876486925234e-06,8.937876486925234e-06,0.0,0.0,0.11945412680506706,0.01238494856033342,0.007560447207652032,0.18042236863311,0.10958758927881718,79.6313533782959,39.87540375255048
2852,3.1254474463848536e-05,8.947193464337033e-06,8.947193464337033e-06,0.0,0.0,0.11945625022053719,0.012385057831852758,0.007560485741123557,0.18042704783654145,0.10959172435104847,79.6354866027832,39.87747142650187
2853,3.109803860879141e-05,8.941709893406369e-06,8.941709893406369e-06,0.0,0.0,0.1194493044167757,0.012384698142798587,0.007560329861007631,0.18042124849691196,0.10958697274327278,79.63036918640137,39.87490924540907
2854,3.0942654973343156e-05,8.924441772251157e-06,8.924441772251157e-06,0.0,0.0,0.1194512639194727,0.012384799632274818,0.007560423808172345,0.1804222602331367,0.1095889862626791,79.63125610351562,39.87535368371755
2855,3.078832372790108e-05,8.93068784080242e-06,8.93068784080242e-06,0.0,0.0,0.11944992281496525,0.01238473001440241,0.007560253608971834,0.18041872171253157,0.10958539508283138,79.62813568115234,39.873792801983654
2856,3.0635045041708015e-05,8.94439085641352e-06,8.94439085641352e-06,0.0,0.0,0.11945328116416931,0.012384904645835653,0.007560400408692658,0.18042436627810168,0.1095898449420929,79.63311004638672,39.876281663775444
2857,3.0482819082853006e-05,8.909677035262575e-06,8.909677035262575e-06,0.0,0.0,0.1194518469274044,0.012384830181766173,0.007560462108813226,0.1804218317945096,0.10958804562687874,79.63087844848633,39.875165147706866
2858,3.033164601827043e-05,8.907119763534865e-06,8.907119763534865e-06,0.0,0.0,0.11945468187332153,0.012384977053268747,0.007560531375929713,0.18042199439483125,0.1095881350338459,79.63102531433105,39.87523999810219
2859,3.018152601374022e-05,8.916189926821971e-06,8.916189926821971e-06,0.0,0.0,0.11944864690303802,0.01238466421487213,0.007560290978290141,0.1804222653950417,0.10958903282880783,79.63126373291016,39.8753561899066
2860,3.0032459233887205e-05,8.93700394044572e-06,8.93700394044572e-06,0.0,0.0,0.11945666372776031,0.012385079715414818,0.0075606293976306915,0.18042687491722822,0.10959195159375668,79.63533210754395,39.87739438563585
2861,2.9884445842181557e-05,8.904589321900858e-06,8.904589321900858e-06,0.0,0.0,0.1194499284029007,0.012384730748770193,0.00756034126970917,0.1804216278986611,0.10958724282681942,79.63070106506348,39.87507549673319
2862,2.9737486000937916e-05,8.920156460590078e-06,8.920156460590078e-06,0.0,0.0,0.11945070512592793,0.01238477069831208,0.00756027945317328,0.18042124591594494,0.10958769172430038,79.6303596496582,39.874905177392066
2863,2.9591579871315836e-05,8.90909097961412e-06,8.90909097961412e-06,0.0,0.0,0.11946115083992481,0.01238531220751545,0.007560818106867373,0.18043068426550193,0.10959450155496597,79.6386890411377,39.87907509598881
2864,2.9446727613319336e-05,8.916419915294682e-06,8.916419915294682e-06,0.0,0.0,0.11944954842329025,0.012384711067698503,0.00756025081500411,0.18041904433763564,0.10958540998399258,79.62841987609863,39.87393471226096
2865,2.9302929385796592e-05,8.90939691089443e-06,8.90939691089443e-06,0.0,0.0,0.11945800855755806,0.012385149478190118,0.007560668746009469,0.18042633293024732,0.10959268547594547,79.63484764099121,39.877152824774384
2866,2.916018534644024e-05,8.903814432414947e-06,8.903814432414947e-06,0.0,0.0,0.11945132911205292,0.012384803010347278,0.007560384692624211,0.1804220563377724,0.10958756506443024,79.63107872009277,39.87526502460241
2867,2.9018495651786225e-05,8.90148407961533e-06,8.90148407961533e-06,0.0,0.0,0.11945469677448273,0.012384977640751261,0.0075604795711115,0.18042238153786438,0.10958835296332836,79.63136100769043,39.875407852232456
2868,2.8877860457214948e-05,8.938392284107977e-06,8.938392284107977e-06,0.0,0.0,0.11945915967226028,0.012385209106692895,0.007560801808722317,0.18043404705828658,0.10959766432642937,79.64166641235352,39.88056278601289
2869,2.873827991695e-05,8.924532721721334e-06,8.924532721721334e-06,0.0,0.0,0.11944521963596344,0.012384486495643561,0.007560145924799144,0.18041668012749648,0.10958286561071873,79.6263313293457,39.87288827449083
2870,2.8599754184058678e-05,8.903625257516978e-06,8.903625257516978e-06,0.0,0.0,0.11946146562695503,0.012385328509703681,0.0075607215985655785,0.1804268774981147,0.10959210433065891,79.63533401489258,39.87739774025977
2871,2.8462283410451262e-05,8.896979807104799e-06,8.896979807104799e-06,0.0,0.0,0.11944957263767719,0.012384711948941187,0.007560423342511058,0.1804264310042026,0.10959122702479362,79.63493537902832,39.877192475833
2872,2.832586774688163e-05,8.885046327122836e-06,8.885046327122836e-06,0.0,0.0,0.1194528229534626,0.012384880265144251,0.0075603812001645565,0.1804250992585726,0.109589584171772,79.63375854492188,39.87660568393767
2873,2.8190507342945988e-05,8.895066912373295e-06,8.895066912373295e-06,0.0,0.0,0.11946486122906208,0.012385504601342188,0.0075609475607052445,0.18043367542501934,0.10959770157933235,79.64133071899414,39.8803977901116
2874,2.8056202347083598e-05,8.924071607907536e-06,8.924071607907536e-06,0.0,0.0,0.11944242753088474,0.012384341674617749,0.007560200872831047,0.18041933599023321,0.1095852218568325,79.62867546081543,39.87405894417316
2875,2.792295290657659e-05,8.889108244147792e-06,8.889108244147792e-06,0.0,0.0,0.11945891194045544,0.012385196329180753,0.0075606536120176315,0.1804282505244935,0.10959330946207047,79.63654708862305,39.87800300028175
2876,2.7790759167549093e-05,8.91160982519068e-06,8.91160982519068e-06,0.0,0.0,0.11945807188749313,0.012385152709298611,0.007560587488114834,0.18043077717543074,0.10959444381296635,79.63877868652344,39.879118379205465
2877,2.765962127496797e-05,8.872241096469224e-06,8.872241096469224e-06,0.0,0.0,0.11945444718003273,0.01238496456925876,0.007560543017461896,0.18042618323831805,0.10959230922162533,79.63471794128418,39.877086194232106
2878,2.7529539372641772e-05,8.855455007505952e-06,8.855455007505952e-06,0.0,0.0,0.11945413611829281,0.01238494841346245,0.007560512283816934,0.1804241081856777,0.10958967730402946,79.63288879394531,39.8761714650318
2879,2.740051360322135e-05,8.8663034603087e-06,8.8663034603087e-06,0.0,0.0,0.11945971474051476,0.012385237892763901,0.007560654077678919,0.18043008293063928,0.1095921341329813,79.6381607055664,39.87881021015346
2880,2.7272544108199237e-05,8.858730211613874e-06,8.858730211613874e-06,0.0,0.0,0.11945690773427486,0.012385092346178005,0.007560656173154712,0.1804260361271631,0.10959301888942719,79.63458633422852,39.877021620981395
2881,2.714563102790985e-05,8.900808211365074e-06,8.900808211365074e-06,0.0,0.0,0.11944215558469296,0.012384327721184031,0.007560067111626267,0.18041932824725,0.10958502814173698,79.62866973876953,39.87405594717711
2882,2.7019774501528734e-05,8.929304385674186e-06,8.929304385674186e-06,0.0,0.0,0.11946925707161427,0.0123857323858946,0.007561019039712846,0.18043723429827788,0.10959946177899837,79.64447212219238,39.881970689632
2883,2.689497466707311e-05,8.910250699045719e-06,8.910250699045719e-06,0.0,0.0,0.11944977752864361,0.012384722670722164,0.007560412865132093,0.18042160983192923,0.10958906821906567,79.63068389892578,39.87506683822721
2884,2.6771231661401225e-05,8.858185083227e-06,8.858185083227e-06,0.0,0.0,0.11945485882461071,0.012384986159244566,0.007560555241070688,0.18042822987755766,0.10959191806614399,79.63652420043945,39.87798952963203
2885,2.6648545620212558e-05,8.860438242663804e-06,8.860438242663804e-06,0.0,0.0,0.11945883557200432,0.012385192070007111,0.007560728001408279,0.18043430513649403,0.10959859564900398,79.64189147949219,39.880675157532096
2886,2.652691667804729e-05,8.84565668002324e-06,8.84565668002324e-06,0.0,0.0,0.11945118010044098,0.012384795519837535,0.007560397265478969,0.18042429659318357,0.10958899743855,79.633056640625,39.87625391036272
2887,2.6406344968286525e-05,8.834756044961978e-06,8.834756044961978e-06,0.0,0.0,0.11945689097046852,0.01238509131809311,0.007560636498965323,0.18042797437153116,0.10959402285516262,79.63630294799805,39.87787991948426
2888,2.6286830623152062e-05,8.832908520162164e-06,8.832908520162164e-06,0.0,0.0,0.11945685558021069,0.012385089555661664,0.007560674799606204,0.1804325760054554,0.10959575325250626,79.64036560058594,39.879911228083074
2889,2.6168373773705753e-05,8.836711231197114e-06,8.836711231197114e-06,0.0,0.0,0.1194576621055603,0.012385131119603137,0.007560592843219638,0.1804282272966905,0.1095929890871048,79.63651847839355,39.87798807024956
2890,2.605097454985015e-05,8.845218303576985e-06,8.845218303576985e-06,0.0,0.0,0.11945610493421555,0.012385050488366892,0.007560603553429246,0.18042958998940725,0.10959490202367306,79.63773345947266,39.878594782203436
2891,2.5934633080328083e-05,8.84390124156198e-06,8.84390124156198e-06,0.0,0.0,0.11945560574531555,0.012385025079872198,0.007560649653896689,0.18043044682879988,0.10959415696561337,79.63848686218262,39.878971233963966
2892,2.5819349492721992e-05,8.837612540446571e-06,8.837612540446571e-06,0.0,0.0,0.1194610558450222,0.01238530736091481,0.007560686091892421,0.18042838214865392,0.10959311947226524,79.63666152954102,39.87806129269302
2893,2.5705123913454596e-05,8.810249823909544e-06,8.810249823909544e-06,0.0,0.0,0.11945339664816856,0.01238491022695103,0.00756065477617085,0.18042953837244644,0.1095943171530962,79.63768005371094,39.87856672517955
2894,2.559195646778823e-05,8.821901474220795e-06,8.821901474220795e-06,0.0,0.0,0.11945498734712601,0.01238499276841637,0.0075604713056236506,0.1804289241294792,0.1095923911780119,79.63714218139648,39.878298584371805
2895,2.5479847279824962e-05,8.834117579681333e-06,8.834117579681333e-06,0.0,0.0,0.1194638516753912,0.012385452170649014,0.007560920552350581,0.18043653749758246,0.10959949903190136,79.64386177062988,39.88166281115264
2896,2.5368796472505948e-05,8.815046840027208e-06,8.815046840027208e-06,0.0,0.0,0.11945443972945213,0.01238496456925876,0.007560596219263971,0.18042973967851014,0.10959406197071075,79.63785552978516,39.878654984757304
2897,2.525880416761239e-05,8.821525852908962e-06,8.821525852908962e-06,0.0,0.0,0.11945653893053532,0.012385073253158903,0.007560584810562432,0.1804266736079682,0.10959153063595295,79.6351547241211,39.877305631525815
2898,2.5149870485764145e-05,8.792849030214711e-06,8.792849030214711e-06,0.0,0.0,0.11945900693535805,0.012385201322692815,0.007560752215795219,0.1804324882580654,0.10959632694721222,79.64028549194336,39.87987224943936
2899,2.504199554642048e-05,8.814802527012944e-06,8.814802527012944e-06,0.0,0.0,0.1194586530327797,0.0123851826704463,0.007560792146250606,0.18043623554977878,0.10959972999989986,79.64359283447266,39.88152574375272
2900,2.4935179467879313e-05,8.810025065031368e-06,8.810025065031368e-06,0.0,0.0,0.11945820599794388,0.01238515975898694,0.0075606596656143665,0.18042964676804712,0.10959482565522194,79.63777923583984,39.878618720918894
2901,2.482942236727764e-05,8.83003758644918e-06,8.83003758644918e-06,0.0,0.0,0.11945508792996407,0.012384997762010505,0.007560633239336312,0.18042634583471817,0.1095916572958231,79.63486289978027,39.87715899385512
2902,2.4724724360591117e-05,8.794744644546881e-06,8.794744644546881e-06,0.0,0.0,0.11945963278412819,0.012385233633604551,0.00756072613876313,0.1804343541713117,0.10959586501121521,79.64193534851074,39.880697490647435
2903,2.4621085562633944e-05,8.79704703038442e-06,8.79704703038442e-06,0.0,0.0,0.11945393308997154,0.0123849376918769,0.007560634287074208,0.18042834859740645,0.10959397815167904,79.63663291931152,39.87804342620075
2904,2.451850608705875e-05,8.806318987808481e-06,8.806318987808481e-06,0.0,0.0,0.11945952288806438,0.012385227905767255,0.007560680736787617,0.18043631039158917,0.10959761589765549,79.6436595916748,39.881559557281435
2905,2.4416986046356607e-05,8.803261380307958e-06,8.803261380307958e-06,0.0,0.0,0.11945907957851887,0.012385204700655714,0.00756081857252866,0.18043388704961258,0.10959883220493793,79.64151954650879,39.880489313043654
2906,2.4316525551856485e-05,8.803820264802198e-06,8.803820264802198e-06,0.0,0.0,0.11945757828652859,0.012385127154144776,0.007560660946182907,0.1804329734489817,0.10959601774811745,79.64071273803711,39.88008515816182
2907,2.4217124713725792e-05,8.818638434604509e-06,8.818638434604509e-06,0.0,0.0,0.11946145817637444,0.01238532821597075,0.007560905418358743,0.18043473870705157,0.10959767922759056,79.64226913452148,39.88086529634893
2908,2.4118783640969717e-05,8.796504062047461e-06,8.796504062047461e-06,0.0,0.0,0.11945563554763794,0.012385026548572733,0.007560602622106671,0.18042902478288178,0.10959293320775032,79.6372299194336,39.878342777490616
2909,2.402150244143125e-05,8.760250921113766e-06,8.760250921113766e-06,0.0,0.0,0.11945943906903267,0.012385223352869052,0.007560699246823788,0.18043244180354753,0.10959560610353947,79.64024925231934,39.879854345694184
2910,2.3925281221791163e-05,8.776714821578935e-06,8.776714821578935e-06,0.0,0.0,0.11946200951933861,0.012385356708032666,0.007560950121842325,0.18043880338036214,0.10960213281214237,79.64585876464844,39.88266038708389
2911,2.3830120087567806e-05,8.792360631559859e-06,8.792360631559859e-06,0.0,0.0,0.11945366114377975,0.012384924032857209,0.007560587604530156,0.1804303306911688,0.10959336720407009,79.63838005065918,39.87891685590148
2912,2.3736019143117214e-05,8.772181217864272e-06,8.772181217864272e-06,0.0,0.0,0.11946624517440796,0.012385576270950268,0.007560925907455385,0.18043470773776057,0.10959786921739578,79.64224624633789,39.88085624575615
2913,2.364297849163234e-05,8.769344049142092e-06,8.769344049142092e-06,0.0,0.0,0.11945617385208607,0.012385054306980085,0.007560670957900584,0.1804319230606188,0.10959694162011147,79.63978576660156,39.879620970226824
2914,2.355099823514372e-05,8.788029163042665e-06,8.788029163042665e-06,0.0,0.0,0.11945813521742821,0.012385155793537748,0.007560693542473018,0.18043388704961258,0.10959663614630699,79.64151954650879,39.88048884086311
2915,2.3460078474519244e-05,8.778166829870315e-06,8.778166829870315e-06,0.0,0.0,0.11945780739188194,0.012385138609909913,0.007560676778666675,0.18043029714028366,0.1095941960811615,79.63835334777832,39.8789055775851
2916,2.3370219309463305e-05,8.7547025486856e-06,8.7547025486856e-06,0.0,0.0,0.11946075595915318,0.012385291939900159,0.007560775498859584,0.18043526776495156,0.10959703661501408,79.64274597167969,39.88110336381942
2917,2.3281420838517432e-05,8.75005207490176e-06,8.75005207490176e-06,0.0,0.0,0.1194615326821804,0.012385331887631891,0.007560896570794284,0.18043647555961265,0.10960052907466888,79.64380073547363,39.88163113407791
2918,2.3193683159060405e-05,8.758338253755937e-06,8.758338253755937e-06,0.0,0.0,0.11945716850459576,0.01238510600501207,0.0075607538456097245,0.18043607296229058,0.10959922894835472,79.64345359802246,39.88145538326353
2919,2.3107006367306965e-05,8.736574727663537e-06,8.736574727663537e-06,0.0,0.0,0.11946077458560467,0.012385292527367735,0.007560828933492303,0.18043644975211892,0.10959918983280659,79.6437816619873,39.881621218286455
2920,2.3021390558308993e-05,8.742607064959884e-06,8.742607064959884e-06,0.0,0.0,0.1194597240537405,0.01238523833336651,0.00756070192437619,0.18043383027230706,0.10959591530263424,79.64147186279297,39.880465793423355
2921,2.293683582595487e-05,8.736221161598223e-06,8.736221161598223e-06,0.0,0.0,0.11945890635251999,0.012385195741708615,0.007560770609416068,0.1804313991545552,0.1095954105257988,79.63932800292969,39.879393454641104
2922,2.2853342262968932e-05,8.730315585125936e-06,8.730315585125936e-06,0.0,0.0,0.1194627396762371,0.012385394746301823,0.00756082683801651,0.18043798013011475,0.10960006900131702,79.64513397216797,39.8822983559221
2923,2.2770909960912333e-05,8.74684315022023e-06,8.74684315022023e-06,0.0,0.0,0.11946352757513523,0.012385435574893165,0.00756086315959692,0.18043885241395743,0.1096012331545353,79.64590263366699,39.882683080621064
2924,2.268953901018208e-05,8.734578841540497e-06,8.734578841540497e-06,0.0,0.0,0.11945884488523006,0.012385192951215571,0.007560816593468189,0.18043560584504112,0.1095992811024189,79.64303970336914,39.881249274127185
2925,2.260922950001146e-05,8.735760957279126e-06,8.735760957279126e-06,0.0,0.0,0.11945975758135319,0.012385240095776785,0.007560758967883885,0.1804325760054554,0.10959557816386223,79.64035987854004,39.879909818060696
2926,2.2529981518469603e-05,8.757044952290016e-06,8.757044952290016e-06,0.0,0.0,0.11946230009198189,0.012385371835234778,0.007560927886515856,0.1804362742610639,0.10959994047880173,79.64362907409668,39.88154568709433
2927,2.245179515246193e-05,8.755559974815696e-06,8.755559974815696e-06,0.0,0.0,0.11946196667850018,0.012385354651906681,0.007560882135294378,0.18043845240265957,0.10960010252892971,79.64555168151855,39.88250682409853
2928,2.237467048772895e-05,8.74724730692833e-06,8.74724730692833e-06,0.0,0.0,0.11945878528058529,0.012385189720117576,0.0075608749175444245,0.1804345064372396,0.10959841124713421,79.64207077026367,39.88076477777213
2929,2.2298607608847563e-05,8.762013294472126e-06,8.762013294472126e-06,0.0,0.0,0.1194649264216423,0.012385507832358035,0.007560965023003519,0.18044012986345456,0.10960097797214985,79.64703369140625,39.883249308913946
2930,2.222360659923009e-05,8.736979225432151e-06,8.736979225432151e-06,0.0,0.0,0.1194580215960741,0.012385150065664452,0.007560826721601188,0.18043379414128513,0.10959854908287525,79.64144134521484,39.88044968340546
2931,2.214966754112415e-05,8.735594406061864e-06,8.735594406061864e-06,0.0,0.0,0.11946502514183521,0.012385512972608785,0.007560985628515482,0.18043924210153034,0.10960080474615097,79.6462459564209,39.88285549078137
2932,2.207679051561323e-05,8.74033094078186e-06,8.74033094078186e-06,0.0,0.0,0.11946013756096363,0.012385259629140532,0.007560898666270077,0.18043681105669482,0.10959979891777039,79.64410400390625,39.88178207073361
2933,2.200497560261568e-05,8.715626563571277e-06,8.715626563571277e-06,0.0,0.0,0.11946181207895279,0.012385346574265578,0.0075608245097100735,0.18043877499248512,0.1096004955470562,79.64583587646484,39.8826488442719
2934,2.193422288088539e-05,8.70927487994777e-06,8.70927487994777e-06,0.0,0.0,0.11946128495037556,0.012385319257112993,0.007560852682217956,0.1804351232419719,0.10959983430802822,79.64261627197266,39.881038778461516
2935,2.1864532428011547e-05,8.715862691133225e-06,8.715862691133225e-06,0.0,0.0,0.11946040950715542,0.012385273875258574,0.007560819620266557,0.18043733236630788,0.1095995083451271,79.64456176757812,39.88201108854264
2936,2.179590432041812e-05,8.706273774805595e-06,8.706273774805595e-06,0.0,0.0,0.11946618556976318,0.012385573480542958,0.007561009260825813,0.1804413350448912,0.1096033826470375,79.6480941772461,39.88378018140793
2937,2.1728338633364384e-05,8.694937378095347e-06,8.694937378095347e-06,0.0,0.0,0.11945938877761364,0.012385220856117714,0.00756087654735893,0.180437786575436,0.10960161313414574,79.64496231079102,39.882210849784315
2938,2.1661835440944382e-05,8.696478971614852e-06,8.696478971614852e-06,0.0,0.0,0.11945967748761177,0.012385235542883063,0.007560765370726585,0.1804344780486865,0.10959779471158981,79.64204025268555,39.88074996508658
2939,2.1596394816086828e-05,8.696873010194395e-06,8.696873010194395e-06,0.0,0.0,0.11946580931544304,0.012385553653946604,0.007561017293483019,0.18043952339865926,0.10960124805569649,79.6464958190918,39.88298081420362
2940,2.1532016830555636e-05,8.704103834134003e-06,8.704103834134003e-06,0.0,0.0,0.11945940554141998,0.012385221884191855,0.007560846279375255,0.18043729365524977,0.10959962569177151,79.6445255279541,39.88199246674776
2941,2.1468701554949054e-05,8.709209851076594e-06,8.709209851076594e-06,0.0,0.0,0.11946161836385727,0.012385336587356566,0.007560879224911332,0.1804387956382143,0.10960153676569462,79.6458511352539,39.88265637680888
2942,2.1406449058700003e-05,8.685689408594044e-06,8.685689408594044e-06,0.0,0.0,0.11946658976376057,0.012385594335150803,0.007561011589132249,0.18043964211107752,0.10960192419588566,79.64659881591797,39.883032702840865
2943,2.1345259410075956e-05,8.704881565790856e-06,8.704881565790856e-06,0.0,0.0,0.11946213990449905,0.012385363757604882,0.007561041158623993,0.18044084471508526,0.1096029169857502,79.64766502380371,39.883563581854105
2944,2.128513267617905e-05,8.702721174813632e-06,8.702721174813632e-06,0.0,0.0,0.11945919878780842,0.012385211015975187,0.007560770842246711,0.1804382640099347,0.10959932580590248,79.64538192749023,39.88242056313902
2945,2.122606892294544e-05,8.72145301400451e-06,8.72145301400451e-06,0.0,0.0,0.1194666437804699,0.012385596978690133,0.007561111589893699,0.1804416834363121,0.1096035186201334,79.64840507507324,39.883935859426856
2946,2.1168068215145827e-05,8.69558584781771e-06,8.69558584781771e-06,0.0,0.0,0.11945920996367931,0.012385211750314451,0.007560834521427751,0.1804351413073507,0.10959839634597301,79.64262580871582,39.88104250933975
2947,2.1111130616385053e-05,8.727299928068533e-06,8.727299928068533e-06,0.0,0.0,0.11946504935622215,0.012385514147522942,0.007560923229902983,0.1804390330639303,0.10960143990814686,79.64606285095215,39.882763950154185
2948,2.105525618910229e-05,8.682298812345834e-06,8.682298812345834e-06,0.0,0.0,0.11946242488920689,0.012385378150469029,0.007561028585769236,0.18043984082516806,0.10960319451987743,79.64677619934082,39.883119312115014
2949,2.1000444994570725e-05,8.678449944454769e-06,8.678449944454769e-06,0.0,0.0,0.11946281976997852,0.012385399152271395,0.007560940575785935,0.1804409737493739,0.10960103198885918,79.64777374267578,39.88361828122288
2950,2.0946697092897355e-05,8.683326541358838e-06,8.683326541358838e-06,0.0,0.0,0.11946471780538559,0.01238549711125675,0.007560983416624367,0.18043666395420482,0.10960048623383045,79.64397430419922,39.8817195110023
2951,2.0894012543023403e-05,8.675721574036288e-06,8.675721574036288e-06,0.0,0.0,0.11946267820894718,0.012385391515256474,0.007560912519693375,0.18043982017955845,0.10960272885859013,79.64675903320312,39.883110855706036
2952,2.0842391402724113e-05,8.678602284817316e-06,8.678602284817316e-06,0.0,0.0,0.11945993453264236,0.012385249201559206,0.00756081216968596,0.1804366433082317,0.10959977097809315,79.64395904541016,39.8817094899714
2953,2.0791833728608204e-05,8.679443453729618e-06,8.679443453729618e-06,0.0,0.0,0.11946500092744827,0.012385511650830225,0.0075610625790432096,0.18044079310134395,0.10960311070084572,79.64761734008789,39.88354117050767
2954,2.0742339576118407e-05,8.699521913513308e-06,8.699521913513308e-06,0.0,0.0,0.11945978552103043,0.012385241564451822,0.007560753379948437,0.1804352238919164,0.10959657281637192,79.64270401000977,39.8810818977654
2955,2.0693908999531265e-05,8.65661149873631e-06,8.65661149873631e-06,0.0,0.0,0.11946862749755383,0.012385699929421911,0.007561078295111656,0.18043959823910596,0.1096009761095047,79.64656448364258,39.883016555570066
2956,2.0646542051956575e-05,8.670635224916623e-06,8.670635224916623e-06,0.0,0.0,0.11946110054850578,0.012385309710782024,0.007560944999568164,0.1804398976005823,0.10960327833890915,79.64682960510254,39.88314535282552
2957,2.0600238785338263e-05,8.650746963212441e-06,8.650746963212441e-06,0.0,0.0,0.11945992335677147,0.012385248760956986,0.007560875383205712,0.18044205505308625,0.10960276983678341,79.64873123168945,39.88409557752311
2958,2.0554999250453405e-05,8.655647434352431e-06,8.655647434352431e-06,0.0,0.0,0.11946560069918633,0.012385542932884984,0.007561032427474856,0.18044111826766765,0.10960281267762184,79.64790153503418,39.88368356786668
2959,2.0510823496912668e-05,8.674269338371232e-06,8.674269338371232e-06,0.0,0.0,0.11946924589574337,0.012385732092171245,0.00756118050776422,0.18044511312039438,0.10960613191127777,79.65142631530762,39.88544778060168
2960,2.0467711573160298e-05,8.636742450107704e-06,8.636742450107704e-06,0.0,0.0,0.11946532875299454,0.01238552912766868,0.007561129750683904,0.18044123439835552,0.10960381291806698,79.64800643920898,39.88373588398099
2961,2.042566352647381e-05,8.651448297314346e-06,8.651448297314346e-06,0.0,0.0,0.11945795267820358,0.01238514668768665,0.007560725556686521,0.18043430513649403,0.1095978356897831,79.64188766479492,39.88067280873656
2962,2.0384679402963874e-05,8.639491397843813e-06,8.639491397843813e-06,0.0,0.0,0.11946364492177963,0.012385441596364672,0.007560981088317931,0.1804393427491773,0.10960180498659611,79.6463394165039,39.88290153071284
2963,2.0344759247574737e-05,8.634540563434712e-06,8.634540563434712e-06,0.0,0.0,0.1194664966315031,0.012385589488660562,0.0075611191568896174,0.18044581762982148,0.10960588976740837,79.65205001831055,39.885758257471025
2964,2.0305903104083808e-05,8.6497381062145e-06,8.6497381062145e-06,0.0,0.0,0.11946450173854828,0.012385485802687805,0.007561007398180664,0.18044183827672766,0.10960322991013527,79.64853858947754,39.884001545608044
2965,2.0268111015101432e-05,8.656408226670465e-06,8.656408226670465e-06,0.0,0.0,0.11946127563714981,0.012385318669646685,0.007560966187156737,0.18043994147248107,0.10960275307297707,79.64686965942383,39.88316546753049
2966,2.0231383022071325e-05,8.645844673083047e-06,8.645844673083047e-06,0.0,0.0,0.11946466751396656,0.012385494320831608,0.007560913451015949,0.1804381788460356,0.10960032790899277,79.64530754089355,39.88238610420376
2967,2.0195719165270357e-05,8.639526072329318e-06,8.639526072329318e-06,0.0,0.0,0.11946524679660797,0.012385524574881205,0.007561059086583555,0.1804422898938475,0.10960475541651249,79.6489429473877,39.88420409709215
2968,2.0161119483808233e-05,8.624521228739468e-06,8.624521228739468e-06,0.0,0.0,0.11946533992886543,0.01238552912766868,0.007561027421616018,0.18044405248013512,0.10960377380251884,79.65049934387207,39.88498234190047
2969,2.0127584015627693e-05,8.655674719193485e-06,8.655674719193485e-06,0.0,0.0,0.11946949362754822,0.01238574457540762,0.00756124802865088,0.18044702793446693,0.10960801504552364,79.65312004089355,39.88629476726055
2970,2.009511279750454e-05,8.623782036920602e-06,8.623782036920602e-06,0.0,0.0,0.11946569569408894,0.012385548219985025,0.007561157923191786,0.18044421247979495,0.10960603505373001,79.65063667297363,39.88505118433386
2971,2.0063705865047498e-05,8.636752681923099e-06,8.636752681923099e-06,0.0,0.0,0.1194620244204998,0.012385357442363293,0.007560870610177517,0.18043947436524635,0.1096014603972435,79.64644813537598,39.88295507989824
2972,2.003336325269803e-05,8.647891718283063e-06,8.647891718283063e-06,0.0,0.0,0.11946832574903965,0.012385684362033791,0.0075612213695421815,0.1804475337310181,0.10960816591978073,79.6535701751709,39.88651925045997
2973,2.0004084993730634e-05,8.62172680626827e-06,8.62172680626827e-06,0.0,0.0,0.11946057341992855,0.012385282246681121,0.0075609025079756975,0.18044006276532218,0.10960180498659611,79.64697647094727,39.8832185221836
2974,1.9975871120252434e-05,8.612865599388897e-06,8.612865599388897e-06,0.0,0.0,0.11946929804980755,0.012385734735681175,0.007561175269074738,0.18044425118936874,0.10960539244115353,79.65067291259766,39.88507110532373
2975,1.9948721663203377e-05,8.625666964690026e-06,8.625666964690026e-06,0.0,0.0,0.1194637194275856,0.012385445267992201,0.007561033475212753,0.1804418769868108,0.10960333421826363,79.6485767364502,39.88402022793889
2976,1.992263665235624e-05,8.614692433184246e-06,8.614692433184246e-06,0.0,0.0,0.11946709267795086,0.012385620476792727,0.007561175851151347,0.18044603182078703,0.10960724949836731,79.6522388458252,39.88585296925157
2977,1.9897616116316317e-05,8.600533874414396e-06,8.600533874414396e-06,0.0,0.0,0.11946854554116726,0.012385695523559333,0.007561241975054145,0.1804459053707297,0.10960733704268932,79.65212631225586,39.88579742889851
2978,1.9873660082521832e-05,8.604089543950977e-06,8.604089543950977e-06,0.0,0.0,0.11946583725512028,0.012385555269448236,0.007561033591628075,0.18044231828117155,0.10960401222109795,79.64896392822266,39.88421488273889
2979,1.985076857724352e-05,8.605617495049955e-06,8.605617495049955e-06,0.0,0.0,0.11946428008377552,0.0123854743472438,0.007561055477708578,0.18043990792338296,0.10960284806787968,79.64683532714844,39.88314980361611
2980,1.982894162558462e-05,8.597665100751328e-06,8.597665100751328e-06,0.0,0.0,0.11947047151625156,0.012385795536253833,0.007561303675174713,0.1804492575575936,0.10960997827351093,79.65508842468262,39.887279448099434
2981,1.9808179251481104e-05,8.612741112301592e-06,8.612741112301592e-06,0.0,0.0,0.11946669965982437,0.012385600209681883,0.007561172358691692,0.1804456937602314,0.1096077561378479,79.65194320678711,39.88570495322347
2982,1.9788481477701547e-05,8.611908242528443e-06,8.611908242528443e-06,0.0,0.0,0.11946041509509087,0.012385274022125687,0.007560973754152656,0.1804400111513572,0.10960270650684834,79.64692878723145,39.88319460116327
2983,1.9769848325846825e-05,8.592607173341094e-06,8.592607173341094e-06,0.0,0.0,0.11946919932961464,0.012385729595522461,0.007561073638498783,0.18044615827075577,0.10960401222109795,79.65235710144043,39.88591315038502
2984,1.9752279816350534e-05,8.61175021782401e-06,8.61175021782401e-06,0.0,0.0,0.11946644634008408,0.012385586845119631,0.00756120088044554,0.18044523440975915,0.109606197103858,79.65153694152832,39.8855016939342
2985,1.9735775968478668e-05,8.597387022746261e-06,8.597387022746261e-06,0.0,0.0,0.11946334131062031,0.01238542588178654,0.007560931029729545,0.18044331441535155,0.10960495285689831,79.64984703063965,39.884655185975134
2986,1.972033680032973e-05,8.58143516779819e-06,8.58143516779819e-06,0.0,0.0,0.11947040446102619,0.012385792011591103,0.0075612489599734545,0.18044896337278651,0.10960891470313072,79.65483474731445,39.88715257588774
2987,1.970596232883484e-05,8.596610882705136e-06,8.596610882705136e-06,0.0,0.0,0.11946685239672661,0.012385607993431275,0.007561198901385069,0.18044665116672684,0.10960724018514156,79.65279006958008,39.8861284609884
2988,1.9692652569757085e-05,8.586275498601026e-06,8.586275498601026e-06,0.0,0.0,0.11946587637066841,0.012385557178677165,0.007561078644357622,0.180442578928211,0.1096045020967722,79.64919471740723,39.88433029688895
2989,1.9680407537692386e-05,8.57492148043093e-06,8.57492148043093e-06,0.0,0.0,0.1194729171693325,0.01238592227658465,0.0075614366214722395,0.1804515490859888,0.1096124667674303,79.65711402893066,39.88829347305
2990,1.966922724606895e-05,8.579903578720405e-06,8.579903578720405e-06,0.0,0.0,0.11946354433894157,0.012385436749814663,0.007561042672023177,0.18044324989905566,0.10960471257567406,79.64979362487793,39.884628584608436
2991,1.9659111707147285e-05,8.588106993556721e-06,8.588106993556721e-06,0.0,0.0,0.11946403421461582,0.012385461570005295,0.00756095303222537,0.18044013244415144,0.10960182175040245,79.64703559875488,39.88324981648475
2992,1.96500609320204e-05,8.594698783781496e-06,8.594698783781496e-06,0.0,0.0,0.11947321332991123,0.01238593710937753,0.007561377598904073,0.18045139941497734,0.10961099155247211,79.656982421875,39.888227817602456
2993,1.9642074930613485e-05,8.628601904092648e-06,8.628601904092648e-06,0.0,0.0,0.11946181766688824,0.012385346867998073,0.007561021251603961,0.18044383312553222,0.10960609652101994,79.65030097961426,39.88488139864057
2994,1.9635153711684136e-05,8.596891802881146e-06,8.596891802881146e-06,0.0,0.0,0.1194687020033598,0.012385703600972861,0.007561201113276184,0.18044613504525797,0.10960659198462963,79.6523323059082,39.88590050395578
2995,1.9629297282822455e-05,8.579051382184844e-06,8.579051382184844e-06,0.0,0.0,0.11947137303650379,0.012385842091079928,0.007561361882835627,0.18044993882583185,0.10960995592176914,79.65568923950195,39.88758030626923
2996,1.9624505650450622e-05,8.579473842473817e-06,8.579473842473817e-06,0.0,0.0,0.11946644634008408,0.012385586845119631,0.007561093429103494,0.1804457118245519,0.10960506647825241,79.65196418762207,39.88571531698108
2997,1.9620778819823213e-05,8.572056458433508e-06,8.572056458433508e-06,0.0,0.0,0.11946679651737213,0.012385604909304742,0.007561233825981617,0.18044549247196615,0.10960807651281357,79.65176582336426,39.885616309940815
2998,1.9618116795027315e-05,8.579849236411974e-06,8.579849236411974e-06,0.0,0.0,0.11946841701865196,0.01238568906162472,0.007561256643384695,0.18044982012018748,0.10960866510868073,79.65558624267578,39.88752732984722
2999,1.961651957898209e-05,8.55968664836837e-06,8.55968664836837e-06,0.0,0.0,0.11947239935398102,0.012385895254421271,0.0075613141525536776,0.18045044461422388,0.10961021296679974,79.65613746643066,39.88780493289232
3000,1.9615987173439097e-05,8.547913580514432e-06,8.547913580514432e-06,0.0,0.0,0.11946694366633892,0.012385612693051181,0.007561222300864756,0.18044936336078418,0.10961043648421764,79.65518760681152,39.88732727523893
