epoch,learning_rate,train_loss,train_price_mse_std,train_delta_mse_std,train_delta_mse_weighted,val_price_mse_std,val_price_rmse,val_price_mae,val_delta_rmse,val_delta_mae,val_diff_mse_weighted,val_balanced_score
1,0.001961598184938367,0.7011038791388273,0.6549663655459881,0.0016346636912203394,0.8856538385152817,0.2646722048521042,0.018647293382612565,0.015061483951285481,0.01762202674011304,0.011457946384325624,0.7675321847200394,0.5161021947860718
2,0.0019615965877223217,0.28151729237288237,0.18445253651589155,0.0012362155030132271,0.6697763055562973,0.11811480298638344,0.012457009716368952,0.009097222005948424,0.015434670666898178,0.009751161793246865,0.5888160318136215,0.3534654174000025
3,0.0019615939256975258,0.20627250988036394,0.1166554749943316,0.0010423497078591026,0.564740639179945,0.10780604183673859,0.011900992545610195,0.008219180395826697,0.015234112694320678,0.009117064997553825,0.573613315820694,0.3407096788287163
4,0.0019615901988668982,0.19147924426943064,0.10499425884336233,0.0009919220537994988,0.5374191626906395,0.09852045774459839,0.011376923220312739,0.007883828482590616,0.014678877133382583,0.010268095647916198,0.5325624793767929,0.31554146856069565
5,0.0019615854072345265,0.17967090383172035,0.0978291193023324,0.000935847176151583,0.5070380326360464,0.09280087053775787,0.011041743208347927,0.0077476188307628036,0.014097112970891331,0.00920088542625308,0.49118517339229584,0.29199302196502686
6,0.0019615795508056647,0.17063978128135204,0.09168145759031177,0.0008978901132650208,0.4864730555564165,0.08733703009784222,0.010711759837906185,0.007346645346842706,0.014346571804139814,0.010921396082267165,0.5087227821350098,0.298029906116426
7,0.0019615726295867356,0.16077432688325644,0.08679490676149726,0.00084292280007503,0.45669199153780937,0.0825255922973156,0.010412522601643097,0.0071375296683982015,0.0134388380578723,0.007894176756963134,0.44638369232416153,0.26445464231073856
8,0.001961564643585329,0.15691506769508123,0.08253337489441037,0.0008387696143472567,0.45444182492792606,0.07830897532403469,0.010143022329522253,0.00694131781347096,0.013368242590563724,0.007808566908352077,0.44170624017715454,0.2600076077505946
9,0.001961555592810202,0.14406722504645586,0.07885721419006586,0.0007473429723177105,0.4049072489142418,0.07352964766323566,0.00982862719031522,0.006749845924787223,0.013530583323038158,0.0096637022215873,0.4524993300437927,0.2630144888535142
10,0.0019615454772712805,0.1401753956452012,0.07360979728400707,0.0007501678846892901,0.406437773257494,0.07134395278990269,0.00968144548361291,0.0066680810414254665,0.012966675900852239,0.00778032757807523,0.4155680760741234,0.24345601443201303
11,0.001961534296979657,0.13319831993430853,0.07064975192770362,0.0007076330366544425,0.38339257426559925,0.06949794106185436,0.00955537216310114,0.006666767410933971,0.011974670275421857,0.007600654265843332,0.3544149324297905,0.21195643674582243
12,0.0019615220519475928,0.13439511507749557,0.0697653479874134,0.0007252071918628644,0.3929141741245985,0.07071635499596596,0.009638768529455664,0.006630938150919974,0.011937699385272659,0.007371748914010823,0.35222986340522766,0.2114731092005968
13,0.001961508742188515,0.13865374773740768,0.06948560709133744,0.0007665735647606198,0.4153262935578823,0.0674575287848711,0.00941405765743052,0.0063909979071468115,0.012636247166893025,0.00878367736004293,0.3946581929922104,0.23105786088854074
14,0.0019614943677170203,0.12901767762377858,0.06816458236426115,0.0006873993515910115,0.3724300488829613,0.0658729076385498,0.009302828944853018,0.006310293450951576,0.012862576836903684,0.008902603294700384,0.40892235189676285,0.23739762976765633
15,0.0019614789285488715,0.12934835720807314,0.06677128281444311,0.0007007375497778412,0.37965664081275463,0.06591167114675045,0.009305565582195249,0.006442506914027035,0.013050297760661939,0.007884801947511733,0.42094535380601883,0.24342851247638464
16,0.001961462424701,0.12724468717351556,0.0658140373416245,0.0006883909300086088,0.3729672860354185,0.06440401077270508,0.009198522536974492,0.0061550847021862864,0.011804894877530314,0.007603571750223637,0.34443647414445877,0.20442024245858192
17,0.0019614448561915037,0.12140022404491901,0.06469944142736495,0.0006426837826438714,0.34820334427058697,0.06310331728309393,0.009105162871411401,0.006115792435593903,0.01170535598058417,0.007238824036903679,0.3386523798108101,0.200877848546952
18,0.001961426223039649,0.12178561883047223,0.06369702448137105,0.0006536411310662515,0.35413998924195766,0.06321807485073805,0.009113438510771905,0.006053241319023073,0.012067156136140254,0.007808438851498067,0.3599107041954994,0.21156438952311873
19,0.0019614065252658696,0.11883832141757011,0.06260173441842198,0.0006345281581161544,0.3437846601009369,0.06096537411212921,0.008949592183246832,0.005973737919703126,0.011621558800926902,0.0072152025531977415,0.33382099866867065,0.19739318639039993
20,0.001961385762891766,0.11780078243464231,0.06122738332487643,0.0006350998010020703,0.34409437514841557,0.06010959576815367,0.008886556813020897,0.005975446198135614,0.011827766459005856,0.0077936043962836266,0.345772422850132,0.20294100930914283
21,0.0019613639359401074,0.11653107451274991,0.06053491495549679,0.0006284945739025716,0.3405157048255205,0.06097539234906435,0.008950327708622498,0.00600131310056895,0.01167161410025292,0.00747993984259665,0.33670278638601303,0.1988390893675387
22,0.0019613410444348288,0.11574146570637822,0.06042283936403692,0.0006220350769581273,0.3370159659534693,0.06104219425469637,0.008955228820946438,0.0059913527220487595,0.011817158666952432,0.007153595448471606,0.34515250474214554,0.20309734949842095
23,0.0019613170884010345,0.11528326850384474,0.060004904167726636,0.0006208921331563033,0.3363967128098011,0.05885333940386772,0.008793204564187963,0.005836288211867213,0.011861354588225553,0.006881276844069362,0.3477390483021736,0.20329619385302067
24,0.0019612920678649943,0.11636086739599705,0.05956556834280491,0.0006340803520288318,0.34354204684495926,0.059261905029416084,0.008823673492924462,0.0057780330535024405,0.011702739562127331,0.0067855388624593616,0.3385010212659836,0.19888146314769983
25,0.0019612659828541473,0.12171244248747826,0.059821689035743475,0.0006815768610977102,0.3692754413932562,0.060832011513412,0.008939798182794981,0.005823258426971734,0.011726727942732645,0.007457241183146834,0.33989014476537704,0.20036107813939452
26,0.0019612388333970984,0.1142396149225533,0.05964144133031368,0.0006139440956758335,0.3326323051005602,0.05803430266678333,0.00873180475222857,0.005741299944929779,0.011507244067095645,0.007118672016076744,0.32728608697652817,0.19266019482165575
27,0.0019612106195236205,0.11436766758561134,0.05890752165578306,0.000620544255070854,0.3362082429230213,0.059248365461826324,0.008822665367867643,0.005940920324064791,0.011558984678389672,0.007415476720780134,0.33023588359355927,0.1947421245276928
28,0.001961181341264653,0.11672279331833124,0.0592333716340363,0.0006398730038199574,0.346680473536253,0.05821417458355427,0.0087453258716542,0.005622821860015392,0.011541423630403972,0.00671203772071749,0.32923320680856705,0.19372369069606066
29,0.0019611509986523037,0.11452451441437006,0.058759777108207345,0.0006230825092643499,0.3375834561884403,0.05724784824997187,0.008672438110190946,0.005650055827572942,0.011635306301548867,0.007210642099380493,0.3346112444996834,0.19592954637482762
30,0.0019611195917198466,0.1164724538102746,0.05792010622099042,0.0006472583518188912,0.3506818190217018,0.05819724686443806,0.008744054198024343,0.005830716458149254,0.012576721199653714,0.007124133640900254,0.39094869047403336,0.2245729686692357
31,0.0019610871205017234,0.11613777186721563,0.058266569627448916,0.0006416118449124042,0.3476225733757019,0.05760373454540968,0.008699352922393018,0.005819094949401915,0.011593594893699384,0.006721890531480312,0.33221644908189774,0.1949100918136537
32,0.0019610535850335432,0.11178027838468552,0.057329784613102674,0.0006083145672164392,0.32958225160837173,0.05681348405778408,0.008639474750379428,0.0056254020892083645,0.011437072667641181,0.007108758436515927,0.3233066499233246,0.19006006699055433
33,0.0019610189853520813,0.11206515040248632,0.057166746351867914,0.0006121471924416255,0.3316587507724762,0.05771500896662474,0.008707751029384264,0.005733508267439902,0.011465315053887122,0.0067271849839016795,0.3249053582549095,0.19131018361076713
34,0.0019609833214952804,0.11093292105942965,0.05705681280232966,0.0006025099428370595,0.32643732987344265,0.056366764940321445,0.008605441921793931,0.005558216362260282,0.011688694776697943,0.007729695527814329,0.33768899738788605,0.19702788116410375
35,0.0019609465935022503,0.11397089716047049,0.0571403200738132,0.0006299296437646262,0.3412932027131319,0.05619923956692219,0.008592644436290122,0.005478073609992862,0.011425489565598508,0.007019863347522914,0.32265210896730423,0.1894256742671132
36,0.001960908801413268,0.11125852167606354,0.058021192671731114,0.0005983949195069727,0.3242078237235546,0.057023306377232075,0.00865541349165966,0.005593511159531772,0.011617698569165816,0.007336793001741171,0.3335992693901062,0.19531128788366914
37,0.0019608699452697774,0.11434354400262237,0.056955170119181275,0.0006347355665639043,0.34389702789485455,0.05641115177422762,0.008608829622523965,0.0054952786304056644,0.011673342942024306,0.007425861665979028,0.33680256456136703,0.19660685816779733
38,0.001960830025114388,0.11352514242753386,0.05709886085242033,0.000626122031462728,0.3392302608117461,0.057116114534437656,0.008662454225524228,0.005655426532030106,0.011629086000622504,0.007519204053096473,0.33425357937812805,0.19568484695628285
39,0.0019607890409908783,0.11138552194461226,0.056716886814683676,0.000609196435107151,0.3300600443035364,0.056258817203342915,0.00859719787730465,0.005506821209564805,0.011742505381722796,0.007675140164792538,0.340805359184742,0.19853208819404244
40,0.001960746992944192,0.10944431787356734,0.05631654663011432,0.0005942375646554865,0.32195539213716984,0.05668484792113304,0.008629688703187878,0.005390910664573312,0.011387379473621681,0.006621680920943618,0.32050327956676483,0.18859406374394894
41,0.0019607038810204396,0.11011794023215771,0.05678306706249714,0.0005970098864054307,0.32345742359757423,0.0565866669639945,0.00862221174057825,0.00537498015910387,0.011427693061867217,0.007071480504237115,0.32277656346559525,0.18968161521479487
42,0.001960659705266899,0.10976228630170226,0.05664147436618805,0.0005947730787738692,0.3222455233335495,0.05663631856441498,0.008625993628467735,0.0054621470626443624,0.011455439980963185,0.007206236943602562,0.3243459090590477,0.19049111381173134
43,0.0019606144657320144,0.10873743752017617,0.05666506034322083,0.0005851410423929337,0.3170269373804331,0.05694845039397478,0.00864973057670014,0.005476848920807242,0.011205889922948216,0.006850475096143782,0.31036847084760666,0.18365846062079072
44,0.0019605681624653964,0.10795313538983464,0.057147332234308124,0.0005743424972024513,0.31117633543908596,0.0565797183662653,0.008621682200856143,0.005406905896961689,0.011247680654912957,0.006790493032895029,0.3126877173781395,0.1846337178722024
45,0.001960520795517822,0.10884737316519022,0.05869258171878755,0.0005711867015634198,0.30946653336286545,0.057554216124117374,0.008695612980827178,0.005465006339363754,0.011254035315028823,0.006436516880057752,0.31304115802049637,0.18529768707230687
46,0.0019604723649412348,0.10797603474929929,0.05711114499717951,0.0005748210060119163,0.3114355802536011,0.05599905364215374,0.008577327079317654,0.005365701508708298,0.0110545794256409,0.006559644592925906,0.3020433858036995,0.17902121972292662
47,0.0019604228707887452,0.1082726651802659,0.05704786581918597,0.0005780256578873377,0.3131718523800373,0.05633561220020056,0.00860306371165401,0.005414304556325078,0.011118070156909583,0.006722165970131755,0.3055228590965271,0.18092923564836383
48,0.00196037231311463,0.1066973558627069,0.05738322087563574,0.0005610119515040424,0.30395388789474964,0.0559841375797987,0.008576184478821145,0.005437993328087032,0.011038826886731336,0.006687122513540089,0.30118318647146225,0.17858366202563047
49,0.0019603206919743305,0.10645021079108119,0.057049306808039546,0.0005611963806586573,0.3040538188070059,0.05710132233798504,0.0086613324105772,0.005535289761610329,0.01111052353281292,0.006237738532945514,0.3051082417368889,0.18110478203743696
50,0.0019602680074244563,0.11041102278977633,0.05684011336416006,0.0005992934620735468,0.3246946558356285,0.055818310007452965,0.00856347379816677,0.005433813668787479,0.011106732248095283,0.006304844398982823,0.30490004271268845,0.1803591763600707
51,0.001960214259522783,0.10917032277211547,0.05660443939268589,0.0005895835220144363,0.3194338418543339,0.05679024662822485,0.008637707579288915,0.005370447412133217,0.01105712597892324,0.006190172280184925,0.3021825700998306,0.17948640836402774
52,0.0019601594483282516,0.10647394834086299,0.056399657391011715,0.0005662117309839232,0.30677110236138105,0.05619237385690212,0.008592119531294674,0.005445163697004318,0.010940890842301244,0.0063288293313235044,0.29586273431777954,0.17602755408734083
53,0.0019601035739009688,0.10634052893146873,0.056356336921453476,0.0005653002845065203,0.30627728532999754,0.05617306102067232,0.008590642978022934,0.005365880788303912,0.011023608094412687,0.006591310608200729,0.3003533110022545,0.1782631860114634
54,0.0019600466363022084,0.10494088102132082,0.056885972851887345,0.0005484733192133717,0.2971605062484741,0.05577840283513069,0.008560411960958482,0.0053667506435886025,0.010858459378578038,0.006193876266479492,0.2914213016629219,0.1735998522490263
55,0.001959988635594409,0.10531026357784867,0.05676948023028672,0.0005527422254090197,0.2994733899831772,0.05697960313409567,0.008652096064600828,0.0054487091256305575,0.01092380316728756,0.0063710075337439775,0.2949393019080162,0.17595945252105594
56,0.0019599295718411756,0.10528684500604868,0.05752991302870214,0.0005469119132612832,0.29631455801427364,0.05908761918544769,0.008810689039037117,0.005540185607969761,0.01079687062110097,0.00621712941210717,0.28812483698129654,0.17360622808337212
57,0.001959869445107279,0.10651954123750329,0.05670601921156049,0.0005643706517730607,0.30577362328767776,0.056350735016167164,0.008604218492519956,0.005413735401816666,0.011374499438574574,0.00660003290977329,0.3197786584496498,0.1880646967329085
58,0.001959808255458655,0.10434197867289186,0.05663546174764633,0.0005447957682918059,0.2951680440455675,0.05716734938323498,0.008666338820410818,0.005425881827250123,0.010872945483048924,0.006455671624280512,0.29219939559698105,0.174683372490108
59,0.001959746002962406,0.10281416261568666,0.05586664937436581,0.0005363722411857452,0.2906042030081153,0.055778452195227146,0.008560415573262828,0.005334690911695361,0.010955403102534607,0.006632102536968887,0.2966481149196625,0.1762132835574448
60,0.0019596826876868,0.10275893518701196,0.05639354302547872,0.0005319726151356008,0.288220495916903,0.05605248548090458,0.008581418196583684,0.005340944859199226,0.010878270266436939,0.006015009013935924,0.29248566180467606,0.17426907364279032
61,0.0019596183097012687,0.10297220293432474,0.05623881216160953,0.0005350831033865688,0.28990575205534697,0.05706759076565504,0.008658773658474221,0.005407262244261801,0.010996681540369134,0.006203527562320232,0.29888779670000076,0.1779776937328279
62,0.0019595528690764114,0.10304184351116419,0.05605457769706845,0.0005370859544200357,0.2909908974543214,0.05675780214369297,0.00863523998888284,0.005425410578027368,0.01080870211577932,0.0060101409908384085,0.2887566387653351,0.17275722045451403
63,0.0019594863658839914,0.10246335808187723,0.055918965488672256,0.000532748585101217,0.2886409256607294,0.056232486851513386,0.008595185628133085,0.005418307497166097,0.010776853218658896,0.005976241664029658,0.28705745190382004,0.1716449693776667
64,0.001959418800196938,0.10289555555209517,0.05665808683261275,0.0005312803405104205,0.2878454253077507,0.05570353381335735,0.00855466476668343,0.005334443296305835,0.010856396447449228,0.0060874862829223275,0.2913105934858322,0.17350706364959478
65,0.0019593501720893444,0.10184423206374049,0.05585418385453522,0.0005275132098176982,0.28580442257225513,0.05756518431007862,0.008696441312882311,0.005513405776582658,0.010883773780676611,0.006004447932355106,0.29278167337179184,0.17517342884093523
66,0.0019592804816364706,0.10274370666593313,0.057516105473041534,0.0005235443313722499,0.28365409933030605,0.05516030639410019,0.00851284973418673,0.005310578970238566,0.01065258710846581,0.006061599007807672,0.28047559410333633,0.16781795024871826
67,0.0019592097289147406,0.1013706005178392,0.05570385744795203,0.000524252120158053,0.2840375732630491,0.05523682199418545,0.008518751762392293,0.005530231865122914,0.01060923470619243,0.006099079502746463,0.27819737046957016,0.1667170962318778
68,0.001959137914001743,0.10143022844567895,0.05587831069715321,0.0005235144308244344,0.28363789711147547,0.05472605489194393,0.00847927446686079,0.005301749100908637,0.010691222824942958,0.006150027853436768,0.2825137823820114,0.16861991863697767
69,0.001959065036976232,0.09998674225062132,0.054933945182710886,0.0005171652301214635,0.28019792400300503,0.05450735241174698,0.00846231435720716,0.005288291024044156,0.010615236192475421,0.005997705738991499,0.2785122022032738,0.16650977730751038
70,0.001958991097918126,0.10067672096192837,0.05523460125550628,0.0005213130534684751,0.28244519885629416,0.05449959076941013,0.008461712040927471,0.005212603718973696,0.010656837051765206,0.005915491725318134,0.2806994467973709,0.16759951878339052
71,0.001958916096908509,0.10166760860010982,0.05512946960516274,0.0005312336670613149,0.2878201473504305,0.055106901563704014,0.008508727358519126,0.0052795965457335114,0.010708822020538713,0.006164476741105318,0.2834446653723717,0.16927578346803784
72,0.0019588400340296275,0.1014205776154995,0.0550371038261801,0.0005296358813211555,0.28695446345955133,0.05439327657222748,0.008453454673933426,0.0052319851238280535,0.010573282419358551,0.005794502445496619,0.2763150483369827,0.1653541624546051
73,0.0019587629093648948,0.10133717767894268,0.05536404228769243,0.0005264524625090417,0.2852297071367502,0.05450051184743643,0.008461783409692126,0.005482186796143651,0.010553940998839165,0.005930628394708037,0.2753050699830055,0.16490279091522098
74,0.0019586847229988874,0.09976149024441838,0.05522553785704076,0.000512933693244122,0.2779052909463644,0.053935579024255276,0.008417813463255746,0.0052947812946513295,0.010835702812377727,0.0064754512859508395,0.2902010977268219,0.1720683383755386
75,0.0019586054750173458,0.10013596061617136,0.055081551196053624,0.0005174525431357324,0.280353588052094,0.05409947410225868,0.00843059358478416,0.00528490508440882,0.010747162150651801,0.005820363061502576,0.2854778915643692,0.16978868283331394
76,0.0019585251655071753,0.09953489061444998,0.05461852392181754,0.0005153240072104381,0.2792003592476249,0.05409098602831364,0.008429932037020305,0.005437229992821813,0.010623179790920869,0.005789586459286511,0.2789291739463806,0.16651007998734713
77,0.001958443794556445,0.1006454206071794,0.05485061090439558,0.0005238591402303427,0.2838246515020728,0.05574465077370405,0.008557821439984126,0.0054335297318175435,0.011130406937799809,0.006089286645874381,0.3062012493610382,0.18097295006737113
78,0.001958361362254389,0.10309803811833262,0.0549298501573503,0.0005459082622110145,0.2957707792520523,0.0557361226528883,0.00855716675213976,0.005505951005034149,0.010806682959905119,0.005943160620518029,0.2886487767100334,0.17219244968146086
79,0.001958277868691403,0.10151641117408872,0.0546004178468138,0.000533744281710824,0.2891803765669465,0.053348288871347904,0.008371858218695646,0.005185593967325985,0.010633373089006193,0.005796866025775671,0.2794647216796875,0.1664065052755177
80,0.001958193313959049,0.09975428227335215,0.054584991885349154,0.0005175962432986125,0.2804314410313964,0.054156494326889515,0.008435035032199409,0.005267258733510971,0.010569573782480444,0.005795993143692613,0.27612125128507614,0.16513887280598283
81,0.001958107698150051,0.1025241264142096,0.054699472384527326,0.0005423127331596334,0.2938227392733097,0.05373445991426706,0.00840210432578712,0.0053528237622231245,0.010942626168563426,0.005891223787330091,0.2959565967321396,0.17484552832320333
82,0.001958021021358298,0.1027998048812151,0.054011593107134104,0.0005499353501363657,0.297952638939023,0.05311278160661459,0.008353358928800252,0.005392257822677493,0.01060905279257124,0.0060522176790982485,0.2781878188252449,0.16565030021592975
83,0.0019579332836788406,0.09820329071953893,0.053445613011717796,0.0005116946740599815,0.2772339964285493,0.052652835845947266,0.008317111213185643,0.0052121945191174746,0.010532019055326967,0.00582731410395354,0.27416256815195084,0.16340770199894905
84,0.001957844485207895,0.10201516887173057,0.05403809598647058,0.0005424986375146545,0.2939234524965286,0.052898929454386234,0.00833652514936846,0.005352174397557974,0.010545412694590093,0.00595408258959651,0.27486032247543335,0.1638796259649098
85,0.001957754626042839,0.0983604840002954,0.05347400018945336,0.0005129357450641692,0.2779064103960991,0.05260108411312103,0.008313022731087845,0.005178988561965525,0.01073314580187498,0.0063119372352957726,0.28473376482725143,0.16866742447018623
86,0.0019576637062822142,0.09744589682668447,0.05273400153964758,0.0005099587306176545,0.27629347890615463,0.051955399103462696,0.008261843693706606,0.005155011545866728,0.010754789622953792,0.006367005407810211,0.28588327020406723,0.16891933465376496
87,0.001957571726025726,0.09866689704358578,0.05294509371742606,0.0005196683559915982,0.28155410569161177,0.051904759369790554,0.00825781639913391,0.0050304485484957695,0.011153151368000056,0.006693047238513827,0.3074539601802826,0.17967935977503657
88,0.001957478685374241,0.10154646774753928,0.05282928911037743,0.0005470976320793852,0.29641517251729965,0.052209606394171715,0.00828203073712594,0.005206753849051893,0.01051022869712407,0.005666768178343773,0.27302929013967514,0.16261944826692343
89,0.0019573845844297905,0.09946371288970113,0.05274849315173924,0.0005284732924337732,0.28632458485662937,0.0524720037356019,0.008302816652466802,0.005184614099562168,0.01075385275468202,0.005873590707778931,0.2858334630727768,0.16915273340418935
90,0.001957289423295567,0.09703230392187834,0.05265960190445185,0.0005066911253379658,0.2745231054723263,0.05204819515347481,0.008269218325093046,0.005201774416491389,0.01053688016350841,0.005876847309991717,0.2744157090783119,0.16323195211589336
91,0.001957193202075927,0.0972778839059174,0.05235639284364879,0.0005111960399517557,0.2769638439640403,0.05156986601650715,0.008231133136202199,0.005074624554254115,0.01056735986999129,0.005694509134627879,0.2760055959224701,0.16378773096948862
92,0.001957095920876389,0.09649814944714308,0.05200576945208013,0.0005065888108219951,0.2744676638394594,0.05376209318637848,0.008404264423013272,0.005230002221651375,0.010543087344980676,0.0059405447682365775,0.274739108979702,0.16425060108304024
93,0.001956997579803633,0.096116092056036,0.05246527190320194,0.0004996705283701885,0.2707193661481142,0.052124432288110256,0.008275272134654708,0.00516982888802886,0.010500528058301784,0.005888557992875576,0.27252551168203354,0.1623249719850719
94,0.001956898178965502,0.09737650351598859,0.052151991287246346,0.0005136152140039485,0.2782745435833931,0.05240829009562731,0.008297774396131595,0.00513287540525198,0.010566197823529761,0.005607412662357092,0.27594490349292755,0.16417659679427743
95,0.0019567977184710024,0.09667897084727883,0.05223716422915459,0.0005065491659479449,0.27444618474692106,0.05153534188866615,0.008228377495296896,0.00502526992931962,0.010728257142448601,0.005798074416816235,0.2844744324684143,0.16800488717854023
96,0.0019566961984303004,0.09724754840135574,0.052538470132276416,0.0005095718188385945,0.2760838521644473,0.05200231447815895,0.008265572929699995,0.005116630461998284,0.010541932458176083,0.005679785273969173,0.27467893064022064,0.1633406225591898
97,0.001956593618954725,0.09636267786845565,0.0520933554507792,0.0005046919541200623,0.27343996055424213,0.051808337680995464,0.008250142532270202,0.005091179860755801,0.01101378422425143,0.006585509632714093,0.2998182252049446,0.17581328144297004
98,0.001956489980156768,0.10137446597218513,0.05263132299296558,0.0005469718453241512,0.29634702671319246,0.051986160688102245,0.008264288842292444,0.005062441108748317,0.010644158775971893,0.0058630225248634815,0.2800319418311119,0.16600905125960708
99,0.0019563852821500812,0.09741779835894704,0.05236103152856231,0.0005124530034663621,0.27764485590159893,0.051460057497024536,0.008222365149778416,0.004993983660824597,0.010478475188753226,0.005651793908327818,0.27138201892375946,0.161421038210392
100,0.0019562795250494796,0.09811813523992896,0.05207303771749139,0.0005210423296375666,0.28229852207005024,0.05151498783379793,0.008226752411607323,0.005125041119754314,0.010519245418671634,0.00586896704044193,0.27349793165922165,0.1625064597465098
101,0.0019561727089709383,0.09822692489251494,0.052483225939795375,0.0005190179253986571,0.2812017071992159,0.052073195576667786,0.008271203986163385,0.005317202769219875,0.010687505161148823,0.006031218799762428,0.2823173478245735,0.16719527170062065
102,0.0019560648340315946,0.09670606395229697,0.05230994406156242,0.0005062618783995276,0.27429053746163845,0.05319438502192497,0.0083597737187565,0.00521904684137553,0.010554647530879367,0.006092117051593959,0.2753419280052185,0.16426815651357174
103,0.0019559559003497463,0.09681950649246573,0.052348945289850235,0.0005070208444521995,0.2747017443180084,0.05169393215328455,0.008241028376868919,0.005058738403022289,0.010710938084291795,0.006235424894839525,0.283556692302227,0.16762531222775578
104,0.001955845908044853,0.09716709842905402,0.05172093561850488,0.000514865132572595,0.27895173989236355,0.05201580189168453,0.008266644702173264,0.004996779840439558,0.010806581209509083,0.006205255631357431,0.28864334523677826,0.1703295735642314
105,0.001955734857237534,0.09723288705572486,0.05265250732190907,0.0005085945977043593,0.2755543952807784,0.05293297488242388,0.008339207645422004,0.005222242325544357,0.01073636210641407,0.0062975462060421705,0.284904420375824,0.16891869762912393
106,0.0019556227480495712,0.09764087991788983,0.052227074513211846,0.000515500714755035,0.27929609175771475,0.052281588315963745,0.008287738074395763,0.0049902445171028376,0.010563458448072527,0.005721606779843569,0.2758018225431442,0.16404170542955399
107,0.001955509580603905,0.09658865118399262,0.052008901024237275,0.0005074008804513142,0.27490763925015926,0.05178784113377333,0.008248510379677271,0.005225646309554577,0.010548304024578233,0.005838788812980056,0.2750110700726509,0.16339945560321212
108,0.0019553953550246377,0.09638678608462214,0.05235867761075497,0.0005029556050430983,0.27249921672046185,0.051379320211708546,0.00821591237223306,0.005090807448141277,0.0104227688644662,0.005580299999564886,0.26850421726703644,0.1599417687393725
109,0.001955280071437032,0.09561136970296502,0.05162485549226403,0.0005012173223803984,0.27155741583555937,0.05120306834578514,0.008201808372312186,0.00503904081415385,0.010689236187446653,0.00610073225107044,0.28240881115198135,0.16680593974888325
110,0.00195516372996751,0.09592579305171967,0.05143725429661572,0.0005055040528532118,0.27387994062155485,0.0510338693857193,0.008188246125639407,0.005066887475550175,0.010607848329111479,0.005918075912632048,0.2781246528029442,0.16457926109433174
111,0.0019550463307436545,0.09551446605473757,0.05159162706695497,0.0005005683833587682,0.2712058247998357,0.052003645338118076,0.008265678671773188,0.004921512911096215,0.010518617959225568,0.0059108068235218525,0.2734653204679489,0.1627344829030335
112,0.0019549278738942083,0.09609949728474021,0.05241660377942026,0.0004998766853532288,0.270831061527133,0.05133705120533705,0.008212532141837339,0.005005140672437847,0.01055391118195736,0.005696345819160342,0.27530351281166077,0.1633202820084989
113,0.0019548083595490734,0.09614960942417383,0.05189519515261054,0.00050418864339008,0.2731672637164593,0.05173896346241236,0.008244616892295864,0.005031120381318033,0.010454741328629717,0.005747315124608576,0.27015404403209686,0.1609465037472546
114,0.001954687787839313,0.09767499286681414,0.05230585648678243,0.0005152338871994289,0.2791515300050378,0.0516525162383914,0.008237726462946588,0.005039057228714228,0.01060753486669612,0.006037945626303554,0.2781082019209862,0.1648803590796888
115,0.001954566158897148,0.09632827062159777,0.052016807021573186,0.0005049395585956518,0.2735741166397929,0.051392034627497196,0.00821692874916873,0.005035473965108395,0.010594575256509456,0.0059700735146179795,0.27742908895015717,0.16441056178882718
116,0.0019544434728559594,0.09623254602774978,0.05244899354875088,0.0005008654115954414,0.27136675361543894,0.052652303129434586,0.008317069112468526,0.005149125121533871,0.010435091993784411,0.00577149074524641,0.26913951337337494,0.16089590825140476
117,0.0019543197298502878,0.09583397302776575,0.05218244553543627,0.0004991550376871601,0.2704400774091482,0.051643602550029755,0.008237015638236369,0.004930961178615689,0.010699666615525232,0.006102160783484578,0.2829602286219597,0.16730191558599472
118,0.001954194930015832,0.09830354759469628,0.05203846679069102,0.0005230086517258314,0.2833638610318303,0.05125230085104704,0.008205750545826443,0.005000216304324567,0.010715701391975047,0.006102036219090223,0.28380894660949707,0.16753062373027205
119,0.0019540690734894508,0.09659526916220784,0.05220728018321097,0.0005059973627794534,0.274147218093276,0.052424085326492786,0.008299024808927982,0.00507173128426075,0.010571839967820074,0.005835566553287208,0.27623967826366425,0.16433188179507852
120,0.001953942160409162,0.09513637470081449,0.05155271873809397,0.0004973663726559607,0.2694709924980998,0.051103794015944004,0.008193853624327604,0.005002404213882983,0.010515798555536277,0.005616530077531934,0.27331873774528503,0.16221126588061452
121,0.00195381419091414,0.09497428126633167,0.051187660079449415,0.0004985656632925384,0.27012076042592525,0.05127453804016113,0.008207530604763574,0.0049419543938711286,0.010460481151037627,0.005576239316724241,0.27045074850320816,0.16086264327168465
122,0.0019536851651447197,0.09617894934490323,0.05216908152215183,0.0005024373349442612,0.2722184155136347,0.05133993923664093,0.008212763152107042,0.005027832114137709,0.010601680694610512,0.005777259822934866,0.2778013348579407,0.1645706370472908
123,0.0019535550832423935,0.09749809093773365,0.05212313705123961,0.0005149503176653525,0.27899790182709694,0.051077970303595066,0.00819178304318124,0.004980231169611216,0.010575547293992882,0.005861299112439156,0.27643344551324844,0.16375570790842175
124,0.0019534239453498125,0.09660609578713775,0.052041450049728155,0.0005073215797892772,0.27486466988921165,0.051995749585330486,0.008265051021587727,0.005000045173801482,0.010535998846731467,0.005951022962108254,0.27436981350183487,0.16318278154358268
125,0.001953291751610785,0.09663518518209457,0.051873588003218174,0.0005088293146400247,0.2756815664470196,0.052048192359507084,0.008269218215107475,0.005115040112286806,0.0108586279843219,0.006008136318996549,0.29143035411834717,0.17173927323892713
126,0.0019531585021702784,0.09649342996999621,0.051991384010761976,0.0005066514349891804,0.2745016049593687,0.05167835112661123,0.008239786492354646,0.005037472816184163,0.010504997178834016,0.005715606734156609,0.27275753021240234,0.1622179406695068
127,0.0019530241971744162,0.09545640181750059,0.05126270046457648,0.0005024609326937934,0.2722311969846487,0.052171085961163044,0.008278974778831253,0.004990680725313723,0.010690630045718418,0.005970269325189292,0.28248247504234314,0.1673267805017531
128,0.0019528888367704802,0.09603835362941027,0.05163369723595679,0.0005050925010436913,0.27365696895867586,0.052229657769203186,0.008283620931406808,0.005113901803269982,0.010548095193095195,0.0058427092153579,0.2750001698732376,0.1636149138212204
129,0.0019527524211069105,0.09591195592656732,0.05199012579396367,0.0005012945712223882,0.27159926854074,0.05190511979162693,0.008257844594268666,0.005074815242551267,0.010482138921801975,0.005824909429065883,0.2715718224644661,0.1617384711280465
130,0.0019526149503333032,0.09574187221005559,0.05169660574756563,0.0005018919455324067,0.271922929212451,0.05097966641187668,0.008183896232291873,0.0050210554618388414,0.01052760537934668,0.005670573795214295,0.2739328369498253,0.16245625168085098
131,0.001952476424600412,0.09542756760492921,0.05118083441630006,0.0005027992410759907,0.2724144933745265,0.05141544435173273,0.008218800227510677,0.0049983629724010825,0.010497960673161276,0.005837427685037255,0.27239225804805756,0.16190385119989514
132,0.001952336844060147,0.09620760008692741,0.051368082873523235,0.0005086154033051571,0.27556566428393126,0.05086957756429911,0.008175054998987895,0.004972748225554824,0.010599416513191547,0.005972153157927096,0.27768269181251526,0.16427613468840718
133,0.0019521962088655759,0.0949884494766593,0.051198695320636034,0.0004986149579053745,0.2701474614441395,0.050843131728470325,0.008172929690134367,0.004891144577413797,0.010536157420134777,0.005788605660200119,0.27437805384397507,0.1626105927862227
134,0.001952054519170922,0.09656532248482108,0.051899561658501625,0.0005079928250779631,0.2752283550798893,0.05273486394435167,0.008323587155831435,0.005097023211419582,0.010541408244306378,0.005737081984989345,0.2746516242623329,0.1636932441033423
135,0.0019519117751315652,0.0955804493278265,0.05174210527911782,0.0005000663313694531,0.27093381714075804,0.05102065019309521,0.008187185418947973,0.005054180859588087,0.010501631465071711,0.005614315625280142,0.2725827917456627,0.16180172096937895
136,0.0019517679769040426,0.09498168621212244,0.05119948764331639,0.0004985466748621548,0.2701104646548629,0.052937790751457214,0.008339586738000363,0.0052488724468275905,0.010689186157292321,0.005832959897816181,0.28240615874528885,0.16767197474837303
137,0.001951623124646046,0.09622706426307559,0.051496179308742285,0.0005078493213659385,0.2751506008207798,0.05046120472252369,0.00814217508598842,0.004999328753910959,0.010498207407794058,0.005851337686181068,0.27240506559610367,0.16143313515931368
138,0.0019514772185164238,0.09664639318361878,0.05196423199959099,0.000508263559822808,0.2753750327974558,0.05193680804222822,0.008260365246799888,0.005134321399964392,0.010616658098910915,0.0059608721639961,0.27858680486679077,0.1652618064545095
139,0.0019513302586751805,0.09528361074626446,0.05151122552342713,0.0004990315028408077,0.27037314511835575,0.051419622264802456,0.008219133972126908,0.005016348441131413,0.010515854945828702,0.005780849372968078,0.27332165837287903,0.16237064031884074
140,0.0019511822452834748,0.09463879745453596,0.05130470171570778,0.0004946055287291529,0.2679751683026552,0.05147875379770994,0.00822385861200244,0.0050583063857629895,0.010418968418634768,0.0055000081192702055,0.2683084309101105,0.1598935923539102
141,0.0019510331785036214,0.09571192692965269,0.051335470052435994,0.0005042818156653084,0.2732177507132292,0.05156968254595995,0.008231118661413768,0.005070416256785393,0.010622278663580485,0.005642551812343299,0.27888186275959015,0.16522577265277505
142,0.0019508830584990912,0.09562796307727695,0.051222350215539336,0.0005043420896981843,0.27325040102005005,0.05066179856657982,0.008158342264007244,0.0049522435292601585,0.010522004430005642,0.00582163140643388,0.2736414298415184,0.1621516142040491
143,0.0019507318854345085,0.09650565031915903,0.051292137010023,0.0005119266770634567,0.27735969983041286,0.05130129028111696,0.008209671328524463,0.005077700479887426,0.010578605347900444,0.006009182310663164,0.27659333497285843,0.1639473126269877
144,0.0019505796594756536,0.09592499025166035,0.05219531059265137,0.0004999000029783929,0.2708436958491802,0.051308540627360344,0.0082102514803082,0.005103778094053268,0.010491543102563129,0.005737148341722786,0.2720593363046646,0.16168393846601248
145,0.0019504263807894604,0.0962529038079083,0.05161250801756978,0.0005072289332019864,0.2748144809156656,0.051154536195099354,0.008197920439999876,0.005031095119193196,0.010721874945782531,0.005966934375464916,0.284136064350605,0.16764530027285218
146,0.0019502720495440185,0.09580290364101529,0.05144666903652251,0.0005043004202889279,0.27322783041745424,0.051466282457113266,0.00822286255823593,0.004903652239590883,0.01062414761500595,0.00564101489726454,0.27898000180721283,0.16522314213216305
147,0.0019501166659085703,0.09462709305807948,0.051140255527570844,0.0004957115979777882,0.26857443805783987,0.05062106158584356,0.00815506151855805,0.004937956458888948,0.010484888440375626,0.005887927254661918,0.27171431481838226,0.1611676882021129
148,0.001949960230053513,0.09455511905252934,0.051055577816441655,0.0004956725533702411,0.26855327375233173,0.050545938313007355,0.008149008138688336,0.004893203848041594,0.010583166623432092,0.005961959948763251,0.2768319100141525,0.16368892416357994
149,0.001949802742150398,0.09517144411802292,0.05097475973889232,0.0005019570089643821,0.2719581760466099,0.05105667933821678,0.00819007540798707,0.00495305540971458,0.010566683796732894,0.005879913456737995,0.2759702727198601,0.16351347602903843
150,0.0019496442023719304,0.09569343272596598,0.051512598525732756,0.0005028034283895977,0.27241676300764084,0.05136371962726116,0.008214664919253437,0.005135826417244971,0.010616833885647207,0.005550276837311685,0.27859604358673096,0.16497988160699606
151,0.001949484610891968,0.0961221600882709,0.05158601747825742,0.0005062179188826121,0.27426671609282494,0.0511534558609128,0.008197833904686836,0.005013741203583777,0.010659979287675557,0.005749866017140448,0.28086498379707336,0.16600921982899308
152,0.0019493239678855228,0.09546337323263288,0.05192135670222342,0.0004976624913979322,0.2696314314380288,0.051776920445263386,0.008247640589600671,0.005124193849042058,0.010412143599408641,0.005742925335653126,0.26795705407857895,0.15986698726192117
153,0.001949162273528759,0.09530467679724097,0.05143239232711494,0.0004998079220968066,0.27079380583018064,0.05187015514820814,0.008255063385500533,0.00516615912783891,0.010488096760763527,0.00553934252820909,0.2718806341290474,0.16187539463862777
154,0.0019489995279989949,0.09607839258387685,0.05147086991928518,0.0005066641206212807,0.2745084725320339,0.0506349578499794,0.008156181154503492,0.0049526888178661466,0.01083054814525893,0.006107476889155805,0.28992505371570587,0.17028000578284264
155,0.0019488357314747004,0.09698573546484113,0.0515029130037874,0.0005148010313860141,0.278917015530169,0.0513306288048625,0.008212018602441615,0.005149535252712667,0.01047391130420592,0.005784470238722861,0.27114565670490265,0.16123814275488257
156,0.0019486708841354988,0.09547027619555593,0.05165000329725444,0.0004997295727662276,0.27075135707855225,0.05083454679697752,0.00817223982789096,0.004983059712685645,0.010476531461824222,0.0056795666459947824,0.27128133922815323,0.16105794301256537
157,0.0019485049861621656,0.09506942331790924,0.05132954800501466,0.0004983961625839584,0.2700289189815521,0.05143848434090614,0.008220641408272505,0.005123488139361143,0.010487541844967538,0.005626861471682787,0.2718518525362015,0.1616451684385538
158,0.0019483380377366278,0.09437289135530591,0.05103863985277712,0.0004941158877045382,0.26770989038050175,0.05057801306247711,0.008151593351727052,0.005050391308031976,0.010579864547546043,0.0060074718203395605,0.27665919065475464,0.16361860185861588
159,0.0019481700390419653,0.09474258916452527,0.05105746001936495,0.0004973887062078575,0.2694830894470215,0.051208123564720154,0.008202213220006086,0.004992697155103087,0.010574405671343308,0.005723336129449308,0.2763737812638283,0.16379095241427422
160,0.0019480009902624088,0.09513824945315719,0.05080285668373108,0.0005029198109696154,0.2724798144772649,0.05098473280668259,0.008184302855048113,0.005023224162869155,0.010582270081691793,0.005876367213204503,0.2767850011587143,0.16388486698269844
161,0.0019478308915833412,0.09472495364025235,0.05100970598869026,0.000497578555950895,0.2695859419181943,0.05044071935117245,0.008140522068312712,0.00498110824264586,0.010749327524605405,0.006303254282101989,0.2855929434299469,0.16801683139055967
162,0.0019476597431912967,0.09667059872299433,0.05154428561218083,0.0005115873500471935,0.2771758493036032,0.051271078176796436,0.00820725356953359,0.004996613715775311,0.010785394154118394,0.005741558619774878,0.2875126451253891,0.16939186165109277
163,0.0019474875452739604,0.09515429148450494,0.05175718478858471,0.000496022192237433,0.26874271407723427,0.052099842578172684,0.008273320209490537,0.005237646051682532,0.010413307989416476,0.005596512812189758,0.2680169716477394,0.16005840711295605
164,0.0019473142980201681,0.0947468881495297,0.0510412713047117,0.0004975479405402439,0.26956935320049524,0.05098778661340475,0.008184548108036406,0.004970664740540087,0.010537310436838884,0.0057172332890331745,0.27443812787532806,0.1627129572443664
165,0.001947140001619907,0.09432561788707972,0.05129588069394231,0.0004917804726574104,0.26644456293433905,0.0507317753508687,0.008163974647200435,0.004961880738846958,0.010457033095595208,0.005606702994555235,0.27027249336242676,0.16050213435664773
166,0.0019469646562643146,0.09400433907285333,0.05118602677248418,0.000489626536364085,0.265277580358088,0.05094513110816479,0.008181124013618623,0.004998788237571716,0.01055430827386694,0.005753507721237838,0.2753242328763008,0.1631346819922328
167,0.0019467882621456785,0.09392753895372152,0.05107276327908039,0.0004897540111414855,0.26534664165228605,0.05114788468927145,0.008197387456712849,0.005248228553682566,0.010612523872785853,0.006148080690763891,0.2783699035644531,0.1647588941268623
168,0.0019466108194574362,0.09504237212240696,0.05114079872146249,0.000499540037708357,0.27064866200089455,0.05147972237318754,0.008223935805003002,0.005125923198647797,0.010582780755401915,0.0057315799640491605,0.27681172639131546,0.1641457243822515
169,0.0019464323283941757,0.09507789090275764,0.051496698055416346,0.0004972402421117295,0.2694026492536068,0.05138871818780899,0.008216663763857173,0.0049830133793875575,0.010677082188866547,0.005861169542185962,0.28176695108413696,0.16657783463597298
170,0.001946252789151634,0.09556842595338821,0.051177725894376636,0.0005041221083956771,0.2731312168762088,0.05109965428709984,0.008193521847019108,0.005038696574047208,0.010480818084446227,0.005635139532387257,0.27150338888168335,0.1613015215843916
171,0.0019460722019266983,0.09422096190974116,0.05087713757529855,0.0004939061509503517,0.26759625039994717,0.05046995263546705,0.008142880674979385,0.004990337882190943,0.01053149244810001,0.005699381930753589,0.27413516491651535,0.1623025587759912
172,0.0019458905669174043,0.09435064112767577,0.050708141876384616,0.0004963505707564764,0.26892063301056623,0.051298368722200394,0.008209437461590516,0.004959564306773245,0.010519238415403583,0.005625597666949034,0.2734975963830948,0.1623979825526476
173,0.001945707884322937,0.09417513757944107,0.051009484101086855,0.0004925061675749021,0.2668377449735999,0.050738620571792126,0.008164525518530271,0.0049260364612564445,0.010477703973698935,0.005633295280858874,0.27134208381175995,0.16104035219177604
174,0.0019455241543436307,0.09360748576000333,0.050970559008419514,0.00048755493116914295,0.2641551848500967,0.05063960328698158,0.008156555150033464,0.004925426095724106,0.010545800102392543,0.005797063815407455,0.2748805060982704,0.162760054692626
175,0.0019453393771809676,0.09515093453228474,0.05117663461714983,0.000500277314131381,0.2710481286048889,0.052089749835431576,0.008272518553501942,0.005048986757174134,0.010442399145887888,0.005480383988469839,0.26951655745506287,0.16080315364524722
176,0.0019451535530375784,0.097079215105623,0.05136499833315611,0.0005166819446458248,0.2799360752105713,0.05136197153478861,0.008214525305212422,0.004985628533177078,0.01058940559190234,0.00565053301397711,0.2771584168076515,0.16426019417122006
177,0.001944966682117242,0.09471868351101875,0.05148491309955716,0.0004940122853440698,0.2676537558436394,0.05070213135331869,0.008161588928574064,0.0049055725103244185,0.010528712859006206,0.005816694698296487,0.2739904746413231,0.1623463029973209
178,0.001944778764624886,0.09470884129405022,0.05144005734473467,0.0004942526120430557,0.26778396777808666,0.051999764516949654,0.00826537024444205,0.005089626298286021,0.010495619957701591,0.005487778224050999,0.2722708135843277,0.16213528905063868
179,0.0019445898007665844,0.09426805190742016,0.05110782338306308,0.0004926376095681917,0.2669089613482356,0.05067128501832485,0.008159106202953199,0.004912367439828813,0.010540532742117577,0.005529262591153383,0.27460597455501556,0.1626386297866702
180,0.0019443997907495588,0.09462543483823538,0.050965957809239626,0.0004969831079506548,0.2692633382976055,0.05087397061288357,0.008175407995314634,0.005014306865632534,0.010479130394852635,0.005895894253626466,0.27141595631837845,0.161144963465631
181,0.0019442087347821791,0.09556398540735245,0.0512056234292686,0.0005038751751271775,0.2729974268004298,0.051979074254631996,0.00826372580129876,0.00510097318328917,0.01047956512219122,0.005703436094336212,0.27143846452236176,0.16170876938849688
182,0.0019440166330739615,0.09589291037991643,0.05283491243608296,0.0004948818605043925,0.2681248923763633,0.053272186778485775,0.008365885173628917,0.005266690393909812,0.01052316997378476,0.005740883061662316,0.27370205521583557,0.16348712099716067
183,0.001943823485835569,0.0960933999158442,0.052690873155370355,0.0004977955231879605,0.2697035036981106,0.051535884849727154,0.00822842093405193,0.005233897245489061,0.010566348369159132,0.005777953541837633,0.2759527489542961,0.16374431690201163
184,0.001943629293278811,0.09456846443936229,0.05112514062784612,0.0004952821291226428,0.2683417536318302,0.053640578873455524,0.008394761276351127,0.005204774439334869,0.0105342813188249,0.0057847993448376656,0.2742803543806076,0.16396046662703156
185,0.0019434340556166438,0.0952412667684257,0.05213027657009661,0.0004940703547617886,0.2676852159202099,0.051006367430090904,0.008186039248046513,0.005064868601039052,0.01051634878040873,0.005641669617034495,0.2733473405241966,0.16217685397714376
186,0.0019432377730631695,0.09806433785706758,0.05154362949542701,0.0005244543845037697,0.2841471629217267,0.05138394609093666,0.008216282099150448,0.004970313631929457,0.01049707218984929,0.0056238186080008745,0.2723461613059044,0.16186505369842052
187,0.0019430404458336357,0.09548525093123317,0.05115924635902047,0.0005034909518144559,0.2727892640978098,0.05211970768868923,0.00827489723982946,0.00506669282913208,0.010442741603064534,0.005611343658529222,0.26953423768281937,0.1608269726857543
188,0.0019428420741444358,0.09425824321806431,0.0514387518633157,0.0004901038810203318,0.26553620025515556,0.050427827052772045,0.00813948151274828,0.00488095439504832,0.010467338316985242,0.005569579778239131,0.2708054482936859,0.16061663767322898
189,0.001942642658213109,0.0940936766564846,0.05079221702180803,0.0004933584514219547,0.26729951333254576,0.051169213838875294,0.008199096342173652,0.004996551433578134,0.010566707896841403,0.0056902258656919,0.27597154676914215,0.16357038030400872
190,0.0019424421982583394,0.09386289957910776,0.05130868125706911,0.00048741570572019555,0.2640797635540366,0.050794677808880806,0.00816903458217017,0.004892843309789896,0.010444501962285139,0.005463066976517439,0.26962512731552124,0.16020990256220102
191,0.0019422406944999556,0.09383588982746005,0.051315217511728406,0.0004871181918133516,0.26391856744885445,0.05181380175054073,0.008250577747827056,0.00501209800131619,0.010525206448448397,0.005603377474471927,0.27380800247192383,0.16281090211123228
192,0.0019420381471589312,0.09430375881493092,0.051715784473344684,0.0004884786212642211,0.2646556459367275,0.051829585805535316,0.008251834100014408,0.005130561301484704,0.01044396615268252,0.00574817112646997,0.26959746330976486,0.1607135245576501
193,0.0019418345564573844,0.09462073212489486,0.05185164092108607,0.0004904008474113652,0.2656970927491784,0.053023893386125565,0.008346365943011955,0.005141332163475454,0.010708581922202913,0.006203534314408898,0.2834319472312927,0.16822792030870914
194,0.0019416299226185773,0.0948162036947906,0.05135224130935967,0.0004958917525073048,0.26867204159498215,0.05172002501785755,0.008243107882568844,0.005084732896648347,0.010504242543642513,0.0056964653776958585,0.2727183550596237,0.16221919003874063
195,0.0019414242458669158,0.09385754819959402,0.051185874035581946,0.00048827300634002313,0.26454423926770687,0.05092910397797823,0.00817983678730163,0.004866028670221567,0.010512337325143955,0.005581698147580028,0.2731388285756111,0.16203396627679467
196,0.00194121752642795,0.0937253343872726,0.05102467676624656,0.00048824295845406596,0.2645279550924897,0.05020374059677124,0.00812137669975885,0.0048919274704530835,0.010450157157230787,0.005618953960947692,0.26991719007492065,0.16006046533584595
197,0.0019410097645283727,0.09328855480998755,0.050563652301207185,0.0004876157927355962,0.2641881611198187,0.05096837319433689,0.008182990009851204,0.004927912843413651,0.010507014929670962,0.005615175003185868,0.27286233752965927,0.16191535536199808
198,0.0019408009603960206,0.09354542242363095,0.05110289761796594,0.00048600512855045963,0.26331551652401686,0.050777530297636986,0.008167655700378086,0.004986728657968342,0.010530519044891384,0.005478197475895286,0.2740844786167145,0.16243100445717573
199,0.0019405911142598732,0.09514590678736567,0.05180488247424364,0.0004955926451657433,0.26850999239832163,0.05306778755038977,0.008349820088703065,0.005129054537974298,0.01090746779367831,0.0060001579113304615,0.29405784606933594,0.17356281680986285
200,0.0019403802263500522,0.09763097343966365,0.0529302004724741,0.0005102181949041551,0.2764340564608574,0.05307804420590401,0.00835062706664596,0.005420744186267257,0.010790210146720006,0.006281914538703859,0.28776945918798447,0.17042375169694424
201,0.001940168296897822,0.09494921285659075,0.051593368174508214,0.0004953390453010798,0.2683725841343403,0.05114640388637781,0.008197268851013777,0.0049168921541422606,0.010528410430140953,0.00554967625066638,0.2739747390151024,0.1625605714507401
202,0.0019399553261355894,0.0937522235326469,0.05089525878429413,0.0004894465801044134,0.26518007926642895,0.05137412250041962,0.008215496797028852,0.0050879730843007565,0.0104979071323664,0.005589672829955816,0.2723895013332367,0.16188181191682816
203,0.0019397413142969032,0.09475101064890623,0.05089042987674475,0.0004986996063962579,0.27019332721829414,0.05170586332678795,0.008241979199261529,0.005091769155114889,0.010832433638561017,0.006389524671249092,0.2900260165333748,0.17086593993008137
204,0.0019395262616164531,0.09461599588394165,0.05090988194569945,0.0004973099858034402,0.26944044325500727,0.050749956630170345,0.008165437354483189,0.005067869555205107,0.010574369977522776,0.005650112056173384,0.27637189626693726,0.1635609264485538
205,0.001939310168330071,0.09341813484206796,0.051055127289146185,0.00048518311632506084,0.262870155274868,0.05186941381543875,0.008255004331937762,0.00514616968575865,0.010503061823876053,0.005548053304664791,0.27265704423189163,0.1622632290236652
206,0.0019390930346747295,0.093883300665766,0.05090736644342542,0.0004905668411083752,0.265787030570209,0.05080366786569357,0.008169757221907551,0.005226372159086168,0.010593856535112977,0.005966808181256056,0.2773914486169815,0.16409755824133754
207,0.0019388748608885425,0.0934479502029717,0.05080997268669307,0.00048726822387834545,0.26399985142052174,0.05009805131703615,0.008112823611004141,0.004866170696914196,0.010807693089911205,0.006296431180089712,0.28870271891355515,0.16940038511529565
208,0.0019386556472107644,0.09449802059680223,0.05104799778200686,0.0004952015478920657,0.26829809974879026,0.05120285972952843,0.00820179173886534,0.005045685917139053,0.010615793086395528,0.005430188728496432,0.2785414159297943,0.16487213782966137
209,0.0019384353938817897,0.09402461582794785,0.050704245222732425,0.0004933705822622869,0.26730608753859997,0.05106812156736851,0.008190992949451003,0.005048584658652544,0.01051624525868849,0.005744871916249394,0.27334196120500565,0.16220504138618708
210,0.001938214101143153,0.09471547976136208,0.05126545112580061,0.000495602966111619,0.2685155849903822,0.05186330433934927,0.008254518005376446,0.005108671262860298,0.010686951663711317,0.005689455778338015,0.2822881042957306,0.16707570431753993
211,0.0019379917692375294,0.09451383864507079,0.05133499042131007,0.000493228717459715,0.2672292198985815,0.05119129829108715,0.008200865757113703,0.004915485274977982,0.010667113035230004,0.005950665683485568,0.2812410369515419,0.16621616762131453
212,0.0019377683984087327,0.09403496980667114,0.050958736101165414,0.000491587292344775,0.2663398999720812,0.05138865951448679,0.00821665911491578,0.005083507974632084,0.010674475047284271,0.0059852327685803175,0.28162936866283417,0.16650901408866048
213,0.0019375439889017165,0.09557342948392034,0.0517086039762944,0.0005002488869649824,0.2710327235981822,0.051877617835998535,0.00825565698255068,0.005169536452740431,0.01059130739380904,0.005641336785629392,0.2772579565644264,0.16456778720021248
214,0.0019373185409625735,0.0941513073630631,0.051168163074180484,0.0004911147370876279,0.2660838821902871,0.05064004193991423,0.008156590496964914,0.005115531617775559,0.010685992166194326,0.006106869666837156,0.2822374254465103,0.16643873369321227
215,0.0019370920548385346,0.09493488678708673,0.05066202930174768,0.000502082759339828,0.2720263060182333,0.05083919409662485,0.008172613533685804,0.004867765703238547,0.010664589506116273,0.0060473906341940165,0.28110796958208084,0.16597358183935285
216,0.0019368645307779701,0.09377089142799377,0.05091900238767266,0.0004894435569440247,0.2651784401386976,0.050155652686953545,0.008117486545501028,0.004855821607634425,0.010540843710323338,0.005707848817110062,0.27462220191955566,0.1623889273032546
217,0.0019366359690303875,0.09299944387748837,0.05050525558181107,0.00048537882685195655,0.2629761900752783,0.05078909266740084,0.008168585224104567,0.0049775459337979555,0.010534881255216335,0.005761727225035429,0.2743116095662117,0.16255035111680627
218,0.0019364063698464333,0.09298203280195594,0.05051980447024107,0.0004851107569265878,0.2628309400752187,0.05059350747615099,0.008152842088518247,0.00489162013400346,0.010518895508946175,0.005485671921633184,0.27347974479198456,0.16203662613406777
219,0.0019361757334778909,0.09228204563260078,0.05023593478836119,0.00048074663027364295,0.26046647783368826,0.05085097160190344,0.008173559963434631,0.004973831004463136,0.01061509696443039,0.005530838388949633,0.2785048857331276,0.16467792866751552
220,0.0019359440601776816,0.09335828991606832,0.05075447680428624,0.00048685050023777876,0.26377353351563215,0.050919538363814354,0.008179068557550054,0.004952753079123795,0.0105701530443018,0.005512245814315975,0.27615153044462204,0.1635355344042182
221,0.001935711350199863,0.09516701800748706,0.05083961645141244,0.0005029139192629373,0.2724766191095114,0.051039439626038074,0.008188692849864978,0.004915417870506644,0.010953039908793894,0.0063611953519284725,0.2965201884508133,0.17377981403842568
222,0.0019354776037996309,0.09595760982483625,0.051316581666469574,0.0005066885787528008,0.27452171314507723,0.05177238304167986,0.00824727943657373,0.004888633266091347,0.010791398301610461,0.005687083234079182,0.2878328338265419,0.16980260843411088
223,0.0019352428212333164,0.09591113729402423,0.051271707750856876,0.0005065909808763536,0.2744688456878066,0.05086595006287098,0.008174763623691458,0.004968413966707885,0.010604342784284949,0.005704132956452668,0.27794086933135986,0.16440340969711542
224,0.0019350070027583871,0.09356302581727505,0.050810464192181826,0.0004883265719399787,0.2645732630044222,0.05090861953794956,0.008178191604423778,0.004916250007227063,0.010541769053949915,0.005716791492886841,0.27467041462659836,0.16278951708227396
225,0.0019347701486334475,0.09279613895341754,0.05101578123867512,0.00047973347682273015,0.2599175591021776,0.05313068628311157,0.008354766925733054,0.005218023783527315,0.010457822445911006,0.005585769773460925,0.2703133001923561,0.16172199323773384
226,0.001934532259118237,0.09332886105403304,0.051178512163460255,0.00048344833703595214,0.2619302477687597,0.05059703532606363,0.008153126215527723,0.00497822230681777,0.010608938087657109,0.005935459863394499,0.2781818136572838,0.1643894244916737
227,0.0019342933344736303,0.09382589627057314,0.05106501933187246,0.0004888731345999986,0.2648693900555372,0.051400757394731045,0.008217626148782102,0.005168006289750338,0.01072784105561351,0.005833451519720256,0.2844523712992668,0.16792656434699893
228,0.001934053374961638,0.0936641632579267,0.05045244423672557,0.0004919031289318809,0.2665110304951668,0.051350489258766174,0.00821360707063904,0.005008553271181881,0.010567312963695046,0.005763180321082473,0.2760031297802925,0.16367680951952934
229,0.0019338123808454047,0.09321906650438905,0.050690989242866635,0.0004860343960899627,0.2633313750848174,0.050948675721883774,0.008181408381269179,0.005129324039444327,0.01063111403188033,0.005845867097377777,0.2793459817767143,0.16514732874929905
230,0.0019335703523892104,0.09360104938969016,0.05092708580195904,0.0004878164818364894,0.2642968902364373,0.050797781907022,0.008169284190119409,0.004900009022094309,0.010586397651603146,0.0060063248965889215,0.2770009711384773,0.16389937652274966
231,0.0019333272898584687,0.09411823935806751,0.05085225589573383,0.0004931418698106427,0.26718216855078936,0.050596906803548336,0.008153115729665652,0.004901632899418473,0.010652113165624599,0.005919009214267135,0.28045063465833664,0.1655237707309425
232,0.0019330831935197275,0.09310221672058105,0.05089079961180687,0.00048348086420446634,0.26194787956774235,0.052001118659973145,0.008265477749673959,0.005015941336750984,0.010560604423960009,0.00563428271561861,0.27565281093120575,0.16382696479558945
233,0.0019328380636406688,0.09372227732092142,0.051554680336266756,0.00048430181414005347,0.26239265874028206,0.05190775450319052,0.008258054292562902,0.00504123349674046,0.010546271147649522,0.005616469541564584,0.2749050632119179,0.1634064088575542
234,0.0019325919004901067,0.09326648293063045,0.0510212539229542,0.000484033682369045,0.262247396633029,0.05028257891535759,0.008127751004675443,0.004912776872515678,0.010554625988340232,0.0056571657769382,0.27534080296754837,0.16281169094145298
235,0.0019323447043379902,0.09337972477078438,0.050419194623827934,0.0004895236452284735,0.2652218360453844,0.050707727670669556,0.008162039674686719,0.005017486633732915,0.010697810092434859,0.005712369456887245,0.28286202996969223,0.1667848788201809
236,0.0019320964754553996,0.09373706439509988,0.05060344538651407,0.0004914610763080418,0.2662715297192335,0.05072506982833147,0.008163434991194618,0.00518123188521713,0.010681383522120473,0.00609931128565222,0.2819940373301506,0.16635955357924104
237,0.0019318472141145486,0.09318931493908167,0.05091059464029968,0.0004841385070903925,0.2623041858896613,0.050872660242021084,0.00817530275438645,0.005076757748611271,0.010641983113023869,0.005687661003321409,0.2799174636602402,0.16539506195113063
238,0.0019315969205887826,0.09410739177837968,0.050814263289794326,0.0004933222371619195,0.26727990061044693,0.050808328203856945,0.008170131931813764,0.004950602306053042,0.010593614088708363,0.005709047080017626,0.27737873792648315,0.16409353306517005
239,0.0019313455951525795,0.0938678509555757,0.050922734662890434,0.0004903108056169003,0.26564831379801035,0.05251382943242788,0.008306124992822005,0.005365144577808678,0.010729101728752828,0.005811991170048714,0.2845192179083824,0.16851652367040515
240,0.0019310932380815478,0.09300758922472596,0.05120624811388552,0.00048027867524069734,0.2602129429578781,0.05117444321513176,0.008199515410694217,0.005001835757866502,0.010538059769630995,0.005559833254665136,0.27447716146707535,0.16282580234110355
241,0.0019308398496524284,0.093037074431777,0.050761064514517784,0.0004838375261897454,0.2621411085128784,0.050787230022251606,0.008168435581046171,0.005015771370381117,0.01066973842716144,0.00565768766682595,0.28137948364019394,0.16608335683122277
242,0.001930585430143093,0.09256944665685296,0.050509231397882104,0.0004813812265638262,0.26081030163913965,0.050559199415147305,0.008150077161837506,0.004943256499245763,0.01062541759519256,0.005727794370613992,0.2790467143058777,0.1648029568605125
243,0.0019303299798325434,0.09380825003609061,0.05044513079337776,0.0004932868469040841,0.267260717228055,0.05105438642203808,0.008189891509785845,0.005008959909901023,0.010538180683233214,0.005516145611181855,0.27448347210884094,0.1627689292654395
244,0.0019300734990009122,0.09268737630918622,0.05063592363148928,0.0004815341981156962,0.260893183760345,0.050921615213155746,0.008179235352599241,0.005052455002442002,0.010532903036499218,0.005536821787245572,0.27420859038829803,0.1625651028007269
245,0.0019298159879294625,0.09265939937904477,0.050888561410829425,0.00047941081174940336,0.25974274426698685,0.050550296902656555,0.008149359473176472,0.0049844111781567335,0.01050525067422402,0.005594581947661936,0.2727707028388977,0.16166049987077713
246,0.0019295574469005863,0.09290426969528198,0.0508685945533216,0.0004818180423171725,0.2610469674691558,0.05099097266793251,0.008184803910074406,0.005212908727116883,0.010641245029854175,0.005591020104475319,0.2798786535859108,0.16543481312692165
247,0.0019292978761978055,0.09299977216869593,0.050541106378659606,0.00048511715249333065,0.26283442042768,0.050784965977072716,0.008168253533897335,0.0050209262408316135,0.01056850604024896,0.005637435242533684,0.2760654464364052,0.16342520620673895
248,0.0019290372761057717,0.09349220432341099,0.050947405863553286,0.000486661956529133,0.2636713879182935,0.05150116607546806,0.00822564857331517,0.005177874700166285,0.010734950548493554,0.005728458170779049,0.2848295047879219,0.16816533543169498
249,0.0019287756469102645,0.09431478660553694,0.050858960254117846,0.0004949062204104848,0.26813808642327785,0.051677122712135315,0.008239688144586027,0.005001205136068165,0.010621989601695666,0.005948265199549496,0.2788666859269142,0.16527190431952477
250,0.0019285129888981921,0.09337951336055994,0.05061993678100407,0.00048803966637933627,0.26441781129688025,0.050831666216254234,0.008172008117264023,0.004980429890565574,0.010636826912902273,0.005856454721651971,0.27964629232883453,0.16523897927254438
251,0.0019282493023575918,0.09352815663442016,0.05055244266986847,0.0004899097166344291,0.2654310083016753,0.05156594421714544,0.00823082020991195,0.0050730876391753554,0.010700595733722274,0.005700598121620715,0.283009372651577,0.16728765843436122
252,0.001927984587577628,0.09359993040561676,0.05132274120114744,0.0004848850894632051,0.2627086788415909,0.05081824492663145,0.00817092938553075,0.004974599229171872,0.010640592797267345,0.005871583707630634,0.27984436601400375,0.1653313054703176
253,0.0019277188448485931,0.09405295085161924,0.050966046284884214,0.0004916992456855951,0.2664005607366562,0.052050333470106125,0.008269388141071487,0.005174767575226724,0.010704012742961516,0.005661968723870814,0.28319013863801956,0.16762023605406284
254,0.001927452074461906,0.09294012049213052,0.05082372040487826,0.00048248017810692545,0.2614057147875428,0.050408841110765934,0.008137948984583943,0.004898668616078794,0.01089632733828967,0.0062209590105339885,0.2934574708342552,0.17193315597251058
255,0.0019271842767101136,0.09347947826609015,0.05038357642479241,0.0004907071870547952,0.26586307492107153,0.05041928496211767,0.008138792391302248,0.004871489247307181,0.010543697303980429,0.005442682537250221,0.27477090060710907,0.16259509278461337
256,0.001926915451886889,0.09309571189805865,0.050419392297044396,0.00048690117546357214,0.2638009861111641,0.050701769068837166,0.008161559955166526,0.0050175925716757774,0.010561539231065668,0.0056880924385041,0.2757016345858574,0.16320170182734728
257,0.0019266456002870315,0.09239340154454112,0.05043120379559696,0.00048033265375124756,0.2602421883493662,0.05045153480023146,0.008141394700597519,0.004893359960988164,0.010600736386407898,0.005545977735891938,0.2777518481016159,0.16410169145092368
258,0.0019263747222064665,0.09283215086907148,0.050504046492278576,0.000483843898109626,0.26214456651359797,0.05147966276854277,0.00822393138135492,0.004938100348226726,0.010644623674392823,0.005586798419244587,0.2800564095377922,0.1657680361531675
259,0.0019261028179422448,0.09383130352944136,0.05080269556492567,0.0004908597547910176,0.26594572328031063,0.051900310441851616,0.0082574625199786,0.005020113196223974,0.010804135629498305,0.005787854199297726,0.2885127067565918,0.1702065085992217
260,0.001925829887792543,0.09417256200686097,0.05082707363180816,0.0004938290785503341,0.2675545057281852,0.050188805907964706,0.00812016859804585,0.004972193273715675,0.010880878060344653,0.006360786152072251,0.29262591153383255,0.17140735872089863
261,0.0019255559320566626,0.09222857328131795,0.050368851283565164,0.00047927183368301485,0.2596674533560872,0.050455071963369846,0.008141680344180937,0.004932193900458515,0.010599214523683427,0.005696106352843344,0.27767210453748703,0.16406358825042844
262,0.0019252809510350293,0.091954973526299,0.050465559819713235,0.00047603292478015646,0.25791261810809374,0.050567544996738434,0.00815074970742204,0.004993838258087635,0.010580753900776197,0.005732152843847871,0.27670570462942123,0.16363662481307983
263,0.0019250049450291935,0.09254132490605116,0.05033567710779607,0.00048240303112834226,0.26136391423642635,0.05084377992898226,0.00817298199220453,0.004943523439578712,0.010688631215284764,0.0057772311847656965,0.28237682580947876,0.1666103028692305
264,0.0019247279143418297,0.09189875237643719,0.05057267681695521,0.0004747232669615187,0.2572030480951071,0.05038382112979889,0.00813592934803137,0.004898910759948194,0.01066227411149363,0.005694622988812625,0.2809859439730644,0.16568488255143166
265,0.0019244498592767363,0.09230462927371264,0.05066191125661135,0.00047781012835912406,0.2588754976168275,0.05055904667824507,0.008150064774962313,0.004995443392544985,0.010604884212791803,0.005793724558316171,0.27796924859285355,0.1642641476355493
266,0.0019241707801388346,0.09155858727172017,0.05021349876187742,0.0004742357959912624,0.2569389380514622,0.051138284616172314,0.008196618097907756,0.005115102860145271,0.010753286602444609,0.005714827915653586,0.2858033552765846,0.16847081994637847
267,0.0019238906772341688,0.09222081117331982,0.05050251050852239,0.00047821343287068885,0.25909400451928377,0.05127037409693003,0.008207197164014975,0.0048879110254347324,0.010658874695616494,0.005787594593130052,0.2808067724108696,0.1660385732538998
268,0.0019236095508699067,0.09294555708765984,0.05080810165964067,0.00048264566794387065,0.26149537041783333,0.05185000691562891,0.008253459754966537,0.004917957587167621,0.010880040240426405,0.0058899857103824615,0.29258084297180176,0.17221542494371533
269,0.0019233274013543374,0.09303627582266927,0.050875091226771474,0.00048298829824489076,0.26168101094663143,0.05076412204653025,0.008166577284672858,0.004874480306170881,0.010681366151985823,0.005775482160970569,0.2819931134581566,0.16637861775234342
270,0.0019230442289968725,0.09417072683572769,0.05074172746390104,0.000494442239869386,0.2678867084905505,0.050877838395535946,0.008175718815263154,0.0049271422903984785,0.011027350100342058,0.00634373736102134,0.3005572557449341,0.17571754707023501
271,0.0019227600341080453,0.09355107275769114,0.05056422692723572,0.000490034213726176,0.2654984509572387,0.05072467867285013,0.008163403684703967,0.004989520995877683,0.010709623130372912,0.006012643221765757,0.28348708897829056,0.16710588382557034
272,0.0019224748169995103,0.09276558086276054,0.050449183909222484,0.0004836345815419918,0.26203115936368704,0.05115324351936579,0.008197816930345192,0.004935363889671862,0.01082385226448681,0.005850254907272756,0.28956668823957443,0.1703599658794701
273,0.0019221885779840428,0.09398231655359268,0.051181825110688806,0.0004894543253612937,0.26518427673727274,0.05236403737217188,0.008294270395265695,0.00552770309150219,0.010777010273531274,0.005787829286418855,0.2870658189058304,0.16971492813900113
274,0.0019219013173755392,0.09322147024795413,0.051803002366796136,0.00047784673733985983,0.2588953319936991,0.05154073517769575,0.008228807893604384,0.005017782095819712,0.01069555988339256,0.005807799752801657,0.28274304419755936,0.16714188968762755
275,0.001921613035489016,0.09307035198435187,0.050840671407058835,0.0004835568797716405,0.261989064514637,0.05135718919336796,0.008214142655359509,0.005046840873546898,0.010704305792340545,0.0059185122372582555,0.28320563584566116,0.16728141251951456
276,0.0019213237326406096,0.09278581058606505,0.05130501231178641,0.0004775028082804056,0.2587089976295829,0.05142548866569996,0.00821960291795552,0.005067156394943595,0.010713490510751909,0.005699262721464038,0.2836918607354164,0.16755867470055819
277,0.0019210334091475758,0.09195532696321607,0.0508178707677871,0.00047343513506348245,0.2565051447600126,0.051195744425058365,0.00820122174570262,0.00499350659083575,0.010879021612599897,0.005644439370371401,0.29252607375383377,0.17186090908944607
278,0.0019207420653282908,0.09226485062390566,0.05045258067548275,0.0004789884715137305,0.259513920173049,0.051691340282559395,0.00824082177699502,0.004967831540852785,0.010820911679947155,0.0060190699296072125,0.289409376680851,0.1705503584817052
279,0.0019204497015022474,0.09209027327597141,0.05052297795191407,0.00047685766003269237,0.2583594499155879,0.05135546065866947,0.008214004471865165,0.0049365159356966615,0.010701222636801642,0.00576386135071516,0.2830425202846527,0.1671989904716611
280,0.0019201563179900595,0.09200485376641154,0.050469165202230215,0.0004764666246046545,0.2581475991755724,0.05060657858848572,0.008153894993271292,0.004916267702355981,0.010728935749862369,0.005783403059467673,0.28451041132211685,0.16755849495530128
281,0.001919861915113458,0.0912741431966424,0.050114105455577374,0.00047234457633749116,0.25591428205370903,0.05093980114907026,0.008180695775973143,0.004865879542194307,0.010697566516229754,0.005578626878559589,0.28284917026758194,0.1668944857083261
282,0.0019195664931952912,0.09237923240289092,0.05015553627163172,0.0004822371010959614,0.26127400901168585,0.05061719939112663,0.008154750357370262,0.004897064529359341,0.010682874012882733,0.005803248495794833,0.2820727303624153,0.16634496487677097
283,0.0019192700525595256,0.09157251147553325,0.05036806967109442,0.00047322312639153097,0.25639028288424015,0.05072369985282421,0.008163325139421362,0.004933509510010481,0.010637064184756852,0.005614052526652813,0.2796587646007538,0.165191232226789
284,0.001918972593531245,0.0916445842012763,0.05028990679420531,0.0004744653106172336,0.2570632928982377,0.051197255961596966,0.008201342955736187,0.004978717188350856,0.010654465511103698,0.00559360405895859,0.2805745154619217,0.16588588571175933
285,0.0019186741164366492,0.09094010572880507,0.050239334581419826,0.0004683373335865326,0.2537431847304106,0.05163913406431675,0.008236659540355183,0.004992528003640473,0.010677228530457075,0.005628765909932554,0.2817746698856354,0.16670690197497606
286,0.0019183746216030557,0.09190979460254312,0.050820922711864114,0.000472992409413564,0.25626527704298496,0.0507724629715085,0.008167248137451297,0.005050738458521664,0.010638976530926998,0.005664990516379476,0.27975932508707047,0.16526589402928948
287,0.0019180741093588966,0.0912373443134129,0.050563200609758496,0.0004686893898906419,0.2539339130744338,0.05092233791947365,0.008179293507673343,0.004929953720420599,0.010749196971429526,0.005766011658124626,0.28558601438999176,0.1682541761547327
288,0.0019177725800337208,0.09267720207571983,0.05069518182426691,0.00048100282037921716,0.26060528215020895,0.05139627680182457,0.008217268214523381,0.004951115814037621,0.010894677134345934,0.006033983314409852,0.2933685854077339,0.17238243110477924
289,0.001917470033958192,0.09196809493005276,0.05044100456871092,0.00047633532631152775,0.25807645451277494,0.050964925438165665,0.008182713144105711,0.00490743073169142,0.01079169234911884,0.005783278262242675,0.28784850984811783,0.16940671764314175
290,0.001917166471464089,0.09091699868440628,0.05051111662760377,0.0004661175589717459,0.2525405138731003,0.051397369243204594,0.00821735531993578,0.005126006668433547,0.010763661976427972,0.005659254500642419,0.2863551527261734,0.168876260984689
291,0.0019168618928843057,0.09091224847361445,0.0502638213802129,0.0004678994773712475,0.2535059526562691,0.05076030362397432,0.008166269903436999,0.004995852475985885,0.011063055325936046,0.006577150197699666,0.3025067448616028,0.17663352424278855
292,0.0019165562985528496,0.09211725136265159,0.05024740006774664,0.0004791411593032535,0.2595966449007392,0.05124475434422493,0.008205146244284913,0.005023242090828717,0.010882664324770024,0.00607411889359355,0.2927219867706299,0.1719833705574274
293,0.0019162496888048422,0.09249830758199096,0.05043755657970905,0.00048125387002073694,0.2607413036748767,0.05107857100665569,0.008191831116970333,0.0049048097571358085,0.010930424755682682,0.005685624899342656,0.29529696702957153,0.1731877690181136
294,0.001915942063976519,0.09090599929913878,0.05014372058212757,0.0004687284908868605,0.25395510625094175,0.0513798575848341,0.008215955434098351,0.004904894158244133,0.01076076326230023,0.005559888551943004,0.28620094060897827,0.16879039909690619
295,0.0019156334244052281,0.09148559719324112,0.05045033246278763,0.0004718136933661299,0.2556266486644745,0.05118529312312603,0.008200384538006625,0.004909930867142975,0.01092310535916644,0.005787024274468422,0.29490160942077637,0.1730434512719512
296,0.0019153237704294306,0.0934897749684751,0.051375644048675895,0.0004834779138036538,0.2619462860748172,0.051986523903906345,0.008264317895751707,0.005229735281318426,0.010694204087783979,0.005862186197191477,0.28267136961221695,0.16732894675806165
297,0.0019150131023887,0.09194825729355216,0.05051816743798554,0.0004755825484608067,0.25766860600560904,0.05128586012870073,0.008208436777089344,0.004986203624866903,0.011090118339141967,0.006025336100719869,0.3039885610342026,0.17763721058145165
298,0.0019147014206237223,0.09250061213970184,0.050844687735661864,0.00047826935042394325,0.2591242976486683,0.051688737235963345,0.008240614068268084,0.005047240061685443,0.010854602173600002,0.005832019611261785,0.291214294731617,0.17145151598379016
299,0.0019143887254762946,0.09155074879527092,0.05081404442898929,0.00046972970994829666,0.254497560672462,0.051328559406101704,0.008211853027038956,0.0050212988862767816,0.010744927694180154,0.005637263180688024,0.2853592038154602,0.16834388161078095
300,0.0019140750172893255,0.09209279296919703,0.0508139468729496,0.0004747327166114701,0.25720816664397717,0.05156091693788767,0.008230418758446736,0.0050165216671302915,0.010922705354551865,0.005653753061778843,0.2948800101876259,0.17322046356275678
301,0.001913760296406834,0.09134006313979626,0.05048134294338524,0.00047024167724885046,0.25477493833750486,0.051107860170304775,0.00819417950558782,0.00492847990244627,0.010848294643010912,0.005846811342053115,0.29087596386671066,0.17099191201850772
302,0.0019134445631739507,0.09067595936357975,0.05023860139772296,0.00046590505007770844,0.25242537911981344,0.050895487889647484,0.008177136934291472,0.0048780960496515036,0.010797483427016873,0.0056223648134619,0.28815753757953644,0.16952651273459196
303,0.0019131278179369156,0.09010528214275837,0.05003608297556639,0.00046213369751058053,0.2503820648416877,0.0516110435128212,0.00823441858607803,0.004937285208143294,0.010794245986307481,0.005640230607241392,0.28798477351665497,0.16979790851473808
304,0.0019128100610430788,0.09211227484047413,0.05122060072608292,0.0004719102489616489,0.25567896477878094,0.051574443466961384,0.008231498422817923,0.005063330288976431,0.010860132840048579,0.005679931375198066,0.2915111482143402,0.1715427958406508
305,0.0019124912928408996,0.09099754365161061,0.05019260663539171,0.00046921239663788583,0.2542172856628895,0.051985702477395535,0.00826425263537639,0.005109030520543456,0.010766593446263566,0.005900510237552226,0.2865111529827118,0.16924842773005366
306,0.0019121715136799463,0.09084167331457138,0.05057002720423043,0.00046498748088197317,0.25192824471741915,0.05098315328359604,0.00818417628073944,0.004935787175782025,0.010938053148382003,0.0057079518446698785,0.2957092747092247,0.17334621399641037
307,0.001911850723910896,0.09085346013307571,0.05043415632098913,0.0004660993909055833,0.25253067072480917,0.05459666345268488,0.008469244573669977,0.005079600145108998,0.010900893917532621,0.005704858340322971,0.29370348900556564,0.17415007622912526
308,0.0019115289238855345,0.09090045047923923,0.051114525413140655,0.0004615099878719775,0.2500441502779722,0.05131771322339773,0.00821098533518977,0.005054271896369755,0.010775493302872927,0.005625457037240267,0.28698498755693436,0.16915135039016604
309,0.0019112061139567541,0.09330163383856416,0.05160506255924702,0.0004800479073310271,0.2600879166275263,0.05278046987950802,0.008327185638117768,0.0050980240339413285,0.010914020543646704,0.005861720535904169,0.2944112718105316,0.17359587084501982
310,0.0019108822944785566,0.09140423312783241,0.050488932989537716,0.0004707778225565562,0.2550654234364629,0.05173902306705713,0.008244621525472546,0.005019427742809057,0.01077603862329732,0.005837110104039311,0.28701406717300415,0.16937654512003064
311,0.0019105574658060485,0.09023826150223613,0.050274924375116825,0.00046159757584973704,0.25009160581976175,0.05187015514820814,0.008255062944803866,0.005088007659651339,0.010965359150828198,0.005818813689984381,0.29718754440546036,0.17452884977683425
312,0.001910231628295445,0.09106028452515602,0.05073450761847198,0.00046579064837715123,0.2523633884266019,0.052305989898741245,0.008289671902978867,0.005084418342448771,0.010669314602575511,0.00558973615989089,0.28135713189840317,0.1668315608985722
313,0.0019099047823040668,0.08987445291131735,0.050164754735305905,0.0004590534899762133,0.24871322978287935,0.05125333368778229,0.008205833229259902,0.004971400368958712,0.010786259225142987,0.005770193645730615,0.28755877166986465,0.16940605267882347
314,0.0019095769281903404,0.09042884921655059,0.05010111350566149,0.00046463965918519534,0.251739788800478,0.05161112640053034,0.008234425433999042,0.00495716359000653,0.010872162514262599,0.005774385761469603,0.29215729981660843,0.17188421310856938
315,0.0019092480663137983,0.09049351699650288,0.05025728954933584,0.0004640834104066016,0.25143842212855816,0.052088379859924316,0.008272409820452185,0.005112914950586855,0.010874931511542554,0.005718816537410021,0.2923061400651932,0.17219725996255875
316,0.0019089181970350778,0.09085742570459843,0.05021331994794309,0.00046776638009760063,0.2534338319674134,0.05150389391928911,0.008225866389676342,0.005056048044934869,0.010750365378639588,0.005772524047642946,0.2856481075286865,0.16857600072398782
317,0.0019085873207159213,0.09020943380892277,0.050465417793020606,0.0004599251551553607,0.24918549228459597,0.052673899568617344,0.008318774513070126,0.00516068865545094,0.010812468111828708,0.005698872031643987,0.2889578938484192,0.17081589670851827
318,0.0019082554377191745,0.09031580900773406,0.050608096178621054,0.0004598534487740835,0.24914665147662163,0.05106730666011572,0.008190927882124563,0.004902654094621539,0.010816153166815263,0.005656205234117806,0.28915490210056305,0.17011110438033938
319,0.0019079225484087885,0.09045603778213263,0.05004376149736345,0.00046531398584193084,0.2521051364019513,0.0529018584638834,0.008336755778457943,0.005084200180135667,0.010808900611239578,0.00568010623101145,0.2887672409415245,0.17083454970270395
320,0.001907588653149817,0.09084632666781545,0.05014598136767745,0.0004681611117121065,0.253647699020803,0.05212313961237669,0.008275169922270321,0.005025965510867536,0.01083565925002582,0.005564541323110461,0.29019877314567566,0.17116095637902617
321,0.001907253752308417,0.08960826694965363,0.05015957704745233,0.00045663522541872226,0.2474030191078782,0.05174699518829584,0.008245256797593406,0.004887504153884947,0.01075938220900279,0.005861440673470497,0.2861274853348732,0.16893724026158452
322,0.0019069178462518483,0.08945188811048865,0.049961867509409785,0.0004566517236526124,0.2474119607359171,0.05251024290919304,0.008305841610084193,0.005012941895984113,0.011047037097425442,0.005891364300623536,0.3016313835978508,0.17707081325352192
323,0.001906580935348473,0.09111242881044745,0.05143424915149808,0.0004611057502188487,0.24982514046132565,0.05137849319726229,0.008215846395261277,0.0050995153142139316,0.010919567591237722,0.005768168834038079,0.29471060633659363,0.17304454976692796
324,0.0019062430199677557,0.09068909147754312,0.05023578694090247,0.0004660470312956022,0.25250230450183153,0.0523794312030077,0.008295489212577565,0.005040058749727905,0.01107386092147885,0.006096551893278956,0.3030979558825493,0.1777386935427785
325,0.0019059041004802616,0.09015809884294868,0.050141705898568034,0.00046184130587789696,0.25022365897893906,0.05107713211327791,0.008191715650581613,0.005053918692283332,0.010924785651517058,0.005911533255130053,0.2949923425912857,0.1730347373522818
326,0.0019055641772576573,0.09011229872703552,0.050070941681042314,0.0004619410974555649,0.2502777185291052,0.05254894122481346,0.008308901478934847,0.005145070259459317,0.011131392838596854,0.006311931065283716,0.3062555119395256,0.17940222658216953
327,0.001905223250672711,0.09235591674223542,0.051521391374990344,0.0004719379994639894,0.2556940084323287,0.051511842757463455,0.008226501230654625,0.0050497103948146105,0.010850053077441973,0.005934199201874435,0.2909702733159065,0.171241058036685
328,0.0019048813210992901,0.08986085001379251,0.0503245338331908,0.0004577483414323069,0.24800610914826393,0.05371090676635504,0.008400262641946233,0.005112834624014795,0.01089101614328355,0.00589999184012413,0.2931714728474617,0.17344118980690837
329,0.0019045383889123625,0.08947946550324559,0.05064941290766001,0.0004518301757343579,0.24479966703802347,0.05154161527752876,0.008228878187645415,0.0050388958770781755,0.01086636620593857,0.0058887043269351125,0.2918458878993988,0.17169375158846378
330,0.001904194454487995,0.08887412352487445,0.05035804375074804,0.00044839486326964106,0.24293843936175108,0.051539731211960316,0.008228727762086207,0.005042358417995274,0.01112701052486247,0.006082980195060372,0.30601440370082855,0.17877706745639443
331,0.001903849518203354,0.08874000515788794,0.04985963087528944,0.0004508368583628908,0.2442614957690239,0.05138249509036541,0.008216166312210579,0.004967734799720347,0.010860762509364932,0.005783432745374739,0.29154495149850845,0.17146372329443693
332,0.0019035035804367043,0.08880484290421009,0.049888742389157414,0.00045122029587219004,0.2444692375138402,0.05115935392677784,0.008198306398562005,0.005045974510721862,0.010879627283397366,0.005750324809923768,0.2925586402416229,0.17185899708420038
333,0.0019031566415674095,0.08792794914916158,0.05005003628320992,0.00044193698704475537,0.23943959176540375,0.05237370450049639,0.008295035959765122,0.00507583562284708,0.010854019909220577,0.0058706303825601935,0.2911830544471741,0.17177837947383523
334,0.0019028087019759303,0.08926025591790676,0.050561580806970596,0.00045045564547763206,0.24405495077371597,0.0519893579185009,0.00826454316664575,0.005073122214525938,0.011068766137399322,0.006081711268052459,0.3028191328048706,0.17740424536168575
335,0.001902459762043825,0.08908878220245242,0.04988909745588899,0.0004538380253507057,0.24588751699775457,0.051779392175376415,0.00824783764566766,0.0052527893567457795,0.010959005985630047,0.0059096545446664095,0.2968432679772377,0.17431133007630706
336,0.0019021098221537497,0.08962737489491701,0.05018455977551639,0.00045662711090699304,0.2473986279219389,0.05263611488044262,0.008315790352003971,0.00509288941975683,0.010929267109877894,0.005787241272628307,0.29523439705371857,0.1739352559670806
337,0.0019017588826894555,0.0899713528342545,0.051695501897484064,0.0004486464549700031,0.2430747440084815,0.052500042133033276,0.008305034770419727,0.005217340192757547,0.011192557674358514,0.006308913812972605,0.3096303939819336,0.18106521805748343
338,0.0019014069440357914,0.0910495719872415,0.050742948427796364,0.0004656294568121666,0.25227606017142534,0.05286614876240492,0.008333941863963527,0.004989215522073209,0.011086278893352017,0.006059176055714488,0.30377812683582306,0.178322137799114
339,0.0019010540065787004,0.08806238882243633,0.050314323278144,0.00044122649160271976,0.23905464075505733,0.05119171179831028,0.008200898695024404,0.004902158281765878,0.010922957898720335,0.005910374689847231,0.29489362239837646,0.17304266709834337
340,0.0019007000707052225,0.08718288596719503,0.0495360444765538,0.0004388558791106334,0.23777024541050196,0.05153320450335741,0.0082282068329296,0.00498901738319546,0.011085170752465148,0.006023645866662264,0.30371738970279694,0.17762529710307717
341,0.0019003451368034912,0.08831139979884028,0.04964564926922321,0.00044846123273600824,0.24297439493238926,0.05203978065401316,0.008268550025756554,0.005015542497858405,0.011034954017631193,0.006150439032353461,0.3009719103574753,0.17650584550574422
342,0.0018999892052627356,0.08795226830989122,0.049865271197631955,0.0004435255232237978,0.24030024744570255,0.051247346214950085,0.008205353964104477,0.004911373252980411,0.011060187795434752,0.005771033465862274,0.3023499399423599,0.176798643078655
343,0.0018996322764732775,0.08866849541664124,0.050062900641933084,0.0004486762154556345,0.2430908652022481,0.052163039334118366,0.008278336161519486,0.0050254997331649065,0.011033775191872692,0.005942802177742124,0.30090759694576263,0.1765353181399405
344,0.0018992743508265337,0.08944436116144061,0.0504965481813997,0.0004526347838691436,0.24523560516536236,0.05190534144639969,0.008257862766863095,0.004970644251443446,0.011170678951975939,0.005859232158400118,0.3084210678935051,0.1801632046699524
345,0.001898915428715013,0.08961651660501957,0.049840503139421344,0.0004590670396282803,0.24872056674212217,0.05245407950133085,0.008301398420005013,0.0050611228216439486,0.011072073220670473,0.00583635491784662,0.3030001074075699,0.17772709345445037
346,0.0018985555105323184,0.08731178985908628,0.049972221022471786,0.00043682523937604856,0.2366700554266572,0.0515270009636879,0.008227711405668204,0.004966968088410795,0.010968189116762088,0.005789750954136252,0.2973409742116928,0.17443398758769035
347,0.0018981945966731438,0.0870397612452507,0.050104736583307385,0.00043333645226084627,0.2347798515111208,0.05326653178781271,0.008365440953568512,0.005100060487166047,0.011145033201792127,0.005783063708804548,0.3070065304636955,0.18013653112575412
348,0.0018978326875332754,0.08890385599806905,0.050304317846894264,0.00044906590846949257,0.24330200534313917,0.05275776423513889,0.00832539445692728,0.00494352076202631,0.011396716764092258,0.00651910062879324,0.32102907449007034,0.18689341936260462
349,0.0018974697835095907,0.08870951691642404,0.05040302244015038,0.0004465437086764723,0.24193548504263163,0.05280988663434982,0.00832950591088883,0.004954986390657723,0.0110983811592563,0.005865905666723847,0.3044417276978493,0.17862580716609955
350,0.0018971058850000592,0.08693848177790642,0.049583771731704473,0.0004362480012787273,0.23635731544345617,0.05330753047019243,0.008368659656293213,0.0053650353802368045,0.010956560228115433,0.005761392647400498,0.296710804104805,0.1750091672874987
351,0.0018967409924037398,0.08719095168635249,0.049973427318036556,0.0004357011584943393,0.2360610393807292,0.052519578486680984,0.00830657983037331,0.005106233642436564,0.01104404319880998,0.0057550405617803335,0.3014679253101349,0.17699375189840794
352,0.0018963751061207821,0.08649079501628876,0.05005197855643928,0.0004286597795726266,0.23224604688584805,0.052183158695697784,0.0082799326673665,0.005064031691290438,0.011132275303445969,0.0058669616701081395,0.30630407482385635,0.17924361675977707
353,0.0018960082265524248,0.08802188653498888,0.05030727875418961,0.0004409047214721795,0.2388803055509925,0.05220132879912853,0.008281374344336442,0.005226722336374223,0.01128837600119247,0.006249716272577643,0.3149545043706894,0.18357791658490896
354,0.001895640354100997,0.08629810390993953,0.049388141836971045,0.0004317825259931851,0.23393794242292643,0.0519827576354146,0.008264018442130611,0.00499538762960583,0.011195750124242466,0.0060536874225363135,0.30980703234672546,0.18089489499107003
355,0.0018952714891699158,0.08706007525324821,0.04975469806231558,0.00043610821921902243,0.23628158029168844,0.051934268325567245,0.008260163424712776,0.005052375956438482,0.011505152565702469,0.006283396971412003,0.3271671310067177,0.18955069966614246
356,0.0018949016321636867,0.0878382227383554,0.049340540543198586,0.0004463470722839702,0.2418289463967085,0.052797719836235046,0.008328546516567727,0.004984377999790013,0.011349118810899313,0.006006968556903303,0.31835315376520157,0.1855754368007183
357,0.001894530783487903,0.08743641804903746,0.04976407787762582,0.00043951207589998376,0.2381257750093937,0.052895511500537395,0.008336255783096836,0.004989885725080967,0.011272980987993808,0.005923775490373373,0.31409603357315063,0.18349577253684402
358,0.0018941589435492463,0.0867380341514945,0.04993559932336211,0.00043180064858461265,0.23394776042550802,0.0528433620929718,0.008332145585881244,0.005121154710650444,0.011099280424687436,0.005828634137287736,0.3044910505414009,0.17866720631718636
359,0.0018937861127554842,0.0870361146517098,0.050400685984641314,0.00043111785998917185,0.2335778223350644,0.05232916306704283,0.008291508095857703,0.005137373809702694,0.011114296094254315,0.0058916842099279165,0.30531546473503113,0.17882231390103698
360,0.0018934122915154714,0.08649942418560386,0.04952198755927384,0.0004326522885094164,0.23440916556864977,0.05196584854274988,0.008262674233823415,0.004951263079419732,0.011067492958327074,0.006019466323778033,0.30274947732686996,0.17735766293480992
361,0.001893037480239149,0.08521843841299415,0.049559238366782665,0.00042055559788423125,0.22785523440688848,0.05248325318098068,0.008303706621345906,0.005028069601394236,0.011275177828979337,0.0060071328189224005,0.3142184689640999,0.18335086107254028
362,0.0018926616793375436,0.08607392013072968,0.04945034044794738,0.0004292544381314656,0.23256823513656855,0.051868632435798645,0.008254941972679687,0.004948318703100085,0.011480760954493128,0.006159773212857544,0.32578136026859283,0.18882499635219574
363,0.0018922848892227665,0.08493154169991612,0.049566361121833324,0.0004178553481324343,0.2263922542333603,0.05395605135709047,0.00841941063504517,0.005384865449741483,0.011346758664215653,0.006125765503384173,0.318220779299736,0.18608841532841325
364,0.0018919071103080144,0.08409316325560212,0.04947613622061908,0.0004107844397367444,0.22256126627326012,0.05195469781756401,0.008261787660889936,0.00495946838054806,0.011240902895134049,0.005981744732707739,0.31231100857257843,0.18213285319507122
365,0.0018915283430075685,0.08612777851521969,0.050198908196762204,0.00042422490514582023,0.2298432532697916,0.05566941108554602,0.008552044109889464,0.005242025828920305,0.011320683112303161,0.005966895958408713,0.3167598620057106,0.1862146365456283
366,0.0018911485877367935,0.08511617826297879,0.05010614125058055,0.0004155741808062885,0.22515632398426533,0.052727448754012585,0.008323002118914511,0.005090655409730971,0.011230831393057045,0.0059530280996114016,0.3117516115307808,0.1822395301423967
367,0.0018907678449121374,0.08398738922551274,0.050032472936436534,0.00040570093733549584,0.21980704460293055,0.05297187436372042,0.008342271084169349,0.005205647670663893,0.011251564368027704,0.0061729735461995006,0.3129037171602249,0.18293779576197267
368,0.0018903861149511315,0.08439496625214815,0.04932313319295645,0.00041469924690318294,0.22468228824436665,0.05282911658287048,0.008331022524356576,0.005016330746002495,0.011421144844622576,0.006058334372937679,0.32240676134824753,0.187617938965559
369,0.0018900033982723898,0.08292253874242306,0.048921317560598254,0.0004040773965243716,0.21892741974443197,0.052395060658454895,0.008296727034520673,0.005097735323943198,0.011177169584475545,0.005808314657770097,0.3087795749306679,0.18058731779456139
370,0.0018896196952956073,0.08405944565311074,0.0494798868894577,0.00041044559475267306,0.22237767465412617,0.052301568910479546,0.008289321578143277,0.0050781191093847156,0.0113630942720206,0.005967373494058847,0.31913770735263824,0.1857196381315589
371,0.0018892350064415619,0.08395621599629521,0.04963573021814227,0.0004083423536940245,0.22123815305531025,0.05360787734389305,0.008392202094515565,0.005083403899334371,0.011379211731377297,0.005995547282509506,0.32004364579916,0.18682576157152653
372,0.0018888493321321121,0.08396341511979699,0.049488804070279,0.00040949353387986775,0.22186185605823994,0.05230487696826458,0.00828958358257925,0.005025301827117801,0.011336097264082131,0.005837940378114581,0.317623071372509,0.1849639741703868
373,0.0018884626727901973,0.08222556207329035,0.048656916012987494,0.00039959733112482354,0.21650013700127602,0.05175076890736818,0.008245557484086466,0.0049631817964836955,0.011278593569870588,0.005890443339012563,0.3144088685512543,0.18307981872931123
374,0.0018880750288398362,0.08267476549372077,0.04861915437504649,0.0004040216354042059,0.21889720391482115,0.052414290606975555,0.008298249529157427,0.00506421469617635,0.011518759960125882,0.006214033346623182,0.32794148474931717,0.19017788767814636
375,0.0018876864007061284,0.08271149080246687,0.04888429353013635,0.0004024030640721321,0.2180202677845955,0.05222150683403015,0.008282974437098843,0.005054512061178684,0.011377420928704259,0.006258545792661607,0.3199429512023926,0.18608222901821136
376,0.0018872967888152524,0.08254463830962777,0.04914112435653806,0.00039896711678011343,0.2161586880683899,0.05344315152615309,0.008379298620343076,0.005081231007352471,0.011496727695522494,0.006121839163824916,0.32668813318014145,0.19006564235314727
377,0.0018869061935944652,0.08304794691503048,0.04909136542119086,0.00040397930752078537,0.21887427009642124,0.05215946212410927,0.008278052376827041,0.005070908227935433,0.011437759236817988,0.006166829261928797,0.32334547489881516,0.1877524685114622
378,0.0018865146154721023,0.08184976177290082,0.04895719955675304,0.00039391229620378,0.21342000644654036,0.05282734055072069,0.00833088213102092,0.005079492111690342,0.011589890927331882,0.006210332736372948,0.332004189491272,0.19241576502099633
379,0.001886122054877577,0.08078264258801937,0.0486926797311753,0.0003860172218992375,0.2091424884274602,0.05353174451738596,0.008386240611077162,0.005191425676457584,0.011561140546800871,0.006172464229166508,0.3303590938448906,0.19194541918113828
380,0.0018857285122413805,0.08105659717693925,0.0486609369982034,0.0003887797774950741,0.21063923090696335,0.05218701250851154,0.00828023846532347,0.004991771769709885,0.011404446755462866,0.005934267886914313,0.32146473228931427,0.1868258723989129
381,0.0018853339879950804,0.07976450817659497,0.04845442017540336,0.00037838031676074024,0.20500484947115183,0.05284172762185335,0.008332016782077682,0.004985023639164865,0.011558594404502893,0.005943457828834653,0.33021359145641327,0.1915276595391333
382,0.0018849384825713206,0.07949209492653608,0.04860013397410512,0.00037479057573364116,0.2030599405989051,0.05256929527968168,0.00831051038931291,0.005018384428694844,0.011753660780237032,0.006201672134920955,0.3414531797170639,0.1970112374983728
383,0.0018845419964038219,0.08036425989121199,0.04873984237201512,0.0003818079476332059,0.20686192251741886,0.052658215165138245,0.008317536254463213,0.005009982502087951,0.011586656756463814,0.006308755720965564,0.33181895315647125,0.19223858416080475
384,0.0018841445299273797,0.08073751209303737,0.048863729229196906,0.00038433787449321244,0.2082326291128993,0.052691828459501266,0.008320190439530806,0.005076737026683986,0.011638222964758164,0.006424671038985252,0.3347790315747261,0.19373543001711369
385,0.0018837460835778646,0.08042376721277833,0.04860951006412506,0.00038331934229063336,0.2076807888224721,0.05244814418256283,0.0083009287263588,0.005085727549158037,0.01162033648337676,0.006093845819123089,0.33375078439712524,0.19309946428984404
386,0.0018833466577922217,0.07910845195874572,0.04823101148940623,0.000373975246475311,0.2026181984692812,0.05242523457854986,0.00829911576858686,0.004975122516043484,0.011761674275507374,0.006172369932755828,0.3419189453125,0.19717208994552493
387,0.0018829462530084707,0.07973229512572289,0.04839781834743917,0.00037850092121516354,0.20507019199430943,0.05385322775691748,0.008411384764141133,0.0052494247211143374,0.011844408337179459,0.006119957892224193,0.34674614667892456,0.20029968721792102
388,0.0018825448696657046,0.07906436221674085,0.048727341229096055,0.00036990403896197677,0.20041243731975555,0.05399671196937561,0.008422582581447596,0.0050641612615436316,0.011599506642201336,0.006214382592588663,0.3325553461909294,0.1932760290801525
389,0.0018821425082040893,0.07965873321518302,0.048976114485412836,0.00037355256790760905,0.202389195561409,0.0530716385692358,0.00835012310940563,0.005099466070532799,0.01170838740385387,0.006251452956348658,0.33882781118154526,0.19594972487539053
390,0.0018817391690648633,0.07931241113692522,0.048313850071281195,0.0003752459160750732,0.20330664422363043,0.05284634046256542,0.008332380265658662,0.005077267764136195,0.011983050722476992,0.006448494968935847,0.3549111858010292,0.2038787631317973
391,0.001881334852690338,0.07850538846105337,0.048509791027754545,0.00036635166543419473,0.1984877735376358,0.05398864112794399,0.008421953233725571,0.005184438545256853,0.011857012947597967,0.006553962710313499,0.3474845439195633,0.20073659252375364
392,0.001880929559523895,0.07681974675506353,0.04805293004028499,0.00035416852915659547,0.19188700523227453,0.05499482527375221,0.008500070774078406,0.005363862495869398,0.011804429215238933,0.006124556181021035,0.3444093093276024,0.1997020673006773
393,0.0018805232900099885,0.0766774145886302,0.04852512222714722,0.00034936888914671727,0.18928657658398151,0.052537305280566216,0.008307981523793747,0.005055075860582292,0.0117681753681704,0.006038672057911754,0.3422970324754715,0.19741716887801886
394,0.0018801160445941427,0.07529857382178307,0.04759982647374272,0.00034347548535151873,0.18609355576336384,0.05346954707056284,0.008381367584283162,0.005136088584549725,0.011772878875576065,0.006046856287866831,0.3425706923007965,0.19802011968567967
395,0.0018797078237229525,0.07632481213659048,0.047527181915938854,0.0003534825336828362,0.1915153292939067,0.053015854209661484,0.008345733245329187,0.005142315058037639,0.012058944103367972,0.00638009503018111,0.3594209849834442,0.20621841959655285
396,0.0018792986278440814,0.07696931203827262,0.048007064731791615,0.0003558874304872006,0.1928182989358902,0.05371634755283594,0.008400688131458842,0.0050696805119514465,0.012140402602169116,0.006226316909305751,0.3642932027578354,0.20900477515533566
397,0.0018788884574062635,0.07673935079947114,0.04788737464696169,0.000354648866050411,0.19214724656194448,0.05328314006328583,0.008366744736608018,0.005014942958950996,0.011975556597144499,0.006169804837554693,0.35446741431951523,0.20387527719140053
398,0.0018784773128593009,0.07464869134128094,0.047106906305998564,0.0003411171437619487,0.1848158212378621,0.05453903693705797,0.008464773800325285,0.005154556827619672,0.011985316379933815,0.006306839524768293,0.3550454080104828,0.20479222247377038
399,0.0018780651946540634,0.07423184672370553,0.04787960066460073,0.0003315655867481837,0.17964082397520542,0.05256151780486107,0.008309895756649869,0.005048005958087742,0.011784999408638822,0.005995492450892925,0.3432764559984207,0.1979189869016409
400,0.00187765210324249,0.07405616552568972,0.04725892934948206,0.00033452662864874583,0.18124510813504457,0.0527991009876132,0.008328655171940362,0.005030339234508574,0.011904834105602736,0.006422445410862565,0.3502931147813797,0.20154610788449645
401,0.0018772380390775858,0.07386219594627619,0.047247789800167084,0.00033281880496360827,0.18031981587409973,0.05290381424129009,0.0083369099276458,0.0050515655893832445,0.012404758682187064,0.006728341220878065,0.3803308308124542,0.21661732252687216
402,0.0018768230026134226,0.07404087018221617,0.04794765077531338,0.00032930075758486055,0.17841374687850475,0.052182963117957115,0.008279917069610516,0.004983422462828457,0.011832812455087549,0.006058713188394904,0.34606752544641495,0.19912524428218603
403,0.001876406994305139,0.07388792047277093,0.047211447497829795,0.0003333245258545503,0.18059381004422903,0.053890498355031013,0.00841429470533335,0.005214442731812596,0.011991686976538504,0.006048999028280377,0.3554229363799095,0.20465671736747026
404,0.0018759900146089392,0.07287358399480581,0.047691387590020895,0.000320420313073555,0.17360236775130033,0.0538086611777544,0.008407903231100288,0.005105049232952297,0.012232248069114503,0.006463327328674495,0.3698259964585304,0.21181732881814241
405,0.0018755720639820922,0.0725736515596509,0.04700124659575522,0.0003227475790481549,0.17486326582729816,0.05431029759347439,0.00844700443289172,0.005159464781172574,0.012079008640231354,0.006264798576012254,0.3606180474162102,0.20746417250484228
406,0.001875153142882933,0.07359550381079316,0.04729758179746568,0.00032999000541167334,0.17878718674182892,0.054024141281843185,0.008424721774536945,0.0051946998573839664,0.012046815323784276,0.006315438309684396,0.35869836807250977,0.20636125467717648
407,0.0018747332517708587,0.07172880973666906,0.046665936475619674,0.0003174264365952695,0.17198029812425375,0.05311136692762375,0.00835324787278429,0.005083969095721841,0.012085793417135794,0.006426275125704706,0.36102328449487686,0.2070673257112503
408,0.0018743123911063322,0.07150876754894853,0.04643498291261494,0.0003171008502249606,0.17180389259010553,0.05290766805410385,0.008337213853929704,0.00504877686034888,0.011880818751312883,0.0061590177938342094,0.3488812521100044,0.20089446008205414
409,0.0018738905613508788,0.0682475995272398,0.04589762073010206,0.0002909722034019069,0.157647505402565,0.05261489097028971,0.008314113656302479,0.005029057036153972,0.012036705094161151,0.006339170038700104,0.35809654742479324,0.20535571919754148
410,0.0018734677629670862,0.06712869368493557,0.045344408601522446,0.0002847305986506399,0.15426582796499133,0.053761547431349754,0.008404221568481092,0.00510871852748096,0.012305096027474486,0.006491926731541753,0.3742440417408943,0.21400279458612204
411,0.0018730439964186048,0.069946602685377,0.0459705616813153,0.0003061130564674386,0.165850761346519,0.055683666840195656,0.008553139213784188,0.005141415516845882,0.011985267814024496,0.0061711788875982165,0.3550425320863724,0.20536309946328402
412,0.0018726192621701465,0.06785293435677886,0.04635718744248152,0.0002839371172740357,0.15383592061698437,0.05372077785432339,0.008401034678366361,0.005252886330708861,0.012204481991178587,0.006331982440315187,0.368148997426033,0.2109348876401782
413,0.0018721935606874848,0.06776657304726541,0.045312557369470596,0.00029085246205795556,0.1575826285406947,0.0539217097684741,0.008416731116372578,0.0051239446038380265,0.01226229585325586,0.006404968444257975,0.37164514511823654,0.21278342744335532
414,0.0018717668924374535,0.06874577375128865,0.0457656173966825,0.0002965442045024247,0.16066639125347137,0.05488623771816492,0.008491674950408815,0.00516707927454263,0.012550564013408207,0.006659536040388048,0.3893241807818413,0.2221052092500031
415,0.0018713392578879463,0.06672916701063514,0.04579534591175616,0.00027771432633016957,0.15046444162726402,0.05390284676104784,0.00841525880610219,0.0051380571676418185,0.012286497233702664,0.006433607777580619,0.37311359494924545,0.21350822085514665
416,0.0018709106575079174,0.06523292302154005,0.04508414748124778,0.00026915681519312784,0.14582801843062043,0.05371866934001446,0.008400869580482355,0.005089873098768294,0.012378288080220453,0.006506696227006614,0.3787093684077263,0.21621401887387037
417,0.0018704810917673793,0.06420334801077843,0.04423743346706033,0.0002659064812178258,0.14406700199469924,0.05355942063033581,0.008388408262898078,0.0050410517724230886,0.012323144970415242,0.006403214996680617,0.3753427118062973,0.21445106621831656
418,0.0018700505611374035,0.06285144807770848,0.044138334691524506,0.0002541620006013545,0.13770389650017023,0.05367518402636051,0.008397468924983017,0.0050916512263938785,0.012404264947535259,0.006425442174077034,0.38030053675174713,0.21698786038905382
419,0.0018696190660901196,0.06256604986265302,0.04372327891178429,0.0002545924890000606,0.1379371304064989,0.05395735427737236,0.00841951250064511,0.005107481149025261,0.012387865955405173,0.006519718328490853,0.3792956620454788,0.2166265081614256
420,0.0018691866070987154,0.06177425850182772,0.04396541393361986,0.0002454977357047028,0.133009631652385,0.05545542482286692,0.008535591954117667,0.005298709613271058,0.012608548154180992,0.006573302787728608,0.39292988926172256,0.22419265704229474
421,0.0018687531846374346,0.06302654533647001,0.04417702439241111,0.0002554922675699345,0.1384246228262782,0.05419471487402916,0.00843801108176006,0.005192535929381847,0.012289124505905677,0.006424473132938147,0.37327317893505096,0.21373394690454006
422,0.001868318799181578,0.06151799624785781,0.04354781680740416,0.0002462158618072863,0.13339870749041438,0.05431036092340946,0.00844700927807088,0.005010946304537356,0.012534534200325534,0.006366936955600977,0.3883303105831146,0.22132033575326204
423,0.001867883451207503,0.059704288840293884,0.04289208468981087,0.0002343191190448124,0.1269531026482582,0.05320371221750975,0.008360506632999197,0.005024457932449877,0.012753214320113351,0.0065873488783836365,0.40199828892946243,0.2276010005734861
424,0.0018674471411926218,0.059091519098728895,0.04242999781854451,0.00023207565027405508,0.1257375981658697,0.054627553559839725,0.008471640059765964,0.005156085477210581,0.012441638055871517,0.006477978429757059,0.38259562104940414,0.21861158730462193
425,0.001867009869615402,0.0601739683188498,0.04335150239057839,0.00023526175937149674,0.12746382365003228,0.0563601590692997,0.008604937668044092,0.005317220580764115,0.012410131743320667,0.006454927264712751,0.38066038489341736,0.21851027198135853
426,0.001866571636955365,0.058880832977592945,0.04287340911105275,0.0002268576781716547,0.122910525649786,0.053433315828442574,0.008378527294828238,0.005049159051850438,0.012431701432592169,0.0064032410737127066,0.38198474794626236,0.21770903188735247
427,0.001866132443693087,0.05711345141753554,0.041902770986780524,0.00021771335468656616,0.11795616988092661,0.05389719642698765,0.0084148178409823,0.005061803734861314,0.01258031434397563,0.006505364552140236,0.3911721035838127,0.22253465000540018
428,0.0018656922903101975,0.05793725629337132,0.042600479209795594,0.00022016481216269312,0.1192843597382307,0.05335170216858387,0.008372126004953673,0.00506743136793375,0.012713301933168884,0.006865634582936764,0.3994860351085663,0.22641886863857508
429,0.0018652511772893781,0.06202233280055225,0.04275521985255182,0.0002567218061813037,0.1390907815657556,0.054381655529141426,0.008452551635227254,0.005009299609810114,0.012770005208933882,0.006700589670799673,0.4030575305223465,0.22871959302574396
430,0.0018648091051143639,0.05918641644529998,0.04221870540641248,0.00023451136257790495,0.12705725897103548,0.05379750858992338,0.008407032189831872,0.005062513635493815,0.012946732965357694,0.006809160578995943,0.41429080069065094,0.23404415464028716
431,0.0018643660742699406,0.05952697992324829,0.04213102953508496,0.00023830157351767411,0.12911077961325645,0.053686926141381264,0.008398387091472902,0.005113722407259047,0.012812270694745448,0.006892973091453314,0.4057299867272377,0.22970845643430948
432,0.0018639220852419462,0.05862475745379925,0.04220966808497906,0.00022939476548344828,0.12428511120378971,0.055807179771363735,0.008562619857093057,0.005134946433827281,0.01290604489113849,0.0067237920593470335,0.4116908609867096,0.23374902037903666
433,0.001863477138517269,0.05740367993712425,0.04160147695802152,0.00022261615231400356,0.1206124871969223,0.05431460775434971,0.008447339497398941,0.005098555237054825,0.012755461683717544,0.006798870977945626,0.4021399915218353,0.22822729963809252
434,0.0018630312345838476,0.058712751837447286,0.042120178462937474,0.0002308675166204921,0.1250830376520753,0.05464467033743858,0.008472967110123708,0.00506905245129019,0.012957574586481432,0.006645768764428794,0.41498491913080215,0.23481479473412037
435,0.0018625843739306705,0.05436569266021252,0.040576981380581856,0.00020214358210068895,0.10952053498476744,0.05362530704587698,0.008393566084496736,0.005205447901971638,0.01271723138288318,0.006739448755979538,0.3997330367565155,0.22667917190119624
436,0.0018621365570477752,0.05184027040377259,0.03955759690143168,0.0001863635234258254,0.10097096301615238,0.05435008183121681,0.008450097568183722,0.004953923518769443,0.012447949008742933,0.00629720906727016,0.38298386335372925,0.21866697259247303
437,0.001861687784426248,0.05266204965300858,0.04012096975930035,0.00018978805110236863,0.10282636201009154,0.055359055288136005,0.008528172093113767,0.005280253826640546,0.012632537891367122,0.006412350223399699,0.39442652463912964,0.22489278996363282
438,0.0018612380565582228,0.05031631048768759,0.03870344487950206,0.0001786056282071513,0.0967677696608007,0.05348695255815983,0.00838273138426168,0.005052766413427889,0.012899827054608768,0.006705594481900334,0.41129427403211594,0.23239061329513788
439,0.0018607873739368813,0.04941533971577883,0.038600294617936015,0.00017105249753512908,0.09267551684752107,0.055201128125190735,0.008515999052455784,0.005113647901453078,0.012782081173371509,0.006522828829474747,0.4038201943039894,0.22951066121459007
440,0.0018603357370564524,0.049466736149042845,0.03840595670044422,0.00017296158239332726,0.09370985068380833,0.054007792845368385,0.008423446832056961,0.005127991433255374,0.012877637717488892,0.006727994768880308,0.40988053381443024,0.2319441633298993
441,0.0018598831464122112,0.049855350982397795,0.03798027685843408,0.00017969067630474456,0.09735564514994621,0.053955234587192535,0.008419347333001604,0.004996540257707238,0.012917426768356942,0.006580497953109443,0.41241732239723206,0.2331862784922123
442,0.0018594296025004793,0.04968131869100034,0.037658374989405274,0.00018046116565528791,0.09777309186756611,0.05331557244062424,0.008369290946807552,0.00495329056866467,0.01271178493338378,0.006558915949426591,0.39939070492982864,0.22635313868522644
443,0.0018589751058186224,0.0491977515630424,0.0374511166010052,0.00017752869189280318,0.09618429001420736,0.0542100640013814,0.008439206014277804,0.005009855609387159,0.013172523610330342,0.0068358746357262135,0.42886723577976227,0.24153864989057183
444,0.0018585196568650523,0.048228429863229394,0.03756316378712654,0.00016775599488028092,0.09088948601856828,0.05574573203921318,0.008557904441472582,0.005150446901097894,0.012645633691451661,0.006509760161861777,0.3952447175979614,0.2254952248185873
445,0.0018580632561392247,0.04938505147583783,0.03794194175861776,0.00017563350047566928,0.09515748452395201,0.05566967837512493,0.008552064528724077,0.005130122997798026,0.013295452712055114,0.007147852214984596,0.43690917640924454,0.24628942739218473
446,0.0018576059041416387,0.04908043402247131,0.037626003148034215,0.00017515485524199903,0.09489815589040518,0.05519845336675644,0.008515792608730602,0.004996863543055952,0.012885421446374853,0.006613679928705096,0.4103761613368988,0.23278730735182762
447,0.0018571476013738372,0.04676178679801524,0.03660865337587893,0.0001612679980098619,0.08737431652843952,0.05367518030107021,0.00839746860006557,0.005034880014136434,0.012782154319353417,0.00652824342250824,0.4038247987627983,0.22874998953193426
448,0.001856688348338405,0.04562593228183687,0.03591319778934121,0.00015592013005516492,0.0844768644310534,0.05448092147707939,0.008460262716337414,0.004974210984073579,0.012855241557209629,0.0066273866686969995,0.40845609456300735,0.23146850802004337
449,0.0018562281455389695,0.045450869016349316,0.035658553475514054,0.00015618454926880077,0.08462012698873878,0.055432701483368874,0.008533842917122267,0.005127770476974547,0.012993385412912213,0.006684267544187605,0.417281873524189,0.23635728750377893
450,0.0018557669934801998,0.04418905125930905,0.03539963345974684,0.00014645134569946094,0.07934671640396118,0.055363657884299755,0.008528526683403837,0.005019429372623563,0.013080912725552936,0.006715963478200138,0.42292268574237823,0.239143171813339
451,0.0018553048926678052,0.04390528332442045,0.03507862682454288,0.0001462025225009711,0.07921190606430173,0.05483083054423332,0.0084873876620819,0.005075903958640993,0.012984333220322416,0.00676674977876246,0.41670067608356476,0.23576575331389904
452,0.0018548418436085362,0.0436635036021471,0.034625613945536315,0.00014731577130078222,0.0798150603659451,0.05471083056181669,0.008478095051122353,0.005094463122077286,0.012927962742348621,0.006648152251727879,0.41309038549661636,0.23390060802921653
453,0.0018543778468101827,0.04348879703320563,0.03445488936267793,0.00014696391508550732,0.07962442422285676,0.05422848369926214,0.008440639559148231,0.005040159914642572,0.012867517428731441,0.006668175687082112,0.4092365577816963,0.23173252074047923
454,0.0018539129027815742,0.04253551783040166,0.034247861127369106,0.00013969497194921132,0.0756861437112093,0.05519614275544882,0.008515614356087072,0.005026246304623783,0.013043921940702195,0.0067007048055529594,0.4205341339111328,0.23786513833329082
455,0.0018534470120325787,0.04131686221808195,0.033326521748676896,0.00013525063559427508,0.0732782194390893,0.055751663632690907,0.00855835981943797,0.005123814451508224,0.012804813551484169,0.006567630684003234,0.40525783598423004,0.23050474980846047
456,0.0018529801750741027,0.040932918433099985,0.033191626658663154,0.00013270330418890808,0.07189808576367795,0.05503371637314558,0.008503075830350301,0.0049892321694642305,0.013102050352882009,0.006780395633541048,0.42429058998823166,0.23966215318068862
457,0.00185251239241809,0.040573182282969356,0.03271053882781416,0.00013293524852997507,0.07202375307679176,0.055884924717247486,0.00856858196500931,0.005075127352029085,0.012944943459829885,0.006729289307259023,0.4141762778162956,0.23503060126677155
458,0.0018520436645775215,0.039949398720636964,0.032206220319494605,0.00013090192896925146,0.07092210813425481,0.05574643053114414,0.008557958110380357,0.005064624245278537,0.01322829058971412,0.0069807469844818115,0.4325062185525894,0.24412632454186678
459,0.0018515739920664151,0.04068559338338673,0.0323732562828809,0.00013646274874190567,0.07393493573181331,0.05647273547947407,0.008613527507259487,0.0051625450141727924,0.013293926202929778,0.00687034463044256,0.4368088096380234,0.24664077255874872
460,0.0018511033753998243,0.040238793939352036,0.032421489362604916,0.00013198332953834324,0.07150800712406635,0.056198411621153355,0.00859258114031193,0.005294702714309096,0.013266602320665795,0.007043666439130902,0.43501509726047516,0.24560675444081426
461,0.0018506318150938378,0.03901076829060912,0.03150088037364185,0.00012744713785650674,0.069050318794325,0.055760047398507595,0.008559003152284698,0.005102592753246427,0.013088309983486672,0.006767401820980012,0.4234011396765709,0.23958059353753924
462,0.001850159311665579,0.03708899999037385,0.0304560688091442,0.00011742565857275622,0.06362072238698602,0.05639155674725771,0.008607334274478814,0.005062461015768349,0.012923339857163128,0.006658117868937552,0.4127949923276901,0.23459327453747392
463,0.0018496858656332068,0.037904259050264955,0.03093994443770498,0.00012137694602643023,0.06576151493936777,0.05595081578940153,0.00857363192677333,0.005061515956185758,0.013124324713003788,0.006811366532929242,0.4257344827055931,0.24084264924749732
464,0.001849211477515912,0.038320931838825345,0.030884156934916973,0.0001256341120097204,0.06806802796199918,0.05635700933635235,0.008604697209665836,0.005071832798421383,0.013027793652522027,0.006805624929256737,0.4194948598742485,0.23792593460530043
465,0.0018487361478339193,0.037385495845228434,0.03036260011140257,0.00012085195112376823,0.06547707365825772,0.05651130620390177,0.008616468295487486,0.00508899858687073,0.013055035503875228,0.006810575956478715,0.4212510511279106,0.2388811786659062
466,0.001848259877108486,0.03740734374150634,0.030110222869552672,0.00012291684515730594,0.06659582373686135,0.05647196713835001,0.008613468799514367,0.00505260587669909,0.013008093204643075,0.006823424133472145,0.41822710633277893,0.23734953673556447
467,0.001847782665861902,0.037261899560689926,0.030099455965682864,0.0001216540954374068,0.0659116730093956,0.0570211224257946,0.008655247886935651,0.005120811518281698,0.013311614583792169,0.0070387410232797265,0.4379720091819763,0.24749656580388546
468,0.0018473045146174874,0.036569601856172085,0.029427938628941774,0.00012022289183732937,0.06513625360094011,0.05714225582778454,0.008664436366448246,0.005070124287158251,0.012859687783618961,0.006701909122057259,0.4087386801838875,0.232940468005836
469,0.0018468254238995937,0.037171314121223986,0.029523312812671065,0.00012507170549724833,0.06776331714354455,0.05732566863298416,0.00867833074568415,0.005283024860545993,0.013167813220026112,0.006976493634283543,0.4285605773329735,0.24294312298297882
470,0.001846345394233603,0.03630097140558064,0.02893253043293953,0.00012140134094806854,0.06577473226934671,0.05819509271532297,0.008743892560436343,0.005213266937062144,0.012809034876070803,0.006646250258199871,0.4055250734090805,0.23186008306220174
471,0.0018458644261459259,0.03690417448524386,0.029236658476293087,0.00012472271919250488,0.0675742372404784,0.05917091388255358,0.008816896945361568,0.005177590763196349,0.013084273434901875,0.006847802549600601,0.4231400266289711,0.24115547025576234
472,0.0018453825201640035,0.03440977004356682,0.028142900438979268,0.00010977798228850588,0.05947724520228803,0.058266124688088894,0.008749227207120874,0.00522120576351881,0.013084571075580005,0.006816943292506039,0.42315927892923355,0.24071270180866122
473,0.0018448996768163045,0.03382061095908284,0.027548124198801816,0.00010873203063965775,0.05891055357642472,0.057852654717862606,0.008718128505607475,0.005102151888422668,0.013550950014835826,0.0071941830683499575,0.4538625702261925,0.25585761247202754
474,0.001844415896632326,0.03483948088251054,0.028020856436342,0.00011464464205346303,0.06211398052982986,0.05807260423898697,0.008734685519005383,0.005119715933687985,0.013216696099861713,0.006956962402909994,0.4317483678460121,0.24491048604249954
475,0.0018439311801425923,0.03382544813212007,0.027985558030195534,0.00010554716254773666,0.057185005163773894,0.05840931832790375,0.008759971475063013,0.005146942567080259,0.01314511924176197,0.006975905504077673,0.42708465456962585,0.2427469864487648
476,0.0018434455278786546,0.032974941306747496,0.027253316598944366,0.00010310423795090173,0.05586143839173019,0.05824084207415581,0.008747328640067012,0.00510370044503361,0.013179884632753174,0.006921383552253246,0.4293466657400131,0.24379375390708447
477,0.00184295894037309,0.03125471295788884,0.02621344884391874,9.490618003837881e-05,0.05141976522281766,0.057632421143352985,0.008701518665773844,0.005082588060759008,0.013105854919561727,0.00684463803190738,0.4245370328426361,0.24108472699299455
478,0.001842471418159501,0.03074368298985064,0.02587737631984055,9.26712868931645e-05,0.05020890897139907,0.05836620461195707,0.00875673800863484,0.00514890521299094,0.013144552019943872,0.006911385455168784,0.4270477816462517,0.24270699312910438
479,0.0018419829617725158,0.030387470731511712,0.025222582393325865,9.421820232091704e-05,0.05104702175594866,0.059555623680353165,0.00884551287149506,0.005145196686498821,0.012990085627275685,0.006829450954683125,0.4170699715614319,0.23831279762089252
480,0.0018414935717477867,0.030235006008297205,0.025175981922075152,9.315521265307325e-05,0.05047109839506447,0.059232356026768684,0.00882147340515672,0.005195230711251497,0.013158671595092344,0.006916676298715174,0.4279657080769539,0.2435990320518613
481,0.0018410032486219905,0.03103921643923968,0.025604841182939708,9.74107197180274e-05,0.052776713855564594,0.05978526547551155,0.008862550274116717,0.005161634995602071,0.013047974318306324,0.0068909922847524285,0.4207954555749893,0.24029036052525043
482,0.0018405119929328256,0.029872459010221064,0.024656578549183905,9.364410516354837e-05,0.05073597747832537,0.0610022721812129,0.008952299955600677,0.005266983644105494,0.0130908824946034,0.006882847170345485,0.42356760799884796,0.24228494009003043
483,0.0018400198052190145,0.029612354235723615,0.02449084655381739,9.246728586731479e-05,0.050098382169380784,0.06035710126161575,0.008904833620724398,0.005218964535742998,0.013104938998349146,0.006865676143206656,0.4244776964187622,0.24241739884018898
484,0.0018395266860203015,0.028483034693636,0.024151667370460927,8.454939461444155e-05,0.04580850270576775,0.06102347373962402,0.008953855418801164,0.0053079904755577445,0.01317648908677986,0.006906177848577499,0.42912548035383224,0.24507447704672813
485,0.0018390326358774525,0.028234648401848972,0.023609213065356016,8.626200269645778e-05,0.046736387303099036,0.06042774487286806,0.008910043430203364,0.005204488174058497,0.013213869741270912,0.006951644318178296,0.43156374990940094,0.2459957473911345
486,0.0018385376553322532,0.028197335661388934,0.023770221509039402,8.472895933664404e-05,0.045905791223049164,0.060322112403810024,0.008902252092171799,0.0052162379724904895,0.013403706564575214,0.007099839625880122,0.44405291229486465,0.25218751234933734
487,0.0018380417449275113,0.02758309047203511,0.022748124785721302,8.660634375701193e-05,0.04692294984124601,0.061260138638317585,0.008971201267194449,0.005236343364231288,0.013096007110938423,0.006854256032966077,0.42389927059412,0.2425797046162188
488,0.001837544905207053,0.026781945605762303,0.02272782986983657,7.93627550592646e-05,0.04299840284511447,0.062269749119877815,0.009044825400500252,0.005375278997235,0.013064257584043537,0.006851609097793698,0.421846404671669,0.2420580768957734
489,0.001837047136715724,0.02676618390250951,0.022369284532032907,8.186438844859367e-05,0.04435377870686352,0.061028667725622654,0.008954236726098764,0.005191778065636754,0.013079029900511104,0.006879542954266071,0.4228009507060051,0.24191480921581388
490,0.0018365484399993886,0.026147154858335853,0.022085543256253004,7.824645763321314e-05,0.04239360010251403,0.061084932647645473,0.00895836333374617,0.005224199034273624,0.013137093522957307,0.006875516846776009,0.4265632703900337,0.2438241015188396
491,0.0018360488156049287,0.025219647213816643,0.021278891363181174,7.564228189949063e-05,0.04098266619257629,0.06167667731642723,0.009001649679784115,0.0052591676358133554,0.013200118301866076,0.006956278579309583,0.430665947496891,0.24617131240665913
492,0.0018355482640802438,0.026063965167850256,0.02130337478592992,8.325337375936215e-05,0.04510632390156388,0.06122392229735851,0.008968549500707478,0.005240184022113681,0.013213310426663781,0.0070195666048675776,0.43152718245983124,0.24637555237859488
493,0.00183504678597425,0.02580705750733614,0.02120250277221203,8.162720587279182e-05,0.04422527318820357,0.061852140352129936,0.009014444834024967,0.005319499294273555,0.013100647098431905,0.006899669184349477,0.42419974505901337,0.24302594270557165
494,0.0018345443818368794,0.024999149376526475,0.02062601677607745,7.842748254915932e-05,0.042491676984354854,0.06265291944146156,0.009072610680890492,0.005300373421050608,0.013168760405526963,0.006996954791247845,0.428622230887413,0.2456375751644373
495,0.0018340410522190802,0.025113828713074327,0.02061130409128964,7.959443064464722e-05,0.04312392417341471,0.06185971386730671,0.009014996903809542,0.005184258217923343,0.013195520459999112,0.0069454575423151255,0.43036597967147827,0.2461128467693925
496,0.0018335367976728145,0.0248191193677485,0.020515702781267464,7.75804969634919e-05,0.042032782919704914,0.06310405395925045,0.009105216011566745,0.005302269710227847,0.01338427742656286,0.007116273860447109,0.442766509950161,0.2529352819547057
497,0.0018330316187510592,0.024629102903418243,0.0205314455088228,7.571069136247388e-05,0.041019730968400836,0.06256195437163115,0.009066021912901847,0.005204965593293309,0.013032439223393125,0.006823196308687329,0.41979406774044037,0.24117801105603576
498,0.0018325255160078057,0.023519603884778917,0.01963040477130562,7.212385298771551e-05,0.03907639812678099,0.06313465721905231,0.009107423551151994,0.005255452240817249,0.013137622160574276,0.007047885563224554,0.42659762501716614,0.24486614111810923
499,0.0018320184899980572,0.023174846661277115,0.01907252159435302,7.306100951609551e-05,0.03958414529915899,0.06391814071685076,0.009163759788632422,0.005234848125837743,0.013131119186921825,0.006908423965796828,0.42617542296648026,0.2450467818416655
500,0.0018315105412778298,0.023236205568537116,0.019084854051470757,7.353621413130895e-05,0.03984160930849612,0.06414847355335951,0.009180256215319331,0.005347856204025447,0.013203673502113688,0.006898458814248443,0.4308979883790016,0.24752323096618056
501,0.0018310016704041515,0.02196154440753162,0.01858483429532498,6.546448935296212e-05,0.035468381945975125,0.06419062986969948,0.009183271829381442,0.005278447992168367,0.013174003710320698,0.0069323789793998,0.4289636164903641,0.24657712318003178
502,0.001830491877935062,0.021531210630200803,0.018292993307113647,6.364774617395597e-05,0.03448407840915024,0.06529340334236622,0.009261818945613783,0.005316274939104915,0.013118587491854893,0.0068719275295734406,0.42536235600709915,0.24532787967473269
503,0.0018299811644296106,0.020933640538714826,0.01790623931447044,6.098837889112474e-05,0.03304324415512383,0.06490877456963062,0.009234498677788543,0.005339477444067597,0.013253483690917466,0.007040834752842784,0.43415517359972,0.2495319740846753
504,0.0018294695304478577,0.021068988484330475,0.017300118692219257,6.6712344505504e-05,0.0361444647423923,0.06423467211425304,0.009186421793289646,0.0053186307195574045,0.013364849033290629,0.007234761142171919,0.4414820000529289,0.252858336083591
505,0.001828956976550873,0.022219756385311484,0.017279930878430605,7.7481328162321e-05,0.04197905503679067,0.06505143828690052,0.00924464129532511,0.005310927401296794,0.013322975469191822,0.007091083563864231,0.4387199133634567,0.2518856758251786
506,0.0018284435033007343,0.021044191787950695,0.01715554454131052,6.755088020327094e-05,0.03659877926111221,0.06495373696088791,0.009237696547893231,0.005371890147216618,0.013166089131628343,0.007036818307824433,0.4284483641386032,0.24670105054974556
507,0.001827929111260528,0.02093327813781798,0.01724361174274236,6.58771177768358e-05,0.03569194278679788,0.06578703969717026,0.009296763753713763,0.005386523786000907,0.013285095909483765,0.007042097509838641,0.43622874468564987,0.25100789219141006
508,0.001827413800994348,0.020804815227165818,0.016610460297670215,6.936605632290593e-05,0.0375822342466563,0.06487653404474258,0.009232205081226087,0.00532544357702136,0.013023896170662115,0.006881245644763112,0.41924387216567993,0.24206020310521126
509,0.0018268975730672955,0.020096791093237698,0.0165638214093633,6.317633187791216e-05,0.03422866843175143,0.06639652512967587,0.009339729555010291,0.0054423833498731256,0.013352347751850577,0.007065477315336466,0.44065647572278976,0.2535265004262328
510,0.0018263804280454774,0.018979955813847482,0.015928585082292557,5.7559396509532235e-05,0.031185436295345426,0.06645710580050945,0.009343989212542257,0.005436117993667722,0.01336742506930519,0.0070964808110147715,0.44165220111608505,0.25405465345829725
511,0.0018258623664960066,0.01826826052274555,0.015562229149509221,5.369621771933453e-05,0.029092382406815886,0.06625000387430191,0.009329418327588535,0.005447718780487776,0.013358907246539903,0.007130196667276323,0.44108952581882477,0.25366976484656334
512,0.0018253433889870011,0.01880952436476946,0.015340747311711311,6.032648184373102e-05,0.03268463083077222,0.06635189801454544,0.009336590400851214,0.005413358099758625,0.013205883325489533,0.006934023345820606,0.4310422018170357,0.24869704991579056
513,0.001824823496087584,0.019137391238473356,0.015370756736956537,6.31306675131782e-05,0.03420392726548016,0.06710879877209663,0.009389692316706584,0.005435674102045596,0.013204957261381893,0.006936322199180722,0.43098175525665283,0.24904527701437473
514,0.0018243026883678806,0.018951911246404052,0.015550191514194012,6.009421304042917e-05,0.032558789127506316,0.06612027622759342,0.00932027983050829,0.005374056752771139,0.013231395970012239,0.007042803335934877,0.4327092692255974,0.2494147727265954
515,0.001823780966399021,0.01824197731912136,0.014988341426942497,5.7690596349857515e-05,0.03125652018934488,0.06696611270308495,0.009379704513175734,0.005461011896841228,0.01325179573046784,0.007046260638162494,0.43404459208250046,0.2505053523927927
516,0.0018232583307531372,0.017803974682465196,0.014945076138246804,5.396788219513837e-05,0.029239569674246013,0.06855684146285057,0.009490454777248589,0.0055069009540602565,0.013137842166137358,0.006933479104191065,0.42661191523075104,0.2475843783468008
517,0.0018227347820033632,0.017990264168474823,0.014335150481201708,6.0190058775333455e-05,0.03261071734596044,0.06805233657360077,0.009455470151568916,0.005480194929987192,0.013082433779068155,0.006945587578229606,0.4230210557579994,0.2455366961658001
518,0.0018222103207238347,0.01702719711465761,0.014038303692359477,5.349390494302497e-05,0.02898277051281184,0.06828806735575199,0.009471833009562468,0.005493158474564552,0.013164945140693114,0.006970560876652598,0.42837390303611755,0.24833098519593477
519,0.0018216849474896875,0.017227089614607394,0.013656935945618898,5.815420786348113e-05,0.03150770242791623,0.06741922162473202,0.00941138387818982,0.005403953138738871,0.013216767391049973,0.006978987250477076,0.4317530021071434,0.2495861118659377
520,0.001821158662877058,0.016425404755864292,0.01355800626333803,5.148618743078259e-05,0.027894997620023787,0.06902475841343403,0.00952278727777865,0.005490352516062558,0.013093205546892186,0.006915998877957463,0.4237179458141327,0.24637135211378336
521,0.0018206314674630816,0.015769378864206374,0.013206515228375793,4.8027013463070034e-05,0.02602083154488355,0.0682353563606739,0.00946817668907033,0.005446544615551829,0.01308441398442639,0.006912755430676043,0.42314909398555756,0.24569222517311573
522,0.0018201033618258928,0.015257701801601797,0.012585063930600882,4.789305148733547e-05,0.025948251830413938,0.06844602897763252,0.009482781715408605,0.005485631292685866,0.012991548428441932,0.006837497814558446,0.4171639010310173,0.2428049650043249
523,0.001819574346544624,0.015213964972645044,0.012629456992726773,4.7161676548057585e-05,0.025551996077410877,0.06857163272798061,0.009491478309769234,0.005467878305353224,0.01316412148856847,0.0069452314637601376,0.4283202886581421,0.24844596069306135
524,0.0018190444221994058,0.014970577729400247,0.012493716669268906,4.59177101674868e-05,0.024878020398318768,0.0692463293671608,0.009538058857759976,0.005479244748130441,0.012998569457734067,0.0068679015384987,0.4176148921251297,0.24343061074614525
525,0.0018185135893713648,0.015088577580172569,0.012302474584430456,4.841859276893956e-05,0.026232988107949495,0.07042995095252991,0.009619230307636596,0.005533743882551789,0.013216172276750936,0.006994511000812054,0.43171413987874985,0.2510720454156399
526,0.0018179818486426245,0.014718519581947476,0.012155150237958878,4.6091161038930295e-05,0.0249719952698797,0.06904933601617813,0.009524482093151713,0.005448572686873376,0.013102111300174179,0.006895700586028397,0.4242945536971092,0.24667194485664368
527,0.0018174492005963035,0.014732439594808966,0.01213249925058335,4.638685095414985e-05,0.025132198818027973,0.06913372129201889,0.009530300252821783,0.005443891976028681,0.01301817239701965,0.006899881758727133,0.41887545585632324,0.24400458857417107
528,0.0018169156458165156,0.015466430224478245,0.012171629234217107,5.287164481160289e-05,0.02864563267212361,0.06935500539839268,0.009545540566638751,0.005539761856198311,0.013279963447029893,0.007109323050826788,0.4358917400240898,0.25262337271124125
529,0.0018163811848883695,0.015803845308255404,0.01216930861119181,5.600263443739095e-05,0.03034198982641101,0.06847336515784264,0.009484675175717478,0.0055054109543561935,0.013141517472563289,0.007012780639342964,0.4268506169319153,0.24766199104487896
530,0.0018158458183979674,0.01460789272096008,0.01160489022731781,4.913272277917713e-05,0.026619900716468692,0.06813399493694305,0.009461141953178244,0.005412133992649615,0.013061895543439872,0.006915558478794992,0.4216938689351082,0.24491393193602562
531,0.0018153095469324034,0.013907399086747319,0.011337216652464122,4.46443657438067e-05,0.024188127485103905,0.06980794854462147,0.009576659874914127,0.005477940430864692,0.013049525834883977,0.006908134324476123,0.4208955615758896,0.24535175506025553
532,0.0018147723710797655,0.013476741034537554,0.010982054402120411,4.329211901676899e-05,0.02345548616722226,0.06992099806666374,0.009584411127637377,0.0054922515992075205,0.01315823683873116,0.007007927750237286,0.42793744057416916,0.24892921932041645
533,0.0018142342914291329,0.01303483487572521,0.010691271047107875,4.136077063776611e-05,0.022409089957363904,0.07006403058767319,0.009594209053586048,0.005537717370316386,0.013121296439352455,0.006910719093866646,0.4255380183458328,0.247801024466753
534,0.0018136953085705755,0.01256187679246068,0.010311615071259439,3.979898951911309e-05,0.02156292274594307,0.07008712366223335,0.00959579031373354,0.005550695350393653,0.013014214448930441,0.0068558246130123734,0.4186208099126816,0.24435396678745747
535,0.0018131554230951545,0.012146501860115677,0.010040806606411934,3.796501050601364e-05,0.02056928095407784,0.07065396383404732,0.00963451563203477,0.005576500319875777,0.01335126972089354,0.007129582460038364,0.44058532267808914,0.25561964325606823
536,0.00181261463559492,0.011895727890077978,0.009939099662005901,3.6401613215275574e-05,0.019722239347174764,0.07149763405323029,0.00969186762775582,0.0055574196157976985,0.01303930361794186,0.006864743656478822,0.42023641616106033,0.2458670251071453
537,0.0018120729466629126,0.012162846105638891,0.009846600471064448,3.9549643588543404e-05,0.02142782905139029,0.07085784152150154,0.009648406341440647,0.00553779152687639,0.013456680380175596,0.00722407444845885,0.4475697949528694,0.2592138182371855
538,0.0018115303568931602,0.013079052732791752,0.009923552046529949,4.743679414787039e-05,0.02570105390623212,0.0690267514437437,0.009522924520628934,0.005491612944751978,0.013037530027436068,0.00699984235689044,0.42012210190296173,0.24457442667335272
539,0.001810986866880679,0.012712753901723772,0.009956495661754161,4.381316261969914e-05,0.023737785406410694,0.07040596008300781,0.00961759152834022,0.005540017271414399,0.013116575418490938,0.0069905591662973166,0.4252318665385246,0.24781891331076622
540,0.0018104424772214722,0.012001896859146655,0.00944580911891535,4.1023295125341974e-05,0.022226247237995267,0.07077701389789581,0.00964290212659654,0.005536628887057304,0.012996293592258372,0.006879903725348413,0.41746869683265686,0.24412285536527634
541,0.0018098971885125302,0.012111507065128535,0.009623203834053129,4.072516207997978e-05,0.022064719116315246,0.07092759758234024,0.00965315417962972,0.005529563641175628,0.013149913149743862,0.007015914190560579,0.42739618569612503,0.24916189163923264
542,0.0018093510013518289,0.0117849339148961,0.00955707358662039,3.819958647000021e-05,0.020696374005638063,0.07186097092926502,0.009716462180918511,0.005607301485724747,0.013072649587611389,0.006938747595995665,0.42238855361938477,0.2471247622743249
543,0.0018088039163383293,0.011650194704998285,0.009500409301836044,3.737447968887864e-05,0.02024933509528637,0.070464838296175,0.009621612474338435,0.005553554394282401,0.013168881958599405,0.007004573126323521,0.42863014340400696,0.24954749085009098
544,0.0018082559340719772,0.011134087981190532,0.009062705095857382,3.5843061368723284e-05,0.01941961864940822,0.07150667905807495,0.009692480202547104,0.005574241164140403,0.013021429583437943,0.006924760993570089,0.4190851151943207,0.24529589712619781
545,0.0018077070551537028,0.011081960576120764,0.008864900417393073,3.6822365700572846e-05,0.019950201269239187,0.07236245647072792,0.00975030660611054,0.005606558755971491,0.013046037660821469,0.006918791099451482,0.4206705838441849,0.2465165201574564
546,0.0018071572801854183,0.01081024290760979,0.008766481885686517,3.5041408750657865e-05,0.018985286238603294,0.07187101431190968,0.009717141344054426,0.005567783606238663,0.013236518131044931,0.007185539579950273,0.4330443814396858,0.25245769787579775
547,0.00180660660977002,0.011367113795131445,0.00872274543507956,4.050343000017165e-05,0.02194458612939343,0.07139330729842186,0.009684793750329762,0.005553244147449732,0.012992539404694858,0.0068560849176719785,0.41722752898931503,0.24431041814386845
548,0.001806055044511385,0.01123459602240473,0.008763458608882502,3.897990018231212e-05,0.021119144221302122,0.07342119328677654,0.009821376042502654,0.005643474869430065,0.012906504209313,0.006847440963611007,0.4117201641201973,0.24257067870348692
549,0.0018055025850143727,0.010619510198011994,0.008433579641859978,3.573898709419154e-05,0.019363231491297483,0.07220474444329739,0.009739675541269038,0.005576563533395529,0.01296266363976925,0.00685509224422276,0.41531097888946533,0.24375786166638136
550,0.001804949231884823,0.009987270517740399,0.007997429289389402,3.312435410407488e-05,0.017946634616237134,0.07097960449755192,0.009656692617799747,0.005567061831243336,0.012919473658542872,0.006881900830194354,0.4125480279326439,0.2417638162150979
551,0.0018043949857295546,0.00989172066329047,0.007742795336525887,3.412249202483508e-05,0.01848742103902623,0.07174417935311794,0.00970856304826227,0.005566478241235018,0.013045713903837615,0.006910968106240034,0.4206497073173523,0.24619694333523512
552,0.001803839847156367,0.009473624813836068,0.007795121724484488,2.987774632856599e-05,0.016187635657843202,0.07273660786449909,0.009775481242099033,0.0056106747360900044,0.01299938093089972,0.006897532963193953,0.417667031288147,0.24520181957632303
553,0.0018032838167740372,0.009509480965789407,0.007852537528378889,2.9784757543893647e-05,0.016137254890054464,0.07221106067299843,0.00974010172004544,0.005605629179626703,0.012995027712777094,0.006872916826978326,0.41738735884428024,0.24479920975863934
554,0.001802726895192321,0.008950559131335467,0.007257550489157438,2.9019408998465224e-05,0.015722592710517347,0.07381077483296394,0.009847398459776278,0.00563142797909677,0.013024175359070633,0.006950466078706086,0.4192618578672409,0.24653631635010242
555,0.0018021690830219515,0.008902964094886556,0.007297015225049108,2.828881395089411e-05,0.015326758788432926,0.07188810035586357,0.009718296261669099,0.005563986720517278,0.01291070186534019,0.0068395319394767284,0.4119880348443985,0.24193806760013103
556,0.0018016103808746375,0.00911094481125474,0.007378321752185002,2.960790584438655e-05,0.016041437280364335,0.07354342378675938,0.009829547873161254,0.005627587670460343,0.013133692730811934,0.006920147803612053,0.4263424649834633,0.24994294438511133
557,0.0018010507893630647,0.00871535376063548,0.007070039369864389,2.8233169814484427e-05,0.015296610828954726,0.07304777391254902,0.00979636855325287,0.005592145258560777,0.012920684011211934,0.0068792098900303245,0.412625327706337,0.242836550809443
558,0.001800490309100894,0.009065756166819483,0.0070826564624439925,3.137372914352454e-05,0.016998153238091618,0.07340126298367977,0.00982004292331663,0.005590294487774372,0.013005062063212787,0.006880957866087556,0.4180321991443634,0.2457167310640216
559,0.0017999289407027604,0.00966341479215771,0.00729654444148764,3.531016068336612e-05,0.01913089503068477,0.07296212017536163,0.009790623787413058,0.005597200593911111,0.013059305761479685,0.006971990573219955,0.4215266779065132,0.24724439904093742
560,0.0017993666847842735,0.009412068815436214,0.007070486404700205,3.4659552170523966e-05,0.018778398050926626,0.07287546433508396,0.009784807795756157,0.0055922066094353795,0.012977548096792016,0.006955835153348744,0.4162652790546417,0.24457037169486284
561,0.0017988035419620155,0.010453639493789524,0.007376634399406612,4.2011513755824126e-05,0.022761659580282867,0.07330979593098164,0.009813922514408527,0.0056596442591398954,0.012906676431797477,0.006872569094412029,0.41173116117715836,0.24252047855407
562,0.0017982395128535418,0.009120495582465082,0.007047538354527205,3.2138169672180084e-05,0.017412324028555304,0.07293832674622536,0.009789026894324116,0.005607099970802665,0.012965117135422134,0.006914513534866273,0.415468193590641,0.2442032601684332
563,0.0017976745980773793,0.008735602139495313,0.006685698113869876,3.1257567911779915e-05,0.01693521748529747,0.07313245348632336,0.009802045280452995,0.005610294989310205,0.012931859458041279,0.0068434434942901134,0.41333945095539093,0.24323595222085714
564,0.0017971087982530263,0.008287888544145972,0.006597798317670822,2.777476254323119e-05,0.015048248518723994,0.07286135666072369,0.009783860499765875,0.005614877212792635,0.012899160911738856,0.006904789246618748,0.4112517982721329,0.24205657746642828
565,0.001796542114000952,0.008199224568670616,0.0065114356693811715,2.7594125185714802e-05,0.014950379845686257,0.07301361113786697,0.009794077365869633,0.005623517325147986,0.012968552736299495,0.006874742335639894,0.4156884029507637,0.24435100704431534
566,0.0017959745459425953,0.008168613712769002,0.0060783134831581265,3.0509308430737292e-05,0.01652981375809759,0.07240523211658001,0.009753188115163923,0.005579001270234585,0.012827755500185719,0.006824013544246554,0.40671129524707794,0.23955826368182898
567,0.0017954060947003633,0.007595581118948758,0.005939699593000114,2.624440435283759e-05,0.01421910704812035,0.07370509952306747,0.009840346550827831,0.00564802042208612,0.012949064459356209,0.006862757029011846,0.41444001346826553,0.2440725564956665
568,0.0017948367608976335,0.007239189522806555,0.005825153551995754,2.380109765454108e-05,0.012895333231426775,0.07472186535596848,0.009907988082890106,0.00567610131110996,0.01299977636402827,0.006922842701897025,0.41769248247146606,0.24620717391371727
569,0.0017942665451587494,0.007194496778538451,0.005729822063585743,2.4092465423564136e-05,0.01305319502716884,0.07413056120276451,0.00986870725835826,0.0056324711767956614,0.012908169963806412,0.006867265794426203,0.411826454102993,0.24297850765287876
570,0.0017936954481090229,0.0074791656516026706,0.005902138305827975,2.544736548770743e-05,0.013787274539936334,0.07341115362942219,0.009820704550900611,0.005635722191073,0.012942134634432419,0.006915089441463351,0.41399654746055603,0.2437038505449891
571,0.001793123470374732,0.0077928429818712175,0.005862253834493458,2.863661961782782e-05,0.015515198523644358,0.07414370961487293,0.009869582550064003,0.0056482498766854405,0.01307806495019427,0.007004333660006523,0.42273857444524765,0.2484411420300603
572,0.00179255061258312,0.00808345980476588,0.005754918820457533,3.21110361483079e-05,0.017397623509168625,0.07279897481203079,0.009779671070866032,0.0056027049431577325,0.012988328563901582,0.00695020193234086,0.4169571325182915,0.24487805366516113
573,0.0017919768753623963,0.0077549435663968325,0.005789436807390302,2.882445960494806e-05,0.0156169697875157,0.07318609207868576,0.009805639159664412,0.00564613938331604,0.012962658307407518,0.006872171303257346,0.4153106138110161,0.24424835294485092
574,0.0017914022593417335,0.007337040005950257,0.0055838988337200135,2.6485264811526577e-05,0.01434960396727547,0.07386214844882488,0.009850824655298865,0.0056450493866577744,0.012986615243746717,0.006966418353840709,0.4168471395969391,0.24535464402288198
575,0.001790826765151269,0.0069352091231849045,0.005386742821428925,2.423251544314553e-05,0.013129073835443705,0.0730311144143343,0.009795251531719219,0.005611311877146363,0.01290108620192748,0.006844813819043338,0.4113745763897896,0.24220284540206194
576,0.0017902503934221024,0.006676632590824738,0.005276043026242405,2.266350327317923e-05,0.012278990063350648,0.07409872859716415,0.009866588100595194,0.005628007813356817,0.012895571975691017,0.006855312851257622,0.41102299094200134,0.24256085976958275
577,0.001789673144786296,0.006692930619465187,0.005352655949536711,2.224828995167627e-05,0.012054028862621635,0.0745712723582983,0.00989799878820196,0.005663116346113384,0.012993672816373777,0.006919447216205299,0.41730034351348877,0.24593580793589354
578,0.0017890950198768743,0.006708314205752686,0.005330069921910763,2.2557007810064533e-05,0.012221291195601225,0.07343891449272633,0.009822561296963765,0.005645858938805759,0.012861790391897427,0.006857186439447105,0.4088723435997963,0.2411556290462613
579,0.0017885160193278212,0.006439442950068042,0.005123999173520133,2.159710140858806e-05,0.011701217794325203,0.0738562811166048,0.009850433643719446,0.005629108636640012,0.012844234394315078,0.006808898760937154,0.40775690972805023,0.24080659542232752
580,0.0017879361437740824,0.006518614303786308,0.004970019654138014,2.3464548462470702e-05,0.012712992611341178,0.0742091815918684,0.009873938962059394,0.005647576646879315,0.012841872394769407,0.006811615778133273,0.40760695189237595,0.24090806674212217
581,0.0017873553938515625,0.0068358840071596205,0.005017518036765978,2.604181952392537e-05,0.014109347073826939,0.0741998702287674,0.00987331968289868,0.005648254067637026,0.012916735480681658,0.00687565840780735,0.4123731851577759,0.24328652769327164
582,0.001786773770197125,0.006625209760386497,0.004967033979482949,2.4470314315294672e-05,0.013257912185508758,0.07398346066474915,0.009858911099100757,0.005621480173431337,0.013044197493186574,0.006910569267347455,0.42055192589759827,0.2472676932811737
583,0.0017861912734485912,0.006416214280761778,0.004923559259623289,2.28625530098725e-05,0.012386833957862109,0.07489919848740101,0.009919738193747248,0.005657152156345546,0.012873058226383528,0.0068595289485529065,0.409589059650898,0.2422441290691495
584,0.0017856079042447403,0.006303024012595415,0.0048090303025674075,2.2663519075649674e-05,0.012278998270630836,0.07380865700542927,0.009847257057314356,0.005645472323521972,0.012873730665234673,0.0068359102588146925,0.4096318781375885,0.24172026757150888
585,0.0017850236632253086,0.006462978984927759,0.004973700502887368,2.2923938900021312e-05,0.012420092534739524,0.07404896803200245,0.0098632748063522,0.005678518209606409,0.012977571924707151,0.006888049771077931,0.4162668064236641,0.24515788722783327
586,0.0017844385510309877,0.006276300497120246,0.004940016253385693,2.1449849555210676e-05,0.01162143744295463,0.07515017315745354,0.009936344006860836,0.0056667845929041505,0.012911599726394721,0.006883504916913807,0.41204535216093063,0.24359776265919209
587,0.001783852568303425,0.006168511492433026,0.004630918090697378,2.2737136646355793e-05,0.012318884255364537,0.07519300654530525,0.00993917524138031,0.0057359361089766026,0.012915274205753358,0.006862907554022968,0.4122799038887024,0.24373645521700382
588,0.0017832657156852223,0.006542900868225843,0.004656032266211696,2.6006801817857195e-05,0.014090374868828803,0.07461989670991898,0.009901225599695637,0.005652475752867758,0.012891359798213074,0.006884156842716038,0.4107545390725136,0.24268721789121628
589,0.0017826779938199353,0.007159970089560375,0.004843214701395482,3.0319527013489278e-05,0.016426990972831845,0.07441321760416031,0.00988750398709781,0.005668810452334583,0.012909546515252985,0.006863840506412089,0.41191428899765015,0.24316375330090523
590,0.0017820894033520733,0.006947551417397335,0.004919430997688323,2.7796513336397766e-05,0.015060032368637621,0.07305687665939331,0.009796978957132146,0.005608349107205868,0.012695071356803155,0.006734095863066614,0.3983411639928818,0.23569902032613754
591,0.0017814999449270981,0.006234628992388025,0.004661735671106726,2.3119784941627586e-05,0.01252620160812512,0.07456322759389877,0.00989746491192633,0.00563269155099988,0.012921254725593473,0.0068376087583601475,0.4126617908477783,0.24361250922083855
592,0.0017809096191914228,0.0064893062226474285,0.0049122948257718235,2.3620251226930122e-05,0.0127973512862809,0.07501480169594288,0.009927390602355,0.005695339874364436,0.01289715973800662,0.006854329374618828,0.41112419217824936,0.24306949693709612
593,0.0017803184267924117,0.0060251969553064555,0.004537877626717091,2.2101454192124947e-05,0.011974474007729441,0.07437521032989025,0.00988497842075437,0.005657173576764762,0.012798169614253853,0.0067535757552832365,0.40483739227056503,0.23960630130022764
594,0.0017797263683783802,0.0059247074532322586,0.004487998521653935,2.1542329932344728e-05,0.011671543179545552,0.07500237412750721,0.009926568143313717,0.005681720562279224,0.01294209050232727,0.006909191841259599,0.413993701338768,0.2444980377331376
595,0.0017791334445985932,0.005328513390850276,0.004199416420306079,1.8170871385336795e-05,0.009844900749158114,0.07477103173732758,0.009911247246608353,0.005694068968296051,0.01282304613133149,0.0068071866407990456,0.4064127504825592,0.2405918911099434
596,0.0017785396561032635,0.00509344573947601,0.003973682978539728,1.7668090890765598e-05,0.009572496404871345,0.07537597604095936,0.00995126060187978,0.005690745892934501,0.012770887751166212,0.006789137958548963,0.4031132534146309,0.23924461472779512
597,0.0017779450035435539,0.005278654251014814,0.0039735371101414785,1.9378378055989742e-05,0.010499122610781342,0.07485721074044704,0.00991695707880536,0.005665675736963749,0.012776386882858575,0.006799617083743215,0.4034604877233505,0.23915884923189878
598,0.001777349487571573,0.005091924482258037,0.003869124280754477,1.8425992493575905e-05,0.009983124677091837,0.07481759414076805,0.009914332969747471,0.005650762002915144,0.01288062809447486,0.006889686570502818,0.4100709408521652,0.24244426749646664
599,0.0017767531088403777,0.0052235912589821965,0.0038787708472227678,1.956987034645863e-05,0.010602872644085437,0.07532358169555664,0.009947801342534257,0.005697033950127661,0.012851135906644086,0.006862929672934115,0.40819521993398666,0.24175940081477165
600,0.00177615586800397,0.005078251590020955,0.0038799152098363265,1.8220143033431668e-05,0.009871596441371366,0.07458974048495293,0.009899224297484726,0.005658003850840032,0.012851912388542518,0.0068519775522872806,0.4082445576786995,0.2414171490818262
601,0.0017755577657172983,0.00533024180913344,0.003980727662565187,1.9801369376182265e-05,0.010728297871537507,0.07491433620452881,0.009920740447398444,0.005726561415940523,0.012766120785346044,0.006791741005145013,0.4028123617172241,0.23886334896087646
602,0.0017749588026362542,0.005308541964041069,0.003941773029509932,1.988870764080275e-05,0.01077561714919284,0.07527030073106289,0.009944282437677397,0.005701881949789822,0.01280922331971284,0.006785260862670839,0.405536986887455,0.24040364380925894
603,0.0017743589794176748,0.005009404732845724,0.0038514808693435043,1.7794711709484545e-05,0.009641099430155009,0.07555404119193554,0.009963008151742805,0.0057183969765901566,0.012849577422793749,0.006801185896620154,0.40809622406959534,0.24182513263076544
604,0.0017737582967193397,0.00502620090264827,0.003746874033822678,1.872201522701289e-05,0.010143508145119995,0.07429949939250946,0.009879945971523066,0.005658730282448232,0.012918480034328399,0.006938089500181377,0.4124845713376999,0.24339203536510468
605,0.001773156755199971,0.005281646648654714,0.003948773315642029,1.9588819327509555e-05,0.010613139194902033,0.07621131278574467,0.010006249878169976,0.005765617359429598,0.012851276882782068,0.006830695667304099,0.40820417553186417,0.24220774415880442
606,0.0017725543555192327,0.005476862657815218,0.0038838490727357566,2.1869711872568587e-05,0.01184891676530242,0.07544518262147903,0.00995582792900023,0.005714559811167419,0.01272452042379124,0.006741362973116338,0.40019138157367706,0.23781828209757805
607,0.00177195109833773,0.0052323802665341645,0.0037521404447034,2.0585874381140457e-05,0.011153339350130409,0.07505926117300987,0.009930332188725735,0.005658790352754295,0.012903812194377967,0.006863658898510039,0.4115484282374382,0.24330384470522404
608,0.0017713469843170086,0.005027455801609904,0.0036789452424272895,1.9235103764003725e-05,0.010421497514471412,0.075383011251688,0.009951725242823596,0.005730741308070719,0.012739868733808989,0.006779282819479704,0.4011573791503906,0.23827019520103931
609,0.0017707420141195532,0.005050508363638073,0.0035747969523072243,2.021675811647583e-05,0.010953353252261877,0.07652796618640423,0.010027015936753796,0.005776852020062506,0.012892014915543091,0.006970254122279584,0.41079624742269516,0.2436621068045497
610,0.001770136188408788,0.005381296563427895,0.0035858872724929824,2.3187581859929196e-05,0.012562933552544564,0.07499063201248646,0.009925791430947805,0.00568909861613065,0.012746495396101011,0.006781736388802528,0.40157483518123627,0.23828273359686136
611,0.0017695295078490754,0.0053387347143143415,0.0035867749975295737,2.2788242631577305e-05,0.012346573115792125,0.07445341162383556,0.00989017392957576,0.005687676602974534,0.01281725366845238,0.006917482241988182,0.4060456231236458,0.24024951737374067
612,0.0017689219731057144,0.0053715232061222196,0.0035486080014379695,2.3372614805339254e-05,0.01266318338457495,0.0742741096764803,0.00987825763753625,0.0056447479873895645,0.01272154797177223,0.006728887325152755,0.40000446140766144,0.23713928554207087
613,0.0017683135848449419,0.004674084688303992,0.0034019129670923576,1.8019282833847683e-05,0.009762770787347108,0.07567715644836426,0.009971122010609812,0.005695798899978399,0.012852414260193396,0.0068134821485728025,0.40827643871307373,0.241976797580719
614,0.0017677043437339297,0.004492747888434678,0.003349689213791862,1.6731364155475603e-05,0.009064982295967638,0.07493672519922256,0.009922222830711484,0.00568606483284384,0.012738005756207984,0.006764900637790561,0.40104008466005325,0.2379884049296379
615,0.001767094250440786,0.004284221795387566,0.0031911082769511268,1.5977746897988254e-05,0.008656675374368206,0.07523452118039131,0.009941918580291396,0.005691927624866366,0.012747300084540156,0.006745202816091478,0.40162552148103714,0.23843002133071423
616,0.0017664833056345523,0.004021260188892484,0.0030449903570115566,1.4629754389261507e-05,0.007926338934339583,0.07516530528664589,0.009937344219603204,0.005686097778379917,0.012707214095286221,0.0067657033214345574,0.399103544652462,0.23713442496955395
617,0.0017658715099852051,0.004016422055428848,0.003030448468052782,1.4692466436372342e-05,0.007960315851960331,0.0759078748524189,0.00998630997449486,0.0057544197188690305,0.012815464250843827,0.006799674592912197,0.4059322774410248,0.24092007614672184
618,0.0017652588641636528,0.00393714384699706,0.00288424885366112,1.5040213099837274e-05,0.00814872354385443,0.07553623989224434,0.009961833855821717,0.005709135439246893,0.01265206444003005,0.006699802353978157,0.3956468105316162,0.23559152521193027
619,0.001764645368841737,0.0040522504423279315,0.003030753374332562,1.502086035998218e-05,0.008138238452374935,0.07542777620255947,0.009954679372891906,0.005727996118366718,0.012763593266629226,0.006788729690015316,0.4026528596878052,0.23904031794518232
620,0.0017640310246922301,0.004328415176132694,0.0031126817339099944,1.69645996379586e-05,0.009191348275635391,0.07517653703689575,0.009938086717266668,0.005683643277734518,0.01274813083388825,0.006764576770365238,0.4016778841614723,0.23842721059918404
621,0.0017634158323888364,0.004865591312409379,0.0033403321576770395,2.0241258425812703e-05,0.010966627451125532,0.07489443942904472,0.009919422974493955,0.005709761870093644,0.01272425295870576,0.006746995961293578,0.400174543261528,0.23753449134528637
622,0.0017627997926061895,0.00489812099840492,0.003510338647174649,1.9286326505607576e-05,0.010449249879457057,0.075451185926795,0.009956223753660147,0.005686328862793744,0.012777632000614492,0.006777582224458456,0.40353910624980927,0.23949514608830214
623,0.0017621829060198524,0.004930072755087167,0.003486939342110418,1.975394957298704e-05,0.010702606057748199,0.07551932707428932,0.009960718680618425,0.005713089602068067,0.012812688228904372,0.006804789416491985,0.4057563990354538,0.24063786305487156
624,0.001761565173306317,0.004592796205542982,0.0032883411913644522,1.810759050613342e-05,0.009810615505557507,0.07516363076865673,0.009937233750831824,0.00566762953530997,0.012768939695789992,0.006726108840666711,0.40299026668071747,0.2390769487246871
625,0.0017609465951430028,0.0043040914461016655,0.003075454165809788,1.7014972968354414e-05,0.009218640101607889,0.0747939981520176,0.009912769309311485,0.005694585153833032,0.012687142315302402,0.00673747924156487,0.39784371107816696,0.23631885461509228
626,0.0017603271722082567,0.004418295080540702,0.003102156988461502,1.7871765805921314e-05,0.009682846895884722,0.0755319781601429,0.009961552928163413,0.005720307934097946,0.012723630233602696,0.00673997076228261,0.4001353904604912,0.23783368431031704
627,0.0017597069051813522,0.004546630225377157,0.0030750544101465493,1.925621035070435e-05,0.010432932991534472,0.07511068135499954,0.009933732709809698,0.005693597602657974,0.01268773486068914,0.006746697355993092,0.3978808894753456,0.23649578541517258
628,0.0017590857947424876,0.005879968666704372,0.0037685013958252966,2.6441398404131178e-05,0.014325837313663214,0.07555759511888027,0.009963242209267236,0.005771580035798252,0.012774585902742592,0.006764539517462254,0.4033467322587967,0.23945216368883848
629,0.0017584638415727868,0.0058969555830117315,0.004023290675831959,2.4717090923331853e-05,0.013391614716965705,0.07534550689160824,0.009949248979080356,0.0057152321096509695,0.012700975111183416,0.006707854685373604,0.398711733520031,0.2370286202058196
630,0.001757841046354298,0.005485200817929581,0.0037820185534656048,2.2698460270476062e-05,0.01229792955564335,0.07346759177744389,0.009824478883947826,0.005625338759273291,0.012729009738774305,0.0068351938389241695,0.40047383308410645,0.23697071243077517
631,0.0017572174097699922,0.005139345856150612,0.0035349075769772753,2.1331098878363264e-05,0.011557098594494164,0.07511341758072376,0.009933913348526667,0.005679619964212179,0.012589233695004863,0.006667262874543667,0.3917269632220268,0.2334201904013753
632,0.0017565929325037634,0.004538144479738548,0.0032205181778408587,1.8103960769622063e-05,0.009808649017941207,0.07343250513076782,0.00982213267730901,0.005642136442475021,0.012640434702026838,0.006691404851153493,0.3949198052287102,0.234176155179739
633,0.0017559676152404278,0.004466560043510981,0.0030865222215652466,1.8432612932883785e-05,0.009986711200326681,0.0750751942396164,0.009931385755902387,0.0056836073054000735,0.01276479445973604,0.006793980253860354,0.4027286618947983,0.23890192806720734
634,0.0017553414586657223,0.004435492344782688,0.0029471697635017335,1.917472036438994e-05,0.010388782131485641,0.07526807487010956,0.009944135096043798,0.005699169705621898,0.012749893036185784,0.006751223700121045,0.4017889276146889,0.23852850124239922
635,0.001754714463466304,0.0041896864713635296,0.00296296231681481,1.6789689709639788e-05,0.00909658265300095,0.07438797876238823,0.009885826787885252,0.005655698711052537,0.01287663097661552,0.006879641208797693,0.4098164513707161,0.24210221506655216
636,0.0017540866303297504,0.004703075872384943,0.0029824249068042263,2.1383851048994984e-05,0.01158567937090993,0.07516836933791637,0.009937546666227126,0.005714820697903633,0.01263551587907957,0.00669392803683877,0.39461249113082886,0.23489043023437262
637,0.0017534579599445576,0.004135521929129027,0.0028887954831589013,1.6837391854096495e-05,0.00912242743652314,0.07455670088529587,0.009897031816951684,0.005674647516570985,0.012709193366787101,0.006760536460205913,0.3992278724908829,0.23689228668808937
638,0.0017528284530001397,0.004450850799912587,0.003036667825654149,1.8655706526260474e-05,0.010107582318596542,0.07438984513282776,0.009885950894920278,0.005691182683221996,0.01274147390023666,0.006795466877520084,0.4012584984302521,0.23782417178153992
639,0.0017521981101868275,0.004915245721349493,0.003295532427728176,2.1030247239650635e-05,0.01139409828465432,0.07382046058773994,0.009848044673662931,0.0056523894891142845,0.012705456281522066,0.006703982246108353,0.3989931419491768,0.23640680126845837
640,0.0017515669321958702,0.004747984319692478,0.003108757038717158,2.0865599367425602e-05,0.011304892890620977,0.07490122318267822,0.009919872145144134,0.005703120259568095,0.012709385008253072,0.006747243460267782,0.3992399126291275,0.23707056790590286
641,0.0017509349197194315,0.00475153696606867,0.0031292255443986505,2.0747267967635707e-05,0.011240781808737665,0.07506715878844261,0.009930854315567823,0.00567728141322732,0.012672534410479596,0.006682044011540711,0.3969281017780304,0.2359976302832365
642,0.0017503020734505902,0.004406724823638797,0.003190712450305,1.7111197848862503e-05,0.009270774142351002,0.07499058730900288,0.009925788040657978,0.0057498220121487975,0.012748713410591741,0.006791884428821504,0.40171458572149277,0.23835258651524782
643,0.0017496683940833406,0.003986737341620028,0.0028401715389918536,1.582330628480122e-05,0.008573000057367608,0.07445604540407658,0.009890348742896592,0.005667376331984997,0.012644026284502376,0.006691245594993234,0.3951442241668701,0.23480013478547335
644,0.0017490338823125894,0.003848030435619876,0.002721337354159914,1.542057589176693e-05,0.008354802412213758,0.07475671917200089,0.009910298637777632,0.005673057050444186,0.012630509739646575,0.006674038828350604,0.39429987221956253,0.2345282956957817
645,0.0017483985388341563,0.003635619970737025,0.002658859855728224,1.3921593222221418e-05,0.007542660023318604,0.07480097562074661,0.009913231534078217,0.005705866147764027,0.012635412804402004,0.006726457504555583,0.3946060612797737,0.23470351845026016
646,0.001747762364344774,0.0035347915545571595,0.0025188842409988865,1.4024510846866178e-05,0.007598420517751947,0.07511940225958824,0.009934309497050384,0.00566987378988415,0.01269073787898782,0.006737539079040289,0.39806926250457764,0.23659433238208294
647,0.0017471253595420849,0.003310724685434252,0.0023592227589688264,1.3135452718415763e-05,0.007116732362192124,0.07515941187739372,0.00993695469044615,0.005696805659681559,0.012632488213892686,0.006679482525214553,0.3944234177470207,0.23479141481220722
648,0.0017464875251246438,0.0031072615238372236,0.0022129540084279142,1.233765897268313e-05,0.0066844911489170045,0.07419953122735023,0.00987329711435398,0.0056791407987475395,0.012713882529027663,0.006751012057065964,0.3995225355029106,0.23686103336513042
649,0.0017458488617919134,0.0032812409481266513,0.0023233803658513352,1.312797866148685e-05,0.007112683117156848,0.07532691583037376,0.009948021495604545,0.005692533333785832,0.012766171367662305,0.006806712131947279,0.4028155505657196,0.23907123319804668
650,0.0017452093702442673,0.003724461901583709,0.002595789046608843,1.5207120384275186e-05,0.008239153015892953,0.07551776058971882,0.009960615593194241,0.005736776744015515,0.012792579744153912,0.0068099143682047725,0.4044837951660156,0.24000077787786722
651,0.0017445690511829859,0.0038025862158974633,0.0025434505805606022,1.6314502545355936e-05,0.008839128247927874,0.07497788406908512,0.00992494712138622,0.005685345036908984,0.012659986427660221,0.006700269994325936,0.3961424455046654,0.23556016478687525
652,0.0017439279053102577,0.0035892301093554124,0.002454823857988231,1.4999849895502848e-05,0.00812685483833775,0.07525572367012501,0.009943319601564056,0.005685936543159187,0.012784441841201673,0.006793851847760379,0.4039693772792816,0.2396125504747033
653,0.0017432859333291774,0.0038470958097605035,0.0025251176266465336,1.686061307282216e-05,0.009135008614975959,0.07449275441467762,0.009892786887330082,0.005676374305039644,0.012737941781570606,0.0067966991337016225,0.4010360464453697,0.23776440043002367
654,0.0017426431359437462,0.0038179033290361986,0.002622318104840815,1.587359042787284e-05,0.0086002437165007,0.07574799656867981,0.009975787825695769,0.005730947712436318,0.012728683920112517,0.006756854709237814,0.4004533067345619,0.23810065165162086
655,0.0017419995138588708,0.003947962642996572,0.0026630546926753595,1.6773099162037397e-05,0.009087593818549067,0.0750118549913168,0.009927195644404094,0.005751155666075647,0.012629853155833818,0.006666901521384716,0.39425887167453766,0.23463536333292723
656,0.001741355067780361,0.003961637339671142,0.002716702307225205,1.650322502655399e-05,0.008941377396695316,0.07486505806446075,0.00991747688350253,0.005670159473083913,0.01268357341107809,0.006727928761392832,0.39761994779109955,0.23624250292778015
657,0.001740709798414931,0.0038491151499329135,0.0025917086022673175,1.6387616483370948e-05,0.008878740947693586,0.07485273107886314,0.009916660389069866,0.005691211321391165,0.012659825217447492,0.0067155343713238835,0.39613234996795654,0.23549254052340984
658,0.0017400637064701981,0.003900807350873947,0.002730359396082349,1.584102250262731e-05,0.008582598762586713,0.07523449882864952,0.009941917116598429,0.005688024568371475,0.012602804900568755,0.006708870059810579,0.39257200062274933,0.23390324972569942
659,0.0017394167926546814,0.004259605731931515,0.002726478734984994,1.9180868946477858e-05,0.010392113123089075,0.07512927055358887,0.00993496186714751,0.005709245800971985,0.012729007309455495,0.006752697401680052,0.4004736691713333,0.2378014698624611
660,0.0017387690576778007,0.004017835017293692,0.002697731222724542,1.716191036393866e-05,0.009298250020947307,0.07462615892291069,0.00990164078363643,0.005659582559019327,0.012623442793349503,0.006650302791967988,0.39385877549648285,0.23424246720969677
661,0.0017381205022498772,0.004003072288469411,0.00275834315107204,1.6578181771365053e-05,0.008981988416053355,0.07352586463093758,0.009828374103084648,0.00563006557058543,0.012626769102731182,0.0066849637078121305,0.39406637102365494,0.23379611782729626
662,0.0017374711270821315,0.0035883593664038926,0.0023796353780198842,1.5546919769349188e-05,0.008423255116213113,0.07433314062654972,0.00988218236958582,0.00567269092425704,0.012675086401518466,0.006719433236867189,0.3970879837870598,0.23571056220680475
663,0.0017368209328866829,0.0037388924974948168,0.0024522586463717744,1.6399957928570075e-05,0.008885427727364004,0.07373571768403053,0.009842390596192411,0.0056663298746570945,0.012646370579095258,0.006750676198862493,0.3952907845377922,0.23451325111091137
664,0.0017361699203765491,0.004042750544613227,0.0025214720517396927,1.8693140418690746e-05,0.010127864254172891,0.07391863130033016,0.009854590774766817,0.005629955674521625,0.012713990261124027,0.006744065904058516,0.3995293006300926,0.2367239659652114
665,0.0017355180902656456,0.0038816987653262913,0.002560257722507231,1.6920513928653236e-05,0.009167462529148906,0.07370181381702423,0.009840127223696581,0.005662225419655442,0.012598755301311495,0.0067037229891866446,0.3923197463154793,0.23301078006625175
666,0.001734865443268783,0.003790645001572557,0.0026346428057877347,1.553104402773897e-05,0.008414653682848439,0.07382367737591267,0.009848259391629775,0.005636958172544837,0.012553975414734365,0.006604603375308216,0.3895358443260193,0.23167976085096598
667,0.0017342119801016696,0.0034447353245923296,0.002424068676191382,1.3893431059841532e-05,0.007527401787228882,0.07446655258536339,0.009891046586014024,0.005681273643858731,0.012617234613646907,0.006691241287626326,0.39347147196531296,0.23396901227533817
668,0.0017335577014809078,0.003479053993942216,0.0023916188220027834,1.4449715308728628e-05,0.00782879430335015,0.07571347616612911,0.00997351432853595,0.005697618005797267,0.012640556730707422,0.006677394034340978,0.39492741972208023,0.23532044794410467
669,0.001732902608123994,0.0032729806407587603,0.002288812058395706,1.330696034074208e-05,0.0072096546937245876,0.07383050210773945,0.00984871439354474,0.005668218596838415,0.012505513965539679,0.006611834396608174,0.3865342363715172,0.23018236923962831
670,0.0017322467007493188,0.0033008047903422266,0.002318189093784895,1.3346851631013124e-05,0.00723126734374091,0.07461199536919594,0.009900701083588676,0.005696936976164579,0.012616153458670962,0.0066764174262061715,0.3934040442109108,0.23400801979005337
671,0.0017315899800761645,0.0030483928276225924,0.00202449104108382,1.318577955089495e-05,0.007143999624531716,0.07396345771849155,0.00985757825837863,0.005622939788736403,0.012487718558858866,0.006611541262827814,0.38543494045734406,0.2296991990879178
672,0.0017309324468247063,0.003246438194764778,0.0019985669423476793,1.5204850456029817e-05,0.008237923204433173,0.07462005317211151,0.009901235612079595,0.005655403831042349,0.012608853995164348,0.006644570268690586,0.3929489254951477,0.2337844893336296
673,0.0017302741017160101,0.0032070164306787774,0.0021340867315302603,1.3840520125540934e-05,0.007498735125409439,0.07334762439131737,0.009816454317434971,0.005634519038721919,0.012564421077840393,0.006638369639404118,0.39018436521291733,0.23176599480211735
674,0.0017296149454720316,0.003300278724054806,0.002207870624260977,1.4156461759284866e-05,0.007669910730328411,0.07443304173648357,0.009888820746033183,0.005670845392160118,0.012631859236973323,0.0066987257450819016,0.39438415318727493,0.23440859746187925
675,0.0017289549788156167,0.0030832469929009676,0.0021185040095588192,1.2813349826501508e-05,0.006942218547919765,0.07390603981912136,0.00985375134806506,0.005664225434884429,0.012535998938146463,0.00660711363889277,0.38842107355594635,0.23116355668753386
676,0.0017282942024704996,0.0029411167924990878,0.0020858583811786957,1.1742709261852724e-05,0.006362150161294267,0.07362890616059303,0.00983525899173594,0.005644305609166622,0.012576630081511131,0.006656240904703736,0.3909430205821991,0.23228596337139606
677,0.0017276326171613027,0.0027226851088926196,0.0019314791497890837,1.086665747607185e-05,0.005887508799787611,0.07393239066004753,0.009855507555618537,0.005653816740959883,0.012565243072258753,0.006640600389800966,0.39023540914058685,0.2320838999003172
678,0.0017269702236135357,0.0025746693572727963,0.0018032215302810073,1.044759102342141e-05,0.005660460505168885,0.07402868568897247,0.00986192392638726,0.005647021811455488,0.012546658624097352,0.006602789158932865,0.3890819177031517,0.2315553016960621
679,0.0017263070225535938,0.0026436327170813456,0.0017827376432251185,1.1235254362418345e-05,0.006087212910642847,0.07432372681796551,0.009881556427953003,0.005665046628564596,0.012580119434957961,0.006636459846049547,0.3911599814891815,0.2327418541535735
680,0.0017256430147087585,0.0026183174486504868,0.0017864600231405348,1.0974148494824476e-05,0.005945746961515397,0.07380248047411442,0.009846845122174288,0.005641999072395265,0.01268404652176472,0.006736323121003807,0.3976495712995529,0.23572602588683367
681,0.0017249782008071962,0.002973478811327368,0.001956717576831579,1.2994792598419735e-05,0.0070405235746875405,0.07430269941687584,0.009880158615413876,0.005650944192893803,0.012637041458738257,0.00667868135496974,0.3947078064084053,0.23450525291264057
682,0.0017243125815779561,0.002723898578551598,0.0019046139350393787,1.107619823415007e-05,0.006001037021633238,0.07370894588530064,0.009840603304317894,0.005643217591568828,0.012510019785743268,0.006626507849432528,0.38681282103061676,0.2302608834579587
683,0.0017236461577509721,0.002577419378212653,0.0018016135363723151,1.0484841766356112e-05,0.005680642672814429,0.0740702673792839,0.009864693174124414,0.005657780566252768,0.012571395175877595,0.006638213060796261,0.39061761647462845,0.23234394192695618
684,0.0017229789300570592,0.003193498807377182,0.0020964677532901987,1.399350759356821e-05,0.007581622776342556,0.07479536160826683,0.009912859315466581,0.005738474195823073,0.012579062131048147,0.006702250335365534,0.39109423756599426,0.23294479958713055
685,0.0017223108992279143,0.0033002096752170473,0.0020846755724051036,1.5065355967180949e-05,0.0081623459700495,0.0741576049476862,0.009870507060592868,0.005680907983332872,0.012533634289883668,0.006635254016146064,0.38827454298734665,0.23121607396751642
686,0.001721642065996115,0.0031808801577426493,0.002082999133563135,1.3976491970879579e-05,0.00757240378879942,0.07322556711733341,0.009808283168701814,0.0056577196810394526,0.012508093343769533,0.006613821955397725,0.38669372349977493,0.22995964530855417
687,0.0017209724310951193,0.003285110098659061,0.0020341457056929357,1.5299062624762882e-05,0.00828896730672568,0.07443946599960327,0.009889247394974973,0.005680151982232928,0.012581005321275325,0.006678371806629002,0.39121507853269577,0.23282727226614952
688,0.001720301995259264,0.003574139380361885,0.0021789961465401575,1.6896980014280416e-05,0.009154712141025811,0.07435837760567665,0.009883859727131463,0.005708879791200161,0.012632687354590387,0.006735113332979381,0.394435852766037,0.23439711518585682
689,0.001719630759223764,0.0037508432142203674,0.0023273844926734455,1.7432174274745194e-05,0.009444678027648479,0.07373468205332756,0.009842321199136653,0.005651624756865203,0.012527125611837414,0.006626135087572038,0.3878713995218277,0.23080304078757763
690,0.001718958723724712,0.0036326963891042396,0.002403195117949508,1.5782149773713172e-05,0.00855070145917125,0.07408045046031475,0.00986537135163544,0.005639443756081164,0.01263909115743934,0.006727333180606365,0.39483584463596344,0.2344581475481391
691,0.001718285889499077,0.0035967291478300467,0.002217129775090143,1.6823916837438446e-05,0.009115126624237746,0.07401786372065544,0.009861202901811349,0.005670529208146036,0.01253311544422664,0.006631747120991349,0.3882424086332321,0.23113013617694378
692,0.001717612257284705,0.0033525336330058053,0.0021974980263621546,1.4715279291976913e-05,0.00797267584130168,0.07384653948247433,0.009849783893105838,0.005654401727952063,0.01261078033431563,0.006664734333753586,0.3930690065026283,0.23345777299255133
693,0.0017169378278203153,0.0031253745837602764,0.0021137467338121496,1.3237249959274777e-05,0.0071718857798259705,0.07380092330276966,0.00984674111968113,0.005636776448227465,0.012527620167077619,0.006595812737941742,0.38790201395750046,0.23085146863013506
694,0.0017162626018455034,0.0028626214916585013,0.0019294704761705361,1.2172899801043968e-05,0.006595225248020142,0.07423378527164459,0.009875575540148845,0.0056585957063362,0.012562944450861287,0.006650783936493099,0.3900926560163498,0.2321632206439972
695,0.001715586580100737,0.0028722087590722367,0.001887634105514735,1.2570248827614705e-05,0.006810507329646498,0.07344313710927963,0.009822843977548432,0.005636137793771923,0.012441336584186209,0.00657787558156997,0.3825771063566208,0.2280101217329502
696,0.001714909763327357,0.003002756566274911,0.001925386990478728,1.3496293604475795e-05,0.0073122345202136785,0.07381368614733219,0.009847592503873273,0.005624934914521873,0.01249173950105241,0.006551804486662149,0.38568320870399475,0.22974844742566347
697,0.0017142321522675753,0.003128306139842607,0.0020128947144257836,1.4008880498295184e-05,0.007589951739646494,0.07372640818357468,0.009841768685014445,0.005642345175147057,0.01249081131413155,0.006596236955374479,0.385625883936882,0.22967614606022835
698,0.0017135537476644764,0.0031881537579465657,0.0020543457358144224,1.4255160692755453e-05,0.007723385497229174,0.07290288247168064,0.009786648397998076,0.00560426979791373,0.012526352666820569,0.006624937290325761,0.38782353699207306,0.23036320973187685
699,0.0017128745502620133,0.0030609163077315316,0.002060766542854253,1.3033537129558681e-05,0.0070615151489619166,0.07363730482757092,0.009835819823749068,0.005632053012959659,0.012562239593105741,0.006634521530941129,0.39004889130592346,0.2318430980667472
700,0.0017121945608050103,0.002764184508123435,0.00187475770508172,1.166840337418762e-05,0.006321891560219228,0.07329712063074112,0.009813074047964028,0.005620811716653407,0.012463409356538674,0.006574217579327524,0.3839357867836952,0.22861645370721817
701,0.0017115137800391578,0.002800449190544896,0.0019253442442277446,1.1629601772256137e-05,0.00630086864111945,0.07319874130189419,0.009806486136266005,0.005634063971228898,0.0125340872282111,0.006633202312514186,0.38830260932445526,0.23075067531317472
702,0.0017108322087110168,0.0028023013146594167,0.0018722821623669006,1.2038443799156084e-05,0.006522377690998837,0.07290161587297916,0.009786563085872682,0.0056129227159544826,0.01248338770563783,0.006569542922079563,0.3851676434278488,0.229034629650414
703,0.001710149847568013,0.0025571666192263365,0.0017568504408700392,1.0628417101088417e-05,0.005758431216236204,0.07325481995940208,0.009810241928086105,0.005617124144919217,0.01246031563917381,0.006654042634181678,0.3837452381849289,0.2285000290721655
704,0.0017094666973584392,0.0028830040100729093,0.0017719556781230494,1.352390938791359e-05,0.007327196915866807,0.07357165589928627,0.009831434587163535,0.00565724796615541,0.012471575299956645,0.006583642214536667,0.3844390735030174,0.22900536470115185
705,0.0017087827588314535,0.0027368766168365255,0.0018711716693360358,1.1442866025390686e-05,0.006199696072144434,0.0733671635389328,0.00981776198538744,0.005623547825962305,0.012498576747485522,0.006603377987630665,0.3861055225133896,0.2297363430261612
706,0.0017080980327370786,0.0025798664573812857,0.0016989177238428965,1.1265613295563526e-05,0.0061036612605676055,0.0734287891536951,0.009821884052671002,0.005637129303067923,0.012501102846825079,0.006622058572247624,0.38626161217689514,0.22984520066529512
707,0.0017074125198262,0.002459879426169209,0.001670177181949839,1.037049111118904e-05,0.005618688010144979,0.07346151024103165,0.009824072103852737,0.005658218287862837,0.0124381639631753,0.006569201708771288,0.38238199800252914,0.2279217541217804
708,0.001706726220850567,0.002367903565755114,0.0015958775547915138,1.0070229620851023e-05,0.005456007434986532,0.0731486938893795,0.009803133324034015,0.0056012035347521305,0.012518736978732549,0.006582670263014734,0.3873521089553833,0.2302504014223814
709,0.0017060391365627905,0.0024678424088051543,0.0016562709060963243,1.0546646251441416e-05,0.005714128230465576,0.07380418479442596,0.00984695863696322,0.0056268960470333695,0.012599343485594184,0.006677749217487872,0.39235636591911316,0.23308027535676956
710,0.0017053512677163427,0.0025126092514256015,0.001646188393351622,1.1034218289296405e-05,0.005978292436338961,0.07348930649459362,0.009825930712708182,0.005639258655719459,0.01245065236877783,0.006570475990884006,0.38315024226903915,0.2283197743818164
711,0.001704662615065556,0.002393307790043764,0.0015303366599255241,1.0788552458507183e-05,0.005845192063134164,0.07321486249566078,0.009807566268466426,0.005610933061689138,0.012530385599449339,0.006621495354920626,0.38807330280542374,0.23064408265054226
712,0.0017039731793656225,0.002316140220500529,0.0014955378937884234,1.0333320403788093e-05,0.005598549178102985,0.07320122234523296,0.009806652703432815,0.0056167778093367815,0.012511711721385934,0.006595706334337592,0.38691747188568115,0.23005934711545706
713,0.001703282961372593,0.002235792504507117,0.0014803873491473496,9.703680291295314e-06,0.005257412820355967,0.07371055707335472,0.009840710791280707,0.005629348219372332,0.012540343243013232,0.006629208102822304,0.388690322637558,0.23120043985545635
714,0.0017025919618433767,0.0021577435109065846,0.0014427119967876934,9.261551724648598e-06,0.005017869407311082,0.07296948507428169,0.009791117509014905,0.005605694372206926,0.012431618908616326,0.006540289265103638,0.38197968900203705,0.22747458703815937
715,0.0017019001815357384,0.0021839422479388304,0.0014728479072800837,9.280839321945678e-06,0.005028319486882538,0.07357023097574711,0.009831339487606386,0.005629005492664874,0.01251342741318091,0.0066204703180119395,0.38702361285686493,0.23029692191630602
716,0.0017012076212083007,0.0022841024183435366,0.0016077292457339354,9.209365487095056e-06,0.004989595036022365,0.07337462157011032,0.009818260733992931,0.005624181940220296,0.01244354935089801,0.006565808900631964,0.3827131986618042,0.22804391011595726
717,0.0017005142816205404,0.002394763010670431,0.0015302327083190903,1.0802749983440663e-05,0.00585288398724515,0.07386247254908085,0.009850846629042705,0.005649137659929693,0.012613007504520915,0.006675144657492638,0.3932078629732132,0.23353516776114702
718,0.00169982016353279,0.002546659641666338,0.0017113024005084299,1.0867727439745067e-05,0.005888088431674987,0.07304930500686169,0.009796471140898272,0.005603665369562805,0.012528308533401238,0.006650643423199654,0.38794464617967606,0.23049697559326887
719,0.0016991252677062345,0.00271298288134858,0.0018794532734318636,1.1161218765209924e-05,0.006047101080184802,0.07377476245164871,0.00984499572743631,0.005638292175717652,0.012486524508164247,0.006589171942323446,0.3853612542152405,0.2295680083334446
720,0.0016984295949029127,0.0029539060196839273,0.0019110742505290546,1.3151141956768697e-05,0.0071252329216804355,0.07308647967875004,0.009798963644127233,0.005625795340165496,0.012466680753013335,0.006584782735444605,0.3841373771429062,0.2286119284108281
721,0.001697733145885715,0.002951428745291196,0.001876754300610628,1.338165913011835e-05,0.007250126072904095,0.07382037863135338,0.009848038855433523,0.005644256481900811,0.012427099884586219,0.006560679408721626,0.3817020207643509,0.22776119969785213
722,0.0016970359214183832,0.0026773259160108864,0.001774635944457259,1.1606007547015906e-05,0.006288085656706244,0.07327252626419067,0.00981142750791446,0.005642775213345885,0.012500134028241476,0.006594623206183314,0.38620172441005707,0.22973712533712387
723,0.0016963379222655094,0.002539575012633577,0.0016835230417200364,1.1007436512500135e-05,0.005963782547041774,0.0732273980975151,0.00980840584602922,0.005615037167444825,0.012396023701223335,0.006551256752572954,0.3797953799366951,0.2265113890171051
724,0.0016956391491925351,0.002750027662841603,0.0018663696318981238,1.1599683716667641e-05,0.006284659495577216,0.07327884435653687,0.009811850477443535,0.005619401461444795,0.012493900828787045,0.006591340061277151,0.38581666350364685,0.22954775393009186
725,0.0016949396029657512,0.0027809609164251015,0.0018775664866552688,1.180248875698453e-05,0.006394538242602721,0.07350248657166958,0.009826811758198805,0.005646478268317878,0.012468555968481702,0.006591751123778522,0.3842529356479645,0.22887771110981703
726,0.001694239284352295,0.00310748495394364,0.0020910640523652546,1.3239617032922979e-05,0.007173168269218877,0.07209006324410439,0.009731937956793469,0.00557668274268508,0.012410706295916405,0.006524264579638839,0.3806956335902214,0.2263928484171629
727,0.0016935381941201525,0.0033540193253429607,0.002095147479849402,1.5484629273032624e-05,0.008389506343519315,0.07346267998218536,0.00982415088756682,0.005625917110592127,0.012516726427780981,0.006628643604926765,0.3872276842594147,0.23034518212080002
728,0.0016928363330381546,0.0035136799851898104,0.0023989192850422114,1.4715365693973581e-05,0.007972722523845732,0.07275746576488018,0.009776882764459972,0.00565203616861254,0.012447292001537824,0.006614438025280833,0.38294345140457153,0.22785045858472586
729,0.0016921337018759785,0.0038567165756830946,0.0024692587176105008,1.7361796949444397e-05,0.00940654770238325,0.07318866066634655,0.009805811213504356,0.0056613743072375655,0.01243443655832112,0.0065760413417592645,0.38215284794569016,0.22767075430601835
730,0.0016914303014041452,0.0044561361719388515,0.0029317995795281604,1.9478710441944713e-05,0.01055348222143948,0.07247021049261093,0.009757563590387817,0.005668851546943188,0.01250916711583802,0.00661432440392673,0.3867601007223129,0.22961515560746193
731,0.0016907261323940196,0.004112834052648395,0.002778500143904239,1.7442310479509615e-05,0.009450169454794377,0.07393018715083599,0.009855360824734042,0.0057292754063382745,0.012525893785296616,0.0066168964840471745,0.3877951204776764,0.2308626538142562
732,0.0016900211956178092,0.004090851187356748,0.0026711132522905245,1.803226189167617e-05,0.009769802796654403,0.07203481905162334,0.009728208121782126,0.005590076674707234,0.012360161898905063,0.006582046975381672,0.3776010572910309,0.22481793817132711
733,0.0016893154918485637,0.004612614226061851,0.0027612658450379968,2.2181804752108292e-05,0.012018007633741945,0.07267183251678944,0.009771127286930938,0.005680276430211961,0.012514674710957976,0.006670525064691901,0.3871007636189461,0.22988629806786776
734,0.0016886090218601738,0.004739111085655168,0.0028170849691377953,2.2937083485885523e-05,0.012427214824128896,0.07217017188668251,0.009737343553751597,0.00560632802080363,0.012396732874143305,0.006510181585326791,0.37983883917331696,0.22600450552999973
735,0.0016879017864273708,0.00408685885486193,0.002576132697868161,1.8696644474403e-05,0.010129762871656567,0.07215489260852337,0.00973631289322139,0.005595601163804531,0.01242580822387377,0.006568023702129722,0.38162267208099365,0.2268887823447585
736,0.0016871937863257246,0.003754285382456146,0.0024629241233924404,1.646327069693143e-05,0.00891973011312075,0.07151741161942482,0.009693207772487014,0.005613100249320269,0.012436281532259015,0.00658909126650542,0.3822662681341171,0.22689183987677097
737,0.001686485022331644,0.003387288365047425,0.0021982440521242097,1.5030508052404912e-05,0.008143465500324965,0.07267011143267155,0.009771012146523725,0.005590490181930363,0.012403801989291747,0.006533813197165728,0.38027216494083405,0.2264711381867528
738,0.0016857754952223762,0.003230468471883796,0.0020025775229441933,1.5027862900751643e-05,0.008142031903844327,0.07230926491320133,0.009746722371046453,0.005616073729470372,0.012445369150185244,0.006571933510713279,0.3828251361846924,0.22756720054894686
739,0.0016850652057760042,0.0031166660191956908,0.0019924310545320623,1.405253846087362e-05,0.007613605732331052,0.07190374843776226,0.009719353630300848,0.005576158058829606,0.01242803282979246,0.006552517297677696,0.381759338080883,0.22683154325932264
740,0.0016843541547714475,0.0030300831131171435,0.0018536239949753508,1.427829408839898e-05,0.007735919265542179,0.07192041166126728,0.00972048002854191,0.005588718107901514,0.012350792588246404,0.006541864131577313,0.37702883034944534,0.2244746210053563
741,0.001683642342988461,0.003007617182447575,0.0018003185032284819,1.4464513526490919e-05,0.007836811797460541,0.07117107324302197,0.00966970848465836,0.005565326544456184,0.012287026789422091,0.006483128177933395,0.3731457442045212,0.22215840872377157
742,0.0016829297712076332,0.003930204635253176,0.0021308698269422166,2.053826301562367e-05,0.011127543519251049,0.0721795242279768,0.009737974562310077,0.00560053379740566,0.0124534046576371,0.006677487283013761,0.3833196610212326,0.2277495926246047
743,0.0016822164402103869,0.0034652075555641204,0.0021130657478352077,1.637844962942836e-05,0.008873774379026145,0.0716172568500042,0.00969997182168275,0.0055624720407649875,0.01235050053422564,0.006465172744356096,0.3770109713077545,0.22431411407887936
744,0.001681502350778977,0.0027646653325064108,0.001820621342631057,1.2072521940353909e-05,0.006540841131936759,0.071974266320467,0.00972411864371895,0.005600093863904476,0.012337781900289457,0.0065196368377655745,0.37623488903045654,0.22410457767546177
745,0.0016807875036964897,0.0024469392810715362,0.0016276375754387118,1.0565136165041622e-05,0.005724145681597292,0.0708798747509718,0.009649906243478779,0.005534841096960008,0.01235577102496441,0.0065424873027950525,0.3773328363895416,0.2241063555702567
746,0.0016800718997468426,0.002398929158516694,0.0016159085862454958,1.0208664946276258e-05,0.005531011294806376,0.0723009891808033,0.009746164810661229,0.005612701526843011,0.012371213796183413,0.006523894611746073,0.37827663123607635,0.22528881020843983
747,0.0016793555397147833,0.002474823297234252,0.0015576548321405426,1.133913826834032e-05,0.006143496895674616,0.07185091078281403,0.009715782034206694,0.005595892784185708,0.01240056945211185,0.006566426483914256,0.38007397949695587,0.22596244513988495
748,0.001678638424385888,0.0025250737235182896,0.0015644248487660661,1.1752895659356e-05,0.006367668858729303,0.07208473607897758,0.009731578430174727,0.0055977217853069305,0.012350566515768149,0.006531101418659091,0.37701501697301865,0.22454987652599812
749,0.0016779205545465622,0.002396817857515998,0.001551538152853027,1.0664418255146302e-05,0.0057779364578891546,0.07154619507491589,0.00969515807361198,0.005555744166485965,0.012385564668726276,0.006539314752444625,0.3791547566652298,0.22535047587007284
750,0.001677201930984038,0.002287736613652669,0.0014578065092791803,1.034976145319888e-05,0.005607456900179386,0.07201157510280609,0.009726638664234413,0.005561337573453784,0.012430089628500434,0.006591154495254159,0.38188570737838745,0.22694864124059677
751,0.0016764825544863743,0.0021546514908550307,0.00136456050677225,9.809997266074788e-06,0.005315014976076782,0.07164979167282581,0.009702174805395123,0.005559443728998303,0.012397243782190929,0.006533488631248474,0.3798701539635658,0.22575997281819582
752,0.0016757624258424552,0.0022124272072687745,0.001376013911794871,1.0258626332415588e-05,0.005558080098126084,0.07209323346614838,0.009732152059005293,0.0055869369534775615,0.012427207029013784,0.006624910165555775,0.38170860707759857,0.22690092027187347
753,0.0016750415458419905,0.002355463191634044,0.0014644264010712504,1.0925907304226712e-05,0.005919610208366066,0.07203944027423859,0.00972852000097435,0.005564583581872284,0.012328415942485205,0.006504325778223574,0.3756638839840889,0.22385166212916374
754,0.0016743199152755134,0.002323265522136353,0.0015722006937721744,9.83308694912921e-06,0.005327524675522,0.07178974710404873,0.009711646117795413,0.005572137073613703,0.01248541659153424,0.0065762161975726485,0.3852928653359413,0.22854130621999502
755,0.0016735975349343802,0.002238570581539534,0.0014673448167741299,9.825609481595166e-06,0.005323473407770507,0.07136639952659607,0.009682968821767739,0.005540567333810031,0.0123183916805806,0.006503470940515399,0.3750532194972038,0.22320980951189995
756,0.0016728744056107696,0.002239448163891211,0.0014815222602919675,9.729037856232026e-06,0.005271151487249881,0.07184777595102787,0.009715570005162565,0.005584241822361946,0.012306553043093338,0.006498090224340558,0.3743326812982559,0.2230902286246419
757,0.0016721505280976813,0.0020443075700313784,0.001404807211656589,8.494545966186706e-06,0.00460230877797585,0.07141462713479996,0.009686239567875286,0.005556966294534504,0.01229174810887226,0.006468820734880865,0.37343256175518036,0.22242359444499016
758,0.0016714259031889362,0.001958269684109837,0.0012957941144122742,8.505367304678657e-06,0.00460817180282902,0.07125264778733253,0.009675248586725893,0.00556326424703002,0.012363580227944168,0.006530769052915275,0.37780996412038803,0.22453130595386028
759,0.001670700531679174,0.002058457837847527,0.001253269008884672,9.743916990601065e-06,0.005279212928144261,0.07114779204130173,0.009668126896687003,0.005542850354686379,0.012456167582765174,0.006566133350133896,0.38348977267742157,0.22731878235936165
760,0.001669974414363854,0.001982464993488975,0.001222828621394001,9.267348673347442e-06,0.005021010205382481,0.07151255197823048,0.009692878336634934,0.005541171063669026,0.012343091569444796,0.0064856213284656405,0.3765587955713272,0.22403567377477884
761,0.0016692475520392522,0.0022043768185540102,0.0012801355915144086,1.089218829974925e-05,0.005901341384742409,0.07145043462514877,0.009688667590036688,0.0055495708948001266,0.01245633011445756,0.0066258597653359175,0.38349975645542145,0.2274750955402851
762,0.0016685199455024628,0.0022860930985189043,0.0013901020502089523,1.0834446641183604e-05,0.005870057124411687,0.07117873802781105,0.009670229353101752,0.005536076612770557,0.012401173490173306,0.006534432643093169,0.3801110088825226,0.22564487345516682
763,0.0016677915955513954,0.002014867110119667,0.0013038353426964022,8.968312897650321e-06,0.004858993837842718,0.07197757437825203,0.009724342177329886,0.005595718277618289,0.01234325382167789,0.00653788389172405,0.3765686973929405,0.22427313588559628
764,0.001667062502984775,0.002026047484832816,0.0013312964874785393,8.868750200008435e-06,0.004805051314178854,0.07170919515192509,0.009706195756156178,0.005615446134470403,0.012335086983092292,0.006496914196759462,0.376070536673069,0.22388986591249704
765,0.0016663326686021406,0.0019914099320885725,0.0013186109135858715,8.642751026854967e-06,0.0046826058242004365,0.0716572217643261,0.009702677808295156,0.005578228854574263,0.012401096630237274,0.006551773636601865,0.3801063075661659,0.225881764665246
766,0.0016656020932038459,0.0021080804217490368,0.0013884769577998668,9.203642349575603e-06,0.004986494226614013,0.07208499498665333,0.009731595906821268,0.00557917810510844,0.012340311729183288,0.006525055272504687,0.37638918310403824,0.22423708904534578
767,0.0016648707775910557,0.002131303735950496,0.0013965202451799996,9.358577415241598e-06,0.005070437386166304,0.07207808829843998,0.009731129540630767,0.005590899032540619,0.012381477366005821,0.0065135020995512605,0.3789045512676239,0.22549131978303194
768,0.0016641387225657476,0.0020592467990354635,0.0013282340005389415,9.197742656397168e-06,0.004983297782018781,0.07193936035037041,0.009721760284859953,0.005587943363934755,0.012412487239951663,0.006542962044477463,0.3808048740029335,0.22637211717665195
769,0.0016634059289307097,0.0019761367875616997,0.0012774248825735413,8.805872624861877e-06,0.004770984407514334,0.0718087051063776,0.009712928100332323,0.005567479762248695,0.01232461121672161,0.006487828562967479,0.375432051718235,0.2236203784123063
770,0.0016626723974895396,0.0019084582818322815,0.0012702976819127798,8.233915849586992e-06,0.004461100557819009,0.07207542099058628,0.009730949530387337,0.005582951940596104,0.012348602088376775,0.006504078977741301,0.37689510732889175,0.22448526415973902
771,0.001661938129046645,0.00192379264626652,0.0013036672680755146,8.12906728242524e-06,0.004404293969855644,0.0709971934556961,0.009657889324951853,0.005564483697526157,0.012326194313006907,0.006503424607217312,0.3755284994840622,0.22326284646987915
772,0.0016612031244072412,0.0019427609440754168,0.0013297889672685415,8.11126412259e-06,0.00439464850933291,0.07145579904317856,0.009689031243379116,0.005528313224203885,0.012331696009540628,0.0064791213953867555,0.37586379051208496,0.22365979477763176
773,0.001660467384377351,0.0019021884072571993,0.001276024675462395,8.133772325891186e-06,0.004406843218021095,0.07119064778089523,0.009671038157843304,0.005556993768550456,0.012286411365654134,0.00645787687972188,0.3731083497405052,0.22214949876070023
774,0.001659730909763803,0.0017835354374255985,0.001169631774246227,7.82425871648229e-06,0.0042391499591758475,0.07171709463000298,0.00970673040783357,0.005555206909775734,0.012264756419236654,0.006437337026000023,0.37179432809352875,0.22175571136176586
775,0.0016589937013742322,0.0018714069592533633,0.001236203002918046,8.143701080598476e-06,0.0044122227118350565,0.0721409060060978,0.009735369006143304,0.005593363894149661,0.012319352496145856,0.006512395921163261,0.3751117214560509,0.22362631373107433
776,0.0016582557600170783,0.001865170313976705,0.001279742456972599,7.764699915924211e-06,0.004206881421850994,0.07158610597252846,0.00969786202721244,0.005567441810853779,0.012307894314631737,0.006489117396995425,0.37441427260637283,0.22300018928945065
777,0.0016575170865015842,0.001908896658278536,0.0013267727990751155,7.821013241482433e-06,0.004237391782226041,0.07123782113194466,0.009674241676712445,0.005559620214626193,0.012368737789432073,0.006549526588059962,0.37812522798776627,0.22468152455985546
778,0.0016567776816377958,0.002064624502963852,0.0014440161758102477,8.392568275894519e-06,0.004547057702438906,0.07152541354298592,0.009693750083396784,0.005565620260313153,0.012372841796863394,0.006524898577481508,0.37837620079517365,0.22495080716907978
779,0.0016560375462365616,0.0020888888902845792,0.0014677021245006472,8.44162343582866e-06,0.004573635713313706,0.07193201221525669,0.009721263789215662,0.005581912701018155,0.012346409137256908,0.006520289462059736,0.3767612427473068,0.22434662748128176
780,0.0016552966811095306,0.0026076388749061152,0.0015840297564864159,1.2370114063742221e-05,0.0067020750138908625,0.0723338034003973,0.009748375734987252,0.005580356460995972,0.012410567203863453,0.0065283754374831915,0.38068708032369614,0.22651044186204672
781,0.0016545550870691523,0.002857065584976226,0.0017997897957684472,1.307904068426069e-05,0.00708616865449585,0.0720131117850542,0.009726742454841588,0.005613790825009346,0.012315908746759767,0.006533980253152549,0.37490203976631165,0.22345757577568293
782,0.0016538127649286753,0.003032317850738764,0.0018060068250633776,1.4650468187937804e-05,0.007937561691505834,0.07105491869151592,0.009661814523227653,0.005557452794164419,0.012378113943248436,0.006555588915944099,0.3786987289786339,0.2248768238350749
783,0.0016530697155021472,0.003131541670882143,0.001965074989129789,1.439178561213339e-05,0.007797408266924322,0.07162961736321449,0.009700808523152934,0.005580769735388458,0.012371065143887363,0.006582391797564924,0.3782675489783287,0.2249485831707716
784,0.0016523259396044128,0.003618532864493318,0.002283447662193794,1.6535517772808817e-05,0.008958873571828008,0.07257379405200481,0.009764534360362991,0.005718123051337898,0.012318701329188716,0.0065627958392724395,0.37507206946611404,0.22382293175905943
785,0.001651581438051113,0.005243160878308117,0.0032944270642474294,2.4064595891104545e-05,0.013038095727097243,0.0720613393932581,0.009729999047261047,0.005670927232131362,0.01252367349065479,0.006650913506746292,0.38765767216682434,0.22985950578004122
786,0.0016508362116586857,0.007105647266143933,0.003839177035843022,3.7230871726023906e-05,0.020171528158243746,0.0708236638456583,0.0096460792550712,0.005637671332806349,0.012361012927692691,0.006566546275280416,0.3776530548930168,0.22423835936933756
787,0.0016500902612443626,0.010057310690172017,0.005197324499022216,5.44434957419071e-05,0.02949725487269461,0.07202597707509995,0.009727611353839385,0.0057331862626597285,0.012607326447417884,0.0068015806609764695,0.3928537145256996,0.23243984580039978
788,0.00164934358762617,0.008642296685138717,0.0053008326212875545,4.062075299771095e-05,0.022008151514455676,0.06989035196602345,0.009582310533066704,0.0055456210393458605,0.012429922363505637,0.0066173364175483584,0.3818754181265831,0.22588288504630327
789,0.0016485961916229267,0.0066135119704995304,0.004297892330214381,2.9302536177056027e-05,0.015875989745836705,0.07004192471504211,0.00959269551263277,0.00555842905305326,0.012281483755040002,0.00651599292177707,0.37280914932489395,0.22142553701996803
790,0.0016478480740542449,0.005048132501542568,0.003249788744142279,2.2594320967073145e-05,0.012241507123690099,0.07033364102244377,0.009612650995977384,0.005611086613498628,0.01231547658568373,0.006491030100733042,0.3748757392168045,0.22260469011962414
791,0.0016470992357405267,0.004310958902351558,0.002853907979442738,1.8713993767960346e-05,0.010139162128325552,0.0705167930573225,0.009625158822831114,0.0055333011550828815,0.012328632683383467,0.006494119414128363,0.37567708641290665,0.22309693973511457
792,0.0016463496775029646,0.0033320775255560875,0.0022100948553998023,1.4433498165544734e-05,0.007820007944246754,0.06961627677083015,0.00956350348584302,0.0055120636243373156,0.012203678326278295,0.006403491948731244,0.36810050159692764,0.2188583891838789
793,0.001645599400163542,0.0026473475591046736,0.0017995757079916075,1.1145223595576681e-05,0.0060384347452782094,0.0698874294757843,0.009582110072760636,0.005494112032465637,0.012210900319391602,0.006375737604685128,0.3685363084077835,0.2192118689417839
794,0.0016448484045450294,0.0021095037009217776,0.0014562702272087336,8.716269007891242e-06,0.004722437501186505,0.06997269205749035,0.009587953402679322,0.005486635840497911,0.012242409431708576,0.006420043064281344,0.37044068425893784,0.2202066881582141
795,0.001644096691470986,0.001919113186886534,0.001294344212510623,8.154713128760704e-06,0.004418188938871026,0.07023846358060837,0.009606144625337869,0.005523066036403179,0.012226550172972483,0.006412230781279504,0.36948154866695404,0.2198600061237812
796,0.0016433442617657572,0.0017391995861544274,0.0011665052807074971,7.43818435466892e-06,0.004029976655147038,0.06922133080661297,0.009536336794778397,0.005466461763717234,0.012229509221822603,0.006449380540288985,0.3696604147553444,0.21944087278097868
797,0.0016425911162544742,0.0015741151946713217,0.001057966877851868,6.716014752328192e-06,0.0036387082509463653,0.07042713463306427,0.00961903780265619,0.005543980514630675,0.012248450730262645,0.006456451606936753,0.37080638855695724,0.22061676159501076
798,0.0016418372557630537,0.0014882412724546157,0.0009647926272009499,6.611413397195065e-06,0.0035820357443299145,0.07021702639758587,0.009604678702016114,0.005486145499162376,0.012201386428071016,0.0064029081258922815,0.36796222627162933,0.2190896263346076
799,0.001641082681118196,0.0012965724454261363,0.0008816409317660145,5.456481261489898e-06,0.002956298369099386,0.07045513391494751,0.009620949822685188,0.005533486255444586,0.012210636351626879,0.006407774984836578,0.3685203567147255,0.2194877453148365
800,0.0016403273931473849,0.0010825342178577557,0.0007387800833384972,4.5359355738128215e-06,0.0024575506249675527,0.07001571916043758,0.00959090047439167,0.005497439997270703,0.012265479707123113,0.006445866660214961,0.37183817476034164,0.22092694696038961
801,0.001639571392678886,0.001104492272133939,0.000761938834330067,4.56759943290308e-06,0.0024747059360379353,0.0705944113433361,0.009630454553689894,0.005515909171663225,0.012283951583434089,0.006474638474173844,0.3729589730501175,0.2217766921967268
802,0.0016388146805417466,0.0011416854540584609,0.0007877391872170847,4.720359058296708e-06,0.0025574704486643896,0.07093643769621849,0.009653755738729066,0.005536269280128181,0.01224102294391029,0.006437055650167167,0.3703567832708359,0.22064661048352718
803,0.0016380572575657943,0.0010695277778722811,0.0007515187135140877,4.321857304034893e-06,0.002341563900699839,0.07010142505168915,0.00959676915777921,0.005506241228431463,0.012275046615315338,0.006471988745033741,0.37241845577955246,0.2212599404156208
804,0.0016372991245816367,0.0010751729423645884,0.0007346876118390355,4.4982157731965344e-06,0.002437114126223605,0.07089123502373695,0.00965067943188444,0.005530645255930722,0.012222210863597512,0.006428076419979334,0.3692193552851677,0.22005529515445232
805,0.0016365402824206588,0.0010864712749025784,0.0007210604417196009,4.703090723978676e-06,0.00254811454215087,0.07056362368166447,0.009628354180457342,0.005522673251107335,0.012259478552337746,0.006443684222176671,0.37147440016269684,0.22101901192218065
806,0.0016357807319150248,0.0011029850284103304,0.0007061929354676977,4.96525368021139e-06,0.00269015331286937,0.07073272205889225,0.009639884059268713,0.005518341553397477,0.012266790029448957,0.006449138512834907,0.37191762775182724,0.22132517490535975
807,0.0016350204738976746,0.001162162261607591,0.0007565774030808825,5.1393932380960905e-06,0.0027845014847116545,0.07088176719844341,0.009650035175347018,0.005528004956431687,0.012259350653174803,0.0064277315977960825,0.37146664410829544,0.22117420565336943
808,0.0016342595092023243,0.001228923225426115,0.0008112674513540696,5.351733051384144e-06,0.00289954619074706,0.07060916535556316,0.00963146075332196,0.005529338377527893,0.012253091014325763,0.00643826846498996,0.3710874021053314,0.2208482837304473
809,0.001633497838663465,0.0011756229068851098,0.0008195969930966385,4.798351653789723e-06,0.0025997265183832496,0.07041765004396439,0.0096183900083395,0.005509597947821021,0.012266319509935873,0.006437332252971828,0.371889092028141,0.2211533710360527
810,0.001632735463116362,0.0011199784057680517,0.0007986481832631398,4.439494603047933e-06,0.002405299252131954,0.07041431777179241,0.009618162499356112,0.005497741396538913,0.01222303191206338,0.006412995746359229,0.3692689463496208,0.21984163206070662
811,0.0016319723833970537,0.001110651166527532,0.000761931216402445,4.624493413984965e-06,0.00250553093792405,0.07046983391046524,0.009621953235343891,0.005535506992600858,0.012244152608446643,0.006445775157772005,0.3705461770296097,0.22050800547003746
812,0.00163120860034235,0.001167404632724356,0.0008052399462030735,4.828504444276405e-06,0.00261606318235863,0.07086669839918613,0.009649009139118262,0.005520684062503278,0.0122454956643382,0.006450247601605952,0.3706274926662445,0.22074709553271532
813,0.001630444114789833,0.0011719804315362126,0.0008005276504263747,4.905522843046128e-06,0.002657791497767903,0.07034298591315746,0.009613289621609188,0.0055179992923513055,0.012272989029181395,0.006438395124860108,0.3722935914993286,0.22131828870624304
814,0.0016296789275778549,0.0012225751124788076,0.0007947558842715807,5.415051248292002e-06,0.002933851894340478,0.07089153118431568,0.009650699788031361,0.005521540064364672,0.012305112879407177,0.006484337383881211,0.3742450699210167,0.2225683005526662
815,0.0016289130395455373,0.0013514964739442803,0.0008279033208964393,6.360088690371413e-06,0.0034458688751328737,0.0709239337593317,0.009652905065715697,0.005528967943973839,0.012319547691870757,0.006446971790865064,0.37512362003326416,0.22302377689629793
816,0.0016281464515327702,0.0015123325501917861,0.0008812484084046446,7.450536344322245e-06,0.004036668979097158,0.07061844877898693,0.009632094166052374,0.005520618869923055,0.012274890426333828,0.0064535727724432945,0.3724089562892914,0.22151370253413916
817,0.0016273791643802115,0.0015238498890539631,0.000954029819695279,7.01949059589424e-06,0.003803130064625293,0.0708261989057064,0.009646251703471874,0.005528001929633319,0.012266896053257948,0.006458348245359957,0.3719240501523018,0.2213751245290041
818,0.0016266111789292855,0.0015185579977696761,0.000986399631074164,6.731672101523145e-06,0.003647191319032572,0.07087866589426994,0.009649824057938612,0.005532350740395486,0.012265233375808643,0.006456717732362449,0.3718232288956642,0.22135094739496708
819,0.0016258424960221825,0.0014320918126031756,0.0009330074499303009,6.3278995412474615e-06,0.003428429103223607,0.07075675763189793,0.00964152178508085,0.005528866546228528,0.012307814950897045,0.006488787825219333,0.3744094595313072,0.22258310858160257
820,0.0016250731165018577,0.0013888214671169408,0.0008959352562669665,6.202274761335502e-06,0.003360366157721728,0.07081209681928158,0.009645291365202967,0.0055252378806471825,0.012192473373508336,0.006404661224223673,0.3674248456954956,0.2191184712573886
821,0.0016243030412120298,0.0014144294982543215,0.000893275864655152,6.458234508954774e-06,0.003499043988995254,0.07052871026098728,0.009625972264893493,0.005505072185769677,0.012286502859519379,0.006435430841520429,0.3731139376759529,0.2218213239684701
822,0.0016235322709971807,0.0013968019047752023,0.0008998512603284325,6.247011270943403e-06,0.0033846043079392985,0.07033615745604038,0.009612822908709556,0.005533578805625439,0.012270569101243932,0.0064684245735406876,0.372146800160408,0.2212414788082242
823,0.0016227608067025546,0.0014874255721224472,0.0009310832465416752,6.852757309161461e-06,0.003712794787134044,0.0713944211602211,0.009684869159411368,0.005563649232499301,0.012294954664849044,0.00650961056817323,0.3736274316906929,0.222510926425457
824,0.001621988649174157,0.0018810101464623585,0.0011464998096926138,8.89459010977589e-06,0.00481905133347027,0.07055501081049442,0.009627766337695992,0.005544370855204761,0.012278181236966954,0.006523696938529611,0.3726086765527725,0.22158184368163347
825,0.0016212157992587524,0.001959939174412284,0.001168754926766269,9.458686122343352e-06,0.005124676041305065,0.0702078640460968,0.009604052004080843,0.005516973091289401,0.012298544346482837,0.0065183076076209545,0.3738456219434738,0.2220267429947853
826,0.0016204422578038667,0.0019997023555333726,0.0012615574451046996,9.140496388226893e-06,0.004952282004524022,0.07104377448558807,0.009661056911877347,0.005541701219044626,0.012302466104012196,0.006473597371950746,0.37408409267663956,0.22256393358111382
827,0.0016196680256577824,0.0019431540786172263,0.0012895535983261652,8.411944492081602e-06,0.004557555745122954,0.07102177292108536,0.00965956071852814,0.005534795462153852,0.012406166311953239,0.006559952860698104,0.380417138338089,0.22571945562958717
828,0.00161889310366954,0.002384926861850545,0.0014030035163159482,1.1651291231373762e-05,0.006312620040262118,0.07047199085354805,0.009622100689902092,0.005536240991204977,0.012340774121299542,0.006492345593869686,0.3764173984527588,0.22344469465315342
829,0.0016181174926889362,0.002544755581766367,0.001618672649783548,1.1534027294146654e-05,0.006249087164178491,0.07103005051612854,0.009660123842402566,0.005563738173805177,0.012262492402227829,0.006465801736339927,0.3716570809483528,0.22134356573224068
830,0.001617341193566524,0.0024931062653195113,0.0016800151715870015,1.060449528722529e-05,0.005745470494730398,0.07052232697606087,0.009625536308559167,0.005524438340216875,0.012309359274310703,0.006491911713965237,0.3745034262537956,0.22251287661492825
831,0.00161656420715361,0.0024271221918752417,0.0016457532547065057,1.0248507180676825e-05,0.005552597780479118,0.07001235894858837,0.009590670985667779,0.0055032758973538876,0.012285379421645457,0.006484871380962431,0.3730457127094269,0.22152903582900763
832,0.0016157865343022558,0.002791999315377325,0.0018638766996446066,1.200542749302258e-05,0.006504489516373724,0.0705722700804472,0.009628944254233395,0.0055520921014249325,0.012271067474068902,0.006487719132564962,0.37217704206705093,0.22137465607374907
833,0.0016150081758652744,0.0030716583569301292,0.0019438363669905812,1.3995950041589822e-05,0.0075829461275134236,0.07059275731444359,0.009630341792342501,0.005545662250369787,0.012254770182325599,0.006479262956418097,0.3711891174316406,0.2208909373730421
834,0.0016142291326962318,0.0030091255030129105,0.0017997796749114059,1.44824108474495e-05,0.007846508669899777,0.07024024799466133,0.009606266949091984,0.0055280886590480804,0.012356821820924468,0.0065373420948162675,0.37739701569080353,0.22381863184273243
835,0.001613449405649444,0.002906321460613981,0.0018486612680135295,1.3172790715998417e-05,0.007136962260119617,0.0694116223603487,0.009549435942715982,0.005461743101477623,0.012169887686709189,0.006396246841177344,0.3660648390650749,0.2177382307127118
836,0.001612668995579977,0.002746420432231389,0.0016379729131585918,1.325261490592311e-05,0.007180210202932358,0.06985931657254696,0.009580182896147132,0.005501021631062031,0.01228277015616713,0.0064347448060289025,0.3728872537612915,0.22137328516691923
837,0.0016118879033436466,0.0029005432734265924,0.0017370678106090054,1.3943344868039276e-05,0.007554445008281618,0.0694535430520773,0.009552319394951953,0.005482743494212627,0.012193259576996756,0.006405130494385958,0.36747221648693085,0.21846287976950407
838,0.001611106129797016,0.0027185350918443874,0.0017505032592453063,1.2164477084297687e-05,0.0065906620875466615,0.06969049759209156,0.009568600374488753,0.005484933499246836,0.01216498734071673,0.0063532047206535935,0.3657701164484024,0.21773030702024698
839,0.0016103236757973962,0.0027771190798375756,0.0018455468525644392,1.2003430640561419e-05,0.006503407872514799,0.07010146230459213,0.009596771621822974,0.00551110552623868,0.012250066536107936,0.006434594397433102,0.37090422958135605,0.2205028459429741
840,0.0016095405422028434,0.0025736079987837,0.001638939997064881,1.1650662884221674e-05,0.006312279641861096,0.06961149908602238,0.009563175383223365,0.005497331498190761,0.012162772500367111,0.006360519444569945,0.3656369149684906,0.2176242070272565
841,0.00160875672987216,0.002372330374782905,0.0015559287858195603,1.040601847535072e-05,0.005637936556013301,0.06967102363705635,0.009567263118767938,0.005501168547198176,0.012265404518017076,0.006449527572840452,0.3718336150050163,0.22075231932103634
842,0.0016079722396648917,0.002038490587437991,0.0013239358231658116,9.037925224220089e-06,0.004896709404420108,0.06926057301461697,0.009539039907457492,0.005469737574458122,0.012181434318303295,0.006385703454725444,0.3667598143219948,0.21801019366830587
843,0.0016071870724413291,0.00192348502605455,0.0012086330316378735,8.82785258227159e-06,0.004782892923685722,0.07008823938667774,0.0095958665170282,0.0055280751548707485,0.01226261685689129,0.00645279441960156,0.3716646134853363,0.22087642643600702
844,0.0016064012290625035,0.0018514130497351289,0.001183224332635291,8.350319632199898e-06,0.004524167685303837,0.06933298707008362,0.009544024929970231,0.005451316828839481,0.012208177393512133,0.006427091546356678,0.36837194859981537,0.2188524678349495
845,0.0016056147103901887,0.0017838585772551596,0.0011272685951553285,8.140001966694399e-06,0.0044102183455834165,0.06967620737850666,0.009567619123849647,0.005497479462064803,0.012200997470715576,0.006417836295440793,0.3679387792944908,0.21880749333649874
846,0.0016048275172868994,0.0016605819619144313,0.0011225062917219475,7.037494157202673e-06,0.0038128844171296805,0.06988612003624439,0.009582019997138227,0.005494645680300891,0.012236964658935307,0.006419151439331472,0.37011126428842545,0.21999869216233492
847,0.0016040396506158887,0.001691214507445693,0.0011033703121938743,7.461467021130375e-06,0.004042591157485731,0.06970531865954399,0.009569617544670374,0.0055153375724330544,0.012187992836151046,0.0064468024065718055,0.3671548515558243,0.21843008510768414
848,0.0016032511112411495,0.001723911496810615,0.0011207369097974151,7.634998183903008e-06,0.004136609597480856,0.07039790228009224,0.009617041423672935,0.005512062110938132,0.012219778944748221,0.006389704532921314,0.36907240003347397,0.2197351511567831
849,0.0016024619000274117,0.0015495494444621727,0.0009992427148972638,6.922860336544545e-06,0.0037507762463064864,0.06938142515718937,0.00954735851768145,0.0054823835380375385,0.01220932104569226,0.006404446787200868,0.36844099313020706,0.21891120914369822
850,0.001601672017840142,0.001404352493409533,0.0009466768096899614,5.9709864217438735e-06,0.0032350551045965403,0.07017044723033905,0.00960149242089262,0.005510078743100166,0.012205845507014602,0.006411849637515843,0.36823123693466187,0.21920084208250046
851,0.0016008814655455433,0.001462264044675976,0.0009641658907639794,6.3763078514966764e-06,0.00345465648570098,0.06951096281409264,0.009556267017708342,0.005492272670380771,0.012252033994249456,0.006420990685001016,0.37102336436510086,0.22026716358959675
852,0.001600090244010553,0.0013868148234905675,0.0008991034555947408,6.1603659560205415e-06,0.0033376601932104677,0.06984702683985233,0.00957934002610333,0.005514207645319402,0.012154411510809336,0.0063737352611497045,0.36513442546129227,0.2174907261505723
853,0.0015992983541028426,0.0014460777310887352,0.0009743534355948213,6.151718451974375e-06,0.003332974825752899,0.06939739547669888,0.009548457199407924,0.00548357458319515,0.012185036842035955,0.006409483030438423,0.3669767677783966,0.21818708162754774
854,0.0015985057966908167,0.0013264818844618276,0.0008677251425979193,5.835240784790585e-06,0.0031615087355021387,0.06958589144051075,0.009561416275911784,0.0054904528660699725,0.012193748280598347,0.006393408635631204,0.3675016909837723,0.2185437912121415
855,0.0015977125726436112,0.0014210010049282573,0.0008853070939949248,6.577712412081382e-06,0.0035637764813145623,0.07005945779383183,0.00959389622097721,0.005504014436155558,0.012232906068493164,0.006447191466577351,0.3698658049106598,0.2199626313522458
856,0.0015969186828310939,0.0014306988960015588,0.0009075742127606645,6.502814898112774e-06,0.0035231974470661953,0.06925893574953079,0.00953892701893734,0.005475864396430552,0.01223069832214035,0.0064201586646959186,0.3697322979569435,0.21949561685323715
857,0.001596124128123862,0.0012905145558761433,0.0008530377417628188,5.611748946421358e-06,0.0030404217541217804,0.06998726725578308,0.009588951731832959,0.00551321089733392,0.012158778756994351,0.006370707647874951,0.3653968572616577,0.2176920622587204
858,0.0015953289093932424,0.001301320648053661,0.0008606971059634816,5.654925985254522e-06,0.003063814641791396,0.06973293982446194,0.00957151321118479,0.0055002354783937335,0.012225434616696368,0.006413282593712211,0.3694141209125519,0.2195735303685069
859,0.0015945330275112899,0.0011887654036399908,0.0007542111598013435,5.4023720963414235e-06,0.002926982313510962,0.06969733163714409,0.00956906943434798,0.005477542639710009,0.01217342549077359,0.006397839402779937,0.36627770960330963,0.21798752062022686
860,0.0015937364833507866,0.0012222373115946539,0.0007899058982729912,5.447740790032185e-06,0.0029515627975342795,0.0699509046971798,0.009586460505092919,0.005491488031111658,0.012239900830291306,0.006424104329198599,0.3702889084815979,0.22011990658938885
861,0.0015929392777852406,0.001195516568259336,0.0007610028442286421,5.414533859493531e-06,0.002933571406174451,0.06963693350553513,0.009564922471385292,0.005492297932505608,0.012187228531729356,0.0063937612576410174,0.3671087995171547,0.2183728665113449
862,0.0015921414116888857,0.0012959436426172033,0.0008126565517159179,5.959979972658402e-06,0.003229091831599362,0.06973484344780445,0.009571643959179857,0.005489031900651753,0.012191025850736408,0.006451642024330795,0.3673376142978668,0.21853622887283564
863,0.00159134288593668,0.0015457809713552706,0.0009464176473557018,7.27808256328899e-06,0.0039432340854546055,0.07026921212673187,0.009608247203187498,0.005522252293303609,0.012152288744128553,0.006375408382155001,0.36500687897205353,0.2176380455493927
864,0.001590543701404305,0.001566964951052796,0.000982982532150345,7.203626978480315e-06,0.0039028945175232366,0.06953973136842251,0.009558244404416355,0.005508016678504646,0.012259526031965813,0.006465953309088945,0.37147726118564606,0.22050849627703428
865,0.0015897438589681644,0.0020623281016014516,0.0012639206397579983,9.700994894501491e-06,0.005255957672488876,0.07034683041274548,0.009613552250002242,0.005533231538720429,0.01225674890642183,0.006469008279964328,0.37130899727344513,0.2208279138430953
866,0.0015889433595053831,0.0020774489821633324,0.001346338314760942,9.232060619979165e-06,0.005001891462597996,0.07002822495996952,0.009591757405028873,0.005494415643624961,0.012298784094618917,0.00648710154928267,0.3738602176308632,0.22194422129541636
867,0.0015881422038938075,0.0019629021917353384,0.0012528468650998548,8.865191944096296e-06,0.004803123272722587,0.06972234696149826,0.009570786368002225,0.0055045365588739514,0.01227016706772477,0.006473454646766186,0.3721224516630173,0.22092239931225777
868,0.0015873403930120027,0.0019417273433646187,0.0012280085720703937,8.853155605947904e-06,0.004796602239366621,0.06942924112081528,0.009550647708150823,0.005477492813952267,0.012177940215774034,0.006393973832018673,0.36654945462942123,0.21798934787511826
869,0.0015865379277392527,0.0018502442180761136,0.0011803327688539866,8.360881111002527e-06,0.004529889964032918,0.0694785825908184,0.009554040861832765,0.005505548557266593,0.01216132682697645,0.00642277195584029,0.3655500039458275,0.21751429326832294
870,0.0015857348089555591,0.0022640912793576717,0.001386907468258869,1.0654986539293532e-05,0.0057728262327145785,0.06994663178920746,0.009586167723047987,0.005519700120203197,0.01226389366801938,0.006560800364241004,0.37174201011657715,0.2208443209528923
871,0.0015849310375416399,0.0034003219770966098,0.0019820216184598394,1.674712854082827e-05,0.009073523164261132,0.0691621731966734,0.00953226117671866,0.00547900702804327,0.012220412906700468,0.006532083614729345,0.36911071091890335,0.21913644205778837
872,0.0015841266143789294,0.0033714337914716452,0.0020077851731912233,1.6290323628709302e-05,0.00882602806086652,0.0698873046785593,0.009582101625240879,0.005505277076736093,0.012200685580275539,0.00642725545912981,0.3679199740290642,0.21890363935381174
873,0.0015833215403495756,0.002994131267769262,0.0019680345722008497,1.3101833417294984e-05,0.007098517759004608,0.06917920336127281,0.009533434961639463,0.005471305688843131,0.012150689277449231,0.006405157269909978,0.364910788834095,0.2170449960976839
874,0.0015825158163364414,0.0035339320602361113,0.0019418925148784183,1.8276426715146954e-05,0.009902090096147731,0.06950458884239197,0.009555829023402688,0.0054835587507113814,0.012420864156173272,0.006626353715546429,0.3813190534710884,0.2254118211567402
875,0.001581709443223102,0.003528681889292784,0.0020203577078063972,1.7648677044235228e-05,0.009561978338751942,0.06977297365665436,0.009574260159015404,0.005561947706155479,0.012146717617993876,0.006371643510647118,0.3646722659468651,0.21722261980175972
876,0.001580902421893844,0.003048489408683963,0.0020182327207294293,1.3232875573976344e-05,0.007169515796704218,0.06878470070660114,0.00950621324403675,0.0054975313832983375,0.012142300193222258,0.006400683196261525,0.36440709233283997,0.21659589651972055
877,0.0015800947532336657,0.0031390206277137622,0.002073277486488223,1.3661961872912798e-05,0.007401992887025699,0.06930606067180634,0.009542171840515697,0.005514650954864919,0.012190389912863637,0.0064390727784484625,0.36729928106069565,0.218302670866251
878,0.0015792864381282742,0.003226738699595444,0.0020385536263347603,1.4727835491612495e-05,0.007979478687047958,0.06913558579981327,0.009530429085021814,0.00551167968660593,0.012245442931264231,0.006512077176012099,0.3706243112683296,0.21987994853407145
879,0.0015784774774640867,0.002983987011248246,0.0018445254827383906,1.3920066351147398e-05,0.007541832863353193,0.06918531842529774,0.00953385643184302,0.005483409273438156,0.012216868460159229,0.006433418719097972,0.36889661848545074,0.21904096845537424
880,0.0015776678721282275,0.0024704529787413776,0.0016135121913976036,1.0886419431699323e-05,0.005898215749766678,0.068600844591856,0.009493500231116175,0.005474119680002332,0.01212144726878086,0.006368252565152943,0.3631565049290657,0.21587867476046085
881,0.0015768576230085285,0.002050448027148377,0.0013719665294047445,8.793671327111952e-06,0.004764373792568222,0.06905735656619072,0.009525035729241618,0.0055158017203211784,0.01214675295930074,0.006414333707652986,0.3646744042634964,0.21686588041484356
882,0.0015760467309935268,0.001935907916049473,0.0013379292940953746,7.987921947005816e-06,0.004327822214690968,0.06885723769664764,0.009511224269038738,0.00547794543672353,0.012177662837027545,0.006456366972997785,0.3665327653288841,0.21769500151276588
883,0.0015752351969724647,0.001835309958551079,0.001246334082679823,7.735781423434673e-06,0.004191213389276527,0.0687732920050621,0.009505424859963625,0.005461965571157634,0.012115483620303829,0.0063427319983020425,0.3627992644906044,0.21578627824783325
884,0.0015744230218352894,0.001817075019062031,0.0012514914851635695,7.5294219357147085e-06,0.004079408885445446,0.06873360648751259,0.009502681749756848,0.005463385721668601,0.012170158217901555,0.006387574481777847,0.3660811185836792,0.2174073625355959
885,0.00157361020647265,0.001728986666421406,0.0011545466586539987,7.432222474790251e-06,0.004026746595627628,0.0686826091259718,0.009499155836202554,0.005475395591929555,0.012129913757967466,0.006357217323966324,0.36366400122642517,0.21617330517619848
886,0.0015727967517758985,0.001705106558802072,0.0011510270887811203,7.237827759354332e-06,0.00392142434429843,0.06888497620820999,0.009513139889050908,0.005469765281304717,0.01207728726299986,0.006322007044218481,0.3605152890086174,0.2147001326084137
887,0.0015719826586370873,0.0015830835400265642,0.0010543191856413614,6.825710585189881e-06,0.003698140906635672,0.06867268867790699,0.009498469991496707,0.005469860741868615,0.012038155609659408,0.0063147362088784575,0.358182854950428,0.2134277718141675
888,0.0015711679279489699,0.0015560215470031835,0.0009590374975232407,7.279417786776321e-06,0.003943957737646997,0.06937209703028202,0.009546716720084076,0.005482826032675803,0.012170413199255055,0.00635717052500695,0.36609646677970886,0.21773428190499544
889,0.001570352560604998,0.0014113857905613258,0.0009303912775067147,6.156127625445151e-06,0.003335363755468279,0.06906028650701046,0.009525237581652675,0.005459460662677884,0.012101649251632924,0.006343021639622748,0.3619711920619011,0.21551573928445578
890,0.0015695365574993222,0.001352921019133646,0.0008978174519143067,5.857069112380486e-06,0.0031733351934235543,0.0687436368316412,0.009503375233798777,0.005454953061416745,0.012124390261211376,0.006325835827738047,0.3633328750729561,0.21603825595229864
891,0.0015687199195267894,0.001356807530100923,0.0009177404208458029,5.7458475737348635e-06,0.0031130758143262938,0.06961421854794025,0.009563362260443098,0.005509948590770364,0.012143120652956212,0.006347746239043772,0.3644563555717468,0.21703528705984354
892,0.0015679026475829442,0.0012353801866993308,0.0008355515492439736,5.232035505287058e-06,0.0028346945910016075,0.06902323290705681,0.009522681646235088,0.005466723581776023,0.012129561649189527,0.006360628874972463,0.3636428862810135,0.21633305959403515
893,0.0015670847425640246,0.001210304195410572,0.0008215729903895408,5.103821621332827e-06,0.00276522891363129,0.06921165622770786,0.00953567069699085,0.005476656369864941,0.012109994998612922,0.006363514345139265,0.3624706193804741,0.21584113780409098
894,0.001566266205366964,0.0011724763389793225,0.0007788125876686536,5.0704186094208126e-06,0.002747131249634549,0.0690168496221304,0.009522241534028164,0.0054738984908908606,0.012120944394842029,0.006376651464961469,0.36312638968229294,0.21607161965221167
895,0.0015654470368893889,0.0013184145500417799,0.0008554936466680374,5.8510938174549665e-06,0.0031700979598099366,0.06880073808133602,0.00950732117672387,0.005456314072944224,0.012187138531393553,0.006427540327422321,0.36710337549448013,0.21795205678790808
896,0.0015646272380296178,0.0013352409077924676,0.0008550083148293197,6.009960856090402e-06,0.0032561712141614407,0.06854070350527763,0.00948933778287517,0.005443102098070085,0.012192865138926829,0.0063971057534217834,0.36744847148656845,0.21799458749592304
897,0.0015638068096866609,0.0012022713344777003,0.0007857183918531518,5.2943992727705336e-06,0.0028684829449048266,0.06943199969828129,0.00955083740161555,0.005489520612172782,0.012089882285689519,0.006337080150842667,0.3612676188349724,0.21534980926662683
898,0.0015629857527602183,0.0012064643451594748,0.0007827884292055387,5.354726340556226e-06,0.002901167972595431,0.06855792365968227,0.009490529718024918,0.005449233576655388,0.012109750912007583,0.006343406275846064,0.3624560236930847,0.2155069736763835
899,0.0015621640681506798,0.0011578622725210153,0.0007707847180427052,4.994820329784488e-06,0.0027061723376391456,0.06941940262913704,0.009549971085060645,0.005479431711137295,0.01217206148147737,0.006407155422493815,0.3661956414580345,0.21780752204358578
900,0.001561341756759123,0.0013431310799205676,0.0007899545744294301,6.5630584060727415e-06,0.003555837072781287,0.06873741745948792,0.009502945425128391,0.0054291964042931795,0.012105465752351448,0.006334289908409119,0.362199530005455,0.21546847373247147
901,0.0015605188194873134,0.0014128649781923741,0.0008748477957851719,6.5798479909062735e-06,0.0035649337369250134,0.06895573623478413,0.009518024575567618,0.0054804576793685555,0.012110733987754866,0.006350993295200169,0.362514853477478,0.21573529485613108
902,0.0015596952572377025,0.0014839621289866045,0.0009459702014282811,6.710886282235151e-06,0.0036359296645969152,0.06884418614208698,0.009510322689785812,0.00545504386536777,0.012154497712776427,0.006353352451696992,0.36513957381248474,0.21699187997728586
903,0.0015588710709134276,0.0015388319370686077,0.0009333455818705261,7.310461967335868e-06,0.003960777219617739,0.06885011680424213,0.009510732274408224,0.005456033046357334,0.012080514757029695,0.00636721367482096,0.3607080206274986,0.21477906871587038
904,0.0015580462614183093,0.001551869536342565,0.0009334303686046042,7.430154312260129e-06,0.004025626054499298,0.06892944499850273,0.009516210100103086,0.005470149335451424,0.012123862453719686,0.006367027526721358,0.36330124735832214,0.21611534617841244
905,0.0015572208296568534,0.001338704038062133,0.0008280711517727468,6.240793737788408e-06,0.00338123545225244,0.06853459402918816,0.009488914910370615,0.005464076413773,0.012159837002345814,0.006365410517901182,0.36546045541763306,0.2169975247234106
906,0.0015563947765342462,0.0013849732495145872,0.0008433934781351127,6.554670022751452e-06,0.00355129232048057,0.06890352815389633,0.009514420514708261,0.005481847911141813,0.012224555252129541,0.006433583213947713,0.369361013174057,0.21913227066397667
907,0.0015555681029563568,0.0014853477405267768,0.0008901765795599204,7.135589697782052e-06,0.0038660323480144143,0.06924163922667503,0.00953773607807233,0.005491094780154526,0.012149315529015858,0.006413917406462133,0.36482830345630646,0.21703497134149075
908,0.0015547408098297336,0.001325884266407229,0.0008422381870332174,6.0178923035891785e-06,0.003260468423832208,0.06911476328969002,0.009528993795936158,0.0054876115173101425,0.012164664657997464,0.006365305744111538,0.3657507076859474,0.21743273548781872
909,0.0015539128980616049,0.0012301094102440402,0.000808639877504902,5.382078654747602e-06,0.0029159874538891017,0.06904769688844681,0.009524369318557636,0.005482350359670818,0.01207057139549558,0.006332069169729948,0.3601144626736641,0.21458107978105545
910,0.001553084368559878,0.0012287113931961358,0.0008062951710599009,5.386487572422993e-06,0.002918376136221923,0.06872290559113026,0.00950194207975671,0.005456688697449863,0.012065285472584982,0.0063169889617711306,0.3597991168498993,0.21426101122051477
911,0.001552255222233137,0.0011359953932696953,0.0007575530325993896,4.890707884896983e-06,0.0026497647195355967,0.06886797957122326,0.009511965798864921,0.005435692262835801,0.012072815656262996,0.006327804527245462,0.3602483794093132,0.21455817949026823
912,0.0015514254599906423,0.00106086466985289,0.000715423437213758,4.508395505808949e-06,0.002442629571305588,0.06841231696307659,0.009480446304213722,0.005441995803266764,0.012129124648186508,0.006355941295623779,0.3636166676878929,0.21601449232548475
913,0.00155059508274233,0.0010906735478783958,0.0007105989134288393,4.8191076587045245e-06,0.0026109720492968336,0.06865626387298107,0.009497334021085558,0.005427062511444092,0.012065859109252485,0.006318810279481113,0.35983334481716156,0.21424480434507132
914,0.0015497640913988107,0.0011225359194213524,0.0007212359851109795,5.034619704247234e-06,0.0027277355402475223,0.06836913898587227,0.009477453754388488,0.005434471531771123,0.012153703763557665,0.006414319737814367,0.3650919049978256,0.21673052199184895
915,0.001548932486871368,0.0012644365560845472,0.0007818499580025673,5.8966552956007945e-06,0.0031947828392731026,0.06950783543288708,0.009556052115579272,0.005470097414217889,0.012118080421884296,0.0063683511689305305,0.3629548102617264,0.21623132284730673
916,0.0015481002700719582,0.001416306295141112,0.0009071356762433425,6.373229524569979e-06,0.0034529885597294196,0.0688603762537241,0.009511440948980333,0.005464831599965692,0.012173250066941723,0.006383791798725724,0.3662671595811844,0.21756376791745424
917,0.0015472674419132093,0.0015492860839003697,0.0010034571969299577,6.889314761338028e-06,0.0037326013698475435,0.06922496668994427,0.009536587427775033,0.005490949493832886,0.012098463329063282,0.0063292266568169,0.361780621111393,0.21550279390066862
918,0.0015464340033084193,0.0019976417897851206,0.001106441759475274,1.0266676582659784e-05,0.005562441729125567,0.06807488948106766,0.009457037295080952,0.005457137245684862,0.012113025919097834,0.006393800489604473,0.36265209317207336,0.2153634913265705
919,0.0015455999551715566,0.00208377608214505,0.0011966936581302434,1.0395255884532162e-05,0.005632105458062142,0.06919558160007,0.009534563483057501,0.005465520080178976,0.012121693520835173,0.006375053082592785,0.36317128688097,0.21618343424052
920,0.001544765298417256,0.0022147659037727863,0.0013178134904592298,1.0709894695537514e-05,0.005802575353300199,0.06872760877013206,0.009502267319595071,0.005458519677631557,0.012134288771795376,0.006378435529768467,0.36392638087272644,0.21632699482142925
921,0.0015439300339608218,0.0026207745540887117,0.001465244342398364,1.3368312579586927e-05,0.007242895080707967,0.06910271011292934,0.009528162815634636,0.0054611219093203545,0.012241472741267172,0.006451549474149942,0.37038401514291763,0.2197433626279235
922,0.0015430941627182237,0.0027252788859186694,0.0015639928169548512,1.3603692423203029e-05,0.007370423001702875,0.06820325180888176,0.009465949224834465,0.005453297984786332,0.012198026136992007,0.006505549186840653,0.3677595779299736,0.21798141486942768
923,0.0015422576856060966,0.0036042969877598807,0.0021461540745804086,1.7417760716398334e-05,0.009436868451302871,0.06831720843911171,0.009473853939606229,0.005486871930770576,0.012205727328754912,0.006486675585620105,0.36822409927845,0.21827065385878086
924,0.0015414206035417408,0.0035981812834506854,0.002204094678745605,1.693355301313204e-05,0.009174527251161635,0.0691703911870718,0.009532827717957357,0.005540615529753268,0.01217638176413963,0.006409539375454187,0.36645564436912537,0.21781301777809858
925,0.0015405829174431195,0.00311347670503892,0.00200800957827596,1.3908091602843342e-05,0.007535344921052456,0.06833657249808311,0.009475196411462985,0.005453111021779478,0.012059522566705467,0.00631289929151535,0.3594554588198662,0.21389601565897465
926,0.0015397446282288578,0.003021238822839223,0.0019784372416324914,1.327519629512608e-05,0.007192444958491251,0.06840243935585022,0.009479761408481108,0.005446483846753836,0.012059686522453298,0.006320816348306835,0.35946526378393173,0.21393385156989098
927,0.0015389057368182426,0.002714496440603398,0.001813362912798766,1.1663122904792544e-05,0.006319030333543196,0.06808359362185001,0.009457641615644143,0.005459869164042175,0.011963096958687332,0.006250278325751424,0.3537301793694496,0.21090688649564981
928,0.0015380662441312211,0.002621606399770826,0.0018369678655290045,1.0631608688527194e-05,0.005760160187492147,0.06883962079882622,0.009510007384633902,0.0054480849066749215,0.012065854134334236,0.006308116251602769,0.3598330393433571,0.21433633007109165
929,0.0015372261510884005,0.0024161902692867443,0.00156979555322323,1.070840596639755e-05,0.005801768915262073,0.06881178170442581,0.009508084437668455,0.005476804682984948,0.012083333591026006,0.006343339919112623,0.36087633669376373,0.21484405919909477
930,0.0015363854586110455,0.0024689762358320877,0.0015075571645866148,1.1655042271740967e-05,0.006314652302535251,0.06795865297317505,0.009448959984207583,0.005427505238913,0.012070610576447488,0.00633558293338865,0.36011677235364914,0.2140377126634121
931,0.0015355441676210783,0.0026997326058335602,0.0016157742647919804,1.298564205853836e-05,0.007035565649857745,0.06979633122682571,0.009575862854109583,0.005568243679590523,0.01208766617383018,0.006355794030241668,0.36113518476486206,0.2154657579958439
932,0.0015347022790410778,0.002892733973567374,0.0017721277399687096,1.3612433690468606e-05,0.007375158660579473,0.06878606975078583,0.009506307864866349,0.005481176311150193,0.01207334810594034,0.006313460529781878,0.3602801412343979,0.21453310549259186
933,0.0015338597937942782,0.0034289602481294423,0.0017166124744107947,1.8970896860537323e-05,0.010278351313900203,0.06853866204619408,0.009489196412137963,0.005448376992717385,0.01205749940763497,0.006309808464720845,0.35933489352464676,0.21393677778542042
934,0.0015330167128045679,0.0028875946736661717,0.001704255679214839,1.4066095445741666e-05,0.007620950578711927,0.06821433454751968,0.009466718415391312,0.005446054041385651,0.01215062131229269,0.006389693473465741,0.3649067208170891,0.21656052768230438
935,0.0015321730369964879,0.0025029064272530377,0.001549620232253801,1.1657623645078274e-05,0.006316051061730832,0.06863774731755257,0.009496053102462978,0.005435917293652892,0.012073620950934017,0.006286518066190183,0.36029643565416336,0.21446709148585796
936,0.001531328767295233,0.002437242103042081,0.0015401935743284412,1.1121231807464937e-05,0.00602543618879281,0.06827863305807114,0.009471178603967515,0.005443274858407676,0.0120395715032461,0.0062938990304246545,0.3582671135663986,0.21327287331223488
937,0.001530483904626648,0.0020227521818014793,0.0012909242141176946,9.136402013609768e-06,0.004950063914293423,0.06772464327514172,0.00943267758752129,0.0054063559509813786,0.0120448395643384,0.006292235106229782,0.35858070850372314,0.21315267588943243
938,0.0015296384499172283,0.0017715117064653896,0.001083834569726605,8.346725167029945e-06,0.004522220129729249,0.06767143681645393,0.009428971551889294,0.00540035346057266,0.012042286936077923,0.006258223089389503,0.3584287315607071,0.2130500841885805
939,0.001528792404094119,0.0016113151286845095,0.0010825637582456693,6.877722142917264e-06,0.003726320544956252,0.06783043406903744,0.009440042035471136,0.005418554879724979,0.012026105237842425,0.0062961396761238575,0.35746608674526215,0.2126482604071498
940,0.001527945768085113,0.0014096710001467727,0.0009491953751421534,6.001474503136706e-06,0.003251573332818225,0.06831962056457996,0.009474021170998798,0.005428811185993254,0.012027345300601473,0.006291975500062108,0.3575398698449135,0.21292974520474672
941,0.0015270985428186504,0.0013056554598733783,0.0008439876364718657,5.818293374204586e-06,0.0031523266225121915,0.06773372553288937,0.009433310175097772,0.005409685312770307,0.012060889500314935,0.006323699373751879,0.3595369830727577,0.21363535430282354
942,0.0015262507292238177,0.001153232660726644,0.0007516252444474958,5.093547116530317e-06,0.002759662180324085,0.0684280376881361,0.009481535281524225,0.0054298056056723,0.012080160907231971,0.0063218026189133525,0.36068686842918396,0.21455745305866003
943,0.0015254023282303465,0.0010027099597209599,0.0006665291948593222,4.332689712782667e-06,0.0023474329063901678,0.06796003878116608,0.009449056237136051,0.005411815014667809,0.012023609146315643,0.0063087287126109,0.357317753136158,0.21263889595866203
944,0.0015245533407686122,0.0009646022190281656,0.000597402235143818,4.491364279601839e-06,0.002433402078168001,0.06788173504173756,0.009443611111584498,0.005404451745562255,0.011983746690842846,0.006255234708078206,0.354952409863472,0.21141707245260477
945,0.001523703767769634,0.0008807271551631857,0.0005492946984304581,4.072488408723984e-06,0.0022064569493522868,0.06821043230593204,0.009466447293901349,0.005414180923253298,0.011995184381016188,0.006260264897719026,0.3556302562355995,0.21192034427076578
946,0.0015228536101650726,0.0007369437371380627,0.0005013916361349402,3.0992344477454026e-06,0.0016791520829428919,0.06806551851332188,0.009456386482121925,0.005415088497102261,0.012037621603342997,0.0062910550041124225,0.35815105587244034,0.2131082871928811
947,0.00152200286888723,0.0006703175640723202,0.00047600789548596367,2.6717746095528128e-06,0.0014475561183644459,0.06815185956656933,0.00946238213450894,0.005424589617177844,0.012003418061264128,0.006267312448471785,0.35611867159605026,0.2121352655813098
948,0.0015211515448690486,0.0006822790310252458,0.0004555621326289838,2.9331101245588798e-06,0.00158914654457476,0.06825318932533264,0.00946941412421807,0.005434903665445745,0.012063879683608126,0.006306175026111305,0.3597152829170227,0.21398423612117767
949,0.0015202996390441096,0.0006960336577321868,0.0004675080726883607,2.971850378230556e-06,0.001610135950613767,0.0678081251680851,0.009438489414954771,0.0054060486145317554,0.012002053372416072,0.006277248146943748,0.3560377061367035,0.2119229156523943
950,0.0015194471523466316,0.000645648171484936,0.0004407004780659918,2.7047812096725465e-06,0.0014654388869530521,0.06812912784516811,0.009460803667473412,0.005428813048638403,0.012050998020338105,0.006321846623905003,0.3589474931359291,0.2135383104905486
951,0.0015185940857114716,0.0006049868279660586,0.0004241575388732599,2.451669203651363e-06,0.0013283039443194866,0.06806883029639721,0.009456615959632448,0.005428408388979733,0.01200566290587525,0.006270214216783643,0.35625188052654266,0.21216035541146994
952,0.0015177404400741213,0.0005912008382438216,0.00040935604738479014,2.4337215620562347e-06,0.0013185799689381383,0.06807686015963554,0.009457174049550104,0.005410066922195256,0.012027427119980191,0.006296238861978054,0.3575447052717209,0.21281078271567822
953,0.0015168862163707077,0.000574871948629152,0.00039215805190906394,2.409999481756131e-06,0.001305727484577801,0.06827964074909687,0.009471248511813943,0.005429825512692332,0.012016177555283815,0.006281119887717068,0.3568761870265007,0.2125779138877988
954,0.0015160314155379922,0.0006016222723701503,0.0004094079849892296,2.529512954652091e-06,0.001370479330944363,0.06794563680887222,0.009448054869961047,0.005406712763942778,0.012024428325646321,0.006293501937761903,0.3573664203286171,0.21265602856874466
955,0.0015151760385133687,0.0006239508584258147,0.00042052040771523025,2.653532234830891e-06,0.0014376725666807033,0.06855552271008492,0.0094903638317009,0.005417792359367013,0.012056269386667812,0.006322271190583706,0.3592615872621536,0.21390855498611927
956,0.0015143200862348626,0.0006994729119469412,0.0004403864859341411,3.2038244341947575e-06,0.0017358185650664382,0.06812363304197788,0.009460422492758623,0.005415036692284048,0.012025521234253708,0.006317729246802628,0.35743142664432526,0.21277752984315157
957,0.0015134635596411306,0.0006869357712275814,0.0004543881514109671,2.9847524274373427e-06,0.001617126152268611,0.06845767423510551,0.009483588476992788,0.005427597789093852,0.012042476351492542,0.006302656605839729,0.35844000428915024,0.21344883926212788
958,0.0015126064596714594,0.0007604317870573141,0.0004913569664495299,3.3900801383879298e-06,0.0018367310040048324,0.06849299371242523,0.009486034620463645,0.005415544845163822,0.012077796322234723,0.0063249917002394795,0.36054567992687225,0.21451933681964874
959,0.0015117487872657641,0.000802706435933942,0.0005290563130984083,3.501885757373202e-06,0.0018973068363266066,0.06826120801270008,0.009469970019308847,0.0054335149470716715,0.012021811445833749,0.006291210884228349,0.3572108969092369,0.2127360524609685
960,0.001510890543364588,0.0008256930268544238,0.0005428224267234327,3.6123861519854472e-06,0.0019571753437048756,0.06838279403746128,0.009478400200406164,0.005426514893770218,0.012073285581232983,0.006319467443972826,0.3602764159440994,0.21432960499078035
961,0.0015100317289090997,0.0007861816993681714,0.0005127672411617823,3.4696461312933025e-06,0.0018798395249177702,0.06847262941300869,0.009484624257475784,0.005422204849310219,0.012036641623505538,0.006285077310167253,0.3580927848815918,0.21328270714730024
962,0.0015091723448410958,0.0008005889394553378,0.0004986668864148669,3.7067050726591333e-06,0.0020082770570297725,0.06788638234138489,0.00944393431548952,0.005411202786490321,0.012030457069778882,0.006291949888691306,0.3577248677611351,0.21280562505126
963,0.0015083123921029954,0.0008065658985287882,0.0005310636479407549,3.522683257983772e-06,0.001908574857225176,0.06802479363977909,0.009453556988031171,0.005404152092523873,0.012029573129736832,0.00628726661670953,0.3576723113656044,0.21284855250269175
964,0.0015074518716378428,0.0008497280068695545,0.0005327601538738236,3.908482426595583e-06,0.002117599309713114,0.06833677366375923,0.009475210233566069,0.005417651729658246,0.012074124138671448,0.0063228633953258395,0.36032644659280777,0.2143316101282835
965,0.0015065907843893037,0.0010715345633798279,0.000622965075308457,5.289470294655985e-06,0.0028658124720095657,0.06811368092894554,0.009459731147801844,0.005413667531684041,0.012060101907259176,0.006379420985467732,0.3594900146126747,0.21380184777081013
966,0.0015057291313016659,0.0012571672414196655,0.0007273623523360584,6.23184418202527e-06,0.0033763866376830265,0.06831871159374714,0.00947395790757572,0.0054536411771550775,0.012067998435513714,0.006342534092254937,0.3599609509110451,0.2141398312523961
967,0.001504866913319838,0.001150286290794611,0.0007179407475632615,5.315044205644881e-06,0.002879668420064263,0.06822121515870094,0.009467195597254575,0.005426249234005809,0.01206031502397557,0.006299150991253555,0.35950273275375366,0.2138619739562273
968,0.0015040041313893473,0.0012823840588680468,0.0008431285241385922,5.609874023093653e-06,0.0030394059867830947,0.06834612600505352,0.009475858697906249,0.0054229386150836945,0.012021395494510553,0.0062729279743507504,0.3571862056851387,0.2127661658450961
969,0.0015031407864563406,0.0013678378381882794,0.0008791285799816251,6.132707454753472e-06,0.003322674849187024,0.06906609982252121,0.009525638313806335,0.005472654709592462,0.012050010524013536,0.006309975171461701,0.358888678252697,0.2139773890376091
970,0.0015022768794675807,0.0014654453261755407,0.0009585962106939405,6.446786727565268e-06,0.0034928415989270434,0.06803039647638798,0.009453946135772634,0.005420717876404524,0.012067800226115368,0.006304854992777109,0.35994912683963776,0.21398976165801287
971,0.0015014124113704478,0.0017049183516064659,0.0011447596261859871,7.282362389560149e-06,0.003945553136873059,0.06822224520146847,0.009467266879454378,0.005430194432847202,0.012008246192684736,0.006276008556596935,0.35640520602464676,0.2123137256130576
972,0.0015005473831129375,0.0017984055157285184,0.001147421669884352,8.125461960162284e-06,0.004402340709930286,0.06864571385085583,0.009496604182012893,0.005469237104989588,0.012089668486519567,0.006335644633509219,0.36125486344099045,0.21495028864592314
973,0.001499681795643659,0.0017991640415857546,0.0011879598605446517,7.833174379356933e-06,0.0042439805110916495,0.0686755795031786,0.009498669823204122,0.005492798401974142,0.012054252623002717,0.006316562183201313,0.35914140194654465,0.21390849072486162
974,0.0014988156499118352,0.0017247587093152106,0.0011328418877383228,7.5534476309258025e-06,0.004092425835551694,0.0687094870954752,0.00950101425231868,0.005455591948702931,0.012050306690838057,0.006290332181379199,0.3589063063263893,0.21380789671093225
975,0.001497948946867301,0.001759664824930951,0.001164471024821978,7.642067686219889e-06,0.004140439792536199,0.06798901781439781,0.009451070489726893,0.005428956355899572,0.012065332510310606,0.006330045405775309,0.35980192571878433,0.21389547176659107
976,0.001497081687460503,0.0021340280000003986,0.0012748104491038248,1.0282283994911268e-05,0.0055708978907205164,0.06783322803676128,0.009440236552707128,0.005408802186138928,0.011987430020481245,0.006254216888919473,0.3551706448197365,0.21150193642824888
977,0.0014962138726424968,0.0025069819093914703,0.0013520309585146606,1.315400794510424e-05,0.007126785523723811,0.06908338703215122,0.009526830480602521,0.005523948580957949,0.012038989814904248,0.0063203435856848955,0.3582324907183647,0.21365793887525797
978,0.0014953455033649477,0.003045808174647391,0.0017132633001892827,1.5459676831142133e-05,0.008375987235922366,0.06851240992546082,0.009487378915699075,0.005525308079086244,0.012045002813853642,0.0063305116491392255,0.35859043151140213,0.21355142071843147
979,0.00149447658058013,0.003289890752057545,0.0019111394140054472,1.625131903892907e-05,0.008804895827779546,0.06897984072566032,0.009519688138043927,0.005495391902513802,0.012045788223006322,0.006305002141743898,0.3586372062563896,0.21380852349102497
980,0.0014936071052409235,0.002995915914652869,0.0019527664917404763,1.3231025320692424e-05,0.007168513286160305,0.06801580265164375,0.009452932201638089,0.005433309939689934,0.012038657257851219,0.0063562128925696015,0.3582126870751381,0.21311424486339092
981,0.0014927370783008142,0.0028061960183549672,0.0017832403391366825,1.2731769174934016e-05,0.006898018531501293,0.0671808309853077,0.009394730060366223,0.005413978593423963,0.012014696377997154,0.006288665579631925,0.35678820312023163,0.21198451705276966
982,0.0014918665007138939,0.0030733324674656615,0.00175385190959787,1.5414027529914165e-05,0.008351254451554269,0.06807843036949635,0.009457283201662987,0.005448625539429486,0.011975848681603203,0.006294407765381038,0.3544847071170807,0.21128156874328852
983,0.0014909953734348574,0.0035338635207153857,0.001999799962504767,1.784827094297725e-05,0.009670117433415726,0.06753583997488022,0.009419519866911674,0.005400938796810806,0.011974296132268898,0.006247869110666215,0.35439277440309525,0.21096430718898773
984,0.0014901236974190024,0.0031990911229513586,0.0019347611305420287,1.5238972650877258e-05,0.008256410743342713,0.06843601539731026,0.00948208787624026,0.0054837692296132445,0.011988664069760778,0.006279855966567993,0.3552437797188759,0.21183989755809307
985,0.0014892514736222291,0.0028236474900040776,0.0017915518037625588,1.2831459002882184e-05,0.006952030031243339,0.06751663237810135,0.009418180371076876,0.0054236758733168244,0.011952846523027869,0.006243852432817221,0.3531242534518242,0.21032044291496277
986,0.0014883787030010372,0.0028117811016272753,0.0016550887376070023,1.372943637534263e-05,0.007438550121150911,0.06802194379270077,0.009453358992747523,0.005457516293972731,0.012052291364159386,0.006380707607604563,0.3590245395898819,0.21352324169129133
987,0.0014875053865125271,0.0028885154461022466,0.0015859274790273048,1.4948192131214455e-05,0.008098866877844557,0.06808175705373287,0.009457514388410046,0.005450974800623953,0.012008808467181888,0.006303140893578529,0.356438584625721,0.21226017083972692
988,0.0014866315251143973,0.003298534036730416,0.0019343624080647714,1.6159632536982826e-05,0.008755220304010436,0.06709085404872894,0.009388436817743373,0.005391395650804043,0.012019026461291014,0.006284530274569988,0.35704541206359863,0.2120681330561638
989,0.0014857571197649437,0.003516033131745644,0.002020346699282527,1.7532029119138315e-05,0.009498778788838536,0.0682348869740963,0.009468143837156193,0.005430972436442971,0.012153341867139268,0.0065424146596342325,0.3650701493024826,0.21665251813828945
990,0.0014848821714230594,0.003685763498651795,0.002164099110814277,1.803709409387011e-05,0.009772420977242291,0.06814724579453468,0.009462061867625965,0.005443059839308262,0.011974235368980646,0.006293496699072421,0.35438917577266693,0.2112682107836008
991,0.0014840066810482323,0.0035005916870431975,0.002088097724481486,1.6889330197500385e-05,0.009150567202595994,0.06762206181883812,0.009425531154540721,0.005445076851174235,0.012039735126356544,0.006306016934104264,0.3582768663764,0.21294946409761906
992,0.001483130649600545,0.003373546336661093,0.002147020277334377,1.52818669221233e-05,0.008279650210170075,0.06821978464722633,0.00946709645454254,0.005483333254233003,0.011986869171149904,0.006229220074601471,0.3551374077796936,0.21167859621345997
993,0.0014822540780406732,0.003694387836731039,0.0022071332787163556,1.7798968428905937e-05,0.009643405646784231,0.0675372127443552,0.009419616227563014,0.00545552943367511,0.012134247697781935,0.0064477939158678055,0.36392392218112946,0.21573056746274233
994,0.0014813769673298854,0.0030480027780868113,0.001950728168594651,1.3726761210364202e-05,0.007437100866809487,0.06683789193630219,0.009370720655466958,0.005396663211286068,0.011863926213956032,0.006213295622728765,0.34788983315229416,0.20736386254429817
995,0.001480499318430041,0.0028585284744622186,0.001864996855147183,1.2611126578576659e-05,0.006832654762547463,0.06712059676647186,0.009390517632757328,0.005386707838624716,0.011989118176419093,0.006266892421990633,0.35527070611715317,0.21119565144181252
996,0.0014796211323035897,0.0023932608601171523,0.0016591442108619958,9.83715216307246e-06,0.005329727224307135,0.0667937621474266,0.009367626741738019,0.005367666366510093,0.011882501540694004,0.006228797254152596,0.3489800840616226,0.2078869231045246
997,0.0014787424099135698,0.0020198037163936533,0.0013898610486648977,8.378755268267923e-06,0.004539574103546329,0.06728271394968033,0.009401850763835835,0.00541393447201699,0.011913270092187811,0.006233834195882082,0.35078971087932587,0.2090362124145031
998,0.0014778631522236086,0.00153396694076946,0.00103145241519087,6.541256425407482e-06,0.0035440250212559476,0.06729084067046642,0.009402419455871128,0.005393891711719334,0.011932361918636898,0.006228828453458846,0.3519149571657181,0.20960289891809225
999,0.0014769833601979197,0.001320733324973844,0.0008881221983756404,5.631601567301914e-06,0.003051177744055167,0.06735706143081188,0.00940704432717201,0.005388486897572875,0.011953594618644012,0.006232727435417473,0.35316847264766693,0.2102627670392394
1000,0.0014761030348013032,0.0010978173013427295,0.0007479230444005225,4.609475297456811e-06,0.002497394132660702,0.06758562475442886,0.009422991221640071,0.005402926122769713,0.011964857112544379,0.006247143144719303,0.35383427143096924,0.21070994809269905
1001,0.0014752221769991434,0.0009660849646024872,0.0006710135057801381,3.961586557466035e-06,0.002146370738046244,0.06753578409552574,0.009419516294403647,0.00540454126894474,0.011951068314534788,0.006229390623047948,0.35301920771598816,0.21027749590575695
1002,0.0014743407877574094,0.0008154695460689254,0.0005734774931624997,3.291716026865288e-06,0.0017834377358667552,0.06707334890961647,0.009387211960839612,0.005381205817684531,0.011973739832854158,0.00623987743165344,0.35435986518859863,0.21071660704910755
1003,0.0014734588680426525,0.0006886985902383458,0.00047225213529600296,2.869133481908648e-06,0.0015544843263342045,0.06721586361527443,0.009397179299982877,0.005382241099141538,0.011914516860718915,0.006220314768142998,0.35086314380168915,0.2090395037084818
1004,0.0014725764188220053,0.0005980862042633817,0.00041427080395806115,2.46097857825589e-06,0.0013333477691048756,0.06726575084030628,0.009400665870204399,0.0053784039337188005,0.011952955027186745,0.0062330871587619185,0.35313066095113754,0.2101982058957219
1005,0.001471693441063182,0.0005628807266475633,0.0003811400911217788,2.380681685565378e-06,0.0012898431814392097,0.06689901277422905,0.009375004357812534,0.005360247218050063,0.011915169049149878,0.006214843597263098,0.3509015813469887,0.20890029706060886
1006,0.0014708099357344756,0.0005261508649709867,0.00037158458508201875,2.1122644611182295e-06,0.0011444159172242507,0.06742396764457226,0.009411715243106116,0.005378976697102189,0.011939158272684767,0.006238846923224628,0.3523159474134445,0.2098699575290084
1007,0.0014699259038047586,0.0004958374174748315,0.00033772671849874314,2.082482517096196e-06,0.001128280160628492,0.06749993562698364,0.009417015978902191,0.005381799302995205,0.011956704131145657,0.006241743452847004,0.35335222631692886,0.21042608097195625
1008,0.00146904134624348,0.0004385117281344719,0.0003024263078259537,1.8140661026677662e-06,0.000982853351160884,0.06721265986561775,0.009396955533178056,0.005382371717132628,0.011931258799585563,0.006238084053620696,0.35184989869594574,0.20953127928078175
1009,0.0014681562640206655,0.00041519747719576117,0.00027821243565995246,1.7776765446342324e-06,0.0009631376087781973,0.06746496446430683,0.0094145760538946,0.005382118979468942,0.01194439782723363,0.006247304379940033,0.3526252582669258,0.21004511136561632
1010,0.001467270658106917,0.00043127689423272386,0.00030147992220008746,1.754286017785489e-06,0.0009504647496214602,0.06747158616781235,0.009415038490459845,0.005389013793319464,0.01195970119928553,0.0062439379980787635,0.3535294085741043,0.21050049737095833
1011,0.0014663845294734094,0.0003954152634833008,0.00027650972060655477,1.607686122895302e-06,0.000871037434990285,0.06747044622898102,0.009414958698347702,0.005371913663111627,0.01195585657741934,0.00623572466429323,0.35330214351415634,0.21038629487156868
1012,0.0014654978790918911,0.0004086863755219383,0.0002572121820776374,1.872630313926038e-06,0.0010145831365662161,0.06760477647185326,0.009424326076995972,0.005394389037974179,0.01196375516521506,0.006251028389669955,0.35376912355422974,0.2106869500130415
1013,0.0014646107079346836,0.00044280809379415587,0.0002896338282880606,1.9481605662008405e-06,0.0010555051048868336,0.06733803451061249,0.009405715431747697,0.005374081782065332,0.011949721089140776,0.006231083418242633,0.3529396280646324,0.21013883128762245
1014,0.0014637230169746783,0.000440846071796841,0.0002875855952879647,1.945175746698169e-06,0.0010538879396335687,0.06772216409444809,0.009432504994914877,0.005398156121373177,0.011920823363790167,0.006209559738636017,0.35123468190431595,0.20947842299938202
1015,0.0014628348071853375,0.00041677296576381195,0.00028505565751402173,1.7416935946812373e-06,0.0009436421787540894,0.06768727488815784,0.009430074864290568,0.005401948932558298,0.011964207480655003,0.006241176859475672,0.3537958934903145,0.21074158418923616
1016,0.0014619460795406922,0.0004122104983252939,0.00029228989569674013,1.6461791219057886e-06,0.0008918928906496149,0.0676537249237299,0.009427737394301383,0.005388792138546705,0.011951511673882196,0.006242001196369529,0.35304541885852814,0.21034957189112902
1017,0.0014610568350153412,0.0004255792791809654,0.0003014470730704488,1.7019478022461954e-06,0.000922108087252127,0.06764191202819347,0.009426914468493728,0.005384699790738523,0.011950121573879374,0.006245875614695251,0.35296328365802765,0.21030259784311056
1018,0.0014601670745844498,0.0004174935493210796,0.00028397982350725215,1.7562862879572094e-06,0.0009515484161966015,0.06765088811516762,0.009427540014425237,0.005400496767833829,0.011951207883943927,0.006239284062758088,0.35302747786045074,0.21033918298780918
1019,0.00145927679922375,0.0004375545358925592,0.00031240824137057643,1.731537487614787e-06,0.0009381396776007023,0.06778141483664513,0.009436629961785714,0.005397108383476734,0.011956333381325679,0.006250233622267842,0.3533303216099739,0.21055586822330952
1020,0.0014583860099095373,0.0004723665551864542,0.00031336939173343126,2.0457066440826566e-06,0.001108355132600991,0.06740908324718475,0.009410676366830809,0.005394629668444395,0.011958902379043693,0.006262175622396171,0.3534821644425392,0.21044562384486198
1021,0.001457494707618672,0.0004936675904900767,0.0003333943423058372,2.0944432961300663e-06,0.0011347604959155433,0.06739793345332146,0.009409897859253434,0.005385639378800988,0.011944089896768005,0.006244930322282016,0.3526070713996887,0.2100025024265051
1022,0.0014566028933285756,0.0004919726634398103,0.00032254550751531497,2.158897082438216e-06,0.0011696812434820458,0.06763895973563194,0.00942670838813477,0.005386795150116086,0.011978123294291598,0.006246410310268402,0.3546193614602089,0.21112916059792042
1023,0.0014557105680172322,0.0005370411963667721,0.000344778325597872,2.410673261010743e-06,0.0013060926139587536,0.06757978163659573,0.009422583903994853,0.005385870696045458,0.01196072991354804,0.00623757136054337,0.3535902351140976,0.21058500837534666
1024,0.0014548177326631862,0.0006052131466276478,0.0003619994495238643,2.9126620262331926e-06,0.0015780678804730996,0.06733459234237671,0.009405475235911172,0.0053823820780962706,0.011909724348594082,0.006225453573279083,0.35058094561100006,0.20895776897668839
1025,0.0014539243882455406,0.0006629096169490367,0.0003925275304936804,3.219733500259281e-06,0.0017444379409425892,0.06783672608435154,0.009440479717700914,0.005410179146565497,0.01198183491979381,0.006262636044993997,0.35483917593955994,0.21133795101195574
1026,0.0014530305357439571,0.0006205621648405213,0.0003966978820244549,2.798137927584321e-06,0.0015160192342591472,0.06785484030842781,0.009441739951920911,0.005402367329224944,0.01194190202172634,0.00622566556558013,0.35247789323329926,0.21016636677086353
1027,0.0014521361761386552,0.000603598262387095,0.0003926065328414552,2.67179120783112e-06,0.0014475651332759298,0.06744409911334515,0.009413120201253332,0.005381980910897255,0.011976174173467951,0.00625581992790103,0.35450394451618195,0.21097402181476355
1028,0.0014512413104104094,0.0006366815759974997,0.00041561210855434183,2.807255995662672e-06,0.001520959376648534,0.06733346730470657,0.009405396523058655,0.005382120260037482,0.011952873458934813,0.006234435713849962,0.3531258627772331,0.21022966504096985
1029,0.0014503459395405493,0.0006141124649730045,0.00040547113530919887,2.673844818446014e-06,0.0014486777072306722,0.06741110235452652,0.009410817274167971,0.005394727690145373,0.011938100578037458,0.006230601924471557,0.3522535413503647,0.2098323218524456
1030,0.0014494500645109596,0.0006283453149080742,0.0004028264283988392,2.8247191323771403e-06,0.001530420828203205,0.06752100586891174,0.009418485617531214,0.005417831358499825,0.011953408816515548,0.006244867108762264,0.35315750539302826,0.21033925563097
1031,0.0014485536863040767,0.0006780055773560889,0.0004251630871294765,3.1181038906424874e-06,0.0016893754873308353,0.0674940962344408,0.009416608595964633,0.005378644331358373,0.01195950393275904,0.006237667053937912,0.3535177409648895,0.21050591859966516
1032,0.001447656805902889,0.0008502537602907978,0.0005636911446345039,3.6849755673529216e-06,0.001996504179260228,0.06771139241755009,0.009431754710685872,0.005397880100645125,0.012004079208961311,0.006277723819948733,0.35615791380405426,0.21193465311080217
1033,0.0014467594242909363,0.0009000339050544426,0.0006026314258633647,3.856884745800926e-06,0.0020896437781630084,0.06746144965291023,0.009414330770717056,0.0053818513406440616,0.011968398073255879,0.006265797419473529,0.35404375195503235,0.2107526008039713
1034,0.0014458615424523074,0.000952132344536949,0.0006365450371959014,4.087299402044664e-06,0.00221448147931369,0.06776230596005917,0.009435299642508664,0.005407397053204477,0.011980170638246645,0.006270016077905893,0.35474061965942383,0.2112514628097415
1035,0.0014449631613716394,0.0009949023406079505,0.0006522615258290898,4.365972927189432e-06,0.0023654654796700925,0.06727517396211624,0.009401324506849296,0.005377381108701229,0.011999298516559422,0.006291294004768133,0.35587428510189056,0.2115747295320034
1036,0.001444064282034118,0.001117032781621674,0.0007270438545674551,4.940955179222328e-06,0.002676988486200571,0.0674393530935049,0.009412789175666639,0.005394757492467761,0.011924017239128481,0.006195518770255148,0.35142292082309723,0.20943113695830107
1037,0.001443164905425474,0.0013178247099858709,0.0007565306223114021,6.576280611625407e-06,0.0035630009224405512,0.06785223446786404,0.009441558759051994,0.005434551392681897,0.01209381726054537,0.006374200223945081,0.36150283366441727,0.21467753406614065
1038,0.0014422650325319846,0.001436996528354939,0.0008266514232673217,7.158374586424543e-06,0.003878376810462214,0.06810514256358147,0.009459138210272685,0.00542898231651634,0.01201166290686001,0.006312457961030304,0.3566080629825592,0.21235660277307034
1039,0.0014413646643404708,0.0013997797650517896,0.0008369134120584931,6.739153917578733e-06,0.0036512450460577384,0.06781843304634094,0.009439206885714079,0.0053988355211913586,0.011958975844747774,0.00626277073752135,0.3534865230321884,0.21065247803926468
1040,0.0014404638018382962,0.0014951421690057032,0.0009921409291564487,6.473190325095857e-06,0.0035071470047114417,0.06782007403671741,0.00943932106317797,0.005436220788396895,0.011987179948047034,0.006262099603191018,0.3551558256149292,0.2114879498258233
1041,0.001439562446013367,0.0016107627598103136,0.0010625996728776954,7.020016425940412e-06,0.0038034150493331254,0.06832646206021309,0.009474495393222107,0.005468002054840326,0.011999188157576893,0.00629179528914392,0.35586773604154587,0.21209709905087948
1042,0.0014386605978541312,0.0017418626375729218,0.001204883614263963,7.179418815894678e-06,0.003889778585289605,0.06799007020890713,0.00945114381816889,0.005412696045823395,0.012042794907062117,0.006298728520050645,0.3584589958190918,0.21322453301399946
1043,0.0014377582583495752,0.0018309412553207949,0.0012067197167198174,7.987931354591638e-06,0.004327827235101722,0.06697853282094002,0.009380574725697038,0.005385956726968288,0.011989483816122684,0.006328865420073271,0.3552923649549484,0.21113544888794422
1044,0.0014368554284892251,0.0019545270915841684,0.0012091851167497225,9.110250402954989e-06,0.004935894889058545,0.06774920597672462,0.009434388012008769,0.005397302913479507,0.012003328198131104,0.00627026183065027,0.35611334443092346,0.21193127520382404
1045,0.0014359521092631442,0.0018230063069495372,0.0011757900938391685,8.143052298237308e-06,0.004411871050251648,0.06708918139338493,0.009388319793315513,0.00539268646389246,0.012036408290409056,0.006317493738606572,0.35807887464761734,0.21258402802050114
1046,0.0014350483016619335,0.0022793078533140942,0.0013002325576962903,1.1435321766839479e-05,0.00619560870109126,0.06738113053143024,0.009408724805529223,0.005387055687606335,0.01190560981639856,0.0062380366725847125,0.35033876448869705,0.20885994751006365
1047,0.0014341440066767282,0.002387874817941338,0.0014375632235896774,1.1423347643813031e-05,0.006189120962517336,0.06614568457007408,0.009322070587133682,0.0053546513663604856,0.011968194566696028,0.006270885933190584,0.3540317192673683,0.2100887019187212
1048,0.001433239225299199,0.0026441734371474013,0.0016481076600030065,1.2234197583893547e-05,0.006628436269238591,0.06764256954193115,0.009426960295676601,0.005424602888524532,0.01199157851946257,0.00626790733076632,0.3554164990782738,0.21152953431010246
1049,0.0014323339585215493,0.0026059507945319638,0.001735061319777742,1.1239491755077324e-05,0.006089508737204596,0.06764589436352253,0.009427191840141558,0.005416998872533441,0.011957556492653997,0.006213284330442548,0.35340260714292526,0.2105242507532239
1050,0.0014314282073365151,0.002487413148628548,0.0015745448326924816,1.1330627955885575e-05,0.006138886121334508,0.06752611882984638,0.0094188422247912,0.005427935044281185,0.011932651859206618,0.006262267241254449,0.3519320636987686,0.2097290912643075
1051,0.0014305219727373643,0.002262340785819106,0.0014093994832364842,1.0472776637016068e-05,0.005674105690559372,0.06729072891175747,0.009402410943639743,0.00539720815140754,0.011978519033086782,0.006254274630919099,0.3546428009867668,0.21096676494926214
1052,0.0014296152557178932,0.002085484331473708,0.0012988056114409119,9.657143039021321e-06,0.005232199240708724,0.06774139776825905,0.009433844288565441,0.005416432279162109,0.011976263632817966,0.006282838876359165,0.35450924932956696,0.211125323548913
1053,0.0014287080572724293,0.00190595121239312,0.0012452686132746749,8.395564748298057e-06,0.004548681405140087,0.06734141893684864,0.009405951753709936,0.005404772702604532,0.01192677224953369,0.006190506275743246,0.35158533602952957,0.2094633774831891
1054,0.001427800378395826,0.0018683178932406008,0.0012142472696723416,8.277289481384287e-06,0.004484600271098316,0.0674439836293459,0.009413112181798489,0.005419667810201645,0.011931683381386957,0.006216676556505263,0.3518749251961708,0.20965945441275835
1055,0.001426892220083465,0.0018377133965259418,0.001152132506831549,8.453438226752041e-06,0.0045800367661286145,0.06711651012301445,0.00939023152624195,0.005434158374555409,0.011943581687533946,0.006261026603169739,0.3525770455598831,0.20984677784144878
1056,0.001425983583331253,0.0016720149942557327,0.0011462007169029675,6.96807217082096e-06,0.0037752720527350903,0.0669014435261488,0.009375174710606551,0.005371774663217366,0.011945766818613998,0.0062374877743422985,0.35270607471466064,0.20980375912040472
1057,0.0014250744691356218,0.0015234435923048295,0.0010281952090736013,6.4681883884532e-06,0.003504437001538463,0.06733104959130287,0.009405227684669056,0.005381168331950903,0.012003397300363981,0.006257222383283079,0.35611745715141296,0.21172425337135792
1058,0.0014241648784935265,0.0015909907597233541,0.001004076584649738,7.269616219218733e-06,0.003938647292670794,0.06702746823430061,0.009384000493920883,0.005359660368412733,0.011979284961596216,0.006269308039918542,0.3546881303191185,0.21085779927670956
1059,0.0014232548124024445,0.0014484736020676792,0.000896311474207323,6.750001062982847e-06,0.003657121953438036,0.06740995869040489,0.0094107377361979,0.005389896337874234,0.01194155366101831,0.006206482765264809,0.35245734453201294,0.20993365161120892
1060,0.0014223442718603752,0.001247030551894568,0.0008702346640347969,5.083491430468712e-06,0.002754214045125991,0.06660356186330318,0.009354279808792975,0.005357329151593149,0.011882561701513127,0.006195128778927028,0.34898364543914795,0.20779360365122557
1061,0.001421433257865838,0.0011587703120312653,0.0007707334625592921,5.003578451123758e-06,0.0027109175716759637,0.06715724244713783,0.009393080483296795,0.00539284513797611,0.011905619594585129,0.006216954323463142,0.3503393307328224,0.20874828658998013
1062,0.0014205217714178715,0.0010576069907983765,0.0006861862530058715,4.694185463449685e-06,0.0025432897673454136,0.06696473248302937,0.009379608130355026,0.005363635718822479,0.011913456367635768,0.0062067360850051045,0.35080070048570633,0.20888271648436785
1063,0.0014196098135160317,0.0009818104081205092,0.0006328506096906494,4.388461221083162e-06,0.0023776495654601604,0.06647992320358753,0.009345593443246111,0.005361358169466257,0.011872633952755304,0.006185824749991298,0.3484007194638252,0.20744032133370638
1064,0.001418697385160393,0.000952588230575202,0.000604175693297293,4.330484813408475e-06,0.0023462382523575798,0.06753864511847496,0.009419715773453227,0.0053994497284293175,0.011967480214560582,0.006258079782128334,0.35398947447538376,0.21076405979692936
1065,0.0014177844873515446,0.0009609677617845591,0.0006149698783701751,4.328123935692929e-06,0.002344959255424328,0.06668254174292088,0.009359824128463078,0.005346007994376123,0.011866941348863699,0.006183171994052827,0.34806669503450394,0.2073746183887124
1066,0.001416871121090591,0.0009961814248526935,0.0005941321869613603,4.806937624834973e-06,0.002604378285468556,0.06741918995976448,0.009411381655521946,0.0053872542921453714,0.011895891676112052,0.006216605543158948,0.3497670441865921,0.2085931170731783
1067,0.00141595728737915,0.0010124564687430393,0.0006599168700631708,4.471453976861994e-06,0.002422614808892831,0.06718773767352104,0.009395212931397225,0.005371302366256714,0.011891647846109219,0.0062175411731004715,0.3495175316929817,0.20835263468325138
1068,0.0014150429872193527,0.000986707309493795,0.0006263223367568571,4.481849458670695e-06,0.0024282470694743097,0.06718705967068672,0.009395165400486384,0.005409528152085841,0.011930426209504102,0.006256812252104282,0.3518008068203926,0.20949393324553967
1069,0.0014141282216138414,0.0009408477490069345,0.0005977457039989531,4.269608666618296e-06,0.0023132558562792838,0.06753849424421787,0.009419705056147976,0.005400097696110606,0.01190750419011195,0.0062344883335754275,0.3504502400755882,0.20899436715990305
1070,0.0014132129915657684,0.0008920442523958627,0.0005595159564109053,4.101466885231275e-06,0.002222157367214095,0.067699259147048,0.009430909761915404,0.005402594222687185,0.011900414171736352,0.006222277646884322,0.35003305971622467,0.20886615943163633
1071,0.0014122972980787957,0.0009945220190274995,0.0006108146408223547,4.668459439471917e-06,0.002529351448174566,0.06679906696081161,0.009367998876969886,0.0053675820818170905,0.011986733507224161,0.006290162913501263,0.3551293611526489,0.21096421405673027
1072,0.0014113811421570936,0.0009593174581823405,0.0006300129316514358,4.201833419870127e-06,0.0022765354806324467,0.06714821234345436,0.009392449059525987,0.005380704649724066,0.011920765684917074,0.006235034903511405,0.35123127698898315,0.20918974466621876
1073,0.0014104645248053393,0.0008972139003162738,0.0005904424524487695,3.920849522387471e-06,0.0021242996081127785,0.06701617315411568,0.009383209983386926,0.005370198516175151,0.011898546339608866,0.006234643398784101,0.34992316365242004,0.20846966840326786
1074,0.001409547447028716,0.0009076368223759346,0.0005581665536738001,4.255326714996954e-06,0.0023055178389768116,0.06722329184412956,0.009397698627492058,0.005393556552007794,0.011906790016062705,0.006206238525919616,0.3504082038998604,0.20881574787199497
1075,0.0014086299098329126,0.0008683804881002288,0.0005613461034954526,3.8695725805837355e-06,0.0020965179792256095,0.06681671924889088,0.009369236632394565,0.005354272085241973,0.011889276214741909,0.006176436203531921,0.34937813878059387,0.20809742901474237
1076,0.0014077119142241205,0.0008643701658002101,0.0005544250561797526,3.883660099290864e-06,0.002104150553350337,0.067245127633214,0.00939922469973242,0.005391361424699426,0.011922650022246063,0.006211353349499404,0.3513423353433609,0.20929373148828745
1077,0.0014067934612090344,0.0008315977029269561,0.0005270589736028342,3.7832568438034286e-06,0.0020497525183600374,0.0668554063886404,0.009371948638128473,0.005376059096306562,0.011898138615192759,0.006204262259416282,0.34989918768405914,0.20837729703634977
1078,0.001405874551794851,0.0007461725654138718,0.0005045177986175986,3.1613234483529595e-06,0.0017127915925811976,0.0671274159103632,0.009390994522144572,0.005381728173233569,0.011913980518903243,0.006209278362803161,0.3508315607905388,0.208979488350451
1079,0.001404955186989267,0.0008271994411188643,0.000536636849574279,3.671955312256614e-06,0.0019894497308996506,0.06742848455905914,0.00941203074887235,0.005401556263677776,0.011954839920527264,0.0062371238600462675,0.35324204713106155,0.21033526584506035
1080,0.0014040353678004783,0.0008878302433004137,0.0005761540378443897,3.939741006320219e-06,0.002134534988726955,0.06699640490114689,0.009381826041907708,0.00537633802741766,0.011889195280574659,0.006198670249432325,0.34937337040901184,0.20818488765507936
1081,0.00140311509523718,0.0009374583823955618,0.0006023282730893698,4.2044973440624744e-06,0.0022779787686886266,0.06717821210622787,0.009394546992707347,0.00538020464591682,0.011913172220068055,0.006214089575223625,0.35078394412994385,0.20898107811808586
1082,0.0014021943703085636,0.0008783485791354906,0.0005581349832937121,3.985271035844562e-06,0.002159202871553134,0.06719899922609329,0.009396000302580991,0.005396223859861493,0.011933623459366546,0.0062394378473982215,0.35198936611413956,0.20959418267011642
1083,0.0014012731940243163,0.000856348364322912,0.0005571793371927924,3.789295732303799e-06,0.0020530244291876443,0.06712641566991806,0.009390924694809845,0.005374736967496574,0.011934285577690922,0.006199814495630562,0.35202842950820923,0.20957742258906364
1084,0.001400351567394622,0.0007673801301280037,0.0004791124647454126,3.5446029187369277e-06,0.0019204507407266647,0.0666607990860939,0.009358298336937894,0.005358662107028067,0.011882380605810343,0.006221620016731322,0.34897296875715256,0.20781688392162323
1085,0.0013994294914301563,0.0007707119075348601,0.00046032720092625823,3.714039252145085e-06,0.0020122506975894794,0.06740630976855755,0.0094104827849294,0.0053876524325460196,0.01193292014704396,0.006240402930416167,0.3519478961825371,0.2096771029755473
1086,0.0013985069671420887,0.0008389865688513964,0.0005256992080830969,3.861484486833433e-06,0.002092135895509273,0.06694023683667183,0.0093778922728146,0.005378352594561875,0.01191218093325423,0.0062077807961031795,0.35072559118270874,0.20883291400969028
1087,0.0013975839955420806,0.0007916601243778132,0.0005137768639542628,3.512750012646393e-06,0.0019031931369681843,0.0676394198089838,0.009426740516127609,0.005390088655985892,0.011920791777775185,0.006223222706466913,0.3512328416109085,0.20943613070994616
1088,0.0013966605776422835,0.0008647758186270948,0.0005656596567860106,3.804460448009195e-06,0.002061240425973665,0.06711452454328537,0.009390092925130813,0.005380499875172973,0.011883542142161401,0.006201521144248545,0.3490412309765816,0.20807787775993347
1089,0.001395736714455338,0.0008867705146258231,0.0005904855133849196,3.824154035214633e-06,0.002071910465019755,0.067162049934268,0.009393417044550819,0.0053844781359657645,0.01189017073773597,0.0061918169958516955,0.34943071752786636,0.20829638373106718
1090,0.0013948124069943738,0.0009396489767823368,0.0006558828608831391,3.829327482662848e-06,0.002074713302135933,0.06746689975261688,0.009414711106653872,0.005386417731642723,0.011902782361300206,0.006229850230738521,0.35017236322164536,0.20881963148713112
1091,0.0013938876562730068,0.000952916238020407,0.0006712188660458196,3.838541601908219e-06,0.002079705569485668,0.06725024618208408,0.009399582521520535,0.005401892238296568,0.01192347384945018,0.0062075076857581735,0.35139089822769165,0.20932057220488787
1092,0.0013929624633053398,0.0010756115843832958,0.0007030257074802648,4.736019221240895e-06,0.00256595503014978,0.06710634008049965,0.00938952048377428,0.00539923005271703,0.011973170442297619,0.006241914932616055,0.35432617366313934,0.2107162568718195
1093,0.0013920368291059607,0.0012306651624385267,0.000812752463389188,5.356845122150844e-06,0.0029023159440839663,0.06736240535974503,0.009407417416777432,0.005400874651968479,0.011910168177901945,0.006219035014510155,0.3506070747971535,0.20898474007844925
1094,0.0013911107546899404,0.0012525143974926323,0.0008621812849014532,5.193556290805645e-06,0.0028138467168901116,0.06681442260742188,0.00936907539367706,0.005392036982811987,0.011891277821375619,0.006197697948664427,0.3494957759976387,0.2081550993025303
1095,0.0013901842410728332,0.0013778552965959534,0.000919052072276827,5.930404924470167e-06,0.0032130680920090526,0.06764550134539604,0.009427164730437736,0.005426510702818632,0.011952484328100938,0.006248432211577892,0.353102870285511,0.21037418581545353
1096,0.0013892572892706748,0.0015403174329549074,0.0010878956018132158,6.183150304650553e-06,0.0033500046556582674,0.06720875762403011,0.009396682785982853,0.005361440009437501,0.011986099326293588,0.006259760120883584,0.35509179532527924,0.21115027647465467
1097,0.0013883299002999817,0.0018347591903875582,0.0009741642279550433,9.7400895242572e-06,0.005277139047393575,0.06680481135845184,0.009368401383852858,0.00536585645750165,0.011905949298112901,0.006271497695706785,0.3503587171435356,0.20858176425099373
1098,0.0013874020751777495,0.0020440952357603237,0.0012817552196793258,9.401061419112011e-06,0.005093455110909417,0.06711963936686516,0.009390450513765015,0.005427822936326265,0.011961406498926273,0.006270012469030917,0.3536302521824837,0.21037494577467442
1099,0.0013864738149214518,0.0041046914557227865,0.002596137586806435,1.8713520830715424e-05,0.010138906276552007,0.07084916345775127,0.009647815478333458,0.005663124262355268,0.012139366487560362,0.006436598137952387,0.36423103511333466,0.21754009928554296
1100,0.0013855451205490405,0.009306993160862476,0.005603857076494023,4.4517766355056665e-05,0.024119536916259676,0.06922046840190887,0.009536277568895775,0.005609454936347902,0.012240748777850113,0.00650267896708101,0.3703402057290077,0.2197803370654583
1101,0.0013846159930789425,0.012254683766514063,0.007182887551607564,6.006297962812823e-05,0.032541867112740874,0.0710327960550785,0.009660310256382738,0.005749437026679516,0.012156074382570999,0.006493384018540382,0.3652343228459358,0.21813355945050716
1102,0.0013836864335300602,0.01588240248383954,0.00900234212167561,8.010886631382164e-05,0.04340264247730374,0.06920922175049782,0.009535503211475381,0.0055843566078692675,0.012308592456980162,0.0066116186790168285,0.3744567632675171,0.22183299250900745
1103,0.0013827564429217693,0.01209089026087895,0.007127541117370129,5.8960015849152114e-05,0.03194428572896868,0.06809564307332039,0.009458478791629827,0.0055249008582904935,0.01200484835537051,0.006371957017108798,0.3562035635113716,0.212149603292346
1104,0.0013818260222739189,0.008633485995233059,0.005500948551343754,3.906201709469315e-05,0.02116363518871367,0.06706715561449528,0.009386778383457736,0.005445254151709378,0.012024470077336312,0.006292925565503538,0.35736892372369766,0.21221803966909647
1105,0.001380895172606829,0.006035344587871805,0.004023673929623328,2.5991393727053946e-05,0.01408202649326995,0.06610330380499363,0.009319083491839826,0.005365575198084116,0.011898973158749831,0.006207165075466037,0.3499482721090317,0.20802578795701265
1106,0.0013799638949412905,0.004165533056948334,0.002737253234954551,1.8233165178571653e-05,0.009878651530016214,0.06658637709915638,0.009353072941269898,0.005436556995846331,0.01196352132282986,0.0063037418294698,0.35375528037548065,0.21017082873731852
1107,0.0013790321902985635,0.0027282739320071414,0.0018201184648205526,1.1740394256776199e-05,0.006360895524267107,0.06641686335206032,0.009341159944839335,0.00536652491427958,0.011879471980688394,0.006229798658750951,0.3488021641969681,0.2076095137745142
1108,0.0013781000597003765,0.0019798161010839976,0.0012577281304402277,8.985246097381605e-06,0.004868167918175459,0.0666052121669054,0.009354395606214844,0.005367619218304753,0.0118048206070129,0.0061024007154628634,0.34443214535713196,0.20551867876201868
1109,0.001377167504168925,0.001491271803388372,0.0009808093382162042,6.521132092984772e-06,0.0035331215913174674,0.06641759164631367,0.00934121106091216,0.0053474020678550005,0.011884015265768497,0.006213237531483173,0.3490690141916275,0.20774330291897058
1110,0.00137623452472687,0.0010473260263097472,0.0007111044287739787,4.415339702745769e-06,0.0023922122491057962,0.06606598384678364,0.009316452548448814,0.005333913490176201,0.011831022355318464,0.006163814221508801,0.34596283733844757,0.2060144105926156
1111,0.0013753011223973386,0.0007871779598644935,0.0005452328168757958,3.239151510570082e-06,0.0017549584663356654,0.06653590127825737,0.009349527183126967,0.005342446966096759,0.011836821210127389,0.006143667385913432,0.3463020473718643,0.20641897432506084
1112,0.0013743672982039206,0.0006400676757039037,0.00043466538227221463,2.6978373028896385e-06,0.0014616768021369353,0.06653663329780102,0.009349578253454373,0.005348154925741255,0.011875170662655112,0.006171159795485437,0.34854961186647415,0.20754312258213758
1113,0.0013734330531706685,0.0005048972634540405,0.00035367974305700045,2.0483129361537067e-06,0.0011097673123003915,0.0664265900850296,0.009341844098121608,0.005344896693713963,0.011867212041922244,0.0061745112761855125,0.34808259457349777,0.2072545923292637
1114,0.0013724983883220967,0.00043056034883193206,0.00029701001949433703,1.78067404021931e-06,0.0009647616352594923,0.0664815902709961,0.009345710710731207,0.0053470858838409185,0.011850203404580916,0.006162539124488831,0.34708552062511444,0.20678355544805527
1115,0.0013715633046831798,0.0003566314189811237,0.0002432919345665141,1.4950085898135512e-06,0.0008099893129838165,0.0665156152099371,0.009348101576112152,0.005343637079931796,0.011861981483925135,0.0061714795883744955,0.34777580946683884,0.20714571233838797
1116,0.001370627803279352,0.0003191658815921983,0.00022654653457720997,1.2728841127795931e-06,0.0006896432387293316,0.06649322435259819,0.009346528233448781,0.0053464408265426755,0.011857500322503725,0.006167153478600085,0.3475130870938301,0.20700315572321415
1117,0.0013696918851365048,0.0002897544291045051,0.00020605390000127954,1.1527526950771971e-06,0.0006245565309654921,0.06671487912535667,0.009362093357378403,0.00535126356408,0.011853499174794108,0.0061655056197196245,0.3472785949707031,0.2069967370480299
1118,0.0013687555512809872,0.0002746988957369467,0.00019293495461170096,1.1106669681737458e-06,0.0006017546329530887,0.06663459539413452,0.009356458718483913,0.00534623337443918,0.011861609306937146,0.006166343344375491,0.34775396436452866,0.2071942798793316
1119,0.0013678188027396042,0.0002513944191377959,0.00017551833661855198,1.0241843853009414e-06,0.0005548987428483088,0.06676061451435089,0.009365302042497881,0.00535428780131042,0.011871157543067688,0.006181765929795802,0.3483140915632248,0.20753735303878784
1120,0.0013668816405396156,0.00023827051973057678,0.00016498190234415233,9.808584273685028e-07,0.000531424939254066,0.06683710962533951,0.009370665818061279,0.0053529636934399605,0.011867384479071295,0.006165905972011387,0.348092682659626,0.20746489614248276
1121,0.0013659440657087343,0.00022130216621008003,0.0001547810306874453,8.995764879671242e-07,0.0004873866855632514,0.06674228981137276,0.009364016369351927,0.005351168452762067,0.011873255656900393,0.006180604686960578,0.34843720495700836,0.20758974738419056
1122,0.0013650060792751268,0.00020240345293132123,0.00014096632457949454,8.27160270944205e-07,0.00044815194814873394,0.06660621985793114,0.009354466386804613,0.005348275066353381,0.011850732962851943,0.006157528841868043,0.34711653739213943,0.20686137862503529
1123,0.0013640676822674093,0.0001968810447579017,0.00013713106955037802,8.045115578170225e-07,0.00043588092194113415,0.0666930191218853,0.009360559482614576,0.005351474741473794,0.011859258050035272,0.006172041408717632,0.34761612862348557,0.20715457387268543
1124,0.0013631288757146498,0.00018573222405393608,0.0001295377014685073,7.576846101642332e-07,0.0004105102980247466,0.066681869328022,0.00935977729237545,0.005355016211979091,0.011870421567919245,0.006181762204505503,0.34827087819576263,0.20747637376189232
1125,0.0013621896606463644,0.00017991813092521625,0.00012208730458951322,7.590340693752751e-07,0.000411241428082576,0.06679271906614304,0.009367553730430042,0.005355708301067352,0.011870404405347612,0.0061791191110387444,0.34826987981796265,0.20753129944205284
1126,0.001361250038092518,0.00018524095958127873,0.00012251190810275148,8.050214219679219e-07,0.00043615716458589304,0.06678768061101437,0.009367200219493308,0.0053523629903793335,0.011871912318406693,0.006172924302518368,0.3483583629131317,0.20757302176207304
1127,0.0013603100090835215,0.00017920177833730122,0.00012289982123547816,7.464244298205358e-07,0.00040440958582621533,0.06677497550845146,0.009366309343828974,0.005355119123123586,0.011879368930217777,0.006180961965583265,0.3487960994243622,0.20778553746640682
1128,0.0013593695746502322,0.000176648361957632,0.00012446859591364046,7.112780089357784e-07,0.00038536740794370417,0.06687054969370365,0.009373009661035056,0.005357415066100657,0.011876721313756068,0.006177489063702524,0.34864064306020737,0.2077555963769555
1129,0.0013584287358239517,0.00017418874267605133,0.00012205295342937461,7.064136404721921e-07,0.0003827318923868006,0.06670319475233555,0.009361273502077178,0.005357586313039064,0.01187232569308803,0.00617695099208504,0.3483826369047165,0.20754291582852602
1130,0.0013574874936364255,0.00017115496211772552,0.00011989898621322936,6.943185830721177e-07,0.0003761788557312684,0.06674817018210888,0.009364429051013548,0.005352983716875315,0.011867448088587,0.006177918636240065,0.34809643775224686,0.20742230396717787
1131,0.0013565458491198404,0.00017639328143559396,0.00011837467673103674,7.539144952772858e-07,0.00040846769479685463,0.06676203571259975,0.00936540187436299,0.005357741145417094,0.011879160835977624,0.006184806232340634,0.34878387302160263,0.2077729543671012
1132,0.0013556038033068255,0.00016229002994805342,0.0001132720708483248,6.614334999710536e-07,0.00035836185452353675,0.06683826074004173,0.009370746569669132,0.005361687391996384,0.011882372339330314,0.006184023572131991,0.34897249937057495,0.20790538005530834
1133,0.0013546613572304495,0.00015830478059797315,0.00011102956614195136,6.412114146314707e-07,0.00034740561386570334,0.06680446118116379,0.00936837691938398,0.005355546367354691,0.011874091489730433,0.00617473921738565,0.3484862670302391,0.20764536410570145
1134,0.0013537185119242197,0.0001550917450003908,0.00010810934918481507,6.331192601294333e-07,0.0003430213128012838,0.06687618046998978,0.009373404287437982,0.005358064780011773,0.011875293355880062,0.006179120158776641,0.3485567942261696,0.20771648734807968
1135,0.0013527752684220824,0.00015159943177422974,0.00010521831109144841,6.222343174044909e-07,0.00033712390722939745,0.06673327833414078,0.009363384151227757,0.005349824205040932,0.011882751979147076,0.006179595715366304,0.34899479150772095,0.20786403492093086
1136,0.001351831627758419,0.00014850266052235384,0.00010299968562321737,6.100352969440337e-07,0.00033051453829102684,0.06683423556387424,0.00937046442129576,0.005354417604394257,0.011886484815244997,0.006191262858919799,0.3492140993475914,0.20802416745573282
1137,0.0013508875909680471,0.0001449526544092805,0.00010187069528910797,5.856090581346507e-07,0.00031728048634249717,0.06693552620708942,0.009377562719306256,0.005359809612855315,0.01188920201236005,0.0061870652716606855,0.3493737652897835,0.20815464574843645
1138,0.0013499431590862196,0.0001470168654122972,0.00010084341147376108,6.122429923038908e-07,0.0003317106657050317,0.06683057360351086,0.009370207694805774,0.005356206791475415,0.011885463448788667,0.006196510163135827,0.3491540998220444,0.20799233671277761
1139,0.0013489983331486212,0.00014756045038666343,9.938757148120203e-05,6.280077826659181e-07,0.0003402519414521521,0.06698725186288357,0.009381185038292411,0.005359751754440367,0.011898808364348713,0.0061996703734621406,0.3499385714530945,0.20846291165798903
1140,0.0013480531141913696,0.00015034185344120488,0.00010366343212808715,6.221081072510515e-07,0.00033705552959872875,0.06689642369747162,0.009374823039279664,0.005357859889045358,0.011878072224720853,0.00618258083704859,0.3487199544906616,0.20780818909406662
1141,0.0013471075032510135,0.0001542716772746644,0.00010325703306079959,6.613751324380246e-07,0.0003583302386687137,0.0670319739729166,0.00938431615614024,0.005362702650018036,0.01189199598619336,0.006194924004375935,0.3495379835367203,0.20828497875481844
1142,0.0013461615013645306,0.00015038038327475078,0.00010260710996590205,6.302623809517627e-07,0.0003414734619582305,0.0669737383723259,0.009380238673248852,0.005360732669942081,0.011887135328200772,0.006191468448378146,0.3492523208260536,0.20811302959918976
1143,0.0013452151095693285,0.00016411059004894923,0.00010788232975755818,7.18026299750818e-07,0.0003890236130246194,0.06704248301684856,0.009385051723244131,0.005362522904761136,0.011893406491674198,0.006199098075740039,0.34962092339992523,0.2083317032083869
1144,0.001344268328903242,0.0001779806489139446,0.00011652623425106867,7.82210463512456e-07,0.000423798290285049,0.06698320992290974,0.009380902040454981,0.005368859390728176,0.011879586207951466,0.0061924271285533905,0.3488088697195053,0.20789603982120752
1145,0.0013433211604045316,0.00018058152727462584,0.00011810827436420368,7.945328626135506e-07,0.00043047452527389396,0.06692287884652615,0.009376676611003054,0.005357477231882513,0.011888577929052412,0.006188726634718478,0.349337100982666,0.20812998991459608
1146,0.001342373605111884,0.000169289150107943,0.00011142977245981456,7.39626798917925e-07,0.00040072663432511035,0.06689952500164509,0.009375040058426657,0.005359164904803038,0.011888118910859315,0.00619122851639986,0.34931012988090515,0.20810482744127512
1147,0.0013414256640644094,0.00016698356466804398,0.00011449912426542141,6.956889997411508e-07,0.00037692132355005015,0.06696537509560585,0.009379653025091918,0.005363078089430928,0.011891255487972405,0.006186233484186232,0.34949445724487305,0.20822991617023945
1148,0.0013404773383016422,0.00017940991256182315,0.0001139292376137746,8.145737773190831e-07,0.0004413326059875544,0.06717257760465145,0.009394152867200151,0.005368907819502056,0.01189933560667992,0.0062031487468630075,0.3499695807695389,0.20857107918709517
1149,0.0013395286288635372,0.00017912978819367709,0.00011503481437102892,8.038262571119503e-07,0.0004355096571089234,0.0669926144182682,0.00938156070739939,0.005355942877940834,0.011893502997049492,0.006194180925376713,0.3496265709400177,0.20830959267914295
1150,0.001338579536790471,0.00019054178756050533,0.00012254566490810248,8.536911586531915e-07,0.000462526268165675,0.06706933677196503,0.00938693098560227,0.005370442639105022,0.011898217653975923,0.006201727781444788,0.3499038442969322,0.20848659053444862
1151,0.0013376300631232389,0.00020176805901428452,0.00013285082241054624,8.812121734536049e-07,0.0004774369917868171,0.06693441420793533,0.009377484548057825,0.005357536138035357,0.011894150679265556,0.0061846086755394936,0.34966468065977097,0.20829954743385315
1152,0.0013366802089030555,0.00021308749455783982,0.000141211105074035,9.239516138848103e-07,0.0005005930415791227,0.06707572005689144,0.009387377829169824,0.005366091965697706,0.011901303272397702,0.006197425536811352,0.3500853478908539,0.20858053397387266
1153,0.0013357299751715528,0.0002361234110139776,0.00015318271562136943,1.0481554824082195e-06,0.0005678861671185587,0.06714727357029915,0.009392383697333879,0.0053696788381785154,0.011885212302237977,0.006179119925945997,0.3491393253207207,0.2081432994455099
1154,0.001334779362970778,0.0002786831792036537,0.00016965047416306334,1.319342068484275e-06,0.0007148139666242059,0.06693333387374878,0.009377408897842117,0.005365917808376253,0.011878984129103012,0.006191561580635607,0.3487735241651535,0.20785342901945114
1155,0.0013338283733431943,0.0003368497382325586,0.00019320278443046845,1.6822528863258412e-06,0.0009114374952332582,0.06715985015034676,0.00939326290176781,0.00537258165422827,0.01189853166360682,0.006194798857904971,0.3499222993850708,0.20854107476770878
1156,0.0013328770073316781,0.0003461418909864733,0.0002255533545394428,1.52916658180402e-06,0.0008284959985758178,0.06677580811083317,0.009366367314010906,0.005360465846024454,0.011873385570263673,0.006188467727042735,0.3484448343515396,0.2076103212311864
1157,0.0013319252659795193,0.00038373854295059573,0.00023282977326744003,1.822409409157899e-06,0.0009873736198642291,0.06717668659985065,0.00939444040328392,0.005374404834583402,0.011915006921371304,0.00620804401114583,0.3508920222520828,0.20903435442596674
1158,0.0013309731503304185,0.00039858427226135973,0.00023800509279681137,1.921205331711917e-06,0.0010409009591967333,0.06725835613906384,0.009400149512469421,0.005369323189370334,0.011871708536858677,0.006176505470648408,0.34834638983011246,0.20780237298458815
1159,0.0013300206614284878,0.0003886659596901154,0.00025319528776890365,1.7175266151525648e-06,0.0009305486019002274,0.0669785924255848,0.00938057860390084,0.005362706840969622,0.01185573941926138,0.006183572462759912,0.3474098742008209,0.20719423331320286
1160,0.0013290678003182476,0.000426779060944682,0.00026645407524483744,1.9713683485633737e-06,0.001068078949174378,0.06693768687546253,0.00937771411363033,0.0053686900064349174,0.011882725955837177,0.006173585541546345,0.3489932715892792,0.20796547923237085
1161,0.0013281145680446272,0.0004400091875140788,0.0002959748926514294,1.8755153874394637e-06,0.0010161463214899413,0.06683806702494621,0.00937073298170689,0.005358603550121188,0.011863214476379098,0.006188645027577877,0.347848117351532,0.2073430921882391
1162,0.0013271609656529625,0.0004954577761964174,0.0003106257845502114,2.279061192211884e-06,0.0012347856900305487,0.06711209006607533,0.00938992235869137,0.005372347426600754,0.011956319384800344,0.0062492560828104615,0.35332949459552765,0.2102207923308015
1163,0.0013262069941889956,0.0006090922070143279,0.0003312994922453072,3.1751136759794463e-06,0.0017202630479005165,0.06690597347915173,0.009375492028087679,0.005360414274036884,0.011872862384552403,0.006207195809110999,0.3484141305088997,0.2076600519940257
1164,0.001325252654698873,0.0005946331984887365,0.00036778959292860236,2.7722763462634248e-06,0.0015020075588836335,0.06702091917395592,0.009383542343219687,0.005361360963433981,0.011894356217323829,0.006196465343236923,0.3496767729520798,0.20834884606301785
1165,0.0013242979482291453,0.0006097020122979302,0.00038562532063224353,2.779661343765838e-06,0.0015060087171150371,0.06690814532339573,0.00937564442590954,0.005361926392652094,0.01190140827268037,0.006195203983224928,0.35009153187274933,0.20849983859807253
1166,0.001323342875826765,0.0007090418548614252,0.000463232758193044,3.123461610243794e-06,0.0016922782015171833,0.06678720563650131,0.009367166819253337,0.00535752484574914,0.011894814383129148,0.006193547043949366,0.34970369935035706,0.20824545249342918
1167,0.001322387438539086,0.0008281781592813786,0.0005220687144174008,3.78854197435885e-06,0.0020526158768916503,0.06716217659413815,0.00939342556493239,0.005369167192839086,0.01188825508810562,0.006209819810464978,0.34931810945272446,0.2082401430234313
1168,0.0013214316374138627,0.0008179381511581596,0.0005284444869175786,3.6469697590746364e-06,0.001975912760826759,0.06733559258282185,0.009405544858524087,0.005400866153649986,0.011931607308415785,0.0062265179585665464,0.35187043994665146,0.20960301626473665
1169,0.0013204754734992474,0.0009332435329270083,0.0005920507355767768,4.2414779102273314e-06,0.00229801467503421,0.06675463728606701,0.009364882698195982,0.005355225643143058,0.01187206982535692,0.006199799245223403,0.3483676239848137,0.20756113063544035
1170,0.0013195189478437922,0.0009946788450179156,0.0006102363731770311,4.674175897889654e-06,0.0025324486050521955,0.06732688844203949,0.009404936997041405,0.005368154146708548,0.0119383917505181,0.006229221122339368,0.3522707223892212,0.20979880541563034
1171,0.001318562061496444,0.0010870197729673237,0.0006848536759207491,4.975461962430927e-06,0.0026956840447383,0.06689321622252464,0.009374598253757905,0.005358140217140317,0.011875933913405731,0.006196276051923633,0.34859441965818405,0.20774381794035435
1172,0.0013176048155065462,0.001298491668421775,0.0007752673373033758,6.259533677166473e-06,0.003391388861928135,0.06708335503935814,0.009387911940158521,0.005384259973652661,0.01189109410494225,0.006241995026357472,0.34948497265577316,0.20828416384756565
1173,0.0013166472109238363,0.0014048082812223583,0.0008582740156271029,6.627857885632693e-06,0.003590945270843804,0.06659566983580589,0.009353725789201357,0.0053410890977829695,0.011875673987843584,0.0062119035283103585,0.34857916831970215,0.20758741907775402
1174,0.0013156892487984457,0.0015363112688646652,0.0009395711713295896,7.241237085509056e-06,0.0039232714916579425,0.06762018240988255,0.009425400020085002,0.005417584325186908,0.011892646503596479,0.006221838528290391,0.3495762497186661,0.2085982160642743
1175,0.001314730930180897,0.0016633825944154523,0.0010487051258678548,7.6082033331204e-06,0.004122092344914563,0.06672544404864311,0.00936283475019167,0.005368837853893638,0.011889465772950848,0.0062355175614356995,0.3493892773985863,0.2080573607236147
1176,0.0013137722561221037,0.0019376493801246397,0.0011820927320513874,9.154512014220018e-06,0.004959875717759132,0.06745287403464317,0.009413732558240821,0.005382676958106458,0.011910831447378782,0.006207113852724433,0.35064613819122314,0.20904950611293316
1177,0.0013128132276733699,0.0018303061078768224,0.0012226568214828148,7.864408615887442e-06,0.004260903122485615,0.0662221722304821,0.009327458735535794,0.0053315788973122835,0.011873395528186875,0.006144099519588053,0.34844542294740677,0.20733379758894444
1178,0.001311853845886388,0.0016549576321267523,0.0011104725126642734,7.074433085563214e-06,0.003832897898973897,0.06655283644795418,0.009350716903394351,0.0053533201571553946,0.011842772664522052,0.006157644442282617,0.3466503620147705,0.20660159923136234
1179,0.001310894111813237,0.0015721034069429152,0.001051300874678418,6.746663075318793e-06,0.0036553132958943024,0.0665732529014349,0.009352150961472988,0.0053455730667337775,0.0118713504550936,0.006199425784870982,0.3483254015445709,0.2074493272230029
1180,0.0013099340265063837,0.001628839410841465,0.0010281422873958945,7.441231645088919e-06,0.004031627715448849,0.06685043312609196,0.00937159975718193,0.00537337432615459,0.011856396528484484,0.006176852039061487,0.3474484086036682,0.20714942086488008
1181,0.0013089735910186793,0.0016567276834393851,0.0010520298310439102,7.5222419582132716e-06,0.004075518838362768,0.0671710129827261,0.009394043562454253,0.00542962527833879,0.011910615045072093,0.006253057275898755,0.3506333902478218,0.20890220161527395
1182,0.0013080128064033583,0.0018231208086945117,0.0011289425747236237,8.489977403769444e-06,0.004599833657266572,0.06697595678269863,0.009380393902664666,0.005409252364188433,0.011908596526206737,0.006224395823664963,0.3505145311355591,0.20874524395912886
1183,0.00130705167371404,0.0016530619759578258,0.0010794079607876483,7.286284102292484e-06,0.003947677832911722,0.06671194732189178,0.00936188798740242,0.005382276838645339,0.011863949978692096,0.006159395212307572,0.3478912487626076,0.20730159804224968
1184,0.0013060901940047233,0.001460564264561981,0.0009492991630395409,6.470380156997635e-06,0.0035056245542364195,0.06676301918923855,0.009365470629542304,0.005384418764151633,0.011809359803618847,0.0061631499556824565,0.34469708800315857,0.20573005359619856
1185,0.001305128368329789,0.0013768890712526627,0.000901066858205013,6.054270215827273e-06,0.0032801778434077278,0.06678408943116665,0.009366948452540566,0.005391412996686995,0.01185585725053874,0.006177306408062577,0.34741678833961487,0.20710043888539076
1186,0.001304166197743997,0.0013520684733521193,0.0008760770469962154,6.009707846033052e-06,0.003256034091464244,0.06676977686583996,0.009365944715782153,0.005391971790231764,0.0118314603736676,0.006205488229170442,0.3459884449839592,0.20637911092489958
1187,0.0013032036833024849,0.0013246131857158616,0.0009335936447314452,5.331697849442207e-06,0.002888691276893951,0.06712693348526955,0.009390961012836532,0.005416375235654414,0.0118305292770024,0.006181501201353967,0.3459340035915375,0.2065304685384035
1188,0.001302240826060768,0.0012692873060586862,0.0008694809730513953,5.294453529813836e-06,0.0028685124270850793,0.06658177822828293,0.009352749903740427,0.005366361816413701,0.01180309037234361,0.0061621584463864565,0.34433117508888245,0.2054564766585827
1189,0.0013012776270747378,0.0010926530885626562,0.0007217497695819475,4.755050753146861e-06,0.002576266255346127,0.06683886423707008,0.0093707888863396,0.005368941812776029,0.011834510831678451,0.00615857052616775,0.3461668863892555,0.2065028753131628
1190,0.0013003140874006595,0.0009361959528177977,0.0005979878405923955,4.224891682724774e-06,0.0022890282634762116,0.06636518985033035,0.00933752550794594,0.005344431730918586,0.011799195029208459,0.00613183609675616,0.34410395473241806,0.2052345722913742
1191,0.0012993502080951725,0.0008656369645905215,0.0005553298542508855,3.888670789820026e-06,0.0021068653441034257,0.0664396658539772,0.009342763006444592,0.00534278410486877,0.011838608281975043,0.006146914209239185,0.34640662372112274,0.20642314478754997
1192,0.001298385990215289,0.0007765792106511071,0.0005037371884100139,3.447696272473877e-06,0.0018679472705116495,0.06614501215517521,0.009322022975978658,0.005348912789486349,0.01182494331097531,0.006154464324936271,0.34560738503932953,0.20587619859725237
1193,0.001297421434818392,0.0007288193592103198,0.0004802210369234672,3.18055761283631e-06,0.001723212597426027,0.06656662374734879,0.009351685026130197,0.005354293389245868,0.011848969518750975,0.006167921354062855,0.3470132499933243,0.20678993687033653
1194,0.0012964565429622345,0.0007037783980194945,0.00045501756721932907,3.1355390888165857e-06,0.0016988216739264317,0.06635048240423203,0.009336490455740797,0.0053359296871349216,0.011855355538930615,0.006161663215607405,0.3473873734474182,0.20686892792582512
1195,0.001295491315704939,0.000671658075589221,0.0004456299575394951,2.90842157824045e-06,0.0015757705332362093,0.0664687305688858,0.009344806496558805,0.005336094414815307,0.011833829604276105,0.006155368057079613,0.3461270183324814,0.2062978744506836
1196,0.0012945257541049952,0.0006633510311075952,0.00043228131289652083,2.9303106998668227e-06,0.001587629878486041,0.06653379276394844,0.009349378834403368,0.0053508743876591325,0.011824837170227878,0.0061495264526456594,0.3456012010574341,0.20606749691069126
1197,0.0012935598592212604,0.0007124889307306148,0.00045454858991433866,3.219387096464743e-06,0.0017442502503399737,0.06693203002214432,0.009377317437856147,0.005361260264180601,0.011834210032806968,0.0061316181672737,0.3461492657661438,0.20654064789414406
1198,0.0012925936321129562,0.0007587556101498194,0.00047387621452799067,3.503669162796541e-06,0.0018982731198775582,0.06594984233379364,0.009308259693594886,0.005333731067366898,0.011841309429173549,0.006160708609968424,0.34656472504138947,0.20625728368759155
1199,0.0012916270738396692,0.0008102807478280738,0.00046859635222062934,4.0181532057204095e-06,0.002177018322981894,0.06660127267241478,0.00935411889563785,0.005348469829186797,0.011905128077981646,0.006237075314857066,0.35031039267778397,0.20845583267509937
1200,0.0012906601854613493,0.0009075943962670863,0.0004551963174890261,5.015149397991081e-06,0.0027171866240678355,0.06640667654573917,0.00934044331673078,0.00533514260314405,0.011949575109039644,0.006279875407926738,0.3529310077428818,0.20966884214431047
1201,0.001289692968038308,0.0011205128612346016,0.0005237811892584432,6.473730138623068e-06,0.0035074394836556166,0.06630128063261509,0.009333028440954351,0.0053673580987378955,0.01190921910225859,0.006251324317418039,0.35055119544267654,0.20842623803764582
1202,0.0012887254226312177,0.001099420027458109,0.0005690978468919639,5.9445067961405584e-06,0.003220708589651622,0.0666999351233244,0.009361045282156442,0.00536097155418247,0.011917848265263377,0.00631303433328867,0.3510593846440315,0.20887965988367796
1203,0.001287757550301111,0.0013397790171438828,0.0007497987644455861,6.828587913787487e-06,0.003699699926073663,0.06652303040027618,0.009348622754371112,0.00535679014865309,0.011866342307391645,0.0061824696604162455,0.34803156554698944,0.2072772979736328
1204,0.001286789352109378,0.0012258490023668855,0.0007819882594048977,5.53952642690092e-06,0.003001291901455261,0.06663601286709309,0.009356558450296865,0.005361761781387031,0.011867612552091816,0.0061848798068240285,0.34810609370470047,0.20737105328589678
1205,0.001285820829117767,0.0011428409416112117,0.0007467053037544247,5.033969983969655e-06,0.002727383471210487,0.06560124084353447,0.009283626187560966,0.005304184043779969,0.01182467672668082,0.006131309550255537,0.34559180587530136,0.20559652335941792
1206,0.0012848519823883823,0.0011742716160370037,0.0007094640386640094,5.598977281806583e-06,0.003033501925528981,0.06645247153937817,0.009343663427509169,0.005351039115339518,0.011820843739957228,0.006123360828496516,0.34536778926849365,0.2059101304039359
1207,0.0012838828129836828,0.0010810002786456607,0.0006722238649672363,5.0131543503084686e-06,0.002716105809668079,0.06646824069321156,0.009344772140339656,0.005357158835977316,0.011791966309430177,0.006159622920677066,0.3436824604868889,0.20507535059005022
1208,0.0012829133219664822,0.0009536135476082563,0.0005946206510998309,4.4104905327913e-06,0.002389585119090043,0.06648012436926365,0.009345607651667046,0.005360129987820983,0.01182035116036425,0.006153397029265761,0.3453390300273895,0.2059095771983266
1209,0.0012819435103999454,0.0008873383776517585,0.0006191141837916803,3.6180331335344817e-06,0.0019602350803324953,0.06669441424310207,0.009360657713315483,0.005359340691938996,0.011850485224623966,0.006164106423966587,0.347102053463459,0.20689823385328054
1210,0.0012809733793475906,0.0008568245866626967,0.0005931746454734821,3.52794261004874e-06,0.0019114243186777458,0.06618265807628632,0.009324675658891552,0.005347819067537785,0.011825327870921698,0.006140960729680955,0.34562987089157104,0.20590626448392868
1211,0.0012800029298732848,0.0008148358174366876,0.0005515595166798448,3.4476848185249764e-06,0.0018679409404285252,0.06676569767296314,0.009365658635478061,0.005371381412260234,0.011806545349869411,0.006128115463070571,0.3445328027009964,0.20564925018697977
1212,0.001279032163041245,0.000753520773287164,0.0005036456495872699,3.235575817939207e-06,0.001753021242620889,0.06670870818197727,0.009361660365367739,0.005344932898879051,0.011854090272189154,0.006158126867376268,0.3473132401704788,0.20701097417622805
1213,0.001278061079916036,0.0007205595102277584,0.0004706868749053683,3.1747205184728955e-06,0.001720050051517319,0.06605044938623905,0.00931535706279696,0.005345015088096261,0.011829243824995055,0.006162533885799348,0.3458588197827339,0.20595463458448648
1214,0.00127708968156257,0.0006279744411585853,0.00041893902198353317,2.7023394437719617e-06,0.0014641160596511327,0.06660854071378708,0.009354629627359168,0.005343172466382384,0.011824353217875207,0.006162779754959047,0.34557288885116577,0.20609071478247643
1215,0.0012761179690461038,0.0005961856259091292,0.000391115689126309,2.6143898708141933e-06,0.0014164653184707277,0.06629124097526073,0.00933232151881457,0.005339129478670657,0.011803014087011881,0.006133645307272673,0.3443267196416855,0.2053089803084731
1216,0.0012751459434322395,0.0006057327373127919,0.0003689985132950824,2.865783926608856e-06,0.001552669556986075,0.06583553552627563,0.00930018968705556,0.005320212338119745,0.0118070773284223,0.0061345851281657815,0.3445638567209244,0.2051996961236
1217,0.0012741736057869226,0.0006347187700157519,0.0004035430647491012,2.878246107229643e-06,0.001559421536512673,0.06644082069396973,0.00934284419391398,0.005340242758393288,0.011843005358499314,0.006170621840283275,0.3466639891266823,0.206552404910326
1218,0.0012732009571764403,0.0006342442029563244,0.00038217901237658225,3.031594530966686e-06,0.0016425049398094416,0.06621063128113747,0.009326645879814192,0.005333035835064948,0.01180814583498823,0.006136580719612539,0.34462620317935944,0.20541841723024845
1219,0.0012722279986674212,0.000609261969657382,0.00037185822475294117,2.877240845577944e-06,0.0015588768292218447,0.06650829687714577,0.009347587374200508,0.0053402448538690805,0.011836406902842505,0.006147683248855174,0.34627780318260193,0.20639305002987385
1220,0.0012712547313268332,0.0005900074756937101,0.00038094972478575073,2.6324282771383878e-06,0.001426238421117887,0.0664329081773758,0.009342288230581869,0.0053422581404447556,0.011847996196431393,0.0061599030159413815,0.3469562232494354,0.2066945657134056
1221,0.001270281156221984,0.0005998747037665453,0.000397405463445466,2.6019983891956144e-06,0.0014097516104811803,0.06637409329414368,0.009338151879916887,0.005349771934561431,0.011848561162970922,0.006191877881065011,0.34698933362960815,0.20668171346187592
1222,0.0012693072744205172,0.0005939526927249972,0.0003913805430784123,2.5918274815239783e-06,0.0014042412076378241,0.06644727475941181,0.009343298110375205,0.0053416135488078,0.011862277284994716,0.006175121641717851,0.3477931469678879,0.20712021086364985
1223,0.0012683330869904146,0.0005442761848826194,0.00036920852653565817,2.297077493551569e-06,0.0012445467727957293,0.06679167971014977,0.009367480718553005,0.005351186729967594,0.01183499744258603,0.006166058825328946,0.34619535505771637,0.20649351738393307
1224,0.001267358594999991,0.000519030600116821,0.0003439853862801101,2.250315439766837e-06,0.0012192113681521732,0.06620272248983383,0.00932608865827487,0.005344026256352663,0.01181918510680424,0.006147202453576028,0.34527089446783066,0.20573680847883224
1225,0.0012663837995178977,0.0005715403567592148,0.00035897975612897426,2.624204327617008e-06,0.0014217827410902828,0.06658794730901718,0.009353183016530786,0.00536459160503,0.011828871540620081,0.006153489579446614,0.3458370566368103,0.20621250197291374
1226,0.0012654087016131163,0.0006096933066146448,0.0003924157426808961,2.72944836865463e-06,0.0014788035477977246,0.0662098079919815,0.00932658805280574,0.0053371667163446546,0.011862168258087127,0.006185711710713804,0.3477867692708969,0.2069982886314392
1227,0.0012644333023549615,0.0006005215691402555,0.00037230816633382346,2.7932576642797358e-06,0.0015133751221583225,0.06642677448689938,0.009341856657177018,0.005361554562114179,0.011790533949296465,0.006132135516963899,0.34359895437955856,0.20501286443322897
1228,0.001263457602813079,0.0005912214692216367,0.00038452963781310245,2.617201630528143e-06,0.001417988729372155,0.06610219739377499,0.009319005415620207,0.005349235842004418,0.011799125039379792,0.006130267167463899,0.34409984201192856,0.20510101970285177
1229,0.001262481604057442,0.0006189793421071954,0.0004080235248693498,2.6999152993312237e-06,0.0014628025674028322,0.06638189405202866,0.009338700687873248,0.00534420320764184,0.011834469793141268,0.006179183721542358,0.3461644873023033,0.20627319067716599
1230,0.001261505307158353,0.0006097060831962153,0.0003994221369794104,2.6778389639048328e-06,0.0014508418244076893,0.06641588546335697,0.009341091108085956,0.005328055936843157,0.01183474876016842,0.006145625025965273,0.34618079662323,0.20629834104329348
1231,0.0012605287131864415,0.000630281738267513,0.000418008052292862,2.730505698878005e-06,0.0014793763912166469,0.06671723164618015,0.009362258310700259,0.005391194368712604,0.01184219636246024,0.006169042433612049,0.34661664068698883,0.2066669361665845
1232,0.0012595518232126623,0.0006502248397737276,0.0004346662844909588,2.7915667430988833e-06,0.0015124589845072478,0.06655281409621239,0.009350715444423693,0.0053483410738408566,0.011849174919458891,0.006172089138999581,0.3470252901315689,0.20678905211389065
1233,0.001258574638308295,0.0007718018023297191,0.0004988789569324581,3.439475378286261e-06,0.0018634931184351444,0.06638340838253498,0.009338806939600128,0.005343665834516287,0.011821037780827947,0.006159690674394369,0.34537915140390396,0.20588127989321947
1234,0.001257597159544943,0.0007375065069936682,0.0004976361888111569,3.1321540205908605e-06,0.001696987746981904,0.06659017503261566,0.009353339667340702,0.0053496204782277346,0.011833304054806508,0.0061650818679481745,0.3460962772369385,0.20634322613477707
1235,0.0012566193879945315,0.0007856558295316063,0.0005117374475958059,3.472395690096164e-06,0.00188132932089502,0.0663925614207983,0.009339450754411116,0.005342545220628381,0.011844335235881078,0.006158081581816077,0.34674186259508133,0.20656721200793982
1236,0.0012556413247293064,0.0007717479493294377,0.0005282297388475854,3.2222857555552764e-06,0.0017458207657909952,0.06674756668508053,0.009364386996971813,0.005362593336030841,0.01182365509786416,0.006168066756799817,0.3455320820212364,0.20613982435315847
1237,0.001254662970821835,0.0008296209634863771,0.0005678016896126792,3.464216803195086e-06,0.0018768979789456353,0.06604643166065216,0.009315074017801487,0.005324021563865244,0.011825085291963805,0.006161321303807199,0.3456157147884369,0.20583107322454453
1238,0.0012536843273450013,0.0008704804822627921,0.000549753040104406,3.974542380547064e-06,0.0021533902181545272,0.06679840758442879,0.009367952664267308,0.005350059713236988,0.011806067580962013,0.006143983569927514,0.3445049002766609,0.20565165393054485
1239,0.0012527053953720081,0.0009616862407710869,0.0005809377653349657,4.58600855779423e-06,0.0024846800515661016,0.06592843681573868,0.00930674899990455,0.005329253966920078,0.011815070605603235,0.006183313089422882,0.3450305312871933,0.205479484051466
1240,0.001251726175976375,0.0009308450316893868,0.0005791746225440875,4.314405586569592e-06,0.002337526631890796,0.06658745743334293,0.009353148788319894,0.005354518420062959,0.011846207776900916,0.006170034990645945,0.34685150533914566,0.2067194813862443
1241,0.0012507466702319358,0.0008981199061963707,0.0005612378154182807,4.1448243024433395e-06,0.00224564821110107,0.0664212629199028,0.009341469168466836,0.005335370660759509,0.011833083621435739,0.0061541731702163815,0.3460833877325058,0.2062523253262043
1242,0.001249766879212838,0.0009208380433847196,0.0005686021086148685,4.300110759913878e-06,0.002329781709704548,0.06640555337071419,0.009340364445333161,0.005360111012123525,0.0117942836338768,0.00614640349522233,0.3438175320625305,0.20511154271662235
1243,0.0012487868039935434,0.0010894671286223456,0.0006420621903089341,5.313970888209951e-06,0.002879086823668331,0.0659109316766262,0.009305513488420975,0.005315126734785736,0.011808197748141241,0.006167319719679654,0.3446292281150818,0.205270079895854
1244,0.0012478064456488242,0.0010998912403010763,0.0007189093412307557,4.842819123496156e-06,0.002623818756546825,0.06655725464224815,0.009351027075387642,0.0053673695074394345,0.01183620927192958,0.006161190569400787,0.3462662398815155,0.20641174726188183
1245,0.0012468258052537639,0.001166105255833827,0.0007351729000220075,5.333808189789124e-06,0.0028898345335619524,0.06618203595280647,0.009324631669900083,0.005330644082278013,0.011811034601290307,0.006154812406748533,0.3447948545217514,0.20548844523727894
1246,0.0012458448838837542,0.0014864340992062353,0.000920057573239319,6.925007937752525e-06,0.0037519399484153837,0.06636914424598217,0.009337803684233119,0.005372470943257213,0.01185295285919468,0.006186914863064885,0.34724660217761993,0.20680787321180105
1247,0.0012448636826144967,0.0015922963866614737,0.0009864646854111925,7.4116915129707195e-06,0.004015623009763658,0.06638959050178528,0.009339241867614296,0.005351010826416314,0.011863153144128577,0.006190127809531987,0.34784451127052307,0.20711705088615417
1248,0.001243882202521998,0.0016499352714163251,0.001055242548318347,7.435838938363304e-06,0.004028705938253552,0.06593364104628563,0.009307116728845183,0.005330531392246485,0.011919598924827019,0.006215518107637763,0.35116254538297653,0.20854809321463108
1249,0.0012429004446825717,0.0019078978002653457,0.0010237212372885551,1.0049181696558662e-05,0.0054446038557216525,0.06646637991070747,0.009344641721814028,0.0053470327984541655,0.011829916398288107,0.006163323065266013,0.3458981513977051,0.20618226565420628
1250,0.0012419184101728356,0.0019033741045859642,0.0011754782535717823,8.88703405621527e-06,0.004814957399503328,0.06664192117750645,0.009356973113278523,0.005340574542060494,0.011846183515920063,0.006178789888508618,0.34685009717941284,0.20674600917845964
1251,0.0012409361000697112,0.0019471764826448634,0.0011698160669766366,9.333070750017214e-06,0.005056618072558194,0.06680794060230255,0.009368620687488567,0.0053891390562057495,0.011849131936047788,0.0061805949080735445,0.34702274948358536,0.20691534504294395
1252,0.0012399535154504215,0.0017767777244444005,0.0011075507281930186,8.220229631206166e-06,0.004453685454791412,0.06636692769825459,0.00933764794159757,0.005342600983567536,0.011917902142590373,0.006241844734176993,0.3510625436902046,0.2087147356942296
1253,0.0012389706573924914,0.0018723595057963394,0.0011646748389466666,8.680573927222213e-06,0.004703098122263327,0.06649195589125156,0.009346438904009522,0.005374768748879433,0.011845428329658788,0.006196950911544263,0.3468058556318283,0.20664890576153994
1254,0.001237987526973745,0.0016584503100602888,0.0010938232153421268,7.22958520782413e-06,0.003916958536137827,0.06631232425570488,0.009333805564728466,0.005352158681489527,0.011888831911502992,0.0062251167837530375,0.34935203194618225,0.20783217810094357
1255,0.0012370041252723059,0.0015787409429321997,0.0009671633233665489,7.429093273003673e-06,0.004025051195640117,0.06606519967317581,0.009316397391614712,0.005336705362424254,0.011866945947325081,0.006208555307239294,0.348066970705986,0.20706608518958092
1256,0.001236020453366594,0.0013809067677357234,0.0008909976204449777,6.165687409520615e-06,0.003340543160447851,0.06665121577680111,0.009357625397530316,0.005357643007300794,0.011787370724889768,0.006121732643805444,0.3434146046638489,0.205032910220325
1257,0.0012350365123353262,0.0012099930245312862,0.0008096090314211324,5.189278056150215e-06,0.002811528873280622,0.06608652137219906,0.009317900371775382,0.005349774030037224,0.011811965540703451,0.006188928498886526,0.34484922885894775,0.2054678751155734
1258,0.001234052303257515,0.0010528489110583905,0.0006901506458234508,4.6210069513108465e-06,0.0025036418956005946,0.06622419878840446,0.009327601387528328,0.005328821716830134,0.01180326636611697,0.006130454130470753,0.3443414494395256,0.20528282411396503
1259,0.0012330678272124659,0.000939011533773737,0.0006270861522352789,4.036046718169928e-06,0.0021867129835300148,0.06597389653325081,0.009309957319090092,0.005326507845893502,0.011817616593327102,0.006149343331344426,0.3451792374253273,0.20557656697928905
1260,0.0012320830852797775,0.0008532239953638054,0.0005349284238036489,3.924737740135242e-06,0.002126406274328474,0.06654084846377373,0.009349874844946232,0.005352538195438683,0.011815987218222903,0.006171988672576845,0.345084086060524,0.20581246726214886
1261,0.0012310980785393405,0.0007606974577356596,0.000469108350444003,3.556790389325215e-06,0.001927053861436434,0.06586592644453049,0.009302336096465868,0.005316196591593325,0.011762285142752658,0.006105173961259425,0.34195447713136673,0.2039102017879486
1262,0.0012301128080713353,0.0007579221746709663,0.0005037527953390963,3.275403201996596e-06,0.0017745995937730186,0.06622899696230888,0.00932793943381294,0.00534044555388391,0.011775171069268843,0.006124715670011938,0.3427041247487068,0.20446656085550785
1263,0.0012291272749562316,0.0007178702544479165,0.0004759045023092767,3.1113814742411705e-06,0.0016857332520885393,0.06639556959271431,0.00933966236317161,0.005337164970114827,0.011806887679970212,0.00615878461394459,0.34455277025699615,0.20547416992485523
1264,0.0012281414802747875,0.0006460930781031493,0.00040837978303898126,2.9475059761807643e-06,0.001596946211066097,0.06609396450221539,0.009318425288821286,0.005314064212143421,0.011793893588969291,0.00613281549885869,0.3437948003411293,0.20494438242167234
1265,0.0012271554251080477,0.0005269836910883896,0.00034737715395749547,2.2986703527294594e-06,0.0012454098323360085,0.06607640720903873,0.00931718732347584,0.005329391336999834,0.011781660700256887,0.0061390193877741694,0.3430819734930992,0.20457919035106897
1266,0.0012261691105373428,0.0005460036445583683,0.00038786150435043965,2.175307159291151e-06,0.0011785721653723158,0.06619369797408581,0.009325453088620428,0.005337949958629906,0.011795844147151279,0.006135541363619268,0.34390853345394135,0.20505111571401358
1267,0.0012251825376442876,0.0005166488281247439,0.0003545394338289043,2.1504163427721323e-06,0.0011650863671093248,0.06621013209223747,0.009326610676568437,0.005336496629752219,0.011794200351349737,0.0061437118565663695,0.3438126668334007,0.2050113994628191
1268,0.0012241957075107798,0.00048006317956605926,0.0002997214760398492,2.2174960392362664e-06,0.0012014299572911114,0.06626990810036659,0.009330819691903292,0.005331298219971359,0.011781151351370247,0.006123327417299151,0.34305231273174286,0.20466111041605473
1269,0.0012232086212190002,0.00043368666410970036,0.0002862792716769036,1.888749096679021e-06,0.0010233161847281735,0.066006725654006,0.009312273664255945,0.005333910696208477,0.011799606634999004,0.006118289195001125,0.34412795305252075,0.20506733935326338
1270,0.0012222212798514095,0.0004262482889316743,0.00029231484768388327,1.7755436658717372e-06,0.0009619820120860822,0.06620114110410213,0.009325977483035392,0.005337485228665173,0.011761697164269933,0.0061038166750222445,0.34192028641700745,0.2040607137605548
1271,0.0012212336844907485,0.00040721139339439105,0.0002736809019552311,1.737432093307234e-06,0.0009413333355041686,0.06590190343558788,0.009304876220147884,0.005311383283697069,0.01175688258398563,0.006104643573053181,0.3416404277086258,0.20377116557210684
1272,0.0012202458362200375,0.00040307940435013734,0.00027583902738115285,1.6833665483773075e-06,0.0009120408903982025,0.06621818989515305,0.009327178203004861,0.005327344872057438,0.011784629431018047,0.006117644952610135,0.3432549238204956,0.20473655685782433
1273,0.0012192577361225725,0.00038799969661340583,0.0002629726068335003,1.6391933854720264e-06,0.0008881080357241444,0.06614809110760689,0.009322240053554557,0.005345746292732656,0.011795310582481943,0.006128387525677681,0.3438773974776268,0.20501274429261684
1274,0.0012182693852819263,0.00037306719059415627,0.00026230081039102515,1.5063474876342298e-06,0.0008161326950357761,0.06640340387821198,0.009340213321979833,0.0053403828060254455,0.011819971209129478,0.006148631684482098,0.3453168198466301,0.20586011186242104
1275,0.0012172807847819472,0.00036328080750536174,0.0002554157290433068,1.4668648020688124e-06,0.0007947410995257087,0.06603732146322727,0.00931443125208817,0.005319577059708536,0.011810561018344773,0.006133767776191235,0.3447671979665756,0.20540225971490145
1276,0.0012162919357067564,0.00036186044781061355,0.000249217627242615,1.4995166210951538e-06,0.0008124317282636184,0.06604556739330292,0.009315013189830808,0.005312478402629495,0.011797017904477498,0.006127361091785133,0.3439769670367241,0.2050112672150135
1277,0.0012153028391407488,0.00035428035516815726,0.0002339257061976241,1.5424611987668868e-06,0.0008356989237654489,0.06607570499181747,0.009317138027908038,0.005326624494045973,0.011784061862462497,0.006123353377915919,0.34322185069322586,0.20464877784252167
1278,0.0012143134961685894,0.00037020208765170537,0.00025280411955463933,1.5500193484285774e-06,0.0008397939236601815,0.06603504717350006,0.00931427121283487,0.005339143797755241,0.011775686855626844,0.006116125732660294,0.3427341505885124,0.20438459888100624
1279,0.0012133239078752146,0.0003983996903116349,0.00025166379418806173,1.8186618717663805e-06,0.000985343249340076,0.0660182572901249,0.009313086797822126,0.0053282929584383965,0.011800808842508594,0.006129927467554808,0.3441980704665184,0.20510816387832165
1280,0.001212334075345829,0.000435480915257358,0.00027950967978540575,1.95528627244812e-06,0.0010593658225843683,0.06599383242428303,0.009311363761163635,0.005329021951183677,0.011818938400248788,0.0061642719665542245,0.345256470143795,0.20562515128403902
1281,0.0012113439996659053,0.0004872163262916729,0.0003033212069567526,2.256933086641766e-06,0.0012227967599756084,0.06632881797850132,0.00933496611150473,0.005334306741133332,0.011796728793538458,0.00612398108933121,0.34396011382341385,0.20514446590095758
1282,0.001210353681921183,0.000544448022992583,0.0003779665803449461,2.234003886769642e-06,0.001210373746289406,0.06619246117770672,0.009325365897997435,0.005336674861609936,0.011810451514024062,0.006121945916675031,0.34476080536842346,0.2054766332730651
1283,0.0012093631231976669,0.0005563475715462118,0.00039663348434260115,2.2060045381522286e-06,0.0011952038621529937,0.06647084280848503,0.009344954723217724,0.005336235160939395,0.01182434214181075,0.006160008022561669,0.34557224810123444,0.20602154545485973
1284,0.001208372324581626,0.0005482264059537556,0.0003764737739402335,2.2798941614610158e-06,0.0012352369594736956,0.0661765318363905,0.009324243855532474,0.0053417900344356894,0.011819821472055764,0.006162447272799909,0.3453080579638481,0.2057422949001193
1285,0.0012073812871595928,0.0005596197624981869,0.00035916042543249205,2.5128602771928854e-06,0.0013614570489153266,0.06659264862537384,0.009353513331776664,0.005341251380741596,0.011804663281406818,0.006156053044833243,0.34442296624183655,0.2055078074336052
1286,0.0012063900120183608,0.0007046446153253783,0.00040052123040368315,3.5458715359482085e-06,0.0019211381077184342,0.06630356796085835,0.009333189230492365,0.005329754436388612,0.011841192989285269,0.0061477398267015815,0.3465579152107239,0.2064307415857911
1287,0.0012053985002449853,0.0007053554181766231,0.00042679602120188065,3.358448267931635e-06,0.0018195929515059106,0.06635110825300217,0.009336534681097061,0.005342668970115483,0.011828197216288819,0.006145586259663105,0.3457976207137108,0.20607436448335648
1288,0.00120440675292678,0.0007121659800759517,0.00044052292651031166,3.319956249470124e-06,0.0017987381361308508,0.06632581353187561,0.0093347552731645,0.005351144936867058,0.0117928862602987,0.006131434696726501,0.34373607486486435,0.20503094419836998
1289,0.001203414771151318,0.0006633436969423201,0.0004163795838394435,3.0476431476245125e-06,0.0016512000875081867,0.06573147512972355,0.009292837039763567,0.005311376298777759,0.011812842512455339,0.0061293484177440405,0.3449004292488098,0.20531595218926668
1290,0.0012024225560064285,0.0006309550699370448,0.0004036944974359358,2.842394479785071e-06,0.001539997298095841,0.06631794758141041,0.00933420136139741,0.0053373719565570354,0.011781686174842747,0.006143982638604939,0.343083456158638,0.2047007018700242
1291,0.0012014301085801972,0.0007446952004102059,0.0004180072446615668,3.7863842123897484e-06,0.0020514469651971012,0.06605668924748898,0.009315797478938698,0.005318132811225951,0.011791508312495824,0.006127573666162789,0.3436557576060295,0.20485622342675924
1292,0.0012004374299609646,0.0009454447863390669,0.0005212959804339334,4.876450319102332e-06,0.0026420399226481095,0.06627229787409306,0.00933098812219261,0.0053545612609013915,0.011840009323593878,0.006199601339176297,0.3464886322617531,0.20638046506792307
1293,0.001199444521237324,0.0010277842775394674,0.0005699729808839038,5.276950417965054e-06,0.002859029373212252,0.0662290621548891,0.009327944211419966,0.005348630482330918,0.011796061421339847,0.006169459316879511,0.3439211994409561,0.2050751307979226
1294,0.0011984513834981218,0.0012571976985782385,0.0007709431920375209,5.910373801043534e-06,0.0032022155792219564,0.06708078272640705,0.00938773213038367,0.00539551570545882,0.011848119938689483,0.006196851027198136,0.3469634875655174,0.20702213514596224
1295,0.0011974580178324558,0.0014024120318936184,0.0008828021491353866,6.424656561421216e-06,0.0034808514756150544,0.06629410944879055,0.00933252354379902,0.005350845283828676,0.011807352166914298,0.006157240713946521,0.34457989782094955,0.20543700363487005
1296,0.001196464425329673,0.0013517294137272984,0.0008762549186940305,6.005265476005661e-06,0.0032536273647565395,0.06655996665358543,0.009351217608679326,0.005345687735825777,0.011801064868062865,0.006129224435426295,0.34421300888061523,0.20538648776710033
1297,0.0011954706070793687,0.0014059518071007915,0.0008988201698230114,6.339064583471554e-06,0.0034344782179687172,0.06670951470732689,0.009361717101382037,0.00540420925244689,0.011804379905118614,0.0061563391936942935,0.34440644085407257,0.20555797778069973
1298,0.0011944765641713872,0.0014965541413403116,0.0009894230279314797,6.506286808871664e-06,0.0035250784712843597,0.06658194772899151,0.009352761767447293,0.0053601827239617705,0.011855174027635529,0.006159210577607155,0.3473767638206482,0.20697935577481985
1299,0.0011934822976958181,0.0013845769062754698,0.0008878018707036972,6.22315118903316e-06,0.0033716769539751112,0.06597969867289066,0.009310366633429643,0.005346254212781787,0.011755308852224075,0.006104431347921491,0.34154896438121796,0.2037643315270543
1300,0.001192487808742997,0.0014006065684952773,0.0008667092261021025,6.52680608936862e-06,0.003536195756169036,0.06637312844395638,0.009338083800159548,0.005366232944652438,0.01179615795209421,0.006141359801404178,0.3439268246293068,0.20514997653663158
1301,0.0011914930984035022,0.001339818918495439,0.000763951687986264,6.724467112917409e-06,0.003643287782324478,0.06667629070580006,0.009359385492519901,0.005358263966627419,0.011811367099075425,0.0061938033904880285,0.344814270734787,0.20574528072029352
1302,0.0011904981677681563,0.0012847474572481588,0.0007543277606600896,6.287288385919965e-06,0.003406426156288944,0.06628762185573578,0.00933206686169886,0.005344444653019309,0.011838394554394926,0.00619678117800504,0.3463940992951393,0.20634086057543755
1303,0.001189503017928022,0.0012074692640453577,0.0007313505484489724,5.743758720200276e-06,0.003111944068223238,0.06637703813612461,0.009338359135407356,0.005383295705541968,0.011779902357546196,0.006143015110865235,0.3429796025156975,0.20467832032591105
1304,0.0011885076499744038,0.0010295740285073407,0.0006614733756578062,4.6179332855444954e-06,0.0025019765889737755,0.06618918664753437,0.009325135336314617,0.005349218379706144,0.011841633703619452,0.006163274985738099,0.3465837091207504,0.2063864478841424
1305,0.001187512064998844,0.0009232309894287027,0.0005912000633543357,4.155356720048076e-06,0.0022513546209665947,0.06585555337369442,0.00930160366829236,0.005312964902259409,0.011797354960338988,0.006140591925941408,0.3439966291189194,0.2049260912463069
1306,0.0011865162640931242,0.0008566660580981988,0.0005414980259956792,3.908000579144755e-06,0.002117338102834765,0.06583703123033047,0.009300295400833236,0.005302832229062915,0.011829826908573943,0.0061482308665290475,0.34589290618896484,0.20586496870964766
1307,0.0011855202483492624,0.0007934053173812572,0.0005181831820664229,3.496324623597502e-06,0.0018942938186228275,0.06617988459765911,0.009324480096486372,0.0053460123017430305,0.011851367173674795,0.006162505596876144,0.3471536859869957,0.2066667852923274
1308,0.001184524018859511,0.0008362440530618187,0.0005484527719090693,3.668188654160076e-06,0.0019874090867233463,0.06660833582282066,0.009354614849296393,0.005346899386495352,0.01181824426996055,0.006145452964119613,0.34521592408418655,0.2059121299535036
1309,0.0011835275767163589,0.0007660823539481498,0.0004981220390618546,3.392281186620494e-06,0.0018379234825260937,0.06620949506759644,0.009326565819054446,0.005321427364833653,0.011796043687968414,0.006127876113168895,0.34392017126083374,0.2050648331642151
1310,0.001182530923012526,0.0007124336698325351,0.0004494018721743487,3.256874634871565e-06,0.0017645607731537893,0.06596212275326252,0.00930912671711854,0.005340159172192216,0.01178160172251945,0.006114684045314789,0.34307852387428284,0.20452032331377268
1311,0.0011815340588409659,0.0007027345418464392,0.0004428903921507299,3.215438866277509e-06,0.0017421111042494886,0.06579785607755184,0.009297527963796964,0.005319396965205669,0.011769925262807169,0.006120197358541191,0.34239885956048965,0.20409835781902075
1312,0.0011805369852948627,0.0006364751934597734,0.0004121390538784908,2.830992528402021e-06,0.0015338197044911794,0.06561705097556114,0.009284744910300782,0.005313464323990047,0.011730830167566701,0.006068084621801972,0.34012798219919205,0.2028725165873766
1313,0.001179539703467629,0.0005777202022727579,0.0003890759944624733,2.45903929396718e-06,0.0013322969753062353,0.06619067303836346,0.009325240182118224,0.00533400836866349,0.011771702402301375,0.006114128860644996,0.34250225126743317,0.2043464621528983
1314,0.001178542214452907,0.0005423524762591114,0.00037299582800187636,2.251363135030715e-06,0.0012197790565551259,0.06598641723394394,0.009310840790360708,0.005325745092704892,0.011800536009645514,0.006128424662165344,0.3441821411252022,0.20508427917957306
1315,0.001177544519344566,0.000542272204256733,0.0003577612806111574,2.3630968897236926e-06,0.0012803158242604695,0.06624507158994675,0.009329071073311074,0.0053298636339604855,0.011755863419044232,0.006112180650234222,0.34158118069171906,0.2039131261408329
1316,0.0011765466192367004,0.0005698807726730593,0.0003750523646885995,2.490226961526787e-06,0.0013491943391272798,0.06639597751200199,0.00933969099279676,0.0053413474233821034,0.011824909622928243,0.006142391706816852,0.3456054553389549,0.20600071642547846
1317,0.0011755485152236305,0.000576453487155959,0.00036801642090722453,2.602828971021154e-06,0.0014102017012191936,0.06603913567960262,0.00931455955490935,0.005327766644768417,0.011747681213393639,0.0061183791840448976,0.3411058783531189,0.20357250701636076
1318,0.0011745502083998999,0.0006252222483453806,0.0003799027545028366,2.9651398847363453e-06,0.0016065001400420442,0.06603206880390644,0.009314061370745641,0.005330341984517872,0.011832092696581626,0.0061694548930972815,0.34602542221546173,0.20602874550968409
1319,0.0011735516998602738,0.0005595102338702418,0.00035885822035197634,2.5140808332935194e-06,0.0013621182661154307,0.06619513407349586,0.00932555422482073,0.005320073338225484,0.011756459425421723,0.0061131169786676764,0.34161582589149475,0.2039054799824953
1320,0.0011725529906997398,0.0004868710293521872,0.00031988703267415985,2.1314432387953275e-06,0.0011548069451237097,0.06630440801382065,0.009333248380855757,0.005326683982275426,0.011800797281922036,0.0061274830950424075,0.3441974073648453,0.20525090768933296
1321,0.0011715540820135045,0.0004787742636835901,0.00031098776889848523,2.122423751416136e-06,0.0011499201718834229,0.06611828319728374,0.009320139603632916,0.005333145498298109,0.011791870824167588,0.006128919310867786,0.3436768725514412,0.20489757787436247
1322,0.0011705549748969937,0.0005889539097552188,0.000312908794512623,3.125041764917569e-06,0.001693134348897729,0.06591361574828625,0.00930570299889472,0.005329139064997435,0.011787503899541193,0.0061327662551775575,0.34342239797115326,0.20466800685971975
1323,0.0011695556704458517,0.0005709007855330128,0.0003397093660169048,2.7605724284285316e-06,0.0014956663726479746,0.0660533756017685,0.009315563556220832,0.005324477097019553,0.011788789119633242,0.006128965294919908,0.34349724650382996,0.20477531105279922
1324,0.0011685561697559375,0.0005983121664030477,0.00036697758150694426,2.8122228599158916e-06,0.0015236504332278855,0.06585131026804447,0.009301303777508247,0.005313985049724579,0.011729539992540968,0.006091245566494763,0.3400532081723213,0.2029522592201829
1325,0.0011675564739233263,0.0005794639691885095,0.00035640658461488783,2.7163252269701843e-06,0.001471693452913314,0.06615521758794785,0.009322742288272606,0.005352689535357058,0.011745820685510002,0.006130510941147804,0.3409978523850441,0.20357653498649597
1326,0.0011665565840443073,0.0005854860573890619,0.00039699549415672664,2.472238378459224e-06,0.001339448310318403,0.06613064929842949,0.009321010791142857,0.00532781460788101,0.011745677281782404,0.006117911776527762,0.34098950773477554,0.20356007851660252
1327,0.0011655565012153827,0.0005633203945762943,0.0003800645881710807,2.3926794483486447e-06,0.0012963435656274669,0.06610515341162682,0.009319213975261762,0.0053198025561869144,0.011779833488414616,0.006135765928775072,0.34297557175159454,0.20454036258161068
1328,0.001164556226533265,0.0005988905613776296,0.00037778525984322187,2.73776912251833e-06,0.0014833117675152607,0.06626710295677185,0.00933062250373719,0.005333416163921356,0.01176045306450696,0.006114979973062873,0.3418479636311531,0.20405753329396248
1329,0.0011635557610948789,0.0005938125614193268,0.0003987584277638234,2.536064627634005e-06,0.0013740290887653828,0.06593395210802555,0.009307138422737542,0.005330871790647507,0.011781280118824868,0.006125942338258028,0.34305982291698456,0.20449688751250505
1330,0.0011625551059973574,0.0005301526307448512,0.0003569992750271922,2.256876385331452e-06,0.0012227660045027733,0.0661953017115593,0.00932556641570619,0.005328685394488275,0.0118159411891539,0.006147339707240462,0.3450813889503479,0.2056383453309536
1331,0.0011615542623380408,0.0005098830060887849,0.0003389653702470241,2.2029583846006062e-06,0.0011935535294469446,0.06610830500721931,0.00931943599782772,0.005326360696926713,0.01174949283507776,0.00608492735773325,0.34121108055114746,0.2036596927791834
1332,0.0011605532312144776,0.0005078828726254869,0.00034181556475232355,2.1634573954543157e-06,0.0011721520495484583,0.06612897850573063,0.009320893310480478,0.005323678255081177,0.011760544628796955,0.006096758530475199,0.3418532907962799,0.20399113465100527
1333,0.0011595520137244208,0.0004999637258151779,0.00032044685940491036,2.2481371928506633e-06,0.0012180311423435342,0.0658692829310894,0.009302573187076543,0.005325313890352845,0.011754462251805656,0.006097095902077854,0.34149977564811707,0.20368452928960323
1334,0.0011585506109658284,0.0005206944424571702,0.0003295431088190526,2.372295618613407e-06,0.001285299764276715,0.06609778478741646,0.009318694860981159,0.005323340534232557,0.011754200568603605,0.006111907190643251,0.34148457646369934,0.2037911806255579
1335,0.0011575490240368607,0.0005100920734548708,0.00033659962900856044,2.2223536717547177e-06,0.0012040618166793138,0.06607607007026672,0.009317163505451883,0.005327950464561582,0.01177580332537035,0.006117229466326535,0.342740923166275,0.20440849661827087
1336,0.0011565472540358815,0.0005742784560425207,0.0003865095986839151,2.446224186769541e-06,0.0013253538345452398,0.06599142402410507,0.009311194194468658,0.005311197601258755,0.011761929606409928,0.006121788639575243,0.34193380922079086,0.20396261662244797
1337,0.0011555453020614538,0.000642273200355703,0.0003917994054063456,3.0346644166456826e-06,0.0016441683110315353,0.06642149947583675,0.009341486109264023,0.005338947405107319,0.011791224465790355,0.006143911043182015,0.34363922476768494,0.20503036212176085
1338,0.0011545431692123406,0.0007577017931907903,0.00044996861288382206,3.6704504111639835e-06,0.0019886344525730237,0.06605142913758755,0.009315426089713209,0.005336829344742,0.011773792284123782,0.006120670819655061,0.34262386709451675,0.20433764811605215
1339,0.0011535408565875043,0.0006561428381246515,0.0004161723300057929,2.982719607302897e-06,0.001616024768736679,0.06582696549594402,0.009299584327850717,0.00533221650402993,0.011746883150382918,0.006094128591939807,0.34105951339006424,0.20344323944300413
1340,0.0011525383652861026,0.000692546869686339,0.00044877190885017626,3.077998826483963e-06,0.0016676466329954565,0.0663558766245842,0.009336870163541636,0.005324819125235081,0.011770206995946662,0.006112184491939843,0.3424152582883835,0.20438556745648384
1341,0.0011515356964074907,0.0007783498076605611,0.0004877074316027574,3.5823819075631036e-06,0.0019409192245802842,0.06589888036251068,0.009304662842811964,0.005328430444933474,0.011746006054688833,0.006082474836148322,0.34100859612226486,0.20345373824238777
1342,0.0011505328510512181,0.0007846981025068089,0.000538961172424024,3.262568540662869e-06,0.0017676457719062455,0.06572552770376205,0.00929241638279007,0.005300957476720214,0.011749500885418138,0.0060880990931764245,0.34121154993772507,0.20346853882074356
1343,0.0011495298303170272,0.0007659646289539523,0.0005127567928866483,3.283148572563732e-06,0.001778795944119338,0.065807418897748,0.009298203687615485,0.0053036288591101766,0.011750375862612194,0.00612391741015017,0.3412623628973961,0.20353489089757204
1344,0.0011485266353048534,0.0007462472676706966,0.00046907404248486273,3.423688895054511e-06,0.0018549401065683924,0.06638351827859879,0.0093388147306966,0.005347741302102804,0.011754231828523731,0.006095545366406441,0.3414863720536232,0.203934945166111
1345,0.0011475232671148234,0.0007769393050693907,0.0004992201265849872,3.484368463091414e-06,0.001887815938971471,0.06585808284580708,0.009301782209697277,0.005327813443727791,0.01173741157361907,0.006105882814154029,0.340509757399559,0.20318392012268305
1346,0.0011465197268472529,0.0009826809655351099,0.0005993511913402472,4.643816325256012e-06,0.002515999964089133,0.06618913263082504,0.009325131532584234,0.005324117257259786,0.011787090173597428,0.006139479577541351,0.3433982655405998,0.20479369908571243
1347,0.0011455160156026468,0.0009436515138077084,0.0005916935551795177,4.340165318694744e-06,0.002351483257371001,0.06632604636251926,0.009334771544130196,0.005349944811314344,0.011756300214837777,0.006102055893279612,0.3416065573692322,0.20396630186587572
1348,0.0011445121344816987,0.0009546588735247497,0.0006131008412921801,4.283700775431498e-06,0.002320890882401727,0.06555486284196377,0.009280343986206394,0.005319026531651616,0.011792279292051048,0.006107437890022993,0.34370069205760956,0.20462777744978666
1349,0.0011435080845852857,0.0009782418055692688,0.0006275294508668594,4.3948132599780365e-06,0.002381091078859754,0.06630014069378376,0.009332947850246784,0.005343229626305401,0.011776185165044516,0.0061234558233991265,0.34276314824819565,0.2045316444709897
1350,0.0011425038670144726,0.0010625569739204366,0.0006633125121879857,4.908740294240488e-06,0.0026595346425892785,0.06571316346526146,0.009291542416346223,0.005299790995195508,0.011795448910668915,0.006143312784843147,0.34388548135757446,0.20479932241141796
1351,0.0011414994828705073,0.001093459974072175,0.000643324190605199,5.341501747579969e-06,0.0028940029733348638,0.06609857454895973,0.009318750297011819,0.00536299915984273,0.011774885592892631,0.00612089887727052,0.34268753230571747,0.2043930534273386
1352,0.001140494933254819,0.0009868403685686644,0.0006182405741128605,4.542744164837131e-06,0.0024612394990981556,0.0660770796239376,0.009317234959341093,0.005344712641090155,0.011826385500104206,0.0061620320193469524,0.3456917181611061,0.20588439889252186
1353,0.0011394902192690209,0.0009740305613377132,0.0006457947856688406,4.22109911824009e-06,0.002286973591253627,0.06543508730828762,0.009271862130499743,0.005295649287290871,0.011714960456605002,0.006076070945709944,0.33920836448669434,0.20232172589749098
1354,0.0011384853420149039,0.0009515168021607678,0.000588214610615978,4.438435468046009e-06,0.002404725535598118,0.06604607403278351,0.009315048925091248,0.0053325475892052054,0.011808604110871911,0.006157741183415055,0.344652958214283,0.20534951612353325
1355,0.00113748030259444,0.0008985450513137039,0.0005523543859453639,4.214332932406251e-06,0.002283307650941424,0.06603661738336086,0.009314382039578224,0.005331342574208975,0.01179159284812889,0.0061227697879076,0.3436606898903847,0.20484865363687277
1356,0.001136475102109778,0.000887996287929127,0.0005932775911787758,3.814852732375584e-06,0.0020668710494646803,0.06614945270121098,0.009322336151451489,0.005348035600036383,0.01179682007626433,0.006129456451162696,0.34396544098854065,0.2050574468448758
1357,0.0011354697416632426,0.0008395464647037443,0.0005454602251120377,3.7207589258514417e-06,0.0020158913685008883,0.06560375168919563,0.009283803899110848,0.005306551116518676,0.011745741240680667,0.006097046309150755,0.3409932181239128,0.20329848490655422
1358,0.0011344642223573358,0.0007329566178668756,0.000476389823234058,3.2470237982806793e-06,0.0017592237563803792,0.06628692336380482,0.00933201764473092,0.005339631927199662,0.011738137757635022,0.0060897256480529904,0.34055188298225403,0.20341940317302942
1359,0.001133458545294733,0.0006946567518753,0.0004258349690644536,3.2668101539456984e-06,0.0017699438176350668,0.06624302826821804,0.009328927273889492,0.0053362660109996796,0.011740517454343154,0.006107715191319585,0.3406899720430374,0.20346650015562773
1360,0.0011324527115782815,0.0006657110570813529,0.0004219200363877462,3.0285859509149304e-06,0.001640875059820246,0.06618963181972504,0.009325166936476273,0.005330988555215299,0.011793187804699361,0.006138160126283765,0.3437536582350731,0.20497164502739906
1361,0.0011314467223110013,0.0006063840792194242,0.0003865567505272338,2.742164923574819e-06,0.0014856933121336624,0.06571631506085396,0.009291765197993516,0.005312848836183548,0.011721289131140141,0.0060952313942834735,0.3395749479532242,0.20264563150703907
1362,0.0011304405785960842,0.0006441722289309837,0.00043071563231933396,2.7648767968457832e-06,0.0014979985280660912,0.0660287756472826,0.009313828478573604,0.005318788695149124,0.011764546467309941,0.006089775823056698,0.34208597242832184,0.20405737403780222
1363,0.0011294342815368888,0.0007317553354369011,0.00047389032079081517,3.254391003792989e-06,0.0017632153103477322,0.06586025655269623,0.009301936108464836,0.005333638051524758,0.011718107835490125,0.006082373671233654,0.33939066529273987,0.20262546092271805
1364,0.001128427832236944,0.0006506155004899483,0.0004199401937512448,2.9038926072644244e-06,0.0015733166874269955,0.06574529781937599,0.009293814225429521,0.005308519466780126,0.01175432034626239,0.0061092565301805735,0.34149152785539627,0.20361841283738613
1365,0.0011274212317999445,0.0006325050890154671,0.0003988359221693827,2.89256921348624e-06,0.0015671816872782074,0.06588635966181755,0.009303778980404617,0.005323001998476684,0.011758192190308282,0.006099447957240045,0.34171655029058456,0.20380145497620106
1366,0.0011264144813297509,0.0006505294404632878,0.0004057641090184916,3.0077583090815097e-06,0.0016295907407766208,0.0656850952655077,0.009289557896992318,0.00530480791348964,0.011734102574929805,0.006080410210415721,0.3403177782893181,0.2030014367774129
1367,0.0011254075819303894,0.000682422691170359,0.0004306609080231283,3.1182778883476203e-06,0.0016894697255338542,0.06551742367446423,0.009277693724618997,0.005295375362038612,0.011775998880730805,0.006121286656707525,0.3427523076534271,0.20413486566394567
1368,0.0011244005347060477,0.0007401722796203103,0.00045928896361147054,3.4398674415569985e-06,0.0018637055545696057,0.06588191725313663,0.009303465375773277,0.005329952808097005,0.01176120535537871,0.006133237504400313,0.34189169108867645,0.20388680417090654
1369,0.0011233933407610768,0.0007487211769330315,0.000430568006777321,3.730804024826284e-06,0.002021333813900128,0.06594652310013771,0.00930802587457515,0.005324866971932352,0.011748668265229769,0.006104523199610412,0.34116318821907043,0.20355485565960407
1370,0.001122386001199989,0.0007307182022486813,0.00043938582166447304,3.4995616857713685e-06,0.0018960476081701927,0.0660143606364727,0.009312811789658823,0.005334791145287454,0.011742135769201236,0.006080948049202561,0.34078390896320343,0.20339913479983807
1371,0.0011213785171274547,0.0007768373325234279,0.0004785045275639277,3.636367452486411e-06,0.001970168435946107,0.06611309573054314,0.009319773754761049,0.00532525940798223,0.011757587608138352,0.006107864435762167,0.34168141335248947,0.2038972545415163
1372,0.0011203708896483041,0.0007998999062692747,0.0005005132843507454,3.6867146064878398e-06,0.00199744627752807,0.06581246666610241,0.009298560604132219,0.005324185942299664,0.01173565295597151,0.006088855327107012,0.34040771424770355,0.20311009045690298
1373,0.0011193631198675247,0.0007863767750677653,0.0004758398572448641,3.744075897316179e-06,0.002028524424531497,0.06605732440948486,0.00931584180253131,0.005341855809092522,0.011759803896554472,0.006102514220401645,0.3418102264404297,0.20393377542495728
1374,0.001118355208890259,0.0008859937333909329,0.0005515578232007101,4.10438293840798e-06,0.0022237373268580996,0.06633783504366875,0.009335600643821855,0.005339425406418741,0.011811584395720085,0.006179569638334215,0.34482695162296295,0.20558239333331585
1375,0.0011173471578218054,0.000875423698744271,0.0005639043683913769,3.915684217759008e-06,0.002121500961948186,0.06609373725950718,0.009318409379720945,0.005328610190190375,0.011771957052139717,0.006121517973951995,0.34251707792282104,0.2043054075911641
1376,0.001116338967767615,0.0008020523782761302,0.000537834022907191,3.4310452150521087e-06,0.001858925781561993,0.06551954336464405,0.009277843807728794,0.005303368088789284,0.011761930688964039,0.006123835104517639,0.34193385392427444,0.20372669864445925
1377,0.0011153306398332923,0.000689184704242507,0.0004548218294075923,3.002305234645064e-06,0.0016266361926682293,0.06583143770694733,0.009299900508260737,0.0053249679040163755,0.011719949947702746,0.0060896576615050435,0.3394973650574684,0.20266440138220787
1378,0.0011143221751245924,0.0006692122187814675,0.00041891844921337906,3.083057094954711e-06,0.0016703872170182876,0.06608282960951328,0.0093176404400229,0.005321623757481575,0.011749330743396945,0.006107198190875351,0.34120168536901474,0.203642257489264
1379,0.0011133135747474203,0.0006184517224028241,0.0003737873339559883,2.94780683418594e-06,0.00159710920706857,0.06598771549761295,0.009310932317255665,0.005342015880160034,0.011751002332264749,0.006119358702562749,0.34129876643419266,0.2036432409659028
1380,0.00111230483980783,0.0005937654568697326,0.0003905264547938714,2.5964053094185147e-06,0.0014067213851376437,0.06615136563777924,0.009322470589283587,0.005324901081621647,0.01174802092341619,0.006095584714785218,0.34112559258937836,0.2036384791135788
1381,0.0011112959714120233,0.0005570875000557862,0.00037111433084646706,2.401237139793011e-06,0.0013009800968575291,0.06614822335541248,0.009322249321922806,0.005327649647369981,0.011775240892523887,0.0061279513174667954,0.34270820766687393,0.2044282155111432
1382,0.0011102869706663481,0.000555986011022469,0.00036379611265147105,2.445101443981912e-06,0.0013247455499367788,0.06576703675091267,0.00929535040606014,0.005320322117768228,0.01174162455081458,0.006113222683779895,0.3407542482018471,0.20326064247637987
1383,0.001109277838677297,0.0005460885658976622,0.0003474816603556974,2.4742092676888205e-06,0.0013405161225819029,0.0658592451363802,0.0093018640481772,0.005337727605365217,0.011737375929627595,0.006104790605604649,0.3405076786875725,0.20318346191197634
1384,0.0011082685765515074,0.0005620588635792956,0.0003526856016833335,2.5831724954628044e-06,0.0013995518747833557,0.0656972099095583,0.009290414624646349,0.005309041123837233,0.01171869986369415,0.006090259645134211,0.3394249603152275,0.2025610851123929
1385,0.0011072591853957586,0.000545248080015881,0.0003451580141700106,2.4836080143586514e-06,0.0013456082961056381,0.06597935408353806,0.009310342407210808,0.005303652840666473,0.011742552937895686,0.006110473768785596,0.3408081382513046,0.20339374616742134
1386,0.0011062496663169722,0.0005410126941569615,0.000332672156218905,2.5367029792278117e-06,0.0013743748277192935,0.06621106714010239,0.009326676792250065,0.005334815476089716,0.011795372884341071,0.00612381799146533,0.3438810333609581,0.20504605025053024
1387,0.001105240020422209,0.0005284625331114512,0.0003529178666212829,2.271411631227238e-06,0.001230641169968294,0.06568629667162895,0.009289642682385357,0.005293772788718343,0.011739628107286173,0.00609403639100492,0.3406383767724037,0.20316233672201633
1388,0.0011042302488186704,0.00048716059791331645,0.00032196330721490085,2.1187868100014384e-06,0.0011479497261461802,0.06611198000609875,0.00931969490361647,0.005326270475052297,0.011745637946112688,0.00610439432784915,0.3409872278571129,0.20354960393160582
1389,0.0011032203526136943,0.0005101035731058801,0.00031978499464457855,2.346599856650755e-06,0.0012713778123725206,0.06546561606228352,0.009274024706908756,0.005289248772896826,0.011754459775823949,0.006091315415687859,0.3414996266365051,0.20348262134939432
1390,0.0011022103329147554,0.0005200434679863974,0.0003246872183808591,2.4021384774641774e-06,0.001301468386373017,0.06603214889764786,0.009314066741355966,0.00532681227196008,0.011749991016904857,0.006097167497500777,0.3412400335073471,0.20363609120249748
1391,0.0011012001908294645,0.0005030583597545046,0.00033638412423897535,2.159033549276046e-06,0.0011697552326950245,0.06605681404471397,0.009315805972683132,0.005321239121258259,0.011748082701895176,0.006086353678256273,0.34112919121980667,0.20359300263226032
1392,0.0011001899274655663,0.0005481707376020495,0.00036431889748200774,2.3691179507068227e-06,0.0012835780944442376,0.06612001918256283,0.009320261777758175,0.005338505958206952,0.011742413057136927,0.006118175690062344,0.340800017118454,0.2034600181505084
1393,0.001099179543930938,0.0005743998735852074,0.0003521659236866981,2.7008990457488835e-06,0.0014633356622653082,0.06565824523568153,0.009287659030136139,0.0053014763398095965,0.01171790432858875,0.006090458366088569,0.33937887102365494,0.20251855812966824
1394,0.0010981690413335897,0.0006227901503734756,0.0003747817099792883,2.980502841865018e-06,0.0016148238282767124,0.06587632745504379,0.009303070519995604,0.005327290156856179,0.011750304033959836,0.006097411154769361,0.3412582203745842,0.203567273914814
1395,0.0010971584207816615,0.0006637201113335323,0.00042322724766563624,3.000561648036637e-06,0.0016256915478152223,0.06577963568270206,0.009296240744247895,0.005323085584677756,0.01176678525140152,0.00608277996070683,0.3422161862254143,0.20399791095405817
1396,0.0010961476833834217,0.0006647614463872742,0.0004284530041331891,2.971590504330379e-06,0.0016099951462820172,0.06587842106819153,0.009303218531775348,0.005330383311957121,0.011729873559805837,0.006085213273763657,0.34007251262664795,0.20297546684741974
1397,0.001095136830247269,0.000677417829137994,0.000421394111981499,3.14050572569613e-06,0.001701512621366419,0.0658417884260416,0.009300631408154526,0.00532476871740073,0.011743671923984638,0.006136386073194444,0.340873084962368,0.2033574366942048
1398,0.0010941258624817265,0.0008208529943658505,0.00047590913709427696,4.0617305359091915e-06,0.0022006283907103352,0.06619945727288723,0.009325858992176422,0.005362723837606609,0.011761400070854956,0.006130993249826133,0.3419030234217644,0.2040512403473258
1399,0.0010931147811954454,0.0007557380959042348,0.0004891728240181692,3.3628894300363754e-06,0.0018219991470687091,0.06572517193853855,0.009292391326771487,0.005325040663592517,0.011760752656502069,0.006122910068370402,0.3418653830885887,0.20379527751356363
1400,0.0010921035874972003,0.0006639016028202605,0.00045319459786696825,2.780991721351711e-06,0.0015067295607877895,0.06612114608287811,0.009320341209597129,0.005338718765415251,0.0117635223996835,0.0061253352323547006,0.34202641248703003,0.20407377928495407
1401,0.0010910922824958881,0.0007217859420052264,0.0004568691601889441,3.288052766947658e-06,0.0017814530001487583,0.0655627902597189,0.009280905032196618,0.005319806979969144,0.01175659217662175,0.0060802140505984426,0.34162355959415436,0.20359317492693663
1402,0.0010900808673005296,0.0007350404266617261,0.00047917842675815336,3.245666647444523e-06,0.001758488368068356,0.06561518460512161,0.00928461266901649,0.005309005849994719,0.011709838821893264,0.006069204420782626,0.33891183137893677,0.2022635079920292
1403,0.0010890693430202656,0.000734796285541961,0.0004931417370244162,3.1403240114968867e-06,0.0017014143886626698,0.06586796790361404,0.009302480111400576,0.005331194493919611,0.011741541669373317,0.00609584734775126,0.34074942022562027,0.20330869406461716
1404,0.0010880577107643557,0.0007397077060886659,0.0004774579247168731,3.301441140024508e-06,0.0017887067297124304,0.06595375202596188,0.009308535813298328,0.005337555892765522,0.011773789812207103,0.00612172984983772,0.342623732984066,0.20428874250501394
1405,0.0010870459716421795,0.0008014478808036074,0.00046961268890299834,3.929135004909767e-06,0.0021287886556820013,0.06570900417864323,0.009291248074054667,0.005310309235937893,0.011730215336229888,0.00609775516204536,0.34009234607219696,0.2029006751254201
1406,0.001086034126763233,0.0007665268130949698,0.00048002198127505835,3.530013174213309e-06,0.0019125461112707853,0.06575510278344154,0.009294506658549211,0.005331075401045382,0.011708680249659879,0.006072218995541334,0.33884475380182266,0.2022999282926321
1407,0.0010850221772371273,0.000852245375426719,0.00048772620903037023,4.264193620429069e-06,0.0023103219500626437,0.06572781689465046,0.009292578462278246,0.005311038228683174,0.011750775401477146,0.006099778693169355,0.3412855789065361,0.20350669790059328
1408,0.00108401012417359,0.0008856251261022408,0.0004806055912922602,4.624811438702636e-06,0.0025057031452888623,0.06574498303234577,0.00929379171755174,0.005313405999913812,0.011849399812264164,0.006202902994118631,0.3470384404063225,0.20639171171933413
1409,0.0010829979686824609,0.001056962300935993,0.0005489408467838075,5.701499247834363e-06,0.003089048055699095,0.06565172970294952,0.009287198183302448,0.0053273101802915335,0.011769974099095097,0.0061293900944292545,0.3424016907811165,0.204026710242033
1410,0.0010819857118736927,0.0009987841185647994,0.000591005795286037,4.854038252233295e-06,0.0026298973098164424,0.06523210369050503,0.009257469999276778,0.005310731125064194,0.011687926768995124,0.006089964765124023,0.33764464408159256,0.2014383738860488
1411,0.0010809733548573497,0.00104270972951781,0.0006296498449955834,4.974105678456908e-06,0.002694949187571183,0.06614503264427185,0.009322024341875837,0.005351168569177389,0.01174195963374306,0.006129091256298125,0.34077368676662445,0.20345935970544815
1412,0.0010799608987436043,0.0009626960090827197,0.0006666771369054914,3.962325962447721e-06,0.0021467713959282264,0.06570833176374435,0.009291200794393727,0.005328143015503883,0.011738359354139362,0.006097330711781979,0.3405647724866867,0.20313655212521553
1413,0.0010789483446427396,0.0010009710567828733,0.0006591552737518214,4.371082738430232e-06,0.0023682340688537806,0.06582657434046268,0.009299557041750056,0.005332646775059402,0.011745435225946453,0.006120185018517077,0.34097544848918915,0.20340101141482592
1414,0.0010779356936651456,0.0010160193014598917,0.000676055446092505,4.385184965371991e-06,0.0023758745519444346,0.06586708500981331,0.009302417734533523,0.005341357667930424,0.011777814023235132,0.006123686209321022,0.3428579792380333,0.2043625321239233
1415,0.0010769229469213177,0.0009679164177214261,0.0006119095141912112,4.4148445681457815e-06,0.002391943955444731,0.06603309884667397,0.009314133531960199,0.005329895997419953,0.011792598127805858,0.006131492671556771,0.3437192663550377,0.20487618260085583
1416,0.001075910105521857,0.000928868910705205,0.0006153817193990108,4.02885706307643e-06,0.002182817624998279,0.06603776291012764,0.009314462205061423,0.005333396838977933,0.011747690503679874,0.006093762698583305,0.3411064147949219,0.20357208885252476
1417,0.0010748971705774684,0.0008423164836131036,0.0005827108652738389,3.471305959124038e-06,0.0018807388332788832,0.06580742262303829,0.009298203981057547,0.005323881516233087,0.011757941728743938,0.006106754066422582,0.341701976954937,0.20375469978898764
1418,0.0010738841431989588,0.0007644760298717301,0.0005276249739836203,3.1596411389500645e-06,0.0017118801551987417,0.06573610566556454,0.009293164312986572,0.005314992624334991,0.011752397875745032,0.006112509407103062,0.3413798362016678,0.20355797093361616
1419,0.0010728710244972373,0.000669998953526374,0.0004595079863065621,2.790650825090779e-06,0.0015119627641979605,0.06592954695224762,0.00930682766756182,0.00531130051240325,0.011705278747502363,0.0060647823847830296,0.33864791691303253,0.20228873193264008
1420,0.0010718578155833134,0.0006115449468779843,0.00039593925794179086,2.7205226444948494e-06,0.0014739676480530761,0.06586834043264389,0.009302506411239544,0.005317757371813059,0.011728385847947519,0.006089569302275777,0.33998625725507736,0.20292729884386063
1421,0.0010708445175682936,0.0005646921927109361,0.00037123904621694237,2.470497022954987e-06,0.0013385047059273347,0.06527299620211124,0.009260371488040398,0.005289132823236287,0.011734908792434221,0.006057179416529834,0.34036456048488617,0.2028187783434987
1422,0.0010698311315633844,0.0005354192617232911,0.0003570400513126515,2.305178711026201e-06,0.0012489360524341464,0.06579386256635189,0.009297245745550521,0.005309955100528896,0.011727655027421152,0.0060754354344680905,0.33994390815496445,0.20286888536065817
1423,0.0010688176586798872,0.000528595282958122,0.00036400654971657787,2.1907704450541132e-06,0.0011869501504406799,0.06569132767617702,0.00928999855720536,0.005311582703143358,0.011753552602923765,0.0060924559365957975,0.3414469212293625,0.20356912445276976
1424,0.0010678041000291997,0.00047930953587638214,0.0003135035167360911,2.1087903263605767e-06,0.0011425335724197794,0.06565598957240582,0.009287499215039687,0.00530291476752609,0.011723998845090879,0.006072374642826617,0.33973196148872375,0.20269397553056479
1425,0.0010667904567228132,0.0003959799068979919,0.00025801540141401347,1.7494376720605942e-06,0.000947837921557948,0.065501619130373,0.009276574641741059,0.005302906269207597,0.011704637864202807,0.0060759244952350855,0.33861082792282104,0.20205622352659702
1426,0.0010657767298723117,0.00034403639074298553,0.00022773280397814233,1.4936453283098672e-06,0.0008092506941466127,0.06559167616069317,0.009282949696542381,0.005316193797625601,0.011729419186435757,0.006086323177441955,0.340046189725399,0.2028189329430461
1427,0.001064762920589371,0.00029736967917415313,0.00019827173764497275,1.2804851010628227e-06,0.0006937614234630018,0.06570306234061718,0.00929082812827163,0.005306639242917299,0.011708099056211388,0.006075119017623365,0.33881112933158875,0.20225709583610296
1428,0.0010637490299857573,0.000275742468147655,0.0001826253119361354,1.196412263482216e-06,0.000648211054794956,0.06570945493876934,0.00929128027890335,0.005307580926455557,0.011734317116971201,0.006092409836128354,0.34033022820949554,0.20301984157413244
1429,0.0010627350591733262,0.0002519426425351412,0.00016746438541304087,1.0887048276231326e-06,0.0005898556628380902,0.06556412391364574,0.009280999696175856,0.005299328593537211,0.011708946989306386,0.006063497276045382,0.3388601914048195,0.20221215765923262
1430,0.0010617210092640204,0.00023400415921059903,0.00015828868799871998,9.909011140507573e-07,0.0005368660185922636,0.06559484824538231,0.009283173958042637,0.005294957314617932,0.011699040143418086,0.006070458795875311,0.33828704059123993,0.20194094441831112
1431,0.0010607068813698706,0.00021728617957705865,0.0001442165521439165,9.405107093130027e-07,0.0005095646774861962,0.06574804149568081,0.00929400769307014,0.005302728735841811,0.011739402351153214,0.006088403286412358,0.34062525629997253,0.20318664889782667
1432,0.0010596926766029923,0.00019995665570604615,0.00013367240308070905,8.584299031610954e-07,0.00046509365347446874,0.06558673270046711,0.009282599920085193,0.005300492979586124,0.011716947131255413,0.00608351978007704,0.33932341635227203,0.20245507452636957
1433,0.001058678396075585,0.00020862351811956614,0.00013195020392231527,9.511273049156443e-07,0.0005153167749085696,0.0657676663249731,0.00929539502283848,0.005305835860781372,0.011712112291577384,0.006071198033168912,0.339043453335762,0.20240555983036757
1434,0.0010576640408999321,0.00020867215062025934,0.00013588745605375152,9.225079473651476e-07,0.000499810903420439,0.06556418165564537,0.009281003713983842,0.0052945546340197325,0.011700354669330405,0.006062034051865339,0.33836305141448975,0.20196361653506756
1435,0.0010566496121883983,0.00021886891317990376,0.00014661712793895276,9.373939526824415e-07,0.0005078760495962342,0.0658131055533886,0.009298605498936708,0.00531018921174109,0.011734989085626457,0.006083062500692904,0.34036919474601746,0.20309115014970303
1436,0.001055635111053429,0.0002173304847019608,0.00014120414107310353,9.631597173154205e-07,0.0005218358364800224,0.06564295664429665,0.009286577580577573,0.0052983437199145555,0.011716928657167645,0.006079991580918431,0.3393223360180855,0.20248264633119106
1437,0.0010546205386075486,0.00022740808617527364,0.00014540589017997263,1.0251406123984452e-06,0.0005554168510570889,0.06573787704110146,0.009293289288386297,0.005311910063028336,0.01175081208840213,0.006109532085247338,0.3412877172231674,0.20351279713213444
1438,0.001053605895963361,0.00024179597039619694,0.00016052940645749914,1.0462655026799439e-06,0.0005668622106895782,0.06590552069246769,0.00930513181688276,0.005312093999236822,0.011734306730994517,0.00608480884693563,0.340329647064209,0.20311758387833834
1439,0.001052591184233546,0.0002488370055289124,0.000158905462740222,1.1232334458100013e-06,0.0006085631539463066,0.06602542661130428,0.009313592358049117,0.005316703231073916,0.011744978666876345,0.006084604072384536,0.3409489542245865,0.20348719041794538
1440,0.001051576404530859,0.0002589511241239961,0.0001684206190475379,1.1463234059760907e-06,0.0006210731226019561,0.06571086496114731,0.009291379927241761,0.0053110632579773664,0.011745856149012785,0.006096678087487817,0.34099989384412766,0.20335537940263748
1441,0.001050561557968131,0.00031390591357194353,0.00021358732283260906,1.3200182493733337e-06,0.000715180274710292,0.06569983810186386,0.00929060013576962,0.00530503352638334,0.011713139611578398,0.00607202819082886,0.33910292387008667,0.20240138098597527
1442,0.0010495466456582653,0.00033456530945841223,0.00021933507741778158,1.468239915425329e-06,0.0007954862048791256,0.06585032120347023,0.00930123405909369,0.0053228914039209485,0.011743182922831913,0.006100559956394136,0.34084469079971313,0.20334750600159168
1443,0.0010485316687142375,0.00035722254506254103,0.000247553125518607,1.4690041112430663e-06,0.0007959002032293938,0.06548181548714638,0.009275172435935255,0.005310302600264549,0.011731104466536931,0.00607888144440949,0.3401439040899277,0.20281285978853703
1444,0.001047516628249095,0.0003445099755481351,0.00023293869435292436,1.4595815258644507e-06,0.0007907950675871689,0.06563756428658962,0.009286196208100958,0.00530062906909734,0.011738137757635022,0.0060796457109972835,0.34055188298225403,0.20309472363442183
1445,0.0010465015253759535,0.0003594516147131799,0.00024208895047195256,1.5299164886073413e-06,0.0008289022371172905,0.06576094776391983,0.009294919686586215,0.005304675665684044,0.011709562937375469,0.006056880694814026,0.33889584988355637,0.2023283988237381
1446,0.0010454863612079977,0.0003915095003321767,0.00027750105891755084,1.564322410274599e-06,0.0008475432514387649,0.06567893549799919,0.009289122013449266,0.00531047023832798,0.011744826579826197,0.006095822085626423,0.34094011038541794,0.20330952294170856
1447,0.0010444711368584802,0.0004341383591963677,0.00028678019043582026,1.8892193835995386e-06,0.001023571014229674,0.06575769186019897,0.009294689641725551,0.005315947346389294,0.011719012474806176,0.006071583717130125,0.33944304287433624,0.2026003673672676
1448,0.0010434558534407183,0.0004565103990898933,0.00029285526579769794,2.050829799316034e-06,0.0011111308995168656,0.06577401794493198,0.009295843624815645,0.005297604366205633,0.011733246847993916,0.0060841935919597745,0.34026815742254257,0.20302108768373728
1449,0.001042440512068095,0.00045255207078298554,0.00029194718081271276,2.0210045050816916e-06,0.0010949716015602462,0.06550106406211853,0.009276535522867425,0.005299333482980728,0.011698288053122044,0.0060744351940229535,0.3382435366511345,0.2018723003566265
1450,0.0010414251138540572,0.0004980142475687899,0.000323389192999457,2.2084233393115937e-06,0.0011965144440182485,0.06554682739078999,0.009279775359662422,0.0053091468289494514,0.011735248097179653,0.006097639678046107,0.34038424491882324,0.20296553615480661
1451,0.0010404096599121125,0.0005154313585080672,0.0003457402162894141,2.2041440956854785e-06,0.0011941958873649128,0.06567657180130482,0.009288954978081512,0.005309814936481416,0.011755402003947785,0.0061042505549266934,0.3415543809533119,0.20361547637730837
1452,0.001039394151355831,0.0005281837948132306,0.0003561618141247891,2.244889685698581e-06,0.0012162716811872087,0.06582247838377953,0.009299267452070575,0.005327602964825928,0.01172636667473028,0.0060887112049385905,0.3398692160844803,0.2028458472341299
1453,0.001038378589298843,0.0005637243484670762,0.00036979117248847615,2.4722543798816332e-06,0.00133945704146754,0.0657743327319622,0.009295865932047948,0.005320400116033852,0.011740512651430227,0.006135972216725349,0.3406897038221359,0.20323201827704906
1454,0.001037362974854836,0.0006622726868954487,0.0003902406169800088,3.230739494597401e-06,0.0017504009083495475,0.06618169322609901,0.009324607675817269,0.005318844225257635,0.011729415154374846,0.006081719882786274,0.3400459438562393,0.20311381854116917
1455,0.0010363473091375562,0.0006651249204878695,0.00043699076741177123,2.911911735736794e-06,0.001577661489136517,0.06589563563466072,0.009304433820831504,0.005309635773301125,0.011724145616958354,0.0060783299850299954,0.33974048495292664,0.20281806029379368
1456,0.0010353315932608053,0.0007028531872492749,0.0004627569705917267,3.0698616768631837e-06,0.0016632379847578704,0.06594980880618095,0.009308257544010923,0.005330771557055414,0.011696647187183407,0.0061147999949753284,0.33814866095781326,0.2020492348819971
1457,0.0010343158283384402,0.0008383631902688649,0.0004923540145682637,4.101914285570274e-06,0.00222239983122563,0.06569872982800007,0.00929052201596974,0.005326965940184891,0.011759542950947124,0.006102794548496604,0.34179506450891495,0.2037468971684575
1458,0.0010333000154843725,0.0010935084646916948,0.0006762464363418985,5.098889147348018e-06,0.002762556505331304,0.06567177921533585,0.009288616198416696,0.005312597029842436,0.011714419325928033,0.006121346261352301,0.3391770049929619,0.20242439210414886
1459,0.0010322841558125647,0.0009937111171893775,0.000629445850790944,4.523424408375831e-06,0.002450772051815875,0.06574505381286144,0.00929379670843369,0.005309066385962069,0.011685578702362542,0.006054940866306424,0.33750899136066437,0.2016270225867629
1460,0.0010312682504370317,0.0010286807555530686,0.0006544921488966793,4.661230860847354e-06,0.0025254350912291557,0.06554611586034298,0.009279724787258812,0.0052979192696511745,0.011735257862314894,0.006086177891120315,0.3403848111629486,0.2029654635116458
1461,0.0010302523004718388,0.0010205792350461707,0.0006576998785021715,4.562783132655568e-06,0.0024720965229789726,0.0659822877496481,0.009310549304904875,0.005321156815625727,0.01173607872463311,0.006096502533182502,0.34043242782354355,0.20320735778659582
1462,0.001029236307031099,0.0011461002650321461,0.0007633282148162834,4.94132410722159e-06,0.002677188385860063,0.06580719538033009,0.0092981877439162,0.005342007032595575,0.01177921565561847,0.006128817331045866,0.342939592897892,0.20437339413911104
1463,0.0010282202712289736,0.001169410337752197,0.0008048099953157362,4.850188446425818e-06,0.00262781155470293,0.06520207785069942,0.009255339127461236,0.005301881930790842,0.011700632014652613,0.006069254362955689,0.3383791074156761,0.20179059263318777
1464,0.0010272041941796714,0.0011812015072791837,0.0007609426575072575,5.282870318978894e-06,0.002862236709916033,0.06563425250351429,0.009285961931469206,0.005330536048859358,0.011704365120728403,0.0060786084504798055,0.33859504759311676,0.20211465004831553
1465,0.0010261880769974444,0.0011322078717057593,0.0007494227793358732,4.915778916370073e-06,0.002663348102942109,0.06543309986591339,0.00927172146562819,0.00532249198295176,0.011739838055044334,0.006114984513260424,0.3406505659222603,0.20304183289408684
1466,0.0010251719207965905,0.0009202457949868403,0.0005795883007522207,4.213535746089292e-06,0.002282875750097446,0.06549328193068504,0.00927598421352716,0.005298972595483065,0.011717066203038176,0.006059530423954129,0.3393303006887436,0.20241179130971432
1467,0.001024155726691449,0.0009196643695759121,0.0005641500902129337,4.322148015489802e-06,0.002341721425182186,0.06546048074960709,0.00927366086363238,0.005308181163854897,0.01167874349471874,0.0060601693112403154,0.33711426705121994,0.2012873739004135
1468,0.0010231394957964015,0.0008897884908947162,0.0005374288502935087,4.2437154377239494e-06,0.002299226965988055,0.06595141813158989,0.009308371178155316,0.005313653382472694,0.01174896413237854,0.006090037408284843,0.34118037670850754,0.2035658974200487
1469,0.00102212322922587,0.0007811063405824825,0.0004845575967920013,3.6310756286184187e-06,0.0019673013011924922,0.06537399254739285,0.009267532715916054,0.005300480755977333,0.011696559010557845,0.00605816685128957,0.3381435498595238,0.2017587712034583
1470,0.0010211069280943149,0.0007020933044259436,0.0004425309962243773,3.2121743771540423e-06,0.001740342500852421,0.06587910279631615,0.009303266532447911,0.005313721136189997,0.011711831180002434,0.006083118729293346,0.33902717381715775,0.20245313830673695
1471,0.0010200905935162353,0.0006581546149391215,0.0004217035366309574,2.960449236866225e-06,0.001603958873602096,0.06581070646643639,0.00929843618863938,0.005325180594809353,0.01170176262629599,0.006070112343877554,0.3384444862604141,0.20212759636342525
1472,0.0010190742266061672,0.0006552836384798866,0.000397735733713489,3.1109050553368434e-06,0.0016854751738719642,0.06565307453274727,0.009287293272781211,0.00532291573472321,0.011709945694329154,0.006056279642507434,0.3389179930090904,0.20228553377091885
1473,0.0010180578284786808,0.0005773709490313195,0.00036480686867434997,2.6349916026902065e-06,0.0014276271685957909,0.06541452556848526,0.009270405351135009,0.005296139162965119,0.01170938103023273,0.006057705148123205,0.3388853147625923,0.2021499201655388
1474,0.001017041400248381,0.0005956737222732045,0.0003444548674451653,2.9541557537982044e-06,0.0016005490761017427,0.06555097736418247,0.009280069183795434,0.005297807045280933,0.011792342689687476,0.006144611514173448,0.34370437264442444,0.20462767500430346
1475,0.0010160249430299073,0.0006385006672644522,0.0003410979697946459,3.3741707596846027e-06,0.001828111446229741,0.06531881727278233,0.00926362110153708,0.005296836257912219,0.011688079440806456,0.0060688338708132505,0.3376534581184387,0.20148613769561052
1476,0.0010150084579379284,0.0005435771436168579,0.0003316232850920642,2.5681125350729417e-06,0.0013913925358792767,0.0655229203402996,0.009278082896577654,0.00528504082467407,0.011683360321889758,0.006042114575393498,0.3373808413743973,0.20145188085734844
1477,0.0010139919460871454,0.0004921849831589498,0.00030424261603911873,2.2959841885494825e-06,0.0012439544370863587,0.06501473672688007,0.009242033542628383,0.005291379056870937,0.011724067266454342,0.00608917826320976,0.3397359400987625,0.2023753384128213
1478,0.001012975408592288,0.0004567177493299823,0.00027276740456727566,2.201049220218465e-06,0.0011925191065529361,0.06528859585523605,0.00926147779850184,0.005282306461594999,0.011692897927472922,0.006063119973987341,0.33793188631534576,0.2016102410852909
1479,0.001011958846568114,0.0004097767705388833,0.00026230669845972443,1.8450808809689079e-06,0.0009996570297516882,0.06538578495383263,0.00926836861547456,0.00529926223680377,0.011694652553335844,0.0060675544664263725,0.3380333334207535,0.20170955918729305
1480,0.0010109422611294088,0.0003933102489099838,0.00026492004417377757,1.6738246131353662e-06,0.0009068710714927875,0.06575032509863377,0.009294169353381806,0.005298377829603851,0.011709824996754,0.006091073155403137,0.3389110267162323,0.20233067590743303
1481,0.0010099256533909829,0.0003856325783999637,0.0002478234428053838,1.729192383947975e-06,0.0009368690771225374,0.06540769338607788,0.009269921276938414,0.005299157579429448,0.01170299757770632,0.006059442879632115,0.3385159373283386,0.20196181535720825
1482,0.0010089090244676708,0.00039912286592880264,0.00024260445934487507,1.8922194229276101e-06,0.0010251964304188732,0.06537766568362713,0.00926779316981402,0.005295115057379007,0.0116657739763461,0.006062550819478929,0.3363659381866455,0.20087180193513632
1483,0.0010078923754743313,0.00038148791645653546,0.0002499875890862313,1.6749655245007489e-06,0.0009074892113858368,0.06543451175093651,0.009271821422266112,0.005285046645440161,0.011732872757901094,0.00607896433211863,0.34024643898010254,0.20284047536551952
1484,0.0010068757075258447,0.0003418699143367121,0.00021023675799369812,1.6028227420861185e-06,0.0008684025269758422,0.06549172662198544,0.009275874006556767,0.0052880082512274384,0.011682192272604365,0.0060481231193989515,0.3373133912682533,0.20140255894511938
1485,0.0010058590217371117,0.00034275427242391743,0.00021884803572902456,1.547408203350642e-06,0.0008383792192034889,0.06549674272537231,0.009276229135006054,0.0052947429940104485,0.01174163493031834,0.00608919037040323,0.34075483679771423,0.20312578976154327
1486,0.001004842319223053,0.0003408449629205279,0.00020397138359840028,1.639620180071688e-06,0.0008883392547431868,0.06576724722981453,0.00929536518049949,0.005304311751388013,0.011694981516377935,0.0060709763783961535,0.3380523696541786,0.20190980844199657
1487,0.0010038256010986078,0.00037005848571425304,0.00020897052490909118,1.872311344186528e-06,0.0010144103034690488,0.06538121588528156,0.009268044882620686,0.005289552267640829,0.011720853358492876,0.006058865925297141,0.3395497128367424,0.20246546436101198
1488,0.001002808868478732,0.0003927500620193314,0.00023170890108303865,1.9138479245839335e-06,0.0010369146766606718,0.06547355651855469,0.009274587409990353,0.005291067413054407,0.011696053731678804,0.006064124638214707,0.33811432123184204,0.20179393887519836
1489,0.0010017921224783975,0.0003638752805272816,0.00022178038489073515,1.7206758613497186e-06,0.0009322548467025626,0.06578803062438965,0.009296833799137153,0.005305885220877826,0.011700239625059162,0.006085526547394693,0.3383564129471779,0.20207222178578377
1490,0.0010007753642125913,0.00039146618473751005,0.00025249506416002987,1.7485383025928058e-06,0.0009473506324866321,0.06547982059419155,0.009275030840683735,0.005309659987688065,0.011714240289242474,0.006064860615879297,0.33916666358709335,0.20232324209064245
1491,0.0009997585947963132,0.0003645580891316058,0.00022800803435529815,1.6809993539368406e-06,0.0009107582918659318,0.06547141075134277,0.009274435312890305,0.005294634494930506,0.011707902211366023,0.006070429226383567,0.33879973739385605,0.2021355740725994
1492,0.0009987418153445755,0.0003996922168880701,0.0002578732664915151,1.7847463524844898e-06,0.0009669680002843961,0.06549075618386269,0.009275805273610676,0.005308246472850442,0.011737506262131579,0.006086385692469776,0.34051527082920074,0.20300301350653172
1493,0.0009977250269724016,0.0003908293256245088,0.00025065921363420784,1.7562148570959835e-06,0.0009515097481198609,0.0656479112803936,0.009286928088617964,0.005300918943248689,0.011698171589085682,0.006067408714443445,0.33823680877685547,0.20194236002862453
1494,0.0009967082307948249,0.00037406217597890645,0.00024350232433789643,1.6543162999482774e-06,0.0008963015461631585,0.06587487459182739,0.009302967868435189,0.005313263391144574,0.01170713561907759,0.0060617184499278665,0.33875536918640137,0.20231512188911438
1495,0.0009956914279268866,0.00037726077971456107,0.0002461984422552632,1.6639298294762739e-06,0.000901510091352975,0.06540637649595737,0.00926982777530057,0.005304842605255544,0.011721141857937566,0.00608087470754981,0.3395664170384407,0.20248639676719904
1496,0.0009946746194836363,0.00040351381539949216,0.00024377313911827514,1.924113441020836e-06,0.0010424764950585086,0.06564519926905632,0.009286735844577584,0.005303715821355581,0.011709564956824046,0.006071164738386869,0.3388959616422653,0.20227058045566082
1497,0.0009936578065801286,0.0004127829506614944,0.000255942266448983,1.9198114245000397e-06,0.0010401456347608473,0.06542738899588585,0.009271316625319305,0.005293991882354021,0.011716913443191142,0.006083561107516289,0.33932145684957504,0.20237442292273045
1498,0.0009926409903314238,0.00041140272151096724,0.00026313611851946916,1.853962601217063e-06,0.0010044691116490867,0.06559156812727451,0.009282941858558848,0.005305004771798849,0.011706019045250501,0.006060837302356958,0.33869074285030365,0.20214115548878908
1499,0.000991624171852586,0.00037933247767796274,0.0002477296166034648,1.6717442079539069e-06,0.0009057439092430286,0.06549733877182007,0.009276271686757364,0.005306751700118184,0.011721376500985385,0.0060717432061210275,0.3395800068974495,0.20253867283463478
1500,0.00099060735225868,0.0003792905827140203,0.00024075808687484823,1.7228274273861643e-06,0.0009334205387858674,0.06587032601237297,0.009302646610613429,0.005311750457622111,0.011715643472237932,0.00607075123116374,0.3392479121685028,0.2025591190904379
1501,0.0009895905326647743,0.0004298851690691663,0.00027086455520475283,1.967471227715123e-06,0.001065967597241979,0.06533024087548256,0.009264431142515538,0.005289020948112011,0.011705556753132947,0.006074752775020897,0.3386640101671219,0.20199712552130222
1502,0.0009885737141859363,0.0004940075468766736,0.00033968475509027485,2.0511395391054066e-06,0.0011112986649095546,0.06605114415287971,0.00931540627015594,0.0053283326560631394,0.01171321881164689,0.006091828690841794,0.3391074985265732,0.20257932133972645
1503,0.0009875568979372312,0.0005034352398070041,0.0003383350103831617,2.148108507071811e-06,0.0011638360883807763,0.06556046940386295,0.009280740984877823,0.005284523009322584,0.011674597571114106,0.00605561793781817,0.33687493205070496,0.20121770072728395
1504,0.0009865400850337235,0.00047378484669025056,0.00032607275716145523,1.965008301851867e-06,0.0010646331757016014,0.06582215428352356,0.009299244663982562,0.005315127782523632,0.011695156648483095,0.006066067144274712,0.33806246519088745,0.2019423097372055
1505,0.0009855232765904733,0.000531100844455068,0.00030353402416949393,2.660353310091068e-06,0.00144136813833029,0.06535420566797256,0.009266130025205717,0.005300070159137249,0.011677664082439696,0.006066154805012047,0.3370519429445267,0.20120307430624962
1506,0.0009845064737225352,0.0005445023034553742,0.00032863336491573136,2.5987247198600016e-06,0.001407978001225274,0.06540667824447155,0.009269849164006062,0.005301434546709061,0.0117082766332127,0.006094610900618136,0.3388214036822319,0.20211404096335173
1507,0.0009834896775449582,0.0005096969107398763,0.0003349498892930569,2.23088674289329e-06,0.0012086849164916202,0.06560766696929932,0.009284081138010257,0.00530101777985692,0.011711988510129643,0.006066142814233899,0.3390362784266472,0.20232197269797325
1508,0.000982472889172785,0.0005522079918591771,0.0003515730804792838,2.5004766044389726e-06,0.0013547475718951318,0.06531073898077011,0.009263048306505952,0.005279112374410033,0.011718299852109922,0.0060765285743400455,0.3394017815589905,0.2023562602698803
1509,0.0009814561097210473,0.0005494215401995461,0.0003437336072238395,2.5326393995328544e-06,0.0013721732029807754,0.06563116982579231,0.009285743614020087,0.005301632569171488,0.011706377833507383,0.006080494145862758,0.33871152251958847,0.2021713461726904
1510,0.0009804393403047694,0.0005117082000651862,0.00031746238528285176,2.378555791437975e-06,0.001288691426452715,0.065668860450387,0.009288409595503826,0.005298408679664135,0.011725013488311672,0.006085394183173776,0.33979079127311707,0.20272982586175203
1511,0.000979422582038963,0.0005132129062985769,0.0003166978476656368,2.3980865080375224e-06,0.0012992730989935808,0.06539441645145416,0.00926898023265052,0.005299199838191271,0.01173690882836178,0.006103751715272665,0.34048057347536087,0.20293749496340752
1512,0.0009784058360386284,0.0005103172588860616,0.0003193275915691629,2.3519488649981213e-06,0.001274275935429614,0.06547088734805584,0.00927439814629514,0.005299416952766478,0.011715858973339323,0.006064456654712558,0.33926038444042206,0.20236563589423895
1513,0.000977389103418753,0.0005014184625906637,0.00031939352629706264,2.2693387080607863e-06,0.001229518122272566,0.06562701798975468,0.009285449969445907,0.005302507895976305,0.011693049134323393,0.006069500464946032,0.33794064074754715,0.2017838293686509
1514,0.0009763723852943076,0.0005563073191297008,0.00033239643744309433,2.67988592383972e-06,0.0014519508185912855,0.06616480648517609,0.009323418135648218,0.005322291050106287,0.011715973398465718,0.006076553603634238,0.3392670229077339,0.202715914696455
1515,0.0009753556827802488,0.000554285947146127,0.0003488973634375725,2.5394075606754996e-06,0.0013758402419625781,0.06537456810474396,0.009267573344850715,0.005305621889419854,0.011677160634109545,0.006060229381546378,0.3370228782296181,0.20119872316718102
1516,0.000974338996991516,0.0005849088011018466,0.0003870886612276081,2.5400518950391415e-06,0.0013761893205810338,0.06581813283264637,0.009298960541715985,0.005329185863956809,0.011711759270267191,0.006072037504054606,0.33902299404144287,0.20242056343704462
1517,0.000973322329043029,0.0005976143511361443,0.00039084161653590854,2.629598597536642e-06,0.0014247052822611295,0.06538210064172745,0.00926810749082632,0.005295270122587681,0.01168055817777967,0.0060559422709047794,0.3372190445661545,0.20130057260394096
1518,0.0009723056800496893,0.0005854938608536031,0.00038375706208171323,2.5700477834789126e-06,0.0013924410231993534,0.0654500313103199,0.009272920874169968,0.005306984530761838,0.011666272770743781,0.006035057827830315,0.33639468997716904,0.20092236064374447
1519,0.0009712890511263777,0.0005825136049679713,0.00039012226443446707,2.495550852188444e-06,0.0013520788925234228,0.06541534326970577,0.009270463136171315,0.005290645989589393,0.011684781690627203,0.006031000055372715,0.3374629393219948,0.20143914129585028
1520,0.0009702724433879516,0.0005390381065808469,0.00036676509989774786,2.2667769314921316e-06,0.0012281300951144658,0.06538908183574677,0.009268601963031718,0.005285969818942249,0.011700923655445145,0.00605142826680094,0.33839596062898636,0.20189252123236656
1521,0.0009692558579492463,0.0004946882145304698,0.00033372093275829684,2.1014511091266286e-06,0.0011385572943254374,0.06534158065915108,0.009265235026627084,0.005293390015140176,0.011703044672707122,0.006075029261410236,0.3385186418890953,0.2019301112741232
1522,0.0009682392959250726,0.00048290964332409203,0.00030856964440317824,2.1784401269542286e-06,0.001180269602627959,0.06544894725084305,0.009272843880489703,0.005301768658682704,0.011722373836712664,0.006067577516660094,0.33963780105113983,0.20254337415099144
1523,0.000967222758430215,0.0004435415285115596,0.0002886947549995966,1.961862146515614e-06,0.0010629285970935598,0.06572599709033966,0.009292449660210297,0.005325242294929922,0.011698297849109621,0.00606225267983973,0.33824411034584045,0.20198505371809006
1524,0.0009662062465794318,0.00045748760021524504,0.0002955559439214994,2.0399093187961626e-06,0.0011052142035623547,0.06556306965649128,0.009280925023427936,0.005294727394357324,0.011712622002650086,0.00605777301825583,0.33907295018434525,0.20231800992041826
1525,0.000965189761487453,0.0005287746680551209,0.00032088880834635347,2.5107581222982844e-06,0.0013603180632344447,0.06542808935046196,0.009271366360712413,0.005297738243825734,0.011688121927102613,0.006048275041393936,0.3376559019088745,0.20154199562966824
1526,0.0009641733042689787,0.0006727011132170446,0.0003681730759126367,3.489900606723495e-06,0.0018908132406068034,0.06539536640048027,0.009269047740624477,0.00529512926004827,0.011693542565299754,0.006051079835742712,0.33796919137239456,0.20168227888643742
1527,0.0009631568760386795,0.0006354786492011044,0.0003950567333959043,2.9479120939868153e-06,0.00159716623602435,0.06563456356525421,0.009285983968611572,0.005307334009557962,0.011714398363404635,0.006096864002756774,0.3391758129000664,0.2024051882326603
1528,0.0009621404779111929,0.0006056999081920367,0.00038418208350776695,2.753382645437341e-06,0.001491771123255603,0.06541096232831478,0.00927015291754226,0.005291642737574875,0.011710060177237294,0.006093914504162967,0.3389246463775635,0.20216780435293913
1529,0.0009611241110011244,0.0005604257148661418,0.0003593370129237883,2.5189945702663863e-06,0.0013647804880747572,0.06544787064194679,0.009272767474664184,0.005300099845044315,0.011704615640898279,0.006081484607420862,0.33860955387353897,0.20202871225774288
1530,0.000960107776423045,0.0005772319564130157,0.000366330359611311,2.6224612454939233e-06,0.0014208383436198346,0.0653038751333952,0.009262561589441089,0.005294604343362153,0.011687187037269606,0.006060296087525785,0.3376018926501274,0.2014528838917613
1531,0.0009590914752914901,0.0005524150947167072,0.00034958726973854937,2.5170487703007893e-06,0.0013637263473356143,0.06544297002255917,0.009272420747121457,0.005292458110488951,0.011698157750157825,0.006069798371754587,0.338236004114151,0.20183948706835508
1532,0.0009580752087209586,0.0005645954915962648,0.00037930205144220963,2.410076533010397e-06,0.0013057692049187608,0.06548378430306911,0.009275311871805981,0.005298391915857792,0.011692787476788738,0.0060808464186266065,0.337925523519516,0.20170465391129255
1533,0.0009570589778259108,0.0005397434615588281,0.00036614961027225945,2.2778303474524364e-06,0.0012341188485152088,0.06566439755260944,0.009288094003131101,0.0052896230481565,0.01174139511496306,0.006094439188018441,0.340740904211998,0.20320265088230371
1534,0.0009560427837207694,0.0004969707188138273,0.00034007432986982167,2.075609287999214e-06,0.0011245562454860192,0.06552676297724247,0.009278355111189723,0.0052944275084882975,0.011682570788168894,0.006055275211110711,0.3373352438211441,0.2014310033991933
1535,0.0009550266275199154,0.000558214193006279,0.0003344264168845257,2.6824964365346204e-06,0.001453365221095737,0.0652157012373209,0.009256306024545958,0.005283626145683229,0.01166820615761414,0.006044540787115693,0.3365061953663826,0.20086094830185175
1536,0.0009540105103376884,0.0005784549666714156,0.0003543933344190009,2.721877137901174e-06,0.0014747014502063394,0.06551899947226048,0.009277804988293715,0.005288347136229277,0.011676811229455297,0.006045029731467366,0.3370027169585228,0.20126085821539164
1537,0.0009529944332883859,0.0006157585230539553,0.000382288972105016,2.860186015141153e-06,0.0015496366540901363,0.0653237123042345,0.009263968060253404,0.0052841437282040715,0.011710993862398194,0.0060558810364454985,0.33897868543863297,0.20215119887143373
1538,0.0009519783974862609,0.0005593437472271034,0.0003900972915289458,2.2819107101668124e-06,0.0012363295318209566,0.0655366275459528,0.009279053304667556,0.00531019875779748,0.011718728890002628,0.0060806627152487636,0.3394266217947006,0.2024816246703267
1539,0.0009509624040455211,0.0005553303290071199,0.0003437446412135614,2.5870874296174406e-06,0.0014016730201547034,0.06564687006175518,0.00928685424700695,0.005306755658239126,0.011686926337990705,0.0060538515681400895,0.3375868424773216,0.2016168562695384
1540,0.0009499464540803279,0.000538013886398403,0.00033074868224503007,2.523228815221046e-06,0.0013670746629941277,0.06545916013419628,0.009273567595847033,0.005305125727318227,0.0116890808624214,0.0060603495221585035,0.3377113342285156,0.20158524718135595
1541,0.0009489305487047952,0.0005195044450374553,0.0003190058432664955,2.4391087549702206e-06,0.0013214987702667713,0.06527618505060673,0.009260597376635035,0.005286209168843925,0.011699863391300405,0.006062587606720626,0.3383346423506737,0.2018054137006402
1542,0.0009479146890329874,0.00048318502376787364,0.0002983964204759104,2.256088848184845e-06,0.0012223394005559385,0.06532209552824497,0.009263853685089165,0.005290567176416516,0.011722342336664108,0.006090525886975229,0.339635968208313,0.20247903186827898
1543,0.0009468988761789197,0.0004616683927451959,0.0002966726697195554,2.0702475609368776e-06,0.0011216512430110015,0.06522516719996929,0.009256978076433262,0.005303790210746229,0.011688850550827985,0.0060720753390342,0.33769799768924713,0.2014615824446082
1544,0.0009458831112565548,0.0004525908389041433,0.00029835821624146774,1.9740304679771725e-06,0.0010695212804421317,0.06547462940216064,0.00927466311438702,0.005291350884363055,0.011692822323314433,0.006052750744856894,0.33792753517627716,0.2017010822892189
1545,0.0009448673953798037,0.00043277216173009947,0.00028299745099502616,1.9045386423499622e-06,0.001031870961014647,0.06557190045714378,0.009281550021677772,0.00529672927223146,0.011702815568512428,0.006064916495233774,0.3385054022073746,0.20203865133225918
1546,0.0009438517296625242,0.0004011171840829775,0.0002557667685323395,1.8134487689280832e-06,0.0009825188135437202,0.06515835784375668,0.009252235629074691,0.005284598912112415,0.011691947395185682,0.006066164933145046,0.33787696808576584,0.20151766296476126
1547,0.0009428361152185171,0.00045040086115477607,0.0002737978629738791,2.135145628301416e-06,0.0011568128065846395,0.06533159501850605,0.009264526760179971,0.005291242036037147,0.01170515800180405,0.0060618630377575755,0.3386409282684326,0.20198626164346933
1548,0.0009418205531615286,0.00047492347766819876,0.00030617747142969165,2.1224003603492747e-06,0.0011499074898893014,0.06566456705331802,0.009288106439024812,0.005303412093780935,0.011714303643386784,0.006083430256694555,0.33917032182216644,0.20241744443774223
1549,0.0009408050446052477,0.00047442756658711005,0.0002760086599664646,2.3405557385558495e-06,0.0012681031876127236,0.06521412543952465,0.009256194305928002,0.005282925791107118,0.011704091749238893,0.006053990917280316,0.3385792374610901,0.20189668145030737
1550,0.000939789590663303,0.0004572023717628326,0.0002965228086395655,2.0301387877452726e-06,0.0010999205769621767,0.06558698415756226,0.009282617360231943,0.005309374537318945,0.011731438764580875,0.006097710924223065,0.3401632606983185,0.20287512242794037
1551,0.0009387741924492646,0.00048717792924435344,0.00029921849818492774,2.2868684581567322e-06,0.0012390155861794483,0.06567979604005814,0.009289183206780075,0.005303207086399198,0.01171861030078113,0.006079481332562864,0.33941975235939026,0.2025497741997242
1552,0.0009377588510766418,0.0005188298855500761,0.0003392484341020463,2.2834354780343347e-06,0.0012371556113066617,0.06499193981289864,0.009240413006113382,0.0052862404845654964,0.011668478343279458,0.0060293382266536355,0.3365219011902809,0.20075692050158978
1553,0.0009367435676588799,0.0005686428339686245,0.00036245649425836746,2.571795768346874e-06,0.0013933881491539069,0.0656236931681633,0.009285214890378923,0.005301169119775295,0.011708794744940923,0.006083472282625735,0.3388513922691345,0.2022375427186489
1554,0.0009357283433093625,0.0006063919972802978,0.0004084164247615263,2.5808512162939223e-06,0.0013982942546135746,0.06521579250693321,0.009256312607746987,0.005298488074913621,0.011690970957828778,0.00605988793540746,0.33782054483890533,0.20151816867291927
1555,0.0009347131791414068,0.0005731651035603136,0.000369384810255724,2.562379279424931e-06,0.001388286218571011,0.06556462123990059,0.009281034680445568,0.005319368443451822,0.011728904622233286,0.006101291626691818,0.34001635760068893,0.20279048942029476
1556,0.0009336980762682651,0.0005097992780065397,0.00032437394293083344,2.309912105147305e-06,0.0012515005437307991,0.06540441326797009,0.009269688649397007,0.00529755256138742,0.011693310319328663,0.006050471565686166,0.3379557579755783,0.2016800856217742
1557,0.0009326830358031227,0.0004808676694665337,0.00031069239412317984,2.1439237443132697e-06,0.001161568747193087,0.06559327617287636,0.00928306275871859,0.005300408345647156,0.0117075394302302,0.006071664392948151,0.3387787416577339,0.20218600891530514
1558,0.000931668058859095,0.0004746902886836324,0.00029771544268442085,2.182722411703253e-06,0.0011825896908703726,0.06547658331692219,0.009274801577306596,0.005299243610352278,0.011665510771456496,0.006060092244297266,0.3363507464528084,0.20091366488486528
1559,0.0009306531465492292,0.00048065603186842054,0.00030142630203044973,2.210380792178057e-06,0.001197574907564558,0.065402552485466,0.009269556782015057,0.005299543379805982,0.011703316669828726,0.006073514698073268,0.3385344073176384,0.2019684799015522
1560,0.0009296382999865013,0.0004549843997665448,0.00028752556499966886,2.0760955763421407e-06,0.0011248196933593135,0.06497976928949356,0.009239547507844958,0.005276794428937137,0.011696468033977597,0.006055641919374466,0.33813828974962234,0.20155902951955795
1561,0.0009286235202838144,0.0004296423248888459,0.00026132110087928595,2.0356882330929693e-06,0.0011029272100131493,0.06572686694562435,0.009292511027375674,0.005299689946696162,0.011722180955777315,0.0060960883274674416,0.33962664008140564,0.202676753513515
1562,0.000927608808553999,0.00039096549880923703,0.00023029217936709756,1.9078384667636783e-06,0.001033658776577795,0.0653849970549345,0.009268312878098827,0.005294323549605906,0.01167899954844567,0.006054408848285675,0.33712904900312424,0.20125702302902937
1563,0.0009265941659098117,0.0003530314570525661,0.0002254111968795769,1.5937970303525617e-06,0.0008635124577267561,0.06538819521665573,0.009268539260039121,0.0052877552807331085,0.011693908425014771,0.006059024832211435,0.33799032866954803,0.20168926194310188
1564,0.0009255795934639315,0.00032520730383112095,0.00020825790579692693,1.4636601122219872e-06,0.0007930048741400242,0.06539049185812473,0.009268702149562064,0.00528180634137243,0.011686912641390188,0.006053340737707913,0.33758605271577835,0.20148827228695154
1565,0.0009245650923289623,0.0003217029443476349,0.0001996814571612049,1.4946386386327504e-06,0.0008097888603515457,0.06516595929861069,0.009252775476889267,0.005277180694974959,0.011696536460873144,0.006066443980671465,0.3381422460079193,0.201654102653265
1566,0.0009235506636174282,0.00030368865554919466,0.00018437088692735415,1.441428189252747e-06,0.0007809596900187898,0.06560453400015831,0.009283859347553054,0.0052966284565627575,0.011687983729353674,0.006049213698133826,0.3376479148864746,0.20162622444331646
1567,0.0009225363084417751,0.000316710271363263,0.00019593998877098784,1.4761861137913002e-06,0.0007997913598956075,0.0653031263500452,0.009262508173705105,0.005283779231831431,0.011685311429290074,0.0060703972121700644,0.33749355375766754,0.20139834005385637
1568,0.0009215220279143682,0.00031287584170058835,0.00019205867829441559,1.4694550003468976e-06,0.0007961444644024596,0.06559216976165771,0.009282984477514467,0.005292193731293082,0.011693820694391729,0.006059593404643238,0.3379852771759033,0.20178872346878052
1569,0.0009205078231474896,0.00031526837119599804,0.00019378062188479817,1.4788217583827645e-06,0.0008012193356989883,0.06551909632980824,0.009277812046384903,0.005294799222610891,0.011704403040999251,0.006075048237107694,0.33859724551439285,0.20205817092210054
1570,0.0009194936952533398,0.0003203892119927332,0.0002013964403886348,1.469853216917727e-06,0.000796360236563487,0.0654922816902399,0.009275913520416474,0.005289211054332554,0.011697480400150022,0.006041813059709966,0.3381968215107918,0.20184455160051584
1571,0.0009184796453440344,0.0003226365224691108,0.000206994755899359,1.4492611768446295e-06,0.0007852035196265206,0.06553412787616253,0.009278876286275137,0.0052967575611546636,0.011690160776531152,0.006062866887077689,0.33777372539043427,0.2016539266332984
1572,0.0009174656745316031,0.0003086138822254725,0.00020281643173802877,1.3507002378787547e-06,0.000731803633243544,0.0654094573110342,0.009270046075136672,0.005286454455927014,0.011687172407135732,0.006058484665118158,0.33760105818510056,0.20150525774806738
1573,0.0009164517839279893,0.00031264145036402624,0.00020022027911181794,1.4070359455331527e-06,0.0007623261190019548,0.06537475995719433,0.009267587476612323,0.005288263666443527,0.011714748044444268,0.0060861867386847734,0.3391960710287094,0.20228541549295187
1574,0.0009154379746450489,0.0002922514086094452,0.00019005054855369963,1.293946795044576e-06,0.0007010548288235441,0.06544302590191364,0.009272424670560801,0.005295094568282366,0.011670532469956182,0.006045473623089492,0.3366403803229332,0.20104170311242342
1575,0.0009144242477945472,0.0002961381351269665,0.0001884296843854827,1.3417822160022297e-06,0.0007269719208125025,0.06507152318954468,0.009246068788110176,0.005271047819405794,0.011692614798276374,0.006054107798263431,0.3379155397415161,0.2014935314655304
1576,0.0009134106044881605,0.00033611614162509795,0.00022335571065923432,1.452868232831861e-06,0.0007871578309277538,0.06546262465417385,0.009273812777291387,0.005300699849613011,0.011700327463017033,0.006059554172679782,0.3383614793419838,0.20191205199807882
1577,0.000912397045837473,0.000321045032251277,0.0002132040326614515,1.3887318530692028e-06,0.0007524089887738228,0.06528986804187298,0.009261568045606766,0.0052957849111407995,0.011688388824661467,0.00606395211070776,0.33767130970954895,0.20148058887571096
1578,0.0009113835729539758,0.00034862448046624195,0.00022700292447552783,1.5413754894666454e-06,0.000835110684420215,0.06550266593694687,0.009276648369094557,0.005286622908897698,0.011695694004604296,0.006055966019630432,0.3380935341119766,0.20179810002446175
1579,0.0009103701869490664,0.00038744326775486115,0.00023169982978288317,1.864940813334215e-06,0.0010104170032718685,0.06531410105526447,0.009263286795404967,0.0052959551103413105,0.011685477055257435,0.006070153205655515,0.337503120303154,0.20140861067920923
1580,0.0009093568889340469,0.000409798369219061,0.00026155404157179873,1.8508369663550184e-06,0.0010027756361523643,0.06570418365299702,0.009290907518078609,0.00531415396835655,0.011703523072568651,0.00605750537943095,0.3385463356971741,0.20212525967508554
1581,0.0009083436800201223,0.0004155410370003665,0.00026732077640190255,1.861258738244942e-06,0.0010084220702992752,0.06555005721747875,0.009280003912126703,0.005304426187649369,0.011701320063843817,0.006086179055273533,0.3384189084172249,0.20198448281735182
1582,0.000907330561318401,0.00041692675404192414,0.00025555421780154575,1.9609175723189765e-06,0.001062416864442639,0.06541384756565094,0.009270357180311634,0.0053039403865113854,0.011724976875802023,0.006110120331868529,0.33978865295648575,0.20260125026106834
1583,0.0009063175339398916,0.00046520241085090674,0.00027683520602295175,2.2493185056760012e-06,0.0012186711755930446,0.06512542441487312,0.009249897366562789,0.0052786063170060515,0.011710163940968627,0.0060717572923749685,0.3389306515455246,0.20202803798019886
1584,0.0009053045989955027,0.0004016174589196453,0.0002543291257097735,1.8286794372102122e-06,0.0009907707644742914,0.06547187827527523,0.009274468066441733,0.005307569750584662,0.011689532446711646,0.006048408453352749,0.33773742616176605,0.20160465221852064
1585,0.000904291757596042,0.00039668560384598095,0.00024249335365311708,1.8705472655256017e-06,0.001013454584608553,0.06523378193378448,0.009257589267225324,0.005287828855216503,0.011668233906500684,0.006049132090993226,0.33650780469179153,0.200870793312788
1586,0.000903279010852214,0.0004286662424419774,0.0002698471644180245,1.9637335526567767e-06,0.001063942527252948,0.06559406034648418,0.009283118407533602,0.0053164801793172956,0.011695387146954584,0.006072198506444693,0.33807581663131714,0.20183493848890066
1587,0.0009022663598746199,0.0004041224874526961,0.0002646744287631009,1.7754193635255433e-06,0.0009619147022021934,0.06547646597027779,0.009274793242132658,0.0053018234902992845,0.011701076779496866,0.006063556997105479,0.3384048342704773,0.20194065012037754
1588,0.0009012538057737553,0.00038956002572376747,0.0002588703246146906,1.683879553127099e-06,0.000912318781047361,0.06532436795532703,0.009264014497148797,0.005286252475343645,0.011689975922230318,0.006048134993761778,0.3377630263566971,0.20154369715601206
1589,0.0009002413496600103,0.0004421361027198145,0.0003112740450887941,1.7821924913619114e-06,0.0009655842986830976,0.0654081217944622,0.009269951397412091,0.0052933982806280255,0.011670913701525846,0.006051530595868826,0.3366623818874359,0.20103525184094906
1590,0.0008992289926436671,0.0004571017998387106,0.00028239119365025545,2.1335423951995836e-06,0.0011559442027646583,0.06524806283414364,0.009258602295129372,0.005294136120937765,0.011656998005642332,0.0060308389365673065,0.3358600363135338,0.2005540495738387
1591,0.000898216735834899,0.00045040055192657746,0.00028627033498196397,2.043060341350156e-06,0.0011069213978771586,0.06537799723446369,0.009267816624044675,0.00530477031134069,0.011695253078895674,0.006084793945774436,0.33806806802749634,0.20172303263098001
1592,0.00089720458034377,0.0005500727565959096,0.00034465209319023415,2.5318681338148963e-06,0.0013717554102186114,0.0656642485409975,0.009288083623553524,0.005300419288687408,0.011684978302284094,0.006080777617171407,0.3374743238091469,0.2015692861750722
1593,0.0008961925272802327,0.0005568292435782496,0.00033291333238594234,2.680886325379106e-06,0.0014524927901220508,0.06509282253682613,0.009247581821668837,0.005297433352097869,0.011658088068954344,0.006041159736923873,0.33592284470796585,0.200507833622396
1594,0.0008951805777541271,0.0004920737046631984,0.00030752427301194984,2.270728984399284e-06,0.0012302713803364895,0.06558320857584476,0.009282350267651259,0.005305271944962442,0.011697713962824624,0.006078760023228824,0.3382103443145752,0.20189677644520998
1595,0.0008941687328751802,0.0004826449367101304,0.00031593623316439334,2.1216107981558707e-06,0.0011494797217892483,0.06537939608097076,0.009267915543326753,0.005292769172228873,0.011677036014834927,0.006044977344572544,0.33701571822166443,0.2011975571513176
1596,0.0008931569937530039,0.000506309668708127,0.00033151970455946866,2.224951884954862e-06,0.0012054694598191418,0.06554781086742878,0.009279844749256074,0.00529536884278059,0.011698369064137806,0.006056925398297608,0.33824823051691055,0.20189802069216967
1597,0.0008921453614970941,0.00048422223335364833,0.00029629661548824515,2.2811634678987502e-06,0.001235924686625367,0.06513324193656445,0.009250452295327987,0.005284287151880562,0.011642304815707428,0.006026039714924991,0.33501388877630234,0.2000735653564334
1598,0.00089113383721683,0.000492076551381615,0.00030990958475740626,2.253145005681745e-06,0.0012207443833176512,0.06516874022781849,0.009252973046238951,0.005279876058921218,0.011704697540560027,0.006074758362956345,0.338614284992218,0.20189151261001825
1599,0.0008901224220214714,0.0005014613143430324,0.00032076225397759117,2.2596292197363255e-06,0.00122425751760602,0.06562571227550507,0.009285357799571013,0.005301224649883807,0.011709727754302042,0.006054949481040239,0.3389054089784622,0.20226556062698364
1600,0.0008891111170201593,0.0004959562302246923,0.0003218456113245338,2.2008269837670014e-06,0.001192398660350591,0.06558122485876083,0.00928221005566718,0.005304224789142609,0.011702121855937104,0.006058464292436838,0.33846526592969894,0.2020232453942299
1601,0.0008880999233219142,0.00041460773900325876,0.0002768692802419537,1.7821505338133647e-06,0.0009655615722294897,0.06544464826583862,0.009272539528511925,0.005297160940244794,0.011652232111604023,0.006029308889992535,0.33558547496795654,0.20051506161689758
1602,0.0008870888420356328,0.00043184106834814884,0.0002664360445123748,2.0182164206516973e-06,0.001093461163691245,0.0653360690921545,0.009264844235162394,0.005286476691253483,0.011674389566300925,0.006052776356227696,0.3368629515171051,0.2010995103046298
1603,0.0008860778742700905,0.0004763593624375062,0.00026980641177942744,2.4041738129199075e-06,0.0013025711159571074,0.0656181313097477,0.009284821609382661,0.005320371245034039,0.011698984480752803,0.006081811967305839,0.33828382939100266,0.20195098035037518
1604,0.0008850670211339378,0.0005017889398004627,0.0003108129840256879,2.3361067320593065e-06,0.0012656927647185512,0.06539984233677387,0.009269364668290335,0.005281264195218682,0.011683053607377567,0.006056949263438582,0.3373631238937378,0.20138148311525583
1605,0.0008840562837356982,0.0005385097556427354,0.0003321615840832237,2.5173739004458184e-06,0.0013639024036820047,0.06558250077068806,0.009282299905239648,0.0052991172997280955,0.011684283530684883,0.006052731885574758,0.33743418008089066,0.20150834042578936
1606,0.0008830456631837695,0.0005628741564578377,0.0003442805609665811,2.6527494014771946e-06,0.0014372484292834997,0.06499897129833698,0.009240912700201812,0.005272044218145311,0.011699711650625227,0.0060722967609763145,0.3383258581161499,0.20166241470724344
1607,0.0008820351605864215,0.0005546633619815111,0.0003560188979463419,2.4903134487885836e-06,0.0013492411962943152,0.06538519449532032,0.009268326910603515,0.005300635704770684,0.011677393824354468,0.006051874253898859,0.3370363488793373,0.20121077168732882
1608,0.0008810247770517934,0.0005856650568603072,0.0003949680758523755,2.4888584704285677e-06,0.0013484529190463945,0.06579727493226528,0.00929748687883113,0.005296834395267069,0.011734360830981247,0.006081730592995882,0.3403327763080597,0.2030650256201625
1609,0.0008800145136878954,0.0005375709188228939,0.00035047098208451644,2.373533959598717e-06,0.0012859706112067215,0.06525102816522121,0.009258812510073766,0.005289819440804422,0.011692868370349819,0.006071013398468494,0.33793019503355026,0.20159061159938574
1610,0.0008790043716026046,0.0004850298664678121,0.0003258080450905254,2.0707381054307916e-06,0.0011219171137781814,0.06521963328123093,0.00925658506955734,0.005305064027197659,0.011719614390690365,0.006088791182264686,0.33947791159152985,0.2023487724363804
1611,0.0008779943519036656,0.0004926370947941905,0.0003242236125515774,2.1526395528326248e-06,0.001166290992841823,0.06531929038465023,0.009263654776933805,0.005287001724354923,0.011679147820300011,0.006051296251825988,0.3371376246213913,0.20122845750302076
1612,0.0008769844556986896,0.00047751037345733494,0.00030901267018634826,2.125341900693911e-06,0.001151501179265324,0.06532665714621544,0.009264177073536287,0.005282264784909785,0.011712105302697364,0.006082803360186517,0.3390430435538292,0.20218485035002232
1613,0.0008759746840951506,0.00047187528070935514,0.00031681468499300536,2.01573671887445e-06,0.0010921176071860828,0.06542792730033398,0.009271354883337683,0.0052820019191131,0.01167680717922859,0.006044627167284489,0.3370025008916855,0.20121521409600973
1614,0.0008749650382003875,0.0004557317206490552,0.0002861965849660919,2.092803697451018e-06,0.001133872243372025,0.06518964469432831,0.009254456647446735,0.0052754360949620605,0.011678372487205433,0.006027521099895239,0.337092824280262,0.20114123448729515
1615,0.0008739555191216013,0.00043601599827525206,0.0002730352953221882,2.0080238840591846e-06,0.0010879387809836771,0.06543318927288055,0.009271727645510463,0.005301899160258472,0.011657171367789185,0.0060411045560613275,0.33587002009153366,0.2006516046822071
1616,0.0008729461279658524,0.0003704807695612544,0.00024382731680816505,1.6188655465043666e-06,0.0008770945605647285,0.06541342474520206,0.009270327355480862,0.005285929306410253,0.011700950704915742,0.006063762470148504,0.3383975252509117,0.2019054749980569
1617,0.0008719368658400625,0.0003653003386716591,0.00023723810409137513,1.6197049745869663e-06,0.0008775492351560388,0.06541086174547672,0.009270145755509501,0.005286915227770805,0.011689015348571856,0.0060556307435035706,0.3377075120806694,0.20155918691307306
1618,0.0008709277338510118,0.00032366442792408634,0.00022198547139851144,1.3480729563752902e-06,0.0007303802158276085,0.06530541181564331,0.009262670187395735,0.005280677229166031,0.01168107565030171,0.006060073501430452,0.33724892139434814,0.20127716660499573
1619,0.0008699187331053362,0.00031767973268870264,0.00020705657516373321,1.4030605868242674e-06,0.0007601723227708135,0.06532893516123295,0.009264338076325646,0.005290874047204852,0.011663195466407079,0.006048133131116629,0.3362172394990921,0.20077308733016253
1620,0.0008689098647095295,0.0003094860303463065,0.00019067724588239798,1.4483706820556108e-06,0.000784721127274679,0.06511422991752625,0.009249102179381453,0.005276263575069606,0.011672105008886149,0.0060405227122828364,0.33673110604286194,0.2009226679801941
1621,0.0008679011297699394,0.0003077233468502527,0.00020727406808873639,1.3095717079636415e-06,0.0007095204309734982,0.06541985087096691,0.009270782664241388,0.0053003603825345635,0.01167213150178074,0.006052878685295582,0.3367326483130455,0.2010762495920062
1622,0.0008668925293927671,0.0003144970160064986,0.00021311776799848303,1.328939873701529e-06,0.0007200139843916986,0.06549810618162155,0.009276325611507406,0.005286163999699056,0.011663747239058215,0.006047627306543291,0.33624906837940216,0.20087358728051186
1623,0.0008658840646840672,0.00040468774386681616,0.00024986059997900156,1.8900041922620403e-06,0.0010239962757623289,0.06518753245472908,0.009254306971276102,0.005298592266626656,0.011638282356489338,0.006023088586516678,0.3347824439406395,0.1999849881976843
1624,0.0008648757367497444,0.0004088844452780904,0.0002498992434993852,1.9284485048842726e-06,0.0010448252214700915,0.0656040757894516,0.009283827116961758,0.005294691072776914,0.011688117725168116,0.006050958996638656,0.3376556560397148,0.2016298659145832
1625,0.000863867546695554,0.0004093267907592235,0.00025713150898809545,1.8791359082115378e-06,0.0010181078832829371,0.06561463326215744,0.009284574073797703,0.005317465285770595,0.011674859480517875,0.006053812801837921,0.3368900641798973,0.20125234872102737
1626,0.0008628594956271002,0.00040146010906028096,0.0002496358692951617,1.8618770525336004e-06,0.0010087570335599594,0.06515411101281643,0.009251934138082613,0.005284390994347632,0.01166910624796161,0.006039314321242273,0.33655811101198196,0.2008561110123992
1627,0.0008618515846498346,0.00037305425030353945,0.00022597924271394731,1.7743850833085162e-06,0.0009613542533770669,0.06545999646186829,0.009273626734204609,0.005295106559060514,0.011686432316361016,0.0060600327560678124,0.337558276951313,0.20150913670659065
1628,0.0008608438148690549,0.00033184646417794283,0.0002074475232802797,1.5309130745322364e-06,0.0008294422004837543,0.06514673307538033,0.009251410265515575,0.005276551702991128,0.01167231398943866,0.006037010462023318,0.33674318343400955,0.20094495825469494
1629,0.0008598361873899045,0.00031423017389897723,0.0001978574173335801,1.4391423164283879e-06,0.0007797211728757247,0.06529082730412483,0.009261636000408977,0.005279855336993933,0.011684689065620295,0.006056312238797545,0.3374576196074486,0.2013742234557867
1630,0.0008588287033173704,0.00032064092010841705,0.00020091629266971722,1.4757209925164716e-06,0.0007995393862074707,0.06525010988116264,0.00925874767793637,0.005291946930810809,0.011682022395938924,0.006084021180868149,0.33730359375476837,0.2012768518179655
1631,0.0008578213637562824,0.00034223965667479206,0.00020356401728349738,1.6554986430605823e-06,0.0008969421542133205,0.06533546186983585,0.009264801336426622,0.0052860991563647985,0.011685155763646891,0.006060162791982293,0.33748455345630646,0.20141000766307116
1632,0.0008568141698113116,0.0003414744442125084,0.0002071952767437324,1.6216279163927538e-06,0.0008785910758888349,0.06535078212618828,0.009265887192505342,0.005275348317809403,0.011682330694568472,0.006058239610865712,0.33732137829065323,0.20133608020842075
1633,0.0008558071225869701,0.00032469621328345966,0.00020396217405505013,1.4906583345464242e-06,0.0008076323429122567,0.06525706686079502,0.009259241274826191,0.005280967452563345,0.011687257541806903,0.006047836155630648,0.3376059830188751,0.20143152493983507
1634,0.0008548002231876083,0.0003189050839864649,0.00021262063000904163,1.3732903383356643e-06,0.0007440428671543486,0.0652473196387291,0.009258549740647505,0.005273816408589482,0.011686516211235242,0.006061548832803965,0.3375631347298622,0.20140522718429565
1635,0.000853793472717415,0.00034281512125744484,0.00021085245043650502,1.607000100989353e-06,0.0008706657863513101,0.06517113745212555,0.009253143188402634,0.005298637319356203,0.011677669066968115,0.006066820002160966,0.33705224096775055,0.20111168920993805
1636,0.0008527868722804155,0.00034521443376434036,0.00021265516897983616,1.6158329927407067e-06,0.0008754514565225691,0.06544310599565506,0.009272430555716705,0.0053047367837280035,0.011691178356459445,0.006066912668757141,0.3378325253725052,0.20163781568408012
1637,0.0008517804229804706,0.00029204767270130105,0.000182305411726702,1.3492476114151941e-06,0.0007310166583920363,0.06536362692713737,0.009266797929539093,0.005290976376272738,0.011656839933318881,0.006042586057446897,0.33585093915462494,0.20060728304088116
1638,0.0008507741259212754,0.00025300256675109267,0.0001715266635073931,1.0684951803341391e-06,0.0005789061724499334,0.06523328833281994,0.009257554096111944,0.005294479080475867,0.011663227126199526,0.006037652725353837,0.33621907979249954,0.20072618406265974
1639,0.0008497679822063579,0.00023191420950752217,0.0001528831644463935,1.0115220554496318e-06,0.0005480383642861852,0.0652058832347393,0.0092556091613246,0.005284173181280494,0.011650209888375732,0.006042577209882438,0.33546897023916245,0.20033742673695087
1640,0.0008487619929390782,0.00022786417957831873,0.0001504145002400037,9.923719197502123e-07,0.0005376628869271372,0.06554893963038921,0.009279924919072764,0.005296848714351654,0.011668878659800963,0.0060448364820331335,0.3365449756383896,0.2010469576343894
1641,0.0008477561592226267,0.00023396068627334898,0.00014472741895588115,1.0906208345318191e-06,0.0005908937400818104,0.06516222842037678,0.009252510570071286,0.0052790779154747725,0.011665967633971574,0.006048536393791437,0.3363770917057991,0.20076966006308794
1642,0.0008467504821600238,0.00023943841915752273,0.00015525829985563178,1.0634244453910924e-06,0.0005761588799941819,0.06545683741569519,0.00927340312450151,0.005289769149385393,0.011685180825955502,0.006050721043720841,0.33748599141836166,0.20147141441702843
1643,0.000845744962854117,0.00023947427598614013,0.00016401499124185648,9.991060672120966e-07,0.0005413113995018648,0.06543678231537342,0.009271982096134342,0.005289885913953185,0.011654853625711524,0.006042460328899324,0.3357364609837532,0.2005866216495633
1644,0.000844739602407582,0.0002343146043131128,0.00015874907057877863,9.903670665778463e-07,0.0005365767137845978,0.0652303583920002,0.009257346308735055,0.005278096650727093,0.011663654914870567,0.00603986089117825,0.33624374121427536,0.20073704980313778
1645,0.00084373440192292,0.0002459651841490995,0.00016999629769998137,1.0148486708771998e-06,0.0005498407135746675,0.06520908884704113,0.009255836541808398,0.0052858180133625865,0.01167195197228281,0.0060416171327233315,0.3367222845554352,0.20096568670123816
1646,0.0008427293625024559,0.0002522427366784541,0.00016852574026415823,1.0836384305434876e-06,0.0005871106895938283,0.06550308130681515,0.009276677977521079,0.00529046100564301,0.011688672211841633,0.0060709462268278,0.3376877084374428,0.20159539487212896
1647,0.000841724485248339,0.00024739727723499527,0.0001595203884789953,1.1054070512273029e-06,0.0005989048077026382,0.06501947157084942,0.009242369699967138,0.005270008929073811,0.011659368053270685,0.006051151663996279,0.3359966054558754,0.2005080385133624
1648,0.0008407197712625409,0.00025132702103292104,0.00016502116886840668,1.1010614109352446e-06,0.0005965503987681586,0.06542743928730488,0.009271320156835306,0.005287105683237314,0.011679832774454097,0.006057390361092985,0.337177149951458,0.20130229461938143
1649,0.0008397152216468529,0.0002713281264732359,0.00018399472719465848,1.1455640205326745e-06,0.0006206616963027045,0.06534872762858868,0.00926574172540647,0.005283678532578051,0.011691625036738946,0.00605651258956641,0.33785834163427353,0.2016035346314311
1650,0.000838710837502887,0.00027361071261111647,0.0001751647378114285,1.2318194748672795e-06,0.0006673945827060379,0.06527988240122795,0.009260859695127476,0.005286631523631513,0.01167199124459644,0.006046525319106877,0.33672455698251724,0.2010022196918726
1651,0.0008377066199320743,0.0002547556123317918,0.000170336480550759,1.0934602698853269e-06,0.0005924321048951242,0.06517122127115726,0.00925314898753159,0.005296760587953031,0.011665767895257492,0.006055323756299913,0.33636559545993805,0.20076840836554766
1652,0.0008367025700356615,0.000269523281531292,0.00017633888819545973,1.185429916006342e-06,0.0006422608421416953,0.06534614972770214,0.009265559053972862,0.005277775693684816,0.011662342179235055,0.006040495703928173,0.3361680805683136,0.20075711514800787
1653,0.0008356986889147131,0.00029495171838789247,0.00019512712879077299,1.2813870426953144e-06,0.00069425004767254,0.0651229415088892,0.009249721166766815,0.005275026080198586,0.011661779889535108,0.0060427370481193066,0.3361356407403946,0.2006292911246419
1654,0.0008346949776701073,0.0003167175400449196,0.0002119976934409351,1.3577015565147121e-06,0.0007355968991760164,0.06570990569889545,0.009291311896320974,0.005303317098878324,0.011647368534601877,0.006041405140422285,0.3353053852915764,0.20050764549523592
1655,0.0008336914374025366,0.0003291550910944352,0.00021484453918674262,1.4514645059193754e-06,0.000786397278716322,0.06488576717674732,0.009232862141348068,0.005277221091091633,0.011670890323006325,0.006053338409401476,0.3366610258817673,0.2007733965292573
1656,0.0008326880692125068,0.0003309478452138137,0.00022831138176115928,1.3685852024991618e-06,0.000741493669920601,0.06556935608386993,0.009281369915178627,0.005293348687700927,0.011681490172390506,0.006051785661838949,0.33727285265922546,0.2014211043715477
1657,0.0008316848742003331,0.000312479827698553,0.00020431620487215696,1.375304762518681e-06,0.0007451342607964762,0.06517421081662178,0.009253360898971299,0.005290246801450849,0.011681310319571763,0.00605642469599843,0.33726247400045395,0.20121834240853786
1658,0.0008306818534661419,0.0003127330382994842,0.00020549428791127866,1.3689439981590112e-06,0.0007416880143864546,0.06520110368728638,0.009255270143748027,0.00529444485437125,0.01168393823111197,0.006053183344192803,0.3374142274260521,0.20130766555666924
1659,0.0008296790081098695,0.00030210793011065107,0.00019588604300224688,1.341825637268812e-06,0.000726995447621448,0.06518924981355667,0.009254428638629781,0.005285642691887915,0.011655035603551373,0.006034971447661519,0.3357469514012337,0.20046810060739517
1660,0.0008286763392312575,0.00031241878241417,0.0001992002835322637,1.4125115370688945e-06,0.0007652927451999858,0.06532314978539944,0.009263928299090337,0.005294828559271991,0.01166054104080422,0.0060463015688583255,0.33606424927711487,0.20069369953125715
1661,0.0008276738479298559,0.00033788345172069967,0.0002104902723658597,1.5641616428752059e-06,0.0008474561436742079,0.06510026194155216,0.009248109943202285,0.005293288384564221,0.011682326957664097,0.006066363072022796,0.3373211696743965,0.20121071580797434
1662,0.0008266715353050196,0.000387484646125813,0.0002406776811767486,1.7990402980672116e-06,0.0009747124495333992,0.06536116451025009,0.009266623523308797,0.005291242501698434,0.011692961241690449,0.006070069270208478,0.33793558180332184,0.20164837315678596
1663,0.0008256694024559065,0.0004299589854781516,0.0002638183659655624,2.020173504035938e-06,0.001094521430786699,0.06553003564476967,0.009278586737283918,0.005303513142280281,0.011690852398219084,0.006072742165997624,0.33781369030475616,0.20167186297476292
1664,0.0008246674504814787,0.0004223259657010203,0.0002649598282005172,1.9413044682892178e-06,0.0010517904738662764,0.06509683653712273,0.009247866932365581,0.0052792292553931475,0.011668711707033298,0.006039041210897267,0.33653536438941956,0.20081610046327114
1665,0.0008236656804804994,0.0004020868091174634,0.0002559581162131508,1.8209843020144945e-06,0.0009866015534498729,0.06542356684803963,0.009271045871754079,0.005299244774505496,0.011649022900154167,0.006038850173354149,0.33540064841508865,0.20041210763156414
1666,0.0008226640935515319,0.0003577544921427034,0.00022960354999668198,1.6064323489217713e-06,0.000870358260726789,0.06524508818984032,0.009258391191300282,0.0052952757105231285,0.011654779179412628,0.0060277641750872135,0.33573219925165176,0.20048864372074604
1667,0.0008216626907929397,0.0003380413163540652,0.0002231160324299708,1.4724043921887642e-06,0.000797742421127623,0.06532752886414528,0.009264239020672395,0.005279922857880592,0.011660868158325005,0.006035399041138589,0.3360830917954445,0.20070531032979488
1668,0.0008206614733028828,0.0003038716149603715,0.00019057279223488877,1.397328944108267e-06,0.0007570668931293767,0.06515544094145298,0.00925202860697238,0.00527395645622164,0.011649966785798363,0.006039652973413467,0.335454985499382,0.2003052132204175
1669,0.0008196604421793194,0.00034041217804769985,0.00021327184367692098,1.566962261279059e-06,0.0008489734900649637,0.06528416462242603,0.009261163448890303,0.005284267826937139,0.011679972626003062,0.006052287528291345,0.33718521147966385,0.20123468805104494
1670,0.0008186595985200033,0.00038024361492716707,0.000242398567024793,1.7195110899592692e-06,0.0009316238101746421,0.06559302285313606,0.009283044927513629,0.005309651489369571,0.011697200180987053,0.00607212376780808,0.33818063139915466,0.20188682712614536
1671,0.0008176589434224814,0.00037497939774766564,0.0002469109131197911,1.6376158384900918e-06,0.0008872533180692699,0.0650861132889986,0.009247105109536764,0.00526821706444025,0.01165600553184221,0.0060404009418562055,0.3358028531074524,0.2004444831982255
1672,0.0008166584779840952,0.00035592057611211203,0.00022895241545484168,1.5943152220643242e-06,0.0008637932151032146,0.06524232029914856,0.009258194916414234,0.005290791974402964,0.011687937196185341,0.006063014385290444,0.3376452326774597,0.20144377648830414
1673,0.000815658203301978,0.00034085109837178607,0.00022296694169199327,1.49943547711473e-06,0.0008123877159960102,0.06523962505161762,0.009258004236977108,0.005285539082251489,0.011655354135966672,0.0060358328046277165,0.3357653021812439,0.20050246361643076
1674,0.000814658120473053,0.0004099022062291624,0.00022106626965978649,2.1507106211515747e-06,0.0011652458852040581,0.06520935893058777,0.009255855997614568,0.00528307945933193,0.011662315196187737,0.006054466590285301,0.33616650849580765,0.2006879337131977
1675,0.000813658230594034,0.0004096219963685144,0.00024616983228042955,1.9627887084538997e-06,0.001063430627255002,0.06501266919076443,0.009241886420742782,0.005267993081361055,0.011664171733773087,0.006032585399225354,0.33627355843782425,0.20064311381429434
1676,0.0008126585347614233,0.000408723570217262,0.0002629082637213287,1.830920297152261e-06,0.000991984776192112,0.0654563419520855,0.009273367817213394,0.005295831710100174,0.011710012023097523,0.006075825425796211,0.33892184495925903,0.20218909345567226
1677,0.0008116590340715089,0.0003969082172261551,0.00025045843813131796,1.813796686178648e-06,0.000982707326329546,0.06509033963084221,0.009247405282698523,0.00527851446531713,0.011674150862577691,0.00605259882286191,0.336849182844162,0.2009697612375021
1678,0.0008106597296203667,0.0003988605094491504,0.00025087933408940444,1.828706018613957e-06,0.0009907851745083462,0.0653035044670105,0.009262535372565045,0.005282368278130889,0.011685728291670255,0.006067227106541395,0.337517611682415,0.20141055807471275
1679,0.0008096606225038562,0.00047238083061529323,0.0003184943880114588,2.008001260378478e-06,0.0010879265573748853,0.06534640863537788,0.00926557740962089,0.005291201756335795,0.011652362147609481,0.0060522789135575294,0.33559294044971466,0.20046967454254627
1680,0.0008086617138176208,0.0005107969354867237,0.0003300676471553743,2.2770831691332205e-06,0.0012337139924056828,0.06542237289249897,0.009270961308694071,0.005300866207107902,0.011686972719541418,0.006061794119887054,0.33758949488401413,0.20150593388825655
1681,0.0008076630046570868,0.0005880453900317661,0.00035864631718141027,2.778983784423872e-06,0.0015056416523293592,0.06513223797082901,0.009250381210458306,0.005303801503032446,0.01168121283974402,0.006042742752470076,0.3372568339109421,0.20119453594088554
1682,0.0008066644961174608,0.0005879288764845114,0.00038654880881949794,2.5719084391084834e-06,0.0013934490707470104,0.06532596983015537,0.009264127986763439,0.005293454509228468,0.011668096408562296,0.006057890364900231,0.3364998772740364,0.2009129235520959
1683,0.0008056661892937298,0.0006616944483539555,0.0004559059361781692,2.740605523854356e-06,0.001484848471591249,0.06485920958220959,0.009230972302385607,0.0052930922247469425,0.01169045656845188,0.0060837395722046494,0.3377908170223236,0.2013250133022666
1684,0.0008046680852806601,0.0007449194235960022,0.00047281421029765625,3.383821777447338e-06,0.0018333402331336401,0.0656363945454359,0.009286113448009486,0.005322043551132083,0.011665354217864334,0.006077336263842881,0.3363417237997055,0.2009890591725707
1685,0.0008036701851727948,0.0007209235045593232,0.0004872511635767296,3.055787772154872e-06,0.0016556127884541638,0.06494677811861038,0.009237201898204622,0.005297396914102137,0.011648695918457744,0.006026983028277755,0.33538180589675903,0.2001642920076847
1686,0.0008026724900644535,0.0006082501786295325,0.00040546768468630034,2.6197696740837273e-06,0.0014193801034707576,0.06529688276350498,0.009262065420020164,0.005293608643114567,0.011668248092703705,0.006046220776624978,0.3365086317062378,0.2009027572348714
1687,0.0008016750010497317,0.0005757163198722992,0.0003808996461884817,2.500911080005608e-06,0.001354982960037887,0.06507751159369946,0.009246494406077057,0.005286424653604627,0.011657204760381826,0.0060310655971989036,0.33587194234132767,0.20047472696751356
1688,0.0008006777192224981,0.0005462473673105706,0.000363368353646365,2.358385714273936e-06,0.0012777633528457955,0.06514725647866726,0.009251447327845093,0.005296235671266913,0.011664085650862202,0.006040201289579272,0.3362685739994049,0.20070791523903608
1689,0.0007996806456763947,0.00048057954518299084,0.00030241772037697956,2.2023554819838864e-06,0.0011932268134842161,0.06542803719639778,0.009271362731116813,0.005292746238410473,0.011676057239963625,0.006054487661458552,0.33695920556783676,0.20119362138211727
1690,0.0007986837815048346,0.000485888556795544,0.00030061649522394873,2.2646482449317773e-06,0.0012269767830730416,0.06511415727436543,0.009249097164381999,0.005280255572870374,0.011660692667233798,0.006037357612513006,0.33607297390699387,0.20059356559067965
1691,0.000797687127801002,0.00042428693086549174,0.0002822581955115311,1.8316899854653457e-06,0.000992401870462345,0.06517910584807396,0.009253708930374291,0.005285067367367446,0.011676489855177124,0.00604189932346344,0.33698415756225586,0.2010816317051649
1692,0.0007966906856578496,0.0003607327089412138,0.0002450448837407748,1.5199158482914754e-06,0.0008234839770011604,0.06532212346792221,0.00926385535409313,0.005292078945785761,0.011664158166399957,0.006047845701687038,0.3362727612257004,0.2007974423468113
1693,0.0007956944561680983,0.0003179842278768774,0.0002182837188229314,1.3229823920823947e-06,0.0007167862459027674,0.06514852680265903,0.009251537574488067,0.005277008865959942,0.011656090269933073,0.006031815311871469,0.3358077332377434,0.2004781300202012
1694,0.0007946984404242363,0.00028531035786727443,0.00019265080482000485,1.2106933588995616e-06,0.0006559485409525223,0.06503876112401485,0.009243740772502205,0.005277835647575557,0.011672911612651346,0.006047829054296017,0.3367776721715927,0.20090821664780378
1695,0.0007937026395185166,0.00028022212609357666,0.0001753417755026021,1.2915264164803375e-06,0.0006997434866207186,0.06503467634320259,0.009243450614866106,0.005275962874293327,0.011666811769036728,0.006030719261616468,0.3364257961511612,0.2007302362471819
1696,0.000792707054542957,0.0002639258746057749,0.00016456632238259772,1.2206888655441617e-06,0.0006613640616706107,0.06513149850070477,0.009250328510949205,0.005283050704747438,0.011648238534678458,0.006026626797392964,0.3353554606437683,0.20024347957223654
1697,0.0007917116865893387,0.0002871437645808328,0.00017658127853792394,1.3462520485063578e-06,0.0007293936541827861,0.06525720655918121,0.009259250999157323,0.00529130082577467,0.011635066170650474,0.006026218761689961,0.3345974385738373,0.19992732256650925
1698,0.0007907165367492047,0.0002880549309338676,0.00017369664965372067,1.37595760207887e-06,0.0007454880396835506,0.06533930823206902,0.009265073843096813,0.005284560727886856,0.011687535197924075,0.006038633291609585,0.3376220017671585,0.20148065499961376
1699,0.0007897216061138585,0.00028064327398169553,0.00016752479132264853,1.3531247020637238e-06,0.0007331171873374842,0.0651670191437006,0.009252850573397786,0.0052843926241621375,0.011668360022799569,0.006049684132449329,0.33651507645845413,0.20084104780107737
1700,0.000788726895774364,0.00025166800787701504,0.0001506842891103588,1.2100553945515458e-06,0.0006556028638442513,0.06523524038493633,0.009257692618438897,0.005279222037643194,0.011665172712862581,0.006043638568371534,0.3363312631845474,0.20078325178474188
1701,0.0007877324068215426,0.00024746211784076877,0.00015170553069765447,1.1637013521692552e-06,0.0006304884500423213,0.06520764157176018,0.009255734152497962,0.005281924968585372,0.011651414084725802,0.006018594140186906,0.3355383649468422,0.20037300325930119
1702,0.0007867381403459735,0.0002272724868817022,0.00014397060840565246,1.0344857308552946e-06,0.0005604799735010602,0.06516146659851074,0.009252456506523492,0.005275509087368846,0.011649808461931666,0.006032039877027273,0.335445873439312,0.20030367001891136
1703,0.0007857440974379922,0.0002041899779214873,0.00012890078687632922,9.327255021673864e-07,0.0005053467139077839,0.06499399431049824,0.009240558576670416,0.005269332556053996,0.01165674677419347,0.006033667596057057,0.33584555983543396,0.2004197770729661
1704,0.0007847502791876879,0.00018173981243307935,0.00011894802537426585,7.990224268894508e-07,0.0004329069470259128,0.0652551893144846,0.009259107883475325,0.005280758952721953,0.011660877361784902,0.006041253334842622,0.3360836133360863,0.20066940132528543
1705,0.0007837566866849046,0.0001598376147740055,0.0001043531979121326,7.046479701955377e-07,0.00038177527858351823,0.06523117423057556,0.00925740397879613,0.005278995609842241,0.011669828733018644,0.006042733788490295,0.33659981191158295,0.20091549307107925
1706,0.0007827633210192388,0.00014037454366189195,9.342092698716442e-05,6.057430717021361e-07,0.00032818900217534974,0.0649818442761898,0.009239695060706273,0.005272881011478603,0.011650872812850658,0.00603259215131402,0.33550717681646347,0.20024451054632664
1707,0.0007817701832800369,0.000136481021399959,9.007908829516964e-05,5.944836978244439e-07,0.00032208873562922236,0.06526117958128452,0.009259533000317751,0.005279695149511099,0.01165872901479553,0.006040367879904807,0.3359597846865654,0.20061048213392496
1708,0.0007807772745563962,0.00012286192622923409,8.055245370997e-05,5.391327135839674e-07,0.0002920998122135643,0.06517991982400417,0.009253766623103739,0.005276463343761861,0.011664464909935147,0.0060440568486228585,0.33629047125577927,0.20073519553989172
1709,0.0007797845959371638,0.00012300016942390357,7.842257718948531e-05,5.561330240766438e-07,0.00030131051789794583,0.06515371426939964,0.009251906219932618,0.0052789110923185945,0.011660230294059198,0.006042036111466587,0.3360463008284569,0.20060000754892826
1710,0.0007787921485109325,0.00013714968190470245,8.551774044462945e-05,6.343303020628355e-07,0.0003436774404690368,0.06519588083028793,0.009254899175504573,0.00528081227093935,0.011660458051018159,0.0060336379101499915,0.33605944365262985,0.2006276622414589
1711,0.0007777999333660433,0.00014781643767491914,9.553322115607443e-05,6.588262451145965e-07,0.00035694927828444634,0.06522384658455849,0.009256884051056643,0.005281440098769963,0.011675703284301862,0.006049242685548961,0.3369387537240982,0.20108130015432835
1712,0.0007768079515905811,0.00015751638238725718,9.676267791292048e-05,7.392660172911292e-07,0.00040053119118965697,0.06523488648235798,0.009257667173712961,0.005286311963573098,0.01165338053067777,0.006038512568920851,0.33565160632133484,0.2004432464018464
1713,0.0007758162042723761,0.00016735234657971887,9.876420654109097e-05,8.152609360934093e-07,0.00044170489854877815,0.06500963866710663,0.009241670801761264,0.005276841809973121,0.011643112390348992,0.006035189842805266,0.33506038784980774,0.20003501325845718
1714,0.0007748246924990007,0.00018069511224894086,9.739165989230969e-05,9.485289034216748e-07,0.0005139089116710238,0.06517449766397476,0.009253381834300035,0.005275776726193726,0.011641343902324196,0.006022320012561977,0.33495859056711197,0.20006654411554337
1715,0.0007738334173577687,0.00018813309179677162,0.00011152570277772611,9.12821164433808e-07,0.0004945626333210384,0.06516657769680023,0.00925281931602457,0.005278902826830745,0.01166338776323105,0.006039548898115754,0.3362283334136009,0.20069745555520058
1716,0.0007728423799357351,0.00018369762165093562,0.00011986516256001778,8.103191007080568e-07,0.0004390274389152182,0.06533013842999935,0.009264423681547443,0.005281921476125717,0.0116749701008093,0.006047002854757011,0.33689645677804947,0.2011132976040244
1717,0.0007718515813196947,0.00017821928122430108,0.00011430702625148115,8.007967586820541e-07,0.0004338682920206338,0.06533637084066868,0.009264865537206811,0.005288781714625657,0.011663772347367984,0.006051492411643267,0.33625051379203796,0.20079344231635332
1718,0.0007708610225961785,0.0001740622783472645,0.00011187384234290221,7.803974391151769e-07,0.0004228160014463356,0.06514732912182808,0.00925145243987889,0.005281058722175658,0.01166065881664835,0.006042954046279192,0.33607102930545807,0.20060917921364307
1719,0.000769870704851456,0.0001763009686328587,0.00011091227770521073,8.081563933615143e-07,0.00043785571870103013,0.06514504365622997,0.009251290328046929,0.005280855461023748,0.011662862643486989,0.006041047163307667,0.3361980468034744,0.2006715452298522
1720,0.0007688806291715326,0.00017712904082145542,0.00011411443529141252,7.92157258899806e-07,0.0004291874483897118,0.0651895459741354,0.009254449768096038,0.005270530353300273,0.01164893373843363,0.0060311430133879185,0.3353955149650574,0.20029253046959639
1721,0.0007678907966421468,0.00018858415933209471,0.0001166928404927603,8.788356247180218e-07,0.00047614941831852775,0.06515342928469181,0.009251885871087112,0.005280616576783359,0.011660550088527143,0.006039536790922284,0.33606475591659546,0.20060909260064363
1722,0.000766901208348772,0.0002088354667648673,0.00013020376172789838,9.65977054789846e-07,0.0005233622669038596,0.0650916900485754,0.009247500978057271,0.005273975199088454,0.011651762689843243,0.006020139087922871,0.3355584293603897,0.20032505970448256
1723,0.0007659118653766128,0.00020821960879402468,0.00013077209769107867,9.560976899081197e-07,0.0005180096395633882,0.06525194086134434,0.00925887763644563,0.00528008327819407,0.01168138957972666,0.006054205819964409,0.33726702630519867,0.2012594835832715
1724,0.0007649227688106048,0.00019460071962384973,0.00012646078084799228,8.622445264450107e-07,0.00046716044926142786,0.06513362191617489,0.009250479038042115,0.005273768794722855,0.01163518670572481,0.0060153615195304155,0.3346043676137924,0.19986899476498365
1725,0.0007639339197354144,0.00019371240432519699,0.00012262867949175416,8.82338568430896e-07,0.0004780472881975584,0.0652320384979248,0.009257465480032699,0.00528226129245013,0.011678364387833548,0.006053963443264365,0.3370923697948456,0.2011622041463852
1726,0.0007629453192354352,0.00019837312174786348,0.00012268656291780644,9.24923007517009e-07,0.000501119340697187,0.06510888040065765,0.009248722605070446,0.0052721514366567135,0.01168000050267068,0.006053565535694361,0.33718685060739517,0.2011478655040264
1727,0.000761956968394789,0.00024157713414751925,0.00014940954861231148,1.126342244361922e-06,0.0006102474508224986,0.06517183780670166,0.0092531928248973,0.005277337622828782,0.011678450988518793,0.006048726150766015,0.3370973765850067,0.2011346071958542
1728,0.0007609688682973239,0.00025302829726570053,0.00016302576023008442,1.131493597483768e-06,0.0006130384317657445,0.06522871740162373,0.009257229592077703,0.005293744383379817,0.011645691129703109,0.0060257879085838795,0.33520879596471786,0.2002187566831708
1729,0.0007599810200266128,0.0002642295885380008,0.00016871272600837983,1.1928793810511706e-06,0.0006462969940912444,0.0650648158043623,0.009245591997964554,0.005277823773212731,0.011669684863077862,0.006054767407476902,0.3365915045142174,0.20082816015928984
1730,0.000758993424665952,0.0002869777563319076,0.00017843416935647838,1.3310404156641198e-06,0.0007211520642158575,0.06537212617695332,0.009267400719717834,0.005289381020702422,0.011673693073765826,0.006052967626601458,0.3368227630853653,0.2010974446311593
1731,0.0007580060832983615,0.0003412774058233481,0.00019314896962896455,1.7235111897662136e-06,0.0009337911287730094,0.06555495597422123,0.00928035065035781,0.005297850468195975,0.011681368713647663,0.006053208257071674,0.33726582676172256,0.2014103913679719
1732,0.0007570189970065818,0.0003590498636185657,0.000209314848689246,1.768175359018187e-06,0.000957989879680099,0.06530777923762798,0.009262838187690596,0.00529833510518074,0.01169660177708183,0.006059550796635449,0.33814603835344315,0.20172690879553556
1733,0.0007560321668730742,0.0003780467068281723,0.00023217835041577928,1.774691092748526e-06,0.0009615200870030094,0.06554330326616764,0.00927952602328132,0.005291963927447796,0.011680430635890636,0.0060521941632032394,0.3372116759419441,0.20137748960405588
1734,0.0007550455939800187,0.0003932093113689916,0.0002452100643495214,1.818409039344715e-06,0.0009852062721620314,0.06492523103952408,0.009235669536914858,0.00527446938212961,0.011636637249756752,0.006023014546371996,0.3346877917647362,0.19980651140213013
1735,0.0007540592794093137,0.000397164261812577,0.0002632049754538457,1.7220536463469216e-06,0.0009330013526778203,0.06562311574816704,0.00928517414273543,0.005289280554279685,0.01167241481615238,0.0060335962334647775,0.33674900233745575,0.2011860590428114
1736,0.0007530732242425741,0.0003642432056949474,0.00023912843607831746,1.5959931474185396e-06,0.0008647022259538062,0.06486834399402142,0.009231622553889084,0.005270661786198616,0.0116305485661554,0.006023366237059236,0.33433766663074493,0.19960300531238317
1737,0.00075208742956113,0.0003477189147815807,0.00022542678107129177,1.5446547863007254e-06,0.0008368874223378953,0.06537649221718311,0.009267710049112811,0.00529068592004478,0.011686895209329952,0.006052115932106972,0.337585024535656,0.20148075837641954
1738,0.0007511018964460265,0.00041434975173615385,0.00026269694171787705,1.8844018896402304e-06,0.0010209609536104836,0.06540067121386528,0.009269423637226897,0.005310949753038585,0.011655112233163798,0.006041761487722397,0.33575139939785004,0.20057603530585766
1739,0.0007501166259780213,0.00038687825326633174,0.0002615416542539606,1.6394085022852778e-06,0.0008882246074790601,0.06496214866638184,0.009238294739321454,0.0052730453899130225,0.01164367480042292,0.006031099706888199,0.3350927531719208,0.2000274509191513
1740,0.000749131619237584,0.0003923620060959365,0.00024137630043696845,1.8388937590430032e-06,0.0009963047959899995,0.0654444471001625,0.009272525306212576,0.005285951541736722,0.01166568494265532,0.00605292187537998,0.33636078983545303,0.20090261846780777
1741,0.0007481468773048957,0.0003588621002563741,0.00022037477447156562,1.6847887849280596e-06,0.0009128113706537988,0.06491586565971375,0.00923500341909907,0.005262625170871615,0.011661163445373702,0.006037068669684231,0.33610009402036667,0.2005079798400402
1742,0.0007471624012598466,0.0003415332903387025,0.0002125363344021025,1.582738647698534e-06,0.0008575210740673356,0.06515306048095226,0.009251859525655434,0.005283495760522783,0.011679381905330674,0.0060525317676365376,0.3371511250734329,0.2011520927771926
1743,0.000746178192182035,0.00035844979174726177,0.00022470843668997986,1.6489888707837963e-06,0.000893415191967506,0.06487200409173965,0.009231882543149559,0.005279012257233262,0.011643935686983659,0.006035791244357824,0.3351077660918236,0.19998988509178162
1744,0.0007451942511507677,0.0003676675332826562,0.00023563578179164324,1.653380408583871e-06,0.0008957945028669201,0.06510274671018124,0.009248286665405388,0.005287911742925644,0.011667134189436023,0.0060627354541793466,0.33644436299800873,0.20077355485409498
1745,0.0007442105792450556,0.0003872582055919338,0.0002444395877319039,1.7691771176941984e-06,0.0009585326770320535,0.06515095569193363,0.009251710102384736,0.005286444560624659,0.011665807500239211,0.006049921736121178,0.3363678678870201,0.20075941178947687
1746,0.0007432271775436162,0.0004073698164575035,0.00023859625343902735,1.997918914753427e-06,0.0010824640376085881,0.0654716957360506,0.009274455220002715,0.005288945394568145,0.011643579817516993,0.00603915227111429,0.33508728444576263,0.20027949009090662
1747,0.0007422440471248702,0.0004185988200333668,0.0002585285583336372,1.954389333036488e-06,0.001058879843185423,0.06512808427214622,0.009250086050011135,0.005283236387185752,0.011679547148159466,0.006046384805813432,0.3371606841683388,0.2011443842202425
1748,0.0007412611890669398,0.0004211920422676485,0.0002698720645639696,1.8945735789088758e-06,0.001026471916702576,0.06526847742497921,0.00926005052033415,0.00529504322912544,0.011630348531957465,0.006038666353560984,0.3343261480331421,0.19979731272906065
1749,0.0007402786044476502,0.00042312501500418875,0.00025850027941487497,1.9963683755008788e-06,0.0010816239009727724,0.06490000896155834,0.009233875222632906,0.005272132344543934,0.011670663081356685,0.006059301900677383,0.3366479426622391,0.2007739758118987
1750,0.0007392962943445259,0.00041524759581079707,0.0002524123929106281,1.9686170489308097e-06,0.0010665883601177484,0.06518614292144775,0.009254208299646616,0.005291228997521102,0.011667450988422578,0.0060581539291888475,0.33646266907453537,0.20082440599799156
1751,0.0007383142598347898,0.00043831748007505666,0.00027258348836767254,2.0325988998592948e-06,0.0011012533905159216,0.06505914404988289,0.009245189063087312,0.005289963213726878,0.01163909724295107,0.006022671237587929,0.33482933044433594,0.1999442372471094
1752,0.0007373325019953633,0.0004359908307378646,0.0002789299105643295,1.96427242116215e-06,0.0010642344714142382,0.06520477496087551,0.009255530451394108,0.005282049183733761,0.011656487578806546,0.006045827525667846,0.3358306288719177,0.20051770191639662
1753,0.0007363510219028649,0.00041024920756171923,0.0002679094513950986,1.8080765684658218e-06,0.0009796081940294243,0.06500190868973732,0.009241121152344442,0.005294780363328755,0.011658613715793862,0.0060421989765018225,0.33595315366983414,0.20047753117978573
1754,0.000735369820633607,0.0004028013408969855,0.0002618588378027198,1.7840141666169984e-06,0.0009665712968853768,0.0648471899330616,0.009230117151931325,0.0052751932526007295,0.011636346029914578,0.006026302929967642,0.3346710428595543,0.19975911639630795
1755,0.0007343888992635978,0.0003824161922239,0.0002574238851593691,1.6286311108615337e-06,0.0008823853677313309,0.06512684188783169,0.00924999765735845,0.005293805850669742,0.01169025086860315,0.006063189823180437,0.3377789109945297,0.2014528764411807
1756,0.000733408258868537,0.00035714248588192277,0.00023698506629443727,1.5462877129834851e-06,0.0008377721387660131,0.06515315547585487,0.00925186660353997,0.005284254672005773,0.011666077558971194,0.006058639730326831,0.3363834321498871,0.20076829381287098
1757,0.0007324279005238177,0.00036776080014533363,0.000244319287048711,1.5901320935540753e-06,0.000861526819790015,0.0652607437223196,0.00925950206017102,0.00529036670923233,0.011639400271138464,0.006028114352375269,0.33484674245119095,0.20005374308675528
1758,0.0007314478253045233,0.00029290518978086766,0.0001968175365618663,1.250020396525997e-06,0.0006772557753720321,0.06502377055585384,0.009242675242210377,0.005286508472636342,0.01164301255972184,0.006039113039150834,0.3350546211004257,0.20003919582813978
1759,0.0007304680342854256,0.0002439327663523727,0.00015684424761275295,1.0931921039514236e-06,0.000592286822211463,0.06514261662960052,0.009251117988945456,0.0052945875795558095,0.011656400346793093,0.006031642202287912,0.3358256071805954,0.20048411190509796
1760,0.0007294885285409858,0.00025220466068276437,0.0001536425916128792,1.1931672716514186e-06,0.0006464529124059482,0.06521810963749886,0.009256477087996134,0.005283797159790993,0.011648653288362556,0.006018481217324734,0.33537935465574265,0.20029873214662075
1761,0.0007285093091453529,0.000270953480139724,0.0001587081142133684,1.3287939140127492e-06,0.0007199348983704112,0.06500727124512196,0.009241502810323373,0.005283658625558019,0.011659906434722892,0.006035143160261214,0.3360276445746422,0.20051745790988207
1762,0.0007275303771723599,0.00024871965706552146,0.0001619993554413668,1.0993087968813597e-06,0.0005956008644716348,0.0651333685964346,0.009250461438985265,0.00527484156191349,0.011637698272535206,0.006020722910761833,0.3347488343715668,0.19994110148400068
1763,0.0007265517336955262,0.00023655669247091282,0.00015010068273113575,1.0749083543259985e-06,0.0005823807205160847,0.06510470807552338,0.009248426014922753,0.005276429117657244,0.01163487559448958,0.006026626098901033,0.334586463868618,0.1998455859720707
1764,0.0007255733797880547,0.00023406516083923634,0.00014790248769713799,1.0681438524784426e-06,0.0005787158224848099,0.06482698582112789,0.009228679110577575,0.005265347077511251,0.011650566492098275,0.006020285771228373,0.33548954129219055,0.20015826355665922
1765,0.0007245953165228298,0.00022201386491360608,0.00014172964438330382,1.0025008947422975e-06,0.0005431507252069423,0.0650069061666727,0.009241476632120727,0.00526972790248692,0.0116695528378554,0.006056078360415995,0.3365838900208473,0.20079539809376
1766,0.0007236175449724185,0.00023927878282847814,0.00014612466839025728,1.1293834951686677e-06,0.0006118952114775311,0.06518813222646713,0.009254349328993498,0.0052862269803881645,0.011657911287769659,0.006037684739567339,0.33591268211603165,0.2005504071712494
1767,0.0007226400662090664,0.00021057228241261328,0.00013212459498390672,9.678242136601511e-07,0.000524363018485019,0.06516864523291588,0.009252966165785234,0.00527897838037461,0.011651829349822012,0.006038021529093385,0.33556225150823593,0.2003654483705759
1768,0.0007216628813046991,0.00017883191594592063,0.00011390816871426068,8.093951890941753e-07,0.0004385268985060975,0.06515935994684696,0.009252306699696995,0.0052814430091530085,0.011656800922050438,0.00602873635943979,0.3358486592769623,0.20050400961190462
1769,0.0007206859913309202,0.00016834705729706911,0.00010783197831187863,7.574946678801098e-07,0.00041040737778530456,0.06498089246451855,0.009239627338271291,0.005263641593046486,0.011662751752391563,0.006034045945852995,0.33619165420532227,0.2005862733349204
1770,0.0007197093973590086,0.00015766437354614027,9.963307638827246e-05,7.194400453158778e-07,0.0003897895567206433,0.06511276215314865,0.00924899794550042,0.005279291654005647,0.01166683468799565,0.006046394119039178,0.33642709255218506,0.20076992735266685
1771,0.0007187331004599195,0.00016261762448266381,9.966226662072586e-05,7.64935997210614e-07,0.0004144390441069845,0.06512108817696571,0.009249589211373362,0.005268278298899531,0.011670937547567513,0.006044782465323806,0.33666375279426575,0.20089242048561573
1772,0.0007177571017042829,0.0001625380064069759,0.00010096678897753009,7.545701770084179e-07,0.000408822870667791,0.06514526903629303,0.009251306254259342,0.005277118063531816,0.011643203471379463,0.006018068175762892,0.3350656181573868,0.2001054435968399
1773,0.0007167814021623997,0.00015581745628878707,9.978956859413302e-05,7.012402285511143e-07,0.00037992899706296157,0.06535232067108154,0.009265996438561838,0.00527944671921432,0.011670039001280087,0.006041757180355489,0.33661194145679474,0.20098213106393814
1774,0.0007158060029042451,0.00013819303103446146,8.642587999929674e-05,6.372542280530524e-07,0.0003452616092545213,0.06509426236152649,0.009247683907847457,0.005273687303997576,0.011658192451290105,0.006037017214111984,0.33592886477708817,0.20051156356930733
1775,0.0007148309049994641,0.00014216362433217,8.750475944907521e-05,6.659319033985867e-07,0.00036079906385566574,0.06517224758863449,0.009253221722060674,0.005282202153466642,0.011649935089969695,0.006034315563738346,0.33545316755771637,0.20031270757317543
1776,0.0007138561095173702,0.0001427314973625471,8.986151033241185e-05,6.537730179445589e-07,0.0003542114372976357,0.06490756943821907,0.009234413090623934,0.005265001440420747,0.011651554277379288,0.006035814061760902,0.33554641157388687,0.20022699050605297
1777,0.0007128816175269472,0.00013953170309832785,8.978458072306239e-05,6.248114523543791e-07,0.00033852017259050626,0.06526579335331917,0.009259860075545811,0.0052739185048267245,0.011669088633419984,0.006034479476511478,0.3365570902824402,0.20091144181787968
1778,0.0007119074300968443,0.00014966583785280818,8.977935067377985e-05,7.183736201454849e-07,0.0003892117711075116,0.06514612399041653,0.009251367402795493,0.005272078444249928,0.011669138515238807,0.006044063484296203,0.3365599736571312,0.20085304882377386
1779,0.0007109335482953777,0.00015538274965365417,9.904003945848672e-05,7.027621897748304e-07,0.0003807535831583664,0.0650098230689764,0.009241684087421305,0.005278959404677153,0.011645673479745192,0.006014305050484836,0.3352077901363373,0.20010880660265684
1780,0.0007099599731905283,0.0001455245874240063,9.715298483570223e-05,6.257173481571954e-07,0.00033901098322530743,0.06520307809114456,0.009255410174252337,0.005280826590023935,0.011645676916022281,0.006031750934198499,0.3352080062031746,0.20020554214715958
1781,0.0007089867058499407,0.00014273598435465829,9.451753885514336e-05,6.194396036107719e-07,0.0003356097477080766,0.06514720804989338,0.009251444083668332,0.005272540031000972,0.01165281000361028,0.006028024712577462,0.3356187716126442,0.2003829898312688
1782,0.0007080137473409213,0.00014177556568029104,9.279346613766393e-05,6.233049347770248e-07,0.00033770395202736836,0.06506003811955452,0.009245252613064931,0.0052726364228874445,0.011652110347882327,0.006027969182468951,0.33557842671871185,0.2003192324191332
1783,0.000707041098730439,0.00015083557627804112,9.739649931361782e-05,6.729323374088381e-07,0.0003645918877737131,0.06520219147205353,0.009255347381888202,0.005269125918857753,0.011663246465143766,0.0060455737402662635,0.3362201973795891,0.2007111944258213
1784,0.000706068761085122,0.0001442122529624612,9.516642967355438e-05,6.282728364226386e-07,0.0003403955342946574,0.06514321640133858,0.009251160754509715,0.005278562195599079,0.011650500761672233,0.006032827426679432,0.3354857563972473,0.20031448639929295
1785,0.0007050967354712578,0.0001692047235337668,0.00011426339051467949,7.17927449045419e-07,0.00038897003651072737,0.06506775319576263,0.009245800738083235,0.005280283861793578,0.011664680576843868,0.006041578948497772,0.33630288392305374,0.2006853185594082
1786,0.0007041250229547916,0.0002245430623588618,0.00015096191009433824,9.576812445288851e-07,0.0005188676495890832,0.065249128267169,0.009258678130229736,0.005282540572807193,0.011661265616383091,0.006029841606505215,0.33610599488019943,0.20067756157368422
1787,0.0007031536246013255,0.00025114404434134485,0.0001542349982628366,1.179005543860967e-06,0.0006387802040990209,0.06515740603208542,0.009252168391634856,0.005287237698212266,0.011647685402681232,0.006041525048203766,0.33532365411520004,0.20024053007364273
1788,0.0007021825414761169,0.00027520292951521697,0.00017556901821080828,1.2435285263734386e-06,0.0006737385301676113,0.06518387980759144,0.009254047612022184,0.005288574146106839,0.011649444652388978,0.006043759058229625,0.33542492985725403,0.20030440483242273
1789,0.000701211774644077,0.0002923343454312999,0.0001953756818693364,1.255397357624588e-06,0.0006801689742133021,0.06517673470079899,0.009253540272904873,0.005289616878144443,0.01165337163347963,0.006036182283423841,0.33565109968185425,0.20041391719132662
1790,0.0007002413251697713,0.00030672462708025705,0.00020007358307339018,1.353515067137323e-06,0.000733328764908947,0.06510786898434162,0.009248650228511186,0.005278536700643599,0.01167524976292798,0.00605057249777019,0.3369126096367836,0.2010102393105626
1791,0.0006992711941174165,0.0003091369471803773,0.0002040489043793059,1.3464281849451254e-06,0.0007294890820048749,0.06530297175049782,0.009262497078118367,0.005296737304888666,0.011650802712634791,0.006054937839508057,0.33550313860177994,0.20040305517613888
1792,0.0006983013825508798,0.00030301668266474735,0.00020215748736518435,1.303910956096388e-06,0.0007064534293022007,0.06492931768298149,0.009235960037475129,0.005268745590001345,0.011658205869579375,0.0060456591891124845,0.33592964708805084,0.20042948238551617
1793,0.0006973318915336791,0.0002876993876270717,0.00018698703843256226,1.274555550878631e-06,0.0006905487607582472,0.06529666483402252,0.009262049806895779,0.005289623746648431,0.011657965742277291,0.006039131199941039,0.33591578900814056,0.20060622692108154
1794,0.0006963627221289798,0.0003267397314630216,0.00019690979752340354,1.5615837156701673e-06,0.0008460594435746316,0.06523741409182549,0.009257846955413068,0.005284447339363396,0.011664584517455107,0.006047060946002603,0.33629734069108963,0.20076737739145756
1795,0.0006953938753995949,0.0003287892795924563,0.00020319650957389968,1.5340842409727884e-06,0.0008311603342008311,0.0652996338903904,0.00926226053275755,0.005298019736073911,0.011652827018364675,0.006038881605491042,0.33561971783638,0.2004596758633852
1796,0.000694425352407984,0.00032824318805069197,0.0002080752165056765,1.4930259197853957e-06,0.0008089150360319763,0.06513738259673119,0.009250746460931368,0.005281464196741581,0.011651457329187468,0.006033382611349225,0.3355408310890198,0.20033910684287548
1797,0.0006934571542162511,0.00033594665364944376,0.00021026144622737775,1.547977213078866e-06,0.0008386874651478138,0.06492942944169044,0.009235968013802302,0.005278505617752671,0.011616440926472226,0.006012843223288655,0.3335270509123802,0.19922824017703533
1798,0.000692489281886144,0.0003799588739639148,0.00022870350494486047,1.8179919720751059e-06,0.000984980317298323,0.06517062149941921,0.009253106329447196,0.005286166328005493,0.01164579484218976,0.006020348169840872,0.3352147787809372,0.2001927001401782
1799,0.0006915217364790541,0.00035429696799837984,0.0002195312008552719,1.6488870357989072e-06,0.000893359992915066,0.06503601185977459,0.00924354526884976,0.005270638735964894,0.011674637301949006,0.006041152752004564,0.3368772566318512,0.2009566342458129
1800,0.0006905545190560127,0.00031847502032178454,0.00019576474187488202,1.4937660068881087e-06,0.0008093161013675854,0.06528108194470406,0.00926094474325703,0.0052834899397566915,0.011635169821509448,0.006024963920935988,0.3346034064888954,0.19994224421679974
1801,0.0006895876306776927,0.000282943716229056,0.0001750498768160469,1.3187978638029563e-06,0.0007145190829760395,0.06499289348721504,0.009240480525940205,0.005273499293252826,0.011664491108297351,0.006056581041775644,0.33629196137189865,0.20064242742955685
1802,0.0006886210724044061,0.00025886556068144273,0.00016454452452308033,1.1741504266638003e-06,0.0006361496889439877,0.06514060869812965,0.009250975435636778,0.005285927443765104,0.01167150048702704,0.006049566087312996,0.3366962671279907,0.2009184379130602
1803,0.0006876548452961018,0.0002646588045536191,0.0001646722930672695,1.2266704203511836e-06,0.0006646048423135653,0.065059132874012,0.009245188374462872,0.005282110651023686,0.011663534206130989,0.006047164904884994,0.33623678982257843,0.2006479613482952
1804,0.0006866889504123665,0.0002591119409771636,0.00016454418437206186,1.176426692950372e-06,0.0006373829237418249,0.06519976817071438,0.009255175413138781,0.005287534557282925,0.011657840449720042,0.006049238494597375,0.33590858429670334,0.20055417623370886
1805,0.0006857233888124233,0.0002471875923220068,0.00015545578207820654,1.1334802962892354e-06,0.0006141148078313563,0.06500517763197422,0.009241353810089614,0.005280116223730147,0.011667277467208479,0.006033598561771214,0.3364526256918907,0.20072890166193247
1806,0.0006847581615551276,0.00023566048002976459,0.0001497563971497584,1.0691792198258554e-06,0.0005792767860839376,0.06536496058106422,0.009266892639481935,0.005295397597365081,0.011642901167103972,0.006027881405316293,0.33504822105169296,0.2002065908163786
1807,0.0006837932696989701,0.00023343433713307604,0.00014432793750529527,1.0887127288583542e-06,0.0005898599174543051,0.06503303721547127,0.009243334313114158,0.005269785062409937,0.011645832484595772,0.006031736847944558,0.3352169543504715,0.20012499578297138
1808,0.0006828287143020732,0.00022517534216603963,0.0001327429199591279,1.0980245797043153e-06,0.0005949050100753084,0.06507792696356773,0.009246523619256437,0.00527050020173192,0.011639185854897876,0.0060249947709962726,0.33483441174030304,0.1999561693519354
1809,0.0006818644964221895,0.00021394748000602704,0.00012833783193855197,1.0269295351861274e-06,0.0005563860613619909,0.06498606316745281,0.009239995277732598,0.005271786591038108,0.011637978205109872,0.00601674010977149,0.3347649425268173,0.19987550284713507
1810,0.0006809006171167029,0.00025874913353618467,0.00014621247646573465,1.3084187600043151e-06,0.0007088957463565748,0.0651826560497284,0.009253960534871649,0.0052741068648174405,0.011650859073866081,0.006028421921655536,0.3355063870549202,0.2003445215523243
1811,0.0006799370774426244,0.00026954674649459776,0.00016091753059299663,1.2994999352144987e-06,0.000704063568264246,0.06490560248494148,0.009234273332662567,0.005275607691146433,0.01165917974650056,0.006030245567671955,0.3359857574105263,0.20044567994773388
1812,0.0006789738784565937,0.000258513423432305,0.00016178511486941716,1.1912729647178821e-06,0.000645426640403457,0.0652065109461546,0.009255653773147797,0.005280765355564654,0.011652906472255864,0.0060318035539239645,0.3356243073940277,0.20041540917009115
1813,0.0006780110212148774,0.00023865156254032627,0.0001543083535580081,1.0631762528134914e-06,0.0005760243766417261,0.06498201191425323,0.00923970726644118,0.00527732539921999,0.01162757412983051,0.00602186587639153,0.33416666090488434,0.1995743364095688
1814,0.0006770485067733653,0.00024368276444874937,0.00015722762236691779,1.0880545104896555e-06,0.0005895033082197187,0.06501193158328533,0.009241833869615291,0.005271670059300959,0.01165052261981231,0.006026796530932188,0.3354870080947876,0.20024946983903646
1815,0.0006760863361875731,0.0002801176378852688,0.0001826272109610727,1.236774771484761e-06,0.000670079327392159,0.06517105549573898,0.009253136996108382,0.005276825744658709,0.011668825347412065,0.006046990863978863,0.33654191344976425,0.20085648447275162
1816,0.000675124510512639,0.0003076902157772565,0.0001914363756441162,1.42619342824446e-06,0.000772705545386998,0.06481451354920864,0.009227791222739836,0.0052637979388237,0.011622261234901225,0.006008206983096898,0.3338613584637642,0.19933793600648642
1817,0.0006741630308033223,0.0002925911721831653,0.00018687000374484342,1.320563796980423e-06,0.0007154758131946437,0.06500355340540409,0.00924123846611897,0.005268641631118953,0.011655252225268845,0.00603903247974813,0.3357594460248947,0.2003814997151494
1818,0.0006732018981140036,0.0002686440111574484,0.00017947282412933419,1.154177997619854e-06,0.0006253287319850642,0.06522057764232159,0.009256652078409618,0.005277389427646995,0.01164726093180005,0.006024615373462439,0.33529916405677795,0.20025987084954977
1819,0.0006722411134986834,0.00024943275639088824,0.00016069855428213486,1.1154933616808194e-06,0.0006043695175321773,0.06508694589138031,0.009247164515483687,0.005267929285764694,0.01164235324989216,0.006014449172653258,0.3350166827440262,0.20005181431770325
1820,0.0006712806780109784,0.0002273674917887547,0.00015048844124976313,9.872423092360805e-07,0.0005348836748453323,0.06523709930479527,0.00925782455657197,0.005279604345560074,0.011662267624767289,0.006038973806425929,0.3361637443304062,0.20070042181760073
1821,0.000670320592704125,0.0002165157493436709,0.00014180029302224284,9.512395742206081e-07,0.0005153775582584785,0.06496290862560272,0.009238348885745028,0.005275020957924426,0.011651826227583276,0.006024249014444649,0.3355620801448822,0.20026249438524246
1822,0.0006693608586309743,0.00018649712546903174,0.00011502700590426684,8.718739579194335e-07,0.0004723775855381973,0.06478128768503666,0.009225425667294061,0.005267173168249428,0.011647440217193918,0.0060308563988655806,0.3353095054626465,0.20004539657384157
1823,0.0006684014768439918,0.0001862627677837736,0.00011740598665710422,8.521474903488979e-07,0.00046168987501005176,0.06493943743407726,0.009236679651714607,0.005272851441986859,0.011655326668546247,0.0060572754591703415,0.33576374500989914,0.2003515912219882
1824,0.0006674424483952581,0.0002147330533261993,0.0001223105482495157,1.078677804855488e-06,0.0005844230545335449,0.06502657383680344,0.009242874700248276,0.005280027748085558,0.011669276000898154,0.006055626319721341,0.3365678936243057,0.20079723373055458
1825,0.0006664837743364649,0.00022087433899287134,0.00013055253020866076,1.0745037037906968e-06,0.0005821615613967879,0.06520901061594486,0.009255831432195957,0.005288680084049702,0.011667809871370758,0.006041688029654324,0.33648334443569183,0.20084617752581835
1826,0.0006655254557189159,0.00020851816861977568,0.00013109264546073973,9.56486427838854e-07,0.0005182202530704672,0.06498392671346664,0.009239843004938634,0.00527124188374728,0.011670210299309406,0.006047933595255017,0.33662181347608566,0.20080287009477615
1827,0.0006645674935935253,0.00022814474414190045,0.00013231982120487373,1.1285515171266525e-06,0.0006114444149716292,0.0650255810469389,0.009242803950701784,0.0052766670705750585,0.011636520012371442,0.006021322566084564,0.33468106389045715,0.19985332246869802
1828,0.0006636098890108157,0.0002323323069504113,0.00014088149737290223,1.103987134598583e-06,0.0005981355388939846,0.06510514207184315,0.009248456992123717,0.005277088028378785,0.011632326826852607,0.006009610369801521,0.3344399183988571,0.19977253023535013
1829,0.0006626526430209179,0.00023406331820297055,0.00013542561100621242,1.160241843933818e-06,0.000628614128800109,0.06512128561735153,0.00924960346893952,0.005291109438985586,0.011635248145301697,0.006025808397680521,0.33460789173841476,0.19986458867788315
1830,0.00066169575667357,0.00022787726356909843,0.00012999317868889193,1.143260256242229e-06,0.0006194135858095251,0.06505812890827656,0.009245116658865276,0.005273112561553717,0.011642208415456252,0.006021296721883118,0.3350083455443382,0.2000332372263074
1831,0.0006607392310181147,0.00020770041373907588,0.0001297407702622877,9.589203422422088e-07,0.0005195389603613876,0.06523049622774124,0.009257355740319871,0.005281439051032066,0.011665028317691234,0.006053043762221932,0.33632292598485947,0.20077671110630035
1832,0.0006597830671034999,0.00019763957789109554,0.00012124878048780374,9.287684292758058e-07,0.0005032027565903263,0.06517576798796654,0.009253471767215705,0.0052809774642810225,0.011658377965571336,0.006052086944691837,0.33593954890966415,0.20055765844881535
1833,0.0006588272659782761,0.0001938546192832291,0.00012348571635811822,8.773235862236106e-07,0.00047533021643175744,0.06492864340543747,0.009235911982419963,0.00527693098410964,0.01164549526052978,0.006030179210938513,0.3351975232362747,0.2000630833208561
1834,0.0006578718286905971,0.00018063467177853454,0.00011149310103064636,8.438622138839946e-07,0.000457200931123225,0.06511137261986732,0.009248899413902641,0.005279604461975396,0.011642453867360882,0.006020446191541851,0.3350224643945694,0.20006691850721836
1835,0.0006569167562882167,0.00016698735362297157,0.0001047363471116114,7.6780109026231e-07,0.00041599137693992816,0.06500109098851681,0.009241063380668265,0.005271420814096928,0.011651513062787618,0.006032856530509889,0.33554404973983765,0.20027257036417723
1836,0.0006559620498184888,0.00014170386202749796,8.965167126007145e-05,6.458385470864414e-07,0.00034991259599337354,0.0650703813880682,0.00924598743943709,0.00527856033295393,0.011649990986988795,0.006030179210938513,0.33545640110969543,0.20026339124888182
1837,0.0006550077103283663,0.00014299079884949606,8.896443478079163e-05,6.627889366228601e-07,0.00035909625148633495,0.06498121283948421,0.00923965037182959,0.005275580449961126,0.011653789014021058,0.006036133738234639,0.3356751576066017,0.20032818522304296
1838,0.0006540537388643995,0.00016690350912540453,9.981094444810878e-05,8.03390875603327e-07,0.00043527374145924114,0.06509951874613762,0.009248057132406095,0.005267715081572533,0.011638505541653858,0.006027321796864271,0.3347952738404274,0.1999473962932825
1839,0.0006531001364727347,0.00019227318261982873,0.00012548878703455557,8.479407860306765e-07,0.00045941074495203793,0.06503392942249775,0.009243397285479613,0.0052775206277146935,0.011652486250246936,0.006041446584276855,0.3356001228094101,0.20031702611595392
1840,0.0006521469041991144,0.0001771245160853141,0.00012234812493261416,7.3132745015414e-07,0.00039623007251066156,0.06502341851592064,0.009242650346553718,0.005268972716294229,0.011664467093134245,0.006049260147847235,0.336290568113327,0.20065699331462383
1841,0.0006511940430888744,0.00016747657537052874,0.00010606237265164964,7.625260387555954e-07,0.0004131333771510981,0.06506025232374668,0.009245267664311439,0.005279815406538546,0.011648532736479764,0.0060366238467395306,0.3353724032640457,0.2002163277938962
1842,0.0006502415541869434,0.00014581651066691848,9.00215100045898e-05,6.810620156727509e-07,0.00036899649967381265,0.06507913954555988,0.00924660997956351,0.0052735519129782915,0.011658881444878394,0.0060315660666674376,0.33596857637166977,0.20052385795861483
1843,0.0006492894385378429,0.00015337139484472573,9.211039423462353e-05,7.353607855975497e-07,0.00039841536636231467,0.06520108692348003,0.009255269161070334,0.005278428317978978,0.011657046690862018,0.006028709118254483,0.3358628451824188,0.20053196605294943
1844,0.0006483376971856839,0.00015815616279724054,9.164015500573441e-05,7.829891579547166e-07,0.0004242201830493286,0.06523535400629044,0.009257700674283498,0.005277924588881433,0.011664256880375179,0.006046658614650369,0.336278460919857,0.20075690746307373
1845,0.0006473863311741677,0.00016413480625487864,9.393334039486945e-05,8.212331863433064e-07,0.0004449406569619896,0.06505651399493217,0.009245002345610374,0.005267237429507077,0.011656183434305429,0.006029215874150395,0.33581309020519257,0.20043480210006237
1846,0.0006464353415465841,0.00014994355751696276,9.247408570445259e-05,7.010417313324524e-07,0.0003798214293055935,0.065076919272542,0.009246452012376498,0.005273229908198118,0.011636127493007992,0.006016345811076462,0.3346584662795067,0.19986769277602434
1847,0.0006454847293458092,0.00013780625522485934,9.047359708347358e-05,6.038011761688722e-07,0.0003271368805144448,0.0649438351392746,0.00923699237299373,0.005274442373774946,0.01163871403149146,0.006019841763190925,0.33480726927518845,0.19987555220723152
1848,0.0006445344956143061,0.00012761996003973763,8.079621284196037e-05,5.812429115792384e-07,0.0003149149415548891,0.06509332172572613,0.009247616735662122,0.005277825985103846,0.011649046010261082,0.006031211465597153,0.3354019671678543,0.20024764444679022
1849,0.0006435846413941231,0.0001250534487553523,7.942886122691561e-05,5.676526377840219e-07,0.00030755177976971027,0.06506194546818733,0.009245388171774187,0.005271417088806629,0.011644620056823042,0.00602204108145088,0.3351471498608589,0.20010454766452312
1850,0.0006426351677268911,0.0001297600088037143,8.512567637808388e-05,5.690286251081034e-07,0.000308297321680584,0.06509813480079174,0.009247959279202668,0.005269231740385294,0.011640515421945266,0.006017029169015586,0.33491091430187225,0.200004524551332
1851,0.0006416860756538246,0.00013389510695560602,8.788355717115337e-05,5.868286976351555e-07,0.0003179412851750385,0.06502503156661987,0.009242764885699261,0.005270996247418225,0.011649650916618846,0.006032702513039112,0.3354368060827255,0.2002309188246727
1852,0.0006407373662157198,0.0001297398416681972,8.595304416303406e-05,5.627342147818126e-07,0.0003048870130442083,0.06499114632606506,0.009240356214273533,0.005268849898129702,0.011659716576584702,0.006035401253029704,0.3360166996717453,0.20050392299890518
1853,0.0006397890404529523,0.00013762082198809367,8.519024959241506e-05,6.410960402547516e-07,0.0003473431133897975,0.06512348726391792,0.009249759809085295,0.0052753851050511,0.011639179134791513,0.006021481822244823,0.3348340317606926,0.19997875951230526
1854,0.0006388410994054781,0.0001508560835645767,8.859827721607871e-05,7.380775599585832e-07,0.00039988728531170636,0.06488117389380932,0.009232535094778609,0.005271885776892304,0.011625585325397944,0.00601240003015846,0.33405234664678574,0.19946676027029753
1855,0.0006378935441128304,0.00016899881393328542,9.362244554722565e-05,8.684163042005366e-07,0.00047050426837813575,0.06503013707697392,0.009243127780423441,0.00527484726626426,0.011638899856242335,0.006020047469064593,0.3348179906606674,0.19992406386882067
1856,0.0006369463756141198,0.00016832036271807738,9.79588548943866e-05,8.301400598043074e-07,0.00044976638855587225,0.06505030207335949,0.00924456111466988,0.00527805183082819,0.011644865457894798,0.006031012977473438,0.3351612985134125,0.20010580029338598
1857,0.0006359995949480333,0.00015824999536562245,9.80140002866392e-05,7.367978938077613e-07,0.000399193955672672,0.06519608944654465,0.009254914014519808,0.005281567107886076,0.011654129275802519,0.00603592349216342,0.33569474518299103,0.20044541731476784
1858,0.000635053203152831,0.00017340809336019447,0.00011015504105671425,7.870498137663162e-07,0.0004264202871127054,0.06499969214200974,0.009240963977109228,0.00527217925991863,0.01165869188208862,0.0060380203649401665,0.3359576538205147,0.2004786729812622
1859,0.0006341072012663482,0.00016979623251245357,0.00010459542500029784,7.94763398204168e-07,0.00043059944437118247,0.06497965380549431,0.009239539534607896,0.005269589368253946,0.011643137855614515,0.006028442527167499,0.33506183326244354,0.20002074353396893
1860,0.0006331615903259922,0.00016573489574511768,0.00010798689072544221,7.322444091073521e-07,0.00039672690581937786,0.06497065909206867,0.009238899881394865,0.005269825691357255,0.011649566600115322,0.006027382565662265,0.33543192595243454,0.2002012925222516
1861,0.0006322163713687405,0.0001681493422438507,0.00011198446327398415,7.250127609381707e-07,0.00039280884448089637,0.06516505405306816,0.00925271099563121,0.005280157667584717,0.011644799382876289,0.006028794799931347,0.33515749126672745,0.2001612726598978
1862,0.000631271545431142,0.0001802227170628612,0.00011593421595534892,8.072723112206859e-07,0.00043737670603150036,0.06506596133112907,0.009245673350116957,0.005276216310448945,0.0116609123036682,0.006050041178241372,0.33608562499284744,0.20057579316198826
1863,0.0006303271135493146,0.00018235526476928499,0.00011499990887386957,8.338504713378825e-07,0.0004517766592471162,0.06514662876725197,0.00925140279404655,0.005282117519527674,0.011653785892307348,0.006031516706570983,0.3356749787926674,0.20041080377995968
1864,0.0006293830767589429,0.00020138373656664044,0.00012558730531964102,9.312908630931815e-07,0.0005045694470027229,0.06499037332832813,0.009240301587477788,0.005272542359307408,0.011673598646746901,0.006060158833861351,0.33681731671094894,0.20090384501963854
1865,0.0006284394360952797,0.00020019465046061669,0.00012846636673202738,8.990616215953651e-07,0.00048710776172811165,0.0652396772056818,0.00925800728237765,0.005281083518639207,0.0116629828912892,0.006032236502505839,0.33620499819517136,0.20072233770042658
1866,0.000627496192593142,0.0002437150424157153,0.00014089788555793348,1.2089124226122294e-06,0.0006549836434714962,0.06494404561817646,0.009237007339237838,0.005273977993056178,0.011660648209071398,0.006041095708496869,0.33607039600610733,0.2005072208121419
1867,0.0006265533472869123,0.000264754354247998,0.00015983203775249422,1.2632871886353314e-06,0.0006844435811217409,0.06494561582803726,0.009237119191452285,0.00525437411852181,0.011639250867819568,0.006017526960931718,0.3348381593823433,0.19989188760519028
1868,0.0006256109012105364,0.00027175074865226634,0.0001795963071344886,1.1819370726584566e-06,0.0006403684928955045,0.06522282771766186,0.00925681173830957,0.005279595381580293,0.011642331063935777,0.006037244573235512,0.3350154012441635,0.20011911448091269
1869,0.0006246688553975214,0.0002641072187543614,0.00016306944144162117,1.233413669865513e-06,0.0006682583261863329,0.06511325016617775,0.00924903265747994,0.005277631105855107,0.011648147336857687,0.006015336373820901,0.3353502228856087,0.2002317365258932
1870,0.0006237272108809361,0.00025871289835777134,0.00015968673778843367,1.2086058589488857e-06,0.0006548175078933127,0.06537284143269062,0.009267450966819368,0.005293687921948731,0.011668025164662163,0.0060426597483456135,0.3364957720041275,0.20093430671840906
1871,0.00062278596869341,0.00024806040255498374,0.00016406607028329745,1.0779666013149836e-06,0.0005840377052663825,0.06495986506342888,0.00923813239659662,0.005270922323688865,0.011641132334480008,0.00602490664459765,0.3349464312195778,0.19995314814150333
1872,0.0006218451298671295,0.00027574305840971647,0.00017886100340547273,1.224209018602096e-06,0.0006632712538703345,0.06503075733780861,0.009243172157298411,0.005270831286907196,0.011629447005982747,0.006000989698804915,0.3342743143439293,0.19965253584086895
1873,0.0006209046954338401,0.00032072268368210644,0.000197245217350428,1.5035786518069472e-06,0.0008146325089910533,0.06497707031667233,0.009239355656071285,0.0052689575823023915,0.01163102072080168,0.006020380067639053,0.33436480164527893,0.19967093598097563
1874,0.000619964666424844,0.0003625783956522355,0.0002143047568097245,1.7638988509816045e-06,0.0009556729237374384,0.06524709239602089,0.009258533630428839,0.0052933074766770005,0.011653134996734406,0.006041541579179466,0.3356374427676201,0.2004422675818205
1875,0.0006190250438709974,0.0003637580666691065,0.00021747456776211038,1.7513833157067893e-06,0.00094889200408943,0.06505266949534416,0.0092447289521537,0.00527761725243181,0.011657085857349498,0.006041990942321718,0.3358650952577591,0.20045888237655163
1876,0.0006180858288027121,0.0003554012128006434,0.0002171478481614031,1.6766737189755077e-06,0.0009084146404347848,0.06482522189617157,0.00922855345731504,0.005262775463052094,0.011619321935734813,0.006017245352268219,0.3336925059556961,0.19925886392593384
1877,0.0006171470222499526,0.00032322433435183484,0.0001992738907574676,1.511687855781929e-06,0.0008190260996343568,0.06513666547834873,0.009250695533197663,0.0052765688160434365,0.011658399964966506,0.006040690350346267,0.3359408378601074,0.20053875166922808
1878,0.0006162086252422351,0.00027929985662922263,0.00017057264994946308,1.3182249674059676e-06,0.000714208661520388,0.06497894041240215,0.00923948864353762,0.005262147169560194,0.011631425454211138,0.006030378979630768,0.3343880623579025,0.19968350138515234
1879,0.0006152706388086272,0.0002717735096666729,0.00016861101266840706,1.263249963301405e-06,0.0006844234485470224,0.06517529860138893,0.00925343844790953,0.005286703468300402,0.011648487607280418,0.0060339076444506645,0.3353697955608368,0.20027254708111286
1880,0.0006143330639777462,0.00026162390895478893,0.00017357255637762137,1.1329533293746863e-06,0.0006138292992545757,0.06507496908307076,0.009246313420012961,0.005272710230201483,0.011642003113071559,0.006024447036907077,0.3349965438246727,0.20003575645387173
1881,0.0006133959017777575,0.0002209347421739949,0.000143600559567858,9.787294352747722e-07,0.0005302714544086484,0.06512594781816006,0.009249934336629689,0.0052757535595446825,0.011637508364693806,0.0060188500210642815,0.3347378894686699,0.19993191864341497
1882,0.0006124591532363746,0.00019092791080765892,0.000125131705772219,8.381622400577271e-07,0.000454112714578514,0.0650295726954937,0.009243087634419514,0.005269855028018355,0.011642820238839426,0.006020737695507705,0.3350435644388199,0.2000365685671568
1883,0.0006115228193808572,0.0001788884837878868,0.00011972669517490431,7.669599533244309e-07,0.00041553563642082736,0.06502712517976761,0.0092429138631858,0.0052792904898524284,0.011633376672162974,0.00601893151178956,0.3345002606511116,0.1997636929154396
1884,0.0006105869012380098,0.00016666273859300418,0.00011066314891650109,7.210486856479292e-07,0.00039066108911356423,0.06499368883669376,0.009240537317016042,0.005269859568215907,0.011651152585012562,0.0060312405694276094,0.3355232775211334,0.2002584831789136
1885,0.0006096513998341817,0.00016244277321675327,0.00010622990930642118,7.14834271775544e-07,0.00038729420157324057,0.06496547535061836,0.009238531307632787,0.005268207052722573,0.01164176265156543,0.0060310171684250236,0.3349827006459236,0.199974087998271
1886,0.0006087163161952649,0.0001656433360039955,0.00011007666034856811,7.159709021209437e-07,0.0003879100131598534,0.06515021994709969,0.009251658098588236,0.005274420022033155,0.01163980221280714,0.006026997230947018,0.334869883954525,0.20001005195081234
1887,0.0006077816513466932,0.00017398505224264227,0.00011702051915563061,7.416876108834458e-07,0.0004018431718577631,0.06495626457035542,0.00923787632443785,0.005267744301818311,0.011637375349207975,0.0060274486895650625,0.33473026007413864,0.19984326232224703
1888,0.0006068474063134411,0.0002144662539649289,0.00011723401121344068,1.1136950028856063e-06,0.0006033952085999772,0.06505865044891834,0.009245153844800139,0.0052693074103444815,0.011637149328808941,0.006021196022629738,0.3347172439098358,0.19988794717937708
1889,0.0006059135821200231,0.00019974484075646615,0.00012197155638205004,9.42860744146401e-07,0.0005108379664306995,0.06523520313203335,0.009257689867661087,0.005278419004753232,0.011637801431051382,0.006029425421729684,0.3347547650337219,0.19999498408287764
1890,0.0006049801797904917,0.0001804946523407125,0.0001182598734885687,7.926119351964189e-07,0.0004294337486498989,0.06504500098526478,0.009244184010310625,0.005267309490591288,0.011655006574686778,0.006025288254022598,0.33574529737234116,0.20039514917880297
1891,0.000604047200348437,0.00015230173266900238,0.00010481502977199852,6.316928633509633e-07,0.00034224852970510256,0.06510341539978981,0.009248334066111995,0.005272245267406106,0.011633930640816937,0.0060144958551973104,0.33453211933374405,0.19981776736676693
1892,0.0006031146448169854,0.0001448100356356008,9.732458147482248e-05,6.178561609004873e-07,0.00033475185409770347,0.06504519656300545,0.009244198177827904,0.005268665263429284,0.011648106422534839,0.0060338572366163135,0.33534784615039825,0.20019652135670185
1893,0.0006021825142187984,0.00014810301490797428,9.928582539941999e-05,6.337661098143599e-07,0.00034337177021370735,0.06495098397135735,0.009237500817863252,0.0052659581415355206,0.011645736113545684,0.006033137557096779,0.3352114036679268,0.20008119381964207
1894,0.0006012508095760713,0.00014187477790983394,8.992640277938335e-05,6.453875727174818e-07,0.00034966825660376344,0.06514810211956501,0.009251507688987016,0.0052751831244677305,0.01164598102252926,0.006026872084476054,0.33522552251815796,0.20018681231886148
1895,0.000600319531910533,0.00013681824111699825,8.43542788970808e-05,6.398612093505562e-07,0.00034667408726818394,0.06506447494029999,0.009245567798758111,0.005267253261990845,0.011652297832263547,0.006026297924108803,0.3355892449617386,0.2003268599510193
1896,0.0005993886822434431,0.00012750688892992912,7.901349226813181e-05,5.933610331965156e-07,0.0003214804619346978,0.06516127102077007,0.009252442646544911,0.005273799295537174,0.011662999111390711,0.006035884260199964,0.3362059220671654,0.20068359654396772
1897,0.0005984582615955925,0.00012218517940709717,7.74064424149401e-05,5.561138252119235e-07,0.00030130012055451516,0.06508496403694153,0.009247023278203488,0.005272403825074434,0.011645577888357905,0.006034064921550453,0.33520228415727615,0.20014362409710884
1898,0.000597528270987302,0.00012789762922693626,8.147272546921158e-05,5.788108090598598e-07,0.0003135972292511724,0.0650685466825962,0.009245856906273745,0.005270833498798311,0.011644102994989095,0.006030641379766166,0.335117369890213,0.2000929582864046
1899,0.0005965987114384195,0.00012373074332572287,7.968171348693431e-05,5.535792269029116e-07,0.0002999268554049195,0.06508869491517544,0.009247288440568355,0.005271318485029042,0.01164332517202167,0.0060341027565300465,0.3350726068019867,0.20008065085858107
1900,0.0005956695839683215,0.00011541544381543645,7.615665163029917e-05,5.028659177952477e-07,0.0002724506039157859,0.0651012472808361,0.009248180062098795,0.005271655856631696,0.011645508849645764,0.006022700690664351,0.335198312997818,0.20014978013932705
1901,0.0005947408895959105,0.00011238941260671709,7.109769740054617e-05,5.122894837228387e-07,0.00027755626160796965,0.0650857649743557,0.009247080422516105,0.0052694681799039245,0.01166359643211011,0.006036510341800749,0.33624037355184555,0.20066306926310062
1902,0.0005938126293396131,0.00010665675836207811,6.752826584488503e-05,4.85737848165968e-07,0.0002631707166074193,0.06488677114248276,0.009232933558109037,0.005268129287287593,0.011626179248818579,0.006009112345054746,0.33408651500940323,0.199486643075943
1903,0.0005928848042173806,0.00011161022939631948,7.255707487274776e-05,4.94324279287639e-07,0.00026782283657666994,0.0648951418697834,0.00923352890613394,0.0052694849437102675,0.011636679142295997,0.006024352973327041,0.3346901908516884,0.1997926663607359
1904,0.0005919574152466877,0.00012054557737428695,7.3918670295825e-05,5.667323712543748e-07,0.00030705319477419835,0.06507950089871883,0.009246635356356905,0.005268031032755971,0.01165406200465106,0.006035076919943094,0.3356908783316612,0.20038518961519003
1905,0.0005910304634445292,0.00013172840226616245,7.484284287784249e-05,6.631107645205248e-07,0.00035927062526752707,0.06509426981210709,0.009247684596286068,0.005272946204058826,0.01164372947773119,0.0060306082013994455,0.3350958824157715,0.20009507611393929
1906,0.0005901039498274218,0.0001467877414143004,8.427231932728318e-05,7.324705784128582e-07,0.0003968494274886325,0.06498556211590767,0.009239959547496256,0.0052759210811927915,0.011652681221406683,0.006031736847944558,0.33561134338378906,0.20029845274984837
1907,0.0005891778754114017,0.00015134256864257623,0.0001006598718049645,6.535181000799639e-07,0.0003540733323461609,0.06507055275142193,0.009245999735231656,0.005276328418403864,0.01162913933877514,0.0060275556752458215,0.3342566266655922,0.19966358970850706
1908,0.0005882522412120223,0.00014801461111346725,0.00010258611291646957,6.085846244729964e-07,0.0003297285711596487,0.06507651135325432,0.009246422897332672,0.005273436661809683,0.011657519956777215,0.006041275570169091,0.33589011430740356,0.20048331283032894
1909,0.0005873270482443557,0.00015730351242382312,0.00011019761041097809,6.381133275112916e-07,0.00034572711228975095,0.06492280401289463,0.009235497004799585,0.00527102523483336,0.011631840338254562,0.006021996843628585,0.3344119191169739,0.19966736156493425
1910,0.0005864022975229886,0.00017196760109072784,0.00011055284949179622,7.708191951394383e-07,0.00041762658474908676,0.06512015499174595,0.009249523036313056,0.005274448660202324,0.01165452306178368,0.00603328796569258,0.33571743220090866,0.2004187935963273
1911,0.0005854779900620244,0.00018421083041175734,0.00010947274358841241,8.917809743991256e-07,0.000483163150420296,0.06500112824141979,0.009241065939557648,0.005272980546578765,0.011662395833201456,0.006046108319424093,0.33617115020751953,0.20058613922446966
1912,0.000584554126875079,0.00016632246024528285,0.00010176609976042528,7.835939719313956e-07,0.000424547881266335,0.06500036269426346,0.0092410116122155,0.005271096830256283,0.011648550069793593,0.006038119085133076,0.3353734016418457,0.20018688216805458
1913,0.0005836307089752815,0.00016377192787331296,0.00010611661582515808,7.279370315416145e-07,0.00039439316242351197,0.06494889967143536,0.009237352639201987,0.005263758939690888,0.011636246141236917,0.0060246103676036,0.33466529846191406,0.1998070990666747
1914,0.0005827077373752736,0.000165618461323902,0.00010857796496566152,7.268059860621179e-07,0.0003937804176530335,0.06518391519784927,0.009254050167321226,0.005287134903483093,0.011651886174420837,0.006027825642377138,0.33556554466485977,0.20037472993135452
1915,0.0005817852130872063,0.0001651593356655212,9.977887657441897e-05,7.875314551597512e-07,0.00042668116293498315,0.06507798470556736,0.009246527553684318,0.005274975555948913,0.0116496356147802,0.006031785625964403,0.3354359418153763,0.20025696326047182
1916,0.0005808631371227408,0.0001698277965260786,9.990447506424971e-05,8.296873303947905e-07,0.00044952106691198424,0.06512057408690453,0.009249552633241046,0.005266323103569448,0.011650946503491447,0.0060340960044413805,0.3355114161968231,0.20031599514186382
1917,0.0005799415104930463,0.00018052352425002027,0.00011553245076356689,8.130145161544533e-07,0.0004404878036439186,0.06490642204880714,0.009234331343799708,0.005267031257972121,0.011639123654695382,0.006024650298058987,0.3348308354616165,0.19986862875521183
1918,0.0005790203342087995,0.0001751696681822068,0.00011047956922993762,8.009107759221479e-07,0.00043393006308178883,0.0650325994938612,0.009243302629980566,0.005271266447380185,0.01163835878382376,0.006017291685566306,0.3347868323326111,0.19990971591323614
1919,0.0005780996092801827,0.00017265906353713945,0.00011658165931294207,7.326906725779736e-07,0.00039696866951999255,0.06500452198088169,0.00924130725932592,0.005283525330014527,0.011638739662667971,0.006025308161042631,0.3348087668418884,0.19990664441138506
1920,0.0005771793367168848,0.0001774472393663018,0.00012435431563062593,7.194941531452059e-07,0.0003898189097526483,0.06506451405584812,0.009245570848255094,0.005292381276376545,0.011653835371371246,0.006037350161932409,0.3356778249144554,0.20037116948515177
1921,0.000576259517528096,0.0001698166615824448,0.0001095677689590957,7.582419279117403e-07,0.00041081222479988355,0.06485621444880962,0.009230759187267878,0.005269949557259679,0.011632608296017175,0.006017624982632697,0.33445607870817184,0.19965614657849073
1922,0.0005753401527225121,0.00016350064743164694,0.0001039091766870115,7.417305916135319e-07,0.0004018665094918106,0.0649910606443882,0.00924035060396885,0.005271099042147398,0.0116363586917984,0.006011470220983028,0.3346717730164528,0.1998314168304205
1923,0.0005744212433083287,0.00016925865384109784,0.00011373889401511406,7.222974680587413e-07,0.00039133768768806476,0.06509583257138729,0.00924779563092866,0.005269866436719894,0.011645321255965011,0.006028485484421253,0.33518751710653305,0.20014167483896017
1924,0.0005735027902932427,0.00016136055273818783,0.00010461115925863851,7.167979667599411e-07,0.0003883581193804275,0.06508211977779865,0.009246821253998712,0.0052719274535775185,0.011663354076425249,0.006042282562702894,0.3362264037132263,0.20065426174551249
1925,0.0005725847946844501,0.00016711077569198096,0.00010549826720307465,7.633149436969688e-07,0.0004135607869102387,0.06503733992576599,0.00924363942990714,0.005274244933389127,0.011634103564946456,0.0060177932027727365,0.33454207330942154,0.19978970661759377
1926,0.0005716672574886469,0.0001697814259387087,0.00011153220702908584,7.434135262940345e-07,0.00040277828884427436,0.06506618298590183,0.009245688892526542,0.005274063907563686,0.011639695946530613,0.006029208772815764,0.3348637595772743,0.19996497128158808
1927,0.0005707501797120236,0.00016860586765687913,0.00010902360736508854,7.510853841097287e-07,0.00040693488699616864,0.06498989276587963,0.009240267236408408,0.005269619985483587,0.011644901228847681,0.006030311458744109,0.33516332507133484,0.20007660891860723
1928,0.0005698335623602694,0.00015450890623469604,0.00010541813435338554,6.476093190599386e-07,0.0003508719819365069,0.06514718197286129,0.009251442215808469,0.005275633768178523,0.011643747443076436,0.006029807263985276,0.33509692549705505,0.20012205373495817
1929,0.0005689174064385673,0.00015163807620410807,0.00010311603409718373,6.381117643172729e-07,0.00034572624281281605,0.06515305116772652,0.009251859132439467,0.005273538525216281,0.011631969976709752,0.006028980715200305,0.3344193547964096,0.19978620298206806
1930,0.0005680017129515947,0.00014952079072827473,9.555863289278932e-05,6.743674028086843e-07,0.00036536940933729056,0.06498263776302338,0.009239751561311458,0.0052654537139460444,0.011638973466403984,0.006021583103574812,0.3348222076892853,0.19990242272615433
1931,0.0005670864829035214,0.00014929879398550838,9.97521128738299e-05,6.413588096165768e-07,0.0003474855129752541,0.06490782089531422,0.009234430917244912,0.005266847554594278,0.011622028190545917,0.006013498641550541,0.33384794741868973,0.19937788415700197
1932,0.0005661717172980103,0.00014679105925097247,9.548058051223052e-05,6.497521845005849e-07,0.0003520329537423095,0.06496440060436726,0.009238454913368036,0.005269549787044525,0.01165334603448569,0.00603579671587795,0.33564966171979904,0.20030703116208315
1933,0.0005652574171382126,0.0001411917619407177,8.995641655928921e-05,6.388627937781166e-07,0.0003461331234575482,0.06502591259777546,0.009242827665144187,0.005273078917525709,0.011653929178104983,0.006036818027496338,0.3356832265853882,0.20035456959158182
1934,0.0005643435834267723,0.00012918999937028275,8.156046078511281e-05,5.900898258914822e-07,0.00031970814961823635,0.06495125778019428,0.00923752001691785,0.005269499379210174,0.011646912660473416,0.006035301834344864,0.3352791368961334,0.20011519733816385
1935,0.0005634302171658183,0.00013092784274704172,8.171305807991303e-05,6.05001005737904e-07,0.00032778698005131446,0.06499617546796799,0.009240714085617777,0.005271533387713134,0.011631939170114847,0.006023665773682296,0.33441760390996933,0.19970688968896866
1936,0.00056251731935697,0.00013574759714174434,8.082232398010092e-05,6.560565743995994e-07,0.0003554486720531713,0.06511764042079449,0.009249344272787681,0.005266739870421588,0.01165311767024038,0.006033013807609677,0.3356364667415619,0.2003770535811782
1937,0.0005616048910013313,0.00014650065531895962,8.821166693451232e-05,7.007375053547094e-07,0.00037965659976180177,0.06512951850891113,0.009250187813587532,0.005275729228742421,0.011632188591724662,0.006024415954016149,0.3344319462776184,0.19978073239326477
1938,0.0005606929330994917,0.00015157231518969638,9.395150618729531e-05,7.051652737288805e-07,0.000382055550289806,0.06496875733137131,0.009238764522814085,0.005268676555715501,0.011643643712353154,0.006035846774466336,0.3350909799337387,0.200029868632555
1939,0.0005597814466515247,0.00014454042138822842,9.207751145368093e-05,6.541064365706006e-07,0.0003543920556694502,0.06518032215535641,0.009253795223625018,0.005271845264360309,0.011659653081842082,0.006036618142388761,0.3360130563378334,0.2005966892465949
1940,0.0005588704326569878,0.00015107234048628015,0.00010214727899438003,6.400430443420646e-07,0.00034677258554438595,0.06500661000609398,0.009241455374578308,0.005268875975161791,0.011643596689537138,0.0060199720319360495,0.33508824557065964,0.2000474277883768
1941,0.0005579598921149183,0.00014747243130841525,0.00010009992865889217,6.219362234105574e-07,0.00033696243008307647,0.06511894799768925,0.009249437096523615,0.005276426090858877,0.011644573350368064,0.006028602598235011,0.3351444602012634,0.20013170409947634
1942,0.0005570498260238365,0.000153332239278825,9.527382826490793e-05,7.116443399013406e-07,0.00038556587605853565,0.06503454595804214,0.009243441070699616,0.005267591681331396,0.011658144550991973,0.006043338682502508,0.3359261155128479,0.20048033073544502
1943,0.0005561402353817412,0.00015621489183104131,9.838975302045583e-05,7.152426668710632e-07,0.00038751543252146803,0.06482013501226902,0.009228191270691313,0.005257203010842204,0.011621012538387729,0.006007765652611852,0.333789624273777,0.19930487964302301
1944,0.0005552311211861101,0.0001646994805923896,0.00010486514474905562,7.457363899732172e-07,0.00040403680941381026,0.0650726668536663,0.009246149939338161,0.005269808578304946,0.011630064818445729,0.00601061643101275,0.334309846162796,0.19969125650823116
1945,0.0005543224844338982,0.00016414757374150213,0.00011026006450265413,7.008131071017942e-07,0.00037969758523104247,0.065093282610178,0.009247614375283632,0.005280752549879253,0.01164318550519487,0.006031794007867575,0.3350645676255226,0.2000789251178503
1946,0.0005534143261215371,0.00016371653600799618,0.00010687916619644966,7.217960273919743e-07,0.00039106599979277235,0.06508366391062737,0.009246931315444322,0.0052731577306985855,0.011644331848451692,0.006030722055584192,0.33513055741786957,0.20010711066424847
1947,0.0005525066472449337,0.00015465434717043536,0.00010008891104007489,6.882964491694565e-07,0.0003729160762304673,0.06507693603634834,0.009246453291075644,0.00528525304980576,0.011628513499473626,0.006030659191310406,0.33422067016363144,0.1996488030999899
1948,0.0005515994487994699,0.00017581163592694793,0.00010155017980650882,8.727595748325712e-07,0.0004728574422188103,0.06519186124205589,0.0092546141831783,0.005287930136546493,0.011639948796167062,0.0060238976730033755,0.3348783180117607,0.2000350896269083
1949,0.0005506927317799987,0.00020108090939174872,0.00010982843105011852,1.0448417064878868e-06,0.0005660908027493861,0.06506235525012016,0.0092454172900765,0.005279923672787845,0.0116355451768484,0.006028866162523627,0.3346249908208847,0.19984367303550243
1950,0.0005497864971808476,0.00019976997646153904,0.00012663046345551265,9.086967125426781e-07,0.0004923280102957506,0.06511439569294453,0.009249114077702607,0.005272828740999103,0.01163382885515924,0.006022572866640985,0.33452628552913666,0.1998203406110406
1951,0.0005488807459958137,0.0001902228514154558,0.00012303856692597037,8.471088008832339e-07,0.00045895995026512537,0.06499680131673813,0.009240758474084029,0.005287954933010042,0.011650651113620927,0.006025686045177281,0.33549438416957855,0.20024559274315834
1952,0.0005479754792181641,0.00019039857215830125,0.00012561909397845739,8.296788003292477e-07,0.00044951645941182505,0.06514840759336948,0.009251529218354404,0.005271729081869125,0.011656661572733474,0.006034662015736103,0.3358406573534012,0.20049453247338533
1953,0.0005470706978406343,0.00020122497699048836,0.0001234578030562261,9.45547625974541e-07,0.0005122936599946115,0.06507494859397411,0.009246312042931502,0.005279060220345855,0.01164049557644506,0.006027114111930132,0.33490974456071854,0.19999234657734632
1954,0.0005461664028554295,0.0001864272890088614,0.00011378755925761652,8.803800639611836e-07,0.0004769861861859681,0.06503216177225113,0.009243271832296309,0.005274650757201016,0.011647715074460175,0.006036467500962317,0.33532533049583435,0.20017874613404274
1955,0.0005452625952542183,0.0001769433756635408,0.00011087831126133096,8.143356211576247e-07,0.00044120361599198077,0.06514368765056133,0.009251194180330342,0.005279320990666747,0.011648159205107653,0.006043627392500639,0.3353509083390236,0.20024729799479246
1956,0.0005443592760281377,0.00016947972108027898,0.00010565494494585437,7.84020205202296e-07,0.0004247788074280834,0.06505674123764038,0.009245018479408437,0.0052761026890948415,0.011631404029341178,0.006016432656906545,0.33438684046268463,0.1997217908501625
1957,0.0005434564461677877,0.00015776516283949604,9.908361516863806e-05,7.24426779896703e-07,0.00039249133442353923,0.06489953584969044,0.00923384183261475,0.005269620451144874,0.01163155744305052,0.006029817508533597,0.3343956619501114,0.1996475988999009
1958,0.0005425541066632317,0.00017882439897221047,0.00010792515558932791,8.534974931251327e-07,0.00046242134703788906,0.06500889174640179,0.00924161805258183,0.005280376179143786,0.011645030097090092,0.006038594990968704,0.33517077565193176,0.20008983369916677
1959,0.0005416522585039958,0.0001783162997526233,0.00010979475428030128,8.350056042161214e-07,0.0004524024661805015,0.06509189680218697,0.00924751592729418,0.005275356932543218,0.011645145374382139,0.006039106636308134,0.33517739176750183,0.2001346442848444
1960,0.000540750902679067,0.00017991850018006517,0.00010597301479720045,8.78006893856309e-07,0.0004757004335260717,0.06498676352202892,0.009240044886426694,0.005270736059173942,0.011626133563478792,0.006031711469404399,0.3340838626027107,0.19953531306236982
1961,0.0005398500401768922,0.0001879042811196996,0.00011390139206923777,8.93170192028947e-07,0.00048391582458862104,0.06503129936754704,0.009243210433411897,0.005265766405500472,0.01163387701192549,0.006026618299074471,0.3345290422439575,0.19978017080575228
1962,0.0005389496719853783,0.0002468957427481655,0.00014786002020628075,1.1868654006264023e-06,0.0006430386038118741,0.06517715193331242,0.00925356995526982,0.00528135581407696,0.011659755890109513,0.006044644513167441,0.33601897209882736,0.2005980620160699
1963,0.000538049799091889,0.00022392453502106946,0.0001382351251777436,1.0459331640788605e-06,0.0005666821634804364,0.06486025638878345,0.009231046689536886,0.005264884908683598,0.01163383761094975,0.006019361084327102,0.33452675491571426,0.19969350565224886
1964,0.0005371504224832452,0.00021302378809195943,0.00013119527784510865,9.973090797643636e-07,0.000540337830898352,0.06510027311742306,0.009248111221672196,0.005274047842249274,0.011647185499925376,0.006034285412169993,0.33529485017061234,0.2001975616440177
1965,0.0005362515431457239,0.00018067243581754155,0.00011948724204557948,7.851910766021319e-07,0.00042541320181044284,0.06491746008396149,0.009235116871299702,0.005275752046145499,0.0116286987051152,0.006023271009325981,0.33423130214214325,0.19957438111305237
1966,0.0005353531620650562,0.00014398967323359102,9.650621495893574e-05,6.163272416870313e-07,0.0003339234845043393,0.06510611809790134,0.009248526124994877,0.00527865590993315,0.011649441373367188,0.00602953031193465,0.3354247435927391,0.20026543084532022
1967,0.0005344552802264272,0.00013395097357715713,8.2473934526206e-05,6.272827768327716e-07,0.00033985911250056233,0.06499983370304108,0.00924097381909346,0.0052662474336102605,0.011649178111748933,0.006035716622136533,0.33540958166122437,0.20020470768213272
1968,0.0005335578986144742,0.00012806095355699654,7.639866907993564e-05,6.17779104317151e-07,0.00033471008100605104,0.06506681069731712,0.009245733748954524,0.00527104118373245,0.011641980770203945,0.006021286826580763,0.33499523997306824,0.20003102533519268
1969,0.0005326610182132867,0.00012846635399910156,7.423778197335196e-05,6.37473810627398e-07,0.0003453806220932165,0.06497939862310886,0.009239521422537643,0.005274317576549947,0.011633178406579101,0.006016418687067926,0.3344888538122177,0.1997341262176633
1970,0.0005317646400064038,0.00012010002637907746,7.329262211897003e-05,5.672426262037789e-07,0.0003073296320508234,0.06489891745150089,0.00923379760789156,0.005267088068649173,0.01162838788957688,0.006015297840349376,0.334213450551033,0.19955618400126696
1971,0.0005308687649768139,0.00011700393088176497,7.709784767939709e-05,5.105766511803722e-07,0.00027662825505103683,0.06507871858775616,0.009246580078136175,0.005272791488096118,0.01164663544154763,0.006026670802384615,0.3352631404995918,0.200170929543674
1972,0.0005299733941069541,0.00010568757170403842,7.021729197731474e-05,4.5694095973658477e-07,0.000247568678787502,0.06499829329550266,0.009240864375639002,0.005267587141133845,0.011642672129284576,0.006024001515470445,0.3350350484251976,0.20001667086035013
1973,0.0005290785283787081,9.855975622485857e-05,6.226970663192333e-05,4.4983729807768214e-07,0.00024371994732064195,0.06491977907717228,0.009235281532083748,0.005264041596092284,0.011631483316801404,0.006014729966409504,0.33439139276742935,0.19965558592230082
1974,0.0005281841687734057,9.508085076959105e-05,6.112317578299553e-05,4.261966886076607e-07,0.00023091154525900492,0.06499229930341244,0.00924043849835087,0.005265386076644063,0.011634448936459547,0.006020182394422591,0.33456193655729294,0.1997771179303527
1975,0.0005272903162718227,9.443414501220104e-05,5.895368485653307e-05,4.362455037210111e-07,0.00023635597972315736,0.06505516916513443,0.009244906624387922,0.00527516973670572,0.011642696658106856,0.0060338740004226565,0.335036464035511,0.20004581660032272
1976,0.0005263969718541773,8.89583666321414e-05,5.758392876487051e-05,3.9582463173815086e-07,0.00021445610673254123,0.06508012115955353,0.00924667961803918,0.005275622941553593,0.011644406361543612,0.006027772091329098,0.3351348415017128,0.20010748133063316
1977,0.0005255041365001313,8.05854383543192e-05,5.209788287174888e-05,3.5905719464324193e-07,0.00019453564891591668,0.0649956613779068,0.009240677275508428,0.005270846653729677,0.011639926918170836,0.006022644112817943,0.33487705886363983,0.19993636012077332
1978,0.0005246118111887881,7.904482754383935e-05,5.01743472796079e-05,3.590407420261954e-07,0.00019452674041531282,0.06506620533764362,0.009245690663179141,0.005270113470032811,0.011659276474467413,0.006034727790392935,0.33599135279655457,0.2005287790670991
1979,0.0005237199968986919,8.550431175535778e-05,5.3399701300804736e-05,3.948401818831826e-07,0.00021392274356912822,0.06492865271866322,0.009235912671736046,0.0052648772252723575,0.011634171264199411,0.006024787086062133,0.3345459774136543,0.19973731506615877
1980,0.0005228286946078261,8.92129633029981e-05,5.8497899772191886e-05,3.914264663507083e-07,0.00021207321151450742,0.06511618010699749,0.00924924063162587,0.005275548552162945,0.011647014644141947,0.006027623894624412,0.3352850154042244,0.20020059775561094
1981,0.0005219379052936139,8.15254966255452e-05,5.195437415750348e-05,3.687921026340746e-07,0.00019980998331448063,0.06519512459635735,0.009254845617271544,0.0052773329662159085,0.011636033699085448,0.006022827234119177,0.3346530795097351,0.19992410205304623
1982,0.0005210476299329137,7.997464581421809e-05,5.1652187039508135e-05,3.567109558844095e-07,0.00019326447727507912,0.06506744585931301,0.00924577899863945,0.005270924651995301,0.011643040837341617,0.006028130883350968,0.33505626767873764,0.20006185676902533
1983,0.0005201578695020225,7.566510021206341e-05,4.9340991381541244e-05,3.3400318955045805e-07,0.0001809615287129418,0.06496652401983738,0.009238605929255727,0.005267970031127334,0.011642461835477302,0.006026512943208218,0.335022933781147,0.1999947289004922
1984,0.0005192686249766715,8.5533229594148e-05,5.451675815493218e-05,3.8686001602172837e-07,0.00020959911307727452,0.06501126661896706,0.009241786533980605,0.00527091883122921,0.011637883957205955,0.006025422131642699,0.33475950360298157,0.1998853851109743
1985,0.0005183798973320262,7.794116436343757e-05,5.2395080729183974e-05,3.324601109966352e-07,0.00018012549662671518,0.06499615125358105,0.009240712018743866,0.005268080160021782,0.011639836436592601,0.006023269845172763,0.33487188071012497,0.199934015981853
1986,0.0005174916875426852,7.346040274569532e-05,4.8132552137758466e-05,3.2257879034602865e-07,0.0001747717942635063,0.06513786315917969,0.009250780281510801,0.005272232345305383,0.011644869363026,0.006029140553437173,0.3351615071296692,0.20014968514442444
1987,0.0005166039965826806,7.238774742290843e-05,4.65215639451344e-05,3.2457332821422824e-07,0.00017585247860552045,0.06505110114812851,0.009244617585535058,0.005272070993669331,0.011644017388578896,0.006026141112670302,0.33511247485876083,0.20008178800344467
1988,0.0005157168254254726,7.370594175881706e-05,4.82341547467513e-05,3.240946231386488e-07,0.00017559307525516488,0.06512841209769249,0.009250109450816712,0.0052713025361299515,0.011637876298553366,0.006024292088113725,0.33475907891988754,0.19994374550879002
1989,0.0005148301750439549,6.900513471919112e-05,4.5767389792672475e-05,2.98924655695032e-07,0.0001619561098777922,0.06514489464461803,0.009251280005487202,0.005275672767311335,0.011648969809194365,0.006036836071871221,0.3353975787758827,0.20027123671025038
1990,0.0005139440464104468,6.515329300782469e-05,4.2587264033500105e-05,2.8685608821632513e-07,0.00015541740322078113,0.06499108299612999,0.009240351981938738,0.005266462918370962,0.011633326793363376,0.006024350877851248,0.3344973847270012,0.1997442338615656
1991,0.0005130584404966981,7.030064261925872e-05,4.436604285729118e-05,3.212263255392145e-07,0.0001740390334816766,0.0650302954018116,0.009243139194451546,0.005270380759611726,0.011643633557940522,0.006024970673024654,0.33509038388729095,0.20006033964455128
1992,0.000512173358273884,6.315562836789468e-05,4.062031712237513e-05,2.829421879013694e-07,0.0001532968658466416,0.06508417800068855,0.009246967412165782,0.00527338613756001,0.011653738754328673,0.006032176315784454,0.3356722816824913,0.20037822984158993
1993,0.0005112888007126054,6.589301437998074e-05,4.298665749047359e-05,2.9073395158008e-07,0.0001575184405737673,0.06490395031869411,0.009234155634923304,0.005263936007395387,0.011629048929680235,0.006022921996191144,0.33425142616033554,0.19957768823951483
1994,0.000510404768782888,7.098215792211704e-05,4.322559061620268e-05,3.3593548920407557e-07,0.00018200841805082746,0.06515197828412056,0.009251782848225872,0.0052737637888640165,0.011645840918977112,0.006030284450389445,0.3352174237370491,0.20018470101058483
1995,0.0005095212634541824,7.021266219453537e-05,4.3632881897792686e-05,3.258271750183894e-07,0.00017653177837928524,0.06498654745519161,0.009240029432953325,0.005264487466774881,0.011648788517357792,0.006034723250195384,0.33538714051246643,0.20018684398382902
1996,0.0005086382856953587,8.224763723774231e-05,5.287727299219114e-05,3.6864281227622087e-07,0.00019972908921772614,0.06496437266469002,0.009238452649095395,0.0052700120722875,0.011642910228534867,0.006022626417689025,0.33504874259233475,0.20000655762851238
1997,0.0005077558364747117,9.191550043397001e-05,6.11751158885454e-05,3.96601549823572e-07,0.00021487702815647935,0.06507795862853527,0.009246525881552673,0.00528038339689374,0.011638130906975868,0.006033081212081015,0.3347737193107605,0.19992583896964788
1998,0.0005068739167599545,0.00011117784970338107,7.496574608012452e-05,4.725512372516505e-07,0.0002560262446422712,0.065024858340621,0.009242752782403014,0.005272142123430967,0.011635333347231458,0.006022122921422124,0.33461279422044754,0.19981882628053427
1999,0.0005059925275182205,0.00012603530012711417,7.625604712302447e-05,6.001381631648428e-07,0.00032515230668650474,0.06489774771034718,0.009233714279663872,0.005267124972306192,0.011627288002000535,0.006017179228365421,0.33415021002292633,0.19952397886663675
2000,0.0005051116697160611,0.00012462609993235674,7.858512890379643e-05,5.699379634904744e-07,0.00030878997495165095,0.06518690846860409,0.00925426225468194,0.005277229705825448,0.011636898450403915,0.006022457382641733,0.334702804684639,0.19994485657662153
2001,0.0005042313443194445,0.00013708344340557232,8.380985309486277e-05,6.463280755042433e-07,0.0003501777973724529,0.06495099514722824,0.009237501605517558,0.005272011971101165,0.011634268512783317,0.0060250506503507495,0.334551565349102,0.19975128024816513
2002,0.0005033515522937553,0.0001393391012243228,8.624949714430841e-05,6.491329749280794e-07,0.00035169749935448635,0.06499120965600014,0.009240360741885355,0.005266850581392646,0.01164034978129996,0.0060237981379032135,0.33490139991045,0.19994630478322506
2003,0.0005024722946037942,0.00013737042536376975,8.986561579149566e-05,6.042677007656039e-07,0.0003273896345490357,0.06509377621114254,0.009247649584200244,0.005278887460008264,0.011648718092291732,0.0060320403426885605,0.3353830873966217,0.20023843180388212
2004,0.0005015935722137745,0.00014865048979118,9.799037115953979e-05,6.483826346936894e-07,0.00035129096249875147,0.0651045311242342,0.009248413525672697,0.005274552502669394,0.011650397715602357,0.006034019635990262,0.3354797959327698,0.200292163528502
2005,0.000500715386087323,0.00016551634416828165,0.00010477861451363424,7.539136852585671e-07,0.0004084672564204084,0.06507696583867073,0.009246455258304757,0.005271545611321926,0.01165203572794714,0.006034644786268473,0.3355741575360298,0.20032556168735027
2006,0.0004998377371874786,0.00017117493189289235,0.00011194575563422404,7.532204264748543e-07,0.00040809163510857616,0.06511972285807133,0.00924949225934065,0.00528533267788589,0.011622416803884724,0.006018954678438604,0.3338702991604805,0.1994950110092759
2007,0.000498960626476691,0.00018887048736360157,0.00012321275880822213,8.333423835438225e-07,0.00045150138066674117,0.06506443955004215,0.009245565339485617,0.005264826933853328,0.011636751359677474,0.006011471734382212,0.33469435572624207,0.1998793976381421
2008,0.000498084054916819,0.00019354946562089026,0.00012563461177705904,8.586425401801989e-07,0.0004652088628063211,0.06511016935110092,0.009248813960000327,0.005280908429995179,0.011632751373564901,0.006020064349286258,0.33446432650089264,0.19978724792599678
2009,0.0004972080234691318,0.00017910740643856116,0.00011838356886073598,7.788964353494521e-07,0.00042200273674097843,0.06512090750038624,0.00924957652703741,0.0052678961073979735,0.011641946865211047,0.0060261518228799105,0.33499329537153244,0.20005710143595934
2010,0.0004963325330943047,0.00017786549506126903,0.00011700593177010887,7.776062318498589e-07,0.00042130374458793085,0.06482244841754436,0.009228355857939553,0.005265430896542966,0.011624158439619022,0.006012846133671701,0.3339703753590584,0.19939641188830137
2011,0.0004954575847524205,0.0001731997890601633,0.00010796323385875439,8.013093300007768e-07,0.00043414598621893674,0.06483194231987,0.009229031817535694,0.005259646102786064,0.011630661797436798,0.006032095407135785,0.33434417843818665,0.19958806037902832
2012,0.000494583179402967,0.0001728453034957056,0.0001080004035429738,7.977634695066627e-07,0.0004322248805692652,0.06511684134602547,0.009249287830780953,0.0052833688678219914,0.011651162576751238,0.0060445795534178615,0.3355238661170006,0.20032035373151302
2013,0.0004937093180048373,0.00018607557194627589,0.0001149825848187902,8.68311598622995e-07,0.0004704475140897557,0.0649260152131319,0.009235724978913746,0.005268428125418723,0.011635494525689337,0.006029017618857324,0.3346220627427101,0.199774038977921
2014,0.0004928360015163272,0.00018504222498449963,0.00011414615892135771,8.64950408185905e-07,0.00046862646377121564,0.06498126685619354,0.009239654013882695,0.005267270025797188,0.011638763887203644,0.006020064349286258,0.33481013774871826,0.1998957023024559
2015,0.000491963230895135,0.00018470868326403433,0.00011511066259117797,8.547515299994757e-07,0.00046310075231303927,0.06508388370275497,0.009246946757383284,0.005271672736853361,0.011642861952899316,0.006024578236974776,0.3350459486246109,0.20006491616368294
2016,0.0004910910070983616,0.00018328797432332067,0.00011247684687987203,8.610855779522808e-07,0.0004665324722736841,0.06502391397953033,0.009242685377577083,0.005269621615298092,0.011640031775907556,0.006025245413184166,0.33488310873508453,0.19995351135730743
2017,0.000490219331082507,0.00018089054901793133,0.00010923739182544523,8.628771510643674e-07,0.00046750317414989695,0.06499062106013298,0.009240319107458268,0.005274098482914269,0.011640810443973965,0.006023557158187032,0.33492787927389145,0.19995925016701221
2018,0.0004893482038034705,0.00017851946813607356,0.00010457885218784213,8.75388710852576e-07,0.0004742819146485999,0.06489156559109688,0.009233274577839169,0.005259067285805941,0.011624209922588015,0.006017457926645875,0.33397333323955536,0.19943244941532612
2019,0.0004884776262165503,0.00015731495932413964,9.66656330092519e-05,7.381236777348477e-07,0.00039991225276025943,0.06506829708814621,0.009245839298418866,0.005276072071865201,0.011636489999410908,0.006024880218319595,0.33467934280633926,0.19987381994724274
2020,0.0004876075992764412,0.0001483860460211872,9.358582428831141e-05,6.784603314713422e-07,0.0003675869338621851,0.06507295370101929,0.009246170300807228,0.005276004085317254,0.01166041639990668,0.006049038842320442,0.33605704456567764,0.20056499913334846
2021,0.00048673812393723435,0.00014057257703825599,8.811465477265301e-05,6.467460451631268e-07,0.00035040425063925795,0.06508575193583965,0.009247079537322905,0.005268956650979817,0.011636211281606098,0.006020445609465241,0.3346632942557335,0.19987452309578657
2022,0.0004858692011524168,0.0001279448651985149,8.444461127510294e-05,5.573057002550286e-07,0.00030194587634468917,0.06515647284686565,0.009252101940117732,0.005281650461256504,0.011644314508858767,0.006025962880812585,0.3351295739412308,0.20014302339404821
2023,0.00048500083187486784,0.00011360465441612178,7.608577743667411e-05,4.866781608825477e-07,0.000263680150055734,0.06504280306398869,0.009244028067800206,0.005270696594379842,0.011631235287562597,0.006026052520610392,0.33437712490558624,0.19970996398478746
2024,0.0004841330170568617,0.00012055982642777963,6.884797699058254e-05,6.043000624345041e-07,0.00032740721053414745,0.06497221626341343,0.00923901082473096,0.005268137087114155,0.011648247904277131,0.006026543094776571,0.3353560045361519,0.20016411039978266
2025,0.00048326575765006343,0.0001232269505635486,7.304373593797209e-05,5.979371771047681e-07,0.0003239597863284871,0.06501990742981434,0.009242400599062095,0.005268379230983555,0.011629774528879875,0.006016775732859969,0.3342931494116783,0.19965652842074633
2026,0.00048239905460552935,0.00011416817733334028,7.305372696464474e-05,5.142637622412849e-07,0.0002786259719869122,0.06494918838143349,0.009237373315436951,0.0052704529371112585,0.011643391724081317,0.006033838610164821,0.3350764513015747,0.2000128198415041
2027,0.00048153290887370526,0.00010639742913554073,6.217815666786919e-05,5.228437505166994e-07,0.00028327451127552195,0.06507524102926254,0.009246332994220091,0.005269022658467293,0.011622470329150083,0.006008964614011347,0.33387336134910583,0.1994743011891842
2028,0.0004806673214044271,0.00010082891731144628,6.157726352284953e-05,4.7589065133024633e-07,0.0002578355260993703,0.06500910967588425,0.009241633503398775,0.005272891721688211,0.011646771006331236,0.0060254898853600025,0.3352709859609604,0.20014004781842232
2029,0.00047980229314691645,0.00010113691678270698,6.192126784299035e-05,4.761932821395476e-07,0.0002579995061751106,0.06499920412898064,0.009240929333241346,0.0052666476694867015,0.011642962253510256,0.006033767363987863,0.3350517377257347,0.20002547092735767
2030,0.00047893782504978367,0.0001280753554055991,6.772766414542275e-05,6.819287712289679e-07,0.0003694661081681261,0.06501363590359688,0.009241955110717294,0.005278291879221797,0.011642817114184729,0.006033298559486866,0.33504337817430496,0.20002850703895092
2031,0.0004780739180610239,0.00012981606141693192,7.581975023640553e-05,6.382503414670282e-07,0.0003458013034105534,0.06500358693301678,0.009241240926542927,0.005271827336400747,0.011641097958248543,0.0060241317842155695,0.3349444270133972,0.199974006973207
2032,0.00047721057312801694,0.00012488331867643865,7.59451354497287e-05,5.918023990858501e-07,0.0003206360288459109,0.06494366191327572,0.009236980163671367,0.005268700886517763,0.011636908298069461,0.006028808071278036,0.33470338582992554,0.19982352387160063
2033,0.0004763477911975264,0.00011347321742505301,7.086791083565913e-05,5.239879481422349e-07,0.0002838944374161656,0.06512342765927315,0.009249755286074171,0.005274779396131635,0.011660409068047687,0.006034402176737785,0.336056612432003,0.20059002004563808
2034,0.0004754855732156984,0.00010988494113917113,7.326418813136115e-05,4.731818865622017e-07,0.0002563679445302114,0.06509990245103836,0.009248084570455162,0.005272776237688959,0.011632994523175068,0.0060231470270082355,0.3344782739877701,0.19978908821940422
2035,0.0004746239201280604,0.00010235168338112999,6.799001744184352e-05,4.425991484424685e-07,0.00023979833986231824,0.06505644135177135,0.009244997230009988,0.005270421854220331,0.01163201016590127,0.006020126631483436,0.33442168682813644,0.1997390640899539
2036,0.00047376283287952167,9.827920121097122e-05,6.257321047087316e-05,4.4500751350540213e-07,0.0002411031564406585,0.06498630903661251,0.009240012404573757,0.005268349312245846,0.011640944045240206,0.006026080809533596,0.33493558317422867,0.1999609461054206
2037,0.00047290231241436866,9.387411728312145e-05,5.9723221966123674e-05,4.253958874045338e-07,0.0002304776908204076,0.0650317557156086,0.00924324270723532,0.005264250561594963,0.011645862629671358,0.006031382363289595,0.3352186679840088,0.2001252118498087
2038,0.00047204235967626836,9.918265504893498e-05,6.0537516674230574e-05,4.6837430822677106e-07,0.00025376320627401583,0.06498383358120918,0.009239836902162851,0.005266760825179517,0.01163659770181079,0.006014754879288375,0.3346855267882347,0.19983468018472195
2039,0.00047118297560826437,0.00010406931278339471,6.20885450643982e-05,5.020201374605904e-07,0.00027199237047170755,0.06510051153600216,0.00924812784176497,0.0052735586650669575,0.011632672876592677,0.006019470281898975,0.3344597890973091,0.19978015031665564
2040,0.00047032416115277644,9.30953242459509e-05,6.100977725509438e-05,4.087102976058077e-07,0.00022143750175018795,0.06505901552736759,0.009245179717465524,0.005266363965347409,0.011635695878375735,0.00601879064925015,0.33463364839553833,0.19984633196145296
2041,0.00046946591725159967,9.183591055261786e-05,6.0790467614424415e-05,3.9870682400078294e-07,0.00021601767184620257,0.06496405228972435,0.009238430006338465,0.005265647661872208,0.011633141505040665,0.00602539477404207,0.3344867303967476,0.19972539134323597
2042,0.0004686082448459048,8.5038735960552e-05,5.491011188496486e-05,3.7939246055884723e-07,0.00020555322316795355,0.06507412530481815,0.009246253418416327,0.005270316847600043,0.011647964002091752,0.006025580922141671,0.33533967286348343,0.2002068990841508
2043,0.00046775114487623327,7.605657719977899e-05,5.000729015591787e-05,3.3269681765091264e-07,0.00018025371991825523,0.06503465212881565,0.009243448646997533,0.005265514831990004,0.011641662340619127,0.00602327031083405,0.3349769115447998,0.20000578183680773
2044,0.00046689461828250184,6.882148181830416e-05,4.421411676958087e-05,3.086974089683281e-07,0.0001672509424679447,0.0649548415094614,0.009237775114414863,0.005262613063678145,0.011628993714091436,0.006016634753905237,0.33424825966358185,0.19960155058652163
2045,0.0004660386660039954,6.917259406691301e-05,4.445268518793455e-05,3.1017633617125284e-07,0.00016805222094262717,0.06494960375130177,0.00923740285283519,0.0052678597858175635,0.0116250897923081,0.006019738037139177,0.3340238854289055,0.19948674459010363
2046,0.0004651832889793717,7.277254462678684e-05,4.6212123379518744e-05,3.3040902991388066e-07,0.0001790142214304069,0.06499649584293365,0.0092407368212003,0.0052678718930110335,0.01164046260471244,0.006026898860000074,0.3349078893661499,0.19995219260454178
2047,0.0004643284881466562,7.167910803218547e-05,4.537964537121297e-05,3.264642547406993e-07,0.0001768769498085021,0.06491509266197681,0.009234948268220322,0.005272166570648551,0.011634121076107392,0.0060223478358238935,0.33454306423664093,0.19972907844930887
2048,0.0004634742644432428,7.082411775627406e-05,4.8509587031730916e-05,2.954660240916951e-07,0.00016008222974051023,0.06508738361299038,0.009247195595264122,0.005268568987958133,0.011647379935130766,0.00602851074654609,0.3353060409426689,0.20019671227782965
2049,0.0004626206188058921,7.821917097317055e-05,5.1043847406617715e-05,3.450017249662096e-07,0.00018692046069190837,0.06507007963955402,0.009245965798798937,0.005269254324957728,0.011637648255955781,0.006028884556144476,0.33474597334861755,0.1999080264940858
2050,0.00046176755217073245,7.988675406522816e-05,5.313930728334526e-05,3.449206307237773e-07,0.00018687653755478095,0.06507300399243832,0.009246173743563266,0.005268911249004304,0.011638548052628518,0.0060226796194911,0.3347977176308632,0.19993536081165075
2051,0.0004609150654732544,7.863820565034985e-05,5.229797125139157e-05,3.396097927321762e-07,0.00018399913733446738,0.06503469869494438,0.009243451992373858,0.005273606046102941,0.011622459530212887,0.006010675337165594,0.3338727429509163,0.19945372082293034
2052,0.00046006315964831527,7.374680853899918e-05,4.9413125907449285e-05,3.157675880771649e-07,0.00017108153406297788,0.06492790952324867,0.009235859889669946,0.005258715827949345,0.011625081186400014,0.006011964636854827,0.3340233862400055,0.19947564788162708
2053,0.00045921183563013394,6.990444535404094e-05,4.540853092294128e-05,3.09873390946791e-07,0.00016788809261925053,0.06495484709739685,0.009237775409776465,0.00526702159550041,0.011619686531868659,0.006015582359395921,0.33371344953775406,0.19933414831757545
2054,0.0004583610943522915,7.174999427661533e-05,4.691232061304618e-05,3.158029091565595e-07,0.0001711006816549343,0.06486457213759422,0.009231353887343403,0.005258207325823605,0.011629248360572409,0.006015156628564,0.3342629075050354,0.1995637398213148
2055,0.00045751093674773006,8.107066923912498e-05,5.2672288575195125e-05,3.5929439157200704e-07,0.00019466418416413944,0.06507724151015282,0.009246474635489148,0.005273777642287314,0.011637690770061996,0.0060241351602599025,0.33474839478731155,0.19991281814873219
2056,0.00045666136374875185,8.58267358125886e-05,5.5744571227478446e-05,3.805038915061232e-07,0.00020615538596757688,0.06503306142985821,0.009243335690639244,0.00526727840770036,0.011654084324356887,0.006036296370439231,0.3356921747326851,0.20036261808127165
2057,0.00045581237628701727,9.515703550277976e-05,5.444746398097777e-05,4.7618552478922993e-07,0.0002579953179520089,0.06505204923450947,0.00924468507465316,0.00526816223282367,0.0116470268258987,0.006030518910847604,0.3352857232093811,0.20016888622194529
2058,0.00045496397529354597,0.00010099060955326422,5.4949590094111045e-05,5.263140092637286e-07,0.00028515467420220375,0.06512602232396603,0.00924993964614844,0.0052750869654119015,0.011638647140106395,0.006032393663190305,0.33480342477560043,0.19996472354978323
2059,0.0004541161616987132,0.00010333984164390131,6.218961812010093e-05,4.945419451729549e-07,0.00026794072709890315,0.0650967787951231,0.00924786260512163,0.005267172819003463,0.011649139230970135,0.006023220252245665,0.3354073539376259,0.2002520663663745
2060,0.00045326893643225064,9.320749677499407e-05,6.301749294834735e-05,3.94922867741343e-07,0.00021396751071733888,0.0650821253657341,0.00924682164742891,0.005273071932606399,0.01164351529743667,0.006032001809217036,0.33508357405662537,0.20008284971117973
2061,0.0004524223004232447,9.062502613232937e-05,5.7660874517750926e-05,4.1063741385016783e-07,0.000222481620767212,0.06496434286236763,0.009238450778608883,0.0052686992567032576,0.011635569564364864,0.006025940063409507,0.33462636917829514,0.19979535602033138
2062,0.0004515762546001356,9.117479521592031e-05,5.7642504089017166e-05,4.158466264669869e-07,0.00022530394926434383,0.06510786153376102,0.009248650130173085,0.0052753661293536425,0.011642765557261148,0.006029097246937454,0.3350404053926468,0.2000741334632039
2063,0.0004507307998907157,8.837526002025697e-05,5.617402871394006e-05,4.008524978615924e-07,0.000217180177969567,0.06504595279693604,0.009244251797748787,0.005269556539133191,0.011633280510649577,0.006023787311278284,0.3344947323203087,0.19977034255862236
2064,0.0004498859372221307,9.29205448301218e-05,5.822487150908273e-05,4.276579090856103e-07,0.0002317032285645837,0.06511164642870426,0.009248918687631096,0.005277405027300119,0.01163273042024167,0.006025730166584253,0.33446309715509415,0.1997873717918992
2065,0.00044904166752087577,8.844081548886606e-05,5.556956307373184e-05,4.0592015260187964e-07,0.00021992581969243474,0.06506386399269104,0.009245524515466678,0.005269786226563156,0.011636291943193997,0.006027724361047149,0.33466795086860657,0.1998659074306488
2066,0.000448197991712796,8.166627549144323e-05,5.4633459285469144e-05,3.503119376802033e-07,0.000189797525308677,0.06502286531031132,0.009242610887292549,0.005267864326015115,0.011657198830863014,0.006034163176082075,0.3358716145157814,0.20044723991304636
2067,0.0004473549107230855,8.42419817672635e-05,5.5112989684857894e-05,3.7054170221040295e-07,0.00020075793509022333,0.06502108089625835,0.009242484045783232,0.005265734042041004,0.011642286066936661,0.0060213732067495584,0.335012823343277,0.20001695211976767
2068,0.0004465124254762857,8.443723072559806e-05,5.396571918936388e-05,3.8081375386411764e-07,0.00020632326413760893,0.06512420997023582,0.009249810938622448,0.005272150621749461,0.011638760136311096,0.00602343853097409,0.33480991423130035,0.1999670621007681
2069,0.0004456705368962853,8.334154563272023e-05,5.166808728063188e-05,3.876652119316759e-07,0.00021003536767238984,0.06493170000612736,0.009236129311384844,0.005258960998617113,0.011625975227966696,0.006012401543557644,0.3340747654438019,0.19950323272496462
2070,0.0004448292459063178,8.514927185387933e-05,5.1291877980474965e-05,4.0712544446819265e-07,0.0002205788377978024,0.06497785449028015,0.009239411272824122,0.005265651387162507,0.011634090744258344,0.006022109882906079,0.33454133570194244,0.1997595950961113
2071,0.0004439885534289627,0.00010407435820525279,6.068306038287119e-05,5.124432114200772e-07,0.0002776395394903375,0.06499660015106201,0.009240744202870908,0.005270285531878471,0.011613464443180222,0.005993466940708458,0.3333561345934868,0.1991763673722744
2072,0.000443148460386142,0.0001047311934598838,6.49654034532432e-05,4.868889060816173e-07,0.0002637943471199833,0.06511717289686203,0.009249310938612804,0.0052785377483814955,0.011639297439352733,0.006028975476510823,0.3348408415913582,0.1999790072441101
2073,0.0004423089676991208,0.00010403759051769157,6.349784212034137e-05,4.913227886760296e-07,0.000266196574557398,0.06494765356183052,0.009237264026242226,0.0052680784137919545,0.011629647055687259,0.006021513603627682,0.33428582549095154,0.19961673952639103
2074,0.0004414700762885056,0.00010507449405849911,6.477148122030485e-05,4.914887536955348e-07,0.00026628653358784504,0.06510346941649914,0.009248337901428254,0.005277341464534402,0.011630687602754144,0.006011884775944054,0.33434565365314484,0.199724561534822
2075,0.0004406317870742438,0.00011326274488965282,7.167505100369453e-05,5.160865388376124e-07,0.00027961350951954955,0.06511239148676395,0.009248971395173196,0.0052766986191272736,0.011639557642644195,0.006025128997862339,0.3348558098077774,0.19998410064727068
2076,0.00043979410097562193,0.00012454047600840568,7.337427041420597e-05,6.076187943904188e-07,0.00032920528974500485,0.06514443270862103,0.009251246874908175,0.005272184265777469,0.011643154103362186,0.0060239918529987335,0.33506277948617935,0.2001036060974002
2077,0.00043895701891126656,0.0001298663801208022,7.860933510528412e-05,6.181195146837126e-07,0.00033489455017843284,0.06506340764462948,0.009245492052865125,0.005272125592455268,0.011632809073192765,0.006024187430739403,0.3344676345586777,0.19976552110165358
2078,0.0004381205417991394,0.00013052875965513522,8.062651113505126e-05,6.093398567941222e-07,0.0003301377382740611,0.06508304551243782,0.009246887251680538,0.005273887189105153,0.011638783891943477,0.006025874172337353,0.3348112851381302,0.199947165325284
2079,0.0004372846705565413,0.00013138385975253186,7.858568915253272e-05,6.322983381323866e-07,0.00034257653715030756,0.06490078568458557,0.009233930478415423,0.0052606998942792416,0.011629752944560248,0.006016354542225599,0.3342919126152992,0.1995963491499424
2080,0.00043644940610010715,0.00014475374928224483,8.343712352143484e-05,7.198658202867136e-07,0.0003900202373188222,0.0651959776878357,0.009254906349336102,0.005276772775687277,0.011653099719341021,0.006031027180142701,0.3356354385614395,0.2004157081246376
2081,0.0004356147493458068,0.0001513418865215499,9.351326480100397e-05,7.062741786967308e-07,0.00038265635703282896,0.06505490839481354,0.009244887932563867,0.005267669563181698,0.011647108349635168,0.006028789095580578,0.33529040962457657,0.20017265900969505
2082,0.0004347807012089434,0.0001490900622229674,9.571192822477315e-05,6.69260682428785e-07,0.00036260259366827086,0.06501377187669277,0.009241964459599855,0.005266088061034679,0.011633437495864308,0.00602498312946409,0.33450375497341156,0.19975876342505217
2083,0.000433947262604154,0.00013873560510546668,8.890624030755134e-05,6.23949265587953e-07,0.00033805304701672867,0.0650581605732441,0.00924511931500844,0.00527237297501415,0.011641113896332116,0.006020288681611419,0.33494535088539124,0.20000175572931767
2084,0.0004331144344454049,0.0001296781306336925,8.147637936417595e-05,5.952153081523193e-07,0.00032248512980004307,0.06493086740374565,0.00923607022834821,0.0052637753542512655,0.011630423291036097,0.006018375046551228,0.3343304395675659,0.19963065348565578
2085,0.0004322822176459953,0.00012301447304707835,8.034577695070766e-05,5.420663313771001e-07,0.0002936892524303403,0.06497957743704319,0.009239534022242446,0.005273720249533653,0.01162441334850249,0.006015008664689958,0.33398501574993134,0.19948229659348726
2086,0.0004314506131185526,0.00011732478424164583,7.705215193709591e-05,5.138750402977621e-07,0.00027841530572914053,0.06520365551114082,0.009255451249465061,0.005272349459119141,0.011643578099069124,0.006027411902323365,0.3350871801376343,0.20014541782438755
2087,0.0004306196217750332,0.000101558042842953,6.706610861328954e-05,4.420960859619072e-07,0.00023952577430463862,0.06494488939642906,0.009237067499356018,0.005264671170152724,0.011630904677945012,0.006017121719196439,0.3343581259250641,0.19965150766074657
2088,0.0004297892445267209,0.0001002826707008353,6.120305397416814e-05,4.7361234578602307e-07,0.00025660112987679895,0.06499999389052391,0.00924098543262137,0.005267917294986546,0.011624246383032997,0.00601650751195848,0.3339754119515419,0.1994877029210329
2089,0.00042895948228422614,0.00011758475784517941,6.429187419598748e-05,6.104814858076679e-07,0.0003307562828922528,0.06487015262246132,0.009231751219440148,0.0052633112063631415,0.011643898507100426,0.006026783492416143,0.33510560542345047,0.1999878790229559
2090,0.00042813033595748474,0.00010719527517721872,6.48729253498459e-05,5.103116240690042e-07,0.0002764846640275209,0.06504727341234684,0.009244345558074041,0.00527257495559752,0.011633186537410816,0.006019318243488669,0.3344893455505371,0.19976830948144197
2091,0.00042730180645575834,0.00010733742601587437,6.35923097433988e-05,5.210780305020535e-07,0.0002823178765538614,0.06502849236130714,0.009243010687424598,0.005272921989671886,0.011651015978350932,0.006037426996044815,0.3355153948068619,0.2002719435840845
2092,0.00042647389468762967,0.00010122128151124343,6.470576681749662e-05,4.5641428947362783e-07,0.00024728333028178895,0.06502697616815567,0.00924290323607343,0.0052723592380061746,0.011627807845206317,0.006021109409630299,0.3341800943017006,0.19960353523492813
2093,0.00042564660156100653,9.01916710063233e-05,5.838597030560777e-05,4.0128495903957173e-07,0.00021741447017120663,0.06512971594929695,0.009250202168552652,0.0052696807542815804,0.011633852933567283,0.006023304886184633,0.3345276489853859,0.19982868246734142
2094,0.000424819927983117,8.790590527496533e-05,5.7729026821107254e-05,3.8504066246503044e-07,0.00020861341454292415,0.06502160616219044,0.00924252153751996,0.005267016007564962,0.011638496945665842,0.006017746636644006,0.3347947672009468,0.19990818668156862
2095,0.00042399387486050983,8.268589954241179e-05,5.334668935574882e-05,3.692216807849036e-07,0.00020004273210361134,0.0649936143308878,0.009240532002094806,0.005264514940790832,0.011641409371948953,0.006023429217748344,0.3349623531103134,0.1999779837206006
2096,0.0004231684430990534,7.9544994605385e-05,5.1009988055739086e-05,3.574871332290286e-07,0.0001936850139827584,0.06500036269426346,0.009241011809054272,0.005267973989248276,0.011634940787834367,0.006024498725309968,0.33459022641181946,0.19979529455304146
2097,0.00042234363360393586,7.464725695172092e-05,4.70681789010996e-05,3.4138984794651606e-07,0.00018496355642128037,0.06510784849524498,0.009248648950115783,0.005272656213492155,0.011634448623769288,0.006018232321366668,0.33456192165613174,0.19983488507568836
2098,0.0004215194472796605,7.197553441073978e-05,4.599747194333759e-05,3.2463851162845003e-07,0.00017588777427590685,0.06503904238343239,0.009243760745717545,0.005269211134873331,0.011635766851240553,0.006014856277033687,0.33463770896196365,0.19983837567269802
2099,0.0004206958850300497,6.762315206287894e-05,4.3238902662778855e-05,3.048383616643946e-07,0.00016516013965883758,0.06501883640885353,0.009242324531995964,0.005274166935123503,0.011634832132056778,0.006023002322763205,0.33458397537469864,0.19980140589177608
2100,0.0004198729477582402,6.31129723842605e-05,4.124068959754368e-05,2.779683807574429e-07,0.0001506021008026437,0.06499139219522476,0.0092403739310028,0.005268001579679549,0.011640092721102885,0.006025289534591138,0.3348865956068039,0.19993899390101433
2101,0.0004190506363666835,6.1024921933494625e-05,4.2185662323390716e-05,2.5172208317769673e-07,0.00013638195423482102,0.0650441125035286,0.009244120846531895,0.005269485292956233,0.011636050582047303,0.006022101151756942,0.3346540555357933,0.19984908401966095
2102,0.000418228951757145,6.0500368590510334e-05,3.9222725263243774e-05,2.6875612402221805e-07,0.00014561093666998204,0.06501523777842522,0.009242068969622192,0.005264294100925326,0.011628689163342561,0.0060153420781716704,0.33423076570034027,0.19962300173938274
2103,0.00041740789483070255,5.882858454242523e-05,3.852151371575019e-05,2.5850491169876477e-07,0.00014005685943629942,0.06507236137986183,0.009246128200715416,0.005270511726848781,0.011625601597676739,0.006016718107275665,0.33405330032110214,0.199562830850482
2104,0.0004165874664877453,5.6936105920613045e-05,3.7395309163912316e-05,2.4935465781084076e-07,0.0001350992879451951,0.06504265777766705,0.009244017441968748,0.00526920729316771,0.011633512704165834,0.006020155153237283,0.33450809121131897,0.199775374494493
2105,0.0004157676676279744,5.825311245644116e-05,4.030634727314464e-05,2.4001696719011534e-07,0.00013004016773265903,0.06509297341108322,0.009247592541754038,0.005274660768918693,0.011637459128821637,0.006024538655765355,0.33473507314920425,0.19991402328014374
2106,0.0004149484991503993,5.747383465859457e-05,3.7613898484778474e-05,2.5270327963511363e-07,0.00013691357162315398,0.06502491421997547,0.00924275652163444,0.0052673486061394215,0.01163320123543834,0.006023280904628336,0.33449017256498337,0.19975754339247942
2107,0.00041412996195333877,5.245899728834047e-05,3.385104537301231e-05,2.342041627301228e-07,0.0001268908004021796,0.06503802537918091,0.009243688527089518,0.005266536143608391,0.011634898107340584,0.006017997162416577,0.33458777517080307,0.199812900274992
2108,0.0004133120569344191,5.0667284085648134e-05,3.229247192848561e-05,2.2917591291360395e-07,0.00012416652634783532,0.0650265421718359,0.009242872338658798,0.005270526162348688,0.011630917658537703,0.006021350505761802,0.3343588709831238,0.19969270657747984
2109,0.0004124947849905737,5.3519174116445356e-05,3.446045877808501e-05,2.394888554135832e-07,0.00012975403069503955,0.06494971551001072,0.009237410631001017,0.005265269777737558,0.011640736845428438,0.006025461480021477,0.3349236622452736,0.19993668887764215
2110,0.00041167814701804114,5.210440235714486e-05,3.367278770838311e-05,2.3224777656594142e-07,0.00012583085390360793,0.06503783911466599,0.009243674850746281,0.005269439541734755,0.011637130884350281,0.006023688591085374,0.33471621572971344,0.1998770274221897
2111,0.000410862143912365,5.4690964134351816e-05,3.535628479767183e-05,2.4368904760763144e-07,0.000132029679207335,0.06503735110163689,0.009243640413821171,0.005269981687888503,0.011642067329046744,0.006028291769325733,0.3350002244114876,0.20001878775656223
2112,0.00041004677656839315,5.7706701909410185e-05,3.666324664663989e-05,2.6187085122586495e-07,0.00014188051636665477,0.06499422714114189,0.009240575407195441,0.005268514039926231,0.01162856465031305,0.006021416164003313,0.33422359824180603,0.19960891269147396
2113,0.00040923204588027575,5.964416959614027e-05,3.648335223260801e-05,2.810790356022608e-07,0.000152287430864817,0.06506132893264294,0.009245344494148763,0.005270052351988852,0.011634375610363634,0.006019503111019731,0.3345577269792557,0.1998095279559493
2114,0.0004084179527414649,5.6984331422427204e-05,3.553449687387911e-05,2.635378182347381e-07,0.0001427836677976302,0.06496413797140121,0.009238436405384092,0.005271029192954302,0.011635199525205297,0.006020541186444461,0.3346050977706909,0.19978461787104607
2115,0.0004076044980447134,5.9550024388954625e-05,3.8156290429469664e-05,2.678591046745282e-07,0.00014512494999507908,0.06511861644685268,0.00924941339902704,0.0052741768304258585,0.01163984425022814,0.006027146824635565,0.334872305393219,0.19999546092003584
2116,0.00040679168268207405,6.217206009750953e-05,4.0382985844189534e-05,2.756174088958119e-07,0.0001493283534728107,0.0650026910007,0.009241176955307136,0.005266863969154656,0.011629014517729328,0.006017500418238342,0.33424947410821915,0.19962608255445957
2117,0.00040597950754489836,6.157000666462409e-05,4.11204423471645e-05,2.6461683866330077e-07,0.00014336825915961526,0.06502698361873627,0.009242903531271161,0.005271192057989538,0.011635905669160831,0.006024678936228156,0.33464573323726654,0.1998363584280014
2118,0.0004051679735238365,5.851811124557571e-05,3.799223691203224e-05,2.595472681221622e-07,0.0001406216074428812,0.06496123783290386,0.009238230058541318,0.005268001928925514,0.011628730145982757,0.006021311157383025,0.3342331051826477,0.19959717150777578
2119,0.0004043570815088348,5.915072893003526e-05,3.854930696434167e-05,2.6127263819120117e-07,0.00014155641201796243,0.06501669809222221,0.009242172986427648,0.005266092834062874,0.01162131415987564,0.006017228122800589,0.33380695432424545,0.19941182620823383
2120,0.0004035468323891356,6.085168183744827e-05,3.781353802878584e-05,2.824021345659844e-07,0.00015300425638997694,0.06499203480780125,0.009240419600637158,0.005270326393656433,0.01163627724907041,0.006023213732987642,0.3346670940518379,0.19982956442981958
2121,0.0004027372270532766,6.18660174040997e-05,3.9815313584767864e-05,2.7698408811005493e-07,0.00015006882313173264,0.06508860923349857,0.009247282244353566,0.00527038483414799,0.011640401348923343,0.00602644111495465,0.33490436524152756,0.19999648723751307
2122,0.0004019282663890893,6.746142867086746e-05,4.1571492602088256e-05,3.1565613234363354e-07,0.0001710211645331583,0.0649842880666256,0.009239869089338082,0.005266786087304354,0.011636446386689663,0.0060165185714140534,0.3346768170595169,0.19983055256307125
2123,0.0004011199512836978,7.565303712908644e-05,4.4894254870087025e-05,3.6672154557493286e-07,0.0001986881534321583,0.06498928554356098,0.0092402241251435,0.005267556291073561,0.01162995345821893,0.0060193229001015425,0.3343034163117409,0.19964635092765093
2124,0.00040031228262351975,8.354215651706909e-05,5.36878421826259e-05,3.7460499768826594e-07,0.00020295940612413688,0.06510249711573124,0.009248268668807923,0.005270334193482995,0.011633081617972801,0.006019636057317257,0.3344832882285118,0.19979289267212152
2125,0.00039950526129426165,8.342431010532891e-05,5.4678643891747924e-05,3.6620251009367166e-07,0.00019840696586470585,0.06505147367715836,0.009244643951604854,0.0052703035762533545,0.011635378214785889,0.006020951201207936,0.33461538702249527,0.1998334303498268
2126,0.00039869888818092216,8.058122602960793e-05,5.492469085766061e-05,3.3814841415846786e-07,0.00018320736216992373,0.06517350487411022,0.009253311165089649,0.005278207128867507,0.01163448348868144,0.006028744159266353,0.3345639035105705,0.19986870419234037
2127,0.0003978931641677881,8.147630387611571e-05,5.2855635431114933e-05,3.616842292331057e-07,0.00019595897265389794,0.06512763164937496,0.009250054193357131,0.005272492882795632,0.011643212376347635,0.0060285653453320265,0.33506614714860916,0.20009688939899206
2128,0.00039708809013843456,8.76009912644804e-05,5.705364833374915e-05,3.872129816784309e-07,0.00020979035434720572,0.06504840217530727,0.009244425838981917,0.0052752753254026175,0.011650159144839842,0.006035202299244702,0.33546606451272964,0.20025723334401846
2129,0.00039628366697572355,9.302712351200171e-05,5.924438482907135e-05,4.211145139265682e-07,0.00022815806732978672,0.06512712128460407,0.00925001781371066,0.005274971830658615,0.01164672446468248,0.006026806891895831,0.3352683112025261,0.20019771624356508
2130,0.00039547989556180485,8.974946695161634e-05,5.855900803908298e-05,3.9592649692110626e-07,0.0002145112930520554,0.06499796360731125,0.009240841246685508,0.0052718695951625705,0.011635770290443269,0.0060277312295511365,0.33463792502880096,0.1998179443180561
2131,0.0003946767767781109,9.534086848361767e-05,6.188592396938475e-05,4.2296494129345774e-07,0.00022916063426237088,0.06501131318509579,0.009241790076780783,0.0052639240166172385,0.011637110720459485,0.006026788498274982,0.33471502363681793,0.19986316841095686
2132,0.0003938743115053612,9.614712962502381e-05,6.2522851749236e-05,4.2570331437730147e-07,0.00023064423476171214,0.06509665586054325,0.009247853852281086,0.00527169881388545,0.01164004568394177,0.006027247407473624,0.3348838984966278,0.19999027717858553
2133,0.00039307250062355607,9.154770441455184e-05,5.6655035905350815e-05,4.265784330215183e-07,0.0002311183716301457,0.06498274020850658,0.009239758550038262,0.005263712606392801,0.011635998838818188,0.00601932720746845,0.33465106040239334,0.19981690030544996
2134,0.0003922713450119805,8.614911439508433e-05,5.5581658216397045e-05,3.846817300257044e-07,0.00020841892819589702,0.06505724415183067,0.009245053894963986,0.005272863898426294,0.011646177976846627,0.006038018269464374,0.3352368399500847,0.20014704205095768
2135,0.0003914708455491995,8.43045963847544e-05,5.3545977380053955e-05,3.826885581759143e-07,0.0002073390696750721,0.06502657011151314,0.009242874306650072,0.005266528343781829,0.011641548747584956,0.006017821957357228,0.3349703699350357,0.19999847002327442
2136,0.0003906710031130588,8.080619545580703e-05,5.190963497625489e-05,3.6248425772100745e-07,0.0001963924269148265,0.06503133475780487,0.009243212893310941,0.005275308503769338,0.011633228755099513,0.006017656065523624,0.3344917744398117,0.1997615545988083
2137,0.0003898718185806834,7.809813678250066e-05,4.848550315728062e-05,3.6277263504302937e-07,0.00019654866355267586,0.0649093110114336,0.009234536989852622,0.005267361761070788,0.011630422352640599,0.006022044341079891,0.33433038741350174,0.19961984921246767
2138,0.0003890732928284782,7.895534508861601e-05,4.999602128918923e-05,3.595314641557934e-07,0.00019479263573884964,0.06513287499547005,0.009250426142451897,0.005271819070912898,0.011641079363790127,0.00602664053440094,0.33494336158037186,0.20003811828792095
2139,0.0003882754267321232,8.580600524510373e-05,5.054364646639442e-05,4.187102575770041e-07,0.0002268554262627731,0.06504415906965733,0.009244124388437452,0.005277359974570572,0.011640343999461277,0.006025889073498547,0.3349010571837425,0.19997260812669992
2140,0.00038747822116657737,8.59528604451043e-05,4.99574434797978e-05,4.243934270675709e-07,0.00022993452057562536,0.06513281539082527,0.009250422209682179,0.00527221302036196,0.011627250299558063,0.006011519348248839,0.3341480419039726,0.19964042864739895
2141,0.00038668167700607397,7.818096446499112e-05,4.895078359368199e-05,3.601018825349911e-07,0.00019510168385750148,0.06498865596950054,0.009240179537253815,0.005270479479804635,0.011629865557961057,0.006019965396262705,0.33429837971925735,0.19964351784437895
2142,0.00038588579512412164,7.615121830895077e-05,4.893284835816303e-05,3.415026661457432e-07,0.00018502469083614415,0.06497638486325741,0.009239306929614456,0.005268553737550974,0.011629512073347911,0.0060169046046212316,0.33427806198596954,0.19962722342461348
2143,0.00038509057639350203,7.587045092805056e-05,4.751286542159505e-05,3.4939511195375417e-07,0.00018930079204437789,0.06514226086437702,0.009251092624448428,0.005277681746520102,0.011639047701233522,0.006025043432600796,0.3348264768719673,0.19998436886817217
2144,0.00038429602168627025,7.289282393685426e-05,4.418560342855926e-05,3.464805224950851e-07,0.00018772169914882397,0.0649660974740982,0.009238575411250586,0.005272147944197059,0.011633638415085315,0.006019810680299997,0.334515318274498,0.1997407078742981
2145,0.0003835021318737526,7.248413567140233e-05,4.479571202864463e-05,3.382046056543686e-07,0.0001832378266044543,0.06502273865044117,0.00924260203107612,0.005271827685646713,0.011633579625073156,0.006022660527378321,0.3345119506120682,0.19976734463125467
2146,0.00038270890782654755,7.160023301366891e-05,4.403647767503571e-05,3.356527864539771e-07,0.00018185524277214427,0.0650488194078207,0.009244455747377193,0.0052682977402582765,0.011634659062413536,0.006020557135343552,0.33457402139902115,0.19981142040342093
2147,0.0003819163504145212,6.645277994721255e-05,4.353545591584407e-05,2.918481101232828e-07,0.0001581220731168287,0.06502971239387989,0.009243097572539667,0.005270763416774571,0.011626453044182139,0.006018377258442342,0.33410222828388214,0.19956597033888102
2148,0.0003811244605068109,6.214263339643367e-05,3.9581180999448407e-05,2.8126551399054733e-07,0.0001523884347989224,0.06500601768493652,0.00924141354825255,0.0052697930950671434,0.011635354608533174,0.006015566294081509,0.33461402356624603,0.19981002062559128
2149,0.0003803332389718207,6.602779421882587e-05,4.020981259600376e-05,3.1247885523555397e-07,0.00016929971616264083,0.06513343006372452,0.009250465470057109,0.0052717006765306,0.011636919708846099,0.006024341331794858,0.33470405638217926,0.1999187432229519
2150,0.0003795426866772221,6.447077566917869e-05,4.0224318127002334e-05,2.9800270340274437e-07,0.00016145660538313678,0.0650583989918232,0.009245136235606242,0.005274486029520631,0.011632783585316558,0.006018969346769154,0.3344661444425583,0.19976227171719074
2151,0.0003787528044899522,6.15896237832203e-05,4.024848908557033e-05,2.7123532930772853e-07,0.0001469541598453361,0.06506860628724098,0.009245861136088638,0.005270227091386914,0.0116234481391522,0.006008514552377164,0.33392955362796783,0.1994990799576044
2152,0.00037796359327621476,6.539700416396954e-05,4.1099462350757676e-05,3.0008940399284256e-07,0.00016258716459560674,0.06508243456482887,0.009246843581136047,0.00526931113563478,0.011631187745414653,0.006022585439495742,0.33437439799308777,0.19972841627895832
2153,0.00037717505390147513,6.962184170333785e-05,4.3481151578816934e-05,3.214949462204686e-07,0.00017418458810425363,0.0650823786854744,0.009246839646842631,0.0052721292013302445,0.011632242072025557,0.006020890083163977,0.33443503826856613,0.19975870847702026
2154,0.00037638718723046464,6.872760513942922e-05,4.303463697397092e-05,3.1653893550753764e-07,0.00017149946961581009,0.06505073606967926,0.009244591612915172,0.0052698442013934255,0.011640530579509244,0.0060236891731619835,0.3349118083715439,0.19998127222061157
2155,0.0003755999941271753,6.610502828152676e-05,4.324734959482157e-05,2.907659411022223e-07,0.0001575357373440056,0.06487091444432735,0.009231805207207731,0.005263143335469067,0.011632072716895873,0.00602016132324934,0.33442530035972595,0.19964810740202665
2156,0.00037481347545486075,6.502001679109526e-05,4.215155695419526e-05,2.8884290870223595e-07,0.0001564938538649585,0.0651296079158783,0.0092501943028211,0.005272126407362521,0.011640393066865895,0.006025739596225321,0.33490388095378876,0.20001674443483353
2157,0.00037402763207603526,7.017759708105586e-05,4.643964552997204e-05,3.047816035106621e-07,0.00016512939691892825,0.06514413096010685,0.009251225541505174,0.0052715950878337026,0.011628968374271699,0.0060175672406330705,0.33424679934978485,0.19969546515494585
2158,0.00037324246485247235,7.459755534000578e-05,5.084397230348259e-05,3.1305502190548395e-07,0.0001696118806648883,0.06502550467848778,0.00924279893228501,0.005270559573546052,0.011632364512841203,0.006019307184033096,0.33444205671548843,0.1997337806969881
2159,0.000372457974645204,7.465825729013886e-05,4.917500723422563e-05,3.2593693077842545e-07,0.00017659125205682358,0.06506134569644928,0.009245345281134831,0.005270316498354077,0.011644198598484309,0.0060264733619987965,0.33512288331985474,0.200092114508152
2160,0.00037167416231452034,7.645003051948152e-05,5.019644027015602e-05,3.349313377754015e-07,0.00018146438196708914,0.0651319082826376,0.009250357712020254,0.005272787646390498,0.011640625899820085,0.006031930563040078,0.3349172845482826,0.2000245964154601
2161,0.0003708910287199675,7.609359226989909e-05,4.8866976612771396e-05,3.414571931870114e-07,0.0001850000417107367,0.06507645919919014,0.009246419356307576,0.005269607761874795,0.011630556229633257,0.006024216418154538,0.33433806896209717,0.19970726408064365
2162,0.0003701085747203475,7.75092712501646e-05,4.93674524477683e-05,3.5082692129151383e-07,0.00019007653372682398,0.06509535387158394,0.00924776140604367,0.005282755591906607,0.011635557057952549,0.006021213135682046,0.334625668823719,0.19986051134765148
2163,0.0003693268011737171,7.964303176777321e-05,5.419004810391925e-05,3.3491394191287327e-07,0.00018145496233046288,0.0650745052844286,0.009246280074911422,0.005269283778034151,0.011642445586763528,0.006026820512488484,0.3350220024585724,0.2000482538715005
2164,0.00036854570893738673,8.060897198447492e-05,5.303560192260193e-05,3.523513090186725e-07,0.00019090244495600928,0.06502481363713741,0.009242749535174495,0.0052725354908034205,0.011636246141236917,0.0060245804488658905,0.33466529101133347,0.19984505232423544
2165,0.00036776529886791993,8.030799881453277e-05,5.388723411670071e-05,3.4328633624625127e-07,0.00018599105624161894,0.06506277061998844,0.00924544680177581,0.0052728509763255715,0.011633416543776875,0.006020861444994807,0.33450255542993546,0.19978266302496195
2166,0.0003669855718211316,8.18362673271622e-05,5.2575394647647045e-05,3.6707514183831336e-07,0.00019887974940502318,0.06508306041359901,0.009246888333605825,0.005272524664178491,0.011651020193666154,0.006032333825714886,0.335515633225441,0.20029934681952
2167,0.00036620652865208874,8.071736465353752e-05,5.239100710241473e-05,3.581105953998076e-07,0.00019402278940106044,0.06511173024773598,0.009248924686079206,0.005268434877507389,0.011644543045745229,0.006029753480106592,0.33514272421598434,0.20012722723186016
2168,0.0003654281702151074,8.212955071940087e-05,4.97533617362933e-05,3.90616412104805e-07,0.00021163430119486293,0.06505352258682251,0.009244789553919627,0.005270267720334232,0.01163322031157403,0.006022821296937764,0.3344912827014923,0.1997724026441574
2169,0.0003646504973637531,8.448851667708368e-05,4.791028686668142e-05,4.259934023309597e-07,0.00023080142727849307,0.06499448977410793,0.009240594107742849,0.005266828462481499,0.011637269060770427,0.006020913831889629,0.33472414314746857,0.19985931646078825
2170,0.00036387351095083933,9.473762156630983e-05,5.439760889203171e-05,4.7268303760006347e-07,0.000256097656347265,0.06508990377187729,0.00924737449867784,0.005272214883007109,0.011632673971175614,0.006023093475960195,0.3344598561525345,0.1997748799622059
2171,0.000363097211828427,9.215576210408472e-05,6.180447007864132e-05,3.941723356604143e-07,0.0002135609283868689,0.06513185426592827,0.009250353680901453,0.005272706504911184,0.011637514304245257,0.0060189986834302545,0.33473825454711914,0.1999350544065237
2172,0.000362321600847823,9.911324605127447e-05,6.331286112981616e-05,4.472437904468052e-07,0.00024231477436842397,0.06503938138484955,0.009243784949654651,0.005268606939353049,0.011635994618061252,0.006021925364620984,0.33465081453323364,0.1998450979590416
2173,0.0003615466788595806,8.789187631919049e-05,5.803251065117365e-05,3.826706915788236e-07,0.00020732933990075253,0.06501439027488232,0.009242008743651914,0.0052643598755821586,0.011634963925912073,0.006019327323883772,0.3345915749669075,0.1998029826208949
2174,0.00036077244671349625,7.666570172659704e-05,5.1008766149607254e-05,3.309243936655548e-07,0.0001792934326658724,0.06504620425403118,0.009244269703781532,0.005277703050523996,0.01163820061463347,0.006025898503139615,0.33477772772312164,0.1999119659885764
2175,0.0003599989052586106,7.988931838553981e-05,5.0378429932607105e-05,3.6532741987116424e-07,0.00019793286264757626,0.06498442590236664,0.009239878834057096,0.005262230988591909,0.011640043339892225,0.006023013731464744,0.3348837345838547,0.19993408024311066
2176,0.00035922605534320645,8.289224888358149e-05,4.795941981683427e-05,4.1089944780026144e-07,0.0002226235665148124,0.0651882030069828,0.009254354439424253,0.005281834164634347,0.01163865167247874,0.00602522143162787,0.3348036929965019,0.19999594800174236
2177,0.0003584538978148089,8.721601170691429e-05,5.184430324334244e-05,4.2212005979536116e-07,0.00022870283555675996,0.06506484746932983,0.009245594162118141,0.005271222325973213,0.011648348939304007,0.006026020972058177,0.3353618308901787,0.20021333917975426
2178,0.00035768243352018265,9.238431221092469e-05,5.177911884857167e-05,4.702973175341185e-07,0.0002548050770201371,0.06498086266219616,0.009239625271154277,0.005267711007036269,0.011635167476477599,0.006023220252245665,0.3346032500267029,0.19979205634444952
2179,0.00035691166330533406,8.548765845262096e-05,5.0379296226310544e-05,4.169857028557544e-07,0.00022592109962715767,0.0650024339556694,0.009241159043281759,0.005264941952191293,0.01162874516248652,0.006020261556841433,0.33423395454883575,0.19961819425225258
2180,0.00035614158801550584,8.181051362043945e-05,4.9706390427672886e-05,3.8801897339624247e-07,0.000210226996387064,0.06496889144182205,0.009238774367141375,0.005273546441458166,0.011638816555858833,0.006034470279701054,0.3348131701350212,0.19989103078842163
2181,0.000355372208495181,8.129336265483289e-05,5.087209433440876e-05,3.746401269211219e-07,0.00020297843184380326,0.06506841443479061,0.009245847659694918,0.0052776922238990664,0.011637558381874464,0.00603377353399992,0.3347407951951027,0.19990460481494665
2182,0.00035460352558807804,8.39853619254427e-05,5.422976755653508e-05,3.74694213434168e-07,0.00020300773212511558,0.0651438757777214,0.009251207354002939,0.00527118647005409,0.01163752508921251,0.006027767085470259,0.3347388803958893,0.19994137808680534
2183,0.0003538355401371521,7.061395263008308e-05,4.4639524958256516e-05,3.2209853628728524e-07,0.0001745116524034529,0.06511811725795269,0.00924937829515497,0.0052735485369339585,0.011644952463907569,0.006026837741956115,0.3351663053035736,0.20014221128076315
2184,0.0003530682529845931,6.39150071037875e-05,4.0504729440726805e-05,2.9080355190558294e-07,0.00015755611184431473,0.06495985761284828,0.0092381319043463,0.005265341489575803,0.011638989719965041,0.0060229129157960415,0.3348231315612793,0.1998914945870638
2185,0.00035230166497182637,6.706282465529512e-05,3.862857090553007e-05,3.3370475982508196e-07,0.0001807998378353659,0.0651024840772152,0.009248268275439281,0.00527134770527482,0.011638643232887439,0.006039238651283085,0.3348032012581825,0.19995284266769886
2186,0.00035153577693950854,8.205362610169686e-05,4.7635832515879883e-05,4.0554913205426146e-07,0.00021972479044052307,0.06501421332359314,0.009241996245729826,0.0052697076462209225,0.011643155353187992,0.006027588387951255,0.33506283164024353,0.20003852248191833
2187,0.00035077058972753046,7.186767834355123e-05,4.6336967670868034e-05,3.2113671366573726e-07,0.0001739905110298423,0.0650246050208807,0.009242734578228403,0.005272512556985021,0.011638739506380481,0.006025017239153385,0.33480872213840485,0.19991666357964277
2188,0.0003500061041750136,6.543516656165593e-05,4.422632969180995e-05,2.7735638674641905e-07,0.0001502705108578084,0.06500049866735935,0.009241021158891145,0.005265417159534991,0.01163569759798771,0.006021585431881249,0.3346337452530861,0.19981712196022272
2189,0.00034924232112031,5.946792703070969e-05,3.8589005043832e-05,2.6390683238730617e-07,0.00014298361111286795,0.06508390232920647,0.009246948036014016,0.005271118017844856,0.011636352907976634,0.006025057984516025,0.3346714675426483,0.1998776849359274
2190,0.00034847924140100147,5.6198944093921455e-05,3.631431070516555e-05,2.505325564783334e-07,0.00013573747401096625,0.06502175703644753,0.009242532066668013,0.005269997054710984,0.01163432135813594,0.006022693938575685,0.33455460518598557,0.19978818111121655
2191,0.00034771686585389843,4.924932409267058e-05,3.175784422637662e-05,2.2003721866781234e-07,0.000119215241738857,0.06516455672681332,0.009252675609383991,0.005278442054986954,0.011638273135161479,0.006030048942193389,0.3347819223999977,0.1999732395634055
2192,0.00034695519531503896,4.5168011865825974e-05,2.885489288928511e-05,2.0380467713465578e-07,0.00011042048754461575,0.06496954895555973,0.009238820635339134,0.005266534513793886,0.011633485185176358,0.006022124085575342,0.3345065116882324,0.19973803032189608
2193,0.00034619423061968895,4.074727189617988e-05,2.6930187459583976e-05,1.7721735545705997e-07,9.601560759620043e-05,0.065010204911232,0.00924171115074379,0.0052673297468572855,0.011635374619134595,0.006023399415425956,0.33461517840623856,0.19981269165873528
2194,0.0003454339726023384,3.981779855166678e-05,2.5208135070897697e-05,1.8135331547597389e-07,9.825645111050108e-05,0.06508360430598259,0.009246926889406107,0.0052702740067616105,0.011635394160704329,0.006022505345754325,0.3346162959933281,0.19984995014965534
2195,0.0003446744220967043,4.072027331858408e-05,2.5915153514688427e-05,1.8446204919086995e-07,9.994075162467198e-05,0.06512470543384552,0.00924984613917799,0.005270282854326069,0.011634119981660607,0.00602316576987505,0.33454301953315735,0.19983386248350143
2196,0.0003439155799357266,4.09350102472672e-05,2.6934386028187873e-05,1.789188752709947e-07,9.693750553196878e-05,0.06496218219399452,0.00923829720052941,0.005267549306154251,0.01164117452335261,0.006028298055753112,0.334948867559433,0.19995552487671375
2197,0.0003431574469515688,3.796860733018548e-05,2.4650805926285102e-05,1.6840259586814454e-07,9.123980862568715e-05,0.06502723880112171,0.009242921833512061,0.0052674007602036,0.011635936465254276,0.006023819325491786,0.3346474766731262,0.19983735773712397
2198,0.00034240002397561644,3.89871484003379e-05,2.5006240207403607e-05,1.7517814754341998e-07,9.491077798884362e-05,0.06503543443977833,0.009243504239123469,0.005268263630568981,0.011626004798695458,0.00601592066232115,0.3340764716267586,0.19955595303326845
2199,0.00034164331183847744,3.64751765573601e-05,2.3453377252735663e-05,1.6346080311535616e-07,8.856237127474742e-05,0.06504000909626484,0.009243829421764134,0.0052676142659038305,0.01163986003375593,0.0060199626022949815,0.3348732143640518,0.19995661173015833
2200,0.0003408873113699783,3.359524725965457e-05,2.1814738943248813e-05,1.489810150800963e-07,8.07172777967935e-05,0.06505694799125195,0.009245033039153253,0.005268994835205376,0.011630464736761761,0.0060218037106096745,0.33433281630277634,0.19969488214701414
2201,0.00034013202339916703,3.14208579084152e-05,2.0495075659709983e-05,1.3865740466911802e-07,7.512398474318616e-05,0.06502081640064716,0.009242465545867601,0.005265768384560943,0.011632774672365075,0.006019475869834423,0.3344656452536583,0.19974323082715273
2202,0.00033937744875430946,3.2259900876852043e-05,2.0787483549611352e-05,1.4424175232008452e-07,7.814956688889652e-05,0.06493914127349854,0.009236658678529576,0.005263590603135526,0.011634503657125523,0.00602197996340692,0.33456508070230484,0.1997521109879017
2203,0.00033862358826288895,3.3038544870578335e-05,2.1620557845380972e-05,1.4527704284006404e-07,7.871049228924676e-05,0.06506116315722466,0.009245332590976325,0.005269333720207214,0.011634071825900079,0.00601951580028981,0.3345402330160141,0.19980069808661938
2204,0.00033787044275160615,3.289578080512001e-05,2.081960656141746e-05,1.4987287233481084e-07,8.120047732518287e-05,0.06502397544682026,0.009242689904047944,0.005267439060844481,0.011634441431891003,0.00602307659573853,0.3345615118741989,0.1997927436605096
2205,0.00033711801304637726,3.2657715678396926e-05,2.129470794898225e-05,1.4416825599994354e-07,7.810974511812674e-05,0.06505229137837887,0.009244702291186045,0.0052687181159853935,0.011638146849122727,0.006024914211593568,0.3347746431827545,0.1999134672805667
2206,0.0003363662999723335,3.14533953087448e-05,2.0633773715417192e-05,1.3793367070746854e-07,7.473187861251063e-05,0.06500849686563015,0.00924158980802803,0.005266392603516579,0.011641522028842312,0.006025078473612666,0.33496884256601334,0.19998866971582174
2207,0.00033561530435382105,3.34560641022108e-05,2.259647374103224e-05,1.419251134393562e-07,7.689442236369359e-05,0.06504791043698788,0.009244390716170508,0.005268468521535397,0.011641856555577671,0.006024176487699151,0.3349880948662758,0.20001800265163183
2208,0.0003348650270143985,3.649692428098206e-05,2.327509082533652e-05,1.6497779853352768e-07,8.938425344240386e-05,0.06510478258132935,0.00924843132530743,0.0052744896383956075,0.011631873959946845,0.0060231591342017055,0.33441387116909027,0.1997593268752098
2209,0.0003341154687768367,3.583457532840839e-05,2.3919343675515847e-05,1.5410879505850517e-07,8.349549898412079e-05,0.06506158784031868,0.009245362693184433,0.005271522211842239,0.01163791631105005,0.006021798006258905,0.334761381149292,0.19991148449480534
2210,0.0003333666304631182,3.42462740263727e-05,2.1555265220740694e-05,1.5690471677487494e-07,8.501030424667988e-05,0.06501443311572075,0.009242011794323244,0.005267444299533963,0.01163376944069243,0.006022134213708341,0.3345228508114815,0.1997686419636011
2211,0.0003326185128944362,3.604134565193817e-05,2.358047811412689e-05,1.5851878565342759e-07,8.588481023252825e-05,0.06495381332933903,0.009237702159809793,0.005264184786938131,0.011634465821721077,0.006018925691023469,0.33456288278102875,0.1997583480551839
2212,0.00033187111689119325,3.6146695265415474e-05,2.4855911647136963e-05,1.50074679794443e-07,8.130982541842968e-05,0.06505011580884457,0.009244547439617546,0.005266877473331988,0.011631005394453007,0.0060172377852723,0.3343639150261879,0.19970701541751623
2213,0.00033112444327300036,3.53936511601205e-05,2.3147934598455322e-05,1.5573489875464475e-07,8.437651149506564e-05,0.06497799605131149,0.009239421510207629,0.005264436244033277,0.011630313185447534,0.0060146324103698134,0.33432411402463913,0.1996510550379753
2214,0.00033037849285867736,3.519787583172729e-05,2.272876599818119e-05,1.5702285605101451e-07,8.507430902682245e-05,0.06512476690113544,0.009249850465494008,0.005268134875223041,0.011634976276623903,0.006020836881361902,0.3345922604203224,0.19985851366072893
2215,0.00032963326646625,3.792844290728681e-05,2.5179405952258094e-05,1.6412934744636232e-07,8.892459027265431e-05,0.06503964588046074,0.00924380364370904,0.0052684827242046595,0.011638345498944817,0.006020835833624005,0.3347860723733902,0.19991285912692547
2216,0.00032888876491295047,3.934859478249564e-05,2.5920110601873603e-05,1.7176680522368315e-07,9.306252513852087e-05,0.06508439965546131,0.009246983050756129,0.005268535926006734,0.011632339336737879,0.006017292034812272,0.3344406262040138,0.19976251292973757
2217,0.000328144989015216,4.276942831893393e-05,2.688347774437716e-05,1.9622381053352456e-07,0.00010631322584231384,0.06494615040719509,0.009237157295726607,0.005264336476102471,0.01164268119089373,0.006032829987816513,0.3350355550646782,0.19999085273593664
2218,0.0003274019395886879,5.9529003920033574e-05,3.547474125298322e-05,2.874626536808478e-07,0.00015574604958601412,0.06509197317063808,0.00924752153325179,0.005273619550280273,0.01164916483920851,0.006035979953594506,0.3354087918996811,0.2002503825351596
2219,0.0003266596174482108,7.792169435560936e-05,4.304089611650852e-05,4.01341100797481e-07,0.00021744488549302332,0.06483060121536255,0.009228936127765505,0.005263124126940966,0.01162174552604377,0.006013185833580792,0.3338317275047302,0.1993311643600464
2220,0.00032591802340783255,8.052139173742034e-05,4.616656951839104e-05,4.022561679306591e-07,0.0002179406737923273,0.06507300212979317,0.009246173743563266,0.005265542073175311,0.01164204451757301,0.00602166703902185,0.3349989280104637,0.20003596507012844
2221,0.00032517715828080167,8.707132292329334e-05,5.2824492968284176e-05,4.135481663780638e-07,0.00022405863728636177,0.06484555080533028,0.009230000189488342,0.0052605209639295936,0.011622061840623957,0.006010150769725442,0.33384988456964493,0.1993477176874876
2222,0.0003244370228795674,9.144156274487614e-05,5.4934381523708e-05,4.38302199867735e-07,0.00023747027989884373,0.06517530418932438,0.009253438841058385,0.005279565346427262,0.01163044987887709,0.006014591548591852,0.3343319743871689,0.19975363928824663
2223,0.0003236976180157793,9.05493789105094e-05,5.577609044848941e-05,4.2385447684978317e-07,0.00022964252548263175,0.06497273594141006,0.009239047444599142,0.005268405191600323,0.011639245085434995,0.006024959962815046,0.334837831556797,0.19990528374910355
2224,0.0003229589445002852,9.147900800599018e-05,5.9199108136454015e-05,4.0716191840317606e-07,0.00022059859657019842,0.06496072933077812,0.009238193632331864,0.005271573434583843,0.011623768476108721,0.006008699769154191,0.33394795656204224,0.19945434294641018
2225,0.00032222100314313086,8.778339952186798e-05,5.513004794011067e-05,4.0309799587134876e-07,0.00021839679811819224,0.06507575325667858,0.009246369093277328,0.005272260983474553,0.011639825653766943,0.006028742180205882,0.33487121760845184,0.1999734854325652
2226,0.00032148379475356055,0.00010034129400082747,6.004011947879917e-05,4.827391606454512e-07,0.00026154598799621454,0.06513731367886066,0.009250741741770919,0.005275808507576585,0.011626400475972474,0.006018411018885672,0.3340991958975792,0.19961825478821993
2227,0.0003207473201400124,9.783275663721724e-05,6.26562327852298e-05,4.402744977483053e-07,0.00023853885068092495,0.06503917276859283,0.009243770092773938,0.005271548987366259,0.011633746300239044,0.0060169914504513144,0.3345215395092964,0.19978035613894463
2228,0.0003200115801101219,8.273601952168974e-05,5.326553582563065e-05,3.702833737406763e-07,0.00020061795021319995,0.06511393561959267,0.00924908133269922,0.005266594234853983,0.01163874919620093,0.006020016968250275,0.3348092883825302,0.19996161200106144
2229,0.0003192765754707181,7.355889192695031e-05,4.70430024961388e-05,3.3153167144917006e-07,0.00017962244601221755,0.06505515985190868,0.009244906230876225,0.00527101184707135,0.011631117839337594,0.006021188106387854,0.3343703970313072,0.19971277844160795
2230,0.0003185423070278236,7.869524688430829e-05,4.8984604745783145e-05,3.645982911137935e-07,0.00019753780907194596,0.0650740247219801,0.0092462462378713,0.005268119741231203,0.011652509977896288,0.00602949783205986,0.33560147136449814,0.20033774804323912
2231,0.0003178087755866534,7.536636849181377e-05,4.587645025821985e-05,3.568245894314259e-07,0.0001933260327859898,0.06487848237156868,0.009232343688354955,0.005265321000479162,0.01161346178051022,0.006010200479067862,0.33335600793361664,0.19911724515259266
2232,0.00031707598195161566,7.345282392634545e-05,4.5568942368845455e-05,3.414355429498528e-07,0.0001849883465183666,0.06499161943793297,0.009240389777604087,0.005270776571705937,0.011633311000971593,0.006019732216373086,0.33449649810791016,0.19974405877292156
2233,0.00031634392692630716,6.459473115683068e-05,4.093960046702705e-05,2.938658116846682e-07,0.00015921524664008757,0.06505188904702663,0.009244673465772886,0.005271420115604997,0.011628353944950985,0.006019112886860967,0.33421149104833603,0.19963169004768133
2234,0.0003156126113135174,5.8555595842335606e-05,3.7539962477239897e-05,2.6323223956126185e-07,0.0001426181270289817,0.06497200764715672,0.009238995763291435,0.0052673183381557465,0.011631848470021605,0.0060231342213228345,0.3344123959541321,0.1996922018006444
2235,0.00031488203591522213,5.540093002309732e-05,3.6001552871312015e-05,2.4547705645971973e-07,0.00013299843749337015,0.06500769034028053,0.009241532236109252,0.005271293572150171,0.011631758394746302,0.006023558788001537,0.334407202899456,0.19970744661986828
2236,0.0003141522015325879,5.250060985417804e-05,3.471489185358223e-05,2.2821051093302458e-07,0.00012364347730908776,0.06504952162504196,0.009244505528899499,0.005270540015771985,0.011640121943429515,0.006029130192473531,0.3348882645368576,0.19996889308094978
2237,0.0003134231089659674,5.0005804951069877e-05,3.2075799140329764e-05,2.2467106397527914e-07,0.00012172582819403033,0.06495734676718712,0.009237953314199144,0.0052635339088737965,0.011630185874561326,0.0060205538757145405,0.33431680500507355,0.19963707588613033
2238,0.0003126947590148999,4.4380074768923805e-05,2.8361997465253808e-05,2.0017204516165066e-07,0.00010845238011825131,0.06519450433552265,0.009254801689461904,0.005275385919958353,0.01164294444318449,0.00602881028316915,0.33505072444677353,0.2001226143911481
2239,0.00031196715247811007,4.010790212305437e-05,2.6698267902247608e-05,1.7302912524996827e-07,9.374643514092895e-05,0.06504271738231182,0.009244021967787343,0.005266749998554587,0.011632578116593838,0.0060202202294021845,0.33445435017347336,0.1997485337778926
2240,0.0003112402901535087,3.8342853031281265e-05,2.5701309255055094e-05,1.641006361907671e-07,8.890902381608612e-05,0.06504500843584538,0.009244184797395487,0.005268158740364015,0.011638015716501079,0.0060233010444790125,0.33476708084344864,0.199906044639647
2241,0.0003105141728381883,3.57065176785909e-05,2.3534991896667634e-05,1.5576464917899102e-07,8.439261773673934e-05,0.06506100669503212,0.009245321376403149,0.005268999142572284,0.011640267272627373,0.0060269387904554605,0.33489663898944855,0.19997882284224033
2242,0.0003097888013284262,3.4526264585110766e-05,2.3447652324648516e-05,1.4551740523671697e-07,7.884070873842575e-05,0.065094493329525,0.009247700332011801,0.005269543966278434,0.011625477833907195,0.006017832201905549,0.3340461775660515,0.19957033544778824
2243,0.0003090641764196811,3.4635261954463203e-05,2.302135442278086e-05,1.4967060391057885e-07,8.109088867058745e-05,0.06505831517279148,0.0092451302347001,0.005269385874271393,0.011636866875293108,0.006023187655955553,0.3347009941935539,0.1998796546831727
2244,0.0003083402989065931,3.210801912700845e-05,2.1925544501755212e-05,1.344379385592731e-07,7.283791455847677e-05,0.06498756259679794,0.00924010197546727,0.005269812303595245,0.011630664143377104,0.006021223496645689,0.3343443050980568,0.19966593384742737
2245,0.00030761716958298247,2.882095236600435e-05,1.880355648609111e-05,1.2715224073645004e-07,6.889053361192055e-05,0.0650350172072649,0.009243474721222127,0.005267669796012342,0.01163503990603279,0.006021845270879567,0.3345959112048149,0.1998154642060399
2246,0.0003068947892418493,2.901859431858611e-05,1.8482768382455106e-05,1.313445006090319e-07,7.116189635780756e-05,0.06503478065133095,0.009243457895976184,0.0052704004338011146,0.011631557286666526,0.006022564950399101,0.334395632147789,0.19971520639955997
2247,0.00030617315867537186,2.8182864298287313e-05,1.761183966664248e-05,1.3006183685604356e-07,7.046695918688783e-05,0.06505679525434971,0.009245022217723484,0.005270172259770334,0.011639110370689463,0.0060225361958146095,0.3348300829529762,0.19994343910366297
2248,0.0003054522786749074,2.713571166168549e-05,1.7558606941747712e-05,1.207911224376801e-07,6.544412735820515e-05,0.06502938456833363,0.009243074252379456,0.005268330569379032,0.011635425427147638,0.006025162874720991,0.33461810648441315,0.1998237455263734
2249,0.0003047321500309882,2.6144844810005452e-05,1.6988456764011062e-05,1.1585619130727309e-07,6.277039369706472e-05,0.0650763027369976,0.00924640814305249,0.00526764034293592,0.011638190611766559,0.006025747978128493,0.33477718383073807,0.19992674328386784
2250,0.00030401277353332435,2.623295188186603e-05,1.6810430906843976e-05,1.1798363930282108e-07,6.39230347587727e-05,0.06501496769487858,0.009242049780017402,0.005267310421913862,0.011636461393235849,0.006026460672728717,0.33467768132686615,0.19984632451087236
2251,0.0003032941499708001,2.5651228042988805e-05,1.6115157450258266e-05,1.1774828179156316e-07,6.379550995916361e-05,0.06505018100142479,0.009244552161940063,0.005269582848995924,0.011637073362460948,0.006024158908985555,0.3347128927707672,0.199881536886096
2252,0.00030257628013147437,2.7281884172225546e-05,1.7690547110760235e-05,1.2116601855183262e-07,6.564723139490525e-05,0.06503118015825748,0.009243201872958117,0.005266074906103313,0.011639450280189199,0.006026938674040139,0.33484965562820435,0.19994041789323092
2253,0.0003018591648025791,2.5952439273169148e-05,1.630292649679177e-05,1.1914174846694436e-07,6.455048833231558e-05,0.06513608060777187,0.00925065384696758,0.005273193935863674,0.01164085029012611,0.00602883636020124,0.3349302038550377,0.20003314223140478
2254,0.0003011428047705201,2.491851932973077e-05,1.6200866184590268e-05,1.1035362001976523e-07,5.9789129636556027e-05,0.06504695303738117,0.009244322831366883,0.0052722630789503455,0.011629808938581952,0.006023199646733701,0.3342951238155365,0.19967103842645884
2255,0.00030042720082087276,2.477154623647948e-05,1.5723175692983204e-05,1.1252401899142228e-07,6.096502670516202e-05,0.06501512788236141,0.009242060998560425,0.005264659645035863,0.0116357862358244,0.006021502893418074,0.3346388414502144,0.1998269846662879
2256,0.0002997123537383855,2.609651016882708e-05,1.590110474580797e-05,1.234378959047433e-07,6.687813015560096e-05,0.06504666060209274,0.009244302072291174,0.005270739668048918,0.011627817700570748,0.006019065855070949,0.33418066054582596,0.19961366057395935
2257,0.0002989982643069755,2.8431166356313042e-05,1.7716427578307048e-05,1.3158114864353365e-07,7.129012033146864e-05,0.06506278738379478,0.00924544788386966,0.005268213571980596,0.011644827187539696,0.006027750321663916,0.335159070789814,0.2001109290868044
2258,0.0002982849333097292,2.686209791136207e-05,1.8152301777263347e-05,1.1388294529623977e-07,6.170128085614124e-05,0.06498418748378754,0.009239862002263254,0.00526561529841274,0.011629942040607319,0.006017222651280463,0.33430277556180954,0.19964348152279854
2259,0.00029757236152890167,2.7118802108816453e-05,1.787294013411156e-05,1.1831441071308291e-07,6.410224796127295e-05,0.06508788280189037,0.009247231002481633,0.005269963410682976,0.011638821400737992,0.006022094166837633,0.3348134458065033,0.19995066430419683
2260,0.00029686054974591527,2.775610425942432e-05,1.8149587504012743e-05,1.2215334832532676e-07,6.618216775677865e-05,0.06504350528120995,0.009244077950012409,0.005271057947538793,0.011627084313492303,0.006018252344802022,0.33413850516080856,0.19959100522100925
2261,0.00029614949874135843,2.743940103755449e-05,1.8012926148003316e-05,1.2023961959428675e-07,6.514529900414345e-05,0.06503196246922016,0.009243257466568235,0.005270603462122381,0.011636450607282734,0.006025492446497083,0.3346770703792572,0.19985451642423868
2262,0.0002954392092949865,2.6699206500779837e-05,1.7877472600957844e-05,1.1440868430412365e-07,6.198614210006781e-05,0.06502407975494862,0.009242697284158724,0.005265838699415326,0.01163479804989158,0.006023840163834393,0.33458200842142105,0.19980304408818483
2263,0.0002947296821857187,2.6809778205461043e-05,1.78226408138471e-05,1.1583392645064805e-07,6.275832606661425e-05,0.06506209447979927,0.009245398697657566,0.0052691103192046285,0.01163317011937939,0.0060226378263905644,0.3344883918762207,0.19977524317801
2264,0.0002940209181916383,2.7665677748700546e-05,1.8010422763836686e-05,1.223462819943677e-07,6.628669689234812e-05,0.06498023308813572,0.009239580385070783,0.005264340783469379,0.011631930725653265,0.0060172968078404665,0.33441711962223053,0.19969867635518312
2265,0.00029331291808999205,2.8140167842138908e-05,1.8265039557263663e-05,1.2484534916978873e-07,6.764067848052946e-05,0.06508219987154007,0.009246827057092455,0.005272659473121166,0.011636147502280286,0.006027963245287538,0.334659643471241,0.19987092167139053
2266,0.00029260568265718884,2.925504406903201e-05,1.848424562922446e-05,1.3351568695085803e-07,7.233823544083862e-05,0.06504447385668755,0.009244146623702444,0.005270104156807065,0.01163274464974141,0.0060204415349289775,0.3344639167189598,0.19975419528782368
2267,0.00029189921266879894,3.125735224784876e-05,2.013581365645223e-05,1.3980085089571048e-07,7.574350388495077e-05,0.06505729258060455,0.009245057633264712,0.005271500442177057,0.011628481432318878,0.006017256178893149,0.3342188149690628,0.19963805377483368
2268,0.0002911935088995533,3.4617799997249676e-05,2.2248369418775837e-05,1.5521629137538184e-07,8.409551855947939e-05,0.065070865675807,0.009246022064352781,0.005268342443741858,0.011637884582401862,0.006022076704539359,0.33475957065820694,0.19991521816700697
2269,0.000290488572123343,3.3883157584568835e-05,2.1732994241574488e-05,1.522415282728673e-07,8.248380709119374e-05,0.06510764174163342,0.00924863429772508,0.005272029433399439,0.011641183586127516,0.0060265890788286924,0.3349493592977524,0.2000285005196929
2270,0.0002897844031132173,3.481932776594476e-05,2.3949648834786785e-05,1.4451579044560958e-07,7.82980423537083e-05,0.06504824012517929,0.009244414229776104,0.005272225709632039,0.01163174306936961,0.006019126856699586,0.3344063311815262,0.19972728565335274
2271,0.00028908100264138397,3.4558657944216975e-05,2.338683145808318e-05,1.4626539046602716e-07,7.924596184238908e-05,0.0651311855763197,0.009250306192223322,0.005272868438623846,0.011639986926290766,0.0060243988409638405,0.3348805084824562,0.20000584702938795
2272,0.00028837837147920796,3.5451568919597776e-05,2.3633828732272377e-05,1.5268212205654663e-07,8.272252534879954e-05,0.06505636312067509,0.009244991524144678,0.005268756998702884,0.011640681216495016,0.006025797571055591,0.3349204584956169,0.199988410808146
2273,0.00028767651039721034,3.780884412662999e-05,2.3918501483422006e-05,1.7233472249245096e-07,9.33702103793621e-05,0.06500811874866486,0.009241563039590749,0.005266186664812267,0.01163237655356701,0.006018805433996022,0.33444274961948395,0.1997254341840744
2274,0.0002869754201650676,3.782622320613882e-05,2.4136749857461837e-05,1.7088380221963462e-07,9.258411228074692e-05,0.06500820070505142,0.009241568649159393,0.005267722764983773,0.01163574262046533,0.006021665874868631,0.3346363455057144,0.19982227310538292
2275,0.0002862751015516117,3.811796091213182e-05,2.3797431822458748e-05,1.7608124114332213e-07,9.540007340547163e-05,0.06506692059338093,0.009245741618480855,0.0052754508797079325,0.011631942454070473,0.0060170338256284595,0.33441779762506485,0.1997423591092229
2276,0.0002855755553248275,3.8608194699918386e-05,2.413539539247722e-05,1.781102856313055e-07,9.649939056544099e-05,0.06514501944184303,0.009251288558466079,0.005273795104585588,0.011633689543391583,0.00602441793307662,0.3345182538032532,0.1998316366225481
2277,0.0002848767822518534,4.4655781721303356e-05,2.513853075924999e-05,2.2651487441294194e-07,0.00012272478170416434,0.06512488797307014,0.009249858921469473,0.0052715204656124115,0.011645107261148984,0.006029467331245542,0.33517520129680634,0.20015004463493824
2278,0.00028417878309897965,4.655841325984511e-05,2.8244898999219004e-05,2.2113957154346053e-07,0.00011981246689174441,0.06500779464840889,0.00924153981397205,0.005266918684355915,0.01164469409944804,0.006032459554262459,0.33515141159296036,0.20007960312068462
2279,0.00028348155863164797,5.0478452067181934e-05,3.1850885193307477e-05,2.306933879481221e-07,0.00012498871592470095,0.06507441215217113,0.009246273681294144,0.005270661669783294,0.01163269883381741,0.006018903222866356,0.3344612866640091,0.19976784940809011
2280,0.00028278510961445,5.316529336596432e-05,3.363008841006376e-05,2.4235350704060465e-07,0.000131306107959972,0.06503316946327686,0.009243343365418096,0.0052668541902676225,0.01162985914528279,0.006015882478095591,0.3342980220913887,0.19966559577733278
2281,0.00028208943681112857,5.684652387571987e-05,3.4727576235127344e-05,2.682234576667497e-07,0.0001453223112548585,0.06509532406926155,0.009247759635787552,0.00527094688732177,0.01163892408044459,0.006027136230841279,0.33481936901807785,0.1999573465436697
2282,0.00028139454098457286,5.7140686749335146e-05,3.554042552877945e-05,2.6493697635743274e-07,0.00014354172981256852,0.06509884260594845,0.009248009140210574,0.005270935129374266,0.01164130624540426,0.006026783026754856,0.33495642244815826,0.20002763252705336
2283,0.00028070042289682237,6.150804438220803e-05,3.971415594605787e-05,2.7442734573668304e-07,0.00014868358903186163,0.0650520771741867,0.00924468674711776,0.005271675297990441,0.011632147621269339,0.006020266562700272,0.334429606795311,0.19974084198474884
2284,0.00028000708330906226,6.448158819694072e-05,4.0968787516248995e-05,2.926062254715589e-07,0.0001585327827342553,0.06506314873695374,0.00924547385408409,0.005270098219625652,0.011631868643034535,0.006023150868713856,0.3344135656952858,0.19973835721611977
2285,0.00027931452298162455,7.22936492820736e-05,4.4406921915651765e-05,3.393171290611008e-07,0.00018384055056230864,0.06509475968778133,0.009247719509891337,0.00527771539054811,0.011632564512372224,0.006021579843945801,0.3344535604119301,0.1997741600498557
2286,0.0002786227426739862,7.063937346174498e-05,4.408049539961212e-05,3.2646043024442406e-07,0.00017687487797957147,0.06512555293738842,0.009249906510768622,0.005276771611534059,0.011631337408690472,0.006023087305948138,0.3343829959630966,0.19975427445024252
2287,0.0002779317431447699,6.990527981542982e-05,4.373156548354018e-05,3.2226193802387115e-07,0.00017460013441450428,0.06509087048470974,0.009247442951185052,0.0052748064044862986,0.011645974150153527,0.0060317880706861615,0.33522509038448334,0.20015798043459654
2288,0.0002772415251517404,6.401720042958914e-05,4.1324868789160973e-05,2.8569165344549674e-07,0.0001547865185784758,0.06507720425724983,0.009246472373180374,0.005266671418212354,0.011640903261858366,0.006026400253176689,0.33493325114250183,0.20000522769987583
2289,0.00027655208945180735,5.74945229345758e-05,3.692321274684218e-05,2.579934648139215e-07,0.00013977976004753145,0.06507806852459908,0.009246533455323001,0.005270947702229023,0.011630555604043417,0.006021019071340561,0.33433806151151657,0.19970806501805782
2290,0.00027586343680102043,5.54576190552325e-05,3.5993439951198525e-05,2.4606012605232763e-07,0.00013331433092389489,0.06502396427094936,0.009242689018434254,0.005270797293633223,0.011645463396333568,0.006025803275406361,0.33519571274518967,0.20010983850806952
2291,0.0002751755679545726,5.368402435124153e-05,3.481627970813861e-05,2.383831692043259e-07,0.00012915499883092707,0.06495355442166328,0.009237683748772527,0.005266614956781268,0.011634621852885694,0.006030372343957424,0.33457187563180923,0.19976271502673626
2292,0.00027448848366679605,4.854647386309807e-05,3.038898546492419e-05,2.2365705110161116e-07,0.00012117642427256214,0.06505894288420677,0.009245174700338352,0.0052683549001812935,0.011640034588769749,0.006024962291121483,0.33488325774669647,0.19997110031545162
2293,0.00027380218469116304,4.334043796916376e-05,2.7628294560599898e-05,1.959945468144042e-07,0.00010618900932968245,0.06510021165013313,0.00924810669785479,0.005272498936392367,0.011637074456629974,0.006022630492225289,0.334712952375412,0.19990658201277256
2294,0.0002731166717802842,3.876242089972948e-05,2.460185760355671e-05,1.7608977120886493e-07,9.54046718106838e-05,0.06510168872773647,0.009248211630180195,0.0052679795771837234,0.011648619558945921,0.006031382130458951,0.33537741005420685,0.20023954939097166
2295,0.00027243194568590926,3.571842967176053e-05,2.2258222884374845e-05,1.6530078994492214e-07,8.95592538654455e-05,0.06512131169438362,0.009249604943858902,0.005272102891467512,0.011639210547348403,0.0060289534740149975,0.33483581244945526,0.19997856207191944
2296,0.0002717480071589233,3.381637577604124e-05,2.1679918290828937e-05,1.5201704695044782e-07,8.236220219259849e-05,0.06506886705756187,0.009245879924312793,0.0052708996227011085,0.011640749658796782,0.006031265598721802,0.3349244073033333,0.19999663718044758
2297,0.0002710648569493496,3.692920063258498e-05,2.291002795118402e-05,1.716622737291118e-07,9.300588635596796e-05,0.06510628014802933,0.009248537630699947,0.005272600566968322,0.011643152072394967,0.006030201562680304,0.3350626528263092,0.20008446648716927
2298,0.0002703824958063458,3.562372467058594e-05,2.24172461003036e-05,1.6325273577422195e-07,8.84496334947471e-05,0.06510821357369423,0.009248675206355153,0.005271137342788279,0.01164393349993499,0.00602947617881,0.33510763943195343,0.20010792650282383
2299,0.0002697009244782047,3.5869704788638046e-05,2.2619691094405425e-05,1.6402815017357852e-07,8.886975729183177e-05,0.06512668170034885,0.009249986350117248,0.00527158088516444,0.011641924209746012,0.006028866511769593,0.3349919840693474,0.20005933288484812
2300,0.00026902014371235264,3.434380596445408e-05,2.1959218088341004e-05,1.548224730640868e-07,8.388215474042227e-05,0.06505100801587105,0.009244610895624792,0.005266837193630636,0.011634704088909948,0.006018030107952654,0.3345766067504883,0.19981380738317966
2301,0.0002683401542553494,3.41671878913985e-05,2.1872472416362143e-05,1.5383294726944996e-07,8.334605035997811e-05,0.06505049578845501,0.00924457449455762,0.0052674784092232585,0.011636914863175194,0.006022827932611108,0.33470378816127777,0.1998771419748664
2302,0.0002676609568528864,3.36283362685208e-05,2.2275625838119595e-05,1.4588371133328337e-07,7.903917230578372e-05,0.06500224582850933,0.009241145264777073,0.005267800879664719,0.011632886631049244,0.006024250644259155,0.33447209000587463,0.19973716791719198
2303,0.0002669825522497874,3.215221920527256e-05,2.106253305100836e-05,1.412173071813072e-07,7.651095984329004e-05,0.06517515331506729,0.009253428422608085,0.005272806389257312,0.011639829404316132,0.006025190814398229,0.33487145602703094,0.20002330467104912
2304,0.0002663049411900059,2.8161594286757463e-05,1.8073727005685214e-05,1.264555145041868e-07,6.851305920463346e-05,0.06506494246423244,0.009245601048058006,0.005267398664727807,0.01163585345630855,0.0060217431746423244,0.334642730653286,0.1998538365587592
2305,0.0002656281244166256,2.9071990979900875e-05,1.8033655351246125e-05,1.3515301056088447e-07,7.32253299702279e-05,0.06501307711005211,0.009241915254848698,0.00526782963424921,0.011636212219534753,0.006025888375006616,0.33466336131095886,0.19983821921050549
2306,0.00026495210267185924,2.8636463525799627e-05,1.8447395632392727e-05,1.2807915039658724e-07,6.939273293937731e-05,0.06508485227823257,0.00924701570483435,0.005272394511848688,0.011641380152854042,0.0060274210991337895,0.3349606841802597,0.20002276822924614
2307,0.0002642768766970473,2.679465274013637e-05,1.7126261525390873e-05,1.2083560019249262e-07,6.546821464326058e-05,0.06504679098725319,0.00924431151718448,0.005266266060061753,0.011633347276532664,0.006019031745381653,0.3344985544681549,0.19977267272770405
2308,0.0002636024472326576,2.8418956617315416e-05,1.81233651801449e-05,1.28464120230376e-07,6.960131781852397e-05,0.0650418158620596,0.009243957622245197,0.005270755966193974,0.011629869780942374,0.0060178827261552215,0.33429862558841705,0.19967022072523832
2309,0.0002629288150182854,2.6807079279933532e-05,1.640265162450305e-05,1.2629258394625253e-07,6.842478842372657e-05,0.06511533260345459,0.00924918055068628,0.005270623369142413,0.011638177170400605,0.006021008943207562,0.3347763791680336,0.1999458558857441
2310,0.0002622559807926507,2.744423363765236e-05,1.6546642768844322e-05,1.3110955521256074e-07,7.103459483914776e-05,0.06512263044714928,0.009249699141556317,0.00527250487357378,0.011639348386521222,0.006026604096405208,0.3348437547683716,0.19998319260776043
2311,0.0002615839452935986,2.6986769398718025e-05,1.6662376538079116e-05,1.2603335886041123e-07,6.828434015915263e-05,0.06501119211316109,0.00924178141660017,0.0052658471977338195,0.01163402445169441,0.006018010783009231,0.3345375135540962,0.19977435283362865
2312,0.0002609127092580986,2.7946782211074606e-05,1.7070747048819612e-05,1.3187795522284773e-07,7.145092104110518e-05,0.06503920257091522,0.009243772060574081,0.00526675651781261,0.011640492294902398,0.006029218784533441,0.3349096029996872,0.1999744027853012
2313,0.00026024227342224334,3.176164796059311e-05,1.794307627278613e-05,1.6064343766331035e-07,8.703593334757898e-05,0.06505389884114265,0.009244816411393393,0.005271587404422462,0.011635969918786267,0.0060235162964090705,0.3346494063735008,0.19985165260732174
2314,0.0002595726385212477,2.8768190531991422e-05,1.7844580213477457e-05,1.337452717464771e-07,7.246262839544215e-05,0.06510545872151852,0.009248479315312148,0.005271601607091725,0.011636072623655078,0.006021521287038922,0.3346553221344948,0.19988039042800665
2315,0.0002589038052894484,3.0575381742892205e-05,1.895189132028463e-05,1.4224792277417464e-07,7.706934047746472e-05,0.06511558778584003,0.009249198643841725,0.005271499860100448,0.011647943544626303,0.006030424498021603,0.3353384807705879,0.20022703427821398
2316,0.00025823577446030345,3.1482557574236125e-05,1.959348594482435e-05,1.4588310737195798e-07,7.903883852122817e-05,0.06503470987081528,0.009243452976307841,0.0052668333519250154,0.011640351969021957,0.006028231349773705,0.33490151911973953,0.1999681144952774
2317,0.0002575685467663904,3.2369524205932976e-05,2.0014567212456313e-05,1.5095973582290867e-07,8.178934763236612e-05,0.0650789812207222,0.009246598668179671,0.005269055487588048,0.01164132140193855,0.006030288874171674,0.3349572941660881,0.20001813769340515
2318,0.0002569021229394063,3.1606121524418995e-05,1.9910317178073456e-05,1.4468430720171455e-07,7.838933652237756e-05,0.06508961133658886,0.00924735394315649,0.0052734187338501215,0.011634461600407991,0.006023183581419289,0.33456265181303024,0.19982613157480955
2319,0.0002562365037101664,3.4351452427472395e-05,2.090541056531947e-05,1.6267313762696745e-07,8.813561680653947e-05,0.06508259288966656,0.009246855088934676,0.005272375768981874,0.011641399840594502,0.006029488053172827,0.33496180176734924,0.2000221973285079
2320,0.000255571689808604,4.080107146364753e-05,2.2276539993981714e-05,2.120710469455389e-07,0.00011489919324958464,0.06501800194382668,0.009242265586969556,0.005265683634206653,0.011635834384489716,0.006024187197908759,0.33464160561561584,0.19982980377972126
2321,0.00025490768196376857,4.061367758367851e-05,2.4779649947959115e-05,1.9186156841044522e-07,0.00010394978380645625,0.06505938433110714,0.00924520667218059,0.005270056310109794,0.011640818256955723,0.006029400508850813,0.33492834120988846,0.1999938627704978
2322,0.00025424448090382706,4.168106579527375e-05,2.6390570951662085e-05,1.8981886729108055e-07,0.00010284304289598367,0.06500338949263096,0.009241226557657758,0.005270747351460159,0.011631206668463925,0.006019508349709213,0.3343754857778549,0.19968943763524294
2323,0.00025358208735605975,4.3984767671645386e-05,2.7403492595112766e-05,2.0360043340161837e-07,0.00011030986161131295,0.06514807045459747,0.009251505526216747,0.005268934648483992,0.01163720825709537,0.006019833264872432,0.3347206488251686,0.19993435963988304
2324,0.00025292050204686297,3.9279826069105184e-05,2.4223993477789918e-05,1.83654346841422e-07,9.950315097739804e-05,0.06510736607015133,0.009248614925065492,0.005274469265714288,0.011637323142949666,0.00602733448613435,0.3347272574901581,0.1999173117801547
2325,0.000252259725701746,4.163874677942658e-05,2.657690436080884e-05,1.8805262680388068e-07,0.00010188611349803978,0.06504623033106327,0.009244271573090644,0.00527028925716877,0.011638778109326902,0.006029097363352776,0.3348109647631645,0.1999285975471139
2326,0.00025159975904533123,4.7349718670375296e-05,2.9681586511287605e-05,2.1783533199482008e-07,0.00011802224616985768,0.0651335809379816,0.009250476383437919,0.00527447834610939,0.011629089441801025,0.006024349830113351,0.3342537581920624,0.199693669565022
2327,0.00025094060280135246,5.2165839861118e-05,3.198155809513992e-05,2.4530086495389014e-07,0.00013290296328705153,0.06504183448851109,0.009243959098065403,0.005271121859550476,0.011643333920670946,0.006022533983923495,0.3350731059908867,0.2000574702396989
2328,0.00025028225769265644,5.265107006380276e-05,3.275292340276792e-05,2.4408397880648636e-07,0.0001322436514783476,0.0651425514370203,0.0092511136632222,0.00527390418574214,0.011645530560959084,0.006032903445884585,0.3351995721459389,0.2001710617914796
2329,0.000249624724441198,4.92535052671883e-05,3.0398626904570847e-05,2.3011073402301463e-07,0.00012467301576180034,0.06504886224865913,0.009244458502092944,0.005265068495646119,0.011647400393586136,0.00603182113263756,0.33530721068382263,0.20017803646624088
2330,0.00024896800376804395,4.464350445232412e-05,2.842212552423007e-05,2.0215922891253513e-07,0.00010952901766358991,0.06511655822396278,0.009249267672837937,0.005270687397569418,0.01163580640201042,0.006018062704242766,0.3346400037407875,0.19987828098237514
2331,0.0002483120963933686,4.4885016677653766e-05,2.673636743111274e-05,2.168337989161273e-07,0.00011747960934371804,0.06511317193508148,0.009249026954104147,0.0052729720482602715,0.011635788580731547,0.006022194284014404,0.33463897556066513,0.1998760737478733
2332,0.0002476570030364548,4.425694123710855e-05,2.583332616268308e-05,2.1770452285352349e-07,0.00011795139789683162,0.06514710560441017,0.009251436710535101,0.005270381807349622,0.011631941359418701,0.006016388186253607,0.33441774547100067,0.19978242553770542
2333,0.000247002724415693,4.3197444938414264e-05,2.3485556766900118e-05,2.2526013854218263e-07,0.0001220449944412394,0.06505188718438148,0.009244673269012078,0.0052665292751044035,0.011636726974637742,0.006023838184773922,0.33469298481941223,0.19987243600189686
2334,0.00024634926124857955,3.9814047568142996e-05,2.53373527812073e-05,1.8036469118243303e-07,9.77208228505333e-05,0.06516359001398087,0.009252607293885003,0.005273696267977357,0.011638433022574004,0.006021856097504497,0.3347911089658737,0.1999773494899273
2335,0.00024569661425171704,3.527946387293923e-05,2.3270421593224455e-05,1.537768277160012e-07,8.331562821695115e-05,0.06503606215119362,0.00924354900776061,0.005267043597996235,0.011636419343594029,0.006020411849021912,0.33467527478933334,0.19985566847026348
2336,0.00024504478414081346,3.214950413621409e-05,2.1342695276871382e-05,1.391239106141029e-07,7.537673718616134e-05,0.06512339599430561,0.009249753221220533,0.005270505324006081,0.011641222649731704,0.006027194205671549,0.33495161682367325,0.20003750640898943
2337,0.0002443937716306795,3.1209997132464196e-05,2.0562217400765803e-05,1.3621576799849322e-07,7.380111401289469e-05,0.06504049710929394,0.009243863956374136,0.005267747212201357,0.011626078803417152,0.006021816981956363,0.33408073335886,0.19956061523407698
2338,0.00024374357743523097,3.0414352863772365e-05,1.8781834569381317e-05,1.4201740050623357e-07,7.694442183492356e-05,0.06502914987504482,0.00924305791839254,0.005268378998152912,0.011632070996748019,0.0060230286326259375,0.3344251736998558,0.1997271617874503
2339,0.00024309420226748533,3.276843426647247e-05,2.010273362884618e-05,1.5399018815642762e-07,8.343123317899881e-05,0.06513344123959541,0.009250466649882683,0.005272708483971655,0.011637919749617564,0.006026693503372371,0.3347615748643875,0.19994750805199146
2340,0.00024244564683956188,3.0168772241268016e-05,1.8986380268870562e-05,1.3824092448544434e-07,7.489833842555527e-05,0.0651514120399952,0.00925174264147357,0.005273694172501564,0.011635020051193165,0.006029101787135005,0.334594763815403,0.1998730879276991
2341,0.0002417979118626811,2.9940819672447105e-05,1.9438134927440842e-05,1.3280200406029508e-07,7.195155603767489e-05,0.06507211923599243,0.009246111085202723,0.0052714437479153275,0.011632981544899834,0.006023861118592322,0.3344775587320328,0.1997748389840126
2342,0.00024115099804716448,3.0023183398952824e-05,1.9636684555734973e-05,1.3209622196086457e-07,7.156917604334012e-05,0.06508044339716434,0.009246702240594968,0.00526875164359808,0.011635748091935114,0.006026101531460881,0.3346366509795189,0.19985854718834162
2343,0.00024050490610243137,2.8887923804177262e-05,1.8441116480971687e-05,1.3044612323653837e-07,7.067515025482862e-05,0.06504413485527039,0.009244122519098577,0.0052672154270112514,0.011639904415046106,0.006027873256243765,0.33487577736377716,0.19995995610952377
2344,0.0002398596367370018,2.8714864356516046e-05,1.7292225891196722e-05,1.3733112336211661e-07,7.440541685355129e-05,0.06509856879711151,0.009247989962931654,0.005272308946587145,0.011633767408086883,0.006025743903592229,0.33452272415161133,0.19981064647436142
2345,0.00023921519065849169,3.031961921351467e-05,1.784000585303147e-05,1.4809656256886683e-07,8.023807049539755e-05,0.06504120863974094,0.009243914429802826,0.005268874112516642,0.011631498486135554,0.006019844673573971,0.3343922570347786,0.19971673283725977
2346,0.00023857156857361606,2.8591252998921846e-05,1.7560316450726532e-05,1.3421106315192333e-07,7.271499862326891e-05,0.06503012962639332,0.009243127682026585,0.005266878986731172,0.011638900481383671,0.0060221521416679025,0.3348180055618286,0.19992406759411097
2347,0.00023792877118818502,2.8248588364476745e-05,1.845725978455448e-05,1.2442677288504456e-07,6.741389938724751e-05,0.06507209688425064,0.009246109314630636,0.00526884978171438,0.011633167773944438,0.006021348177455366,0.33448825776576996,0.1997801773250103
2348,0.00023728679920710487,2.694361091926112e-05,1.8063082166008826e-05,1.1529385890440835e-07,6.24657220669178e-05,0.06509575620293617,0.009247790025137207,0.0052682580426335335,0.011639029416066827,0.006024591042660177,0.33482542634010315,0.19996059127151966
2349,0.0002366456533343763,2.567363446814852e-05,1.6983882062504563e-05,1.1154138812585757e-07,6.043264215804811e-05,0.06498431973159313,0.009239871353263618,0.005266229854896665,0.01163366499557839,0.006022622575983405,0.33451685309410095,0.19975058641284704
2350,0.0002360053342730951,2.47960641672762e-05,1.612334108358482e-05,1.0979591325011029e-07,5.948695365987078e-05,0.06509111449122429,0.009247460457635703,0.005273114191368222,0.011638165760856859,0.006025743205100298,0.33477573096752167,0.19993342272937298
2351,0.0002353658427254487,2.471932248226949e-05,1.6813002787330333e-05,1.0399600203214732e-07,5.634459967041039e-05,0.06504518911242485,0.009244197390744181,0.005267501343041658,0.011634679543237329,0.006021462148055434,0.33457519114017487,0.19981019012629986
2352,0.00023472717939271867,2.4622085902592517e-05,1.6732361473259516e-05,1.0369403646848241e-07,5.6180981346187764e-05,0.0651244018226862,0.009249824605893162,0.005273006740026176,0.01164025117711739,0.006029737531207502,0.33489571511745453,0.20001005847007036
2353,0.00023408934497527734,2.707755754727259e-05,1.7230480466423614e-05,1.2267696103407388e-07,6.646586280112388e-05,0.06506128422915936,0.009245340952710632,0.005269108107313514,0.011635780139063606,0.006025164038874209,0.3346385136246681,0.19984989892691374
2354,0.0002334523401725885,2.4448652879982546e-05,1.4950647994282917e-05,1.1524762433268165e-07,6.244067026273115e-05,0.06511299312114716,0.00924901436733133,0.005270844558253884,0.011640609961068357,0.006029748823493719,0.3349163681268692,0.20001468062400818
2355,0.00023281616568320593,2.453307411087735e-05,1.4947908084650408e-05,1.1604694316602604e-07,6.287373594204837e-05,0.06506062485277653,0.009245293930153515,0.005268523818813264,0.011630926729304719,0.006016880506649613,0.33435938507318497,0.19971000496298075
2356,0.00023218082220477298,2.3014662815512565e-05,1.4793196896789595e-05,1.0317638521328831e-07,5.5900524557728204e-05,0.0650855079293251,0.009247062030151099,0.005270510446280241,0.011634952513217334,0.006023933761753142,0.3345908895134926,0.19983819872140884
2357,0.0002315463104340215,2.1889812501285633e-05,1.37847507630795e-05,1.0024083341164669e-07,5.4310057748807594e-05,0.06507588550448418,0.009246378536059235,0.005269130109809339,0.011639098493212506,0.006025227019563317,0.3348293900489807,0.19995263777673244
2358,0.0002309126310667718,2.1132190340722445e-05,1.3716119440232433e-05,9.375575205083919e-08,5.079647166894574e-05,0.06509728915989399,0.009247898796554141,0.005270128487609327,0.011641487653761579,0.006029223091900349,0.33496686071157455,0.20003207493573427
2359,0.00023027978479793086,2.017285044075834e-05,1.3286596583839128e-05,8.807353113482463e-08,4.7717862344143214e-05,0.06508181430399418,0.009246799615311965,0.005268820677883923,0.011634369981902206,0.006019897293299437,0.3345573842525482,0.1998195992782712
2360,0.0002296477723214921,2.1284190097503597e-05,1.3491305765001016e-05,9.681827339846905e-08,5.245572560852452e-05,0.06510725617408752,0.009248606566291208,0.005271119298413396,0.01164163437214823,0.006025774287991226,0.33497529476881027,0.2000412754714489
2361,0.0002290165943305349,2.3075495164448512e-05,1.4185480495143565e-05,1.0822444718172619e-07,5.863555088581052e-05,0.06515081599354744,0.009251699976904743,0.005271570640616119,0.011638478034469863,0.006026270100846887,0.33479369431734085,0.19997225515544415
2362,0.00022838625151722308,2.425117634174967e-05,1.552077912947425e-05,1.0921601667490677e-07,5.917276416766981e-05,0.0650625191628933,0.009245429193139889,0.005267806234769523,0.011641320464421538,0.006024524569511414,0.33495722711086273,0.200009873136878
2363,0.00022775674457280474,2.5319062956441485e-05,1.6390793803111592e-05,1.1264789190335023e-07,6.103213695496379e-05,0.06511655449867249,0.009249267377843323,0.005270098568871617,0.011641991551033532,0.006029794691130519,0.334995873272419,0.20005621388554573
2364,0.0002271280741876119,2.4956781430773844e-05,1.5268754452790745e-05,1.175883812543077e-07,6.370888741003e-05,0.06515916623175144,0.009252293134392155,0.005273220827803016,0.011635748248262783,0.0060261090984568,0.3346366658806801,0.19989791605621576
2365,0.00022650024105105843,2.495453168194217e-05,1.5788122027515783e-05,1.1373322728047697e-07,6.162016802591097e-05,0.0651034340262413,0.009248335541233822,0.005270789028145373,0.011637222950043389,0.006027361145243049,0.33472147583961487,0.19991245493292809
2366,0.00022587324585164029,2.5309550551355642e-05,1.656810741224035e-05,1.112509977474474e-07,6.027532117514056e-05,0.06511909142136574,0.009249447322810437,0.005270388093777001,0.011636904546578807,0.006025438429787755,0.3347031846642494,0.19991113804280758
2367,0.00022524708927693462,2.4958108042483218e-05,1.664492992858868e-05,1.0744052358901968e-07,5.821081981594034e-05,0.06508026085793972,0.009246689158862936,0.005268340464681387,0.01163075860618031,0.0060210832161828876,0.33434972912073135,0.19971499498933554
2368,0.00022462177201359898,2.8638776029765722e-05,1.7497294606982905e-05,1.351149379047456e-07,7.320469785554451e-05,0.0650917049497366,0.009247502453311988,0.005269314860925078,0.011645511973578231,0.006032004486769438,0.3351984992623329,0.20014510210603476
2369,0.00022399729474737037,2.886662491619063e-05,1.796999015368783e-05,1.3372782037279762e-07,7.245316191983875e-05,0.06509548425674438,0.009247770552361543,0.005265194457024336,0.011640090220793457,0.006027888506650925,0.33488645404577255,0.19999096915125847
2370,0.00022337365816306432,2.8484291192398814e-05,1.8316052774025593e-05,1.2764447365753995e-07,6.915724270584178e-05,0.06504541449248791,0.00924421352594712,0.005270274821668863,0.0116399041025024,0.006027841242030263,0.3348757475614548,0.19996058102697134
2371,0.0002227508629445754,3.1945752880346845e-05,2.0633824874494167e-05,1.4247705415471046e-07,7.719346285739448e-05,0.06509064137935638,0.009247426821616915,0.00527097366284579,0.01163696097512301,0.006025170441716909,0.3347064107656479,0.19989852607250214
2372,0.00022212890977487483,2.8980388037780358e-05,1.8490552406547067e-05,1.3093444062306503e-07,7.093972726579523e-05,0.06506312265992165,0.00924547178827425,0.005269391345791519,0.01164063511928416,0.006028153817169368,0.3349177986383438,0.19999046064913273
2373,0.00022150779933601022,2.6199614239885705e-05,1.6744805634516524e-05,1.1816047518209416e-07,6.401884661499935e-05,0.06511463597416878,0.009249131089325277,0.005271265399642289,0.011641536403845975,0.006027966272085905,0.3349696770310402,0.20004215650260448
2374,0.00022088753230910555,2.5917106540873647e-05,1.673841694582734e-05,1.1560051227377244e-07,6.26318646936852e-05,0.06505810096859932,0.00924511449459991,0.00526881858240813,0.011641008579571649,0.006027544965036213,0.33493930101394653,0.19999870099127293
2375,0.00022026810937435948,2.5141720470855944e-05,1.5869036985804996e-05,1.1486332018861845e-07,6.223245304681768e-05,0.0651051215827465,0.00924845502532039,0.005267939413897693,0.01163566555063188,0.00602287077344954,0.33463190495967865,0.19986851327121258
2376,0.0002196495312110452,2.382793491051416e-05,1.5422317460433987e-05,1.0603702538247717e-07,5.745040357396647e-05,0.06513180397450924,0.009250350731301217,0.005275410949252546,0.011645397793302124,0.006032300880178809,0.335191935300827,0.20016186963766813
2377,0.00021903179849750999,2.182418620577664e-05,1.3892134234083642e-05,9.884240936841593e-08,5.355239318305394e-05,0.06509959883987904,0.009248063131413024,0.0052725052228197455,0.01163646670804965,0.006028958479873836,0.33467797935009,0.19988878909498453
2378,0.00021841491191117277,2.2009497229191766e-05,1.4030400620868022e-05,9.953174240351359e-08,5.392588218455785e-05,0.06508743390440941,0.00924719903763844,0.005269612418487668,0.011638206553831633,0.0060261235339567065,0.3347781077027321,0.19993277080357075
2379,0.00021779887212852581,2.0979885675842525e-05,1.2954643864304671e-05,9.797207134454311e-08,5.308085042088351e-05,0.06503712944686413,0.00924362506475036,0.005265676765702665,0.01163975814367491,0.006025924580171704,0.33486735075712204,0.19995224010199308
2380,0.0002171836798251323,2.0106696752009157e-05,1.2933505900036835e-05,9.006985912662913e-08,4.879945777247485e-05,0.06510920263826847,0.009248745124291968,0.005269898800179362,0.011643143323609051,0.0060269603272899985,0.3350621461868286,0.20008567441254854
2381,0.00021656933567562576,1.9439722564129625e-05,1.2271879029412958e-05,8.879930835092864e-08,4.811109488400689e-05,0.06508681178092957,0.009247154680088373,0.005268928594887257,0.011639645157158738,0.006025117472745478,0.3348608538508415,0.19997383281588554
2382,0.00021595584035370973,1.91888445897348e-05,1.226252749120249e-05,8.655312555561068e-08,4.6894112983864034e-05,0.0650964081287384,0.009247836248228386,0.00526919832918793,0.011640200390168137,0.006026406539604068,0.33489279448986053,0.19999460130929947
2383,0.00021534319453215785,1.9371803205103788e-05,1.1998978038718633e-05,9.018733049259708e-08,4.886310216534184e-05,0.06504347547888756,0.009244075588730326,0.00526857003569603,0.011639297126792729,0.006025673821568489,0.3348408192396164,0.19994214735925198
2384,0.00021473139888281037,1.9007579226126836e-05,1.2240717410350044e-05,8.504130821762601e-08,4.6075024556557764e-05,0.06506371684372425,0.009245514088098,0.005271437577903271,0.011640967015127998,0.006026886054314673,0.3349369019269943,0.2000003093853593
2385,0.00021412045407657695,1.92077998235618e-05,1.2485730849221e-05,8.508015891806053e-08,4.609607185557252e-05,0.06515284068882465,0.009251844091916206,0.005272266920655966,0.011644967147084392,0.0060323067009449005,0.33516713976860046,0.20015999022871256
2386,0.00021351036078343317,1.8525675614000647e-05,1.1631388076693838e-05,8.509262539035944e-08,4.610282303474378e-05,0.0650979746133089,0.009247947576086907,0.005270553636364639,0.011636826233935272,0.006024212227202952,0.3346986621618271,0.199898318387568
2387,0.0002129011196724212,1.8880761899708887e-05,1.1920960957922944e-05,8.62316804628449e-08,4.67199624836212e-05,0.06511087529361248,0.009248863718064784,0.005270179477520287,0.011645013383350047,0.006029779557138681,0.33516980707645416,0.20014034118503332
2388,0.0002122927314116487,1.9331447447257233e-05,1.206280472842991e-05,8.934365647306208e-08,4.840601718569815e-05,0.06506923772394657,0.009245905991680983,0.005267508095130324,0.01163704632082233,0.006024549948051572,0.33471133559942245,0.1998902866616845
2389,0.00021168519666828786,1.8139952544515836e-05,1.157643282567733e-05,8.193867939709776e-08,4.439402937350678e-05,0.06509069539606571,0.009247430558958377,0.005270759225822985,0.011638927518714372,0.00602623843587935,0.334819532930851,0.19995511416345835
2390,0.00021107851610857478,1.7435758877581975e-05,1.1479482054710388e-05,7.615575414732234e-08,4.1260865600634133e-05,0.06512316688895226,0.00924973680070137,0.005270142224617302,0.011634862930991748,0.006021074368618429,0.3345857411623001,0.19985445402562618
2391,0.00021047269039780984,1.837283980421489e-05,1.210806271956244e-05,8.016293451262868e-08,4.343194450484589e-05,0.06507260538637638,0.009246145316196427,0.0052690086886286736,0.011635492493385144,0.0060222550528123975,0.33462194353342056,0.19984727445989847
2392,0.00020986772020035435,1.7131229810729565e-05,1.1265283660577552e-05,7.492679721110562e-08,4.0595012478661374e-05,0.06510253995656967,0.009248271815756454,0.005272938637062907,0.01163634274720171,0.006023088702932,0.33467086404561996,0.19988670200109482
2393,0.00020926360617963286,1.720881840583388e-05,1.152870532905581e-05,7.369800880674404e-08,3.992926849605283e-05,0.06507961638271809,0.00924664371691312,0.005269892979413271,0.011634733168429605,0.0060228543588891625,0.3345782905817032,0.19982895348221064
2394,0.00020866034899813025,1.8132365539713646e-05,1.1796242745276686e-05,8.024582687227166e-08,4.347685398897738e-05,0.06514240242540836,0.009251102848905209,0.00527359580155462,0.01163686343641448,0.006023907451890409,0.3347008153796196,0.19992160890251398
2395,0.00020805794931739216,1.772136437239169e-05,1.1465874990790326e-05,7.889194253429821e-08,4.274332036402484e-05,0.06511071510612965,0.009248852704445127,0.005269929417409003,0.011638373631611694,0.006024469621479511,0.33478768914937973,0.1999492021277547
2396,0.00020745640779802323,1.819689202875452e-05,1.1705412305218488e-05,8.151192787408945e-08,4.416281012709078e-05,0.06510692462325096,0.009248583358360653,0.005271252477541566,0.011635374619134595,0.006024108966812491,0.33461518585681915,0.19986105524003506
2397,0.0002068557250996884,1.9113398138870252e-05,1.1840782349281653e-05,8.897052694578633e-08,4.820385856874054e-05,0.0651191808283329,0.009249453812563518,0.005271806963719428,0.011641504372563524,0.00602845405228436,0.33496782183647156,0.20004350133240223
2398,0.00020625590188110877,2.0425239313226484e-05,1.329185869280991e-05,9.036387194072404e-08,4.895875872534816e-05,0.06515088118612766,0.009251704892187677,0.005273435497656465,0.011639715168296622,0.006024496629834175,0.33486486226320267,0.20000787172466516
2399,0.00020565693880006484,2.1693202143069357e-05,1.4269358473484317e-05,9.484861784869736e-08,5.138857500242011e-05,0.06507507711648941,0.009246321289045935,0.005269726039841771,0.01163617048163649,0.00602255982812494,0.33466093987226486,0.19986800849437714
2400,0.00020505883651339294,2.1714300146413734e-05,1.4720120930178382e-05,9.171541437424935e-08,4.969101610186044e-05,0.06508842296898365,0.00924726906508925,0.005269021145068109,0.011636120927458023,0.006022826069965959,0.33465809375047684,0.19987325835973024
2401,0.0002044615956769854,2.321870613286592e-05,1.5504302666613512e-05,9.980941850784575e-08,5.407631761045195e-05,0.06516277231276035,0.009252549004146784,0.005273058544844389,0.011639305878469671,0.006027447176165879,0.334841325879097,0.20000204909592867
2402,0.00020386521694579007,2.5531724759275676e-05,1.662819215653144e-05,1.1285774226266199e-07,6.114585357863689e-05,0.06508499383926392,0.00924702534366672,0.005267434986308217,0.01163797867400301,0.006024552742019296,0.3347649425268173,0.19992496818304062
2403,0.0002032697009738094,2.5004257508953742e-05,1.6397641502408078e-05,1.0969210517686179e-07,5.943071892033913e-05,0.06513174809515476,0.009250346405219169,0.005272716283798218,0.011645004792165924,0.006028964649885893,0.33516930788755417,0.20015052799135447
2404,0.00020267504841409942,2.540787113503029e-05,1.6282610374673823e-05,1.1426614054954598e-07,6.190891190271941e-05,0.06510337255895138,0.009248331115867637,0.005270835128612816,0.011638449589472586,0.006024425500072539,0.3347920775413513,0.19994772505015135
2405,0.0002020812599187699,2.8416857617230562e-05,1.761416393719628e-05,1.3220411521075448e-07,7.162763154155982e-05,0.06510068476200104,0.009248140134713782,0.005274341208860278,0.011640266491292451,0.00603202055208385,0.33489661663770676,0.1999986506998539
2406,0.0002014883361389827,3.30793301372978e-05,1.9712879634425917e-05,1.5973759293075318e-07,8.654512794237235e-05,0.0651547908782959,0.009251982601431674,0.005272244103252888,0.011641523435093453,0.006028088042512536,0.3349689096212387,0.2000618502497673
2407,0.00020089627772495132,3.416351171381393e-05,2.0942567402926215e-05,1.6066439822992606e-07,8.704728406883078e-05,0.06509812735021114,0.00924795839409359,0.005272660870105028,0.011632676785816974,0.006021432462148368,0.3344600275158882,0.19977907743304968
2408,0.00020030508532594055,3.370229455867957e-05,2.1057419189673965e-05,1.5556009014261463e-07,8.42817939883389e-05,0.06513926386833191,0.009250879972848217,0.005273468210361898,0.011647493471295853,0.006033147918060422,0.335312582552433,0.20022592321038246
2409,0.00019971475959026512,3.706432141825644e-05,2.156065841063537e-05,1.8287143532802475e-07,9.907897037919611e-05,0.06502360105514526,0.009242663040394939,0.005265305284410715,0.011639430589151118,0.006022934103384614,0.3348485082387924,0.19993605464696884
2410,0.00019912530116528973,3.917328899660788e-05,2.167223829019349e-05,2.01510433228691e-07,0.0001091774875021656,0.06515119224786758,0.009251727109233962,0.0052729969611391425,0.011637296101891464,0.0060239051235839725,0.3347257152199745,0.19993845373392105
2411,0.00019853671069742764,3.885914770762611e-05,2.3913103632366983e-05,1.8206736296377812e-07,9.864332059805747e-05,0.06504902429878712,0.009244470308008294,0.005268259556032717,0.011629593563452823,0.006015461520291865,0.334282748401165,0.19966588634997606
2412,0.00019794898883214077,3.8481860883621266e-05,2.4029479618548066e-05,1.7772632610046912e-07,9.629138412492466e-05,0.06506776064634323,0.009245801033188455,0.005270875641144812,0.011643509048499487,0.0060265049105510116,0.3350831940770149,0.20007547736167908
2413,0.00019736213621393805,3.48895493971213e-05,2.259540599425236e-05,1.5516197393594666e-07,8.406611914324458e-05,0.0650829654186964,0.009246881743695302,0.005266106454655528,0.011635183266349594,0.006020865635946393,0.3346041589975357,0.19984356220811605
2414,0.00019677615348637532,3.251981445373531e-05,2.1077103838251787e-05,1.4450216045958086e-07,7.82906536187511e-05,0.0650657620280981,0.009245659184860148,0.005269261077046394,0.011640815444282894,0.006027936935424805,0.3349281996488571,0.1999969808384776
2415,0.00019619104129205454,3.0437664804594533e-05,2.0081564571228228e-05,1.3263679488062508e-07,7.186206516962557e-05,0.06506339088082314,0.009245490774033032,0.005273846792988479,0.011635816719580451,0.006023285677656531,0.33464061468839645,0.1998520027846098
2416,0.00019560680027262277,2.9502169127226807e-05,1.9151042010889796e-05,1.3087344674644896e-07,7.090667691045383e-05,0.06514866277575493,0.009251547208609276,0.0052738802041858435,0.01163773625373161,0.0060268735978752375,0.3347510099411011,0.199949836358428
2417,0.000195023431068772,3.031867970548774e-05,1.8999401845576358e-05,1.3952820721030434e-07,7.559578898508335e-05,0.06508037261664867,0.009246696929217276,0.0052688600262627006,0.011636767616342242,0.006024561123922467,0.3346953019499779,0.19988783728331327
2418,0.0001944409343202383,3.076415475788963e-05,2.019253508933616e-05,1.3483056182650444e-07,7.305062990781153e-05,0.06515248119831085,0.009251818336192139,0.005272751208394766,0.011638795769741486,0.006025527836754918,0.3348119705915451,0.19998222589492798
2419,0.00019385931066580065,2.7713544454854855e-05,1.792738936501337e-05,1.2340107602426542e-07,6.685816310891823e-05,0.06505755707621574,0.009245076521497893,0.005269810208119452,0.011638756541704605,0.006028706673532724,0.33480972796678543,0.1999336425215006
2420,0.00019327856074328076,2.5898186663653178e-05,1.6462093014979473e-05,1.1746597650130752e-07,6.36425579614297e-05,0.06504432670772076,0.009244136293165625,0.005267513217404485,0.011641050143866894,0.006028468022122979,0.33494170010089874,0.19999301340430975
2421,0.00019269868518954208,2.274914675126638e-05,1.4652291383754346e-05,1.0176633269409763e-07,5.513656719813298e-05,0.06511345505714417,0.009249047112571799,0.00527138530742377,0.011640664965295752,0.006026783608831465,0.3349195271730423,0.20001649111509323
2422,0.0001921196846404892,2.125865421476192e-05,1.3920378421516943e-05,9.341482076763441e-08,5.061175488663139e-05,0.06509331241250038,0.009247616342265749,0.005271378671750426,0.011638120122570022,0.006027937633916736,0.33477310836315155,0.19993321038782597
2423,0.00019154155973106698,1.9884047333107446e-05,1.2563913742269506e-05,9.074373830131321e-08,4.916458055959083e-05,0.06508447602391243,0.009246988853748334,0.005273938761092722,0.011637812059452605,0.0060256063006818295,0.33475539088249207,0.19991993345320225
2424,0.000190964311095261,1.8719985177995113e-05,1.2165258453933347e-05,8.294433895272846e-08,4.4938891051060637e-05,0.06509500369429588,0.009247736720775009,0.00526995025575161,0.011640172418184535,0.00602701329626143,0.3348911702632904,0.19999308697879314
2425,0.00019038793936609422,1.7986913803724747e-05,1.141852010277944e-05,8.169219656295468e-08,4.4260486220082385e-05,0.06507820822298527,0.00924654338973961,0.005270106950774789,0.011634863869029097,0.006025979528203607,0.3345857933163643,0.19983200076967478
2426,0.00018981244517562968,1.7602062598598422e-05,1.0913225025888096e-05,8.18710765848607e-08,4.435741084307665e-05,0.06514407508075237,0.009251221707386056,0.005272311042062938,0.011635391190387845,0.0060259063029661775,0.33461613208055496,0.19988010358065367
2427,0.000189237829154967,1.82692720045452e-05,1.1486054972920101e-05,8.379937099789458e-08,4.540213899417722e-05,0.06512453034520149,0.009249834045147476,0.0052733225747942924,0.011640076000273366,0.006025959155522287,0.3348856344819069,0.2000050824135542
2428,0.00018866409193424316,1.793291903595673e-05,1.1057799781610811e-05,8.385705507762964e-08,4.54333951438457e-05,0.06509044393897057,0.009247412757397348,0.005270864814519882,0.011638416924527318,0.006024887436069548,0.3347901999950409,0.19994032196700573
2429,0.00018809123414263116,1.8963807292493584e-05,1.1834911902042222e-05,8.763335923589466e-08,4.7479386694249115e-05,0.06506602838635445,0.009245678170234117,0.005268817767500877,0.011640880604362271,0.006024702335707843,0.3349319323897362,0.1999989803880453
2430,0.0001875192564083405,2.0130115899519296e-05,1.1951335295634635e-05,9.753718321903193e-08,5.284523581394751e-05,0.06510685011744499,0.009248577949724402,0.0052706480491906404,0.011635869088923625,0.006023084046319127,0.3346436396241188,0.1998752448707819
2431,0.00018694815935861375,2.1433058805087057e-05,1.2714579042949481e-05,1.0392656246693832e-07,5.63069761483348e-05,0.06505326926708221,0.00924477164889377,0.005270054098218679,0.011632971068450229,0.00602155236992985,0.3344769552350044,0.19976511225104332
2432,0.00018637794361973004,2.0959703988410183e-05,1.279023445022176e-05,9.899964270587702e-08,5.363757895793242e-05,0.06510725617408752,0.009248606959645462,0.005271483911201358,0.011638671052257825,0.006026184419170022,0.33480478823184967,0.1999560222029686
2433,0.00018580860981699983,2.1340322405194456e-05,1.2988138564651308e-05,1.0105108749769443e-07,5.474905560731713e-05,0.06514924764633179,0.009251588890814011,0.005271831760182977,0.011643480147121398,0.006028204457834363,0.3350815400481224,0.2001153938472271
2434,0.00018524015857476815,2.1308953591869795e-05,1.4043106489225465e-05,9.297292624665943e-08,5.037234109295241e-05,0.06512715108692646,0.009250019681858153,0.005270348279736936,0.011642856484772635,0.006030511809512973,0.3350456431508064,0.20008639711886644
2435,0.00018467259051641114,2.0903049744447344e-05,1.3868921712401061e-05,9.051300242646221e-08,4.903955959889572e-05,0.06510309688746929,0.009248311742572967,0.005270744324661791,0.011641207805577553,0.006026936578564346,0.3349507600069046,0.20002692844718695
2436,0.0001841059062643369,2.01027876300941e-05,1.2782600435912173e-05,9.114788079855884e-08,4.938353413308505e-05,0.06511289067566395,0.009249007090595483,0.005270310677587986,0.011641154366465884,0.006028388044796884,0.3349476754665375,0.2000302830711007
2437,0.00018354010643998394,1.9799452957158792e-05,1.2620904612958839e-05,8.954231667246404e-08,4.851364519709023e-05,0.0651433952152729,0.009251173534984804,0.005270959227345884,0.011641477653719035,0.006026507588103414,0.3349663019180298,0.20005484856665134
2438,0.00018297519166382185,1.9031736883334816e-05,1.2306610244650074e-05,8.477778123960888e-08,4.59322395727213e-05,0.0651217382401228,0.009249635720456367,0.005270091001875699,0.011645055870567442,0.00603025290183723,0.33517225831747055,0.20014699827879667
2439,0.00018241116255534798,1.7856031945484574e-05,1.1262326154337643e-05,8.163750608858322e-08,4.423085215421452e-05,0.06510614603757858,0.009248528190122483,0.005272586597129703,0.011639128812011242,0.006026980234310031,0.3348311558365822,0.19996865093708038
2440,0.00018184801973309013,1.716713416044513e-05,1.1238742843033833e-05,7.54540865344211e-08,4.0880696587919374e-05,0.06514411605894566,0.00925122455839786,0.0052741700783371925,0.011641993425959398,0.006027654744684696,0.33499597012996674,0.2000700430944562
2441,0.00018128576381460314,1.6272422101337725e-05,9.911871643453196e-06,7.69932766431225e-08,4.1714624103406095e-05,0.06509281881153584,0.009247581526620445,0.005270169349387288,0.011635355546530885,0.006024366826750338,0.3346140906214714,0.19985345471650362
2442,0.00018072439541646964,1.508405620143094e-05,9.378729487252713e-06,6.996244961143816e-08,3.7905361750745215e-05,0.06508071906864643,0.00924672161726179,0.005269698682241142,0.011636823420297553,0.006021759822033346,0.33469851315021515,0.1998896161094308
2443,0.00018016391515429864,1.542591093084411e-05,9.661940623573173e-06,7.102638077682855e-08,3.848179039778188e-05,0.06512287445366383,0.009249715955449425,0.0052708585280925035,0.011638877507417475,0.006023278343491256,0.33481667935848236,0.1999697769060731
2444,0.00017960432364272632,1.541524278536599e-05,9.667952042491379e-06,7.088354880835368e-08,3.840440388103161e-05,0.06512613035738468,0.00924994761042085,0.005271279835142195,0.011638666207316078,0.0060235613491386175,0.3348045274615288,0.19996532890945673
2445,0.00017904562149541217,1.5528914047990838e-05,9.759891725025227e-06,7.125379486438987e-08,3.8605001236646785e-05,0.06513491086661816,0.009250570768896916,0.005272259353660047,0.01163902613411079,0.0060261854669079185,0.33482523262500763,0.1999800717458129
2446,0.00017848780932504265,1.5389422287626076e-05,1.0017398324180249e-05,6.806534869063796e-08,3.68775160950463e-05,0.06515030935406685,0.00925166429187234,0.005271890549920499,0.011644278579890347,0.0060283023631200194,0.33512749522924423,0.20013890229165554
2447,0.00017793088774332636,1.4698722623052163e-05,9.628661473470856e-06,6.456115952957475e-08,3.497896568660508e-05,0.06509826518595219,0.009247968130288784,0.005271646310575306,0.01163488700725977,0.006023228634148836,0.33458713442087173,0.19984269980341196
2448,0.0001773748573609967,1.4444855537476542e-05,9.285867065500497e-06,6.474913583076614e-08,3.5080808743259695e-05,0.06510810554027557,0.00924866714264912,0.005270204273983836,0.01163735971861628,0.006025957292877138,0.334729366004467,0.1999187357723713
2449,0.000176819718787809,1.3875128217932797e-05,8.964089744267767e-06,6.186700618471264e-08,3.35192811462548e-05,0.0651029497385025,0.009248301023321422,0.005270045017823577,0.011638675740909207,0.0060270659159868956,0.33480507135391235,0.19995401054620743
2450,0.00017626547263254063,1.480526003660998e-05,9.355011968636973e-06,6.75646556480558e-08,3.6606250432669185e-05,0.06512721627950668,0.009250024794680942,0.005272402078844607,0.011639803931812463,0.006028931704349816,0.33486999571323395,0.19999860599637032
2451,0.00017571211950299042,1.4703138049299014e-05,9.50448861658515e-06,6.551866360560155e-08,3.549773373379139e-05,0.06509902514517307,0.009248022515109767,0.005271063302643597,0.011638105899642683,0.006026806542649865,0.3347722962498665,0.19993566069751978
2452,0.00017515966000597856,1.4083677740472922e-05,9.090793525956542e-06,6.285617315526792e-08,3.4055213859573996e-05,0.06510188989341259,0.009248225791527493,0.005270717898383737,0.01163596007032656,0.006023837951943278,0.33464883267879486,0.19987536128610373
2453,0.00017460809474734363,1.4644921805029298e-05,9.559506850109756e-06,6.45752238348507e-08,3.498658054468251e-05,0.06511578522622585,0.009249212902009939,0.005274115479551256,0.011640198358685558,0.00602758617606014,0.3348926603794098,0.20000422280281782
2454,0.00017405742433194526,1.4793860771078471e-05,9.50313682324122e-06,6.636588190112036e-08,3.595675650558405e-05,0.06510324589908123,0.009248321970104143,0.005268325912766159,0.011639153192018916,0.006027084193192422,0.3348325341939926,0.19996789004653692
2455,0.00017350764936366092,1.519584469633628e-05,9.46962580883337e-06,7.032303717124933e-08,3.810071962107031e-05,0.06513296626508236,0.009250432631518275,0.005271725822240114,0.01163939730184432,0.006028159172274172,0.3348465636372566,0.1999897649511695
2456,0.00017295877044538617,1.4232932130653353e-05,8.965171105046466e-06,6.516103656650785e-08,3.530397475515201e-05,0.06510100699961185,0.00924816304872675,0.005269745015539229,0.011640253052323581,0.006024300004355609,0.3348958194255829,0.19999841321259737
2457,0.00017241078817903415,1.4685908581668627e-05,8.733836835972397e-06,7.104927135515027e-08,3.849419408652466e-05,0.06509670615196228,0.009247857589449973,0.005270933383144438,0.011632204698390864,0.006021112902089953,0.3344328850507736,0.19976479560136795
2458,0.00017186370316553444,1.5398206357986055e-05,9.245070998531446e-06,7.384839628699069e-08,4.001074580628483e-05,0.065117496997118,0.009249334439710238,0.0052714969497174025,0.01163701615290856,0.0060240732273086905,0.3347095921635628,0.19991354458034039
2459,0.00017131751600483292,1.4262811760090699e-05,8.896652730072674e-06,6.594264778669867e-08,3.5727446629607584e-05,0.06512774154543877,0.00925006186256164,0.0052711982280015945,0.011635940686032306,0.006024712114594877,0.3346477225422859,0.19988773204386234
2460,0.0001707722272958909,1.4673478915483429e-05,9.117915851675207e-06,6.809896824222506e-08,3.689572906750982e-05,0.06515161879360676,0.00925175679741607,0.005274061230011284,0.011641019361301588,0.0060293442802503705,0.3349399194121361,0.20004576910287142
2461,0.0001702278376366843,1.4378595892594603e-05,9.204029396414626e-06,6.474185654248288e-08,3.50768606267593e-05,0.06510238163173199,0.009248260703089668,0.005269678076729178,0.011639605463156896,0.006026105489581823,0.33485855907201767,0.19998047035187483
2462,0.00016968434762420305,1.4861510123864718e-05,9.504736908638733e-06,6.697837950930818e-08,3.628860201843054e-05,0.06515347212553024,0.009251889016805284,0.005272746551781893,0.011640545268263755,0.006028154399245977,0.33491264283657074,0.2000330574810505
2463,0.0001691417578544505,1.4614043038818636e-05,9.621038145724015e-06,6.383597495052129e-08,3.458606204276293e-05,0.06511241011321545,0.009248972870193375,0.0052711599273607135,0.011637021311158428,0.0060247963992878795,0.33470989018678665,0.19991115015000105
2464,0.00016860006892244298,1.4208837228579796e-05,9.083605164050823e-06,6.406430030914123e-08,3.470976469088782e-05,0.06513729505240917,0.009250740070401015,0.0052722550462931395,0.011642121232694067,0.006029452662914991,0.3350033164024353,0.20007030572742224
2465,0.0001680592814222087,1.4492868558590999e-05,9.310450650446e-06,6.501073213094344e-08,3.522253814480791e-05,0.0651441365480423,0.009251226033058793,0.005270902649499476,0.011638804209222179,0.006024274276569486,0.3348124623298645,0.1999782994389534
2466,0.0001675193959467876,1.43790042557157e-05,9.034831180088077e-06,6.599478918900559e-08,3.575569473923679e-05,0.06509699113667011,0.009247878045505541,0.005270339199341834,0.011636266462946607,0.006024675909429789,0.3346664607524872,0.19988172594457865
2467,0.00016698041308823035,1.4966137314331718e-05,9.179487705068823e-06,7.03452176509245e-08,3.8112732909212355e-05,0.065101882442832,0.009248225496499646,0.005268699838779867,0.011637568385284798,0.006024905247613788,0.33474135398864746,0.19992161821573973
2468,0.0001664423334375975,1.503152856230372e-05,9.35022040948752e-06,6.968816967933833e-08,3.775675907036202e-05,0.06513307802379131,0.009250440890323446,0.005272857611998916,0.011635584415712028,0.006023245514370501,0.3346272259950638,0.19988015200942755
2469,0.0001659051575849596,1.595996502601338e-05,9.996424012115313e-06,7.348549990737752e-08,3.9814128513171454e-05,0.06514102406799793,0.009251004831291937,0.005270615220069885,0.011635603018951732,0.006024057511240244,0.33462831377983093,0.19988466892391443
2470,0.0001653688861193958,1.6471373328386107e-05,9.868485392416915e-06,7.91496024277194e-08,4.2882922798526124e-05,0.06512112356722355,0.009249591866232174,0.005269955494441092,0.011640873728975425,0.006025441340170801,0.33493152260780334,0.20002632308751345
2471,0.0001648335196289933,1.5679419448133558e-05,9.901209125473542e-06,7.159941328716002e-08,3.8792260056652594e-05,0.06512364558875561,0.009249771214929613,0.005271618836559355,0.01164394052973282,0.006028885371051729,0.33510803431272507,0.20011583995074034
2472,0.00016429905870084705,1.5467832213289512e-05,9.664821675414714e-06,7.139198321404194e-08,3.867987209105195e-05,0.0651057381182909,0.009248499179954345,0.005271414411254227,0.01164288038827891,0.006031454890035093,0.33504701405763626,0.20007637608796358
2473,0.00016376550392105952,1.621937872187118e-05,1.0276347779836215e-05,7.381286848406887e-08,3.999150112576899e-05,0.06513556651771069,0.00925061737136216,0.00527324597351253,0.011636753079133475,0.006026789546012878,0.334694467484951,0.19991501700133085
2474,0.00016323285587473862,1.691379344492816e-05,1.0579832917301246e-05,7.798075207787747e-08,4.2249634589097695e-05,0.0651177279651165,0.009249350565951758,0.005270108347758651,0.01163936088885978,0.006023779162205756,0.3348444923758507,0.1999811101704836
2475,0.0001627011151459981,1.7541825570788205e-05,1.1827758896743035e-05,7.456332129507359e-08,4.03980895953282e-05,0.06513761356472969,0.009250762683027049,0.005273703834973276,0.011642419026317184,0.006027727969922125,0.33502047508955,0.20007904432713985
2476,0.0001621702823179571,1.923158220051846e-05,1.1846912343571603e-05,9.00159453642857e-08,4.8770259809316485e-05,0.06510731019079685,0.009248610893187074,0.0052700836677104235,0.011642735716634399,0.006028119125403464,0.3350386992096901,0.20007300470024347
2477,0.00016164035797273875,1.9071079577770433e-05,1.1370123615961347e-05,9.205478512797072e-08,4.9874900014401646e-05,0.06509934924542904,0.009248045232725098,0.00527087168302387,0.011643677924847454,0.006030453369021416,0.3350929245352745,0.20009613689035177
2478,0.00016111134269146984,1.9838081698253518e-05,1.2202821437767852e-05,9.298544911828799e-08,5.0379120466459426e-05,0.0651302020996809,0.009250236384407083,0.005271682399325073,0.011638636043601134,0.006027842056937516,0.3348027765750885,0.1999664893373847
2479,0.00016058323705428127,1.967840194083692e-05,1.1827743321646267e-05,9.428097413888281e-08,5.108103573547851e-05,0.0650858674198389,0.009247087799122809,0.005269379704259336,0.01163362747015875,0.006021509878337383,0.33451469987630844,0.19980028364807367
2480,0.00016005604164030476,2.001548955377075e-05,1.2275899280211888e-05,9.408316170578246e-08,5.097384928376414e-05,0.06516980193555355,0.009253048337726744,0.005273093353025615,0.011639441372342765,0.006023833062499762,0.33484911918640137,0.20000946056097746
2481,0.0001595297570276752,1.9689772898345836e-05,1.2242290779340692e-05,9.132535661038332e-08,4.947969955537701e-05,0.06506879441440105,0.009245874710830337,0.00526927481405437,0.011633884360505407,0.006021943758241832,0.33452946692705154,0.1997991306707263
2482,0.00015900438379352818,1.8380755591351772e-05,1.164889869187391e-05,8.36259435033071e-08,4.530818114290014e-05,0.06514603272080421,0.009251360816075492,0.005273481365293264,0.011638600878549787,0.006026160321198404,0.33480075746774673,0.19997339509427547
2483,0.0001584799225139997,1.7903855564327387e-05,1.1620049860994186e-05,7.943781943353656e-08,4.303907621761027e-05,0.06511384807527065,0.009249074941018369,0.005270795430988073,0.011638931113268058,0.006025073118507862,0.3348197713494301,0.19996680971235037
2484,0.00015795637376422574,1.870174162377225e-05,1.222313949256204e-05,8.234863280165428e-08,4.461614707906847e-05,0.06514245271682739,0.00925110668307359,0.005273055285215378,0.011639333539976742,0.006027193507179618,0.3348429277539253,0.19999269023537636
2485,0.00015743373811834228,1.963991769571294e-05,1.2491018878790783e-05,8.902897397078391e-08,4.82355121675937e-05,0.06513205356895924,0.009250368035609177,0.005272209062241018,0.011636821075598934,0.0060255806893110275,0.334698386490345,0.19991522002965212
2486,0.00015691201614948257,1.9660373027363676e-05,1.2356351078324224e-05,9.02119476897667e-08,4.887645900453208e-05,0.06510372459888458,0.009248356192914687,0.005271124071441591,0.011643277210559735,0.0060297014424577355,0.33506985008716583,0.2000867873430252
2487,0.00015639120842977938,1.754619040639227e-05,1.1368861919436313e-05,7.799156298560206e-08,4.225550333103456e-05,0.06517531536519527,0.009253439627356044,0.0052753022173419595,0.011641800307009061,0.006031197379343212,0.3349848613142967,0.200080088339746
2488,0.00015587131553036196,1.743619429817045e-05,1.1452924184141011e-05,7.63558389849095e-08,4.1369273958480335e-05,0.06515282392501831,0.009251842813962123,0.005274291732348502,0.011636257083700391,0.006026106886565685,0.3346659243106842,0.19990937411785126
2489,0.00015535233802135655,1.824229718749848e-05,1.1567136255052901e-05,8.295181519457628e-08,4.4942937847736175e-05,0.0651228055357933,0.009249711039109572,0.005269918940030038,0.011642564795549964,0.0060253305127844214,0.33502885699272156,0.20007583126425743
2490,0.00015483427647188587,1.6745218886171642e-05,1.0658127564511233e-05,7.584700956186907e-08,4.109358360437909e-05,0.06515940651297569,0.009252310041870496,0.005273728631436825,0.011640214141733196,0.006027451134286821,0.3348935693502426,0.20002648793160915
2491,0.00015431713145006774,1.60404993607699e-05,1.0605067586766381e-05,6.973518429376213e-08,3.7782225376759015e-05,0.06510449014604092,0.009248410280431734,0.005270775058306754,0.01164034353066342,0.006026805145666003,0.33490102738142014,0.20000275876373053
2492,0.0001538009035230148,1.6653008799494273e-05,1.0590320130177133e-05,7.549665026473917e-08,4.090376251042471e-05,0.06514651328325272,0.009251394536100079,0.005272424896247685,0.011636467177003692,0.006024480680935085,0.3346780240535736,0.19991226866841316
2493,0.00015328559325683517,1.6213515095842013e-05,1.0581333867776266e-05,7.150708714043219e-08,3.874223887123662e-05,0.06513434834778309,0.009250530950148843,0.00527310895267874,0.011641467966169626,0.00602888991124928,0.3349657356739044,0.20005004201084375
2494,0.00015277120121662865,1.6534056271666486e-05,1.067788628006383e-05,7.375240507201397e-08,3.995873316853249e-05,0.06514932587742805,0.009251594199383206,0.0052737274672836065,0.011640247895505825,0.006027353811077774,0.3348955288529396,0.20002242736518383
2495,0.00015225772796648992,1.5910908871319407e-05,9.943160648617777e-06,7.342600127913101e-08,3.97818989767984e-05,0.06516499258577824,0.009252706768947686,0.005275127477943897,0.011639091304207408,0.006025164155289531,0.3348289877176285,0.19999699015170336
2496,0.00015174517406950513,1.4787222653467325e-05,9.379863513458986e-06,6.721474887783074e-08,3.641665784925863e-05,0.06509792245924473,0.009247944035645607,0.005271200207062066,0.011639678131206943,0.006029629847034812,0.33486273884773254,0.19998033065348864
2497,0.00015123354008775248,1.4324075380045542e-05,8.95406108725183e-06,6.608418989806353e-08,3.5804130789074406e-05,0.06513235159218311,0.00925038907603093,0.005271160742267966,0.011640962171141826,0.006027376395650208,0.33493661880493164,0.20003448519855738
2498,0.00015072282658230108,1.4154280620459758e-05,8.858174680881348e-06,6.522514484075259e-08,3.5338703582965536e-05,0.06508067436516285,0.009246718568144323,0.005270393216051161,0.011640335092298768,0.006026385352015495,0.33490054309368134,0.1999906087294221
2499,0.00015021303411321172,1.3933247032582585e-05,9.061687705980148e-06,6.168282240537337e-08,3.341948365687131e-05,0.06513436324894428,0.009250532031647968,0.005271637113764882,0.011637961324944384,0.006023723864927888,0.33476395905017853,0.1999491611495614
2500,0.00014970416323953323,1.3672936006514647e-05,8.722895927348873e-06,6.178174261073366e-08,3.347309484524885e-05,0.06512211263179779,0.009249661973894674,0.00527120241895318,0.011640399630006244,0.00602750526741147,0.3349042534828186,0.2000131830573082
2501,0.0001491962145193058,1.3421654557532747e-05,8.435601557721384e-06,6.158385112975395e-08,3.336586610203085e-05,0.06516492925584316,0.009252702050787055,0.005272425594739616,0.0116369853596724,0.006025870912708342,0.3347078040242195,0.19993636664003134
2502,0.00014868918850955722,1.321749419957996e-05,8.378656019658592e-06,6.012015951739613e-08,3.25728465213615e-05,0.06514067202806473,0.00925098005636468,0.0052731180330738425,0.011640000365566892,0.006029437412507832,0.3348812833428383,0.2000109776854515
2503,0.00014818308576630365,1.325603994928315e-05,8.718859220380182e-06,5.7964204547289455e-08,3.1404761557496386e-05,0.06508804485201836,0.009247242214738915,0.005271254223771393,0.011638784204517265,0.006025241571478546,0.3348113149404526,0.19994967989623547
2504,0.00014767790684454865,1.2891205017240281e-05,8.374782225928357e-06,5.713758910452782e-08,3.0956894534028834e-05,0.06511348858475685,0.009249049669252362,0.005271392525173724,0.011634771315646256,0.006025590933859348,0.3345805034041405,0.19984699599444866
2505,0.0001471736522982831,1.3675732191131829e-05,8.533958180123591e-06,6.320246082047731e-08,3.424282635933196e-05,0.06513168103992939,0.009250341784174746,0.005271699861623347,0.01164097045279438,0.006026610964909196,0.33493711054325104,0.2000343957915902
2506,0.00014667032268048357,1.3623477570945397e-05,8.569173417072307e-06,6.24602363163973e-08,3.384069350431673e-05,0.06511734239757061,0.009249323328320147,0.005271811154671013,0.011639690164367146,0.006028073723427951,0.33486343175172806,0.19999038707464933
2507,0.00014616791854311315,1.3806963465867739e-05,8.623563530818501e-06,6.375200678476745e-08,3.454056184182264e-05,0.06512746214866638,0.009250042001275336,0.005272143753245473,0.011642184354329049,0.006027353927493095,0.3350069373846054,0.2000671997666359
2508,0.0001456664404371193,1.3203547553075623e-05,8.250469363701995e-06,6.093784410410308e-08,3.30158599126662e-05,0.0651322528719902,0.009250381997015868,0.0052723417757079005,0.011639049576633611,0.006026385701261461,0.3348265662789345,0.19997940957546234
2509,0.0001451658889124345,1.3499306760422769e-05,8.192032368015134e-06,6.409871367019093e-08,3.4728403988992795e-05,0.06514797173440456,0.009251498153132483,0.005272755865007639,0.011642158418253126,0.006028049159795046,0.3350054770708084,0.2000767244026065
2510,0.00014466626451797458,1.2934414883147838e-05,8.127366612598053e-06,5.93629749801039e-08,3.2162607112695696e-05,0.06513242423534393,0.009250394483608228,0.005271900212392211,0.011638016029095498,0.006025948096066713,0.3347671180963516,0.19994977116584778
2511,0.0001441675678016391,1.3114851299178554e-05,8.470595901144407e-06,5.8494137533671164e-08,3.169187209550728e-05,0.06518580950796604,0.00925418461436782,0.005273750750347972,0.011639570144757987,0.006026835995726287,0.3348565399646759,0.20002117473632097
2512,0.00014366979931031007,1.2993390043902764e-05,8.259472338068008e-06,5.893191667993847e-08,3.192905990090367e-05,0.06513380445539951,0.009250492507688704,0.005271826405078173,0.01163942683847342,0.0060266004875302315,0.3348482698202133,0.19999103713780642
2513,0.0001431729595898516,1.2399982836086565e-05,7.991688420361243e-06,5.543261982765557e-08,3.0033159873710247e-05,0.06513685919344425,0.009250709100845236,0.00527212442830205,0.01163703631696322,0.006025524926371872,0.3347107619047165,0.19992381054908037
2514,0.00014267704918510967,1.2366947657937999e-05,7.63469222420099e-06,5.776340028518234e-08,3.129596882445185e-05,0.0651136189699173,0.009249058715962526,0.005270206951536238,0.011638454121921863,0.006026278715580702,0.3347923085093498,0.19995296373963356
2515,0.00014218206863991062,1.2497315026394062e-05,7.855185629068728e-06,5.7338636949566535e-08,3.1065831308296765e-05,0.06516149267554283,0.00925245847247622,0.00527360022533685,0.01164066637165043,0.006029930780641735,0.33491959422826767,0.20004054345190525
2516,0.0001416880184970613,1.2977184667306574e-05,8.133709116009413e-06,5.971085759171046e-08,3.235108658827812e-05,0.06514254771173,0.00925111326997453,0.0052723155822604895,0.011637840662307684,0.00602372398134321,0.3347570151090622,0.1999497814103961
2517,0.00014119489929834839,1.2621572238913359e-05,7.940821461716041e-06,5.785312584549729e-08,3.1344575063485536e-05,0.06516457907855511,0.009252677476994866,0.005272659240290523,0.011642589637069998,0.006029004114679992,0.33503028750419617,0.20009743329137564
2518,0.00014070271158453742,1.2707986172699748e-05,8.011871074131705e-06,5.812604753074879e-08,3.149244548694696e-05,0.06510108336806297,0.009248168752635316,0.005270853522233665,0.01163686343641448,0.006025860784575343,0.334700807929039,0.199900945648551
2519,0.0001402114558953724,1.2862688492987218e-05,8.093491089766758e-06,5.8951132198004075e-08,3.193947679847042e-05,0.0651562251150608,0.009252084344147923,0.005273256101645529,0.011643239091211293,0.006030390737578273,0.33506765216588974,0.20011193864047527
2520,0.00013972113276957597,1.3411481631919742e-05,8.635028592607341e-06,6.001761954088636e-08,3.2517292652300966e-05,0.06515205092728138,0.009251787763464777,0.005273192888125777,0.011638832653352775,0.006026763352565467,0.3348141014575958,0.1999830761924386
2521,0.0001392317427448471,1.4757148790067731e-05,9.821472929161246e-06,6.367686733455002e-08,3.4499850698921364e-05,0.06515974551439285,0.009252334518339634,0.00527149299159646,0.011641253431759462,0.006027327035553753,0.3349534124135971,0.20005657896399498
2522,0.0001387432863578621,1.4489183399746253e-05,9.404894740328018e-06,6.427944643228045e-08,3.4826337468985e-05,0.06514190696179867,0.009251067849756288,0.005274140043184161,0.011637999930472013,0.006025705253705382,0.3347662016749382,0.19995405431836843
2523,0.0001382557641442734,1.4688359556203068e-05,9.67305408039465e-06,6.413779485292537e-08,3.474958089100255e-05,0.0651960950344801,0.0092549147024206,0.005274134688079357,0.011641081395118961,0.0060271143447607756,0.3349435105919838,0.20006980281323195
2524,0.00013776917663870864,1.4794100991366577e-05,9.78665184447891e-06,6.427495446992282e-08,3.4823896385205444e-05,0.06510506197810173,0.00924845128839292,0.005269858171232045,0.011640116630284674,0.006028234492987394,0.33488796651363373,0.19999651424586773
2525,0.00013728352437477064,1.4060633873214101e-05,9.25841206367295e-06,6.140602648585514e-08,3.326951912185905e-05,0.06514368019998074,0.009251193688775031,0.005273378686979413,0.011640501983263786,0.006026521557942033,0.33491016924381256,0.20002692472189665
2526,0.00013679880788503723,1.4055104429644416e-05,8.973314976401525e-06,6.345983227795671e-08,3.4382261901555466e-05,0.06509401276707649,0.009247666205122683,0.005270711029879749,0.011636495626846904,0.00602583575528115,0.33467965573072433,0.1998868342489004
2527,0.00013631502770105865,1.4259942702210537e-05,9.403447336353565e-06,6.217457215740296e-08,3.3685923767734494e-05,0.06515597179532051,0.009252066060032106,0.005271392408758402,0.011639899570617729,0.006024505360983312,0.3348754793405533,0.2000157255679369
2528,0.0001358321843533598,1.479228154721568e-05,9.539955613036e-06,6.607947811154702e-08,3.5801583635475254e-05,0.06511842831969261,0.009249400222799362,0.005272979848086834,0.011633129621469472,0.006022816407494247,0.33448605984449387,0.19980224408209324
2529,0.0001353502783714374,1.5123070284062123e-05,9.486676276537764e-06,6.952554620909268e-08,3.766864483623067e-05,0.06514058075845242,0.00925097337105548,0.005273047834634781,0.011639688757894518,0.00602735613938421,0.3348633572459221,0.20000196900218725
2530,0.0001348693102837605,1.5249739817591035e-05,9.727859321628785e-06,6.89139114662396e-08,3.733726009613747e-05,0.06512816436588764,0.009250092047702241,0.005269810790196061,0.011641238743898502,0.0060268903616815805,0.33495253324508667,0.20004034880548716
2531,0.00013438928061776934,1.4750664774965117e-05,8.967964618022961e-06,6.991834777814177e-08,3.788146432270878e-05,0.0651550255715847,0.009251999116267479,0.005271777859888971,0.011644063628615853,0.006030783988535404,0.33511511236429214,0.20013506896793842
2532,0.00013391018989987582,1.4221375636225275e-05,8.695038587802628e-06,6.704874055962762e-08,3.632672257936065e-05,0.06513584405183792,0.009250637231413136,0.005272472510114312,0.011635297703197302,0.006022547255270183,0.334610752761364,0.19987329840660095
2533,0.000133432038655461,1.383001625754332e-05,8.628249730691095e-06,6.393013918248869e-08,3.4637081171240425e-05,0.06514865718781948,0.009251547110301968,0.005271887173876166,0.011642134669506423,0.006028177100233734,0.3350041061639786,0.20007638167589903
2534,0.00013295482740887705,1.306717439319982e-05,8.25741847165773e-06,5.962799898284743e-08,3.230619654459588e-05,0.06512883119285107,0.009250139045868399,0.005271758302114904,0.011637470226449105,0.006023994297720492,0.3347357213497162,0.19993227627128363
2535,0.00013247855668344386,1.2809341740194213e-05,8.222830075510501e-06,5.75039347250339e-08,3.1155387773651455e-05,0.06515874154865742,0.009252263054732217,0.005275622941553593,0.011640048027990844,0.006027192226611078,0.33488403260707855,0.20002138707786798
2536,0.00013200322700145128,1.2650995472540671e-05,8.120330846850266e-06,5.679936854185996e-08,3.077365272474708e-05,0.06511087529361248,0.0092488641114081,0.005272088572382927,0.011641782807398955,0.006027439376339316,0.33498384803533554,0.200047361664474
2537,0.00013152883888415643,1.245273580252615e-05,8.143102945723513e-06,5.4801587712205446e-08,2.96912669455196e-05,0.06515487655997276,0.009251988401288084,0.00527297193184495,0.011639549828816256,0.006026169401593506,0.3348553776741028,0.20000512711703777
2538,0.00013105539285178386,1.2444729577509861e-05,7.968762304244592e-06,5.601482189199203e-08,3.0348597874763072e-05,0.06513131037354469,0.00925031523770462,0.005271751433610916,0.011640382753352156,0.0060265600914135575,0.334903284907341,0.20001729764044285
2539,0.0001305828894235252,1.1852645343424228e-05,7.478749893152781e-06,5.416843440464447e-08,2.9348225780267967e-05,0.06515369564294815,0.009251904548773079,0.005271949339658022,0.011640116942822673,0.006028253701515496,0.3348879739642143,0.20002083480358124
2540,0.00013011132911753891,1.1596083822951186e-05,7.325735026597613e-06,5.2930426708286404e-08,2.8677478439931292e-05,0.06516583077609539,0.009252766237224383,0.005272349459119141,0.011641915303792511,0.006028663017787039,0.334991492331028,0.2000786615535617
2541,0.0001296407124509478,1.2022536679978657e-05,7.49184317783147e-06,5.563961824606167e-08,3.014531000644638e-05,0.0651131123304367,0.009249022725737063,0.005270893103443086,0.01163969266476251,0.006026305956766009,0.33486358076334,0.19998834654688835
2542,0.0001291710399398415,1.2345099833055428e-05,7.550981990789296e-06,5.817979942257523e-08,3.152157069052919e-05,0.06513206660747528,0.009250369117127349,0.0052721305983141065,0.011638738099792972,0.006027111085131764,0.3348086550831795,0.19997036084532738
2543,0.0001287023120992733,1.203611327582621e-05,7.741460365195962e-06,5.39220377238081e-08,2.9214723781478824e-05,0.06515597552061081,0.009252066453239277,0.005272534559480846,0.011642157012078684,0.006027135415934026,0.33500538021326065,0.20008067786693573
2544,0.00012823452944326057,1.126448540844649e-05,7.158168244814078e-06,5.110736567282004e-08,2.7689753210324852e-05,0.06511525996029377,0.009249175634061836,0.005271994392387569,0.011638846875392005,0.006026637856848538,0.3348149061203003,0.19996508304029703
2545,0.0001277676924847845,1.0972160623623495e-05,6.98831928502841e-06,4.966359390401465e-08,2.690752512535255e-05,0.0651577077805996,0.009252189624563381,0.005272913374938071,0.011641593278686422,0.006029062089510262,0.33497295528650284,0.20006533153355122
2546,0.0001273018017357891,1.0499642712602508e-05,6.828451432738802e-06,4.648320883759993e-08,2.5184406808875792e-05,0.0651487372815609,0.009251553008738636,0.005272826878353953,0.011641865930312686,0.006027883850038052,0.33498863130807877,0.20006868429481983
2547,0.00012683685770718033,1.062736555468291e-05,6.834474078232233e-06,4.761744643033694e-08,2.5798930209930404e-05,0.06512769125401974,0.009250058224606448,0.005271482048556209,0.011637758761048764,0.0060259056044742465,0.33475232124328613,0.19994000624865294
2548,0.00012637286090882706,1.0806086436332407e-05,6.671833574500852e-06,5.046754458781777e-08,2.7343097031007346e-05,0.06514566019177437,0.009251334370839021,0.0052727110451087356,0.011641347964889193,0.006028304575011134,0.33495884388685226,0.20005225203931332
2549,0.00012590981184955788,1.0294106800756708e-05,6.467890131034437e-06,4.7248375212305405e-08,2.559897257015109e-05,0.06512282229959965,0.009249712415684994,0.005271884961985052,0.011639757206031985,0.006028748699463904,0.33486729860305786,0.19999506045132875
2550,0.00012544771103716333,1.0639610991347581e-05,6.659348912307905e-06,4.9023380466195476e-08,2.656065851169842e-05,0.06513958796858788,0.009250902978388903,0.005272383685223758,0.011639596399153239,0.006028436007909477,0.3348580524325371,0.19999882020056248
2551,0.0001249865589783934,1.0930411349363567e-05,6.944517565443675e-06,4.96016903106522e-08,2.6873985007114243e-05,0.06512822769582272,0.00925009617725779,0.005271826288662851,0.011641669684284704,0.0060296180890873075,0.33497732877731323,0.20005277823656797
2552,0.00012452635617895807,1.0923029151399533e-05,7.041090725579124e-06,4.882057913491167e-08,2.645078268415091e-05,0.06514786183834076,0.009251490583426525,0.005272423732094467,0.011639732827289449,0.006025634240359068,0.33486589789390564,0.2000068798661232
2553,0.0001240671031435258,1.1023449644653738e-05,7.187640278516483e-06,4.8665354857035936e-08,2.636668591549096e-05,0.06514128670096397,0.009251023707382455,0.0052704960107803345,0.01163790286936729,0.0060258484445512295,0.3347606062889099,0.19995094649493694
2554,0.0001236088003757244,1.1419069551266148e-05,7.1037698603504396e-06,5.2935566818845814e-08,2.8680267519121116e-05,0.06515921093523502,0.009252296574869904,0.005272556561976671,0.011641599372402845,0.0060293900314718485,0.3349733129143715,0.20006626192480326
2555,0.00012315144837813838,1.1579311035347928e-05,7.220471701430142e-06,5.35527786560408e-08,2.9014667120463855e-05,0.06510619446635246,0.00924853173034016,0.005270741996355355,0.011639311504544232,0.006028700736351311,0.33484163880348206,0.19997391663491726
2556,0.00012269504765231078,1.1824274906757637e-05,6.974874935394837e-06,5.762666432929109e-08,3.122187411008781e-05,0.06513634882867336,0.009250672822090886,0.005271512316539884,0.011640599960271815,0.006028919597156346,0.33491578698158264,0.200026067905128
2557,0.00012223959869874076,1.1605578436046926e-05,7.0234337101737765e-06,5.524989821203974e-08,2.9934156714261917e-05,0.06513966806232929,0.009250908582293995,0.005270996014587581,0.011640330716848021,0.00602796848397702,0.33490027487277985,0.20001997146755457
2558,0.00012178510201688405,1.1626541493114928e-05,7.2577127241402195e-06,5.371370326301417e-08,2.910185560267564e-05,0.06510389782488346,0.009248368288877777,0.005269980407319963,0.011637389416722554,0.006026698392815888,0.3347310721874237,0.19991748500615358
2559,0.00012133155810515186,1.1585546815240377e-05,7.362395052723514e-06,5.256252633145664e-08,2.8478153126343386e-05,0.06518437154591084,0.009254082403340828,0.0052731119794771075,0.011639781897270458,0.006027582683600485,0.3348687142133713,0.20002654287964106
2560,0.00012087896746091083,1.1402800112136902e-05,7.184698176843085e-06,5.2187936416814296e-08,2.8275207000660885e-05,0.06516788341104984,0.009252912104899426,0.005272780312225223,0.011638684961918081,0.0060265702195465565,0.33480559289455414,0.199986738152802
2561,0.00012042733058048168,1.143070016951242e-05,7.264541295626259e-06,5.185595641776786e-08,2.8095334641875525e-05,0.06511810794472694,0.009249377803503156,0.005271647474728525,0.011639826747677247,0.006027512717992067,0.334871307015419,0.19999470748007298
2562,0.00011997664795914025,1.1410467209316266e-05,7.232202733575832e-06,5.1907998788180976e-08,2.8123524543843814e-05,0.06516684778034687,0.009252838385000663,0.0052737604128196836,0.011643906630446394,0.006028757314197719,0.33510609716176987,0.20013647247105837
2563,0.00011952692009111493,1.1424704837281752e-05,7.474163140841483e-06,5.0253004646449995e-08,2.722687088407838e-05,0.06511164270341396,0.00924891839262535,0.005271805915981531,0.011640763409712974,0.006026833667419851,0.33492521196603775,0.20001842733472586
2564,0.00011907814746958761,1.1082775984050386e-05,7.257349636802246e-06,4.869821346176195e-08,2.6384480406704824e-05,0.06515861675143242,0.00925225440435439,0.005272625596262515,0.011641108896151383,0.006027773022651672,0.33494507521390915,0.20005184598267078
2565,0.00011863033058669244,1.0913024084402423e-05,6.7593698247492284e-06,5.0808158569282114e-08,2.7527640327207337e-05,0.06509979814291,0.009248077096299325,0.005271337926387787,0.011638440055694206,0.006024568225257099,0.33479150384664536,0.19994565099477768
2566,0.00011818346993351551,1.0863194688681688e-05,6.748597598971173e-06,5.042782658115641e-08,2.732158225171588e-05,0.06516708433628082,0.009252855389776092,0.0052727817092090845,0.011640256959002178,0.006026773829944432,0.3348960429430008,0.2000315636396408
2567,0.00011773756600009425,1.0957438746572734e-05,6.779315782523554e-06,5.10707820478018e-08,2.7669930091178685e-05,0.06514353677630424,0.009251183366107472,0.00527375191450119,0.01164014241464137,0.006027601659297943,0.3348894640803337,0.20001650042831898
2568,0.00011729261927541692,1.1897142258021631e-05,7.782826202173965e-06,5.2334130584696936e-08,2.835440579929127e-05,0.06516703590750694,0.009252851556332337,0.005274645867757499,0.011638383790613575,0.006026592687703669,0.3347882553935051,0.19997764565050602
2569,0.00011684863024742248,1.0889479199249763e-05,7.0464398902458925e-06,4.847145507191897e-08,2.6261635298396868e-05,0.06515078246593475,0.009251697912485132,0.0052721258252859116,0.011641926553416853,0.00602984894067049,0.3349921181797981,0.20007145032286644
2570,0.00011640559940299922,1.0425399011637637e-05,6.549921920395718e-06,4.785439333687691e-08,2.5927306182893517e-05,0.06514435261487961,0.009251241369518562,0.005272272159345448,0.011642313565123453,0.0060289171524345875,0.33501438796520233,0.20007937029004097
2571,0.00011596352722798471,1.0729460996117268e-05,6.6715362549985e-06,4.9762595821789546e-08,2.696115905109764e-05,0.06515144743025303,0.009251745099104031,0.0052715076599270105,0.011641606247361137,0.006027056369930506,0.33497368544340134,0.20006256643682718
2572,0.00011552241420716535,1.112117928414591e-05,6.894621577657745e-06,5.1730572048214185e-08,2.8027409371134127e-05,0.06514694914221764,0.009251425699978534,0.005272123496979475,0.011640270866767338,0.006028535426594317,0.33489685505628586,0.20002190209925175
2573,0.00011508226082427557,1.1007459988832125e-05,6.885697956704462e-06,5.074700126783682e-08,2.749450686678756e-05,0.0651223286986351,0.009249677706256456,0.00527105329092592,0.011640281805447364,0.006024452042765915,0.3348974958062172,0.20000991225242615
2574,0.0001146430675619975,1.0944954908609361e-05,6.874488747143914e-06,5.025291782700947e-08,2.7226818701819866e-05,0.0651465505361557,0.009251397190440819,0.005271879606880248,0.01163782768943677,0.006026950781233609,0.3347563073039055,0.1999514289200306
2575,0.00011420483490196052,1.0567876245204388e-05,6.574055817054614e-06,4.8991074752535724e-08,2.6543156991465366e-05,0.0651270393282175,0.009250011815971423,0.005271580419503152,0.011637546346510007,0.006024205591529608,0.3347401022911072,0.19993357080966234
2576,0.00011376756332474053,1.0232258887299395e-05,6.583012435612545e-06,4.582767809679922e-08,2.482924435298628e-05,0.06516924500465393,0.009253008627932248,0.005274084280245006,0.011639601868811463,0.006028782809153199,0.33485836535692215,0.20001380518078804
2577,0.00011333125330985919,1.0572844132639148e-05,6.497450385722914e-06,4.960248989327454e-08,2.6874418153965962e-05,0.06514054350554943,0.009250971208160295,0.005272815586067736,0.011639485755229292,0.006026144837960601,0.3348516896367073,0.19999611657112837
2578,0.0001128959053357842,1.0589296550733707e-05,6.4578632077427756e-06,5.0046591093533266e-08,2.7115028842672473e-05,0.06514660641551018,0.009251401516031507,0.005273198010399938,0.011639507634054741,0.00602665008045733,0.3348529189825058,0.199999762699008
2579,0.00011246151987992777,1.061988837136596e-05,6.4426397727856966e-06,5.044129669506958e-08,2.732888185619231e-05,0.06516939215362072,0.009253019046855215,0.0052727534202858806,0.011638789674557181,0.006027025287039578,0.33481162786483765,0.19999051000922918
2580,0.00011202809741864674,1.0110067250934662e-05,6.356315140010338e-06,4.637370665250273e-08,2.5125075012510933e-05,0.06515750102698803,0.009252175076080572,0.005272308364510536,0.011639804244358858,0.006026853458024561,0.33486998826265335,0.2000137446448207
2581,0.00011159563842724245,1.0181868219660828e-05,6.346387237954332e-06,4.7109609768725136e-08,2.5523790895931597e-05,0.06514094397425652,0.009250999227445149,0.005272521520964801,0.011639972705644482,0.006026084069162607,0.33487968146800995,0.20001031272113323
2582,0.00011116414337995862,1.0204881505160301e-05,6.4590555552968e-06,4.649019835767376e-08,2.5188185077240632e-05,0.06513575091958046,0.009250630742490279,0.005272799520753324,0.011640677153697326,0.0060270477551966906,0.3349202424287796,0.20002799667418003
2583,0.00011073361274998291,1.0162262299218128e-05,6.371792864001691e-06,4.67411247484506e-08,2.5324139528493106e-05,0.06516188755631447,0.009252486388959867,0.005273549817502499,0.011640406661938225,0.006026577670127153,0.33490467816591263,0.20003328286111355
2584,0.00011030404700944472,9.805798868001148e-06,6.275025043578353e-06,4.416589804989712e-08,2.3928893369884463e-05,0.0651538334786892,0.009251914084208744,0.005272976588457823,0.011640962952430054,0.006027464056387544,0.3349366784095764,0.2000452559441328
2585,0.0001098754466294157,9.619047773412603e-06,6.181207339750472e-06,4.313509038844643e-08,2.337040848487959e-05,0.06515680812299252,0.0092521257290293,0.005273480084724724,0.011639538889448329,0.006026433198712766,0.33485472202301025,0.20000576507300138
2586,0.00010944781207990843,9.242284704669146e-06,5.87604662882768e-06,4.1911061510191416e-08,2.2707236666974495e-05,0.06516288407146931,0.009252556966173152,0.005273534683510661,0.011641160929177023,0.0060270024696365,0.3349480554461479,0.2000554697588086
2587,0.00010902114382987711,9.291290723467682e-06,5.845938545689933e-06,4.25856121477608e-08,2.3072698695614235e-05,0.0651659369468689,0.009252773904181003,0.00527317461092025,0.011642478709117601,0.006028990726917982,0.335023894906044,0.20009491592645645
2588,0.0001085954423472153,9.563297737713583e-06,6.029394427287116e-06,4.37414136023051e-08,2.3698910354141844e-05,0.06515163369476795,0.009251758468602298,0.005272731650620699,0.011640083813748094,0.006026341114193201,0.3348860815167427,0.20001885760575533
2589,0.00010817070809875735,1.0161037835132447e-05,6.40031259990792e-06,4.651925200604978e-08,2.520393752547534e-05,0.06515892222523689,0.009252275538785958,0.005273058079183102,0.01164175624544049,0.006028815638273954,0.33498232066631317,0.20007062144577503
2590,0.00010774694155027584,1.0236085984161036e-05,6.400044469501154e-06,4.7213827514269724e-08,2.5580251190149284e-05,0.06517896056175232,0.009253698217374711,0.00527387554757297,0.011642440899630341,0.006029102951288223,0.3350217342376709,0.2001003473997116
2591,0.00010732414316648326,1.0035921036433137e-05,6.30592504080596e-06,4.6061462199986636e-08,2.4955904564194498e-05,0.06515989080071449,0.00925234474142404,0.005273071932606399,0.011638502103259413,0.006027562660165131,0.3347950950264931,0.19997749291360378
2592,0.00010690231341102966,9.993008006858872e-06,6.3237346523692395e-06,4.553395749340439e-08,2.467010062900954e-05,0.06514436937868595,0.009251242647555728,0.005272864131256938,0.011642516674718863,0.006030485033988953,0.3350260853767395,0.20008522737771273
2593,0.00010648145274650324,9.943333509454533e-06,6.22468857613967e-06,4.580676815635343e-08,2.4817912617436377e-05,0.06519120745360851,0.009254567797389918,0.005274135619401932,0.01164103123681866,0.006027689087204635,0.334940604865551,0.20006590615957975
2594,0.00010606156163442901,9.959693784367118e-06,6.278266255321796e-06,4.556219757034796e-08,2.4685403445801057e-05,0.06512707471847534,0.009250014470708941,0.0052724555134773254,0.011641106083548777,0.00602795637678355,0.3349449262022972,0.20003600046038628
2595,0.00010564264053526956,9.875407045001339e-06,6.276774143998409e-06,4.4795369635863835e-08,2.4269937739518355e-05,0.06515707820653915,0.0092521447994349,0.005273262970149517,0.011639975205979152,0.006028616218827665,0.3348798304796219,0.20001845434308052
2596,0.00010522468990842255,9.557134717397275e-06,6.1428218600667606e-06,4.284711963009613e-08,2.3214386033032497e-05,0.06516213342547417,0.00925250359097651,0.005274052266031504,0.011639400427417082,0.006028710515238345,0.33484676480293274,0.20000444911420345
2597,0.00010480771021222276,9.47339910339906e-06,5.9958639724300156e-06,4.315933166409991e-08,2.338353908726276e-05,0.06516258232295513,0.009252535734087611,0.005272653303109109,0.011641290307584031,0.006027099443599582,0.33495552837848663,0.20005905535072088
2598,0.0001043917019039392,9.510654308542144e-06,6.161383083735927e-06,4.228113770210484e-08,2.290773807089863e-05,0.06516216322779655,0.009252506146701967,0.005272089270874858,0.011639817215026852,0.006026971968822181,0.33487075567245483,0.2000164594501257
2599,0.00010397666543977604,9.536148979805148e-06,6.102215849068671e-06,4.2953240186882624e-08,2.327188036588268e-05,0.06515557132661343,0.009252037749071813,0.00527305796276778,0.01164118483616488,0.006026652059517801,0.33494943380355835,0.2000525025650859
2600,0.00010356260127487175,9.13194753593416e-06,5.783117160262918e-06,4.15788976582121e-08,2.2527268129124423e-05,0.06513953767716885,0.009250899242450289,0.005272362381219864,0.01164006662409677,0.006027952302247286,0.3348850980401039,0.20001231785863638
2601,0.00010314950986329827,9.174791898658441e-06,5.7044672985284706e-06,4.2554949342132886e-08,2.3056090071804647e-05,0.06519165635108948,0.009254599835056729,0.005274731200188398,0.011642227789314744,0.006028279080055654,0.335009440779686,0.20010054856538773
2602,0.00010273739165806097,9.135911682278675e-06,5.7511036857249564e-06,4.185183510863055e-08,2.267514196319098e-05,0.06513983011245728,0.009250920281663856,0.005272261565551162,0.011642930069919271,0.006028793985024095,0.3350498676300049,0.20009484887123108
2603,0.0001023262471110983,9.130732166795497e-06,5.660322784706295e-06,4.247424578718295e-08,2.3012368615127343e-05,0.0651509240269661,0.009251707939661786,0.00527219520881772,0.011640661527539153,0.006026995019055903,0.3349193409085274,0.20003513246774673
2604,0.00010191607667328041,8.91458279284052e-06,5.545205937096398e-06,4.1329391686772965e-08,2.23920895905394e-05,0.06516963616013527,0.0092530363461731,0.005273590330034494,0.011639222268430003,0.006026705726981163,0.3348365053534508,0.20000307075679302
2605,0.00010150688079440956,9.008679342059622e-06,5.598954942342971e-06,4.1800946481984624e-08,2.2647576543022296e-05,0.06515714339911938,0.009252149517879704,0.005272966111078858,0.011642558858575064,0.00602737080771476,0.3350285068154335,0.20009282510727644
2606,0.00010109865992321926,9.157717158814194e-06,5.716814655443159e-06,4.230620076484115e-08,2.2921326149116794e-05,0.06517573818564415,0.009253469801478257,0.005273190210573375,0.011641356246267293,0.0060281610349193215,0.3349592983722687,0.2000675182789564
2607,0.00010069141450737352,9.470763700392126e-06,5.780594079851653e-06,4.4724314474109406e-08,2.4231441443589574e-05,0.06515155546367168,0.00925175257029662,0.005273346439935267,0.011643274086027673,0.006029207375831902,0.3350696936249733,0.2001106245443225
2608,0.00010028514499346718,9.578198273629823e-06,5.9699523831113765e-06,4.431778077851334e-08,2.4011180585148395e-05,0.0651615671813488,0.009252463485653784,0.005273967166431248,0.011640402599044709,0.006028211326338351,0.33490442484617233,0.20003299601376057
2609,9.987985182702414e-05,9.720137768454151e-06,6.174171204520462e-06,4.411996057385181e-08,2.3904003569441556e-05,0.06516462378203869,0.009252680425853374,0.005273671937175095,0.011640772004027345,0.006027931580320001,0.33492568135261536,0.20004515256732702
2610,9.947553545249855e-05,9.786745124529261e-06,6.335169103977023e-06,4.3546024786067505e-08,2.359304789933958e-05,0.06513767503201962,0.009250766910598826,0.005272708483971655,0.011640113661173268,0.006027691997587681,0.33488779515028,0.2000127350911498
2611,9.907219631327262e-05,9.7647611028151e-06,6.3349100116738555e-06,4.3345053768462094e-08,2.3484164785259054e-05,0.06519450433552265,0.009254801591189165,0.0052748703164979815,0.01164110061459732,0.006028443342074752,0.33494459092617035,0.2000695476308465
2612,9.866983485165715e-05,9.4267160761774e-06,6.019146354674376e-06,4.255661845142811e-08,2.3056993654790858e-05,0.06513362191617489,0.00925047933299809,0.0052721931133419275,0.01164056105084103,0.006028380244970322,0.33491355925798416,0.20002359058707952
2613,9.826845150889118e-05,9.2802773110634e-06,5.91403750149766e-06,4.198119807341527e-08,2.2745234673493542e-05,0.06515532173216343,0.009252020152979918,0.0052724271081388,0.011641292495129277,0.006028113886713982,0.334955632686615,0.2000554772093892
2614,9.786804672514023e-05,9.167207764448904e-06,5.836367051870184e-06,4.15111620633013e-08,2.2490569676847372e-05,0.06518610008060932,0.009254205252995893,0.00527331477496773,0.011642546203434252,0.006028642877936363,0.335027776658535,0.20010693836957216
2615,9.746862093949733e-05,9.219816121230906e-06,5.797628148229705e-06,4.2282661594228443e-08,2.2908567189006135e-05,0.06513454206287861,0.009250544714673735,0.0052709735464304686,0.011641634215899602,0.006029418436810374,0.33497531712055206,0.20005492959171534
2616,9.707017458998212e-05,9.008127847209835e-06,5.68899542940926e-06,4.113110496639649e-08,2.2284656438387174e-05,0.06514718011021614,0.009251442215808469,0.00527206202968955,0.01164074122072653,0.006027807598002255,0.3349239230155945,0.2000355515629053
2617,9.66727081135398e-05,9.130514001753909e-06,5.72497691564422e-06,4.199491687728596e-08,2.2752662175662408e-05,0.06517966650426388,0.009253748538879718,0.005274055292829871,0.011640418069285516,0.006027490133419633,0.33490531146526337,0.20004248898476362
2618,9.627622194604116e-05,9.54733155822396e-06,5.688118676516751e-06,4.6113662888203066e-08,2.4984182459775184e-05,0.06514600105583668,0.009251358358342947,0.005273013608530164,0.011641419997056193,0.0060309001710265875,0.33496297150850296,0.20005448628216982
2619,9.58807165222814e-05,9.966114248527447e-06,5.97746983999059e-06,4.784218421427511e-08,2.5920690177372308e-05,0.06517030857503414,0.009253084214003456,0.005273100920021534,0.011643788216496283,0.0060299328761175275,0.3350992798805237,0.2001347942277789
2620,9.548619227598126e-05,9.994877245844691e-06,6.064835389452128e-06,4.746262205479468e-08,2.5715043761920242e-05,0.06515234895050526,0.009251808997266846,0.005272847018204629,0.0116408587281173,0.006028185714967549,0.3349306806921959,0.20004151482135057
2621,9.509264963978449e-05,9.68937769130207e-06,6.050975144944459e-06,4.474562165235341e-08,2.424298759251542e-05,0.0651580411940813,0.009252213314949269,0.005272837006486952,0.011640810131454585,0.006027171504683793,0.33492785692214966,0.20004294905811548
2622,9.470008904525936e-05,9.35305962457278e-06,5.9682566018182115e-06,4.225258654066977e-08,2.2892270635566092e-05,0.06514189764857292,0.009251067259881856,0.00527177460025996,0.011641085301519572,0.006027983850799501,0.3349437043070793,0.20004280097782612
2623,9.430851092289643e-05,8.90404430720082e-06,5.732887785825369e-06,3.984650409627477e-08,2.1588669028460572e-05,0.06515826098620892,0.00925222874807259,0.005272897891700268,0.011642780086962715,0.006030001095496118,0.33504123985767365,0.20009975042194128
2624,9.391791570210932e-05,8.861235215817942e-06,5.5794048137158825e-06,4.058458946687438e-08,2.1988555999996606e-05,0.06515414454042912,0.009251936693965375,0.005273442016914487,0.011639596867981187,0.006027319002896547,0.3348580673336983,0.2000061059370637
2625,9.352830381123306e-05,8.779755404475509e-06,5.472289103636285e-06,4.062347080946438e-08,2.2009619669915992e-05,0.0651749037206173,0.00925341033772311,0.005274961586110294,0.011641054362790821,0.006027122959494591,0.33494193851947784,0.20005842112004757
2626,9.313967567752537e-05,8.943778823322646e-06,5.6115592030892e-06,4.110894979980628e-08,2.227265667897882e-05,0.06515326164662838,0.00925187387802677,0.005273062968626618,0.011639764394625806,0.006026992225088179,0.3348677009344101,0.20001048129051924
2627,9.275203172716427e-05,9.20299083873033e-06,5.713020897246679e-06,4.275203235870606e-08,2.3162869297266298e-05,0.0651642233133316,0.009252652116772897,0.00527331733610481,0.011639030353768383,0.0060260246973484755,0.33482544869184494,0.19999483600258827
2628,9.236537238524939e-05,9.14134281515544e-06,5.796939120727984e-06,4.156355615236862e-08,2.2518956939165946e-05,0.06517688371241093,0.009253550986087308,0.00527446938212961,0.011642272474058975,0.0060294559225440025,0.3350120410323143,0.2000944623723626
2629,9.197969807579984e-05,8.957818124599726e-06,5.645646638186008e-06,4.098685535414148e-08,2.2206503160759894e-05,0.06518707610666752,0.009254274342925408,0.0052748024463653564,0.011642208727938096,0.006028368137776852,0.3350083604454994,0.20009771827608347
2630,9.159500922175454e-05,9.900273767016188e-06,5.987659648098997e-06,4.715933576981968e-08,2.5550729446877085e-05,0.06515245325863361,0.009251816665016727,0.0052723424741998315,0.011639203670975038,0.00602665520273149,0.334835447371006,0.1999939503148198
2631,9.121130624497216e-05,9.683672544724686e-06,5.970616399508799e-06,4.528626251776302e-08,2.4535897068744816e-05,0.06515982933342457,0.009252340219676561,0.0052725751884281635,0.011642049517351899,0.006027675699442625,0.3349992036819458,0.20007951650768518
2632,9.082858956623022e-05,9.428388523247122e-06,5.821239000169953e-06,4.403317288570463e-08,2.3856985762904515e-05,0.06514939107000828,0.00925159911472234,0.005272351438179612,0.01164137921534176,0.006028626812621951,0.33496062457561493,0.2000550078228116
2633,9.044685960522411e-05,9.570113661538926e-06,6.011611304757025e-06,4.393560115723005e-08,2.3804122406545503e-05,0.06517338939011097,0.009253302613980299,0.00527417566627264,0.011638286889003743,0.006027195020578802,0.3347826972603798,0.19997804332524538
2634,9.006611678056809e-05,9.46421639014261e-06,5.981431343116128e-06,4.31811342238575e-08,2.3395356151922897e-05,0.06516016460955143,0.009252363909676854,0.00527337018866092,0.011640867009843446,0.0060284030623734,0.3349311575293541,0.20004566106945276
2635,8.968636150979311e-05,9.748940613008017e-06,6.160465233051582e-06,4.4486955452782695e-08,2.4102840825435123e-05,0.06517131067812443,0.009253155278108043,0.005274338647723198,0.011642391684617946,0.006028815405443311,0.3350188806653023,0.20009509567171335
2636,8.930759420934726e-05,9.953725566447247e-06,6.309584136943158e-06,4.527590324876485e-08,2.4530290602342575e-05,0.0651638600975275,0.009252626363298056,0.005274030030705035,0.011642119201546664,0.006029626587405801,0.33500321954488754,0.20008353982120752
2637,8.892981529459512e-05,1.0299432688043453e-05,6.535151896969182e-06,4.680093557141163e-08,2.5356554942845833e-05,0.0651762094348669,0.009253503022385007,0.005273928516544402,0.011639418243165806,0.006028387229889631,0.3348477855324745,0.2000119974836707
2638,8.855302517981806e-05,1.0055646384898864e-05,6.230936094198114e-06,4.679713194732926e-08,2.535448572871246e-05,0.0651414692401886,0.009251036684672346,0.00527189252898097,0.011638660893506684,0.006028835545293987,0.3348042219877243,0.19997284561395645
2639,8.817722427821234e-05,9.59102072783935e-06,6.031206822854074e-06,4.398387254411773e-08,2.3830275836189685e-05,0.06516726315021515,0.00925286787303065,0.005273967515677214,0.01163984550040934,0.006028615985997021,0.33487238734960556,0.20001982524991035
2640,8.780241300189006e-05,9.100573436171544e-06,5.796496964194375e-06,4.1190573396576724e-08,2.2316878585115774e-05,0.06519604660570621,0.009254911164644556,0.005274058668874204,0.011641149210047396,0.006028885603882372,0.3349473923444748,0.2000717194750905
2641,8.74285917618774e-05,8.744137034000232e-06,5.585169617461361e-06,3.946137527854887e-08,2.1380006444360333e-05,0.06513501703739166,0.009250578437673159,0.0052719906670972705,0.011640636681904468,0.006027589552104473,0.33491790294647217,0.20002645999193192
2642,8.705576096811523e-05,8.545403773041471e-06,5.322144204455981e-06,3.956923688708258e-08,2.1438440967358474e-05,0.06515955924987793,0.009252321051374668,0.005274147959426045,0.011641627965952701,0.006028951029293239,0.3349749445915222,0.20006725192070007
2643,8.66839210294582e-05,8.554518274195289e-06,5.315836403951835e-06,3.969992257157884e-08,2.1509246153073036e-05,0.06518850661814213,0.009254375962168965,0.005274565308354795,0.011640646995193227,0.006029264768585563,0.33491848409175873,0.20005349535495043
2644,8.631307235367462e-05,8.238596450382829e-06,5.196135759888421e-06,3.766813549965775e-08,2.040843844497431e-05,0.06516902893781662,0.009252993490985524,0.005273642251268029,0.01164200389428993,0.006028114701621234,0.3349965587258339,0.20008279383182526
2645,8.594321534744521e-05,8.201946457120357e-06,5.231233018321291e-06,3.707080142856256e-08,2.008479941650876e-05,0.06516213156282902,0.00925250359097651,0.005273907561786473,0.011638554616809295,0.006027856026776135,0.3347981199622154,0.19998012576252222
2646,8.557435041636406e-05,8.12556746154769e-06,5.245856698365969e-06,3.625796463069264e-08,1.9644410144792346e-05,0.06516968086361885,0.009253039786374505,0.005272958427667618,0.011640587771789414,0.0060273639392107725,0.3349150940775871,0.200042387470603
2647,8.520647796493633e-05,8.140767477016198e-06,5.250121319022583e-06,3.636675449669724e-08,1.970335142686963e-05,0.06514384597539902,0.009251205289473399,0.005272906390018761,0.01163966375390831,0.006027803639881313,0.3348619118332863,0.20000287890434265
2648,8.483959839657936e-05,7.998384944585268e-06,5.1316129372480646e-06,3.5927699371107735e-08,1.9465471837065706e-05,0.06517304666340351,0.009253278729805428,0.005272587644867599,0.01164097514051963,0.006028535193763673,0.33493736386299133,0.20005520526319742
2649,8.447371211362138e-05,7.90602666711493e-06,5.021640603786182e-06,3.588727315317897e-08,1.94435699540918e-05,0.06517253443598747,0.009253241969679202,0.005273804999887943,0.011641770620154947,0.0060290556866675615,0.33498314768075943,0.20007784105837345
2650,8.410881951730203e-05,7.94116530755673e-06,5.03188650213815e-06,3.613590204842865e-08,1.957827964815806e-05,0.06517289020121098,0.00925326752486264,0.005272959126159549,0.011640063654972607,0.006028194446116686,0.3348849192261696,0.20002890471369028
2651,8.374492100777064e-05,7.816417593176084e-06,4.962789262208389e-06,3.5494802541613524e-08,1.9230930718094896e-05,0.0651683434844017,0.009252944639761276,0.0052735041826963425,0.011642204665673466,0.00602904474362731,0.3350081369280815,0.2000882402062416
2652,8.338201698408613e-05,7.596449108859815e-06,4.829836001363219e-06,3.44463834123232e-08,1.866290108409885e-05,0.06516329012811184,0.009252585472137307,0.005272791255265474,0.011641250775445554,0.006028131814673543,0.3349532261490822,0.200058258138597
2653,8.302010784421777e-05,7.5357101820827666e-06,4.790189620962337e-06,3.417854477216764e-08,1.851779165917833e-05,0.0651700496673584,0.009253065833572216,0.005273508722893894,0.011642566826619629,0.006029711803421378,0.3350289762020111,0.20009951293468475
2654,8.2659193985043e-05,7.612690581026982e-06,4.863312739189496e-06,3.4349113331444414e-08,1.8610201038882224e-05,0.06519578956067562,0.009254892886113454,0.005275497795082629,0.011640342124269737,0.006027659052051604,0.334900937974453,0.2000483637675643
2655,8.229927580234821e-05,7.5518543383168435e-06,4.806935351098218e-06,3.420390470854073e-08,1.8531529292431514e-05,0.06516788341104984,0.009252911711728191,0.005272871349006891,0.011641799682023439,0.006027836469002068,0.33498480916023254,0.2000763462856412
2656,8.194035369082796e-05,7.770314653043897e-06,4.913118942795336e-06,3.543603499522874e-08,1.9199095959265833e-05,0.0651813056319952,0.009253864906311974,0.0052749925525859,0.011641746401875786,0.006028643576428294,0.3349817618727684,0.2000815337523818
2657,8.158242804408425e-05,7.900475537780949e-06,4.961851203688639e-06,3.627745215339928e-08,1.965497233413771e-05,0.06517471931874752,0.009253397265474462,0.005273748538456857,0.011643001779837655,0.006030717515386641,0.3350539952516556,0.20011435728520155
2658,8.12254992546263e-05,7.739328196976203e-06,4.8700943011681375e-06,3.546773397200553e-08,1.921626301282231e-05,0.06518498435616493,0.009254125548325488,0.005274576717056334,0.011642896792617567,0.006029800279065967,0.33504796028137207,0.2001164723187685
2659,8.086956771387042e-05,7.71392771525825e-06,4.927281253230831e-06,3.48111113268601e-08,1.8860513364415965e-05,0.06518083065748215,0.00925383109700612,0.005273311631754041,0.011641209211866654,0.006027463590726256,0.33495084196329117,0.20006583631038666
2660,8.051463381213917e-05,7.702598139758265e-06,4.9039610274803636e-06,3.487872890506338e-08,1.8897146389917907e-05,0.06517107412219048,0.009253138470464533,0.005272604641504586,0.011642966784202813,0.006028493167832494,0.3350520059466362,0.20011154003441334
2661,8.016069793866094e-05,7.637782431402229e-06,4.809950198136903e-06,3.4974639073759306e-08,1.8949110653920798e-05,0.0651670265942812,0.009252851064865075,0.00527311593759805,0.011641544997589688,0.006029002484865487,0.3349701538681984,0.2000685902312398
2662,7.980776048157035e-05,7.654075886875944e-06,4.793855708840056e-06,3.524382807817972e-08,1.9094955746368214e-05,0.0651885885745287,0.009254382251911393,0.005274310358799994,0.01164163780961755,0.006029092939570546,0.3349755108356476,0.20008204970508814
2663,7.9455821827906e-05,7.521486651285159e-06,4.781901765227303e-06,3.410847826401664e-08,1.847982571234752e-05,0.0651701707392931,0.009253074384900382,0.005273693357594311,0.011644272487576013,0.0060299638425931334,0.335127130150795,0.20014865044504404
2664,7.910488236361184e-05,7.395828561129747e-06,4.675584932556376e-06,3.373374968251852e-08,1.8276802506989043e-05,0.06518472917377949,0.009254108054483515,0.005273991380818188,0.011642178260918814,0.006028935662470758,0.33500660955905914,0.20009566936641932
2665,7.87549424735363e-05,7.526823054604392e-06,4.711134508283976e-06,3.468018516805671e-08,1.8789576813560416e-05,0.06516800075769424,0.009252920361491513,0.005272876122035086,0.011642137325618657,0.00602889689616859,0.3350042626261711,0.20008613169193268
2666,7.840600254143121e-05,7.4437413104533334e-06,4.73307848380955e-06,3.375144819184328e-08,1.8286392219124536e-05,0.06517288647592068,0.00925326722999554,0.005274587776511908,0.011643346106278625,0.006030660471878946,0.3350738137960434,0.20012335013598204
2667,7.805806294995194e-05,7.3599124448264774e-06,4.627743535934314e-06,3.3755503836552236e-08,1.8288587284587265e-05,0.06516817398369312,0.009252932549780652,0.005272676004096866,0.011641914366323326,0.006029094802215695,0.3349914103746414,0.20007979217916727
2668,7.771112408065721e-05,7.419265358521443e-06,4.7169797454671425e-06,3.364442680009461e-08,1.822840698650907e-05,0.06518832594156265,0.009254362989561707,0.005274161230772734,0.011641168429413793,0.006028016796335578,0.33494850248098373,0.2000684142112732
2669,7.736518631400779e-05,7.291452476465565e-06,4.657031837496106e-06,3.290748173956359e-08,1.7829134378644085e-05,0.0651763528585434,0.009253513244178474,0.005273809190839529,0.011639932231402273,0.006027588271535933,0.3348773568868637,0.20002685487270355
2670,7.702025002936667e-05,7.240239767725143e-06,4.555423686269933e-06,3.318502284077596e-08,1.79795032408947e-05,0.06516133807599545,0.009252447168242334,0.0052725052228197455,0.011641909678976265,0.006028600502759218,0.3349911570549011,0.20007624756544828
2671,7.667631560499913e-05,7.22698698041313e-06,4.5705561149134155e-06,3.295099926248213e-08,1.7852710243460024e-05,0.06518291868269444,0.009253979208370237,0.005274012102745473,0.011641130928181621,0.006028409698046744,0.3349463418126106,0.20006463024765253
2672,7.633338341807129e-05,7.375790147534644e-06,4.650960391927583e-06,3.3730624071637294e-08,1.827510862995041e-05,0.06516383029520512,0.009252624397381002,0.00527306052390486,0.011641375465291882,0.006029082229360938,0.3349604159593582,0.20006212312728167
2673,7.599145384465044e-05,7.4876716666949505e-06,4.649002917744838e-06,3.477758347969484e-08,1.8842345980374375e-05,0.06519384495913982,0.00925475471497392,0.005274648661725223,0.011642573076062531,0.006029692129231989,0.33502934873104095,0.2001115968450904
2674,7.565052725970388e-05,7.364455001379611e-06,4.624240375505906e-06,3.3823284950607047e-08,1.8325312680644856e-05,0.06517610140144825,0.009253495650892327,0.0052737564546987414,0.011641064831965815,0.006027726805768907,0.3349425122141838,0.20005930680781603
2675,7.531060403709997e-05,7.218437076517148e-06,4.579815083616268e-06,3.280374216707571e-08,1.777292493443383e-05,0.0651798527687788,0.009253761610632143,0.005273418384604156,0.011641748120594033,0.006028281524777412,0.33498185127973557,0.20008085202425718
2676,7.497168454960576e-05,7.307752554197577e-06,4.57029094036443e-06,3.3698308588014925e-08,1.8257598696891364e-05,0.06519381329417229,0.009254752651235718,0.0052737342193722725,0.011641270619658329,0.006028353585861623,0.3349543735384941,0.2000740934163332
2677,7.463376916888841e-05,7.163873590343428e-06,4.56954646210761e-06,3.2376001435352464e-08,1.7541181193792e-05,0.06517241150140762,0.009253233615084693,0.005273279850371182,0.011642139981730287,0.006028095725923777,0.33500439673662186,0.20008840411901474
2678,7.429685826551334e-05,7.1472312868081644e-06,4.530731430918422e-06,3.2508988945245676e-08,1.761322988613756e-05,0.06519681587815285,0.009254965606937286,0.005273943184874952,0.011642376373238327,0.006028573028743267,0.33501802384853363,0.20010741986334324
2679,7.396095220894478e-05,7.163684216493493e-06,4.523100699316274e-06,3.2717164977214e-08,1.772601785887673e-05,0.06518205627799034,0.00925391788052827,0.005274297669529915,0.011640436977329692,0.006027755793184042,0.3349064141511917,0.20004423521459103
2680,7.362605136754458e-05,7.204173414265824e-06,4.555495110025731e-06,3.285165217636887e-08,1.7798886347009102e-05,0.0651785098016262,0.009253666373155948,0.005272849928587675,0.011643399066656146,0.006029976066201925,0.33507687598466873,0.20012769289314747
2681,7.329215610857296e-05,7.060603905983953e-06,4.45666515247467e-06,3.225636069359439e-08,1.7476358493695443e-05,0.06519890390336514,0.009255114093223313,0.005274739232845604,0.011644302168051679,0.006029792712070048,0.33512886613607407,0.2001638850197196
2682,7.295926679818667e-05,7.205705117030448e-06,4.490792818501177e-06,3.334347886685407e-08,1.806535334480941e-05,0.06516480073332787,0.009252693302524517,0.005272581591270864,0.01164220747801067,0.006027938332408667,0.33500830084085464,0.20008655078709126
2683,7.262738380144011e-05,7.12774735234234e-06,4.53544015499574e-06,3.229441103425046e-08,1.749697554487284e-05,0.0651763491332531,0.00925351304760563,0.005273305112496018,0.011641699215148451,0.006028576288372278,0.3349790424108505,0.2000776957720518
2684,7.229650748228346e-05,7.058712725438454e-06,4.456192513657697e-06,3.224239353283309e-08,1.746879257780165e-05,0.06517508812248707,0.00925342340995329,0.005273459362797439,0.011641214680767092,0.006028509116731584,0.33495116233825684,0.20006312523037195
2685,7.1966638203563e-05,7.0524551460948715e-06,4.429285667129079e-06,3.238329682186958e-08,1.754513260721069e-05,0.06517957337200642,0.009253741757286599,0.005274154129438102,0.011641182492344712,0.006029291311278939,0.3349493145942688,0.2000644439831376
2686,7.16377763270209e-05,7.0954828004232695e-06,4.464432834083709e-06,3.252089142424808e-08,1.761968223945587e-05,0.06518202647566795,0.009253915914885587,0.005273468792438507,0.011640981703331808,0.006028394680470228,0.3349377512931824,0.20005988888442516
2687,7.13099222132947e-05,7.06627196223053e-06,4.443577111601371e-06,3.2405297223370155e-08,1.755705079631298e-05,0.06518157199025154,0.009253883776568507,0.00527402269653976,0.011641902335462074,0.006028949981555343,0.3349907249212265,0.20008614845573902
2688,7.098307622191641e-05,7.122246188373538e-06,4.54192014842647e-06,3.219580679836298e-08,1.744354921129343e-05,0.06518231146037579,0.009253936062703291,0.005274105118587613,0.011641340777273235,0.006028283736668527,0.33495841920375824,0.200070365332067
2689,7.0657238711313e-05,7.0176222379814135e-06,4.435882701159244e-06,3.20131282594005e-08,1.734458004420958e-05,0.06515933200716972,0.009252304930310535,0.00527293118648231,0.011641191711367984,0.006027894211001694,0.3349498435854912,0.20005458779633045
2690,7.033241003880527e-05,6.924543100694791e-06,4.396401237727332e-06,3.144562954471297e-08,1.7037109785178473e-05,0.06517969258129597,0.009253750307990149,0.005273769260384142,0.011641988426156418,0.0060293496353551745,0.33499568700790405,0.2000876897946
2691,7.00085905606073e-05,6.981952424212068e-06,4.422655493385719e-06,3.1781604681313524e-08,1.7219139465396438e-05,0.06518913246691227,0.009254420383383345,0.005274248193018138,0.011642489645723253,0.006029251031577587,0.33502454310655594,0.2001068377867341
2692,6.968578063182708e-05,7.055084012108637e-06,4.5046154895089785e-06,3.185141184136597e-08,1.7256957335121115e-05,0.06517626345157623,0.00925350685555888,0.005273649818263948,0.011641711089972015,0.006028493866324425,0.33497972041368484,0.20007799193263054
2693,6.93639806064653e-05,6.939181588450083e-06,4.380642991463901e-06,3.169706574990272e-08,1.7173335379538912e-05,0.06518473662436008,0.009254108447603923,0.005274534923955798,0.011642389653517727,0.006029420881532133,0.3350187689065933,0.2001017527654767
2694,6.904319083741504e-05,6.951553018552659e-06,4.4251914204096465e-06,3.1482345064226536e-08,1.7056998501630005e-05,0.06519652344286442,0.009254945068276024,0.005273782066069543,0.011643018184005278,0.006030121934600174,0.335054948925972,0.2001257361844182
2695,6.872341167646202e-05,6.905253798095146e-06,4.373333638341137e-06,3.1437924152832863e-08,1.70329338970987e-05,0.06518854945898056,0.009254378812209032,0.005274182534776628,0.011642373873419334,0.006029617157764733,0.3350178748369217,0.20010321214795113
2696,6.840464347428277e-05,6.88894192535372e-06,4.360769096933836e-06,3.1380149700943605e-08,1.700163284112932e-05,0.06517649628221989,0.00925352346596065,0.005273213144391775,0.011640661996324204,0.006028702715411782,0.33491935580968857,0.20004792604595423
2697,6.808688658044598e-05,6.891791542784631e-06,4.365408742046384e-06,3.137219739546282e-08,1.6997322063616593e-05,0.0651883389800787,0.009254364365445156,0.005274501396343112,0.01164275368351307,0.006030157208442688,0.33503974229097366,0.20011404063552618
2698,6.777014134341081e-05,6.873531731343974e-06,4.388880100236747e-06,3.103039458718371e-08,1.6812137573651853e-05,0.06518041528761387,0.00925380151376217,0.0052738364320248365,0.011642236382548108,0.006029326468706131,0.33500995486974716,0.20009518507868052
2699,6.745440811052749e-05,6.826012338478904e-06,4.310524900574819e-06,3.117034830246723e-08,1.688796169219131e-05,0.06519290432333946,0.009254688085479511,0.005274213734082878,0.011643434685889608,0.006030759308487177,0.3350789248943329,0.20013591460883617
2700,6.71396872280361e-05,6.834894520579837e-06,4.343689639085824e-06,3.100746315265468e-08,1.6799713421278284e-05,0.06519508734345436,0.00925484306219213,0.005274165770970285,0.011642616822068916,0.0060296530136838555,0.3350318595767021,0.20011347346007824
2701,6.68259790410669e-05,6.771570411956418e-06,4.274394299841333e-06,3.093467360049118e-08,1.6760274320404278e-05,0.06519368104636669,0.009254743216998072,0.00527458474971354,0.0116436021573162,0.006030892487615347,0.3350885584950447,0.2001411197707057
2702,6.651328389363913e-05,6.739621056794931e-06,4.299496467297104e-06,3.045449448180193e-08,1.65001189884606e-05,0.06518883816897869,0.009254399450404018,0.005274535273201764,0.01164181218172951,0.006029463722370565,0.33498553931713104,0.20008718874305487
2703,6.620160212866148e-05,6.775354790988786e-06,4.286759718752364e-06,3.0878306356285634e-08,1.6729734738873958e-05,0.06518493592739105,0.009254122501647522,0.005274142720736563,0.011641780307452505,0.006028336472809315,0.334983691573143,0.20008431375026703
2704,6.589093408793098e-05,6.751740471599987e-06,4.285839452222717e-06,3.06671767980049e-08,1.6615344179626845e-05,0.06518586538732052,0.009254188643817869,0.005273736780509353,0.011641564216302669,0.0060286460211500525,0.33497127890586853,0.20007857214659452
2705,6.558128011213357e-05,6.708037943781164e-06,4.244881537829315e-06,3.0566249642483e-08,1.6560663539166853e-05,0.06518971920013428,0.009254461757818229,0.005274240276776254,0.01164217716722946,0.006030439049936831,0.33500654995441437,0.20009813457727432
2706,6.527264054084284e-05,6.941912516822413e-06,4.351693974058435e-06,3.1935997069076905e-08,1.730278586364875e-05,0.06519431062042713,0.009254787734722585,0.005274791386909783,0.01164450758611219,0.006031368160620332,0.3351406827569008,0.20016749668866396
2707,6.496501571251936e-05,6.976289228077803e-06,4.2967342182009816e-06,3.265900005988698e-08,1.769450921074167e-05,0.06516996771097183,0.009253060132682381,0.00527357030659914,0.011640643557431322,0.006027809577062726,0.3349182829260826,0.20004412531852722
2708,6.465840596451208e-05,6.991753167540082e-06,4.3962304658862195e-06,3.2067147714975874e-08,1.737384366151673e-05,0.06519814394414425,0.009255059946614038,0.005274551105685532,0.011642053579670665,0.006028343923389912,0.3349994271993637,0.20009878557175398
2709,6.435281163305597e-05,7.0299969934239925e-06,4.511725123279575e-06,3.156739758480853e-08,1.710308407609773e-05,0.06515969894826412,0.009252331274473953,0.0052730446914210916,0.011641761714083952,0.0060289641842246056,0.33498263359069824,0.20007116626948118
2710,6.404823305327245e-05,7.142869861809231e-06,4.503340107930853e-06,3.267096393422264e-08,1.7700988223623426e-05,0.06517382152378559,0.009253333673144298,0.005273370072245598,0.011641523747593684,0.006028416566550732,0.3349689468741417,0.20007138419896364
2711,6.374467055916967e-05,7.3250409116099036e-06,4.657220074477664e-06,3.321606611983441e-08,1.799632343590929e-05,0.06518368050456047,0.009254033557864852,0.005274428171105683,0.011641642497074075,0.006029919837601483,0.33497578650712967,0.20007973350584507
2712,6.34421244836411e-05,7.243592420991263e-06,4.596540151169393e-06,3.2912406910945435e-08,1.7831801471857034e-05,0.06517394632101059,0.009253342125936707,0.00527350336778909,0.011641130459415455,0.006028138333931565,0.33494628965854645,0.20006011798977852
2713,6.31405951584652e-05,7.2346320507676865e-06,4.543438905102448e-06,3.322174735309602e-08,1.799940417868129e-05,0.0651906169950962,0.009254525833775125,0.005274650757201016,0.011643522327486989,0.00603034847881645,0.3350839763879776,0.2001372966915369
2714,6.284008291430624e-05,7.083516351258368e-06,4.477271360769919e-06,3.231567857753248e-08,1.750849554582601e-05,0.06517566926777363,0.009253464493985064,0.00527331221383065,0.011641111865008952,0.006027534021995962,0.3349452391266823,0.20006045419722795
2715,6.254058808071248e-05,7.185751712768251e-06,4.486393820002377e-06,3.3191813408883775e-08,1.7983182601710723e-05,0.06518499366939068,0.009254126531124618,0.00527473003603518,0.011642412464315223,0.006029277923516929,0.3350200802087784,0.20010253693908453
2716,6.22421109861169e-05,7.0612016145332746e-06,4.437164577097974e-06,3.240584889319109e-08,1.7557349224261998e-05,0.06518932618200779,0.009254434240399952,0.005274426890537143,0.011642683846881283,0.006028812262229621,0.33503570407629013,0.20011251512914896
2717,6.194465195783637e-05,6.939409814776809e-06,4.366798663113514e-06,3.180138374858643e-08,1.7229853881417512e-05,0.06517953611910343,0.009253739103618373,0.005274372990243137,0.011642536516773966,0.006029596319422126,0.33502721786499023,0.20010337699204683
2718,6.164821132207085e-05,7.0236919782473706e-06,4.41592641209354e-06,3.221648059437143e-08,1.745475333336799e-05,0.0651840828359127,0.009254061862719366,0.005274097551591694,0.011641605309867064,0.006028642994351685,0.33497362583875656,0.20007885433733463
2719,6.135278940390382e-05,7.013697853608392e-06,4.396958587449262e-06,3.226428624270028e-08,1.7480654150858754e-05,0.06519002467393875,0.009254483771693937,0.005274792201817036,0.011641746870617151,0.006029236363247037,0.3349817842245102,0.20008590444922447
2720,6.1058386527302e-05,7.093660912005362e-06,4.403064281177649e-06,3.295715389484144e-08,1.785604706583399e-05,0.0651753731071949,0.009253443755417663,0.0052735741483047605,0.011641628747196247,0.006028606672771275,0.3349749892950058,0.20007518120110035
2721,6.0765003015114e-05,7.2501231329624716e-06,4.498011804798807e-06,3.370009948877595e-08,1.825856787718294e-05,0.06519020162522793,0.009254496351027975,0.005274223163723946,0.011643498893969415,0.006030654767528176,0.335082583129406,0.20013639237731695
2722,6.0472639189070765e-05,7.444318754323831e-06,4.543668453038663e-06,3.5155161670630264e-08,1.9046919533138862e-05,0.06516801565885544,0.009252921344418652,0.005273864371702075,0.011639654689950046,0.0060274460120126605,0.3348614200949669,0.20001471787691116
2723,6.0181295369785425e-05,7.140771515423694e-06,4.425876909408544e-06,3.32234956212929e-08,1.800034971211062e-05,0.06518819183111191,0.00925435365320432,0.005274521419778466,0.011643086300111214,0.006029317853972316,0.33505886048078537,0.20012352615594864
2724,5.989097187675182e-05,7.093259966950427e-06,4.48202581537771e-06,3.2370497948797095e-08,1.7538196345867618e-05,0.06520196236670017,0.00925533116782826,0.005274772876873612,0.011640637932000562,0.006028539384715259,0.33491798490285873,0.20005997363477945
2725,5.960166902834532e-05,7.0064975261630025e-06,4.4423812397553775e-06,3.1862489757727985e-08,1.7262962046515895e-05,0.06518552079796791,0.009254164172252733,0.005274173687212169,0.011643713699448588,0.006030290387570858,0.33509498834609985,0.20014025457203388
2726,5.9313387141822126e-05,6.999638827664967e-06,4.3614807054837e-06,3.2396475946327996e-08,1.755227094690781e-05,0.06519641913473606,0.009254937697931922,0.005274190451018512,0.011644358873171163,0.006030476768501103,0.3351321145892143,0.2001642668619752
2727,5.902612653331858e-05,6.981055406640735e-06,4.305214673649971e-06,3.264037906625106e-08,1.7684418082808406e-05,0.06520374864339828,0.0092554577350083,0.0052748017478734255,0.011643196909819608,0.00603005604352802,0.33506524562835693,0.2001344971358776
2728,5.8739887517851184e-05,6.9511175126990565e-06,4.376495127189628e-06,3.183783670035467e-08,1.7249606401037454e-05,0.06519321911036968,0.009254710098816862,0.0052752894116565585,0.011642635726542241,0.006029422860592604,0.33503293991088867,0.20011307951062918
2729,5.845467040931595e-05,7.013241400954939e-06,4.470540119427824e-06,3.1716834825168405e-08,1.718404604389434e-05,0.0651911273598671,0.009254561900874739,0.005273062619380653,0.011643413283117656,0.006029435666278005,0.3350777104496956,0.20013441890478134
2730,5.817047552048873e-05,6.863469025120139e-06,4.348582862689909e-06,3.123503977686681e-08,1.6923012765346357e-05,0.06518636085093021,0.009254223434606301,0.0052739151287823915,0.011642220758482728,0.006028127856552601,0.33500905334949493,0.20009770710021257
2731,5.788730316302368e-05,6.748767276576473e-06,4.276900241961812e-06,3.070573373342711e-08,1.6636234363431868e-05,0.06519287638366222,0.009254686414822307,0.005274340859614313,0.0116427308733841,0.006029805401340127,0.3350384160876274,0.20011564623564482
2732,5.760515364745437e-05,6.675477749240599e-06,4.237176028709655e-06,3.032264872526724e-08,1.6428684318725573e-05,0.06519671157002449,0.009254958433151689,0.005274750525131822,0.01164080356854568,0.0060279411263763905,0.3349275141954422,0.20006211288273335
2733,5.732402728319215e-05,6.695058800687548e-06,4.220519969067027e-06,3.062632925043829e-08,1.6593213501892023e-05,0.0651976577937603,0.00925502555205161,0.0052745763678103685,0.01164262166536666,0.0060298178577795625,0.3350321352481842,0.20011489652097225
2734,5.704392437852671e-05,6.715277578450696e-06,4.205073324214936e-06,3.0926954885934776e-08,1.6756093998537835e-05,0.06520015932619572,0.00925520302662189,0.005274458089843392,0.01164222200840873,0.006028418778441846,0.3350091278553009,0.2001046435907483
2735,5.676484524062485e-05,6.714172542388042e-06,4.235259837059857e-06,3.069390153154217e-08,1.6629822766844882e-05,0.0651845633983612,0.009254095966022832,0.005274571245536208,0.01164151812258825,0.006027919705957174,0.33496861904859543,0.20007659122347832
2736,5.6486790175531493e-05,6.682474463559629e-06,4.205036063353873e-06,3.062450881774481e-08,1.659222766647872e-05,0.06519019603729248,0.009254496056200028,0.005274057970382273,0.011644318101749512,0.006031931261532009,0.3351297751069069,0.20015998557209969
2737,5.620975948816773e-05,6.595045419999224e-06,4.17027052890262e-06,3.007432736179538e-08,1.6294144529638288e-05,0.0651785284280777,0.009253667552573413,0.005274483002722263,0.011641488903766293,0.0060290765250101686,0.3349669426679611,0.2000727355480194
2738,5.593375348233212e-05,6.585090886801481e-06,4.1669429009516534e-06,3.0007031415202334e-08,1.6257682204923185e-05,0.06519444286823273,0.009254797365460421,0.005274156108498573,0.011642689627557982,0.006030056159943342,0.3350360468029976,0.20011524483561516
2739,5.565877246069882e-05,6.492082434306212e-06,4.092922807785726e-06,2.9695179204480837e-08,1.6088720542484225e-05,0.06518754363059998,0.009254307659222017,0.005273593124002218,0.011643739788280547,0.00603015290107578,0.33509647846221924,0.2001420110464096
2740,5.53848167248183e-05,6.417934031333061e-06,4.057026643522477e-06,2.9275903701275752e-08,1.5861562758345826e-05,0.06518632546067238,0.00925422127247072,0.005274028400890529,0.011641516872586674,0.0060281092301011086,0.33496854454278946,0.20007743500173092
2741,5.5111886575116315e-05,6.283600384904275e-06,3.9604313997188e-06,2.8749351232981724e-08,1.5576275757211988e-05,0.06518769450485706,0.009254318273238223,0.005274079390801489,0.011642232320293126,0.0060290079563856125,0.33500973880290985,0.20009871665388346
2742,5.4839982310894676e-05,6.212062629629145e-06,3.920210673413749e-06,2.838610146937981e-08,1.537946940288748e-05,0.06519892625510693,0.009255115567264507,0.005273669841699302,0.011643523733496544,0.006029696436598897,0.335084043443203,0.20014148484915495
2743,5.4569104230329546e-05,6.1790784116055875e-06,3.90970983232819e-06,2.8159233389501992e-08,1.525655164869022e-05,0.06519436649978161,0.009254791960455727,0.00527455925475806,0.011643269555454694,0.006030206335708499,0.3350694328546524,0.200131899677217
2744,5.4299252630472046e-05,6.137922582638566e-06,3.877989684042404e-06,2.8013607433763354e-08,1.5177653608589026e-05,0.0651909951120615,0.009254552859544168,0.0052742104744538665,0.011641935615606332,0.0060295285657048225,0.3349926471710205,0.200091821141541
2745,5.403042780724754e-05,6.162838587897568e-06,3.913623856988124e-06,2.7980466832389084e-08,1.5159696999944572e-05,0.06519268825650215,0.009254672754731496,0.005274547613225877,0.011642629633368241,0.006029578507877886,0.3350325897336006,0.20011263899505138
2746,5.3762630055455194e-05,6.1637181545393105e-06,3.898405765312418e-06,2.8100935467456623e-08,1.5224966944060725e-05,0.06519072316586971,0.009254533204447236,0.005274106399156153,0.011642574169714693,0.006029594223946333,0.33502939343452454,0.20011005830019712
2747,5.349585966876817e-05,6.144839346688968e-06,3.888712797106564e-06,2.7998272256191115e-08,1.5169345090271236e-05,0.06520181521773338,0.009255320849775326,0.005274172406643629,0.011642762901292234,0.0060287072556093335,0.33504024893045425,0.20012103207409382
2748,5.3230116939733095e-05,6.196403461444788e-06,3.864934186026403e-06,2.8649688288417963e-08,1.552228002310585e-05,0.0651913620531559,0.009254578607657988,0.005274157272651792,0.011642683690646739,0.006029757903888822,0.33503569662570953,0.20011352933943272
2749,5.2965402159769237e-05,6.240092488951632e-06,3.927193645836269e-06,2.8593225454009996e-08,1.5491686951918382e-05,0.06518099270761013,0.009253842301266512,0.005273923859931529,0.011641512966330881,0.006028411095030606,0.33496832102537155,0.20007465686649084
2750,5.2701715619169095e-05,6.342355987953852e-06,3.936296067763578e-06,2.9469769291523562e-08,1.596659535607614e-05,0.06519446521997452,0.009254798741279295,0.005274605471640825,0.011643120045557367,0.006030925898812711,0.33506081998348236,0.20012764260172844
2751,5.243905760709692e-05,6.382445718600138e-06,3.997437559632999e-06,2.938834176013927e-08,1.5922477928143053e-05,0.06520149111747742,0.009255297658681032,0.00527418521232903,0.01164222685187072,0.0060286500956863165,0.335009403526783,0.2001054473221302
2752,5.217742841158968e-05,6.266955836053967e-06,3.951897198817278e-06,2.86587520381687e-08,1.5527189873409952e-05,0.06519816815853119,0.009255061617203814,0.005274528288282454,0.011643374226863058,0.006030315882526338,0.3350754529237747,0.20013681054115295
2753,5.1916828319555675e-05,6.241935068374005e-06,3.938654273838438e-06,2.852561542532328e-08,1.5455057791768922e-05,0.06519464030861855,0.009254811516730488,0.005274417926557362,0.011641553435077341,0.006028429255820811,0.3349706530570984,0.20008264668285847
2754,5.165725761677504e-05,6.2591715561666206e-06,3.950919492012872e-06,2.859413006373046e-08,1.5492179272769135e-05,0.06519811972975731,0.009255058374293973,0.005274757859297097,0.011643172382051214,0.006029734504409134,0.3350638374686241,0.2001309785991907
2755,5.13987165878987e-05,6.287468551136044e-06,3.959903338568438e-06,2.8788944561597418e-08,1.5597728520333476e-05,0.0652026329189539,0.009255378728990215,0.005274487426504493,0.011643775875131398,0.0060300580225884914,0.3350985646247864,0.20015059877187014
2756,5.114120551644888e-05,6.233674781697118e-06,3.923999869925865e-06,2.8557579412336054e-08,1.5472373377178883e-05,0.06519944034516811,0.009255152123411044,0.005274376133456826,0.01164293803770979,0.006029707728885114,0.3350503444671631,0.2001248924061656
2757,5.088472468481785e-05,6.251327363315795e-06,3.924380948205908e-06,2.8717672351241674e-08,1.555911222794748e-05,0.06520102173089981,0.009255264345948137,0.005274848430417478,0.011643440466193535,0.006030314136296511,0.33507926762104034,0.20014014467597008
2758,5.0629274374268205e-05,6.24651346470273e-06,3.9486994580784085e-06,2.8493711168309233e-08,1.5437768922765827e-05,0.06519098579883575,0.009254551975065703,0.005274308961816132,0.011642794304180032,0.0060292871203273535,0.3350420594215393,0.20011652261018753
2759,5.037485486493258e-05,6.244171657954212e-06,3.963117521266213e-06,2.8365648829797863e-08,1.536838760785031e-05,0.06518815644085407,0.009254351097989078,0.005273856339044869,0.011642817739115735,0.006029887706972659,0.33504340052604675,0.2001157784834504
2760,5.01214664358133e-05,6.2117407537698455e-06,3.942909359011537e-06,2.821555200593906e-08,1.5287065934899147e-05,0.06519448943436146,0.009254800706734472,0.005274479044601321,0.011642366373959134,0.006029056617990136,0.3350174352526665,0.20010596234351397
2761,4.986910936478186e-05,6.1594874978254666e-06,3.8982670815812526e-06,2.806291388157689e-08,1.5204368480681296e-05,0.06521073915064335,0.009255953865595025,0.005275167990475893,0.011643746193314186,0.006030801450833678,0.3350968509912491,0.20015379507094622
2762,4.961778392857835e-05,6.106647475689897e-06,3.844825641863281e-06,2.7969830118657057e-08,1.5153934441514139e-05,0.06519151851534843,0.009254589712738402,0.005274458322674036,0.011643345950052966,0.006030137185007334,0.335073821246624,0.2001326698809862
2763,4.936749040281238e-05,6.070227414056717e-06,3.82707771962032e-06,2.7764753274261977e-08,1.5042825509681279e-05,0.06520200334489346,0.0092553339193071,0.005274969968013465,0.011642430744168628,0.0060293416026979685,0.33502116799354553,0.2001115856692195
2764,4.9118229061961286e-05,6.07453347356568e-06,3.844474562697542e-06,2.767605467024481e-08,1.499476866229088e-05,0.06519448570907116,0.009254800411916222,0.005273938179016113,0.011642489020774634,0.0060287886299192905,0.33502450585365295,0.20010949578136206
2765,4.8870000179370724e-05,6.047119910590482e-06,3.801628125188472e-06,2.773939444811191e-08,1.502908651218604e-05,0.06519291177392006,0.009254688871671033,0.0052746477304026484,0.011643609812202572,0.006029466283507645,0.33508899062871933,0.2001409512013197
2766,4.86228040272541e-05,6.0959742143040785e-06,3.8589988946569065e-06,2.7766693055930602e-08,1.5043874952880287e-05,0.06520594842731953,0.009255614172795636,0.005274468450807035,0.011643510454510645,0.006030185730196536,0.3350832909345627,0.2001446196809411
2767,4.8376640876692365e-05,6.096071103911527e-06,3.855971357324961e-06,2.7789938905620204e-08,1.505647009025779e-05,0.0651998221874237,0.009255179245620008,0.005274971015751362,0.011642973502123018,0.006029836134985089,0.33505237847566605,0.20012610033154488
2768,4.813151099763336e-05,6.081350733211366e-06,3.841841021312575e-06,2.7758413789769065e-08,1.5039389211324306e-05,0.06519071571528912,0.00925453281134487,0.005274186609312892,0.01164326346261239,0.0060302943456918,0.33506904542446136,0.20012988056987524
2769,4.788741465889226e-05,6.0880416299369244e-06,3.882866849380662e-06,2.751727012917371e-08,1.4908739956354111e-05,0.06520686484873295,0.009255678928618493,0.005274527589790523,0.011644324506465046,0.0060309384716674685,0.33513011038303375,0.20016848761588335
2770,4.7644352128150714e-05,6.074532024058499e-06,3.877154227893698e-06,2.7434770788481444e-08,1.486404238448813e-05,0.06520834378898144,0.009255784168147157,0.005275051225908101,0.011643419532106234,0.006029841024428606,0.33507806062698364,0.20014320220798254
2771,4.740232367195628e-05,6.0910489310117555e-06,3.899654331007696e-06,2.7421083181877748e-08,1.4856626819437224e-05,0.0652063824236393,0.009255644634620029,0.005274553084746003,0.011642825863215769,0.006029881187714636,0.33504385501146317,0.20012511871755123
2772,4.7161329555723204e-05,6.1411075193973375e-06,3.891535854450012e-06,2.7942989033746812e-08,1.513939355390903e-05,0.06519543752074242,0.009254868219866402,0.005275003146380186,0.011642866483630904,0.006029888871125877,0.3350462168455124,0.2001208271831274
2773,4.69213700437308e-05,6.1334985161920486e-06,3.9093868053896585e-06,2.774097429547595e-08,1.5029944677280582e-05,0.0652108546346426,0.009255962021213354,0.0052747338777408,0.011643277835466048,0.006030518445186317,0.3350699096918106,0.2001403821632266
2774,4.668244539912419e-05,6.137038667475281e-06,3.880422084989732e-06,2.7987494655157263e-08,1.5163504599513544e-05,0.06520388834178448,0.009255467856377307,0.005275120143778622,0.011644053787001748,0.006030938704498112,0.3351145312190056,0.20015920978039503
2775,4.644455588391357e-05,6.155995322387753e-06,3.899783251881672e-06,2.8019495501574454e-08,1.5180843092821306e-05,0.06521267630159855,0.00925609172405701,0.005274596391245723,0.011643298769808111,0.006029027164913714,0.3350710943341255,0.20014188531786203
2776,4.620770175897387e-05,6.1828973514366226e-06,3.889769175202673e-06,2.8341699431777556e-08,1.5355409914263873e-05,0.06521442905068398,0.009256215726136894,0.005275179049931467,0.011644260302937784,0.006030415534041822,0.33512645214796066,0.20017044059932232
2777,4.597188328404477e-05,6.117306469377581e-06,3.8803074886573086e-06,2.7806241309491497e-08,1.5065302363836963e-05,0.06519674882292747,0.009254960791657156,0.005273846676573157,0.011643915066222746,0.00603016943205148,0.33510658144950867,0.20015166513621807
2778,4.573710071773024e-05,6.120770564166378e-06,3.8445213874638284e-06,2.810241195305707e-08,1.5225766333060164e-05,0.06520149484276772,0.009255297756948505,0.005274939932860434,0.011644158607575273,0.006030649761669338,0.3351205885410309,0.2001610416918993
2779,4.550335431749792e-05,6.096703316416097e-06,3.814961672787831e-06,2.8098538384924154e-08,1.5223669606712065e-05,0.06520996056497097,0.00925589883954862,0.0052745104767382145,0.011643424843743888,0.006029968266375363,0.3350783586502075,0.20014415960758924
2780,4.5270644339679463e-05,6.14619850125564e-06,3.875489383631248e-06,2.8108446681329724e-08,1.522903437489731e-05,0.06520003266632557,0.009255194182454773,0.005274168448522687,0.011644441665273942,0.006030738586559892,0.33513688296079636,0.20016845781356096
2781,4.5038971039470035e-05,6.15213286891958e-06,3.865016566351187e-06,2.8240528360257144e-08,1.5300597397072124e-05,0.0652004424482584,0.00925522287683287,0.005275347037240863,0.011642814770693155,0.0060298111056908965,0.3350432440638542,0.2001218432560563
2782,4.480833467092763e-05,6.006218825405085e-06,3.8026523725420702e-06,2.7354375764510053e-08,1.4820483727362443e-05,0.06518986076116562,0.009254472273381461,0.005274895462207496,0.011643143011152289,0.006029789103195071,0.33506210893392563,0.20012598484754562
2783,4.457873548697356e-05,5.940562971318286e-06,3.7314515424213823e-06,2.7274132397003825e-08,1.477700772056778e-05,0.06520540080964565,0.009255575063596687,0.005274694412946701,0.01164282414465662,0.006029476528055966,0.3350437954068184,0.20012459810823202
2784,4.43501737393911e-05,5.956938991857896e-06,3.7328767632516247e-06,2.741473215106538e-08,1.4853187281005376e-05,0.06519103422760963,0.009254555218152995,0.005274956696666777,0.011643529357533065,0.006029824842698872,0.33508437871932983,0.20013770647346973
2785,4.4122649678826614e-05,5.973226109290408e-06,3.749767529370729e-06,2.7440338334905334e-08,1.4867059803691518e-05,0.06519457697868347,0.009254806897915554,0.005273886490613222,0.011643139886584214,0.0060300438199192286,0.3350619673728943,0.20012827217578888
2786,4.389616355478769e-05,5.966464243556402e-06,3.7541409199093323e-06,2.734564907846959e-08,1.4815757481301262e-05,0.06519433856010437,0.00925478989672583,0.005274531780742109,0.011642470741012729,0.006029188400134444,0.3350234404206276,0.20010888949036598
2787,4.3670715615644684e-05,5.969494452529034e-06,3.738091791660736e-06,2.7492102927517692e-08,1.4895104470724618e-05,0.06520386785268784,0.009255466087595173,0.0052749557653442025,0.0116424560546875,0.006029686075635254,0.33502260595560074,0.2001132369041443
2788,4.344630610862849e-05,5.94554560962024e-06,3.7303014437384263e-06,2.7328609042420737e-08,1.480652190366527e-05,0.06520155444741249,0.009255302080716208,0.005275137024000287,0.011643593877535479,0.0060303929494693875,0.3350880816578865,0.2001448180526495
2789,4.322293527983186e-05,5.882304208171263e-06,3.6884945444626283e-06,2.7053632889462165e-08,1.4657542180884775e-05,0.0652045514434576,0.009255514728980719,0.005274550057947636,0.01164397099214104,0.006030588527210057,0.33510977774858475,0.20015716459602118
2790,4.3000603374208156e-05,5.903861875822258e-06,3.7049010046530384e-06,2.713144875432505e-08,1.469970476364324e-05,0.06520508974790573,0.009255553052316562,0.005274985684081912,0.011643363603539143,0.006029325188137591,0.3350748270750046,0.20013995841145515
2791,4.277931063557162e-05,5.852487930724237e-06,3.6628285897677415e-06,2.6967958866030983e-08,1.461112481138116e-05,0.06520820967853069,0.009255774341911282,0.00527505693025887,0.011643894757861912,0.006030427408404648,0.33510541915893555,0.20015681441873312
2792,4.25590573065968e-05,5.828002457519688e-06,3.6654908939226516e-06,2.672233523348666e-08,1.4478048342425609e-05,0.06520177610218525,0.009255318000025345,0.005275155417621136,0.01164371822984875,0.006030461983755231,0.33509523421525955,0.2001485051587224
2793,4.2339843628818695e-05,5.83643358709196e-06,3.678699329157098e-06,2.6702630218089496e-08,1.4467370021975512e-05,0.06519939377903938,0.009255148978801964,0.005274609895423055,0.011642566826619629,0.00603013054933399,0.3350289687514305,0.20011418126523495
2794,4.212166984263195e-05,5.816670153535597e-06,3.6952105659793233e-06,2.6398339847411023e-08,1.4302508361652144e-05,0.06521211192011833,0.009256051437762283,0.005275303148664534,0.011643666989357922,0.006030136835761368,0.33509228378534317,0.20015219785273075
2795,4.1904536187290474e-05,5.87282673336631e-06,3.728200312025365e-06,2.6673024677847934e-08,1.4451331537657097e-05,0.0651872530579567,0.009254286922544121,0.005274100229144096,0.01164276774452921,0.006029627285897732,0.33504053205251694,0.20011389255523682
2796,4.168844290090838e-05,5.803675293236665e-06,3.6808529131349133e-06,2.6384421869529717e-08,1.429496450100487e-05,0.06521161273121834,0.009256015867766062,0.00527512573171407,0.011643175662838515,0.0060299106407910585,0.33506401628255844,0.2001378145068884
2797,4.1473390220458364e-05,5.8611814495179715e-06,3.718190214385686e-06,2.6639458194921417e-08,1.4433146191095148e-05,0.0652072075754404,0.009255703297915531,0.005275174276903272,0.011643398754206249,0.006030393298715353,0.33507683873176575,0.20014202315360308
2798,4.125937838177186e-05,5.837037491573938e-06,3.6820167110818147e-06,2.6683712017749883e-08,1.4457120300903625e-05,0.06520548090338707,0.009255580664673007,0.005274889525026083,0.011643469680118123,0.0060307655949145555,0.33508092164993286,0.20014320127665997
2799,4.10464076195394e-05,5.83352405669757e-06,3.689860264444178e-06,2.6593376389882906e-08,1.440817908360259e-05,0.06520848162472248,0.00925579369958599,0.005274674855172634,0.011642957879046801,0.006030346849001944,0.335051491856575,0.20012998674064875
2800,4.083447816730937e-05,5.8710369046366395e-06,3.7032606030606985e-06,2.6840635491964804e-08,1.4542141684614762e-05,0.06521282903850079,0.009256102041250628,0.0052755342330783606,0.011644638177002628,0.006030837772414088,0.3351481780409813,0.20018050353974104
2801,4.0623590257488334e-05,5.863054951760205e-06,3.703628578932694e-06,2.6764253924227432e-08,1.4500759789370932e-05,0.06519590690732002,0.009254901239210103,0.005274263094179332,0.011642292472770068,0.006029704003594816,0.33501318097114563,0.20010454393923283
2802,4.041374412134078e-05,5.839041421040747e-06,3.6811205177400552e-06,2.6708817046916522e-08,1.4470724920556677e-05,0.06521111354231834,0.009255980592413818,0.005275253672152758,0.011644907477037785,0.006031686207279563,0.3351636752486229,0.20018739439547062
2803,4.0204939988988736e-05,5.829912822719052e-06,3.681672552602322e-06,2.6620494919527005e-08,1.4422873505282041e-05,0.06520016491413116,0.009255203616232732,0.005274658906273544,0.011642991312404332,0.006029587471857667,0.335053414106369,0.2001267895102501
2804,3.999717808941152e-05,5.757898861702415e-06,3.6330743000689836e-06,2.6314709633545874e-08,1.4257196596645372e-05,0.06520814262330532,0.009255769625314355,0.005275394301861525,0.011644231559638112,0.0060308474348858,0.33512480556964874,0.20016647409647703
2805,3.979045865044576e-05,5.7134694202432e-06,3.5994312241882653e-06,2.615307104214537e-08,1.416962169287217e-05,0.0651915930211544,0.009254594921311352,0.005274423165246844,0.011644033947532155,0.0060303532518446445,0.33511341363191605,0.20015250332653522
2806,3.95847818987844e-05,5.684956306595268e-06,3.596484603463068e-06,2.5911691237112677e-08,1.4038842607533297e-05,0.065211096778512,0.009255979315030853,0.005275091156363487,0.011643516547223702,0.006031022523529828,0.33508363366127014,0.20014736521989107
2807,3.938014805997717e-05,5.6716906442488835e-06,3.5814903469599813e-06,2.5899968114639904e-08,1.4032491549187398e-05,0.06520376354455948,0.009255458717665971,0.005274726776406169,0.011643273304894527,0.006030617048963904,0.3350696265697479,0.2001366950571537
2808,3.9176557358430316e-05,5.63928603014574e-06,3.545849693864511e-06,2.5864048680546148e-08,1.40130312047404e-05,0.0652023945003748,0.00925536172885089,0.005274759256280959,0.01164271290647023,0.006029548239894211,0.33503738045692444,0.20011988747864962
2809,3.897401001740602e-05,5.691500859938969e-06,3.590410472043004e-06,2.6016930165795316e-08,1.4095861786245223e-05,0.065213393419981,0.009256142425583614,0.005275212111882865,0.011643432654971331,0.006030832417309284,0.33507878333330154,0.20014608837664127
2810,3.877250625902213e-05,5.703043370886007e-06,3.5794910644426636e-06,2.6204070913138366e-08,1.4197252028225193e-05,0.06520848162472248,0.009255793601323784,0.005274871946312487,0.011643002560989019,0.006029871175996959,0.33505404740571976,0.20013126451522112
2811,3.85720463042525e-05,5.82018779482496e-06,3.6361247595095847e-06,2.6867024605081724e-08,1.455643911185689e-05,0.06520657800137997,0.00925565848980376,0.005275275907479227,0.011644191881270903,0.006030812277458608,0.3351224958896637,0.20016453694552183
2812,3.837263037292571e-05,5.788460413214125e-06,3.660962633489362e-06,2.639085294742216e-08,1.429845133316121e-05,0.06520835682749748,0.009255785052507874,0.0052748353919014335,0.011642940537407654,0.006030046264640987,0.33505047857761383,0.20012941770255566
2813,3.8174258683725906e-05,5.807068276908467e-06,3.639778327624299e-06,2.6718977474970984e-08,1.4476227818249754e-05,0.0652069728821516,0.009255686887952403,0.005274516763165593,0.011643372977060747,0.0060302045894786716,0.33507537841796875,0.20014117565006018
2814,3.797693145419206e-05,5.750622875666522e-06,3.6263292884086695e-06,2.6297358290960915e-08,1.424779691205913e-05,0.0652021411806345,0.009255343942544528,0.005275020143017173,0.011642953504581706,0.006030438235029578,0.3350512236356735,0.200126682408154
2815,3.778064890071765e-05,5.708169339868618e-06,3.583799298212398e-06,2.6219565074647733e-08,1.4205648710685637e-05,0.06521676294505596,0.009256381485435209,0.005275300238281488,0.011644429324601614,0.006031123804859817,0.33513616770505905,0.2001764653250575
2816,3.758541123855054e-05,5.705877697437245e-06,3.573279698798615e-06,2.627608253202851e-08,1.423626946461809e-05,0.0652040708810091,0.009255480729170443,0.005274831084534526,0.011641877648720836,0.006028681294992566,0.3349893167614937,0.2000966938212514
2817,3.739121868179265e-05,5.707187483494636e-06,3.581683557740689e-06,2.6226123828188008e-08,1.4209202845449909e-05,0.06521100364625454,0.009255972731592772,0.005275035509839654,0.011644863271020751,0.006031405762769282,0.33516116440296173,0.20018608402460814
2818,3.719807144340011e-05,5.689670672381908e-06,3.6055433838555473e-06,2.5888315824396102e-08,1.4026179485426837e-05,0.0652167797088623,0.009256382566250769,0.00527533027343452,0.011644171417178275,0.006030719727277756,0.3351213335990906,0.20016905665397644
2819,3.700596973518233e-05,5.639444282223849e-06,3.543318626952896e-06,2.588419401039488e-08,1.4023946334873472e-05,0.06520470604300499,0.009255525636407845,0.00527484284248203,0.011643875074339918,0.006030383403412998,0.3351042792201042,0.2001544926315546
2820,3.681491376780258e-05,5.632204477024061e-06,3.5409649825624e-06,2.583475533501911e-08,1.3997161886436515e-05,0.06521213427186012,0.00925605310817311,0.005275164847262204,0.011643513266532452,0.006030522286891937,0.3350834399461746,0.20014778710901737
2821,3.662490375077713e-05,5.64894079957412e-06,3.5793805324146888e-06,2.5705594541847177e-08,1.3927181441886205e-05,0.06521376222372055,0.009256168660566836,0.005275191622786224,0.01164402176264431,0.006030584103427827,0.33511269837617874,0.20016323029994965
2822,3.643593989247533e-05,5.686900436785436e-06,3.553399423594783e-06,2.624772266202058e-08,1.4220903665318474e-05,0.06520525738596916,0.009255564745815646,0.005275024916045368,0.011642651193815766,0.006030406570062041,0.3350338339805603,0.20011954568326473
2823,3.6248022400119e-05,5.687541204224544e-06,3.5488522485138674e-06,2.6287208187980582e-08,1.4242296572319901e-05,0.06521165929734707,0.009256019208600252,0.0052749174647033215,0.011643594033757811,0.006030618213117123,0.3350880965590477,0.20014987792819738
2824,3.606115147978284e-05,5.671349185831787e-06,3.5703543943554905e-06,2.5979033146938946e-08,1.4075327953833039e-05,0.06520584411919117,0.009255606409927583,0.0052746537839993834,0.0116426480691157,0.006029871059581637,0.335033655166626,0.20011974964290857
2825,3.587532733639366e-05,5.6745743961528206e-06,3.576767767299316e-06,2.5961444660715927e-08,1.4065800485241198e-05,0.06521176546812057,0.009256026971122098,0.005275135044939816,0.011643352667754401,0.006030773627571762,0.33507420122623444,0.2001429833471775
2826,3.569055017373053e-05,5.664208771349877e-06,3.5898093386776964e-06,2.5769499645278415e-08,1.3961806189399795e-05,0.06520890817046165,0.009255823964295777,0.00527510023675859,0.011643355167363248,0.006030159071087837,0.3350743427872658,0.20014162547886372
2827,3.550682019442419e-05,5.603107581464428e-06,3.52282580706742e-06,2.5700158667874007e-08,1.3924234167461691e-05,0.06521284580230713,0.009256103416875574,0.005275289178825915,0.011643649023888541,0.006030727177858353,0.3350912556052208,0.20015205070376396
2828,3.532413759995731e-05,5.6165346222769585e-06,3.535294482048812e-06,2.5732011188495107e-08,1.39414944442251e-05,0.06520731933414936,0.009255711257228487,0.005274844472296536,0.011643432811195828,0.006030473974533379,0.33507881313562393,0.20014306623488665
2829,3.5142502590663284e-05,5.606036211247556e-06,3.5289122877202317e-06,2.5682248661063056e-08,1.3914531393766083e-05,0.0652115922421217,0.009256014786907683,0.00527539465110749,0.011644561166044651,0.006031352444551885,0.3351437598466873,0.2001776760444045
2830,3.4961915365727525e-05,5.5986744769143115e-06,3.5277284098356176e-06,2.5623049904055506e-08,1.3882458347325155e-05,0.06520653329789639,0.009255655443630393,0.005274777300655842,0.01164365511652909,0.006030199467204511,0.33509161323308945,0.20014907326549292
2831,3.478237612318584e-05,5.577255635103029e-06,3.5061197394270494e-06,2.5584914298271144e-08,1.3861798549896776e-05,0.06521553918719292,0.009256294430240224,0.00527523981872946,0.011644212032899493,0.006030421471223235,0.3351236879825592,0.20016961358487606
2832,3.460388505992531e-05,5.61275726340682e-06,3.516667405278895e-06,2.5834671291136146e-08,1.3997116013797495e-05,0.06521612033247948,0.00925633550152904,0.005275190691463649,0.011643971304575583,0.006030522636137903,0.33510982245206833,0.2001629713922739
2833,3.442644237168321e-05,5.5953406388198346e-06,3.5185377527113815e-06,2.566013379556864e-08,1.3902551870614843e-05,0.06520457938313484,0.009255516890814145,0.005274936440400779,0.011644442446328711,0.006030994700267911,0.33513692766427994,0.2001707535237074
2834,3.425004825304698e-05,5.578110432225003e-06,3.5227408972104968e-06,2.5470097031465855e-08,1.37995884870179e-05,0.06519871763885021,0.009255100728572429,0.005274620605632663,0.011642532454623706,0.006030008778907359,0.33502697944641113,0.20011284854263067
2835,3.407470289745459e-05,5.549461093323771e-06,3.4983413286227005e-06,2.538584037425906e-08,1.3753939867910958e-05,0.06521547771990299,0.009256290303449932,0.005275214440189302,0.011643484365164833,0.006030023912899196,0.3350817710161209,0.20014862436801195
2836,3.390040649719365e-05,5.552372130068761e-06,3.507840190764e-06,2.5342574927478267e-08,1.3730499517805583e-05,0.06521285697817802,0.009256104399464697,0.005275879055261612,0.011644423076154943,0.006031022756360471,0.3351358100771904,0.2001743335276842
2837,3.372715924340142e-05,5.634020425304698e-06,3.5745258628594456e-06,2.5603741460322738e-08,1.387199796454297e-05,0.06520828045904636,0.009255779451555238,0.0052747721783816814,0.011643120045557367,0.006029865238815546,0.33506081253290176,0.20013454649597406
2838,3.3554961326065035e-05,5.586191946349572e-06,3.5236511450875696e-06,2.5537954417842457e-08,1.383635481033707e-05,0.06521117314696312,0.009255984522821838,0.005274933995679021,0.011644377618604476,0.006030631950125098,0.3351332023739815,0.2001721877604723
2839,3.33838129340205e-05,5.526934117483506e-06,3.4672587645445674e-06,2.540742510825922e-08,1.376563534449815e-05,0.0652080662548542,0.009255764712190001,0.005274643888697028,0.011643252526733592,0.00603020959533751,0.3350684493780136,0.2001382578164339
2840,3.3213714254952934e-05,5.567766379499517e-06,3.505941066350715e-06,2.5498662403755645e-08,1.3815067404721049e-05,0.0652178768068552,0.00925646028638428,0.005275400006212294,0.011644823126188508,0.006031024386174977,0.3351588323712349,0.20018835458904505
2841,3.304466547539638e-05,5.547803908712012e-06,3.5012644161724893e-06,2.534896625938643e-08,1.3733961822026686e-05,0.06521221064031124,0.009256058315922576,0.005275162169709802,0.011643496550615062,0.0060308245010674,0.3350824788212776,0.20014734473079443
2842,3.2876666780733724e-05,5.565267116480754e-06,3.462979677237854e-06,2.5792778468591848e-08,1.397441667450039e-05,0.06521578878164291,0.009256312411233591,0.005275228293612599,0.011644054568082537,0.006030316231772304,0.33511459827423096,0.20016519352793694
2843,3.2709718355195927e-05,5.508338432491655e-06,3.4592866455795956e-06,2.5294670802367136e-08,1.3704544869597157e-05,0.06520818546414375,0.009255772769712572,0.005275070085190237,0.011644219374957056,0.006031017634086311,0.33512409031391144,0.2001661378890276
2844,3.254382038186261e-05,5.531659951429901e-06,3.4653547089646963e-06,2.54650945885615e-08,1.379688052338679e-05,0.06521526724100113,0.009256275171869789,0.005275384173728526,0.01164416329401703,0.006031074328348041,0.33512086421251297,0.20016806572675705
2845,3.23789730426611e-05,5.531472538677917e-06,3.479278220197557e-06,2.5360569866350602e-08,1.3740249471538846e-05,0.06521300785243511,0.009256114814902983,0.005275449133478105,0.011643782280145187,0.006031006341800094,0.3350989297032356,0.20015596877783537
2846,3.221517651836676e-05,5.503727379618795e-06,3.4529540897665356e-06,2.5298870443002386e-08,1.3706820254810737e-05,0.06520641967654228,0.009255647582533198,0.005274959607049823,0.011643435467011928,0.006030386430211365,0.33507896959781647,0.20014269463717937
2847,3.2052430988602545e-05,5.500436060401626e-06,3.4518754858936518e-06,2.5276459592049605e-08,1.3694678216324974e-05,0.06521177291870117,0.009256027364161007,0.0052748427260667086,0.01164324549652037,0.006030062795616686,0.3350680246949196,0.20013989880681038
2848,3.18907366318388e-05,5.529334430320887e-06,3.463775797740709e-06,2.545529587116846e-08,1.3791568676424504e-05,0.06521342135965824,0.009256143997719533,0.005275096744298935,0.011643997080396524,0.006030594231560826,0.3351112976670265,0.20016235951334238
2849,3.173009362539337e-05,5.540971386608362e-06,3.4918239890657787e-06,2.5355608834765064e-08,1.3737561062043824e-05,0.06520720385015011,0.009255703003126031,0.005274830968119204,0.011643194878859855,0.006030359771102667,0.3350651264190674,0.20013616513460875
2850,3.157050214543115e-05,5.547339355871372e-06,3.479148375618024e-06,2.550795863420774e-08,1.3820102765293996e-05,0.06520743295550346,0.0092557191182716,0.005275274161249399,0.011644128145657877,0.006031165132299066,0.3351188451051712,0.20016313903033733
2851,3.141196236696334e-05,5.499593427771288e-06,3.4570184936910664e-06,2.5230712519253018e-08,1.3669892666712258e-05,0.06521714478731155,0.00925640880055337,0.0052750169998034835,0.011643371883483616,0.006030477583408356,0.3350752964615822,0.20014622062444687
2852,3.1254474463848536e-05,5.48109937881236e-06,3.4341618970756826e-06,2.5228785949238386e-08,1.3668848851011717e-05,0.06521791219711304,0.009256463135782591,0.0052752787014469504,0.011644174229040462,0.0060306754894554615,0.3351215049624443,0.20016970857977867
2853,3.109803860879141e-05,5.505828880814079e-06,3.4779361470782533e-06,2.5133825243273122e-08,1.3617399588383705e-05,0.0652194693684578,0.009256573377347194,0.005275162635371089,0.011643411408420429,0.006030758027918637,0.33507756888866425,0.20014851912856102
2854,3.0942654973343156e-05,5.536483911328105e-06,3.50714137198338e-06,2.5201110642747437e-08,1.3653853727646492e-05,0.06521892547607422,0.009256534861726966,0.005275151110254228,0.011643960838013822,0.006031129159964621,0.3351091966032982,0.2001640610396862
2855,3.078832372790108e-05,5.54841429334374e-06,3.466051751388477e-06,2.5614568022191975e-08,1.3877863807465474e-05,0.06521525606513023,0.009256274680584304,0.005275427480228245,0.011643385943753193,0.006030932767316699,0.33507610857486725,0.20014568231999874
2856,3.0635045041708015e-05,5.5277039336942835e-06,3.446932268502678e-06,2.5564601324745695e-08,1.3850790082869935e-05,0.0652215089648962,0.00925671820250534,0.005275352741591632,0.011644695973938766,0.0060310817789286375,0.3351515233516693,0.20018651615828276
2857,3.0482819082853006e-05,5.478803842606794e-06,3.4408088254167524e-06,2.5158525041035773e-08,1.3630783541884739e-05,0.06520356796681881,0.009255444763917276,0.005274953437037766,0.011643299238486981,0.006030219956301153,0.3350711166858673,0.20013734232634306
2858,3.033164601827043e-05,5.505576666564593e-06,3.4518629661306477e-06,2.5323993013692814e-08,1.3720430843022768e-05,0.0652215275913477,0.009256719676291096,0.005275492090731859,0.011644333254363499,0.006030420889146626,0.3351306617259979,0.2001760946586728
2859,3.018152601374022e-05,5.5014923532326065e-06,3.4423734831534603e-06,2.5356356458949847e-08,1.373796737880184e-05,0.06520934030413628,0.00925585491673752,0.005275087896734476,0.011643084581590506,0.006030356045812368,0.3350587710738182,0.20013405568897724
2860,3.0032459233887205e-05,5.514908423265297e-06,3.4819358205595563e-06,2.5188086949512467e-08,1.364679826565407e-05,0.06521066650748253,0.009255948952568467,0.005275687552057207,0.011644530080341267,0.00603099656291306,0.33514196425676346,0.200176315382123
2861,2.9884445842181557e-05,5.482846660243013e-06,3.4217216295928665e-06,2.5336757913940744e-08,1.3727346527048212e-05,0.06521755643188953,0.009256437884187705,0.00527525064535439,0.011645188954524563,0.006031096214428544,0.3351799100637436,0.20019873324781656
2862,2.9737486000937916e-05,5.476227414646928e-06,3.42659772911702e-06,2.5239668022258854e-08,1.3674745446223824e-05,0.06522070989012718,0.009256661608954777,0.005275545408949256,0.011643743225128303,0.00603012868668884,0.33509668707847595,0.20015869848430157
2863,2.9591579871315836e-05,5.420285447144124e-06,3.3914034531790094e-06,2.4983238922082762e-08,1.3535812854570395e-05,0.06522339582443237,0.00925685231604834,0.005275662406347692,0.011644085811271111,0.006030616350471973,0.335116408765316,0.2001699022948742
2864,2.9446727613319336e-05,5.369040962932559e-06,3.3706038209402323e-06,2.466388748789683e-08,1.3362789104576223e-05,0.06521781533956528,0.009256456159667933,0.005274996627122164,0.011644579754943209,0.00603150250390172,0.3351448327302933,0.20018132403492928
2865,2.9302929385796592e-05,5.372678799631103e-06,3.3768764922115224e-06,2.4651148122778466e-08,1.3355887574562075e-05,0.06521193496882915,0.00925603886054167,0.005274899653159082,0.011643659178287684,0.006030650343745947,0.33509185165166855,0.20015189331024885
2866,2.916018534644024e-05,5.352937421321258e-06,3.3623031185925356e-06,2.4576558121935932e-08,1.3315474006958539e-05,0.06521204300224781,0.00925604632826847,0.005275732837617397,0.011643063646863329,0.006029837531968951,0.3350575491786003,0.20013479609042406
2867,2.9018495651786225e-05,5.358010753298004e-06,3.366116402503394e-06,2.4595222580803267e-08,1.3325587815415929e-05,0.06521605513989925,0.00925633137475706,0.005275353090837598,0.011644040039971295,0.006031173164956272,0.3351137712597847,0.20016491319984198
2868,2.8877860457214948e-05,5.34281075204035e-06,3.36682666102206e-06,2.4449708813101267e-08,1.3246746732420434e-05,0.06521919555962086,0.009256554316065377,0.005275082658044994,0.011643889915093715,0.006030819262377918,0.33510513603687286,0.20016216579824686
2869,2.873827991695e-05,5.361018622807023e-06,3.3693220728991946e-06,2.4599313031004044e-08,1.3327804026630474e-05,0.06521352753043175,0.009256152054911935,0.005275428760796785,0.011644242807024694,0.0060312526766210794,0.3351254314184189,0.20016947947442532
2870,2.8599754184058678e-05,5.381305015816906e-06,3.3792709928093245e-06,2.4713081692162575e-08,1.3389440994160395e-05,0.06521220691502094,0.009256058021144382,0.005275117699056864,0.011643197690957879,0.006030294811353087,0.3350652828812599,0.20013874489814043
2871,2.8462283410451262e-05,5.42320370300331e-06,3.386885154554875e-06,2.5043528029122797e-08,1.356847729994115e-05,0.06522681750357151,0.009257094894510202,0.005275146337226033,0.011645293921079847,0.0060317040188238025,0.3351859450340271,0.2002063812687993
2872,2.832586774688163e-05,5.431422351875881e-06,3.3980709588377067e-06,2.5036793083188513e-08,1.3564827384016098e-05,0.06521232984960079,0.009256066864486101,0.00527523725759238,0.011644626305164016,0.006031285738572478,0.33514752984046936,0.20017992984503508
2873,2.8190507342945988e-05,5.4818559362956876e-06,3.4131775805690268e-06,2.5390689550874868e-08,1.3756568762346433e-05,0.0652221217751503,0.009256761728212487,0.005275421077385545,0.011643053023256036,0.0060304232174530625,0.33505696058273315,0.20013954117894173
2874,2.8056202347083598e-05,5.491834201620804e-06,3.433422335774594e-06,2.5333313558029147e-08,1.3725481267101713e-05,0.06520760804414749,0.00925573189245242,0.00527516077272594,0.011643222218672956,0.006029804120771587,0.33506670594215393,0.2001371569931507
2875,2.792295290657659e-05,5.4622904315237975e-06,3.4275703200137286e-06,2.5103873313447878e-08,1.3601170451238431e-05,0.06521215848624706,0.0092560546803242,0.005275547155179083,0.011644515240403351,0.0060314295114949346,0.3351411297917366,0.20017664413899183
2876,2.7790759167549093e-05,5.391917881070185e-06,3.374683402057599e-06,2.4844887369646074e-08,1.3460855484481726e-05,0.06521837785840034,0.009256495952927482,0.005275665083900094,0.011644242650811066,0.006031049648299813,0.3351254165172577,0.20017189718782902
2877,2.765962127496797e-05,5.354612426344829e-06,3.3523810998303816e-06,2.4665270492718605e-08,1.3363537107125012e-05,0.0652122013270855,0.009256057922884982,0.005275220260955393,0.011643821335031073,0.006030709482729435,0.3351011946797371,0.2001566980034113
2878,2.7529539372641772e-05,5.3438702138919325e-06,3.3399375496401262e-06,2.4657998864974218e-08,1.3359600131934712e-05,0.06521127559244633,0.009255991892332375,0.005275371135212481,0.011644365746500216,0.006031042197719216,0.33513251692056656,0.20017189625650644
2879,2.740051360322135e-05,5.339691796280022e-06,3.3496844622504796e-06,2.4547479826608765e-08,1.3299720876602805e-05,0.06521441042423248,0.009256214350528638,0.0052755443612113595,0.011643191910533427,0.006030776188708842,0.33506494015455246,0.20013967528939247
2880,2.7272544108199237e-05,5.3583916326260805e-06,3.3536664147959527e-06,2.4690654798487088e-08,1.3377292020777531e-05,0.06521202996373177,0.00925604564045178,0.005275426781736314,0.011643650429882796,0.006030149641446769,0.33509134501218796,0.20015168748795986
2881,2.714563102790985e-05,5.425454929763873e-06,3.3759875179839582e-06,2.5144760606998773e-08,1.362332369581054e-05,0.06521910056471825,0.009256547143511025,0.005275649367831647,0.01164447243879227,0.006031425436958671,0.3351386487483978,0.20017887465655804
2882,2.7019774501528734e-05,5.410276429529404e-06,3.3851094656256464e-06,2.493733741726345e-08,1.3510943972505629e-05,0.06520669907331467,0.009255667333527213,0.005275259609334171,0.01164303443191995,0.006030523916706443,0.3350558802485466,0.20013128966093063
2883,2.689497466707311e-05,5.353849672928845e-06,3.3448852718720445e-06,2.4713569080070386e-08,1.338970673714357e-05,0.06521889567375183,0.009256532700131284,0.005275219678878784,0.011644045663758443,0.0060307790990918875,0.33511409908533096,0.2001664973795414
2884,2.6771231661401225e-05,5.339944522120277e-06,3.3473440623765782e-06,2.456709291553949e-08,1.3310345991612849e-05,0.06522170267999172,0.009256732056082188,0.005275464151054621,0.01164433028632726,0.006031269556842744,0.335130475461483,0.20017608907073736
2885,2.6648545620212558e-05,5.326302499497615e-06,3.3519639686119262e-06,2.4407086685052093e-08,1.3223656367244985e-05,0.06522189453244209,0.009256745614882007,0.00527554820291698,0.011644163606446413,0.006031009717844427,0.33512086421251297,0.20017137937247753
2886,2.652691667804729e-05,5.321151917314637e-06,3.3427855754553093e-06,2.442731711349566e-08,1.3234616773161179e-05,0.06522042863070965,0.009256641663575852,0.005275013973005116,0.011643154572046878,0.0060301696648821235,0.33506280928850174,0.2001416189596057
2887,2.6406344968286525e-05,5.339560090078521e-06,3.3398322472066866e-06,2.4619004390658006e-08,1.333847094997509e-05,0.06521384231746197,0.009256174359542124,0.005275205476209521,0.011644928096041342,0.006031351746059954,0.3351648673415184,0.20018935482949018
2888,2.6286830623152062e-05,5.333881205160651e-06,3.3314175453824646e-06,2.4628717398833544e-08,1.3343734963200404e-05,0.06522039137780666,0.00925663891248573,0.005275537958368659,0.011644052381056197,0.006030867691151798,0.335114486515522,0.20016743894666433
2889,2.6168373773705753e-05,5.313744367185791e-06,3.317831101412594e-06,2.4543193255510687e-08,1.3297397003952938e-05,0.06522171944379807,0.009256733038604581,0.0052755813812837005,0.011644652235743227,0.006031138706021011,0.33514900505542755,0.2001853622496128
2890,2.605097454985015e-05,5.285753502448642e-06,3.3122010165698157e-06,2.4326442193967068e-08,1.3179963218590274e-05,0.06521750427782536,0.009256434052227598,0.005275388830341399,0.011644326068590252,0.0060316197341308,0.3351302370429039,0.20017387066036463
2891,2.5934633080328083e-05,5.285875630534065e-06,3.323573864122409e-06,2.4243604790363804e-08,1.3135082326698466e-05,0.06522413901984692,0.009256904880167043,0.005275702918879688,0.01164405316213708,0.0060311241541057825,0.335114523768425,0.20016933139413595
2892,2.5819349492721992e-05,5.254163525592048e-06,3.29918565000753e-06,2.4131002585026096e-08,1.3074074729502172e-05,0.06521848402917385,0.009256503616794861,0.005275212111882865,0.011644444008438096,0.006031134049408138,0.3351370394229889,0.20017776172608137
2893,2.5705123913454596e-05,5.220877724809725e-06,3.2782553205379372e-06,2.3978348084874312e-08,1.2991366645564995e-05,0.06521722115576267,0.00925641420461396,0.005275495816022158,0.01164461865094586,0.006031344411894679,0.33514707535505295,0.2001821482554078
2894,2.559195646778823e-05,5.212718576785846e-06,3.2668250753431494e-06,2.3987437702821524e-08,1.299629178674877e-05,0.06522153504192829,0.009256720167552962,0.00527556159067899,0.011644349812867577,0.006031334865838289,0.33513157069683075,0.20017655286937952
2895,2.5479847279824962e-05,5.22754558573979e-06,3.2794458775242674e-06,2.403109367055123e-08,1.3019943651215726e-05,0.06521597690880299,0.009256325675878443,0.005275439703837037,0.01164434434543959,0.0060313696740195155,0.33513128757476807,0.20017363224178553
2896,2.5368796472505948e-05,5.238142080088437e-06,3.268217398044726e-06,2.4211782245764368e-08,1.311784035351593e-05,0.06521879695355892,0.009256525724069055,0.005275750998407602,0.011644253117119517,0.0060306485975161195,0.33512602746486664,0.20017241220921278
2897,2.525880416761239e-05,5.224026836003759e-06,3.2742973417043686e-06,2.4036630685841942e-08,1.3022944074236875e-05,0.06522519700229168,0.00925698004142572,0.0052758167730644345,0.011644925128156717,0.006031499709933996,0.33516471087932587,0.20019495394080877
2898,2.5149870485764145e-05,5.211768637991554e-06,3.2672223539975676e-06,2.397573939383335e-08,1.298995323395502e-05,0.06522670015692711,0.009257086838138431,0.005275721079669893,0.01164431591477267,0.0060315486043691635,0.33512965589761734,0.20017817802727222
2899,2.504199554642048e-05,5.220246066528489e-06,3.2683040842584887e-06,2.40459884226496e-08,1.3028013540861139e-05,0.06522242166101933,0.009256783048856661,0.005275507923215628,0.011644372463613323,0.006031248485669494,0.3351328894495964,0.20017765555530787
2900,2.4935179467879313e-05,5.240138790441051e-06,3.2671904790504414e-06,2.423779277282989e-08,1.3131931893894944e-05,0.06521804444491863,0.009256472273502287,0.005275425384752452,0.011644464784472973,0.006031594472005963,0.3351382091641426,0.20017812680453062
2901,2.482942236727764e-05,5.201807027788163e-06,3.251980686513889e-06,2.399633503014087e-08,1.3001111767607654e-05,0.06522108986973763,0.009256688628488224,0.005275356932543218,0.011644487278784732,0.006031516240909696,0.33513951301574707,0.20018030144274235
2902,2.4724724360591117e-05,5.18894299261774e-06,3.241711482360188e-06,2.3953432348733372e-08,1.2977868607322307e-05,0.06521758623421192,0.009256439849294838,0.005275531439110637,0.011644191100199326,0.006030939985066652,0.3351224586367607,0.20017002243548632
2903,2.4621085562633944e-05,5.235985156559764e-06,3.284847053919293e-06,2.406910248886618e-08,1.3040537112374295e-05,0.06522691994905472,0.009257102263136783,0.005275660310871899,0.011644460879206089,0.006031171651557088,0.3351379930973053,0.20018245652318
2904,2.451850608705875e-05,5.28400845212218e-06,3.310695831260091e-06,2.4321451630449076e-08,1.317725843819062e-05,0.06521982327103615,0.009256598333811473,0.005275264265947044,0.011644337315885546,0.00603162485640496,0.33513087034225464,0.2001753468066454
2905,2.4416986046356607e-05,5.273291279195291e-06,3.3085517401332254e-06,2.4238373752538678e-08,1.3132248994907059e-05,0.06522547826170921,0.009256999593077955,0.005275932373479009,0.01164587090783908,0.0060318936593830585,0.3352191597223282,0.2002223189920187
2906,2.4316525551856485e-05,5.227763352877446e-06,3.2805040177663614e-06,2.4025290090712303e-08,1.301680038068298e-05,0.06521839462220669,0.009256497033729676,0.005275261122733355,0.01164416876153003,0.0060316057642921805,0.33512116968631744,0.20016978215426207
2907,2.4217124713725792e-05,5.227369598514997e-06,3.2677492214361337e-06,2.411582400441148e-08,1.3065850680504809e-05,0.06522742658853531,0.009257138418446201,0.005275610135868192,0.011644707689498962,0.006031341385096312,0.33515218645334244,0.20018980652093887
2908,2.4118783640969717e-05,5.25158745290355e-06,3.2869281909597703e-06,2.419772571204959e-08,1.3110223676449095e-05,0.0652255117893219,0.009257002540559636,0.005276056588627398,0.011645074146271361,0.006032148841768503,0.33517327904701233,0.20019939541816711
2909,2.402150244143125e-05,5.252366889862969e-06,3.2841000745520432e-06,2.4225796146915002e-08,1.3125433724781033e-05,0.06522625684738159,0.009257055005576505,0.005275533185340464,0.01164453945292389,0.0060311147244647145,0.3351425230503082,0.2001843899488449
2910,2.3925281221791163e-05,5.283177586079546e-06,3.2967270016115435e-06,2.4416914490288377e-08,1.32289797534213e-05,0.06521166488528252,0.009256019503379682,0.0052750075701624155,0.011644902322281192,0.0060316461604088545,0.3351633995771408,0.20018753223121166
2911,2.3830120087567806e-05,5.238292686726709e-06,3.2791710253832207e-06,2.4132303710899805e-08,1.3074778735244763e-05,0.0652202945202589,0.009256632034756851,0.005275543429888785,0.011644615682982366,0.0060313764261081815,0.3351469114422798,0.20018360298126936
2912,2.3736019143117214e-05,5.199231182473341e-06,3.2562072647124296e-06,2.3941359228452086e-08,1.297132632771536e-05,0.0652236845344305,0.009256872555725645,0.005275590345263481,0.01164468050938126,0.006031311000697315,0.3351506143808365,0.2001871494576335
2913,2.364297849163234e-05,5.163677940345224e-06,3.238387463966319e-06,2.374481444800125e-08,1.2864839732174005e-05,0.06522009707987309,0.009256618279283762,0.00527542713098228,0.011644067377799992,0.006031002849340439,0.33511535823345184,0.20016772765666246
2914,2.355099823514372e-05,5.159419913525198e-06,3.224018925607197e-06,2.3811599469958367e-08,1.2901023296763015e-05,0.06522565893828869,0.009257012954987386,0.005275703500956297,0.011644882171847157,0.0060316972667351365,0.3351622447371483,0.2001939518377185
2915,2.3460078474519244e-05,5.166607238038523e-06,3.235523763578385e-06,2.379299129939838e-08,1.2890940467968903e-05,0.06522385962307453,0.009256885033562904,0.005275874747894704,0.011644868113384159,0.006031745346263051,0.3351614326238632,0.20019264612346888
2916,2.3370219309463305e-05,5.1850308580014826e-06,3.2540065149078146e-06,2.3826558059880654e-08,1.2909128201954445e-05,0.06521744839847088,0.009256430122010455,0.005275518051348627,0.011644331223601943,0.006031140219420195,0.335130512714386,0.20017398055642843
2917,2.3281420838517432e-05,5.180223482170732e-06,3.2563452805334236e-06,2.376492586053658e-08,1.2875735507122954e-05,0.0652240552008152,0.009256899083391026,0.005275994539260864,0.011644564602649983,0.006031450815498829,0.33514395356178284,0.20018400438129902
2918,2.3193683159060405e-05,5.147752233369829e-06,3.221454136337343e-06,2.3722858788488566e-08,1.2852944223595841e-05,0.06522301025688648,0.009256824903987647,0.005275732837617397,0.011644424638266924,0.006031230092048645,0.33513589948415756,0.20017945487052202
2919,2.3107006367306965e-05,5.146995079030603e-06,3.2164610104246094e-06,2.37527335578136e-08,1.286913067133355e-05,0.0652250349521637,0.009256968349714451,0.005275524803437293,0.011644975113481093,0.006031956756487489,0.3351675942540169,0.2001963146030903
2920,2.3021390558308993e-05,5.128747488925001e-06,3.2092893746948903e-06,2.3637282575705854e-08,1.2806579775315186e-05,0.06522319838404655,0.009256838167898119,0.0052757044322788715,0.011644372151189544,0.0060311907436698675,0.3351328745484352,0.20017803646624088
2921,2.293683582595487e-05,5.134888809266158e-06,3.232672938224823e-06,2.3521321390607142e-08,1.2743752051846968e-05,0.06522687152028084,0.00925709892269346,0.005275833420455456,0.011644695505316114,0.006031235330738127,0.33515147864818573,0.20018917508423328
2922,2.2853342262968932e-05,5.159540876320534e-06,3.244485043296663e-06,2.3661616666004193e-08,1.281976363998183e-05,0.06522429175674915,0.009256915687705857,0.005275469389744103,0.011644528205823837,0.00603131577372551,0.3351418524980545,0.20018307212740183
2923,2.2770909960912333e-05,5.173924790824458e-06,3.2339237066025817e-06,2.3872336385455384e-08,1.2933928985603416e-05,0.06522924453020096,0.009257267417081539,0.005276057752780616,0.01164466660688274,0.006031748955138028,0.3351498246192932,0.20018953457474709
2924,2.268953901018208e-05,5.15636807563169e-06,3.222198898811257e-06,2.3796871140291387e-08,1.2893044527118036e-05,0.0652262233197689,0.00925705294235112,0.005275713745504618,0.011645110853795139,0.006031825440004468,0.33517538756132126,0.20020080544054508
2925,2.260922950001146e-05,5.137768226859407e-06,3.2185970866294156e-06,2.3651811731362216e-08,1.2814452105658347e-05,0.06521807424724102,0.009256474533367058,0.005275334580801427,0.011643919752762523,0.006030735559761524,0.33510682731866837,0.2001624507829547
2926,2.2529981518469603e-05,5.135175427994909e-06,3.2174943527252253e-06,2.3636028911866447e-08,1.2805899615386807e-05,0.06522647850215435,0.009257071020119799,0.005276012700051069,0.011644912475587455,0.006031450000591576,0.33516398817300797,0.20019523333758116
2927,2.245179515246193e-05,5.1635987148301865e-06,3.2220574723851314e-06,2.3864647147320284e-08,1.2929763158808782e-05,0.06521840207278728,0.009256497623258092,0.005275479168631136,0.011644873424361064,0.00603163312189281,0.3351617529988289,0.2001900775358081
2928,2.237467048772895e-05,5.169793340087381e-06,3.2433364367534523e-06,2.3764712420160095e-08,1.2875620114982667e-05,0.0652198251336813,0.009256598628572461,0.005275690462440252,0.011644171417178275,0.006030931486748159,0.3351213186979294,0.20017057191580534
2929,2.2298607608847563e-05,5.176907279746956e-06,3.2426489866566044e-06,2.3835436180341674e-08,1.291394011104785e-05,0.06522084958851337,0.009256671434248792,0.0052755920914933085,0.01164382071015393,0.006031363969668746,0.3351011425256729,0.20016099605709314
2930,2.222360659923009e-05,5.173766055577289e-06,3.2368040763230965e-06,2.3849604513515033e-08,1.2921613574690127e-05,0.06522985361516476,0.009257310350729787,0.0052757320227101445,0.011645575545421893,0.006032018689438701,0.3352021649479866,0.20021600928157568
2931,2.214966754112415e-05,5.172991180302233e-06,3.2462648533737593e-06,2.3772605994842877e-08,1.2879895564310573e-05,0.06522280164062977,0.009256809871532806,0.005275731557048857,0.011644305136095084,0.006031120894476771,0.3351290076971054,0.2001759046688676
2932,2.207679051561323e-05,5.161347331750221e-06,3.218764163648302e-06,2.3868182874586807e-08,1.2931679464145418e-05,0.06523238308727741,0.009257489942871044,0.005276139941997826,0.011645065555132067,0.006031336262822151,0.33517279475927353,0.20020258892327547
2933,2.200497560261568e-05,5.139220746741557e-06,3.2214821459319865e-06,2.3643919266902458e-08,1.2810174865762747e-05,0.06522762030363083,0.009257151976650828,0.00527604203671217,0.011644800632525508,0.006031755940057337,0.3351575434207916,0.20019258186221123
2934,2.193422288088539e-05,5.137062572657669e-06,3.2142343684427033e-06,2.3677509730646307e-08,1.2828375076878729e-05,0.0652276985347271,0.009257157380277572,0.00527557113673538,0.01164477001608105,0.006031278055161238,0.33515579998493195,0.20019174925982952
2935,2.1864532428011547e-05,5.124515411125685e-06,3.2044431321764932e-06,2.3634006751649395e-08,1.2804803930066555e-05,0.06523001380264759,0.009257321747271166,0.005276119103655219,0.011644330598752164,0.006031528813764453,0.3351304903626442,0.2001802520826459
2936,2.179590432041812e-05,5.1321402594339816e-06,3.2058223382591677e-06,2.3694188944212158e-08,1.2837411588861869e-05,0.06522790156304836,0.009257171920930238,0.005276148673146963,0.011644928720859062,0.006031639990396798,0.3351649194955826,0.20019641052931547
2937,2.1728338633364384e-05,5.123079205304748e-06,3.2026536302964814e-06,2.3633961565572292e-08,1.2804780652686532e-05,0.06522832065820694,0.009257201591650638,0.005275761242955923,0.011644731432998141,0.006031187018379569,0.33515356481075287,0.2001909427344799
2938,2.1661835440944382e-05,5.107146719751654e-06,3.1869616066160233e-06,2.3602782395215627e-08,1.2787886646492552e-05,0.06522266566753387,0.009256800439391812,0.005275665665976703,0.01164453789082731,0.00603173254057765,0.33514242619276047,0.20018254593014717
2939,2.1596394816086828e-05,5.1021310980559065e-06,3.189649973478481e-06,2.3536645410437984e-08,1.2752055567943898e-05,0.06523088179528713,0.009257383445544701,0.005276209441944957,0.01164444557054727,0.006031183060258627,0.33513710647821426,0.2001839941367507
2940,2.1532016830555636e-05,5.105941568217531e-06,3.2072464932753064e-06,2.344190064285101e-08,1.2700721470082499e-05,0.06523242592811584,0.009257492791952432,0.005275927018374205,0.011644850930795222,0.006031401455402374,0.3351604491472244,0.20019643753767014
2941,2.1468701554949054e-05,5.084714786107725e-06,3.1911186937350067e-06,2.3365075763059906e-08,1.2659098558742699e-05,0.06523018889129162,0.0092573339297654,0.005275806994177401,0.011645115539853675,0.006031955708749592,0.33517567068338394,0.20020292978733778
2942,2.1406449058700003e-05,5.0633890822382455e-06,3.1653156469246824e-06,2.335877213877069e-08,1.2655682638751387e-05,0.06522652506828308,0.00925707436057319,0.005275817238725722,0.01164515115383693,0.006032061530277133,0.3351777121424675,0.2002021186053753
2943,2.1345259410075956e-05,5.1080764933431055e-06,3.178845418005949e-06,2.367128415503572e-08,1.2825000567318057e-05,0.06522775441408157,0.00925716140843364,0.005275792675092816,0.01164400785935927,0.006030726712197065,0.33511192351579666,0.20016983896493912
2944,2.128513267617905e-05,5.094542075312347e-06,3.172910339799273e-06,2.359019979358834e-08,1.2781068789990968e-05,0.06522958166897297,0.009257291290965438,0.005275781033560634,0.011644769078841686,0.006031663040630519,0.33515574783086777,0.20019266474992037
2945,2.122606892294544e-05,5.096816352079259e-06,3.1726747380389497e-06,2.361292350538946e-08,1.2793382097697759e-05,0.065230842679739,0.00925738059642966,0.005276111070998013,0.01164504649840046,0.006032248376868665,0.33517172932624817,0.20020128600299358
2946,2.1168068215145827e-05,5.105589906406749e-06,3.202766478693775e-06,2.3471728449742102e-08,1.2716882594077106e-05,0.06522784195840359,0.009257167499788263,0.0052759789396077394,0.011644191725056593,0.006031122524291277,0.3351225033402443,0.20017517264932394
2947,2.1111130616385053e-05,5.09500326018042e-06,3.181465217494406e-06,2.3531295245682315e-08,1.2749154990387979e-05,0.06523206830024719,0.00925746734667726,0.00527594331651926,0.011644965741249116,0.006032409379258752,0.3351670429110527,0.20019955560564995
2948,2.105525618910229e-05,5.105091176460519e-06,3.1911354057001518e-06,2.3552997774345386e-08,1.2760913648435235e-05,0.06522449851036072,0.00925693042523845,0.005275423754937947,0.011644719561254603,0.006031463039107621,0.33515287190675735,0.20018868520855904
2949,2.1000444994570725e-05,5.074599130239221e-06,3.1755009786138544e-06,2.3387024983279048e-08,1.267099113988479e-05,0.06522146239876747,0.009256714861923422,0.005275368341244757,0.011644655984737852,0.006031701457686722,0.33514921367168427,0.20018533803522587
2950,2.0946697092897355e-05,5.066014949761666e-06,3.1646072926605484e-06,2.338823468228668e-08,1.2671645492901007e-05,0.0652234572917223,0.009256856639089928,0.005275474628433585,0.011644771890559555,0.006031534052453935,0.3351558819413185,0.2001896696165204
2951,2.0894012543023403e-05,5.063214302936103e-06,3.173625088948029e-06,2.329581239024492e-08,1.2621570760984469e-05,0.06522825546562672,0.00925719667928628,0.005275527248159051,0.011645109916583206,0.006031745579093695,0.3351753428578377,0.2002017991617322
2952,2.0842391402724113e-05,5.033783082808441e-06,3.1574338521522805e-06,2.3143739924513795e-08,1.2539179238046927e-05,0.06522632203996181,0.009257059819767278,0.005275827250443399,0.011644521957430223,0.006031384808011353,0.33514150977134705,0.20018391590565443
2953,2.0791833728608204e-05,5.050404283224452e-06,3.158963508553825e-06,2.3285837147390964e-08,1.261616671399679e-05,0.06522768177092075,0.00925715610305699,0.005275806644931436,0.01164469284978739,0.006031411699950695,0.3351513370871544,0.20018950942903757
2954,2.0742339576118407e-05,5.06040223058335e-06,3.1598653436049062e-06,2.3371444113351458e-08,1.2662549352171482e-05,0.06522894278168678,0.009257245606318971,0.005276047973893583,0.011644573194158871,0.006031674798578024,0.335144467651844,0.2001867052167654
2955,2.0693908999531265e-05,5.043896365464207e-06,3.1527883379567356e-06,2.3271367666222176e-08,1.2608328347596398e-05,0.06522868573665619,0.009257227430644246,0.005275868345052004,0.011645503695155362,0.0060320571064949036,0.3351980075240135,0.20021334663033485
2956,2.0646542051956575e-05,5.029542336387749e-06,3.144994494164166e-06,2.3196441434336634e-08,1.256773322211302e-05,0.06522061116993427,0.009256654632989695,0.005275744711980224,0.01164442151404275,0.006031189812347293,0.33513570576906204,0.20017815846949816
2957,2.0600238785338263e-05,5.033834327150544e-06,3.157444993462377e-06,2.3144130667507312e-08,1.2539391036625602e-05,0.06523437798023224,0.00925763131519668,0.0052758968668058515,0.011644714406414824,0.006031768163666129,0.33515258878469467,0.20019348338246346
2958,2.0554999250453405e-05,5.008497453218297e-06,3.131653770083176e-06,2.3100719059865327e-08,1.251587170258972e-05,0.06523348391056061,0.009257567948437913,0.00527595728635788,0.011644442290117763,0.006031337077729404,0.33513691276311874,0.20018519833683968
2959,2.0510823496912668e-05,5.020606252514881e-06,3.152020084939977e-06,2.3062105669602317e-08,1.2494950482278e-05,0.06523425318300724,0.009257622571592197,0.005275968229398131,0.011644811254538449,0.006031573051586747,0.33515814691782,0.2001962000504136
2960,2.0467711573160298e-05,5.035255156826679e-06,3.1564208313739073e-06,2.3164803575337345e-08,1.2550592089155543e-05,0.06523090414702892,0.009257385017469866,0.005275855539366603,0.011645143031359108,0.00603207980748266,0.3351772427558899,0.2002040734514594
2961,2.042566352647381e-05,5.034139121562475e-06,3.14807250845206e-06,2.321613934430644e-08,1.257840494872653e-05,0.06522916257381439,0.009257261522285912,0.005276037729345262,0.011645152559649824,0.006032024277374148,0.33517779409885406,0.20020347833633423
2962,2.0384679402963874e-05,5.045278015813892e-06,3.1472528547737966e-06,2.3324987608042136e-08,1.2637378233648633e-05,0.0652283113449812,0.009257201296908851,0.005275914212688804,0.011645120225910327,0.006032168865203857,0.33517594635486603,0.2002021288499236
2963,2.0344759247574737e-05,5.0923884060694036e-06,3.174561470586923e-06,2.355813266685658e-08,1.2763695565354283e-05,0.06522947177290916,0.009257283529503765,0.005276029696688056,0.011644816721747216,0.006031669559888542,0.33515847474336624,0.2001939732581377
2964,2.0305903104083808e-05,5.116050829201413e-06,3.1906316451113526e-06,2.3657859060666198e-08,1.281772728134456e-05,0.06522858142852783,0.009257220062117297,0.005276113050058484,0.011645271272126391,0.006032498669810593,0.33518464118242264,0.20020661130547523
2965,2.0268111015101432e-05,5.077981001022636e-06,3.164745578487782e-06,2.3497645051939742e-08,1.273092215114957e-05,0.0652249176055193,0.009256960096732901,0.005275854142382741,0.011644799382876289,0.006031746743246913,0.33515747636556625,0.20019119698554277
2966,2.0231383022071325e-05,5.067753846788037e-06,3.1591589362278683e-06,2.3444504448910664e-08,1.2702133233233326e-05,0.06522709131240845,0.00925711464241623,0.005275866482406855,0.011645153496858325,0.006031919387169182,0.33517783880233765,0.20020246505737305
2967,2.0195719165270357e-05,5.039581310484209e-06,3.1395865676131507e-06,2.332901077872762e-08,1.2639560054594767e-05,0.0652324240654707,0.009257492791952432,0.005275705712847412,0.011645266429930627,0.006032367586158216,0.33518435060977936,0.20020838733762503
2968,2.0161119483808233e-05,5.023343433663285e-06,3.134031501872414e-06,2.3220171119220367e-08,1.2580590578181727e-05,0.06523176655173302,0.009257446125853747,0.005276057287119329,0.011644997138196547,0.006031960714608431,0.33516886830329895,0.20020031742751598
2969,2.0127584015627693e-05,5.044448229796217e-06,3.1579472477005766e-06,2.32383733367314e-08,1.2590452058702795e-05,0.0652380883693695,0.009257894700130324,0.00527612934820354,0.011644605841834837,0.006031842436641455,0.33514633029699326,0.20019220933318138
2970,2.009511279750454e-05,5.030608264178227e-06,3.152444421061773e-06,2.3151276673516463e-08,1.2543262954523016e-05,0.06522959843277931,0.00925729256816737,0.005275829811580479,0.011645505257122392,0.00603252206929028,0.3351981118321419,0.2002138551324606
2971,2.0063705865047498e-05,5.036361443444548e-06,3.157949677756733e-06,2.316372577082504e-08,1.2550008165135296e-05,0.06522775068879128,0.009257161506681325,0.005275802337564528,0.011644471345318392,0.006031569908373058,0.33513858169317245,0.20018316619098186
2972,2.003336325269803e-05,5.016578597860644e-06,3.1410055640890278e-06,2.3106254021243444e-08,1.2518870164512919e-05,0.06522948667407036,0.009257284315474863,0.00527591013815254,0.011645133503060597,0.006032218923792243,0.3351766988635063,0.20020309276878834
2973,2.0004084993730634e-05,5.023097060075088e-06,3.1438913765668985e-06,2.314510394452185e-08,1.2539919339360495e-05,0.06523270159959793,0.009257512539009674,0.005275949602946639,0.011644641457376953,0.006032122648321092,0.335148386657238,0.20019054412841797
2974,1.9975871120252434e-05,4.997105037318761e-06,3.1289065560713425e-06,2.3015866990050426e-08,1.2469898535982793e-05,0.06523468531668186,0.009257653321535464,0.005276336916722357,0.0116453404684459,0.0060323880752548575,0.3351886197924614,0.20021165255457163
2975,1.9948721663203377e-05,5.020009155032312e-06,3.1259503430192126e-06,2.3249064562413935e-08,1.2596244118867617e-05,0.06522947177290916,0.009257283234764586,0.005275794537737966,0.01164562006112549,0.006032341159880161,0.33520470559597015,0.20021708868443966
2976,1.992263665235624e-05,5.004620817317118e-06,3.1256942207846805e-06,2.3108941982208364e-08,1.2520326720277808e-05,0.0652269758284092,0.009257106389565105,0.00527570943813771,0.011644451350349394,0.006031515426002443,0.33513743430376053,0.20018220506608486
2977,1.9897616116316317e-05,4.972989501084157e-06,3.1069587578258506e-06,2.295535506124935e-08,1.2437112388852256e-05,0.06523338332772255,0.009257560973155795,0.005275948904454708,0.011645945254893002,0.006032326142303646,0.3352234214544296,0.2002284023910761
2978,1.9873660082521832e-05,4.991655004005224e-06,3.1276739633767647e-06,2.2974670166320266e-08,1.244757879703684e-05,0.0652284100651741,0.009257207977720406,0.005275801871903241,0.0116452222252762,0.006032016943208873,0.3351818099617958,0.20020511001348495
2979,1.985076857724352e-05,4.9891850437688845e-06,3.116356879218074e-06,2.303543000792274e-08,1.2480497844080674e-05,0.06523207202553749,0.00925746803438832,0.005276146926917136,0.011645712059707033,0.006032559438608587,0.33521001785993576,0.20022104494273663
2980,1.982894162558462e-05,4.9777053590105425e-06,3.1155670683347125e-06,2.2935317700589763e-08,1.242625791064711e-05,0.06522500328719616,0.009256966286469754,0.0052757528610527515,0.01164525830753321,0.00603178795427084,0.33518388867378235,0.20020444598048925
2981,1.9808179251481104e-05,4.993831083766054e-06,3.1208267188276295e-06,2.3045306440927504e-08,1.2485848202459238e-05,0.0652273241430521,0.009257131049848401,0.005275988136418164,0.011644440259375223,0.006031349068507552,0.335136778652668,0.20018205139786005
2982,1.9788481477701547e-05,4.98410641114333e-06,3.1225811483182042e-06,2.2942605648612613e-08,1.2430207078750755e-05,0.06523288413882256,0.009257525310715806,0.00527612934820354,0.011645659109848194,0.006032553501427174,0.3352069705724716,0.2002199273556471
2983,1.9769848325846825e-05,4.9922882539021884e-06,3.116842933081898e-06,2.3060478859804334e-08,1.2494068613477793e-05,0.065230717882514,0.009257371754342917,0.005275828531011939,0.011644129395379132,0.00603125081397593,0.3351189196109772,0.2001748187467456
2984,1.9752279816350534e-05,5.029243695275909e-06,3.1488115581623788e-06,2.316550390402128e-08,1.2550971689506696e-05,0.06523025035858154,0.009257338350827891,0.005275715375319123,0.011645320318770011,0.006032715435139835,0.3351874575018883,0.2002088539302349
2985,1.9735775968478668e-05,5.04573867488034e-06,3.153516928477984e-06,2.3282989647377406e-08,1.2614625234164123e-05,0.06523429602384567,0.009257625911846569,0.005275922594591975,0.011644699254296809,0.006031673634424806,0.33515170961618423,0.20019300282001495
2986,1.972033680032973e-05,5.01259941643184e-06,3.1307181416195817e-06,2.3145483474262818e-08,1.2540124487259163e-05,0.06523343734443188,0.00925756480464944,0.005275932024233043,0.011645309072424122,0.0060322892386466265,0.33518680930137634,0.2002101233229041
2987,1.970596232883484e-05,5.011676165622703e-06,3.1275721426027303e-06,2.3160189210891247e-08,1.2548091945063788e-05,0.06523344479501247,0.009257565295866459,0.005276051466353238,0.01164493668728205,0.006032086675986648,0.3351653665304184,0.20019940566271544
2988,1.9692652569757085e-05,5.007209367136056e-06,3.124773982676743e-06,2.313962305100503e-08,1.2536950350749976e-05,0.06523046642541885,0.009257353873652806,0.00527590059209615,0.01164525221573143,0.006032192031852901,0.3351835384964943,0.20020700246095657
2989,1.9680407537692386e-05,4.976977947990235e-06,3.114879902454959e-06,2.2933682120029886e-08,1.2425369504853734e-05,0.06523545272648335,0.009257707845944135,0.005276596872135997,0.011645262212532675,0.006031788652762771,0.33518411964178085,0.2002097861841321
2990,1.966922724606895e-05,4.98406322435585e-06,3.1266153257547558e-06,2.291242606755617e-08,1.241385425032604e-05,0.0652348380535841,0.00925766422644289,0.005275824922136962,0.011645241437920473,0.006031970493495464,0.33518292754888535,0.20020888280123472
2991,1.9659111707147285e-05,4.9609075887246945e-06,3.1024408571056483e-06,2.2877209238103546e-08,1.2394774046242674e-05,0.06523629650473595,0.009257767675060891,0.005276263342238963,0.011645429501480132,0.006032369798049331,0.3351937383413315,0.20021501742303371
2992,1.96500609320204e-05,4.966248184246069e-06,3.104587293023542e-06,2.2910646713114602e-08,1.2412891067015153e-05,0.06523590721189976,0.009257739872744381,0.005276152747683227,0.011645903551877087,0.006032627425156534,0.335221029818058,0.20022846851497889
2993,1.9642074930613485e-05,4.970667902171044e-06,3.1093399428527846e-06,2.2916346542611876e-08,1.2415979483648698e-05,0.0652328971773386,0.00925752629315401,0.005276367301121354,0.011645165836763229,0.0060319555923342705,0.33517857640981674,0.20020573679357767
2994,1.9635153711684136e-05,4.975338512736016e-06,3.1113981293628967e-06,2.2944256328205626e-08,1.2431099577270288e-05,0.06523444503545761,0.009257636030845109,0.005275922943837941,0.011644748771970245,0.006031503900885582,0.33515455573797226,0.20019450038671494
2995,1.9629297282822455e-05,5.019946001993958e-06,3.1535870164134394e-06,2.3044445240927303e-08,1.2485381319038424e-05,0.06523696891963482,0.009257815321946267,0.005276006762869656,0.01164509367156437,0.006032457225956023,0.33517442643642426,0.20020569767802954
2996,1.9624505650450622e-05,5.06326784943667e-06,3.1605799790668243e-06,2.3392610959405147e-08,1.2674018705638446e-05,0.06523066386580467,0.009257368119260362,0.005275752162560821,0.011644959180682243,0.006031917640939355,0.33516667783260345,0.20019867084920406
2997,1.9620778819823213e-05,5.027849852012878e-06,3.1475136381686752e-06,2.3162225248896107e-08,1.254919411053379e-05,0.06523020565509796,0.00925733540345313,0.005275952047668397,0.011645825299747588,0.006032466422766447,0.33521654456853867,0.2002233751118183
2998,1.9618116795027315e-05,5.005599305718533e-06,3.136752241061913e-06,2.3036334229065147e-08,1.2480987152230227e-05,0.06523938849568367,0.009257987241658917,0.0052764370338991284,0.011645533997278345,0.006032225443050265,0.3351997658610344,0.20021957717835903
2999,1.961651957898209e-05,4.975962582420834e-06,3.10879005382958e-06,2.2969269930506186e-08,1.2444652384147048e-05,0.06523915007710457,0.009257969853353101,0.005276317708194256,0.01164454663856546,0.006031192373484373,0.33514292538166046,0.20019103772938251
3000,1.9615987173439097e-05,4.970993430220005e-06,3.0904281373977938e-06,2.3058972287159918e-08,1.2493254075707227e-05,0.06523607112467289,0.009257751465239859,0.005276210838928819,0.011644964491617615,0.006032095174305141,0.3351669907569885,0.2002015309408307
